<?xml version="1.0" encoding="UTF-8"?>
<gpx version="1.1" creator="sync-strava">
  <trk>
    <name>Full Reservoir #MC</name>
    <trkseg>
      <trkpt lat="40.792922" lon="-73.973903">
        <ele>0</ele>
        <time>2026-05-22T14:44:25.000Z</time>
      </trkpt>
      <trkpt lat="40.792922" lon="-73.973903">
        <ele>0</ele>
        <time>2026-05-22T14:44:28.000Z</time>
      </trkpt>
      <trkpt lat="40.792918" lon="-73.97389">
        <ele>0</ele>
        <time>2026-05-22T14:44:29.000Z</time>
      </trkpt>
      <trkpt lat="40.792915" lon="-73.973877">
        <ele>0</ele>
        <time>2026-05-22T14:44:30.000Z</time>
      </trkpt>
      <trkpt lat="40.792912" lon="-73.973864">
        <ele>0</ele>
        <time>2026-05-22T14:44:31.000Z</time>
      </trkpt>
      <trkpt lat="40.792908" lon="-73.973851">
        <ele>0</ele>
        <time>2026-05-22T14:44:32.000Z</time>
      </trkpt>
      <trkpt lat="40.792905" lon="-73.973838">
        <ele>0</ele>
        <time>2026-05-22T14:44:33.000Z</time>
      </trkpt>
      <trkpt lat="40.792902" lon="-73.973826">
        <ele>0</ele>
        <time>2026-05-22T14:44:34.000Z</time>
      </trkpt>
      <trkpt lat="40.792899" lon="-73.973813">
        <ele>0</ele>
        <time>2026-05-22T14:44:35.000Z</time>
      </trkpt>
      <trkpt lat="40.792895" lon="-73.9738">
        <ele>0</ele>
        <time>2026-05-22T14:44:36.000Z</time>
      </trkpt>
      <trkpt lat="40.792892" lon="-73.973787">
        <ele>0</ele>
        <time>2026-05-22T14:44:37.000Z</time>
      </trkpt>
      <trkpt lat="40.792889" lon="-73.973774">
        <ele>0</ele>
        <time>2026-05-22T14:44:38.000Z</time>
      </trkpt>
      <trkpt lat="40.792886" lon="-73.973761">
        <ele>0</ele>
        <time>2026-05-22T14:44:39.000Z</time>
      </trkpt>
      <trkpt lat="40.792883" lon="-73.973748">
        <ele>0</ele>
        <time>2026-05-22T14:44:40.000Z</time>
      </trkpt>
      <trkpt lat="40.792879" lon="-73.973735">
        <ele>0</ele>
        <time>2026-05-22T14:44:41.000Z</time>
      </trkpt>
      <trkpt lat="40.792876" lon="-73.973722">
        <ele>0</ele>
        <time>2026-05-22T14:44:42.000Z</time>
      </trkpt>
      <trkpt lat="40.792873" lon="-73.973709">
        <ele>0</ele>
        <time>2026-05-22T14:44:43.000Z</time>
      </trkpt>
      <trkpt lat="40.79287" lon="-73.973696">
        <ele>0</ele>
        <time>2026-05-22T14:44:44.000Z</time>
      </trkpt>
      <trkpt lat="40.792866" lon="-73.973684">
        <ele>0</ele>
        <time>2026-05-22T14:44:45.000Z</time>
      </trkpt>
      <trkpt lat="40.792863" lon="-73.973671">
        <ele>0</ele>
        <time>2026-05-22T14:44:46.000Z</time>
      </trkpt>
      <trkpt lat="40.79286" lon="-73.973658">
        <ele>0</ele>
        <time>2026-05-22T14:44:47.000Z</time>
      </trkpt>
      <trkpt lat="40.792857" lon="-73.973645">
        <ele>0</ele>
        <time>2026-05-22T14:44:48.000Z</time>
      </trkpt>
      <trkpt lat="40.792854" lon="-73.973632">
        <ele>0</ele>
        <time>2026-05-22T14:44:49.000Z</time>
      </trkpt>
      <trkpt lat="40.792851" lon="-73.973619">
        <ele>0</ele>
        <time>2026-05-22T14:44:50.000Z</time>
      </trkpt>
      <trkpt lat="40.792848" lon="-73.973606">
        <ele>0</ele>
        <time>2026-05-22T14:44:51.000Z</time>
      </trkpt>
      <trkpt lat="40.792845" lon="-73.973593">
        <ele>0</ele>
        <time>2026-05-22T14:44:52.000Z</time>
      </trkpt>
      <trkpt lat="40.792843" lon="-73.97358">
        <ele>0</ele>
        <time>2026-05-22T14:44:53.000Z</time>
      </trkpt>
      <trkpt lat="40.79284" lon="-73.973567">
        <ele>0</ele>
        <time>2026-05-22T14:44:54.000Z</time>
      </trkpt>
      <trkpt lat="40.792837" lon="-73.973553">
        <ele>0</ele>
        <time>2026-05-22T14:44:55.000Z</time>
      </trkpt>
      <trkpt lat="40.792835" lon="-73.97354">
        <ele>0</ele>
        <time>2026-05-22T14:44:56.000Z</time>
      </trkpt>
      <trkpt lat="40.792832" lon="-73.973527">
        <ele>0</ele>
        <time>2026-05-22T14:44:57.000Z</time>
      </trkpt>
      <trkpt lat="40.79283" lon="-73.973513">
        <ele>0</ele>
        <time>2026-05-22T14:44:58.000Z</time>
      </trkpt>
      <trkpt lat="40.792828" lon="-73.973499">
        <ele>0</ele>
        <time>2026-05-22T14:44:59.000Z</time>
      </trkpt>
      <trkpt lat="40.792825" lon="-73.973486">
        <ele>0</ele>
        <time>2026-05-22T14:45:00.000Z</time>
      </trkpt>
      <trkpt lat="40.792823" lon="-73.973472">
        <ele>0</ele>
        <time>2026-05-22T14:45:01.000Z</time>
      </trkpt>
      <trkpt lat="40.792821" lon="-73.973458">
        <ele>0</ele>
        <time>2026-05-22T14:45:02.000Z</time>
      </trkpt>
      <trkpt lat="40.792819" lon="-73.973444">
        <ele>0</ele>
        <time>2026-05-22T14:45:03.000Z</time>
      </trkpt>
      <trkpt lat="40.792817" lon="-73.97343">
        <ele>0</ele>
        <time>2026-05-22T14:45:04.000Z</time>
      </trkpt>
      <trkpt lat="40.792815" lon="-73.973416">
        <ele>0</ele>
        <time>2026-05-22T14:45:05.000Z</time>
      </trkpt>
      <trkpt lat="40.792813" lon="-73.973401">
        <ele>0</ele>
        <time>2026-05-22T14:45:06.000Z</time>
      </trkpt>
      <trkpt lat="40.79281" lon="-73.973387">
        <ele>0</ele>
        <time>2026-05-22T14:45:07.000Z</time>
      </trkpt>
      <trkpt lat="40.792808" lon="-73.973373">
        <ele>0</ele>
        <time>2026-05-22T14:45:08.000Z</time>
      </trkpt>
      <trkpt lat="40.792806" lon="-73.973358">
        <ele>0</ele>
        <time>2026-05-22T14:45:09.000Z</time>
      </trkpt>
      <trkpt lat="40.792804" lon="-73.973344">
        <ele>0</ele>
        <time>2026-05-22T14:45:10.000Z</time>
      </trkpt>
      <trkpt lat="40.792801" lon="-73.973329">
        <ele>0</ele>
        <time>2026-05-22T14:45:11.000Z</time>
      </trkpt>
      <trkpt lat="40.792798" lon="-73.973315">
        <ele>0</ele>
        <time>2026-05-22T14:45:12.000Z</time>
      </trkpt>
      <trkpt lat="40.792795" lon="-73.9733">
        <ele>0</ele>
        <time>2026-05-22T14:45:13.000Z</time>
      </trkpt>
      <trkpt lat="40.792792" lon="-73.973286">
        <ele>0</ele>
        <time>2026-05-22T14:45:14.000Z</time>
      </trkpt>
      <trkpt lat="40.792788" lon="-73.973272">
        <ele>0</ele>
        <time>2026-05-22T14:45:15.000Z</time>
      </trkpt>
      <trkpt lat="40.792785" lon="-73.973257">
        <ele>0</ele>
        <time>2026-05-22T14:45:16.000Z</time>
      </trkpt>
      <trkpt lat="40.79278" lon="-73.973243">
        <ele>0</ele>
        <time>2026-05-22T14:45:17.000Z</time>
      </trkpt>
      <trkpt lat="40.792775" lon="-73.973229">
        <ele>0</ele>
        <time>2026-05-22T14:45:18.000Z</time>
      </trkpt>
      <trkpt lat="40.79277" lon="-73.973216">
        <ele>0</ele>
        <time>2026-05-22T14:45:19.000Z</time>
      </trkpt>
      <trkpt lat="40.792765" lon="-73.973203">
        <ele>0</ele>
        <time>2026-05-22T14:45:20.000Z</time>
      </trkpt>
      <trkpt lat="40.79276" lon="-73.973191">
        <ele>0</ele>
        <time>2026-05-22T14:45:21.000Z</time>
      </trkpt>
      <trkpt lat="40.792756" lon="-73.97318">
        <ele>0</ele>
        <time>2026-05-22T14:45:22.000Z</time>
      </trkpt>
      <trkpt lat="40.792752" lon="-73.973171">
        <ele>0</ele>
        <time>2026-05-22T14:45:23.000Z</time>
      </trkpt>
      <trkpt lat="40.792749" lon="-73.973163">
        <ele>0</ele>
        <time>2026-05-22T14:45:24.000Z</time>
      </trkpt>
      <trkpt lat="40.792746" lon="-73.973155">
        <ele>0</ele>
        <time>2026-05-22T14:45:25.000Z</time>
      </trkpt>
      <trkpt lat="40.792744" lon="-73.973149">
        <ele>0</ele>
        <time>2026-05-22T14:45:26.000Z</time>
      </trkpt>
      <trkpt lat="40.792742" lon="-73.973143">
        <ele>0</ele>
        <time>2026-05-22T14:45:27.000Z</time>
      </trkpt>
      <trkpt lat="40.79274" lon="-73.973138">
        <ele>0</ele>
        <time>2026-05-22T14:45:28.000Z</time>
      </trkpt>
      <trkpt lat="40.792739" lon="-73.973135">
        <ele>0</ele>
        <time>2026-05-22T14:45:29.000Z</time>
      </trkpt>
      <trkpt lat="40.792739" lon="-73.973133">
        <ele>0</ele>
        <time>2026-05-22T14:45:30.000Z</time>
      </trkpt>
      <trkpt lat="40.792739" lon="-73.973132">
        <ele>0</ele>
        <time>2026-05-22T14:45:31.000Z</time>
      </trkpt>
      <trkpt lat="40.792739" lon="-73.973131">
        <ele>0</ele>
        <time>2026-05-22T14:45:32.000Z</time>
      </trkpt>
      <trkpt lat="40.792739" lon="-73.973131">
        <ele>0</ele>
        <time>2026-05-22T14:45:33.000Z</time>
      </trkpt>
      <trkpt lat="40.792739" lon="-73.973131">
        <ele>0</ele>
        <time>2026-05-22T14:45:34.000Z</time>
      </trkpt>
      <trkpt lat="40.79274" lon="-73.97313">
        <ele>0</ele>
        <time>2026-05-22T14:45:35.000Z</time>
      </trkpt>
      <trkpt lat="40.79274" lon="-73.97313">
        <ele>0</ele>
        <time>2026-05-22T14:45:36.000Z</time>
      </trkpt>
      <trkpt lat="40.792741" lon="-73.97313">
        <ele>0</ele>
        <time>2026-05-22T14:45:37.000Z</time>
      </trkpt>
      <trkpt lat="40.792741" lon="-73.97313">
        <ele>0</ele>
        <time>2026-05-22T14:45:38.000Z</time>
      </trkpt>
      <trkpt lat="40.792741" lon="-73.973129">
        <ele>0</ele>
        <time>2026-05-22T14:45:39.000Z</time>
      </trkpt>
      <trkpt lat="40.792741" lon="-73.973129">
        <ele>0</ele>
        <time>2026-05-22T14:45:40.000Z</time>
      </trkpt>
      <trkpt lat="40.792741" lon="-73.973128">
        <ele>0</ele>
        <time>2026-05-22T14:45:41.000Z</time>
      </trkpt>
      <trkpt lat="40.79274" lon="-73.973127">
        <ele>0</ele>
        <time>2026-05-22T14:45:42.000Z</time>
      </trkpt>
      <trkpt lat="40.792739" lon="-73.973124">
        <ele>0</ele>
        <time>2026-05-22T14:45:43.000Z</time>
      </trkpt>
      <trkpt lat="40.792738" lon="-73.973121">
        <ele>0</ele>
        <time>2026-05-22T14:45:44.000Z</time>
      </trkpt>
      <trkpt lat="40.792737" lon="-73.973118">
        <ele>0</ele>
        <time>2026-05-22T14:45:45.000Z</time>
      </trkpt>
      <trkpt lat="40.792737" lon="-73.973117">
        <ele>0</ele>
        <time>2026-05-22T14:45:46.000Z</time>
      </trkpt>
      <trkpt lat="40.792736" lon="-73.973116">
        <ele>0</ele>
        <time>2026-05-22T14:45:47.000Z</time>
      </trkpt>
      <trkpt lat="40.792736" lon="-73.973115">
        <ele>0</ele>
        <time>2026-05-22T14:45:48.000Z</time>
      </trkpt>
      <trkpt lat="40.792737" lon="-73.973115">
        <ele>0</ele>
        <time>2026-05-22T14:45:49.000Z</time>
      </trkpt>
      <trkpt lat="40.792737" lon="-73.973115">
        <ele>0</ele>
        <time>2026-05-22T14:45:50.000Z</time>
      </trkpt>
      <trkpt lat="40.792737" lon="-73.973115">
        <ele>0</ele>
        <time>2026-05-22T14:45:51.000Z</time>
      </trkpt>
      <trkpt lat="40.792737" lon="-73.973115">
        <ele>0</ele>
        <time>2026-05-22T14:45:52.000Z</time>
      </trkpt>
      <trkpt lat="40.792737" lon="-73.973115">
        <ele>0</ele>
        <time>2026-05-22T14:45:53.000Z</time>
      </trkpt>
      <trkpt lat="40.792738" lon="-73.973115">
        <ele>0</ele>
        <time>2026-05-22T14:45:54.000Z</time>
      </trkpt>
      <trkpt lat="40.792738" lon="-73.973115">
        <ele>0</ele>
        <time>2026-05-22T14:45:55.000Z</time>
      </trkpt>
      <trkpt lat="40.792738" lon="-73.973115">
        <ele>0</ele>
        <time>2026-05-22T14:45:56.000Z</time>
      </trkpt>
      <trkpt lat="40.792739" lon="-73.973115">
        <ele>0</ele>
        <time>2026-05-22T14:45:57.000Z</time>
      </trkpt>
      <trkpt lat="40.792739" lon="-73.973116">
        <ele>0</ele>
        <time>2026-05-22T14:45:58.000Z</time>
      </trkpt>
      <trkpt lat="40.792739" lon="-73.973116">
        <ele>0</ele>
        <time>2026-05-22T14:45:59.000Z</time>
      </trkpt>
      <trkpt lat="40.792739" lon="-73.973116">
        <ele>0</ele>
        <time>2026-05-22T14:46:00.000Z</time>
      </trkpt>
      <trkpt lat="40.79274" lon="-73.973116">
        <ele>0</ele>
        <time>2026-05-22T14:46:01.000Z</time>
      </trkpt>
      <trkpt lat="40.79274" lon="-73.973116">
        <ele>0</ele>
        <time>2026-05-22T14:46:02.000Z</time>
      </trkpt>
      <trkpt lat="40.79274" lon="-73.973116">
        <ele>0</ele>
        <time>2026-05-22T14:46:03.000Z</time>
      </trkpt>
      <trkpt lat="40.79274" lon="-73.973115">
        <ele>0</ele>
        <time>2026-05-22T14:46:04.000Z</time>
      </trkpt>
      <trkpt lat="40.79274" lon="-73.973114">
        <ele>0</ele>
        <time>2026-05-22T14:46:05.000Z</time>
      </trkpt>
      <trkpt lat="40.792739" lon="-73.973112">
        <ele>0</ele>
        <time>2026-05-22T14:46:06.000Z</time>
      </trkpt>
      <trkpt lat="40.792737" lon="-73.973107">
        <ele>0</ele>
        <time>2026-05-22T14:46:07.000Z</time>
      </trkpt>
      <trkpt lat="40.792734" lon="-73.9731">
        <ele>0</ele>
        <time>2026-05-22T14:46:08.000Z</time>
      </trkpt>
      <trkpt lat="40.79273" lon="-73.973091">
        <ele>0</ele>
        <time>2026-05-22T14:46:09.000Z</time>
      </trkpt>
      <trkpt lat="40.792726" lon="-73.97308">
        <ele>0</ele>
        <time>2026-05-22T14:46:10.000Z</time>
      </trkpt>
      <trkpt lat="40.792721" lon="-73.973069">
        <ele>0</ele>
        <time>2026-05-22T14:46:11.000Z</time>
      </trkpt>
      <trkpt lat="40.792716" lon="-73.973057">
        <ele>0</ele>
        <time>2026-05-22T14:46:12.000Z</time>
      </trkpt>
      <trkpt lat="40.792711" lon="-73.973045">
        <ele>0</ele>
        <time>2026-05-22T14:46:13.000Z</time>
      </trkpt>
      <trkpt lat="40.792706" lon="-73.973033">
        <ele>0</ele>
        <time>2026-05-22T14:46:14.000Z</time>
      </trkpt>
      <trkpt lat="40.792701" lon="-73.97302">
        <ele>0</ele>
        <time>2026-05-22T14:46:15.000Z</time>
      </trkpt>
      <trkpt lat="40.792696" lon="-73.973008">
        <ele>0</ele>
        <time>2026-05-22T14:46:16.000Z</time>
      </trkpt>
      <trkpt lat="40.79269" lon="-73.972995">
        <ele>0</ele>
        <time>2026-05-22T14:46:17.000Z</time>
      </trkpt>
      <trkpt lat="40.792685" lon="-73.972983">
        <ele>0</ele>
        <time>2026-05-22T14:46:18.000Z</time>
      </trkpt>
      <trkpt lat="40.79268" lon="-73.972971">
        <ele>0</ele>
        <time>2026-05-22T14:46:19.000Z</time>
      </trkpt>
      <trkpt lat="40.792675" lon="-73.972959">
        <ele>0</ele>
        <time>2026-05-22T14:46:20.000Z</time>
      </trkpt>
      <trkpt lat="40.79267" lon="-73.972947">
        <ele>0</ele>
        <time>2026-05-22T14:46:22.000Z</time>
      </trkpt>
      <trkpt lat="40.792666" lon="-73.972936">
        <ele>0</ele>
        <time>2026-05-22T14:46:23.000Z</time>
      </trkpt>
      <trkpt lat="40.792662" lon="-73.972924">
        <ele>0</ele>
        <time>2026-05-22T14:46:24.000Z</time>
      </trkpt>
      <trkpt lat="40.79266" lon="-73.972913">
        <ele>0</ele>
        <time>2026-05-22T14:46:25.000Z</time>
      </trkpt>
      <trkpt lat="40.792659" lon="-73.972901">
        <ele>0</ele>
        <time>2026-05-22T14:46:26.000Z</time>
      </trkpt>
      <trkpt lat="40.792658" lon="-73.972888">
        <ele>0</ele>
        <time>2026-05-22T14:46:27.000Z</time>
      </trkpt>
      <trkpt lat="40.792656" lon="-73.972876">
        <ele>0</ele>
        <time>2026-05-22T14:46:28.000Z</time>
      </trkpt>
      <trkpt lat="40.792652" lon="-73.972865">
        <ele>0</ele>
        <time>2026-05-22T14:46:29.000Z</time>
      </trkpt>
      <trkpt lat="40.792647" lon="-73.972853">
        <ele>0</ele>
        <time>2026-05-22T14:46:30.000Z</time>
      </trkpt>
      <trkpt lat="40.792643" lon="-73.972841">
        <ele>0</ele>
        <time>2026-05-22T14:46:31.000Z</time>
      </trkpt>
      <trkpt lat="40.792638" lon="-73.972829">
        <ele>0</ele>
        <time>2026-05-22T14:46:32.000Z</time>
      </trkpt>
      <trkpt lat="40.792633" lon="-73.972818">
        <ele>0</ele>
        <time>2026-05-22T14:46:33.000Z</time>
      </trkpt>
      <trkpt lat="40.792628" lon="-73.972806">
        <ele>0</ele>
        <time>2026-05-22T14:46:34.000Z</time>
      </trkpt>
      <trkpt lat="40.792623" lon="-73.972794">
        <ele>0</ele>
        <time>2026-05-22T14:46:35.000Z</time>
      </trkpt>
      <trkpt lat="40.792617" lon="-73.972782">
        <ele>0</ele>
        <time>2026-05-22T14:46:36.000Z</time>
      </trkpt>
      <trkpt lat="40.792612" lon="-73.97277">
        <ele>0</ele>
        <time>2026-05-22T14:46:37.000Z</time>
      </trkpt>
      <trkpt lat="40.792607" lon="-73.972758">
        <ele>0</ele>
        <time>2026-05-22T14:46:38.000Z</time>
      </trkpt>
      <trkpt lat="40.792602" lon="-73.972746">
        <ele>0</ele>
        <time>2026-05-22T14:46:39.000Z</time>
      </trkpt>
      <trkpt lat="40.792597" lon="-73.972734">
        <ele>0</ele>
        <time>2026-05-22T14:46:40.000Z</time>
      </trkpt>
      <trkpt lat="40.792592" lon="-73.972722">
        <ele>0</ele>
        <time>2026-05-22T14:46:41.000Z</time>
      </trkpt>
      <trkpt lat="40.792587" lon="-73.97271">
        <ele>0</ele>
        <time>2026-05-22T14:46:42.000Z</time>
      </trkpt>
      <trkpt lat="40.792582" lon="-73.972698">
        <ele>0</ele>
        <time>2026-05-22T14:46:43.000Z</time>
      </trkpt>
      <trkpt lat="40.792577" lon="-73.972687">
        <ele>0</ele>
        <time>2026-05-22T14:46:44.000Z</time>
      </trkpt>
      <trkpt lat="40.792572" lon="-73.972675">
        <ele>0</ele>
        <time>2026-05-22T14:46:45.000Z</time>
      </trkpt>
      <trkpt lat="40.792567" lon="-73.972663">
        <ele>0</ele>
        <time>2026-05-22T14:46:46.000Z</time>
      </trkpt>
      <trkpt lat="40.792562" lon="-73.972651">
        <ele>0</ele>
        <time>2026-05-22T14:46:47.000Z</time>
      </trkpt>
      <trkpt lat="40.792557" lon="-73.972639">
        <ele>0</ele>
        <time>2026-05-22T14:46:48.000Z</time>
      </trkpt>
      <trkpt lat="40.792552" lon="-73.972627">
        <ele>0</ele>
        <time>2026-05-22T14:46:49.000Z</time>
      </trkpt>
      <trkpt lat="40.792547" lon="-73.972615">
        <ele>0</ele>
        <time>2026-05-22T14:46:50.000Z</time>
      </trkpt>
      <trkpt lat="40.792541" lon="-73.972603">
        <ele>0</ele>
        <time>2026-05-22T14:46:51.000Z</time>
      </trkpt>
      <trkpt lat="40.792536" lon="-73.97259">
        <ele>0</ele>
        <time>2026-05-22T14:46:52.000Z</time>
      </trkpt>
      <trkpt lat="40.792531" lon="-73.972578">
        <ele>0</ele>
        <time>2026-05-22T14:46:53.000Z</time>
      </trkpt>
      <trkpt lat="40.792526" lon="-73.972566">
        <ele>0</ele>
        <time>2026-05-22T14:46:54.000Z</time>
      </trkpt>
      <trkpt lat="40.792521" lon="-73.972554">
        <ele>0</ele>
        <time>2026-05-22T14:46:55.000Z</time>
      </trkpt>
      <trkpt lat="40.792516" lon="-73.972542">
        <ele>0</ele>
        <time>2026-05-22T14:46:56.000Z</time>
      </trkpt>
      <trkpt lat="40.792511" lon="-73.97253">
        <ele>0</ele>
        <time>2026-05-22T14:46:57.000Z</time>
      </trkpt>
      <trkpt lat="40.792506" lon="-73.972519">
        <ele>0</ele>
        <time>2026-05-22T14:46:58.000Z</time>
      </trkpt>
      <trkpt lat="40.792501" lon="-73.972507">
        <ele>0</ele>
        <time>2026-05-22T14:46:59.000Z</time>
      </trkpt>
      <trkpt lat="40.792496" lon="-73.972495">
        <ele>0</ele>
        <time>2026-05-22T14:47:00.000Z</time>
      </trkpt>
      <trkpt lat="40.792491" lon="-73.972484">
        <ele>0</ele>
        <time>2026-05-22T14:47:01.000Z</time>
      </trkpt>
      <trkpt lat="40.792486" lon="-73.972472">
        <ele>0</ele>
        <time>2026-05-22T14:47:02.000Z</time>
      </trkpt>
      <trkpt lat="40.792481" lon="-73.97246">
        <ele>0</ele>
        <time>2026-05-22T14:47:03.000Z</time>
      </trkpt>
      <trkpt lat="40.792476" lon="-73.972448">
        <ele>0</ele>
        <time>2026-05-22T14:47:04.000Z</time>
      </trkpt>
      <trkpt lat="40.792471" lon="-73.972437">
        <ele>0</ele>
        <time>2026-05-22T14:47:05.000Z</time>
      </trkpt>
      <trkpt lat="40.792466" lon="-73.972425">
        <ele>0</ele>
        <time>2026-05-22T14:47:06.000Z</time>
      </trkpt>
      <trkpt lat="40.792461" lon="-73.972413">
        <ele>0</ele>
        <time>2026-05-22T14:47:07.000Z</time>
      </trkpt>
      <trkpt lat="40.792456" lon="-73.972402">
        <ele>0</ele>
        <time>2026-05-22T14:47:08.000Z</time>
      </trkpt>
      <trkpt lat="40.792451" lon="-73.97239">
        <ele>0</ele>
        <time>2026-05-22T14:47:09.000Z</time>
      </trkpt>
      <trkpt lat="40.792446" lon="-73.972378">
        <ele>0</ele>
        <time>2026-05-22T14:47:10.000Z</time>
      </trkpt>
      <trkpt lat="40.792441" lon="-73.972366">
        <ele>0</ele>
        <time>2026-05-22T14:47:11.000Z</time>
      </trkpt>
      <trkpt lat="40.792436" lon="-73.972355">
        <ele>0</ele>
        <time>2026-05-22T14:47:12.000Z</time>
      </trkpt>
      <trkpt lat="40.792432" lon="-73.972343">
        <ele>0</ele>
        <time>2026-05-22T14:47:13.000Z</time>
      </trkpt>
      <trkpt lat="40.792427" lon="-73.972331">
        <ele>0</ele>
        <time>2026-05-22T14:47:14.000Z</time>
      </trkpt>
      <trkpt lat="40.792422" lon="-73.97232">
        <ele>0</ele>
        <time>2026-05-22T14:47:15.000Z</time>
      </trkpt>
      <trkpt lat="40.792417" lon="-73.972308">
        <ele>0</ele>
        <time>2026-05-22T14:47:16.000Z</time>
      </trkpt>
      <trkpt lat="40.792412" lon="-73.972296">
        <ele>0</ele>
        <time>2026-05-22T14:47:17.000Z</time>
      </trkpt>
      <trkpt lat="40.792407" lon="-73.972285">
        <ele>0</ele>
        <time>2026-05-22T14:47:18.000Z</time>
      </trkpt>
      <trkpt lat="40.792402" lon="-73.972273">
        <ele>0</ele>
        <time>2026-05-22T14:47:19.000Z</time>
      </trkpt>
      <trkpt lat="40.792397" lon="-73.972262">
        <ele>0</ele>
        <time>2026-05-22T14:47:20.000Z</time>
      </trkpt>
      <trkpt lat="40.792393" lon="-73.972251">
        <ele>0</ele>
        <time>2026-05-22T14:47:21.000Z</time>
      </trkpt>
      <trkpt lat="40.792388" lon="-73.972239">
        <ele>0</ele>
        <time>2026-05-22T14:47:22.000Z</time>
      </trkpt>
      <trkpt lat="40.792382" lon="-73.972226">
        <ele>0</ele>
        <time>2026-05-22T14:47:23.000Z</time>
      </trkpt>
      <trkpt lat="40.792377" lon="-73.972214">
        <ele>0</ele>
        <time>2026-05-22T14:47:24.000Z</time>
      </trkpt>
      <trkpt lat="40.792372" lon="-73.972201">
        <ele>0</ele>
        <time>2026-05-22T14:47:25.000Z</time>
      </trkpt>
      <trkpt lat="40.792366" lon="-73.972188">
        <ele>0</ele>
        <time>2026-05-22T14:47:26.000Z</time>
      </trkpt>
      <trkpt lat="40.792361" lon="-73.972176">
        <ele>0</ele>
        <time>2026-05-22T14:47:27.000Z</time>
      </trkpt>
      <trkpt lat="40.792356" lon="-73.972163">
        <ele>0</ele>
        <time>2026-05-22T14:47:28.000Z</time>
      </trkpt>
      <trkpt lat="40.79235" lon="-73.97215">
        <ele>0</ele>
        <time>2026-05-22T14:47:29.000Z</time>
      </trkpt>
      <trkpt lat="40.792345" lon="-73.972137">
        <ele>0</ele>
        <time>2026-05-22T14:47:30.000Z</time>
      </trkpt>
      <trkpt lat="40.792336" lon="-73.972116">
        <ele>0</ele>
        <time>2026-05-22T14:47:31.000Z</time>
      </trkpt>
      <trkpt lat="40.792333" lon="-73.972106">
        <ele>0</ele>
        <time>2026-05-22T14:47:32.000Z</time>
      </trkpt>
      <trkpt lat="40.792329" lon="-73.972097">
        <ele>0</ele>
        <time>2026-05-22T14:47:33.000Z</time>
      </trkpt>
      <trkpt lat="40.792325" lon="-73.972087">
        <ele>0</ele>
        <time>2026-05-22T14:47:34.000Z</time>
      </trkpt>
      <trkpt lat="40.792322" lon="-73.972078">
        <ele>0</ele>
        <time>2026-05-22T14:47:35.000Z</time>
      </trkpt>
      <trkpt lat="40.792318" lon="-73.972068">
        <ele>0</ele>
        <time>2026-05-22T14:47:36.000Z</time>
      </trkpt>
      <trkpt lat="40.792314" lon="-73.972059">
        <ele>0</ele>
        <time>2026-05-22T14:47:37.000Z</time>
      </trkpt>
      <trkpt lat="40.792311" lon="-73.972049">
        <ele>0</ele>
        <time>2026-05-22T14:47:38.000Z</time>
      </trkpt>
      <trkpt lat="40.792307" lon="-73.97204">
        <ele>0</ele>
        <time>2026-05-22T14:47:39.000Z</time>
      </trkpt>
      <trkpt lat="40.792303" lon="-73.97203">
        <ele>0</ele>
        <time>2026-05-22T14:47:40.000Z</time>
      </trkpt>
      <trkpt lat="40.7923" lon="-73.972021">
        <ele>0</ele>
        <time>2026-05-22T14:47:41.000Z</time>
      </trkpt>
      <trkpt lat="40.792296" lon="-73.972011">
        <ele>0</ele>
        <time>2026-05-22T14:47:42.000Z</time>
      </trkpt>
      <trkpt lat="40.792292" lon="-73.972002">
        <ele>0</ele>
        <time>2026-05-22T14:47:43.000Z</time>
      </trkpt>
      <trkpt lat="40.792288" lon="-73.971993">
        <ele>0</ele>
        <time>2026-05-22T14:47:44.000Z</time>
      </trkpt>
      <trkpt lat="40.792285" lon="-73.971983">
        <ele>0</ele>
        <time>2026-05-22T14:47:45.000Z</time>
      </trkpt>
      <trkpt lat="40.792281" lon="-73.971974">
        <ele>0</ele>
        <time>2026-05-22T14:47:46.000Z</time>
      </trkpt>
      <trkpt lat="40.792277" lon="-73.971964">
        <ele>0</ele>
        <time>2026-05-22T14:47:47.000Z</time>
      </trkpt>
      <trkpt lat="40.792274" lon="-73.971955">
        <ele>0</ele>
        <time>2026-05-22T14:47:48.000Z</time>
      </trkpt>
      <trkpt lat="40.79227" lon="-73.971945">
        <ele>0</ele>
        <time>2026-05-22T14:47:49.000Z</time>
      </trkpt>
      <trkpt lat="40.792266" lon="-73.971936">
        <ele>0</ele>
        <time>2026-05-22T14:47:50.000Z</time>
      </trkpt>
      <trkpt lat="40.792263" lon="-73.971926">
        <ele>0</ele>
        <time>2026-05-22T14:47:51.000Z</time>
      </trkpt>
      <trkpt lat="40.792259" lon="-73.971917">
        <ele>0</ele>
        <time>2026-05-22T14:47:52.000Z</time>
      </trkpt>
      <trkpt lat="40.792255" lon="-73.971907">
        <ele>0</ele>
        <time>2026-05-22T14:47:53.000Z</time>
      </trkpt>
      <trkpt lat="40.792252" lon="-73.971898">
        <ele>0</ele>
        <time>2026-05-22T14:47:54.000Z</time>
      </trkpt>
      <trkpt lat="40.792248" lon="-73.971889">
        <ele>0</ele>
        <time>2026-05-22T14:47:55.000Z</time>
      </trkpt>
      <trkpt lat="40.792245" lon="-73.97188">
        <ele>0</ele>
        <time>2026-05-22T14:47:56.000Z</time>
      </trkpt>
      <trkpt lat="40.792242" lon="-73.971873">
        <ele>0</ele>
        <time>2026-05-22T14:47:57.000Z</time>
      </trkpt>
      <trkpt lat="40.792239" lon="-73.971865">
        <ele>0</ele>
        <time>2026-05-22T14:47:58.000Z</time>
      </trkpt>
      <trkpt lat="40.792236" lon="-73.971858">
        <ele>0</ele>
        <time>2026-05-22T14:47:59.000Z</time>
      </trkpt>
      <trkpt lat="40.792233" lon="-73.971851">
        <ele>0</ele>
        <time>2026-05-22T14:48:00.000Z</time>
      </trkpt>
      <trkpt lat="40.79223" lon="-73.971844">
        <ele>0</ele>
        <time>2026-05-22T14:48:01.000Z</time>
      </trkpt>
      <trkpt lat="40.792227" lon="-73.971837">
        <ele>0</ele>
        <time>2026-05-22T14:48:02.000Z</time>
      </trkpt>
      <trkpt lat="40.792224" lon="-73.971829">
        <ele>0</ele>
        <time>2026-05-22T14:48:03.000Z</time>
      </trkpt>
      <trkpt lat="40.792221" lon="-73.971822">
        <ele>0</ele>
        <time>2026-05-22T14:48:04.000Z</time>
      </trkpt>
      <trkpt lat="40.792218" lon="-73.971815">
        <ele>0</ele>
        <time>2026-05-22T14:48:05.000Z</time>
      </trkpt>
      <trkpt lat="40.792215" lon="-73.971808">
        <ele>0</ele>
        <time>2026-05-22T14:48:06.000Z</time>
      </trkpt>
      <trkpt lat="40.792212" lon="-73.9718">
        <ele>0</ele>
        <time>2026-05-22T14:48:07.000Z</time>
      </trkpt>
      <trkpt lat="40.792209" lon="-73.971793">
        <ele>0</ele>
        <time>2026-05-22T14:48:08.000Z</time>
      </trkpt>
      <trkpt lat="40.792206" lon="-73.971786">
        <ele>0</ele>
        <time>2026-05-22T14:48:09.000Z</time>
      </trkpt>
      <trkpt lat="40.792203" lon="-73.971779">
        <ele>0</ele>
        <time>2026-05-22T14:48:10.000Z</time>
      </trkpt>
      <trkpt lat="40.7922" lon="-73.971772">
        <ele>0</ele>
        <time>2026-05-22T14:48:11.000Z</time>
      </trkpt>
      <trkpt lat="40.792197" lon="-73.971764">
        <ele>0</ele>
        <time>2026-05-22T14:48:12.000Z</time>
      </trkpt>
      <trkpt lat="40.792194" lon="-73.971757">
        <ele>0</ele>
        <time>2026-05-22T14:48:13.000Z</time>
      </trkpt>
      <trkpt lat="40.792191" lon="-73.97175">
        <ele>0</ele>
        <time>2026-05-22T14:48:14.000Z</time>
      </trkpt>
      <trkpt lat="40.792188" lon="-73.971743">
        <ele>0</ele>
        <time>2026-05-22T14:48:15.000Z</time>
      </trkpt>
      <trkpt lat="40.792185" lon="-73.971736">
        <ele>0</ele>
        <time>2026-05-22T14:48:16.000Z</time>
      </trkpt>
      <trkpt lat="40.792182" lon="-73.971728">
        <ele>0</ele>
        <time>2026-05-22T14:48:17.000Z</time>
      </trkpt>
      <trkpt lat="40.792179" lon="-73.971721">
        <ele>0</ele>
        <time>2026-05-22T14:48:18.000Z</time>
      </trkpt>
      <trkpt lat="40.792176" lon="-73.971714">
        <ele>0</ele>
        <time>2026-05-22T14:48:19.000Z</time>
      </trkpt>
      <trkpt lat="40.792173" lon="-73.971707">
        <ele>0</ele>
        <time>2026-05-22T14:48:20.000Z</time>
      </trkpt>
      <trkpt lat="40.79217" lon="-73.9717">
        <ele>0</ele>
        <time>2026-05-22T14:48:21.000Z</time>
      </trkpt>
      <trkpt lat="40.792167" lon="-73.971692">
        <ele>0</ele>
        <time>2026-05-22T14:48:22.000Z</time>
      </trkpt>
      <trkpt lat="40.792164" lon="-73.971685">
        <ele>0</ele>
        <time>2026-05-22T14:48:23.000Z</time>
      </trkpt>
      <trkpt lat="40.792161" lon="-73.971678">
        <ele>0</ele>
        <time>2026-05-22T14:48:24.000Z</time>
      </trkpt>
      <trkpt lat="40.792158" lon="-73.971671">
        <ele>0</ele>
        <time>2026-05-22T14:48:25.000Z</time>
      </trkpt>
      <trkpt lat="40.792155" lon="-73.971663">
        <ele>0</ele>
        <time>2026-05-22T14:48:26.000Z</time>
      </trkpt>
      <trkpt lat="40.792152" lon="-73.971656">
        <ele>0</ele>
        <time>2026-05-22T14:48:27.000Z</time>
      </trkpt>
      <trkpt lat="40.792149" lon="-73.971649">
        <ele>0</ele>
        <time>2026-05-22T14:48:28.000Z</time>
      </trkpt>
      <trkpt lat="40.792146" lon="-73.971642">
        <ele>0</ele>
        <time>2026-05-22T14:48:29.000Z</time>
      </trkpt>
      <trkpt lat="40.792143" lon="-73.971635">
        <ele>0</ele>
        <time>2026-05-22T14:48:30.000Z</time>
      </trkpt>
      <trkpt lat="40.79214" lon="-73.971627">
        <ele>0</ele>
        <time>2026-05-22T14:48:31.000Z</time>
      </trkpt>
      <trkpt lat="40.792137" lon="-73.97162">
        <ele>0</ele>
        <time>2026-05-22T14:48:32.000Z</time>
      </trkpt>
      <trkpt lat="40.792134" lon="-73.971613">
        <ele>0</ele>
        <time>2026-05-22T14:48:33.000Z</time>
      </trkpt>
      <trkpt lat="40.792131" lon="-73.971606">
        <ele>0</ele>
        <time>2026-05-22T14:48:34.000Z</time>
      </trkpt>
      <trkpt lat="40.792128" lon="-73.971599">
        <ele>0</ele>
        <time>2026-05-22T14:48:35.000Z</time>
      </trkpt>
      <trkpt lat="40.792125" lon="-73.971591">
        <ele>0</ele>
        <time>2026-05-22T14:48:36.000Z</time>
      </trkpt>
      <trkpt lat="40.792122" lon="-73.971584">
        <ele>0</ele>
        <time>2026-05-22T14:48:37.000Z</time>
      </trkpt>
      <trkpt lat="40.792119" lon="-73.971577">
        <ele>0</ele>
        <time>2026-05-22T14:48:38.000Z</time>
      </trkpt>
      <trkpt lat="40.792116" lon="-73.97157">
        <ele>0</ele>
        <time>2026-05-22T14:48:39.000Z</time>
      </trkpt>
      <trkpt lat="40.792113" lon="-73.971563">
        <ele>0</ele>
        <time>2026-05-22T14:48:40.000Z</time>
      </trkpt>
      <trkpt lat="40.79211" lon="-73.971555">
        <ele>0</ele>
        <time>2026-05-22T14:48:41.000Z</time>
      </trkpt>
      <trkpt lat="40.792107" lon="-73.971548">
        <ele>0</ele>
        <time>2026-05-22T14:48:42.000Z</time>
      </trkpt>
      <trkpt lat="40.792104" lon="-73.971541">
        <ele>0</ele>
        <time>2026-05-22T14:48:43.000Z</time>
      </trkpt>
      <trkpt lat="40.792101" lon="-73.971534">
        <ele>0</ele>
        <time>2026-05-22T14:48:44.000Z</time>
      </trkpt>
      <trkpt lat="40.792098" lon="-73.971527">
        <ele>0</ele>
        <time>2026-05-22T14:48:45.000Z</time>
      </trkpt>
      <trkpt lat="40.792095" lon="-73.971519">
        <ele>0</ele>
        <time>2026-05-22T14:48:46.000Z</time>
      </trkpt>
      <trkpt lat="40.792092" lon="-73.971512">
        <ele>0</ele>
        <time>2026-05-22T14:48:47.000Z</time>
      </trkpt>
      <trkpt lat="40.792089" lon="-73.971505">
        <ele>0</ele>
        <time>2026-05-22T14:48:48.000Z</time>
      </trkpt>
      <trkpt lat="40.792086" lon="-73.971498">
        <ele>0</ele>
        <time>2026-05-22T14:48:49.000Z</time>
      </trkpt>
      <trkpt lat="40.792083" lon="-73.97149">
        <ele>0</ele>
        <time>2026-05-22T14:48:50.000Z</time>
      </trkpt>
      <trkpt lat="40.79208" lon="-73.971483">
        <ele>0</ele>
        <time>2026-05-22T14:48:51.000Z</time>
      </trkpt>
      <trkpt lat="40.792077" lon="-73.971476">
        <ele>0</ele>
        <time>2026-05-22T14:48:52.000Z</time>
      </trkpt>
      <trkpt lat="40.792074" lon="-73.971469">
        <ele>0</ele>
        <time>2026-05-22T14:48:53.000Z</time>
      </trkpt>
      <trkpt lat="40.792071" lon="-73.971462">
        <ele>0</ele>
        <time>2026-05-22T14:48:54.000Z</time>
      </trkpt>
      <trkpt lat="40.792068" lon="-73.971454">
        <ele>0</ele>
        <time>2026-05-22T14:48:55.000Z</time>
      </trkpt>
      <trkpt lat="40.792065" lon="-73.971447">
        <ele>0</ele>
        <time>2026-05-22T14:48:56.000Z</time>
      </trkpt>
      <trkpt lat="40.792063" lon="-73.97144">
        <ele>0</ele>
        <time>2026-05-22T14:48:57.000Z</time>
      </trkpt>
      <trkpt lat="40.792052" lon="-73.971416">
        <ele>0</ele>
        <time>2026-05-22T14:48:58.000Z</time>
      </trkpt>
      <trkpt lat="40.792047" lon="-73.971404">
        <ele>0</ele>
        <time>2026-05-22T14:48:59.000Z</time>
      </trkpt>
      <trkpt lat="40.792041" lon="-73.971391">
        <ele>0</ele>
        <time>2026-05-22T14:49:00.000Z</time>
      </trkpt>
      <trkpt lat="40.792036" lon="-73.971379">
        <ele>0</ele>
        <time>2026-05-22T14:49:01.000Z</time>
      </trkpt>
      <trkpt lat="40.792031" lon="-73.971367">
        <ele>0</ele>
        <time>2026-05-22T14:49:02.000Z</time>
      </trkpt>
      <trkpt lat="40.792026" lon="-73.971355">
        <ele>0</ele>
        <time>2026-05-22T14:49:03.000Z</time>
      </trkpt>
      <trkpt lat="40.79202" lon="-73.971343">
        <ele>0</ele>
        <time>2026-05-22T14:49:04.000Z</time>
      </trkpt>
      <trkpt lat="40.792015" lon="-73.971331">
        <ele>0</ele>
        <time>2026-05-22T14:49:05.000Z</time>
      </trkpt>
      <trkpt lat="40.79201" lon="-73.971318">
        <ele>0</ele>
        <time>2026-05-22T14:49:06.000Z</time>
      </trkpt>
      <trkpt lat="40.792005" lon="-73.971306">
        <ele>0</ele>
        <time>2026-05-22T14:49:07.000Z</time>
      </trkpt>
      <trkpt lat="40.791999" lon="-73.971294">
        <ele>0</ele>
        <time>2026-05-22T14:49:08.000Z</time>
      </trkpt>
      <trkpt lat="40.791994" lon="-73.971282">
        <ele>0</ele>
        <time>2026-05-22T14:49:09.000Z</time>
      </trkpt>
      <trkpt lat="40.791989" lon="-73.97127">
        <ele>0</ele>
        <time>2026-05-22T14:49:10.000Z</time>
      </trkpt>
      <trkpt lat="40.791984" lon="-73.971258">
        <ele>0</ele>
        <time>2026-05-22T14:49:11.000Z</time>
      </trkpt>
      <trkpt lat="40.791978" lon="-73.971245">
        <ele>0</ele>
        <time>2026-05-22T14:49:12.000Z</time>
      </trkpt>
      <trkpt lat="40.791973" lon="-73.971233">
        <ele>0</ele>
        <time>2026-05-22T14:49:13.000Z</time>
      </trkpt>
      <trkpt lat="40.791968" lon="-73.971221">
        <ele>0</ele>
        <time>2026-05-22T14:49:14.000Z</time>
      </trkpt>
      <trkpt lat="40.791963" lon="-73.971209">
        <ele>0</ele>
        <time>2026-05-22T14:49:15.000Z</time>
      </trkpt>
      <trkpt lat="40.791957" lon="-73.971197">
        <ele>0</ele>
        <time>2026-05-22T14:49:16.000Z</time>
      </trkpt>
      <trkpt lat="40.791952" lon="-73.971185">
        <ele>0</ele>
        <time>2026-05-22T14:49:17.000Z</time>
      </trkpt>
      <trkpt lat="40.791947" lon="-73.971172">
        <ele>0</ele>
        <time>2026-05-22T14:49:18.000Z</time>
      </trkpt>
      <trkpt lat="40.791942" lon="-73.97116">
        <ele>0</ele>
        <time>2026-05-22T14:49:19.000Z</time>
      </trkpt>
      <trkpt lat="40.791936" lon="-73.971148">
        <ele>0</ele>
        <time>2026-05-22T14:49:20.000Z</time>
      </trkpt>
      <trkpt lat="40.791931" lon="-73.971136">
        <ele>0</ele>
        <time>2026-05-22T14:49:21.000Z</time>
      </trkpt>
      <trkpt lat="40.791926" lon="-73.971124">
        <ele>0</ele>
        <time>2026-05-22T14:49:22.000Z</time>
      </trkpt>
      <trkpt lat="40.791921" lon="-73.971112">
        <ele>0</ele>
        <time>2026-05-22T14:49:23.000Z</time>
      </trkpt>
      <trkpt lat="40.791915" lon="-73.971099">
        <ele>0</ele>
        <time>2026-05-22T14:49:25.000Z</time>
      </trkpt>
      <trkpt lat="40.79191" lon="-73.971087">
        <ele>0</ele>
        <time>2026-05-22T14:49:26.000Z</time>
      </trkpt>
      <trkpt lat="40.791905" lon="-73.971075">
        <ele>0</ele>
        <time>2026-05-22T14:49:27.000Z</time>
      </trkpt>
      <trkpt lat="40.7919" lon="-73.971063">
        <ele>0</ele>
        <time>2026-05-22T14:49:28.000Z</time>
      </trkpt>
      <trkpt lat="40.791888" lon="-73.971038">
        <ele>0</ele>
        <time>2026-05-22T14:49:29.000Z</time>
      </trkpt>
      <trkpt lat="40.791883" lon="-73.971025">
        <ele>0</ele>
        <time>2026-05-22T14:49:30.000Z</time>
      </trkpt>
      <trkpt lat="40.791877" lon="-73.971013">
        <ele>0</ele>
        <time>2026-05-22T14:49:31.000Z</time>
      </trkpt>
      <trkpt lat="40.791872" lon="-73.971">
        <ele>0</ele>
        <time>2026-05-22T14:49:32.000Z</time>
      </trkpt>
      <trkpt lat="40.791866" lon="-73.970988">
        <ele>0</ele>
        <time>2026-05-22T14:49:33.000Z</time>
      </trkpt>
      <trkpt lat="40.791861" lon="-73.970975">
        <ele>0</ele>
        <time>2026-05-22T14:49:34.000Z</time>
      </trkpt>
      <trkpt lat="40.791855" lon="-73.970963">
        <ele>0</ele>
        <time>2026-05-22T14:49:35.000Z</time>
      </trkpt>
      <trkpt lat="40.79185" lon="-73.97095">
        <ele>0</ele>
        <time>2026-05-22T14:49:36.000Z</time>
      </trkpt>
      <trkpt lat="40.791844" lon="-73.970938">
        <ele>0</ele>
        <time>2026-05-22T14:49:37.000Z</time>
      </trkpt>
      <trkpt lat="40.791839" lon="-73.970925">
        <ele>0</ele>
        <time>2026-05-22T14:49:38.000Z</time>
      </trkpt>
      <trkpt lat="40.791833" lon="-73.970913">
        <ele>0</ele>
        <time>2026-05-22T14:49:39.000Z</time>
      </trkpt>
      <trkpt lat="40.791828" lon="-73.970901">
        <ele>0</ele>
        <time>2026-05-22T14:49:40.000Z</time>
      </trkpt>
      <trkpt lat="40.791822" lon="-73.970888">
        <ele>0</ele>
        <time>2026-05-22T14:49:41.000Z</time>
      </trkpt>
      <trkpt lat="40.791817" lon="-73.970876">
        <ele>0</ele>
        <time>2026-05-22T14:49:42.000Z</time>
      </trkpt>
      <trkpt lat="40.791811" lon="-73.970863">
        <ele>0</ele>
        <time>2026-05-22T14:49:43.000Z</time>
      </trkpt>
      <trkpt lat="40.791806" lon="-73.970851">
        <ele>0</ele>
        <time>2026-05-22T14:49:44.000Z</time>
      </trkpt>
      <trkpt lat="40.7918" lon="-73.970838">
        <ele>0</ele>
        <time>2026-05-22T14:49:45.000Z</time>
      </trkpt>
      <trkpt lat="40.791795" lon="-73.970826">
        <ele>0</ele>
        <time>2026-05-22T14:49:46.000Z</time>
      </trkpt>
      <trkpt lat="40.791789" lon="-73.970813">
        <ele>0</ele>
        <time>2026-05-22T14:49:47.000Z</time>
      </trkpt>
      <trkpt lat="40.791784" lon="-73.970801">
        <ele>0</ele>
        <time>2026-05-22T14:49:48.000Z</time>
      </trkpt>
      <trkpt lat="40.791778" lon="-73.970789">
        <ele>0</ele>
        <time>2026-05-22T14:49:49.000Z</time>
      </trkpt>
      <trkpt lat="40.791773" lon="-73.970776">
        <ele>0</ele>
        <time>2026-05-22T14:49:50.000Z</time>
      </trkpt>
      <trkpt lat="40.791767" lon="-73.970764">
        <ele>0</ele>
        <time>2026-05-22T14:49:51.000Z</time>
      </trkpt>
      <trkpt lat="40.791762" lon="-73.970751">
        <ele>0</ele>
        <time>2026-05-22T14:49:52.000Z</time>
      </trkpt>
      <trkpt lat="40.791756" lon="-73.970739">
        <ele>0</ele>
        <time>2026-05-22T14:49:53.000Z</time>
      </trkpt>
      <trkpt lat="40.791751" lon="-73.970726">
        <ele>0</ele>
        <time>2026-05-22T14:49:54.000Z</time>
      </trkpt>
      <trkpt lat="40.791745" lon="-73.970714">
        <ele>0</ele>
        <time>2026-05-22T14:49:55.000Z</time>
      </trkpt>
      <trkpt lat="40.79174" lon="-73.970701">
        <ele>0</ele>
        <time>2026-05-22T14:49:56.000Z</time>
      </trkpt>
      <trkpt lat="40.791734" lon="-73.970689">
        <ele>0</ele>
        <time>2026-05-22T14:49:57.000Z</time>
      </trkpt>
      <trkpt lat="40.791729" lon="-73.970676">
        <ele>0</ele>
        <time>2026-05-22T14:49:58.000Z</time>
      </trkpt>
      <trkpt lat="40.791723" lon="-73.970664">
        <ele>0</ele>
        <time>2026-05-22T14:49:59.000Z</time>
      </trkpt>
      <trkpt lat="40.791711" lon="-73.970639">
        <ele>0</ele>
        <time>2026-05-22T14:50:00.000Z</time>
      </trkpt>
      <trkpt lat="40.791706" lon="-73.970627">
        <ele>0</ele>
        <time>2026-05-22T14:50:01.000Z</time>
      </trkpt>
      <trkpt lat="40.7917" lon="-73.970615">
        <ele>0</ele>
        <time>2026-05-22T14:50:02.000Z</time>
      </trkpt>
      <trkpt lat="40.791694" lon="-73.970603">
        <ele>0</ele>
        <time>2026-05-22T14:50:03.000Z</time>
      </trkpt>
      <trkpt lat="40.791688" lon="-73.970591">
        <ele>0</ele>
        <time>2026-05-22T14:50:04.000Z</time>
      </trkpt>
      <trkpt lat="40.791683" lon="-73.970579">
        <ele>0</ele>
        <time>2026-05-22T14:50:05.000Z</time>
      </trkpt>
      <trkpt lat="40.791677" lon="-73.970567">
        <ele>0</ele>
        <time>2026-05-22T14:50:06.000Z</time>
      </trkpt>
      <trkpt lat="40.791671" lon="-73.970555">
        <ele>0</ele>
        <time>2026-05-22T14:50:07.000Z</time>
      </trkpt>
      <trkpt lat="40.791666" lon="-73.970543">
        <ele>0</ele>
        <time>2026-05-22T14:50:08.000Z</time>
      </trkpt>
      <trkpt lat="40.79166" lon="-73.970531">
        <ele>0</ele>
        <time>2026-05-22T14:50:09.000Z</time>
      </trkpt>
      <trkpt lat="40.791654" lon="-73.970519">
        <ele>0</ele>
        <time>2026-05-22T14:50:10.000Z</time>
      </trkpt>
      <trkpt lat="40.791648" lon="-73.970507">
        <ele>0</ele>
        <time>2026-05-22T14:50:11.000Z</time>
      </trkpt>
      <trkpt lat="40.791643" lon="-73.970495">
        <ele>0</ele>
        <time>2026-05-22T14:50:12.000Z</time>
      </trkpt>
      <trkpt lat="40.791637" lon="-73.970483">
        <ele>0</ele>
        <time>2026-05-22T14:50:13.000Z</time>
      </trkpt>
      <trkpt lat="40.791631" lon="-73.970471">
        <ele>0</ele>
        <time>2026-05-22T14:50:14.000Z</time>
      </trkpt>
      <trkpt lat="40.791626" lon="-73.970459">
        <ele>0</ele>
        <time>2026-05-22T14:50:15.000Z</time>
      </trkpt>
      <trkpt lat="40.79162" lon="-73.970447">
        <ele>0</ele>
        <time>2026-05-22T14:50:16.000Z</time>
      </trkpt>
      <trkpt lat="40.791614" lon="-73.970435">
        <ele>0</ele>
        <time>2026-05-22T14:50:17.000Z</time>
      </trkpt>
      <trkpt lat="40.791608" lon="-73.970423">
        <ele>0</ele>
        <time>2026-05-22T14:50:18.000Z</time>
      </trkpt>
      <trkpt lat="40.791603" lon="-73.970411">
        <ele>0</ele>
        <time>2026-05-22T14:50:19.000Z</time>
      </trkpt>
      <trkpt lat="40.791597" lon="-73.970399">
        <ele>0</ele>
        <time>2026-05-22T14:50:20.000Z</time>
      </trkpt>
      <trkpt lat="40.791591" lon="-73.970387">
        <ele>0</ele>
        <time>2026-05-22T14:50:21.000Z</time>
      </trkpt>
      <trkpt lat="40.791586" lon="-73.970375">
        <ele>0</ele>
        <time>2026-05-22T14:50:22.000Z</time>
      </trkpt>
      <trkpt lat="40.79158" lon="-73.970363">
        <ele>0</ele>
        <time>2026-05-22T14:50:23.000Z</time>
      </trkpt>
      <trkpt lat="40.791574" lon="-73.970351">
        <ele>0</ele>
        <time>2026-05-22T14:50:24.000Z</time>
      </trkpt>
      <trkpt lat="40.791568" lon="-73.970339">
        <ele>0</ele>
        <time>2026-05-22T14:50:25.000Z</time>
      </trkpt>
      <trkpt lat="40.791563" lon="-73.970327">
        <ele>0</ele>
        <time>2026-05-22T14:50:26.000Z</time>
      </trkpt>
      <trkpt lat="40.791557" lon="-73.970315">
        <ele>0</ele>
        <time>2026-05-22T14:50:27.000Z</time>
      </trkpt>
      <trkpt lat="40.791551" lon="-73.970303">
        <ele>0</ele>
        <time>2026-05-22T14:50:28.000Z</time>
      </trkpt>
      <trkpt lat="40.791546" lon="-73.970291">
        <ele>0</ele>
        <time>2026-05-22T14:50:29.000Z</time>
      </trkpt>
      <trkpt lat="40.791535" lon="-73.970268">
        <ele>0</ele>
        <time>2026-05-22T14:50:30.000Z</time>
      </trkpt>
      <trkpt lat="40.791529" lon="-73.970256">
        <ele>0</ele>
        <time>2026-05-22T14:50:31.000Z</time>
      </trkpt>
      <trkpt lat="40.791524" lon="-73.970244">
        <ele>0</ele>
        <time>2026-05-22T14:50:32.000Z</time>
      </trkpt>
      <trkpt lat="40.791519" lon="-73.970232">
        <ele>0</ele>
        <time>2026-05-22T14:50:33.000Z</time>
      </trkpt>
      <trkpt lat="40.791513" lon="-73.97022">
        <ele>0</ele>
        <time>2026-05-22T14:50:34.000Z</time>
      </trkpt>
      <trkpt lat="40.791508" lon="-73.970208">
        <ele>0</ele>
        <time>2026-05-22T14:50:35.000Z</time>
      </trkpt>
      <trkpt lat="40.791503" lon="-73.970197">
        <ele>0</ele>
        <time>2026-05-22T14:50:36.000Z</time>
      </trkpt>
      <trkpt lat="40.791498" lon="-73.970185">
        <ele>0</ele>
        <time>2026-05-22T14:50:37.000Z</time>
      </trkpt>
      <trkpt lat="40.791492" lon="-73.970173">
        <ele>0</ele>
        <time>2026-05-22T14:50:38.000Z</time>
      </trkpt>
      <trkpt lat="40.791487" lon="-73.970161">
        <ele>0</ele>
        <time>2026-05-22T14:50:39.000Z</time>
      </trkpt>
      <trkpt lat="40.791482" lon="-73.970149">
        <ele>0</ele>
        <time>2026-05-22T14:50:40.000Z</time>
      </trkpt>
      <trkpt lat="40.791476" lon="-73.970137">
        <ele>0</ele>
        <time>2026-05-22T14:50:41.000Z</time>
      </trkpt>
      <trkpt lat="40.791471" lon="-73.970125">
        <ele>0</ele>
        <time>2026-05-22T14:50:42.000Z</time>
      </trkpt>
      <trkpt lat="40.791466" lon="-73.970113">
        <ele>0</ele>
        <time>2026-05-22T14:50:43.000Z</time>
      </trkpt>
      <trkpt lat="40.79146" lon="-73.970101">
        <ele>0</ele>
        <time>2026-05-22T14:50:44.000Z</time>
      </trkpt>
      <trkpt lat="40.791455" lon="-73.970089">
        <ele>0</ele>
        <time>2026-05-22T14:50:45.000Z</time>
      </trkpt>
      <trkpt lat="40.79145" lon="-73.970077">
        <ele>0</ele>
        <time>2026-05-22T14:50:46.000Z</time>
      </trkpt>
      <trkpt lat="40.791444" lon="-73.970065">
        <ele>0</ele>
        <time>2026-05-22T14:50:47.000Z</time>
      </trkpt>
      <trkpt lat="40.791439" lon="-73.970054">
        <ele>0</ele>
        <time>2026-05-22T14:50:48.000Z</time>
      </trkpt>
      <trkpt lat="40.791434" lon="-73.970042">
        <ele>0</ele>
        <time>2026-05-22T14:50:49.000Z</time>
      </trkpt>
      <trkpt lat="40.791429" lon="-73.97003">
        <ele>0</ele>
        <time>2026-05-22T14:50:50.000Z</time>
      </trkpt>
      <trkpt lat="40.791423" lon="-73.970018">
        <ele>0</ele>
        <time>2026-05-22T14:50:51.000Z</time>
      </trkpt>
      <trkpt lat="40.791418" lon="-73.970006">
        <ele>0</ele>
        <time>2026-05-22T14:50:52.000Z</time>
      </trkpt>
      <trkpt lat="40.791413" lon="-73.969994">
        <ele>0</ele>
        <time>2026-05-22T14:50:53.000Z</time>
      </trkpt>
      <trkpt lat="40.791407" lon="-73.969982">
        <ele>0</ele>
        <time>2026-05-22T14:50:54.000Z</time>
      </trkpt>
      <trkpt lat="40.791402" lon="-73.96997">
        <ele>0</ele>
        <time>2026-05-22T14:50:55.000Z</time>
      </trkpt>
      <trkpt lat="40.791397" lon="-73.969958">
        <ele>0</ele>
        <time>2026-05-22T14:50:56.000Z</time>
      </trkpt>
      <trkpt lat="40.791391" lon="-73.969946">
        <ele>0</ele>
        <time>2026-05-22T14:50:57.000Z</time>
      </trkpt>
      <trkpt lat="40.791386" lon="-73.969934">
        <ele>0</ele>
        <time>2026-05-22T14:50:58.000Z</time>
      </trkpt>
      <trkpt lat="40.791381" lon="-73.969922">
        <ele>0</ele>
        <time>2026-05-22T14:50:59.000Z</time>
      </trkpt>
      <trkpt lat="40.791376" lon="-73.96991">
        <ele>0</ele>
        <time>2026-05-22T14:51:00.000Z</time>
      </trkpt>
      <trkpt lat="40.791364" lon="-73.969885">
        <ele>0</ele>
        <time>2026-05-22T14:51:01.000Z</time>
      </trkpt>
      <trkpt lat="40.791359" lon="-73.969872">
        <ele>0</ele>
        <time>2026-05-22T14:51:02.000Z</time>
      </trkpt>
      <trkpt lat="40.791353" lon="-73.969858">
        <ele>0</ele>
        <time>2026-05-22T14:51:03.000Z</time>
      </trkpt>
      <trkpt lat="40.791347" lon="-73.969845">
        <ele>0</ele>
        <time>2026-05-22T14:51:04.000Z</time>
      </trkpt>
      <trkpt lat="40.791342" lon="-73.969832">
        <ele>0</ele>
        <time>2026-05-22T14:51:05.000Z</time>
      </trkpt>
      <trkpt lat="40.791336" lon="-73.969819">
        <ele>0</ele>
        <time>2026-05-22T14:51:06.000Z</time>
      </trkpt>
      <trkpt lat="40.79133" lon="-73.969806">
        <ele>0</ele>
        <time>2026-05-22T14:51:07.000Z</time>
      </trkpt>
      <trkpt lat="40.791325" lon="-73.969793">
        <ele>0</ele>
        <time>2026-05-22T14:51:08.000Z</time>
      </trkpt>
      <trkpt lat="40.791319" lon="-73.969779">
        <ele>0</ele>
        <time>2026-05-22T14:51:09.000Z</time>
      </trkpt>
      <trkpt lat="40.791314" lon="-73.969766">
        <ele>0</ele>
        <time>2026-05-22T14:51:10.000Z</time>
      </trkpt>
      <trkpt lat="40.791308" lon="-73.969753">
        <ele>0</ele>
        <time>2026-05-22T14:51:11.000Z</time>
      </trkpt>
      <trkpt lat="40.791302" lon="-73.96974">
        <ele>0</ele>
        <time>2026-05-22T14:51:12.000Z</time>
      </trkpt>
      <trkpt lat="40.791297" lon="-73.969727">
        <ele>0</ele>
        <time>2026-05-22T14:51:13.000Z</time>
      </trkpt>
      <trkpt lat="40.791291" lon="-73.969714">
        <ele>0</ele>
        <time>2026-05-22T14:51:14.000Z</time>
      </trkpt>
      <trkpt lat="40.791285" lon="-73.9697">
        <ele>0</ele>
        <time>2026-05-22T14:51:15.000Z</time>
      </trkpt>
      <trkpt lat="40.79128" lon="-73.969687">
        <ele>0</ele>
        <time>2026-05-22T14:51:16.000Z</time>
      </trkpt>
      <trkpt lat="40.791274" lon="-73.969674">
        <ele>0</ele>
        <time>2026-05-22T14:51:17.000Z</time>
      </trkpt>
      <trkpt lat="40.791268" lon="-73.969661">
        <ele>0</ele>
        <time>2026-05-22T14:51:18.000Z</time>
      </trkpt>
      <trkpt lat="40.791263" lon="-73.969648">
        <ele>0</ele>
        <time>2026-05-22T14:51:19.000Z</time>
      </trkpt>
      <trkpt lat="40.791257" lon="-73.969634">
        <ele>0</ele>
        <time>2026-05-22T14:51:20.000Z</time>
      </trkpt>
      <trkpt lat="40.791251" lon="-73.969621">
        <ele>0</ele>
        <time>2026-05-22T14:51:21.000Z</time>
      </trkpt>
      <trkpt lat="40.791246" lon="-73.969608">
        <ele>0</ele>
        <time>2026-05-22T14:51:22.000Z</time>
      </trkpt>
      <trkpt lat="40.79124" lon="-73.969595">
        <ele>0</ele>
        <time>2026-05-22T14:51:23.000Z</time>
      </trkpt>
      <trkpt lat="40.791235" lon="-73.969582">
        <ele>0</ele>
        <time>2026-05-22T14:51:24.000Z</time>
      </trkpt>
      <trkpt lat="40.791229" lon="-73.969569">
        <ele>0</ele>
        <time>2026-05-22T14:51:25.000Z</time>
      </trkpt>
      <trkpt lat="40.791223" lon="-73.969555">
        <ele>0</ele>
        <time>2026-05-22T14:51:26.000Z</time>
      </trkpt>
      <trkpt lat="40.791218" lon="-73.969542">
        <ele>0</ele>
        <time>2026-05-22T14:51:27.000Z</time>
      </trkpt>
      <trkpt lat="40.791212" lon="-73.969529">
        <ele>0</ele>
        <time>2026-05-22T14:51:28.000Z</time>
      </trkpt>
      <trkpt lat="40.791206" lon="-73.969516">
        <ele>0</ele>
        <time>2026-05-22T14:51:29.000Z</time>
      </trkpt>
      <trkpt lat="40.791201" lon="-73.969503">
        <ele>0</ele>
        <time>2026-05-22T14:51:30.000Z</time>
      </trkpt>
      <trkpt lat="40.791195" lon="-73.969489">
        <ele>0</ele>
        <time>2026-05-22T14:51:31.000Z</time>
      </trkpt>
      <trkpt lat="40.791184" lon="-73.969462">
        <ele>0</ele>
        <time>2026-05-22T14:51:32.000Z</time>
      </trkpt>
      <trkpt lat="40.791179" lon="-73.969449">
        <ele>0</ele>
        <time>2026-05-22T14:51:33.000Z</time>
      </trkpt>
      <trkpt lat="40.791175" lon="-73.969436">
        <ele>0</ele>
        <time>2026-05-22T14:51:34.000Z</time>
      </trkpt>
      <trkpt lat="40.79117" lon="-73.969423">
        <ele>0</ele>
        <time>2026-05-22T14:51:35.000Z</time>
      </trkpt>
      <trkpt lat="40.791165" lon="-73.96941">
        <ele>0</ele>
        <time>2026-05-22T14:51:36.000Z</time>
      </trkpt>
      <trkpt lat="40.79116" lon="-73.969398">
        <ele>0</ele>
        <time>2026-05-22T14:51:37.000Z</time>
      </trkpt>
      <trkpt lat="40.791155" lon="-73.969385">
        <ele>0</ele>
        <time>2026-05-22T14:51:38.000Z</time>
      </trkpt>
      <trkpt lat="40.791151" lon="-73.969372">
        <ele>0</ele>
        <time>2026-05-22T14:51:39.000Z</time>
      </trkpt>
      <trkpt lat="40.791146" lon="-73.969359">
        <ele>0</ele>
        <time>2026-05-22T14:51:40.000Z</time>
      </trkpt>
      <trkpt lat="40.791141" lon="-73.969346">
        <ele>0</ele>
        <time>2026-05-22T14:51:41.000Z</time>
      </trkpt>
      <trkpt lat="40.791136" lon="-73.969333">
        <ele>0</ele>
        <time>2026-05-22T14:51:42.000Z</time>
      </trkpt>
      <trkpt lat="40.791131" lon="-73.96932">
        <ele>0</ele>
        <time>2026-05-22T14:51:43.000Z</time>
      </trkpt>
      <trkpt lat="40.791127" lon="-73.969307">
        <ele>0</ele>
        <time>2026-05-22T14:51:44.000Z</time>
      </trkpt>
      <trkpt lat="40.791122" lon="-73.969294">
        <ele>0</ele>
        <time>2026-05-22T14:51:45.000Z</time>
      </trkpt>
      <trkpt lat="40.791117" lon="-73.969281">
        <ele>0</ele>
        <time>2026-05-22T14:51:46.000Z</time>
      </trkpt>
      <trkpt lat="40.791112" lon="-73.969269">
        <ele>0</ele>
        <time>2026-05-22T14:51:47.000Z</time>
      </trkpt>
      <trkpt lat="40.791107" lon="-73.969256">
        <ele>0</ele>
        <time>2026-05-22T14:51:48.000Z</time>
      </trkpt>
      <trkpt lat="40.791102" lon="-73.969243">
        <ele>0</ele>
        <time>2026-05-22T14:51:49.000Z</time>
      </trkpt>
      <trkpt lat="40.791098" lon="-73.96923">
        <ele>0</ele>
        <time>2026-05-22T14:51:50.000Z</time>
      </trkpt>
      <trkpt lat="40.791093" lon="-73.969217">
        <ele>0</ele>
        <time>2026-05-22T14:51:51.000Z</time>
      </trkpt>
      <trkpt lat="40.791088" lon="-73.969204">
        <ele>0</ele>
        <time>2026-05-22T14:51:52.000Z</time>
      </trkpt>
      <trkpt lat="40.791083" lon="-73.969191">
        <ele>0</ele>
        <time>2026-05-22T14:51:53.000Z</time>
      </trkpt>
      <trkpt lat="40.791078" lon="-73.969178">
        <ele>0</ele>
        <time>2026-05-22T14:51:54.000Z</time>
      </trkpt>
      <trkpt lat="40.791074" lon="-73.969165">
        <ele>0</ele>
        <time>2026-05-22T14:51:55.000Z</time>
      </trkpt>
      <trkpt lat="40.791069" lon="-73.969152">
        <ele>0</ele>
        <time>2026-05-22T14:51:56.000Z</time>
      </trkpt>
      <trkpt lat="40.791064" lon="-73.96914">
        <ele>0</ele>
        <time>2026-05-22T14:51:57.000Z</time>
      </trkpt>
      <trkpt lat="40.791059" lon="-73.969127">
        <ele>0</ele>
        <time>2026-05-22T14:51:58.000Z</time>
      </trkpt>
      <trkpt lat="40.791054" lon="-73.969114">
        <ele>0</ele>
        <time>2026-05-22T14:51:59.000Z</time>
      </trkpt>
      <trkpt lat="40.79105" lon="-73.969101">
        <ele>0</ele>
        <time>2026-05-22T14:52:00.000Z</time>
      </trkpt>
      <trkpt lat="40.791045" lon="-73.969088">
        <ele>0</ele>
        <time>2026-05-22T14:52:01.000Z</time>
      </trkpt>
      <trkpt lat="40.79104" lon="-73.969075">
        <ele>0</ele>
        <time>2026-05-22T14:52:02.000Z</time>
      </trkpt>
      <trkpt lat="40.791044" lon="-73.969059">
        <ele>0</ele>
        <time>2026-05-22T14:52:03.000Z</time>
      </trkpt>
      <trkpt lat="40.791042" lon="-73.96905">
        <ele>0</ele>
        <time>2026-05-22T14:52:04.000Z</time>
      </trkpt>
      <trkpt lat="40.791039" lon="-73.969041">
        <ele>0</ele>
        <time>2026-05-22T14:52:05.000Z</time>
      </trkpt>
      <trkpt lat="40.791037" lon="-73.969032">
        <ele>0</ele>
        <time>2026-05-22T14:52:06.000Z</time>
      </trkpt>
      <trkpt lat="40.791034" lon="-73.969024">
        <ele>0</ele>
        <time>2026-05-22T14:52:07.000Z</time>
      </trkpt>
      <trkpt lat="40.791032" lon="-73.969015">
        <ele>0</ele>
        <time>2026-05-22T14:52:08.000Z</time>
      </trkpt>
      <trkpt lat="40.791029" lon="-73.969006">
        <ele>0</ele>
        <time>2026-05-22T14:52:09.000Z</time>
      </trkpt>
      <trkpt lat="40.791027" lon="-73.968997">
        <ele>0</ele>
        <time>2026-05-22T14:52:10.000Z</time>
      </trkpt>
      <trkpt lat="40.791024" lon="-73.968988">
        <ele>0</ele>
        <time>2026-05-22T14:52:11.000Z</time>
      </trkpt>
      <trkpt lat="40.791022" lon="-73.968979">
        <ele>0</ele>
        <time>2026-05-22T14:52:12.000Z</time>
      </trkpt>
      <trkpt lat="40.791019" lon="-73.96897">
        <ele>0</ele>
        <time>2026-05-22T14:52:13.000Z</time>
      </trkpt>
      <trkpt lat="40.791017" lon="-73.968961">
        <ele>0</ele>
        <time>2026-05-22T14:52:14.000Z</time>
      </trkpt>
      <trkpt lat="40.791014" lon="-73.968953">
        <ele>0</ele>
        <time>2026-05-22T14:52:15.000Z</time>
      </trkpt>
      <trkpt lat="40.791012" lon="-73.968944">
        <ele>0</ele>
        <time>2026-05-22T14:52:16.000Z</time>
      </trkpt>
      <trkpt lat="40.791009" lon="-73.968935">
        <ele>0</ele>
        <time>2026-05-22T14:52:17.000Z</time>
      </trkpt>
      <trkpt lat="40.791007" lon="-73.968926">
        <ele>0</ele>
        <time>2026-05-22T14:52:18.000Z</time>
      </trkpt>
      <trkpt lat="40.791004" lon="-73.968917">
        <ele>0</ele>
        <time>2026-05-22T14:52:19.000Z</time>
      </trkpt>
      <trkpt lat="40.791002" lon="-73.968908">
        <ele>0</ele>
        <time>2026-05-22T14:52:20.000Z</time>
      </trkpt>
      <trkpt lat="40.790999" lon="-73.968899">
        <ele>0</ele>
        <time>2026-05-22T14:52:21.000Z</time>
      </trkpt>
      <trkpt lat="40.790997" lon="-73.96889">
        <ele>0</ele>
        <time>2026-05-22T14:52:22.000Z</time>
      </trkpt>
      <trkpt lat="40.790994" lon="-73.968881">
        <ele>0</ele>
        <time>2026-05-22T14:52:23.000Z</time>
      </trkpt>
      <trkpt lat="40.790992" lon="-73.968873">
        <ele>0</ele>
        <time>2026-05-22T14:52:24.000Z</time>
      </trkpt>
      <trkpt lat="40.790989" lon="-73.968864">
        <ele>0</ele>
        <time>2026-05-22T14:52:25.000Z</time>
      </trkpt>
      <trkpt lat="40.790987" lon="-73.968855">
        <ele>0</ele>
        <time>2026-05-22T14:52:27.000Z</time>
      </trkpt>
      <trkpt lat="40.790984" lon="-73.968846">
        <ele>0</ele>
        <time>2026-05-22T14:52:28.000Z</time>
      </trkpt>
      <trkpt lat="40.790982" lon="-73.968837">
        <ele>0</ele>
        <time>2026-05-22T14:52:29.000Z</time>
      </trkpt>
      <trkpt lat="40.790979" lon="-73.968828">
        <ele>0</ele>
        <time>2026-05-22T14:52:30.000Z</time>
      </trkpt>
      <trkpt lat="40.790977" lon="-73.968819">
        <ele>0</ele>
        <time>2026-05-22T14:52:31.000Z</time>
      </trkpt>
      <trkpt lat="40.790974" lon="-73.96881">
        <ele>0</ele>
        <time>2026-05-22T14:52:32.000Z</time>
      </trkpt>
      <trkpt lat="40.790972" lon="-73.968801">
        <ele>0</ele>
        <time>2026-05-22T14:52:33.000Z</time>
      </trkpt>
      <trkpt lat="40.79096" lon="-73.968775">
        <ele>0</ele>
        <time>2026-05-22T14:52:34.000Z</time>
      </trkpt>
      <trkpt lat="40.790954" lon="-73.968762">
        <ele>0</ele>
        <time>2026-05-22T14:52:35.000Z</time>
      </trkpt>
      <trkpt lat="40.790949" lon="-73.96875">
        <ele>0</ele>
        <time>2026-05-22T14:52:36.000Z</time>
      </trkpt>
      <trkpt lat="40.790943" lon="-73.968738">
        <ele>0</ele>
        <time>2026-05-22T14:52:37.000Z</time>
      </trkpt>
      <trkpt lat="40.790938" lon="-73.968726">
        <ele>0</ele>
        <time>2026-05-22T14:52:38.000Z</time>
      </trkpt>
      <trkpt lat="40.790932" lon="-73.968713">
        <ele>0</ele>
        <time>2026-05-22T14:52:39.000Z</time>
      </trkpt>
      <trkpt lat="40.790927" lon="-73.968701">
        <ele>0</ele>
        <time>2026-05-22T14:52:40.000Z</time>
      </trkpt>
      <trkpt lat="40.790921" lon="-73.968689">
        <ele>0</ele>
        <time>2026-05-22T14:52:41.000Z</time>
      </trkpt>
      <trkpt lat="40.790916" lon="-73.968677">
        <ele>0</ele>
        <time>2026-05-22T14:52:42.000Z</time>
      </trkpt>
      <trkpt lat="40.79091" lon="-73.968664">
        <ele>0</ele>
        <time>2026-05-22T14:52:43.000Z</time>
      </trkpt>
      <trkpt lat="40.790905" lon="-73.968652">
        <ele>0</ele>
        <time>2026-05-22T14:52:44.000Z</time>
      </trkpt>
      <trkpt lat="40.7909" lon="-73.96864">
        <ele>0</ele>
        <time>2026-05-22T14:52:45.000Z</time>
      </trkpt>
      <trkpt lat="40.790894" lon="-73.968627">
        <ele>0</ele>
        <time>2026-05-22T14:52:46.000Z</time>
      </trkpt>
      <trkpt lat="40.790889" lon="-73.968615">
        <ele>0</ele>
        <time>2026-05-22T14:52:47.000Z</time>
      </trkpt>
      <trkpt lat="40.790883" lon="-73.968603">
        <ele>0</ele>
        <time>2026-05-22T14:52:48.000Z</time>
      </trkpt>
      <trkpt lat="40.790878" lon="-73.968591">
        <ele>0</ele>
        <time>2026-05-22T14:52:49.000Z</time>
      </trkpt>
      <trkpt lat="40.790872" lon="-73.968578">
        <ele>0</ele>
        <time>2026-05-22T14:52:50.000Z</time>
      </trkpt>
      <trkpt lat="40.790867" lon="-73.968566">
        <ele>0</ele>
        <time>2026-05-22T14:52:51.000Z</time>
      </trkpt>
      <trkpt lat="40.790861" lon="-73.968554">
        <ele>0</ele>
        <time>2026-05-22T14:52:52.000Z</time>
      </trkpt>
      <trkpt lat="40.790856" lon="-73.968542">
        <ele>0</ele>
        <time>2026-05-22T14:52:53.000Z</time>
      </trkpt>
      <trkpt lat="40.790851" lon="-73.968529">
        <ele>0</ele>
        <time>2026-05-22T14:52:54.000Z</time>
      </trkpt>
      <trkpt lat="40.790845" lon="-73.968517">
        <ele>0</ele>
        <time>2026-05-22T14:52:55.000Z</time>
      </trkpt>
      <trkpt lat="40.79084" lon="-73.968505">
        <ele>0</ele>
        <time>2026-05-22T14:52:56.000Z</time>
      </trkpt>
      <trkpt lat="40.790834" lon="-73.968492">
        <ele>0</ele>
        <time>2026-05-22T14:52:57.000Z</time>
      </trkpt>
      <trkpt lat="40.790829" lon="-73.96848">
        <ele>0</ele>
        <time>2026-05-22T14:52:58.000Z</time>
      </trkpt>
      <trkpt lat="40.790823" lon="-73.968468">
        <ele>0</ele>
        <time>2026-05-22T14:52:59.000Z</time>
      </trkpt>
      <trkpt lat="40.790818" lon="-73.968456">
        <ele>0</ele>
        <time>2026-05-22T14:53:00.000Z</time>
      </trkpt>
      <trkpt lat="40.790812" lon="-73.968443">
        <ele>0</ele>
        <time>2026-05-22T14:53:01.000Z</time>
      </trkpt>
      <trkpt lat="40.790807" lon="-73.968431">
        <ele>0</ele>
        <time>2026-05-22T14:53:02.000Z</time>
      </trkpt>
      <trkpt lat="40.790801" lon="-73.968419">
        <ele>0</ele>
        <time>2026-05-22T14:53:03.000Z</time>
      </trkpt>
      <trkpt lat="40.790796" lon="-73.968406">
        <ele>0</ele>
        <time>2026-05-22T14:53:04.000Z</time>
      </trkpt>
      <trkpt lat="40.790786" lon="-73.968382">
        <ele>0</ele>
        <time>2026-05-22T14:53:05.000Z</time>
      </trkpt>
      <trkpt lat="40.79078" lon="-73.968369">
        <ele>0</ele>
        <time>2026-05-22T14:53:06.000Z</time>
      </trkpt>
      <trkpt lat="40.790775" lon="-73.968357">
        <ele>0</ele>
        <time>2026-05-22T14:53:07.000Z</time>
      </trkpt>
      <trkpt lat="40.790769" lon="-73.968344">
        <ele>0</ele>
        <time>2026-05-22T14:53:08.000Z</time>
      </trkpt>
      <trkpt lat="40.790764" lon="-73.968332">
        <ele>0</ele>
        <time>2026-05-22T14:53:09.000Z</time>
      </trkpt>
      <trkpt lat="40.790758" lon="-73.968319">
        <ele>0</ele>
        <time>2026-05-22T14:53:10.000Z</time>
      </trkpt>
      <trkpt lat="40.790753" lon="-73.968307">
        <ele>0</ele>
        <time>2026-05-22T14:53:11.000Z</time>
      </trkpt>
      <trkpt lat="40.790748" lon="-73.968295">
        <ele>0</ele>
        <time>2026-05-22T14:53:12.000Z</time>
      </trkpt>
      <trkpt lat="40.790742" lon="-73.968282">
        <ele>0</ele>
        <time>2026-05-22T14:53:13.000Z</time>
      </trkpt>
      <trkpt lat="40.790737" lon="-73.96827">
        <ele>0</ele>
        <time>2026-05-22T14:53:14.000Z</time>
      </trkpt>
      <trkpt lat="40.790731" lon="-73.968257">
        <ele>0</ele>
        <time>2026-05-22T14:53:15.000Z</time>
      </trkpt>
      <trkpt lat="40.790726" lon="-73.968245">
        <ele>0</ele>
        <time>2026-05-22T14:53:16.000Z</time>
      </trkpt>
      <trkpt lat="40.790721" lon="-73.968232">
        <ele>0</ele>
        <time>2026-05-22T14:53:17.000Z</time>
      </trkpt>
      <trkpt lat="40.790715" lon="-73.96822">
        <ele>0</ele>
        <time>2026-05-22T14:53:18.000Z</time>
      </trkpt>
      <trkpt lat="40.79071" lon="-73.968207">
        <ele>0</ele>
        <time>2026-05-22T14:53:19.000Z</time>
      </trkpt>
      <trkpt lat="40.790704" lon="-73.968195">
        <ele>0</ele>
        <time>2026-05-22T14:53:20.000Z</time>
      </trkpt>
      <trkpt lat="40.790699" lon="-73.968183">
        <ele>0</ele>
        <time>2026-05-22T14:53:21.000Z</time>
      </trkpt>
      <trkpt lat="40.790693" lon="-73.96817">
        <ele>0</ele>
        <time>2026-05-22T14:53:22.000Z</time>
      </trkpt>
      <trkpt lat="40.790688" lon="-73.968158">
        <ele>0</ele>
        <time>2026-05-22T14:53:23.000Z</time>
      </trkpt>
      <trkpt lat="40.790683" lon="-73.968145">
        <ele>0</ele>
        <time>2026-05-22T14:53:24.000Z</time>
      </trkpt>
      <trkpt lat="40.790677" lon="-73.968133">
        <ele>0</ele>
        <time>2026-05-22T14:53:25.000Z</time>
      </trkpt>
      <trkpt lat="40.790672" lon="-73.96812">
        <ele>0</ele>
        <time>2026-05-22T14:53:26.000Z</time>
      </trkpt>
      <trkpt lat="40.790666" lon="-73.968108">
        <ele>0</ele>
        <time>2026-05-22T14:53:27.000Z</time>
      </trkpt>
      <trkpt lat="40.790661" lon="-73.968096">
        <ele>0</ele>
        <time>2026-05-22T14:53:28.000Z</time>
      </trkpt>
      <trkpt lat="40.790656" lon="-73.968083">
        <ele>0</ele>
        <time>2026-05-22T14:53:29.000Z</time>
      </trkpt>
      <trkpt lat="40.79065" lon="-73.968071">
        <ele>0</ele>
        <time>2026-05-22T14:53:30.000Z</time>
      </trkpt>
      <trkpt lat="40.790645" lon="-73.968058">
        <ele>0</ele>
        <time>2026-05-22T14:53:31.000Z</time>
      </trkpt>
      <trkpt lat="40.790639" lon="-73.968046">
        <ele>0</ele>
        <time>2026-05-22T14:53:32.000Z</time>
      </trkpt>
      <trkpt lat="40.790634" lon="-73.968033">
        <ele>0</ele>
        <time>2026-05-22T14:53:33.000Z</time>
      </trkpt>
      <trkpt lat="40.790628" lon="-73.968021">
        <ele>0</ele>
        <time>2026-05-22T14:53:34.000Z</time>
      </trkpt>
      <trkpt lat="40.790623" lon="-73.968008">
        <ele>0</ele>
        <time>2026-05-22T14:53:35.000Z</time>
      </trkpt>
      <trkpt lat="40.790613" lon="-73.967985">
        <ele>0</ele>
        <time>2026-05-22T14:53:36.000Z</time>
      </trkpt>
      <trkpt lat="40.790608" lon="-73.967974">
        <ele>0</ele>
        <time>2026-05-22T14:53:37.000Z</time>
      </trkpt>
      <trkpt lat="40.790603" lon="-73.967962">
        <ele>0</ele>
        <time>2026-05-22T14:53:38.000Z</time>
      </trkpt>
      <trkpt lat="40.790598" lon="-73.967951">
        <ele>0</ele>
        <time>2026-05-22T14:53:39.000Z</time>
      </trkpt>
      <trkpt lat="40.790593" lon="-73.967939">
        <ele>0</ele>
        <time>2026-05-22T14:53:40.000Z</time>
      </trkpt>
      <trkpt lat="40.790588" lon="-73.967927">
        <ele>0</ele>
        <time>2026-05-22T14:53:41.000Z</time>
      </trkpt>
      <trkpt lat="40.790583" lon="-73.967916">
        <ele>0</ele>
        <time>2026-05-22T14:53:42.000Z</time>
      </trkpt>
      <trkpt lat="40.790578" lon="-73.967904">
        <ele>0</ele>
        <time>2026-05-22T14:53:43.000Z</time>
      </trkpt>
      <trkpt lat="40.790573" lon="-73.967892">
        <ele>0</ele>
        <time>2026-05-22T14:53:44.000Z</time>
      </trkpt>
      <trkpt lat="40.790568" lon="-73.967881">
        <ele>0</ele>
        <time>2026-05-22T14:53:45.000Z</time>
      </trkpt>
      <trkpt lat="40.790563" lon="-73.967869">
        <ele>0</ele>
        <time>2026-05-22T14:53:46.000Z</time>
      </trkpt>
      <trkpt lat="40.790558" lon="-73.967858">
        <ele>0</ele>
        <time>2026-05-22T14:53:47.000Z</time>
      </trkpt>
      <trkpt lat="40.790553" lon="-73.967846">
        <ele>0</ele>
        <time>2026-05-22T14:53:48.000Z</time>
      </trkpt>
      <trkpt lat="40.790548" lon="-73.967834">
        <ele>0</ele>
        <time>2026-05-22T14:53:49.000Z</time>
      </trkpt>
      <trkpt lat="40.790543" lon="-73.967823">
        <ele>0</ele>
        <time>2026-05-22T14:53:50.000Z</time>
      </trkpt>
      <trkpt lat="40.790538" lon="-73.967811">
        <ele>0</ele>
        <time>2026-05-22T14:53:51.000Z</time>
      </trkpt>
      <trkpt lat="40.790533" lon="-73.9678">
        <ele>0</ele>
        <time>2026-05-22T14:53:52.000Z</time>
      </trkpt>
      <trkpt lat="40.790528" lon="-73.967788">
        <ele>0</ele>
        <time>2026-05-22T14:53:53.000Z</time>
      </trkpt>
      <trkpt lat="40.790523" lon="-73.967776">
        <ele>0</ele>
        <time>2026-05-22T14:53:54.000Z</time>
      </trkpt>
      <trkpt lat="40.790518" lon="-73.967765">
        <ele>0</ele>
        <time>2026-05-22T14:53:55.000Z</time>
      </trkpt>
      <trkpt lat="40.790513" lon="-73.967753">
        <ele>0</ele>
        <time>2026-05-22T14:53:56.000Z</time>
      </trkpt>
      <trkpt lat="40.790508" lon="-73.967742">
        <ele>0</ele>
        <time>2026-05-22T14:53:57.000Z</time>
      </trkpt>
      <trkpt lat="40.790503" lon="-73.96773">
        <ele>0</ele>
        <time>2026-05-22T14:53:58.000Z</time>
      </trkpt>
      <trkpt lat="40.790498" lon="-73.967718">
        <ele>0</ele>
        <time>2026-05-22T14:53:59.000Z</time>
      </trkpt>
      <trkpt lat="40.790493" lon="-73.967707">
        <ele>0</ele>
        <time>2026-05-22T14:54:00.000Z</time>
      </trkpt>
      <trkpt lat="40.790488" lon="-73.967695">
        <ele>0</ele>
        <time>2026-05-22T14:54:01.000Z</time>
      </trkpt>
      <trkpt lat="40.790483" lon="-73.967683">
        <ele>0</ele>
        <time>2026-05-22T14:54:02.000Z</time>
      </trkpt>
      <trkpt lat="40.790478" lon="-73.967672">
        <ele>0</ele>
        <time>2026-05-22T14:54:03.000Z</time>
      </trkpt>
      <trkpt lat="40.790473" lon="-73.96766">
        <ele>0</ele>
        <time>2026-05-22T14:54:04.000Z</time>
      </trkpt>
      <trkpt lat="40.790468" lon="-73.967649">
        <ele>0</ele>
        <time>2026-05-22T14:54:05.000Z</time>
      </trkpt>
      <trkpt lat="40.790463" lon="-73.967637">
        <ele>0</ele>
        <time>2026-05-22T14:54:06.000Z</time>
      </trkpt>
      <trkpt lat="40.790452" lon="-73.967614">
        <ele>0</ele>
        <time>2026-05-22T14:54:07.000Z</time>
      </trkpt>
      <trkpt lat="40.790447" lon="-73.967603">
        <ele>0</ele>
        <time>2026-05-22T14:54:08.000Z</time>
      </trkpt>
      <trkpt lat="40.790442" lon="-73.967592">
        <ele>0</ele>
        <time>2026-05-22T14:54:09.000Z</time>
      </trkpt>
      <trkpt lat="40.790437" lon="-73.967582">
        <ele>0</ele>
        <time>2026-05-22T14:54:10.000Z</time>
      </trkpt>
      <trkpt lat="40.790432" lon="-73.967571">
        <ele>0</ele>
        <time>2026-05-22T14:54:11.000Z</time>
      </trkpt>
      <trkpt lat="40.790427" lon="-73.96756">
        <ele>0</ele>
        <time>2026-05-22T14:54:12.000Z</time>
      </trkpt>
      <trkpt lat="40.790422" lon="-73.967549">
        <ele>0</ele>
        <time>2026-05-22T14:54:13.000Z</time>
      </trkpt>
      <trkpt lat="40.790417" lon="-73.967538">
        <ele>0</ele>
        <time>2026-05-22T14:54:14.000Z</time>
      </trkpt>
      <trkpt lat="40.790412" lon="-73.967527">
        <ele>0</ele>
        <time>2026-05-22T14:54:15.000Z</time>
      </trkpt>
      <trkpt lat="40.790407" lon="-73.967516">
        <ele>0</ele>
        <time>2026-05-22T14:54:16.000Z</time>
      </trkpt>
      <trkpt lat="40.790402" lon="-73.967506">
        <ele>0</ele>
        <time>2026-05-22T14:54:17.000Z</time>
      </trkpt>
      <trkpt lat="40.790397" lon="-73.967495">
        <ele>0</ele>
        <time>2026-05-22T14:54:18.000Z</time>
      </trkpt>
      <trkpt lat="40.790392" lon="-73.967484">
        <ele>0</ele>
        <time>2026-05-22T14:54:19.000Z</time>
      </trkpt>
      <trkpt lat="40.790387" lon="-73.967473">
        <ele>0</ele>
        <time>2026-05-22T14:54:20.000Z</time>
      </trkpt>
      <trkpt lat="40.790382" lon="-73.967462">
        <ele>0</ele>
        <time>2026-05-22T14:54:21.000Z</time>
      </trkpt>
      <trkpt lat="40.790377" lon="-73.967451">
        <ele>0</ele>
        <time>2026-05-22T14:54:22.000Z</time>
      </trkpt>
      <trkpt lat="40.790372" lon="-73.96744">
        <ele>0</ele>
        <time>2026-05-22T14:54:23.000Z</time>
      </trkpt>
      <trkpt lat="40.790367" lon="-73.96743">
        <ele>0</ele>
        <time>2026-05-22T14:54:24.000Z</time>
      </trkpt>
      <trkpt lat="40.790362" lon="-73.967419">
        <ele>0</ele>
        <time>2026-05-22T14:54:25.000Z</time>
      </trkpt>
      <trkpt lat="40.790357" lon="-73.967408">
        <ele>0</ele>
        <time>2026-05-22T14:54:26.000Z</time>
      </trkpt>
      <trkpt lat="40.790352" lon="-73.967397">
        <ele>0</ele>
        <time>2026-05-22T14:54:27.000Z</time>
      </trkpt>
      <trkpt lat="40.790347" lon="-73.967386">
        <ele>0</ele>
        <time>2026-05-22T14:54:28.000Z</time>
      </trkpt>
      <trkpt lat="40.790342" lon="-73.967375">
        <ele>0</ele>
        <time>2026-05-22T14:54:29.000Z</time>
      </trkpt>
      <trkpt lat="40.790337" lon="-73.967364">
        <ele>0</ele>
        <time>2026-05-22T14:54:30.000Z</time>
      </trkpt>
      <trkpt lat="40.790332" lon="-73.967354">
        <ele>0</ele>
        <time>2026-05-22T14:54:31.000Z</time>
      </trkpt>
      <trkpt lat="40.790327" lon="-73.967343">
        <ele>0</ele>
        <time>2026-05-22T14:54:32.000Z</time>
      </trkpt>
      <trkpt lat="40.790322" lon="-73.967332">
        <ele>0</ele>
        <time>2026-05-22T14:54:33.000Z</time>
      </trkpt>
      <trkpt lat="40.790317" lon="-73.967321">
        <ele>0</ele>
        <time>2026-05-22T14:54:34.000Z</time>
      </trkpt>
      <trkpt lat="40.790312" lon="-73.96731">
        <ele>0</ele>
        <time>2026-05-22T14:54:35.000Z</time>
      </trkpt>
      <trkpt lat="40.790307" lon="-73.967299">
        <ele>0</ele>
        <time>2026-05-22T14:54:36.000Z</time>
      </trkpt>
      <trkpt lat="40.790302" lon="-73.967288">
        <ele>0</ele>
        <time>2026-05-22T14:54:37.000Z</time>
      </trkpt>
      <trkpt lat="40.79029" lon="-73.967266">
        <ele>0</ele>
        <time>2026-05-22T14:54:38.000Z</time>
      </trkpt>
      <trkpt lat="40.790285" lon="-73.967254">
        <ele>0</ele>
        <time>2026-05-22T14:54:39.000Z</time>
      </trkpt>
      <trkpt lat="40.790279" lon="-73.967243">
        <ele>0</ele>
        <time>2026-05-22T14:54:40.000Z</time>
      </trkpt>
      <trkpt lat="40.790274" lon="-73.967232">
        <ele>0</ele>
        <time>2026-05-22T14:54:41.000Z</time>
      </trkpt>
      <trkpt lat="40.790268" lon="-73.96722">
        <ele>0</ele>
        <time>2026-05-22T14:54:42.000Z</time>
      </trkpt>
      <trkpt lat="40.790263" lon="-73.967209">
        <ele>0</ele>
        <time>2026-05-22T14:54:43.000Z</time>
      </trkpt>
      <trkpt lat="40.790257" lon="-73.967198">
        <ele>0</ele>
        <time>2026-05-22T14:54:44.000Z</time>
      </trkpt>
      <trkpt lat="40.790251" lon="-73.967186">
        <ele>0</ele>
        <time>2026-05-22T14:54:45.000Z</time>
      </trkpt>
      <trkpt lat="40.790246" lon="-73.967175">
        <ele>0</ele>
        <time>2026-05-22T14:54:46.000Z</time>
      </trkpt>
      <trkpt lat="40.79024" lon="-73.967163">
        <ele>0</ele>
        <time>2026-05-22T14:54:47.000Z</time>
      </trkpt>
      <trkpt lat="40.790235" lon="-73.967152">
        <ele>0</ele>
        <time>2026-05-22T14:54:48.000Z</time>
      </trkpt>
      <trkpt lat="40.790229" lon="-73.967141">
        <ele>0</ele>
        <time>2026-05-22T14:54:49.000Z</time>
      </trkpt>
      <trkpt lat="40.790223" lon="-73.967129">
        <ele>0</ele>
        <time>2026-05-22T14:54:50.000Z</time>
      </trkpt>
      <trkpt lat="40.790218" lon="-73.967118">
        <ele>0</ele>
        <time>2026-05-22T14:54:51.000Z</time>
      </trkpt>
      <trkpt lat="40.790212" lon="-73.967107">
        <ele>0</ele>
        <time>2026-05-22T14:54:52.000Z</time>
      </trkpt>
      <trkpt lat="40.790207" lon="-73.967095">
        <ele>0</ele>
        <time>2026-05-22T14:54:53.000Z</time>
      </trkpt>
      <trkpt lat="40.790201" lon="-73.967084">
        <ele>0</ele>
        <time>2026-05-22T14:54:54.000Z</time>
      </trkpt>
      <trkpt lat="40.790196" lon="-73.967073">
        <ele>0</ele>
        <time>2026-05-22T14:54:55.000Z</time>
      </trkpt>
      <trkpt lat="40.79019" lon="-73.967061">
        <ele>0</ele>
        <time>2026-05-22T14:54:56.000Z</time>
      </trkpt>
      <trkpt lat="40.790184" lon="-73.96705">
        <ele>0</ele>
        <time>2026-05-22T14:54:57.000Z</time>
      </trkpt>
      <trkpt lat="40.790179" lon="-73.967039">
        <ele>0</ele>
        <time>2026-05-22T14:54:58.000Z</time>
      </trkpt>
      <trkpt lat="40.790173" lon="-73.967027">
        <ele>0</ele>
        <time>2026-05-22T14:54:59.000Z</time>
      </trkpt>
      <trkpt lat="40.790168" lon="-73.967016">
        <ele>0</ele>
        <time>2026-05-22T14:55:00.000Z</time>
      </trkpt>
      <trkpt lat="40.790162" lon="-73.967005">
        <ele>0</ele>
        <time>2026-05-22T14:55:01.000Z</time>
      </trkpt>
      <trkpt lat="40.790156" lon="-73.966993">
        <ele>0</ele>
        <time>2026-05-22T14:55:02.000Z</time>
      </trkpt>
      <trkpt lat="40.790151" lon="-73.966982">
        <ele>0</ele>
        <time>2026-05-22T14:55:03.000Z</time>
      </trkpt>
      <trkpt lat="40.790145" lon="-73.966971">
        <ele>0</ele>
        <time>2026-05-22T14:55:04.000Z</time>
      </trkpt>
      <trkpt lat="40.79014" lon="-73.966959">
        <ele>0</ele>
        <time>2026-05-22T14:55:05.000Z</time>
      </trkpt>
      <trkpt lat="40.790134" lon="-73.966948">
        <ele>0</ele>
        <time>2026-05-22T14:55:06.000Z</time>
      </trkpt>
      <trkpt lat="40.790129" lon="-73.966936">
        <ele>0</ele>
        <time>2026-05-22T14:55:07.000Z</time>
      </trkpt>
      <trkpt lat="40.790116" lon="-73.966911">
        <ele>0</ele>
        <time>2026-05-22T14:55:08.000Z</time>
      </trkpt>
      <trkpt lat="40.79011" lon="-73.9669">
        <ele>0</ele>
        <time>2026-05-22T14:55:09.000Z</time>
      </trkpt>
      <trkpt lat="40.790104" lon="-73.966888">
        <ele>0</ele>
        <time>2026-05-22T14:55:10.000Z</time>
      </trkpt>
      <trkpt lat="40.790098" lon="-73.966877">
        <ele>0</ele>
        <time>2026-05-22T14:55:11.000Z</time>
      </trkpt>
      <trkpt lat="40.790093" lon="-73.966865">
        <ele>0</ele>
        <time>2026-05-22T14:55:12.000Z</time>
      </trkpt>
      <trkpt lat="40.790087" lon="-73.966854">
        <ele>0</ele>
        <time>2026-05-22T14:55:13.000Z</time>
      </trkpt>
      <trkpt lat="40.790081" lon="-73.966842">
        <ele>0</ele>
        <time>2026-05-22T14:55:14.000Z</time>
      </trkpt>
      <trkpt lat="40.790075" lon="-73.966831">
        <ele>0</ele>
        <time>2026-05-22T14:55:15.000Z</time>
      </trkpt>
      <trkpt lat="40.790069" lon="-73.966819">
        <ele>0</ele>
        <time>2026-05-22T14:55:16.000Z</time>
      </trkpt>
      <trkpt lat="40.790063" lon="-73.966807">
        <ele>0</ele>
        <time>2026-05-22T14:55:17.000Z</time>
      </trkpt>
      <trkpt lat="40.790057" lon="-73.966796">
        <ele>0</ele>
        <time>2026-05-22T14:55:18.000Z</time>
      </trkpt>
      <trkpt lat="40.790051" lon="-73.966784">
        <ele>0</ele>
        <time>2026-05-22T14:55:19.000Z</time>
      </trkpt>
      <trkpt lat="40.790045" lon="-73.966773">
        <ele>0</ele>
        <time>2026-05-22T14:55:20.000Z</time>
      </trkpt>
      <trkpt lat="40.790039" lon="-73.966761">
        <ele>0</ele>
        <time>2026-05-22T14:55:21.000Z</time>
      </trkpt>
      <trkpt lat="40.790034" lon="-73.96675">
        <ele>0</ele>
        <time>2026-05-22T14:55:22.000Z</time>
      </trkpt>
      <trkpt lat="40.790028" lon="-73.966738">
        <ele>0</ele>
        <time>2026-05-22T14:55:23.000Z</time>
      </trkpt>
      <trkpt lat="40.790022" lon="-73.966727">
        <ele>0</ele>
        <time>2026-05-22T14:55:24.000Z</time>
      </trkpt>
      <trkpt lat="40.790016" lon="-73.966715">
        <ele>0</ele>
        <time>2026-05-22T14:55:25.000Z</time>
      </trkpt>
      <trkpt lat="40.79001" lon="-73.966704">
        <ele>0</ele>
        <time>2026-05-22T14:55:26.000Z</time>
      </trkpt>
      <trkpt lat="40.790004" lon="-73.966692">
        <ele>0</ele>
        <time>2026-05-22T14:55:27.000Z</time>
      </trkpt>
      <trkpt lat="40.789998" lon="-73.96668">
        <ele>0</ele>
        <time>2026-05-22T14:55:29.000Z</time>
      </trkpt>
      <trkpt lat="40.789992" lon="-73.966669">
        <ele>0</ele>
        <time>2026-05-22T14:55:30.000Z</time>
      </trkpt>
      <trkpt lat="40.789986" lon="-73.966657">
        <ele>0</ele>
        <time>2026-05-22T14:55:31.000Z</time>
      </trkpt>
      <trkpt lat="40.78998" lon="-73.966646">
        <ele>0</ele>
        <time>2026-05-22T14:55:32.000Z</time>
      </trkpt>
      <trkpt lat="40.789975" lon="-73.966634">
        <ele>0</ele>
        <time>2026-05-22T14:55:33.000Z</time>
      </trkpt>
      <trkpt lat="40.789969" lon="-73.966623">
        <ele>0</ele>
        <time>2026-05-22T14:55:34.000Z</time>
      </trkpt>
      <trkpt lat="40.789963" lon="-73.966611">
        <ele>0</ele>
        <time>2026-05-22T14:55:35.000Z</time>
      </trkpt>
      <trkpt lat="40.789957" lon="-73.9666">
        <ele>0</ele>
        <time>2026-05-22T14:55:36.000Z</time>
      </trkpt>
      <trkpt lat="40.789951" lon="-73.966588">
        <ele>0</ele>
        <time>2026-05-22T14:55:37.000Z</time>
      </trkpt>
      <trkpt lat="40.789945" lon="-73.966576">
        <ele>0</ele>
        <time>2026-05-22T14:55:38.000Z</time>
      </trkpt>
      <trkpt lat="40.789932" lon="-73.966553">
        <ele>0</ele>
        <time>2026-05-22T14:55:39.000Z</time>
      </trkpt>
      <trkpt lat="40.789926" lon="-73.966541">
        <ele>0</ele>
        <time>2026-05-22T14:55:40.000Z</time>
      </trkpt>
      <trkpt lat="40.789919" lon="-73.966528">
        <ele>0</ele>
        <time>2026-05-22T14:55:41.000Z</time>
      </trkpt>
      <trkpt lat="40.789912" lon="-73.966516">
        <ele>0</ele>
        <time>2026-05-22T14:55:42.000Z</time>
      </trkpt>
      <trkpt lat="40.789905" lon="-73.966504">
        <ele>0</ele>
        <time>2026-05-22T14:55:43.000Z</time>
      </trkpt>
      <trkpt lat="40.789899" lon="-73.966492">
        <ele>0</ele>
        <time>2026-05-22T14:55:44.000Z</time>
      </trkpt>
      <trkpt lat="40.789892" lon="-73.96648">
        <ele>0</ele>
        <time>2026-05-22T14:55:45.000Z</time>
      </trkpt>
      <trkpt lat="40.789885" lon="-73.966467">
        <ele>0</ele>
        <time>2026-05-22T14:55:46.000Z</time>
      </trkpt>
      <trkpt lat="40.789878" lon="-73.966455">
        <ele>0</ele>
        <time>2026-05-22T14:55:47.000Z</time>
      </trkpt>
      <trkpt lat="40.789872" lon="-73.966443">
        <ele>0</ele>
        <time>2026-05-22T14:55:48.000Z</time>
      </trkpt>
      <trkpt lat="40.789865" lon="-73.966431">
        <ele>0</ele>
        <time>2026-05-22T14:55:49.000Z</time>
      </trkpt>
      <trkpt lat="40.789858" lon="-73.966419">
        <ele>0</ele>
        <time>2026-05-22T14:55:50.000Z</time>
      </trkpt>
      <trkpt lat="40.789851" lon="-73.966406">
        <ele>0</ele>
        <time>2026-05-22T14:55:51.000Z</time>
      </trkpt>
      <trkpt lat="40.789845" lon="-73.966394">
        <ele>0</ele>
        <time>2026-05-22T14:55:52.000Z</time>
      </trkpt>
      <trkpt lat="40.789838" lon="-73.966382">
        <ele>0</ele>
        <time>2026-05-22T14:55:53.000Z</time>
      </trkpt>
      <trkpt lat="40.789831" lon="-73.96637">
        <ele>0</ele>
        <time>2026-05-22T14:55:54.000Z</time>
      </trkpt>
      <trkpt lat="40.789824" lon="-73.966358">
        <ele>0</ele>
        <time>2026-05-22T14:55:55.000Z</time>
      </trkpt>
      <trkpt lat="40.789818" lon="-73.966346">
        <ele>0</ele>
        <time>2026-05-22T14:55:56.000Z</time>
      </trkpt>
      <trkpt lat="40.789811" lon="-73.966333">
        <ele>0</ele>
        <time>2026-05-22T14:55:57.000Z</time>
      </trkpt>
      <trkpt lat="40.789804" lon="-73.966321">
        <ele>0</ele>
        <time>2026-05-22T14:55:58.000Z</time>
      </trkpt>
      <trkpt lat="40.789797" lon="-73.966309">
        <ele>0</ele>
        <time>2026-05-22T14:55:59.000Z</time>
      </trkpt>
      <trkpt lat="40.789791" lon="-73.966297">
        <ele>0</ele>
        <time>2026-05-22T14:56:00.000Z</time>
      </trkpt>
      <trkpt lat="40.789784" lon="-73.966285">
        <ele>0</ele>
        <time>2026-05-22T14:56:01.000Z</time>
      </trkpt>
      <trkpt lat="40.789777" lon="-73.966272">
        <ele>0</ele>
        <time>2026-05-22T14:56:02.000Z</time>
      </trkpt>
      <trkpt lat="40.78977" lon="-73.96626">
        <ele>0</ele>
        <time>2026-05-22T14:56:03.000Z</time>
      </trkpt>
      <trkpt lat="40.789764" lon="-73.966248">
        <ele>0</ele>
        <time>2026-05-22T14:56:04.000Z</time>
      </trkpt>
      <trkpt lat="40.789757" lon="-73.966236">
        <ele>0</ele>
        <time>2026-05-22T14:56:05.000Z</time>
      </trkpt>
      <trkpt lat="40.78975" lon="-73.966224">
        <ele>0</ele>
        <time>2026-05-22T14:56:06.000Z</time>
      </trkpt>
      <trkpt lat="40.789743" lon="-73.966211">
        <ele>0</ele>
        <time>2026-05-22T14:56:07.000Z</time>
      </trkpt>
      <trkpt lat="40.789737" lon="-73.966199">
        <ele>0</ele>
        <time>2026-05-22T14:56:08.000Z</time>
      </trkpt>
      <trkpt lat="40.78973" lon="-73.966187">
        <ele>0</ele>
        <time>2026-05-22T14:56:09.000Z</time>
      </trkpt>
      <trkpt lat="40.789715" lon="-73.966164">
        <ele>0</ele>
        <time>2026-05-22T14:56:10.000Z</time>
      </trkpt>
      <trkpt lat="40.789709" lon="-73.966156">
        <ele>0</ele>
        <time>2026-05-22T14:56:11.000Z</time>
      </trkpt>
      <trkpt lat="40.789702" lon="-73.966147">
        <ele>0</ele>
        <time>2026-05-22T14:56:12.000Z</time>
      </trkpt>
      <trkpt lat="40.789696" lon="-73.966139">
        <ele>0</ele>
        <time>2026-05-22T14:56:13.000Z</time>
      </trkpt>
      <trkpt lat="40.789689" lon="-73.96613">
        <ele>0</ele>
        <time>2026-05-22T14:56:14.000Z</time>
      </trkpt>
      <trkpt lat="40.789683" lon="-73.966122">
        <ele>0</ele>
        <time>2026-05-22T14:56:15.000Z</time>
      </trkpt>
      <trkpt lat="40.789676" lon="-73.966113">
        <ele>0</ele>
        <time>2026-05-22T14:56:16.000Z</time>
      </trkpt>
      <trkpt lat="40.78967" lon="-73.966105">
        <ele>0</ele>
        <time>2026-05-22T14:56:17.000Z</time>
      </trkpt>
      <trkpt lat="40.789663" lon="-73.966096">
        <ele>0</ele>
        <time>2026-05-22T14:56:18.000Z</time>
      </trkpt>
      <trkpt lat="40.789657" lon="-73.966088">
        <ele>0</ele>
        <time>2026-05-22T14:56:19.000Z</time>
      </trkpt>
      <trkpt lat="40.78965" lon="-73.966079">
        <ele>0</ele>
        <time>2026-05-22T14:56:20.000Z</time>
      </trkpt>
      <trkpt lat="40.789644" lon="-73.96607">
        <ele>0</ele>
        <time>2026-05-22T14:56:21.000Z</time>
      </trkpt>
      <trkpt lat="40.789637" lon="-73.966062">
        <ele>0</ele>
        <time>2026-05-22T14:56:22.000Z</time>
      </trkpt>
      <trkpt lat="40.789631" lon="-73.966053">
        <ele>0</ele>
        <time>2026-05-22T14:56:23.000Z</time>
      </trkpt>
      <trkpt lat="40.789624" lon="-73.966045">
        <ele>0</ele>
        <time>2026-05-22T14:56:24.000Z</time>
      </trkpt>
      <trkpt lat="40.789618" lon="-73.966036">
        <ele>0</ele>
        <time>2026-05-22T14:56:25.000Z</time>
      </trkpt>
      <trkpt lat="40.789611" lon="-73.966028">
        <ele>0</ele>
        <time>2026-05-22T14:56:26.000Z</time>
      </trkpt>
      <trkpt lat="40.789605" lon="-73.966019">
        <ele>0</ele>
        <time>2026-05-22T14:56:27.000Z</time>
      </trkpt>
      <trkpt lat="40.789598" lon="-73.966011">
        <ele>0</ele>
        <time>2026-05-22T14:56:28.000Z</time>
      </trkpt>
      <trkpt lat="40.789592" lon="-73.966002">
        <ele>0</ele>
        <time>2026-05-22T14:56:29.000Z</time>
      </trkpt>
      <trkpt lat="40.789585" lon="-73.965993">
        <ele>0</ele>
        <time>2026-05-22T14:56:30.000Z</time>
      </trkpt>
      <trkpt lat="40.789579" lon="-73.965985">
        <ele>0</ele>
        <time>2026-05-22T14:56:31.000Z</time>
      </trkpt>
      <trkpt lat="40.789572" lon="-73.965976">
        <ele>0</ele>
        <time>2026-05-22T14:56:32.000Z</time>
      </trkpt>
      <trkpt lat="40.789566" lon="-73.965968">
        <ele>0</ele>
        <time>2026-05-22T14:56:33.000Z</time>
      </trkpt>
      <trkpt lat="40.789559" lon="-73.965959">
        <ele>0</ele>
        <time>2026-05-22T14:56:34.000Z</time>
      </trkpt>
      <trkpt lat="40.789553" lon="-73.965951">
        <ele>0</ele>
        <time>2026-05-22T14:56:35.000Z</time>
      </trkpt>
      <trkpt lat="40.789546" lon="-73.965942">
        <ele>0</ele>
        <time>2026-05-22T14:56:36.000Z</time>
      </trkpt>
      <trkpt lat="40.78954" lon="-73.965934">
        <ele>0</ele>
        <time>2026-05-22T14:56:37.000Z</time>
      </trkpt>
      <trkpt lat="40.789533" lon="-73.965925">
        <ele>0</ele>
        <time>2026-05-22T14:56:38.000Z</time>
      </trkpt>
      <trkpt lat="40.789527" lon="-73.965917">
        <ele>0</ele>
        <time>2026-05-22T14:56:39.000Z</time>
      </trkpt>
      <trkpt lat="40.78952" lon="-73.965908">
        <ele>0</ele>
        <time>2026-05-22T14:56:40.000Z</time>
      </trkpt>
      <trkpt lat="40.789511" lon="-73.965884">
        <ele>0</ele>
        <time>2026-05-22T14:56:41.000Z</time>
      </trkpt>
      <trkpt lat="40.789508" lon="-73.965873">
        <ele>0</ele>
        <time>2026-05-22T14:56:42.000Z</time>
      </trkpt>
      <trkpt lat="40.789504" lon="-73.965862">
        <ele>0</ele>
        <time>2026-05-22T14:56:43.000Z</time>
      </trkpt>
      <trkpt lat="40.789501" lon="-73.965852">
        <ele>0</ele>
        <time>2026-05-22T14:56:44.000Z</time>
      </trkpt>
      <trkpt lat="40.789497" lon="-73.965841">
        <ele>0</ele>
        <time>2026-05-22T14:56:45.000Z</time>
      </trkpt>
      <trkpt lat="40.789494" lon="-73.96583">
        <ele>0</ele>
        <time>2026-05-22T14:56:46.000Z</time>
      </trkpt>
      <trkpt lat="40.78949" lon="-73.965819">
        <ele>0</ele>
        <time>2026-05-22T14:56:47.000Z</time>
      </trkpt>
      <trkpt lat="40.789486" lon="-73.965808">
        <ele>0</ele>
        <time>2026-05-22T14:56:48.000Z</time>
      </trkpt>
      <trkpt lat="40.789483" lon="-73.965797">
        <ele>0</ele>
        <time>2026-05-22T14:56:49.000Z</time>
      </trkpt>
      <trkpt lat="40.789479" lon="-73.965787">
        <ele>0</ele>
        <time>2026-05-22T14:56:50.000Z</time>
      </trkpt>
      <trkpt lat="40.789476" lon="-73.965776">
        <ele>0</ele>
        <time>2026-05-22T14:56:51.000Z</time>
      </trkpt>
      <trkpt lat="40.789472" lon="-73.965765">
        <ele>0</ele>
        <time>2026-05-22T14:56:52.000Z</time>
      </trkpt>
      <trkpt lat="40.789469" lon="-73.965754">
        <ele>0</ele>
        <time>2026-05-22T14:56:53.000Z</time>
      </trkpt>
      <trkpt lat="40.789463" lon="-73.965728">
        <ele>0</ele>
        <time>2026-05-22T14:56:54.000Z</time>
      </trkpt>
      <trkpt lat="40.789461" lon="-73.965716">
        <ele>0</ele>
        <time>2026-05-22T14:56:55.000Z</time>
      </trkpt>
      <trkpt lat="40.789459" lon="-73.965703">
        <ele>0</ele>
        <time>2026-05-22T14:56:56.000Z</time>
      </trkpt>
      <trkpt lat="40.789457" lon="-73.96569">
        <ele>0</ele>
        <time>2026-05-22T14:56:57.000Z</time>
      </trkpt>
      <trkpt lat="40.789455" lon="-73.965677">
        <ele>0</ele>
        <time>2026-05-22T14:56:58.000Z</time>
      </trkpt>
      <trkpt lat="40.789453" lon="-73.965665">
        <ele>0</ele>
        <time>2026-05-22T14:56:59.000Z</time>
      </trkpt>
      <trkpt lat="40.789451" lon="-73.965652">
        <ele>0</ele>
        <time>2026-05-22T14:57:00.000Z</time>
      </trkpt>
      <trkpt lat="40.789449" lon="-73.965639">
        <ele>0</ele>
        <time>2026-05-22T14:57:01.000Z</time>
      </trkpt>
      <trkpt lat="40.789448" lon="-73.965626">
        <ele>0</ele>
        <time>2026-05-22T14:57:02.000Z</time>
      </trkpt>
      <trkpt lat="40.789446" lon="-73.965614">
        <ele>0</ele>
        <time>2026-05-22T14:57:03.000Z</time>
      </trkpt>
      <trkpt lat="40.789444" lon="-73.965601">
        <ele>0</ele>
        <time>2026-05-22T14:57:04.000Z</time>
      </trkpt>
      <trkpt lat="40.789442" lon="-73.965588">
        <ele>0</ele>
        <time>2026-05-22T14:57:05.000Z</time>
      </trkpt>
      <trkpt lat="40.78944" lon="-73.965575">
        <ele>0</ele>
        <time>2026-05-22T14:57:06.000Z</time>
      </trkpt>
      <trkpt lat="40.789438" lon="-73.965563">
        <ele>0</ele>
        <time>2026-05-22T14:57:07.000Z</time>
      </trkpt>
      <trkpt lat="40.789436" lon="-73.96555">
        <ele>0</ele>
        <time>2026-05-22T14:57:08.000Z</time>
      </trkpt>
      <trkpt lat="40.789434" lon="-73.965537">
        <ele>0</ele>
        <time>2026-05-22T14:57:09.000Z</time>
      </trkpt>
      <trkpt lat="40.789432" lon="-73.965525">
        <ele>0</ele>
        <time>2026-05-22T14:57:10.000Z</time>
      </trkpt>
      <trkpt lat="40.78943" lon="-73.965512">
        <ele>0</ele>
        <time>2026-05-22T14:57:11.000Z</time>
      </trkpt>
      <trkpt lat="40.789428" lon="-73.965499">
        <ele>0</ele>
        <time>2026-05-22T14:57:12.000Z</time>
      </trkpt>
      <trkpt lat="40.789426" lon="-73.965486">
        <ele>0</ele>
        <time>2026-05-22T14:57:13.000Z</time>
      </trkpt>
      <trkpt lat="40.789424" lon="-73.965474">
        <ele>0</ele>
        <time>2026-05-22T14:57:14.000Z</time>
      </trkpt>
      <trkpt lat="40.789422" lon="-73.965461">
        <ele>0</ele>
        <time>2026-05-22T14:57:15.000Z</time>
      </trkpt>
      <trkpt lat="40.78942" lon="-73.965448">
        <ele>0</ele>
        <time>2026-05-22T14:57:16.000Z</time>
      </trkpt>
      <trkpt lat="40.789418" lon="-73.965435">
        <ele>0</ele>
        <time>2026-05-22T14:57:17.000Z</time>
      </trkpt>
      <trkpt lat="40.789416" lon="-73.965423">
        <ele>0</ele>
        <time>2026-05-22T14:57:18.000Z</time>
      </trkpt>
      <trkpt lat="40.789415" lon="-73.96541">
        <ele>0</ele>
        <time>2026-05-22T14:57:19.000Z</time>
      </trkpt>
      <trkpt lat="40.789413" lon="-73.965384">
        <ele>0</ele>
        <time>2026-05-22T14:57:20.000Z</time>
      </trkpt>
      <trkpt lat="40.78941" lon="-73.965371">
        <ele>0</ele>
        <time>2026-05-22T14:57:21.000Z</time>
      </trkpt>
      <trkpt lat="40.789408" lon="-73.965358">
        <ele>0</ele>
        <time>2026-05-22T14:57:22.000Z</time>
      </trkpt>
      <trkpt lat="40.789405" lon="-73.965346">
        <ele>0</ele>
        <time>2026-05-22T14:57:23.000Z</time>
      </trkpt>
      <trkpt lat="40.789403" lon="-73.965333">
        <ele>0</ele>
        <time>2026-05-22T14:57:24.000Z</time>
      </trkpt>
      <trkpt lat="40.7894" lon="-73.96532">
        <ele>0</ele>
        <time>2026-05-22T14:57:25.000Z</time>
      </trkpt>
      <trkpt lat="40.789398" lon="-73.965307">
        <ele>0</ele>
        <time>2026-05-22T14:57:26.000Z</time>
      </trkpt>
      <trkpt lat="40.789395" lon="-73.965294">
        <ele>0</ele>
        <time>2026-05-22T14:57:27.000Z</time>
      </trkpt>
      <trkpt lat="40.789393" lon="-73.965281">
        <ele>0</ele>
        <time>2026-05-22T14:57:28.000Z</time>
      </trkpt>
      <trkpt lat="40.78939" lon="-73.965269">
        <ele>0</ele>
        <time>2026-05-22T14:57:29.000Z</time>
      </trkpt>
      <trkpt lat="40.789388" lon="-73.965256">
        <ele>0</ele>
        <time>2026-05-22T14:57:30.000Z</time>
      </trkpt>
      <trkpt lat="40.789385" lon="-73.965243">
        <ele>0</ele>
        <time>2026-05-22T14:57:31.000Z</time>
      </trkpt>
      <trkpt lat="40.789383" lon="-73.96523">
        <ele>0</ele>
        <time>2026-05-22T14:57:32.000Z</time>
      </trkpt>
      <trkpt lat="40.789381" lon="-73.965217">
        <ele>0</ele>
        <time>2026-05-22T14:57:33.000Z</time>
      </trkpt>
      <trkpt lat="40.789378" lon="-73.965204">
        <ele>0</ele>
        <time>2026-05-22T14:57:34.000Z</time>
      </trkpt>
      <trkpt lat="40.789376" lon="-73.965192">
        <ele>0</ele>
        <time>2026-05-22T14:57:35.000Z</time>
      </trkpt>
      <trkpt lat="40.789373" lon="-73.965179">
        <ele>0</ele>
        <time>2026-05-22T14:57:36.000Z</time>
      </trkpt>
      <trkpt lat="40.789371" lon="-73.965166">
        <ele>0</ele>
        <time>2026-05-22T14:57:37.000Z</time>
      </trkpt>
      <trkpt lat="40.789368" lon="-73.965153">
        <ele>0</ele>
        <time>2026-05-22T14:57:38.000Z</time>
      </trkpt>
      <trkpt lat="40.789366" lon="-73.96514">
        <ele>0</ele>
        <time>2026-05-22T14:57:39.000Z</time>
      </trkpt>
      <trkpt lat="40.789363" lon="-73.965127">
        <ele>0</ele>
        <time>2026-05-22T14:57:40.000Z</time>
      </trkpt>
      <trkpt lat="40.789361" lon="-73.965115">
        <ele>0</ele>
        <time>2026-05-22T14:57:41.000Z</time>
      </trkpt>
      <trkpt lat="40.789358" lon="-73.965102">
        <ele>0</ele>
        <time>2026-05-22T14:57:42.000Z</time>
      </trkpt>
      <trkpt lat="40.789356" lon="-73.965089">
        <ele>0</ele>
        <time>2026-05-22T14:57:43.000Z</time>
      </trkpt>
      <trkpt lat="40.789354" lon="-73.965076">
        <ele>0</ele>
        <time>2026-05-22T14:57:44.000Z</time>
      </trkpt>
      <trkpt lat="40.789351" lon="-73.965053">
        <ele>0</ele>
        <time>2026-05-22T14:57:45.000Z</time>
      </trkpt>
      <trkpt lat="40.789351" lon="-73.96504">
        <ele>0</ele>
        <time>2026-05-22T14:57:46.000Z</time>
      </trkpt>
      <trkpt lat="40.789351" lon="-73.965028">
        <ele>0</ele>
        <time>2026-05-22T14:57:47.000Z</time>
      </trkpt>
      <trkpt lat="40.789351" lon="-73.965015">
        <ele>0</ele>
        <time>2026-05-22T14:57:48.000Z</time>
      </trkpt>
      <trkpt lat="40.789351" lon="-73.965003">
        <ele>0</ele>
        <time>2026-05-22T14:57:49.000Z</time>
      </trkpt>
      <trkpt lat="40.789351" lon="-73.964991">
        <ele>0</ele>
        <time>2026-05-22T14:57:50.000Z</time>
      </trkpt>
      <trkpt lat="40.789351" lon="-73.964978">
        <ele>0</ele>
        <time>2026-05-22T14:57:51.000Z</time>
      </trkpt>
      <trkpt lat="40.789351" lon="-73.964966">
        <ele>0</ele>
        <time>2026-05-22T14:57:52.000Z</time>
      </trkpt>
      <trkpt lat="40.78935" lon="-73.964953">
        <ele>0</ele>
        <time>2026-05-22T14:57:53.000Z</time>
      </trkpt>
      <trkpt lat="40.78935" lon="-73.964941">
        <ele>0</ele>
        <time>2026-05-22T14:57:54.000Z</time>
      </trkpt>
      <trkpt lat="40.78935" lon="-73.964929">
        <ele>0</ele>
        <time>2026-05-22T14:57:55.000Z</time>
      </trkpt>
      <trkpt lat="40.78935" lon="-73.964916">
        <ele>0</ele>
        <time>2026-05-22T14:57:56.000Z</time>
      </trkpt>
      <trkpt lat="40.78935" lon="-73.964904">
        <ele>0</ele>
        <time>2026-05-22T14:57:57.000Z</time>
      </trkpt>
      <trkpt lat="40.78935" lon="-73.964891">
        <ele>0</ele>
        <time>2026-05-22T14:57:58.000Z</time>
      </trkpt>
      <trkpt lat="40.78935" lon="-73.964879">
        <ele>0</ele>
        <time>2026-05-22T14:57:59.000Z</time>
      </trkpt>
      <trkpt lat="40.78935" lon="-73.964867">
        <ele>0</ele>
        <time>2026-05-22T14:58:00.000Z</time>
      </trkpt>
      <trkpt lat="40.78935" lon="-73.964854">
        <ele>0</ele>
        <time>2026-05-22T14:58:01.000Z</time>
      </trkpt>
      <trkpt lat="40.78935" lon="-73.964842">
        <ele>0</ele>
        <time>2026-05-22T14:58:02.000Z</time>
      </trkpt>
      <trkpt lat="40.78935" lon="-73.964829">
        <ele>0</ele>
        <time>2026-05-22T14:58:03.000Z</time>
      </trkpt>
      <trkpt lat="40.78935" lon="-73.964817">
        <ele>0</ele>
        <time>2026-05-22T14:58:04.000Z</time>
      </trkpt>
      <trkpt lat="40.78935" lon="-73.964805">
        <ele>0</ele>
        <time>2026-05-22T14:58:05.000Z</time>
      </trkpt>
      <trkpt lat="40.78935" lon="-73.964792">
        <ele>0</ele>
        <time>2026-05-22T14:58:06.000Z</time>
      </trkpt>
      <trkpt lat="40.78935" lon="-73.96478">
        <ele>0</ele>
        <time>2026-05-22T14:58:07.000Z</time>
      </trkpt>
      <trkpt lat="40.78935" lon="-73.964767">
        <ele>0</ele>
        <time>2026-05-22T14:58:08.000Z</time>
      </trkpt>
      <trkpt lat="40.78935" lon="-73.964755">
        <ele>0</ele>
        <time>2026-05-22T14:58:09.000Z</time>
      </trkpt>
      <trkpt lat="40.78935" lon="-73.964743">
        <ele>0</ele>
        <time>2026-05-22T14:58:10.000Z</time>
      </trkpt>
      <trkpt lat="40.789352" lon="-73.964718">
        <ele>0</ele>
        <time>2026-05-22T14:58:11.000Z</time>
      </trkpt>
      <trkpt lat="40.789354" lon="-73.964706">
        <ele>0</ele>
        <time>2026-05-22T14:58:12.000Z</time>
      </trkpt>
      <trkpt lat="40.789355" lon="-73.964693">
        <ele>0</ele>
        <time>2026-05-22T14:58:13.000Z</time>
      </trkpt>
      <trkpt lat="40.789356" lon="-73.964681">
        <ele>0</ele>
        <time>2026-05-22T14:58:14.000Z</time>
      </trkpt>
      <trkpt lat="40.789358" lon="-73.964669">
        <ele>0</ele>
        <time>2026-05-22T14:58:15.000Z</time>
      </trkpt>
      <trkpt lat="40.789359" lon="-73.964657">
        <ele>0</ele>
        <time>2026-05-22T14:58:16.000Z</time>
      </trkpt>
      <trkpt lat="40.78936" lon="-73.964645">
        <ele>0</ele>
        <time>2026-05-22T14:58:17.000Z</time>
      </trkpt>
      <trkpt lat="40.789361" lon="-73.964632">
        <ele>0</ele>
        <time>2026-05-22T14:58:18.000Z</time>
      </trkpt>
      <trkpt lat="40.789363" lon="-73.96462">
        <ele>0</ele>
        <time>2026-05-22T14:58:19.000Z</time>
      </trkpt>
      <trkpt lat="40.789364" lon="-73.964608">
        <ele>0</ele>
        <time>2026-05-22T14:58:20.000Z</time>
      </trkpt>
      <trkpt lat="40.789365" lon="-73.964596">
        <ele>0</ele>
        <time>2026-05-22T14:58:21.000Z</time>
      </trkpt>
      <trkpt lat="40.789367" lon="-73.964584">
        <ele>0</ele>
        <time>2026-05-22T14:58:22.000Z</time>
      </trkpt>
      <trkpt lat="40.789368" lon="-73.964571">
        <ele>0</ele>
        <time>2026-05-22T14:58:23.000Z</time>
      </trkpt>
      <trkpt lat="40.789369" lon="-73.964559">
        <ele>0</ele>
        <time>2026-05-22T14:58:24.000Z</time>
      </trkpt>
      <trkpt lat="40.789371" lon="-73.964547">
        <ele>0</ele>
        <time>2026-05-22T14:58:25.000Z</time>
      </trkpt>
      <trkpt lat="40.789372" lon="-73.964535">
        <ele>0</ele>
        <time>2026-05-22T14:58:26.000Z</time>
      </trkpt>
      <trkpt lat="40.789373" lon="-73.964523">
        <ele>0</ele>
        <time>2026-05-22T14:58:27.000Z</time>
      </trkpt>
      <trkpt lat="40.789374" lon="-73.96451">
        <ele>0</ele>
        <time>2026-05-22T14:58:28.000Z</time>
      </trkpt>
      <trkpt lat="40.789376" lon="-73.964498">
        <ele>0</ele>
        <time>2026-05-22T14:58:29.000Z</time>
      </trkpt>
      <trkpt lat="40.789377" lon="-73.964486">
        <ele>0</ele>
        <time>2026-05-22T14:58:30.000Z</time>
      </trkpt>
      <trkpt lat="40.789378" lon="-73.964474">
        <ele>0</ele>
        <time>2026-05-22T14:58:31.000Z</time>
      </trkpt>
      <trkpt lat="40.78938" lon="-73.964462">
        <ele>0</ele>
        <time>2026-05-22T14:58:32.000Z</time>
      </trkpt>
      <trkpt lat="40.789381" lon="-73.964449">
        <ele>0</ele>
        <time>2026-05-22T14:58:34.000Z</time>
      </trkpt>
      <trkpt lat="40.789382" lon="-73.964437">
        <ele>0</ele>
        <time>2026-05-22T14:58:35.000Z</time>
      </trkpt>
      <trkpt lat="40.789384" lon="-73.964425">
        <ele>0</ele>
        <time>2026-05-22T14:58:36.000Z</time>
      </trkpt>
      <trkpt lat="40.789385" lon="-73.9644">
        <ele>0</ele>
        <time>2026-05-22T14:58:37.000Z</time>
      </trkpt>
      <trkpt lat="40.789385" lon="-73.964387">
        <ele>0</ele>
        <time>2026-05-22T14:58:38.000Z</time>
      </trkpt>
      <trkpt lat="40.789386" lon="-73.964375">
        <ele>0</ele>
        <time>2026-05-22T14:58:39.000Z</time>
      </trkpt>
      <trkpt lat="40.789386" lon="-73.964362">
        <ele>0</ele>
        <time>2026-05-22T14:58:40.000Z</time>
      </trkpt>
      <trkpt lat="40.789387" lon="-73.964349">
        <ele>0</ele>
        <time>2026-05-22T14:58:41.000Z</time>
      </trkpt>
      <trkpt lat="40.789387" lon="-73.964336">
        <ele>0</ele>
        <time>2026-05-22T14:58:42.000Z</time>
      </trkpt>
      <trkpt lat="40.789388" lon="-73.964323">
        <ele>0</ele>
        <time>2026-05-22T14:58:43.000Z</time>
      </trkpt>
      <trkpt lat="40.789389" lon="-73.964311">
        <ele>0</ele>
        <time>2026-05-22T14:58:44.000Z</time>
      </trkpt>
      <trkpt lat="40.789389" lon="-73.964298">
        <ele>0</ele>
        <time>2026-05-22T14:58:45.000Z</time>
      </trkpt>
      <trkpt lat="40.78939" lon="-73.964285">
        <ele>0</ele>
        <time>2026-05-22T14:58:46.000Z</time>
      </trkpt>
      <trkpt lat="40.78939" lon="-73.964272">
        <ele>0</ele>
        <time>2026-05-22T14:58:47.000Z</time>
      </trkpt>
      <trkpt lat="40.789391" lon="-73.96426">
        <ele>0</ele>
        <time>2026-05-22T14:58:48.000Z</time>
      </trkpt>
      <trkpt lat="40.789392" lon="-73.964247">
        <ele>0</ele>
        <time>2026-05-22T14:58:49.000Z</time>
      </trkpt>
      <trkpt lat="40.789392" lon="-73.964234">
        <ele>0</ele>
        <time>2026-05-22T14:58:50.000Z</time>
      </trkpt>
      <trkpt lat="40.789393" lon="-73.964221">
        <ele>0</ele>
        <time>2026-05-22T14:58:51.000Z</time>
      </trkpt>
      <trkpt lat="40.789393" lon="-73.964208">
        <ele>0</ele>
        <time>2026-05-22T14:58:52.000Z</time>
      </trkpt>
      <trkpt lat="40.789394" lon="-73.964196">
        <ele>0</ele>
        <time>2026-05-22T14:58:53.000Z</time>
      </trkpt>
      <trkpt lat="40.789394" lon="-73.964183">
        <ele>0</ele>
        <time>2026-05-22T14:58:54.000Z</time>
      </trkpt>
      <trkpt lat="40.789395" lon="-73.96417">
        <ele>0</ele>
        <time>2026-05-22T14:58:55.000Z</time>
      </trkpt>
      <trkpt lat="40.789396" lon="-73.964157">
        <ele>0</ele>
        <time>2026-05-22T14:58:56.000Z</time>
      </trkpt>
      <trkpt lat="40.789396" lon="-73.964144">
        <ele>0</ele>
        <time>2026-05-22T14:58:57.000Z</time>
      </trkpt>
      <trkpt lat="40.789397" lon="-73.964132">
        <ele>0</ele>
        <time>2026-05-22T14:58:58.000Z</time>
      </trkpt>
      <trkpt lat="40.789397" lon="-73.964119">
        <ele>0</ele>
        <time>2026-05-22T14:58:59.000Z</time>
      </trkpt>
      <trkpt lat="40.789398" lon="-73.964106">
        <ele>0</ele>
        <time>2026-05-22T14:59:00.000Z</time>
      </trkpt>
      <trkpt lat="40.789398" lon="-73.964093">
        <ele>0</ele>
        <time>2026-05-22T14:59:01.000Z</time>
      </trkpt>
      <trkpt lat="40.789399" lon="-73.964081">
        <ele>0</ele>
        <time>2026-05-22T14:59:02.000Z</time>
      </trkpt>
      <trkpt lat="40.789398" lon="-73.96406">
        <ele>0</ele>
        <time>2026-05-22T14:59:03.000Z</time>
      </trkpt>
      <trkpt lat="40.789397" lon="-73.96405">
        <ele>0</ele>
        <time>2026-05-22T14:59:04.000Z</time>
      </trkpt>
      <trkpt lat="40.789396" lon="-73.964041">
        <ele>0</ele>
        <time>2026-05-22T14:59:05.000Z</time>
      </trkpt>
      <trkpt lat="40.789395" lon="-73.964031">
        <ele>0</ele>
        <time>2026-05-22T14:59:06.000Z</time>
      </trkpt>
      <trkpt lat="40.789394" lon="-73.964022">
        <ele>0</ele>
        <time>2026-05-22T14:59:07.000Z</time>
      </trkpt>
      <trkpt lat="40.789393" lon="-73.963999">
        <ele>0</ele>
        <time>2026-05-22T14:59:08.000Z</time>
      </trkpt>
      <trkpt lat="40.789392" lon="-73.963986">
        <ele>0</ele>
        <time>2026-05-22T14:59:09.000Z</time>
      </trkpt>
      <trkpt lat="40.789391" lon="-73.963973">
        <ele>0</ele>
        <time>2026-05-22T14:59:10.000Z</time>
      </trkpt>
      <trkpt lat="40.78939" lon="-73.96396">
        <ele>0</ele>
        <time>2026-05-22T14:59:11.000Z</time>
      </trkpt>
      <trkpt lat="40.789389" lon="-73.963947">
        <ele>0</ele>
        <time>2026-05-22T14:59:12.000Z</time>
      </trkpt>
      <trkpt lat="40.789388" lon="-73.963934">
        <ele>0</ele>
        <time>2026-05-22T14:59:13.000Z</time>
      </trkpt>
      <trkpt lat="40.789387" lon="-73.963921">
        <ele>0</ele>
        <time>2026-05-22T14:59:14.000Z</time>
      </trkpt>
      <trkpt lat="40.789386" lon="-73.963908">
        <ele>0</ele>
        <time>2026-05-22T14:59:15.000Z</time>
      </trkpt>
      <trkpt lat="40.789384" lon="-73.963895">
        <ele>0</ele>
        <time>2026-05-22T14:59:16.000Z</time>
      </trkpt>
      <trkpt lat="40.789383" lon="-73.963882">
        <ele>0</ele>
        <time>2026-05-22T14:59:17.000Z</time>
      </trkpt>
      <trkpt lat="40.789382" lon="-73.963869">
        <ele>0</ele>
        <time>2026-05-22T14:59:18.000Z</time>
      </trkpt>
      <trkpt lat="40.789381" lon="-73.963856">
        <ele>0</ele>
        <time>2026-05-22T14:59:19.000Z</time>
      </trkpt>
      <trkpt lat="40.78938" lon="-73.963843">
        <ele>0</ele>
        <time>2026-05-22T14:59:20.000Z</time>
      </trkpt>
      <trkpt lat="40.789379" lon="-73.963831">
        <ele>0</ele>
        <time>2026-05-22T14:59:21.000Z</time>
      </trkpt>
      <trkpt lat="40.789378" lon="-73.963818">
        <ele>0</ele>
        <time>2026-05-22T14:59:22.000Z</time>
      </trkpt>
      <trkpt lat="40.789377" lon="-73.963805">
        <ele>0</ele>
        <time>2026-05-22T14:59:23.000Z</time>
      </trkpt>
      <trkpt lat="40.789376" lon="-73.963792">
        <ele>0</ele>
        <time>2026-05-22T14:59:24.000Z</time>
      </trkpt>
      <trkpt lat="40.789375" lon="-73.963779">
        <ele>0</ele>
        <time>2026-05-22T14:59:25.000Z</time>
      </trkpt>
      <trkpt lat="40.789374" lon="-73.963766">
        <ele>0</ele>
        <time>2026-05-22T14:59:26.000Z</time>
      </trkpt>
      <trkpt lat="40.789373" lon="-73.963753">
        <ele>0</ele>
        <time>2026-05-22T14:59:27.000Z</time>
      </trkpt>
      <trkpt lat="40.789372" lon="-73.96374">
        <ele>0</ele>
        <time>2026-05-22T14:59:28.000Z</time>
      </trkpt>
      <trkpt lat="40.789371" lon="-73.963727">
        <ele>0</ele>
        <time>2026-05-22T14:59:29.000Z</time>
      </trkpt>
      <trkpt lat="40.78937" lon="-73.963714">
        <ele>0</ele>
        <time>2026-05-22T14:59:30.000Z</time>
      </trkpt>
      <trkpt lat="40.789369" lon="-73.963701">
        <ele>0</ele>
        <time>2026-05-22T14:59:31.000Z</time>
      </trkpt>
      <trkpt lat="40.789368" lon="-73.963688">
        <ele>0</ele>
        <time>2026-05-22T14:59:32.000Z</time>
      </trkpt>
      <trkpt lat="40.789367" lon="-73.963675">
        <ele>0</ele>
        <time>2026-05-22T14:59:33.000Z</time>
      </trkpt>
      <trkpt lat="40.789363" lon="-73.963651">
        <ele>0</ele>
        <time>2026-05-22T14:59:34.000Z</time>
      </trkpt>
      <trkpt lat="40.78936" lon="-73.963638">
        <ele>0</ele>
        <time>2026-05-22T14:59:35.000Z</time>
      </trkpt>
      <trkpt lat="40.789358" lon="-73.963624">
        <ele>0</ele>
        <time>2026-05-22T14:59:36.000Z</time>
      </trkpt>
      <trkpt lat="40.789355" lon="-73.963611">
        <ele>0</ele>
        <time>2026-05-22T14:59:37.000Z</time>
      </trkpt>
      <trkpt lat="40.789353" lon="-73.963598">
        <ele>0</ele>
        <time>2026-05-22T14:59:38.000Z</time>
      </trkpt>
      <trkpt lat="40.789351" lon="-73.963585">
        <ele>0</ele>
        <time>2026-05-22T14:59:39.000Z</time>
      </trkpt>
      <trkpt lat="40.789348" lon="-73.963572">
        <ele>0</ele>
        <time>2026-05-22T14:59:40.000Z</time>
      </trkpt>
      <trkpt lat="40.789346" lon="-73.963559">
        <ele>0</ele>
        <time>2026-05-22T14:59:41.000Z</time>
      </trkpt>
      <trkpt lat="40.789344" lon="-73.963545">
        <ele>0</ele>
        <time>2026-05-22T14:59:42.000Z</time>
      </trkpt>
      <trkpt lat="40.789341" lon="-73.963532">
        <ele>0</ele>
        <time>2026-05-22T14:59:43.000Z</time>
      </trkpt>
      <trkpt lat="40.789339" lon="-73.963519">
        <ele>0</ele>
        <time>2026-05-22T14:59:44.000Z</time>
      </trkpt>
      <trkpt lat="40.789336" lon="-73.963506">
        <ele>0</ele>
        <time>2026-05-22T14:59:45.000Z</time>
      </trkpt>
      <trkpt lat="40.789334" lon="-73.963493">
        <ele>0</ele>
        <time>2026-05-22T14:59:46.000Z</time>
      </trkpt>
      <trkpt lat="40.789332" lon="-73.963479">
        <ele>0</ele>
        <time>2026-05-22T14:59:47.000Z</time>
      </trkpt>
      <trkpt lat="40.789329" lon="-73.963466">
        <ele>0</ele>
        <time>2026-05-22T14:59:48.000Z</time>
      </trkpt>
      <trkpt lat="40.789327" lon="-73.963453">
        <ele>0</ele>
        <time>2026-05-22T14:59:49.000Z</time>
      </trkpt>
      <trkpt lat="40.789325" lon="-73.96344">
        <ele>0</ele>
        <time>2026-05-22T14:59:50.000Z</time>
      </trkpt>
      <trkpt lat="40.789322" lon="-73.963427">
        <ele>0</ele>
        <time>2026-05-22T14:59:51.000Z</time>
      </trkpt>
      <trkpt lat="40.78932" lon="-73.963414">
        <ele>0</ele>
        <time>2026-05-22T14:59:52.000Z</time>
      </trkpt>
      <trkpt lat="40.789317" lon="-73.9634">
        <ele>0</ele>
        <time>2026-05-22T14:59:53.000Z</time>
      </trkpt>
      <trkpt lat="40.789315" lon="-73.963387">
        <ele>0</ele>
        <time>2026-05-22T14:59:54.000Z</time>
      </trkpt>
      <trkpt lat="40.789313" lon="-73.963374">
        <ele>0</ele>
        <time>2026-05-22T14:59:55.000Z</time>
      </trkpt>
      <trkpt lat="40.78931" lon="-73.963361">
        <ele>0</ele>
        <time>2026-05-22T14:59:56.000Z</time>
      </trkpt>
      <trkpt lat="40.789308" lon="-73.963348">
        <ele>0</ele>
        <time>2026-05-22T14:59:57.000Z</time>
      </trkpt>
      <trkpt lat="40.789306" lon="-73.963334">
        <ele>0</ele>
        <time>2026-05-22T14:59:58.000Z</time>
      </trkpt>
      <trkpt lat="40.789303" lon="-73.96332">
        <ele>0</ele>
        <time>2026-05-22T14:59:59.000Z</time>
      </trkpt>
      <trkpt lat="40.7893" lon="-73.963306">
        <ele>0</ele>
        <time>2026-05-22T15:00:00.000Z</time>
      </trkpt>
      <trkpt lat="40.789298" lon="-73.963294">
        <ele>0</ele>
        <time>2026-05-22T15:00:01.000Z</time>
      </trkpt>
      <trkpt lat="40.789294" lon="-73.963281">
        <ele>0</ele>
        <time>2026-05-22T15:00:02.000Z</time>
      </trkpt>
      <trkpt lat="40.78929" lon="-73.963267">
        <ele>0</ele>
        <time>2026-05-22T15:00:03.000Z</time>
      </trkpt>
      <trkpt lat="40.789287" lon="-73.963254">
        <ele>0</ele>
        <time>2026-05-22T15:00:04.000Z</time>
      </trkpt>
      <trkpt lat="40.789283" lon="-73.963242">
        <ele>0</ele>
        <time>2026-05-22T15:00:05.000Z</time>
      </trkpt>
      <trkpt lat="40.78928" lon="-73.96323">
        <ele>0</ele>
        <time>2026-05-22T15:00:06.000Z</time>
      </trkpt>
      <trkpt lat="40.789276" lon="-73.963217">
        <ele>0</ele>
        <time>2026-05-22T15:00:07.000Z</time>
      </trkpt>
      <trkpt lat="40.789272" lon="-73.963205">
        <ele>0</ele>
        <time>2026-05-22T15:00:08.000Z</time>
      </trkpt>
      <trkpt lat="40.789267" lon="-73.963191">
        <ele>0</ele>
        <time>2026-05-22T15:00:09.000Z</time>
      </trkpt>
      <trkpt lat="40.789262" lon="-73.963176">
        <ele>0</ele>
        <time>2026-05-22T15:00:10.000Z</time>
      </trkpt>
      <trkpt lat="40.789258" lon="-73.963164">
        <ele>0</ele>
        <time>2026-05-22T15:00:11.000Z</time>
      </trkpt>
      <trkpt lat="40.789255" lon="-73.963152">
        <ele>0</ele>
        <time>2026-05-22T15:00:12.000Z</time>
      </trkpt>
      <trkpt lat="40.789251" lon="-73.963139">
        <ele>0</ele>
        <time>2026-05-22T15:00:13.000Z</time>
      </trkpt>
      <trkpt lat="40.789247" lon="-73.963126">
        <ele>0</ele>
        <time>2026-05-22T15:00:14.000Z</time>
      </trkpt>
      <trkpt lat="40.789243" lon="-73.963113">
        <ele>0</ele>
        <time>2026-05-22T15:00:15.000Z</time>
      </trkpt>
      <trkpt lat="40.789239" lon="-73.963099">
        <ele>0</ele>
        <time>2026-05-22T15:00:16.000Z</time>
      </trkpt>
      <trkpt lat="40.789236" lon="-73.963087">
        <ele>0</ele>
        <time>2026-05-22T15:00:17.000Z</time>
      </trkpt>
      <trkpt lat="40.789232" lon="-73.963074">
        <ele>0</ele>
        <time>2026-05-22T15:00:18.000Z</time>
      </trkpt>
      <trkpt lat="40.789229" lon="-73.963062">
        <ele>0</ele>
        <time>2026-05-22T15:00:19.000Z</time>
      </trkpt>
      <trkpt lat="40.789225" lon="-73.963049">
        <ele>0</ele>
        <time>2026-05-22T15:00:20.000Z</time>
      </trkpt>
      <trkpt lat="40.78922" lon="-73.963037">
        <ele>0</ele>
        <time>2026-05-22T15:00:21.000Z</time>
      </trkpt>
      <trkpt lat="40.789215" lon="-73.963024">
        <ele>0</ele>
        <time>2026-05-22T15:00:22.000Z</time>
      </trkpt>
      <trkpt lat="40.789209" lon="-73.963011">
        <ele>0</ele>
        <time>2026-05-22T15:00:23.000Z</time>
      </trkpt>
      <trkpt lat="40.789204" lon="-73.962998">
        <ele>0</ele>
        <time>2026-05-22T15:00:24.000Z</time>
      </trkpt>
      <trkpt lat="40.789199" lon="-73.962985">
        <ele>0</ele>
        <time>2026-05-22T15:00:25.000Z</time>
      </trkpt>
      <trkpt lat="40.789195" lon="-73.962972">
        <ele>0</ele>
        <time>2026-05-22T15:00:26.000Z</time>
      </trkpt>
      <trkpt lat="40.789191" lon="-73.962959">
        <ele>0</ele>
        <time>2026-05-22T15:00:27.000Z</time>
      </trkpt>
      <trkpt lat="40.789186" lon="-73.96295">
        <ele>0</ele>
        <time>2026-05-22T15:00:28.000Z</time>
      </trkpt>
      <trkpt lat="40.78918" lon="-73.962942">
        <ele>0</ele>
        <time>2026-05-22T15:00:29.000Z</time>
      </trkpt>
      <trkpt lat="40.789175" lon="-73.962931">
        <ele>34.2</ele>
        <time>2026-05-22T15:00:30.000Z</time>
      </trkpt>
      <trkpt lat="40.789171" lon="-73.962919">
        <ele>34.2</ele>
        <time>2026-05-22T15:00:31.000Z</time>
      </trkpt>
      <trkpt lat="40.789167" lon="-73.962906">
        <ele>34.2</ele>
        <time>2026-05-22T15:00:32.000Z</time>
      </trkpt>
      <trkpt lat="40.789163" lon="-73.962894">
        <ele>34</ele>
        <time>2026-05-22T15:00:33.000Z</time>
      </trkpt>
      <trkpt lat="40.78916" lon="-73.962882">
        <ele>34</ele>
        <time>2026-05-22T15:00:34.000Z</time>
      </trkpt>
      <trkpt lat="40.789156" lon="-73.96287">
        <ele>33.8</ele>
        <time>2026-05-22T15:00:35.000Z</time>
      </trkpt>
      <trkpt lat="40.78915" lon="-73.962859">
        <ele>33.8</ele>
        <time>2026-05-22T15:00:36.000Z</time>
      </trkpt>
      <trkpt lat="40.789145" lon="-73.962847">
        <ele>33.8</ele>
        <time>2026-05-22T15:00:37.000Z</time>
      </trkpt>
      <trkpt lat="40.789141" lon="-73.962836">
        <ele>33.8</ele>
        <time>2026-05-22T15:00:38.000Z</time>
      </trkpt>
      <trkpt lat="40.789136" lon="-73.962824">
        <ele>33.8</ele>
        <time>2026-05-22T15:00:39.000Z</time>
      </trkpt>
      <trkpt lat="40.789131" lon="-73.962813">
        <ele>33.8</ele>
        <time>2026-05-22T15:00:40.000Z</time>
      </trkpt>
      <trkpt lat="40.789126" lon="-73.962801">
        <ele>33.8</ele>
        <time>2026-05-22T15:00:41.000Z</time>
      </trkpt>
      <trkpt lat="40.789122" lon="-73.962789">
        <ele>33.8</ele>
        <time>2026-05-22T15:00:42.000Z</time>
      </trkpt>
      <trkpt lat="40.789118" lon="-73.962777">
        <ele>34</ele>
        <time>2026-05-22T15:00:43.000Z</time>
      </trkpt>
      <trkpt lat="40.789114" lon="-73.962765">
        <ele>34</ele>
        <time>2026-05-22T15:00:44.000Z</time>
      </trkpt>
      <trkpt lat="40.78911" lon="-73.962752">
        <ele>34</ele>
        <time>2026-05-22T15:00:45.000Z</time>
      </trkpt>
      <trkpt lat="40.789104" lon="-73.962741">
        <ele>34.2</ele>
        <time>2026-05-22T15:00:46.000Z</time>
      </trkpt>
      <trkpt lat="40.789099" lon="-73.962729">
        <ele>34.2</ele>
        <time>2026-05-22T15:00:47.000Z</time>
      </trkpt>
      <trkpt lat="40.789094" lon="-73.962717">
        <ele>34.4</ele>
        <time>2026-05-22T15:00:48.000Z</time>
      </trkpt>
      <trkpt lat="40.789089" lon="-73.962706">
        <ele>34.4</ele>
        <time>2026-05-22T15:00:49.000Z</time>
      </trkpt>
      <trkpt lat="40.789085" lon="-73.962694">
        <ele>34.6</ele>
        <time>2026-05-22T15:00:50.000Z</time>
      </trkpt>
      <trkpt lat="40.789081" lon="-73.962682">
        <ele>34.6</ele>
        <time>2026-05-22T15:00:51.000Z</time>
      </trkpt>
      <trkpt lat="40.789078" lon="-73.96267">
        <ele>34.8</ele>
        <time>2026-05-22T15:00:52.000Z</time>
      </trkpt>
      <trkpt lat="40.789075" lon="-73.962657">
        <ele>34.8</ele>
        <time>2026-05-22T15:00:53.000Z</time>
      </trkpt>
      <trkpt lat="40.789071" lon="-73.962644">
        <ele>34.8</ele>
        <time>2026-05-22T15:00:54.000Z</time>
      </trkpt>
      <trkpt lat="40.789068" lon="-73.962632">
        <ele>35</ele>
        <time>2026-05-22T15:00:55.000Z</time>
      </trkpt>
      <trkpt lat="40.789064" lon="-73.96262">
        <ele>35</ele>
        <time>2026-05-22T15:00:56.000Z</time>
      </trkpt>
      <trkpt lat="40.789061" lon="-73.962607">
        <ele>35.2</ele>
        <time>2026-05-22T15:00:57.000Z</time>
      </trkpt>
      <trkpt lat="40.789058" lon="-73.962595">
        <ele>35.2</ele>
        <time>2026-05-22T15:00:58.000Z</time>
      </trkpt>
      <trkpt lat="40.789055" lon="-73.962582">
        <ele>35.4</ele>
        <time>2026-05-22T15:00:59.000Z</time>
      </trkpt>
      <trkpt lat="40.789051" lon="-73.962569">
        <ele>35.4</ele>
        <time>2026-05-22T15:01:00.000Z</time>
      </trkpt>
      <trkpt lat="40.789048" lon="-73.962557">
        <ele>35.6</ele>
        <time>2026-05-22T15:01:01.000Z</time>
      </trkpt>
      <trkpt lat="40.789045" lon="-73.962545">
        <ele>35.6</ele>
        <time>2026-05-22T15:01:02.000Z</time>
      </trkpt>
      <trkpt lat="40.789042" lon="-73.962532">
        <ele>35.6</ele>
        <time>2026-05-22T15:01:03.000Z</time>
      </trkpt>
      <trkpt lat="40.789041" lon="-73.962519">
        <ele>35.8</ele>
        <time>2026-05-22T15:01:04.000Z</time>
      </trkpt>
      <trkpt lat="40.789039" lon="-73.962506">
        <ele>35.8</ele>
        <time>2026-05-22T15:01:05.000Z</time>
      </trkpt>
      <trkpt lat="40.789038" lon="-73.962493">
        <ele>36</ele>
        <time>2026-05-22T15:01:06.000Z</time>
      </trkpt>
      <trkpt lat="40.789037" lon="-73.96248">
        <ele>36</ele>
        <time>2026-05-22T15:01:07.000Z</time>
      </trkpt>
      <trkpt lat="40.789037" lon="-73.962468">
        <ele>36.2</ele>
        <time>2026-05-22T15:01:08.000Z</time>
      </trkpt>
      <trkpt lat="40.789037" lon="-73.962455">
        <ele>36.2</ele>
        <time>2026-05-22T15:01:09.000Z</time>
      </trkpt>
      <trkpt lat="40.789036" lon="-73.962441">
        <ele>36.4</ele>
        <time>2026-05-22T15:01:10.000Z</time>
      </trkpt>
      <trkpt lat="40.789035" lon="-73.962427">
        <ele>36.4</ele>
        <time>2026-05-22T15:01:11.000Z</time>
      </trkpt>
      <trkpt lat="40.789035" lon="-73.962412">
        <ele>36.6</ele>
        <time>2026-05-22T15:01:12.000Z</time>
      </trkpt>
      <trkpt lat="40.789035" lon="-73.962397">
        <ele>36.8</ele>
        <time>2026-05-22T15:01:13.000Z</time>
      </trkpt>
      <trkpt lat="40.789036" lon="-73.962383">
        <ele>36.8</ele>
        <time>2026-05-22T15:01:14.000Z</time>
      </trkpt>
      <trkpt lat="40.789037" lon="-73.962369">
        <ele>37</ele>
        <time>2026-05-22T15:01:15.000Z</time>
      </trkpt>
      <trkpt lat="40.789039" lon="-73.962355">
        <ele>37</ele>
        <time>2026-05-22T15:01:16.000Z</time>
      </trkpt>
      <trkpt lat="40.789041" lon="-73.96234">
        <ele>37.2</ele>
        <time>2026-05-22T15:01:17.000Z</time>
      </trkpt>
      <trkpt lat="40.789044" lon="-73.962327">
        <ele>37.2</ele>
        <time>2026-05-22T15:01:18.000Z</time>
      </trkpt>
      <trkpt lat="40.789047" lon="-73.962314">
        <ele>37.4</ele>
        <time>2026-05-22T15:01:19.000Z</time>
      </trkpt>
      <trkpt lat="40.789051" lon="-73.962301">
        <ele>37.4</ele>
        <time>2026-05-22T15:01:20.000Z</time>
      </trkpt>
      <trkpt lat="40.789054" lon="-73.962288">
        <ele>37.6</ele>
        <time>2026-05-22T15:01:21.000Z</time>
      </trkpt>
      <trkpt lat="40.789057" lon="-73.962277">
        <ele>37.6</ele>
        <time>2026-05-22T15:01:22.000Z</time>
      </trkpt>
      <trkpt lat="40.789058" lon="-73.962265">
        <ele>37.8</ele>
        <time>2026-05-22T15:01:23.000Z</time>
      </trkpt>
      <trkpt lat="40.789059" lon="-73.962252">
        <ele>37.8</ele>
        <time>2026-05-22T15:01:24.000Z</time>
      </trkpt>
      <trkpt lat="40.789058" lon="-73.962238">
        <ele>37.8</ele>
        <time>2026-05-22T15:01:25.000Z</time>
      </trkpt>
      <trkpt lat="40.789056" lon="-73.962225">
        <ele>38</ele>
        <time>2026-05-22T15:01:26.000Z</time>
      </trkpt>
      <trkpt lat="40.789052" lon="-73.962212">
        <ele>38</ele>
        <time>2026-05-22T15:01:27.000Z</time>
      </trkpt>
      <trkpt lat="40.789047" lon="-73.962201">
        <ele>38.2</ele>
        <time>2026-05-22T15:01:28.000Z</time>
      </trkpt>
      <trkpt lat="40.789039" lon="-73.962191">
        <ele>38.2</ele>
        <time>2026-05-22T15:01:29.000Z</time>
      </trkpt>
      <trkpt lat="40.789031" lon="-73.962183">
        <ele>38.2</ele>
        <time>2026-05-22T15:01:30.000Z</time>
      </trkpt>
      <trkpt lat="40.789022" lon="-73.962175">
        <ele>38.4</ele>
        <time>2026-05-22T15:01:31.000Z</time>
      </trkpt>
      <trkpt lat="40.789013" lon="-73.962168">
        <ele>38.4</ele>
        <time>2026-05-22T15:01:32.000Z</time>
      </trkpt>
      <trkpt lat="40.789005" lon="-73.962161">
        <ele>38.4</ele>
        <time>2026-05-22T15:01:33.000Z</time>
      </trkpt>
      <trkpt lat="40.788996" lon="-73.962153">
        <ele>38.6</ele>
        <time>2026-05-22T15:01:34.000Z</time>
      </trkpt>
      <trkpt lat="40.788988" lon="-73.962144">
        <ele>38.6</ele>
        <time>2026-05-22T15:01:35.000Z</time>
      </trkpt>
      <trkpt lat="40.788979" lon="-73.962134">
        <ele>38.8</ele>
        <time>2026-05-22T15:01:36.000Z</time>
      </trkpt>
      <trkpt lat="40.78897" lon="-73.962124">
        <ele>38.8</ele>
        <time>2026-05-22T15:01:37.000Z</time>
      </trkpt>
      <trkpt lat="40.788962" lon="-73.962114">
        <ele>39</ele>
        <time>2026-05-22T15:01:38.000Z</time>
      </trkpt>
      <trkpt lat="40.788953" lon="-73.962105">
        <ele>39</ele>
        <time>2026-05-22T15:01:39.000Z</time>
      </trkpt>
      <trkpt lat="40.788944" lon="-73.962095">
        <ele>39</ele>
        <time>2026-05-22T15:01:40.000Z</time>
      </trkpt>
      <trkpt lat="40.788936" lon="-73.962086">
        <ele>39.2</ele>
        <time>2026-05-22T15:01:41.000Z</time>
      </trkpt>
      <trkpt lat="40.788928" lon="-73.962077">
        <ele>39.2</ele>
        <time>2026-05-22T15:01:42.000Z</time>
      </trkpt>
      <trkpt lat="40.788921" lon="-73.96207">
        <ele>39.2</ele>
        <time>2026-05-22T15:01:43.000Z</time>
      </trkpt>
      <trkpt lat="40.788914" lon="-73.962064">
        <ele>39.4</ele>
        <time>2026-05-22T15:01:44.000Z</time>
      </trkpt>
      <trkpt lat="40.788907" lon="-73.962057">
        <ele>39.4</ele>
        <time>2026-05-22T15:01:45.000Z</time>
      </trkpt>
      <trkpt lat="40.788899" lon="-73.962047">
        <ele>39.4</ele>
        <time>2026-05-22T15:01:46.000Z</time>
      </trkpt>
      <trkpt lat="40.788885" lon="-73.962029">
        <ele>39.4</ele>
        <time>2026-05-22T15:01:47.000Z</time>
      </trkpt>
      <trkpt lat="40.788879" lon="-73.962022">
        <ele>39.6</ele>
        <time>2026-05-22T15:01:48.000Z</time>
      </trkpt>
      <trkpt lat="40.788874" lon="-73.962015">
        <ele>39.6</ele>
        <time>2026-05-22T15:01:49.000Z</time>
      </trkpt>
      <trkpt lat="40.788866" lon="-73.962007">
        <ele>39.6</ele>
        <time>2026-05-22T15:01:50.000Z</time>
      </trkpt>
      <trkpt lat="40.788859" lon="-73.961999">
        <ele>39.6</ele>
        <time>2026-05-22T15:01:51.000Z</time>
      </trkpt>
      <trkpt lat="40.788851" lon="-73.961993">
        <ele>39.6</ele>
        <time>2026-05-22T15:01:52.000Z</time>
      </trkpt>
      <trkpt lat="40.788843" lon="-73.961986">
        <ele>39.4</ele>
        <time>2026-05-22T15:01:53.000Z</time>
      </trkpt>
      <trkpt lat="40.788835" lon="-73.961979">
        <ele>39.4</ele>
        <time>2026-05-22T15:01:54.000Z</time>
      </trkpt>
      <trkpt lat="40.788827" lon="-73.961971">
        <ele>39.4</ele>
        <time>2026-05-22T15:01:55.000Z</time>
      </trkpt>
      <trkpt lat="40.788819" lon="-73.961963">
        <ele>39.2</ele>
        <time>2026-05-22T15:01:56.000Z</time>
      </trkpt>
      <trkpt lat="40.788809" lon="-73.961955">
        <ele>39.2</ele>
        <time>2026-05-22T15:01:57.000Z</time>
      </trkpt>
      <trkpt lat="40.7888" lon="-73.961949">
        <ele>39</ele>
        <time>2026-05-22T15:01:58.000Z</time>
      </trkpt>
      <trkpt lat="40.78879" lon="-73.961944">
        <ele>39</ele>
        <time>2026-05-22T15:01:59.000Z</time>
      </trkpt>
      <trkpt lat="40.788779" lon="-73.96194">
        <ele>38.8</ele>
        <time>2026-05-22T15:02:00.000Z</time>
      </trkpt>
      <trkpt lat="40.788768" lon="-73.961938">
        <ele>38.8</ele>
        <time>2026-05-22T15:02:01.000Z</time>
      </trkpt>
      <trkpt lat="40.788757" lon="-73.961936">
        <ele>38.6</ele>
        <time>2026-05-22T15:02:02.000Z</time>
      </trkpt>
      <trkpt lat="40.788745" lon="-73.961935">
        <ele>38.6</ele>
        <time>2026-05-22T15:02:03.000Z</time>
      </trkpt>
      <trkpt lat="40.788733" lon="-73.961934">
        <ele>38.6</ele>
        <time>2026-05-22T15:02:04.000Z</time>
      </trkpt>
      <trkpt lat="40.788722" lon="-73.961934">
        <ele>38.4</ele>
        <time>2026-05-22T15:02:05.000Z</time>
      </trkpt>
      <trkpt lat="40.788711" lon="-73.961935">
        <ele>38.4</ele>
        <time>2026-05-22T15:02:06.000Z</time>
      </trkpt>
      <trkpt lat="40.7887" lon="-73.961936">
        <ele>38.2</ele>
        <time>2026-05-22T15:02:07.000Z</time>
      </trkpt>
      <trkpt lat="40.78869" lon="-73.961937">
        <ele>38.2</ele>
        <time>2026-05-22T15:02:08.000Z</time>
      </trkpt>
      <trkpt lat="40.788679" lon="-73.961939">
        <ele>38.2</ele>
        <time>2026-05-22T15:02:09.000Z</time>
      </trkpt>
      <trkpt lat="40.788668" lon="-73.961941">
        <ele>38</ele>
        <time>2026-05-22T15:02:10.000Z</time>
      </trkpt>
      <trkpt lat="40.788657" lon="-73.961943">
        <ele>38</ele>
        <time>2026-05-22T15:02:11.000Z</time>
      </trkpt>
      <trkpt lat="40.788647" lon="-73.961945">
        <ele>38</ele>
        <time>2026-05-22T15:02:12.000Z</time>
      </trkpt>
      <trkpt lat="40.788636" lon="-73.961948">
        <ele>37.8</ele>
        <time>2026-05-22T15:02:13.000Z</time>
      </trkpt>
      <trkpt lat="40.788626" lon="-73.961953">
        <ele>37.8</ele>
        <time>2026-05-22T15:02:14.000Z</time>
      </trkpt>
      <trkpt lat="40.788617" lon="-73.961962">
        <ele>37.8</ele>
        <time>2026-05-22T15:02:15.000Z</time>
      </trkpt>
      <trkpt lat="40.788608" lon="-73.961971">
        <ele>37.8</ele>
        <time>2026-05-22T15:02:16.000Z</time>
      </trkpt>
      <trkpt lat="40.7886" lon="-73.96198">
        <ele>37.8</ele>
        <time>2026-05-22T15:02:17.000Z</time>
      </trkpt>
      <trkpt lat="40.788591" lon="-73.96199">
        <ele>37.8</ele>
        <time>2026-05-22T15:02:18.000Z</time>
      </trkpt>
      <trkpt lat="40.788582" lon="-73.961999">
        <ele>37.6</ele>
        <time>2026-05-22T15:02:19.000Z</time>
      </trkpt>
      <trkpt lat="40.788573" lon="-73.962008">
        <ele>37.6</ele>
        <time>2026-05-22T15:02:20.000Z</time>
      </trkpt>
      <trkpt lat="40.788564" lon="-73.962017">
        <ele>37.6</ele>
        <time>2026-05-22T15:02:21.000Z</time>
      </trkpt>
      <trkpt lat="40.788555" lon="-73.962026">
        <ele>37.6</ele>
        <time>2026-05-22T15:02:22.000Z</time>
      </trkpt>
      <trkpt lat="40.788547" lon="-73.962035">
        <ele>37.6</ele>
        <time>2026-05-22T15:02:23.000Z</time>
      </trkpt>
      <trkpt lat="40.788538" lon="-73.962044">
        <ele>37.6</ele>
        <time>2026-05-22T15:02:24.000Z</time>
      </trkpt>
      <trkpt lat="40.78853" lon="-73.962053">
        <ele>37.6</ele>
        <time>2026-05-22T15:02:25.000Z</time>
      </trkpt>
      <trkpt lat="40.788522" lon="-73.962063">
        <ele>37.6</ele>
        <time>2026-05-22T15:02:26.000Z</time>
      </trkpt>
      <trkpt lat="40.788514" lon="-73.962072">
        <ele>37.6</ele>
        <time>2026-05-22T15:02:27.000Z</time>
      </trkpt>
      <trkpt lat="40.788507" lon="-73.962082">
        <ele>37.6</ele>
        <time>2026-05-22T15:02:28.000Z</time>
      </trkpt>
      <trkpt lat="40.7885" lon="-73.962091">
        <ele>37.6</ele>
        <time>2026-05-22T15:02:29.000Z</time>
      </trkpt>
      <trkpt lat="40.788493" lon="-73.962101">
        <ele>37.6</ele>
        <time>2026-05-22T15:02:30.000Z</time>
      </trkpt>
      <trkpt lat="40.788486" lon="-73.96211">
        <ele>37.6</ele>
        <time>2026-05-22T15:02:31.000Z</time>
      </trkpt>
      <trkpt lat="40.78848" lon="-73.96212">
        <ele>37.8</ele>
        <time>2026-05-22T15:02:32.000Z</time>
      </trkpt>
      <trkpt lat="40.788473" lon="-73.962131">
        <ele>37.8</ele>
        <time>2026-05-22T15:02:33.000Z</time>
      </trkpt>
      <trkpt lat="40.788467" lon="-73.962141">
        <ele>37.8</ele>
        <time>2026-05-22T15:02:34.000Z</time>
      </trkpt>
      <trkpt lat="40.788461" lon="-73.962151">
        <ele>37.8</ele>
        <time>2026-05-22T15:02:35.000Z</time>
      </trkpt>
      <trkpt lat="40.788454" lon="-73.962162">
        <ele>37.8</ele>
        <time>2026-05-22T15:02:36.000Z</time>
      </trkpt>
      <trkpt lat="40.788449" lon="-73.962172">
        <ele>37.8</ele>
        <time>2026-05-22T15:02:37.000Z</time>
      </trkpt>
      <trkpt lat="40.788443" lon="-73.962182">
        <ele>37.8</ele>
        <time>2026-05-22T15:02:38.000Z</time>
      </trkpt>
      <trkpt lat="40.788438" lon="-73.962191">
        <ele>37.8</ele>
        <time>2026-05-22T15:02:39.000Z</time>
      </trkpt>
      <trkpt lat="40.788433" lon="-73.962201">
        <ele>37.8</ele>
        <time>2026-05-22T15:02:40.000Z</time>
      </trkpt>
      <trkpt lat="40.788427" lon="-73.962211">
        <ele>37.8</ele>
        <time>2026-05-22T15:02:41.000Z</time>
      </trkpt>
      <trkpt lat="40.788421" lon="-73.962221">
        <ele>37.8</ele>
        <time>2026-05-22T15:02:42.000Z</time>
      </trkpt>
      <trkpt lat="40.788416" lon="-73.962232">
        <ele>37.8</ele>
        <time>2026-05-22T15:02:43.000Z</time>
      </trkpt>
      <trkpt lat="40.78841" lon="-73.962243">
        <ele>37.8</ele>
        <time>2026-05-22T15:02:44.000Z</time>
      </trkpt>
      <trkpt lat="40.788405" lon="-73.962254">
        <ele>37.6</ele>
        <time>2026-05-22T15:02:45.000Z</time>
      </trkpt>
      <trkpt lat="40.788401" lon="-73.962265">
        <ele>37.6</ele>
        <time>2026-05-22T15:02:46.000Z</time>
      </trkpt>
      <trkpt lat="40.788396" lon="-73.962276">
        <ele>37.6</ele>
        <time>2026-05-22T15:02:47.000Z</time>
      </trkpt>
      <trkpt lat="40.788391" lon="-73.962286">
        <ele>37.6</ele>
        <time>2026-05-22T15:02:48.000Z</time>
      </trkpt>
      <trkpt lat="40.788387" lon="-73.962297">
        <ele>37.6</ele>
        <time>2026-05-22T15:02:49.000Z</time>
      </trkpt>
      <trkpt lat="40.788382" lon="-73.962308">
        <ele>37.6</ele>
        <time>2026-05-22T15:02:50.000Z</time>
      </trkpt>
      <trkpt lat="40.788378" lon="-73.96232">
        <ele>37.6</ele>
        <time>2026-05-22T15:02:51.000Z</time>
      </trkpt>
      <trkpt lat="40.788373" lon="-73.962332">
        <ele>37.6</ele>
        <time>2026-05-22T15:02:52.000Z</time>
      </trkpt>
      <trkpt lat="40.788369" lon="-73.962344">
        <ele>37.6</ele>
        <time>2026-05-22T15:02:53.000Z</time>
      </trkpt>
      <trkpt lat="40.788365" lon="-73.962356">
        <ele>37.6</ele>
        <time>2026-05-22T15:02:54.000Z</time>
      </trkpt>
      <trkpt lat="40.78836" lon="-73.962368">
        <ele>37.6</ele>
        <time>2026-05-22T15:02:55.000Z</time>
      </trkpt>
      <trkpt lat="40.788356" lon="-73.96238">
        <ele>37.6</ele>
        <time>2026-05-22T15:02:56.000Z</time>
      </trkpt>
      <trkpt lat="40.788352" lon="-73.962392">
        <ele>37.6</ele>
        <time>2026-05-22T15:02:57.000Z</time>
      </trkpt>
      <trkpt lat="40.788349" lon="-73.962403">
        <ele>37.6</ele>
        <time>2026-05-22T15:02:58.000Z</time>
      </trkpt>
      <trkpt lat="40.788345" lon="-73.962415">
        <ele>37.8</ele>
        <time>2026-05-22T15:02:59.000Z</time>
      </trkpt>
      <trkpt lat="40.788342" lon="-73.962428">
        <ele>37.8</ele>
        <time>2026-05-22T15:03:00.000Z</time>
      </trkpt>
      <trkpt lat="40.788338" lon="-73.96244">
        <ele>37.8</ele>
        <time>2026-05-22T15:03:01.000Z</time>
      </trkpt>
      <trkpt lat="40.788335" lon="-73.962453">
        <ele>37.8</ele>
        <time>2026-05-22T15:03:02.000Z</time>
      </trkpt>
      <trkpt lat="40.788332" lon="-73.962466">
        <ele>37.8</ele>
        <time>2026-05-22T15:03:03.000Z</time>
      </trkpt>
      <trkpt lat="40.788329" lon="-73.962479">
        <ele>37.8</ele>
        <time>2026-05-22T15:03:04.000Z</time>
      </trkpt>
      <trkpt lat="40.788325" lon="-73.962493">
        <ele>38</ele>
        <time>2026-05-22T15:03:05.000Z</time>
      </trkpt>
      <trkpt lat="40.788322" lon="-73.962508">
        <ele>38</ele>
        <time>2026-05-22T15:03:06.000Z</time>
      </trkpt>
      <trkpt lat="40.78832" lon="-73.962523">
        <ele>38</ele>
        <time>2026-05-22T15:03:07.000Z</time>
      </trkpt>
      <trkpt lat="40.788318" lon="-73.962537">
        <ele>38</ele>
        <time>2026-05-22T15:03:08.000Z</time>
      </trkpt>
      <trkpt lat="40.788316" lon="-73.962551">
        <ele>38.2</ele>
        <time>2026-05-22T15:03:09.000Z</time>
      </trkpt>
      <trkpt lat="40.788314" lon="-73.962566">
        <ele>38.2</ele>
        <time>2026-05-22T15:03:10.000Z</time>
      </trkpt>
      <trkpt lat="40.788313" lon="-73.96258">
        <ele>38.2</ele>
        <time>2026-05-22T15:03:11.000Z</time>
      </trkpt>
      <trkpt lat="40.788312" lon="-73.962594">
        <ele>38.2</ele>
        <time>2026-05-22T15:03:12.000Z</time>
      </trkpt>
      <trkpt lat="40.78831" lon="-73.962609">
        <ele>38.2</ele>
        <time>2026-05-22T15:03:13.000Z</time>
      </trkpt>
      <trkpt lat="40.788309" lon="-73.962622">
        <ele>38.2</ele>
        <time>2026-05-22T15:03:14.000Z</time>
      </trkpt>
      <trkpt lat="40.788308" lon="-73.962636">
        <ele>38.2</ele>
        <time>2026-05-22T15:03:15.000Z</time>
      </trkpt>
      <trkpt lat="40.788307" lon="-73.962649">
        <ele>38.2</ele>
        <time>2026-05-22T15:03:16.000Z</time>
      </trkpt>
      <trkpt lat="40.788306" lon="-73.96266">
        <ele>38.2</ele>
        <time>2026-05-22T15:03:17.000Z</time>
      </trkpt>
      <trkpt lat="40.788305" lon="-73.962672">
        <ele>38.2</ele>
        <time>2026-05-22T15:03:18.000Z</time>
      </trkpt>
      <trkpt lat="40.788304" lon="-73.962685">
        <ele>38.2</ele>
        <time>2026-05-22T15:03:19.000Z</time>
      </trkpt>
      <trkpt lat="40.788303" lon="-73.962698">
        <ele>38.2</ele>
        <time>2026-05-22T15:03:20.000Z</time>
      </trkpt>
      <trkpt lat="40.788303" lon="-73.962711">
        <ele>38.2</ele>
        <time>2026-05-22T15:03:21.000Z</time>
      </trkpt>
      <trkpt lat="40.788303" lon="-73.962725">
        <ele>38.2</ele>
        <time>2026-05-22T15:03:22.000Z</time>
      </trkpt>
      <trkpt lat="40.788303" lon="-73.962738">
        <ele>38.2</ele>
        <time>2026-05-22T15:03:23.000Z</time>
      </trkpt>
      <trkpt lat="40.788303" lon="-73.962751">
        <ele>38.2</ele>
        <time>2026-05-22T15:03:24.000Z</time>
      </trkpt>
      <trkpt lat="40.788303" lon="-73.962764">
        <ele>38.2</ele>
        <time>2026-05-22T15:03:25.000Z</time>
      </trkpt>
      <trkpt lat="40.788304" lon="-73.962778">
        <ele>38.2</ele>
        <time>2026-05-22T15:03:26.000Z</time>
      </trkpt>
      <trkpt lat="40.788305" lon="-73.962791">
        <ele>38.2</ele>
        <time>2026-05-22T15:03:27.000Z</time>
      </trkpt>
      <trkpt lat="40.788305" lon="-73.962804">
        <ele>38.2</ele>
        <time>2026-05-22T15:03:28.000Z</time>
      </trkpt>
      <trkpt lat="40.788306" lon="-73.962817">
        <ele>38.2</ele>
        <time>2026-05-22T15:03:29.000Z</time>
      </trkpt>
      <trkpt lat="40.788307" lon="-73.96283">
        <ele>38.2</ele>
        <time>2026-05-22T15:03:30.000Z</time>
      </trkpt>
      <trkpt lat="40.788308" lon="-73.962843">
        <ele>38.2</ele>
        <time>2026-05-22T15:03:31.000Z</time>
      </trkpt>
      <trkpt lat="40.788309" lon="-73.962856">
        <ele>38.4</ele>
        <time>2026-05-22T15:03:32.000Z</time>
      </trkpt>
      <trkpt lat="40.788311" lon="-73.962869">
        <ele>38.4</ele>
        <time>2026-05-22T15:03:33.000Z</time>
      </trkpt>
      <trkpt lat="40.788312" lon="-73.962881">
        <ele>38.4</ele>
        <time>2026-05-22T15:03:34.000Z</time>
      </trkpt>
      <trkpt lat="40.788314" lon="-73.962894">
        <ele>38.4</ele>
        <time>2026-05-22T15:03:35.000Z</time>
      </trkpt>
      <trkpt lat="40.788316" lon="-73.962907">
        <ele>38.4</ele>
        <time>2026-05-22T15:03:36.000Z</time>
      </trkpt>
      <trkpt lat="40.788318" lon="-73.962919">
        <ele>38.4</ele>
        <time>2026-05-22T15:03:37.000Z</time>
      </trkpt>
      <trkpt lat="40.78832" lon="-73.962932">
        <ele>38.4</ele>
        <time>2026-05-22T15:03:38.000Z</time>
      </trkpt>
      <trkpt lat="40.788321" lon="-73.962944">
        <ele>38.4</ele>
        <time>2026-05-22T15:03:39.000Z</time>
      </trkpt>
      <trkpt lat="40.788323" lon="-73.962956">
        <ele>38.4</ele>
        <time>2026-05-22T15:03:40.000Z</time>
      </trkpt>
      <trkpt lat="40.788324" lon="-73.962968">
        <ele>38.4</ele>
        <time>2026-05-22T15:03:41.000Z</time>
      </trkpt>
      <trkpt lat="40.788326" lon="-73.96298">
        <ele>38.4</ele>
        <time>2026-05-22T15:03:42.000Z</time>
      </trkpt>
      <trkpt lat="40.788327" lon="-73.962991">
        <ele>38.4</ele>
        <time>2026-05-22T15:03:43.000Z</time>
      </trkpt>
      <trkpt lat="40.788328" lon="-73.963003">
        <ele>38.4</ele>
        <time>2026-05-22T15:03:44.000Z</time>
      </trkpt>
      <trkpt lat="40.788329" lon="-73.963016">
        <ele>38.4</ele>
        <time>2026-05-22T15:03:45.000Z</time>
      </trkpt>
      <trkpt lat="40.78833" lon="-73.96303">
        <ele>38.4</ele>
        <time>2026-05-22T15:03:46.000Z</time>
      </trkpt>
      <trkpt lat="40.788331" lon="-73.963044">
        <ele>38.4</ele>
        <time>2026-05-22T15:03:47.000Z</time>
      </trkpt>
      <trkpt lat="40.788332" lon="-73.963058">
        <ele>38.2</ele>
        <time>2026-05-22T15:03:48.000Z</time>
      </trkpt>
      <trkpt lat="40.788332" lon="-73.963071">
        <ele>38.2</ele>
        <time>2026-05-22T15:03:49.000Z</time>
      </trkpt>
      <trkpt lat="40.788332" lon="-73.963085">
        <ele>38.2</ele>
        <time>2026-05-22T15:03:50.000Z</time>
      </trkpt>
      <trkpt lat="40.788333" lon="-73.963098">
        <ele>38.2</ele>
        <time>2026-05-22T15:03:51.000Z</time>
      </trkpt>
      <trkpt lat="40.788333" lon="-73.963111">
        <ele>38.2</ele>
        <time>2026-05-22T15:03:52.000Z</time>
      </trkpt>
      <trkpt lat="40.788334" lon="-73.963125">
        <ele>38.2</ele>
        <time>2026-05-22T15:03:53.000Z</time>
      </trkpt>
      <trkpt lat="40.788334" lon="-73.963138">
        <ele>38</ele>
        <time>2026-05-22T15:03:54.000Z</time>
      </trkpt>
      <trkpt lat="40.788334" lon="-73.963151">
        <ele>38</ele>
        <time>2026-05-22T15:03:55.000Z</time>
      </trkpt>
      <trkpt lat="40.788334" lon="-73.963164">
        <ele>38</ele>
        <time>2026-05-22T15:03:56.000Z</time>
      </trkpt>
      <trkpt lat="40.788334" lon="-73.963178">
        <ele>38</ele>
        <time>2026-05-22T15:03:57.000Z</time>
      </trkpt>
      <trkpt lat="40.788334" lon="-73.963192">
        <ele>38</ele>
        <time>2026-05-22T15:03:58.000Z</time>
      </trkpt>
      <trkpt lat="40.788333" lon="-73.963205">
        <ele>37.8</ele>
        <time>2026-05-22T15:03:59.000Z</time>
      </trkpt>
      <trkpt lat="40.788333" lon="-73.963219">
        <ele>37.8</ele>
        <time>2026-05-22T15:04:00.000Z</time>
      </trkpt>
      <trkpt lat="40.788332" lon="-73.963233">
        <ele>37.8</ele>
        <time>2026-05-22T15:04:01.000Z</time>
      </trkpt>
      <trkpt lat="40.788332" lon="-73.963245">
        <ele>37.8</ele>
        <time>2026-05-22T15:04:02.000Z</time>
      </trkpt>
      <trkpt lat="40.788331" lon="-73.963259">
        <ele>37.8</ele>
        <time>2026-05-22T15:04:03.000Z</time>
      </trkpt>
      <trkpt lat="40.788331" lon="-73.963272">
        <ele>37.8</ele>
        <time>2026-05-22T15:04:04.000Z</time>
      </trkpt>
      <trkpt lat="40.78833" lon="-73.963285">
        <ele>37.8</ele>
        <time>2026-05-22T15:04:05.000Z</time>
      </trkpt>
      <trkpt lat="40.788329" lon="-73.963299">
        <ele>37.8</ele>
        <time>2026-05-22T15:04:06.000Z</time>
      </trkpt>
      <trkpt lat="40.788328" lon="-73.963313">
        <ele>37.8</ele>
        <time>2026-05-22T15:04:07.000Z</time>
      </trkpt>
      <trkpt lat="40.788327" lon="-73.963327">
        <ele>37.6</ele>
        <time>2026-05-22T15:04:08.000Z</time>
      </trkpt>
      <trkpt lat="40.788326" lon="-73.96334">
        <ele>37.6</ele>
        <time>2026-05-22T15:04:09.000Z</time>
      </trkpt>
      <trkpt lat="40.788325" lon="-73.963353">
        <ele>37.6</ele>
        <time>2026-05-22T15:04:10.000Z</time>
      </trkpt>
      <trkpt lat="40.788324" lon="-73.963365">
        <ele>37.6</ele>
        <time>2026-05-22T15:04:11.000Z</time>
      </trkpt>
      <trkpt lat="40.788322" lon="-73.963378">
        <ele>37.6</ele>
        <time>2026-05-22T15:04:12.000Z</time>
      </trkpt>
      <trkpt lat="40.788321" lon="-73.96339">
        <ele>37.6</ele>
        <time>2026-05-22T15:04:13.000Z</time>
      </trkpt>
      <trkpt lat="40.788319" lon="-73.963402">
        <ele>37.6</ele>
        <time>2026-05-22T15:04:14.000Z</time>
      </trkpt>
      <trkpt lat="40.788317" lon="-73.963415">
        <ele>37.6</ele>
        <time>2026-05-22T15:04:15.000Z</time>
      </trkpt>
      <trkpt lat="40.788315" lon="-73.963428">
        <ele>37.6</ele>
        <time>2026-05-22T15:04:16.000Z</time>
      </trkpt>
      <trkpt lat="40.788313" lon="-73.96344">
        <ele>37.8</ele>
        <time>2026-05-22T15:04:17.000Z</time>
      </trkpt>
      <trkpt lat="40.788311" lon="-73.963453">
        <ele>37.8</ele>
        <time>2026-05-22T15:04:18.000Z</time>
      </trkpt>
      <trkpt lat="40.78831" lon="-73.963466">
        <ele>37.8</ele>
        <time>2026-05-22T15:04:19.000Z</time>
      </trkpt>
      <trkpt lat="40.788308" lon="-73.963479">
        <ele>37.8</ele>
        <time>2026-05-22T15:04:20.000Z</time>
      </trkpt>
      <trkpt lat="40.788306" lon="-73.963492">
        <ele>37.8</ele>
        <time>2026-05-22T15:04:21.000Z</time>
      </trkpt>
      <trkpt lat="40.788305" lon="-73.963505">
        <ele>37.8</ele>
        <time>2026-05-22T15:04:22.000Z</time>
      </trkpt>
      <trkpt lat="40.788303" lon="-73.963517">
        <ele>38</ele>
        <time>2026-05-22T15:04:23.000Z</time>
      </trkpt>
      <trkpt lat="40.788302" lon="-73.963528">
        <ele>38</ele>
        <time>2026-05-22T15:04:24.000Z</time>
      </trkpt>
      <trkpt lat="40.7883" lon="-73.963539">
        <ele>38</ele>
        <time>2026-05-22T15:04:25.000Z</time>
      </trkpt>
      <trkpt lat="40.788299" lon="-73.963552">
        <ele>38</ele>
        <time>2026-05-22T15:04:26.000Z</time>
      </trkpt>
      <trkpt lat="40.788297" lon="-73.963565">
        <ele>38</ele>
        <time>2026-05-22T15:04:27.000Z</time>
      </trkpt>
      <trkpt lat="40.788295" lon="-73.963578">
        <ele>38</ele>
        <time>2026-05-22T15:04:28.000Z</time>
      </trkpt>
      <trkpt lat="40.788294" lon="-73.96359">
        <ele>38.2</ele>
        <time>2026-05-22T15:04:29.000Z</time>
      </trkpt>
      <trkpt lat="40.788292" lon="-73.963603">
        <ele>38.2</ele>
        <time>2026-05-22T15:04:30.000Z</time>
      </trkpt>
      <trkpt lat="40.788291" lon="-73.963615">
        <ele>38.2</ele>
        <time>2026-05-22T15:04:31.000Z</time>
      </trkpt>
      <trkpt lat="40.788289" lon="-73.963627">
        <ele>38.2</ele>
        <time>2026-05-22T15:04:32.000Z</time>
      </trkpt>
      <trkpt lat="40.788288" lon="-73.96364">
        <ele>38.2</ele>
        <time>2026-05-22T15:04:33.000Z</time>
      </trkpt>
      <trkpt lat="40.788286" lon="-73.963652">
        <ele>38.2</ele>
        <time>2026-05-22T15:04:34.000Z</time>
      </trkpt>
      <trkpt lat="40.788285" lon="-73.963665">
        <ele>38.2</ele>
        <time>2026-05-22T15:04:35.000Z</time>
      </trkpt>
      <trkpt lat="40.788283" lon="-73.963679">
        <ele>38.2</ele>
        <time>2026-05-22T15:04:36.000Z</time>
      </trkpt>
      <trkpt lat="40.788281" lon="-73.963693">
        <ele>38.2</ele>
        <time>2026-05-22T15:04:37.000Z</time>
      </trkpt>
      <trkpt lat="40.788279" lon="-73.963706">
        <ele>38.2</ele>
        <time>2026-05-22T15:04:38.000Z</time>
      </trkpt>
      <trkpt lat="40.788278" lon="-73.963719">
        <ele>38.2</ele>
        <time>2026-05-22T15:04:39.000Z</time>
      </trkpt>
      <trkpt lat="40.788277" lon="-73.963731">
        <ele>38.2</ele>
        <time>2026-05-22T15:04:40.000Z</time>
      </trkpt>
      <trkpt lat="40.788276" lon="-73.963744">
        <ele>38.2</ele>
        <time>2026-05-22T15:04:41.000Z</time>
      </trkpt>
      <trkpt lat="40.788275" lon="-73.963758">
        <ele>38</ele>
        <time>2026-05-22T15:04:42.000Z</time>
      </trkpt>
      <trkpt lat="40.788274" lon="-73.963772">
        <ele>38</ele>
        <time>2026-05-22T15:04:43.000Z</time>
      </trkpt>
      <trkpt lat="40.788273" lon="-73.963786">
        <ele>38</ele>
        <time>2026-05-22T15:04:44.000Z</time>
      </trkpt>
      <trkpt lat="40.788272" lon="-73.9638">
        <ele>38</ele>
        <time>2026-05-22T15:04:45.000Z</time>
      </trkpt>
      <trkpt lat="40.788271" lon="-73.963813">
        <ele>38</ele>
        <time>2026-05-22T15:04:46.000Z</time>
      </trkpt>
      <trkpt lat="40.788271" lon="-73.963827">
        <ele>38</ele>
        <time>2026-05-22T15:04:47.000Z</time>
      </trkpt>
      <trkpt lat="40.78827" lon="-73.96384">
        <ele>38</ele>
        <time>2026-05-22T15:04:48.000Z</time>
      </trkpt>
      <trkpt lat="40.78827" lon="-73.963853">
        <ele>38</ele>
        <time>2026-05-22T15:04:49.000Z</time>
      </trkpt>
      <trkpt lat="40.78827" lon="-73.963865">
        <ele>38</ele>
        <time>2026-05-22T15:04:50.000Z</time>
      </trkpt>
      <trkpt lat="40.78827" lon="-73.963877">
        <ele>38</ele>
        <time>2026-05-22T15:04:51.000Z</time>
      </trkpt>
      <trkpt lat="40.78827" lon="-73.96389">
        <ele>38</ele>
        <time>2026-05-22T15:04:52.000Z</time>
      </trkpt>
      <trkpt lat="40.78827" lon="-73.963904">
        <ele>38</ele>
        <time>2026-05-22T15:04:53.000Z</time>
      </trkpt>
      <trkpt lat="40.78827" lon="-73.963917">
        <ele>38</ele>
        <time>2026-05-22T15:04:54.000Z</time>
      </trkpt>
      <trkpt lat="40.788269" lon="-73.963931">
        <ele>38</ele>
        <time>2026-05-22T15:04:55.000Z</time>
      </trkpt>
      <trkpt lat="40.788269" lon="-73.963944">
        <ele>38</ele>
        <time>2026-05-22T15:04:56.000Z</time>
      </trkpt>
      <trkpt lat="40.78827" lon="-73.963957">
        <ele>38</ele>
        <time>2026-05-22T15:04:57.000Z</time>
      </trkpt>
      <trkpt lat="40.78827" lon="-73.96397">
        <ele>38</ele>
        <time>2026-05-22T15:04:58.000Z</time>
      </trkpt>
      <trkpt lat="40.78827" lon="-73.963983">
        <ele>38</ele>
        <time>2026-05-22T15:04:59.000Z</time>
      </trkpt>
      <trkpt lat="40.788271" lon="-73.963996">
        <ele>38</ele>
        <time>2026-05-22T15:05:00.000Z</time>
      </trkpt>
      <trkpt lat="40.788271" lon="-73.964009">
        <ele>38</ele>
        <time>2026-05-22T15:05:01.000Z</time>
      </trkpt>
      <trkpt lat="40.788272" lon="-73.964022">
        <ele>38</ele>
        <time>2026-05-22T15:05:02.000Z</time>
      </trkpt>
      <trkpt lat="40.788272" lon="-73.964035">
        <ele>38</ele>
        <time>2026-05-22T15:05:03.000Z</time>
      </trkpt>
      <trkpt lat="40.788272" lon="-73.964048">
        <ele>38</ele>
        <time>2026-05-22T15:05:04.000Z</time>
      </trkpt>
      <trkpt lat="40.788273" lon="-73.96406">
        <ele>38</ele>
        <time>2026-05-22T15:05:05.000Z</time>
      </trkpt>
      <trkpt lat="40.788273" lon="-73.964073">
        <ele>38</ele>
        <time>2026-05-22T15:05:06.000Z</time>
      </trkpt>
      <trkpt lat="40.788274" lon="-73.964085">
        <ele>38</ele>
        <time>2026-05-22T15:05:07.000Z</time>
      </trkpt>
      <trkpt lat="40.788275" lon="-73.964097">
        <ele>38</ele>
        <time>2026-05-22T15:05:08.000Z</time>
      </trkpt>
      <trkpt lat="40.788276" lon="-73.96411">
        <ele>38</ele>
        <time>2026-05-22T15:05:09.000Z</time>
      </trkpt>
      <trkpt lat="40.788277" lon="-73.964122">
        <ele>38</ele>
        <time>2026-05-22T15:05:10.000Z</time>
      </trkpt>
      <trkpt lat="40.788278" lon="-73.964135">
        <ele>38</ele>
        <time>2026-05-22T15:05:11.000Z</time>
      </trkpt>
      <trkpt lat="40.788279" lon="-73.964148">
        <ele>38</ele>
        <time>2026-05-22T15:05:12.000Z</time>
      </trkpt>
      <trkpt lat="40.78828" lon="-73.964161">
        <ele>38</ele>
        <time>2026-05-22T15:05:13.000Z</time>
      </trkpt>
      <trkpt lat="40.788282" lon="-73.964173">
        <ele>38</ele>
        <time>2026-05-22T15:05:14.000Z</time>
      </trkpt>
      <trkpt lat="40.788283" lon="-73.964185">
        <ele>38</ele>
        <time>2026-05-22T15:05:15.000Z</time>
      </trkpt>
      <trkpt lat="40.788284" lon="-73.964197">
        <ele>38</ele>
        <time>2026-05-22T15:05:16.000Z</time>
      </trkpt>
      <trkpt lat="40.788286" lon="-73.964211">
        <ele>38</ele>
        <time>2026-05-22T15:05:17.000Z</time>
      </trkpt>
      <trkpt lat="40.788287" lon="-73.964224">
        <ele>38</ele>
        <time>2026-05-22T15:05:18.000Z</time>
      </trkpt>
      <trkpt lat="40.788289" lon="-73.964238">
        <ele>38</ele>
        <time>2026-05-22T15:05:19.000Z</time>
      </trkpt>
      <trkpt lat="40.788291" lon="-73.964251">
        <ele>38</ele>
        <time>2026-05-22T15:05:20.000Z</time>
      </trkpt>
      <trkpt lat="40.788292" lon="-73.964264">
        <ele>38</ele>
        <time>2026-05-22T15:05:21.000Z</time>
      </trkpt>
      <trkpt lat="40.788294" lon="-73.964276">
        <ele>38</ele>
        <time>2026-05-22T15:05:22.000Z</time>
      </trkpt>
      <trkpt lat="40.788295" lon="-73.964288">
        <ele>38</ele>
        <time>2026-05-22T15:05:23.000Z</time>
      </trkpt>
      <trkpt lat="40.788297" lon="-73.9643">
        <ele>38</ele>
        <time>2026-05-22T15:05:24.000Z</time>
      </trkpt>
      <trkpt lat="40.788298" lon="-73.964312">
        <ele>38</ele>
        <time>2026-05-22T15:05:25.000Z</time>
      </trkpt>
      <trkpt lat="40.7883" lon="-73.964324">
        <ele>38</ele>
        <time>2026-05-22T15:05:26.000Z</time>
      </trkpt>
      <trkpt lat="40.788302" lon="-73.964337">
        <ele>38</ele>
        <time>2026-05-22T15:05:27.000Z</time>
      </trkpt>
      <trkpt lat="40.788304" lon="-73.964349">
        <ele>38</ele>
        <time>2026-05-22T15:05:28.000Z</time>
      </trkpt>
      <trkpt lat="40.788306" lon="-73.964362">
        <ele>38</ele>
        <time>2026-05-22T15:05:29.000Z</time>
      </trkpt>
      <trkpt lat="40.788308" lon="-73.964375">
        <ele>38</ele>
        <time>2026-05-22T15:05:30.000Z</time>
      </trkpt>
      <trkpt lat="40.78831" lon="-73.964388">
        <ele>38</ele>
        <time>2026-05-22T15:05:31.000Z</time>
      </trkpt>
      <trkpt lat="40.788313" lon="-73.964401">
        <ele>38</ele>
        <time>2026-05-22T15:05:32.000Z</time>
      </trkpt>
      <trkpt lat="40.788315" lon="-73.964413">
        <ele>38</ele>
        <time>2026-05-22T15:05:33.000Z</time>
      </trkpt>
      <trkpt lat="40.788317" lon="-73.964426">
        <ele>38</ele>
        <time>2026-05-22T15:05:34.000Z</time>
      </trkpt>
      <trkpt lat="40.788319" lon="-73.964438">
        <ele>38</ele>
        <time>2026-05-22T15:05:35.000Z</time>
      </trkpt>
      <trkpt lat="40.788321" lon="-73.96445">
        <ele>38</ele>
        <time>2026-05-22T15:05:36.000Z</time>
      </trkpt>
      <trkpt lat="40.788323" lon="-73.964463">
        <ele>38</ele>
        <time>2026-05-22T15:05:37.000Z</time>
      </trkpt>
      <trkpt lat="40.788325" lon="-73.964475">
        <ele>38</ele>
        <time>2026-05-22T15:05:38.000Z</time>
      </trkpt>
      <trkpt lat="40.788327" lon="-73.964488">
        <ele>38</ele>
        <time>2026-05-22T15:05:39.000Z</time>
      </trkpt>
      <trkpt lat="40.788329" lon="-73.964501">
        <ele>38</ele>
        <time>2026-05-22T15:05:40.000Z</time>
      </trkpt>
      <trkpt lat="40.788331" lon="-73.964514">
        <ele>37.8</ele>
        <time>2026-05-22T15:05:41.000Z</time>
      </trkpt>
      <trkpt lat="40.788332" lon="-73.964526">
        <ele>37.8</ele>
        <time>2026-05-22T15:05:42.000Z</time>
      </trkpt>
      <trkpt lat="40.788333" lon="-73.964539">
        <ele>37.8</ele>
        <time>2026-05-22T15:05:43.000Z</time>
      </trkpt>
      <trkpt lat="40.788335" lon="-73.964552">
        <ele>37.8</ele>
        <time>2026-05-22T15:05:44.000Z</time>
      </trkpt>
      <trkpt lat="40.788336" lon="-73.964567">
        <ele>37.8</ele>
        <time>2026-05-22T15:05:45.000Z</time>
      </trkpt>
      <trkpt lat="40.788338" lon="-73.964581">
        <ele>37.8</ele>
        <time>2026-05-22T15:05:46.000Z</time>
      </trkpt>
      <trkpt lat="40.788339" lon="-73.964593">
        <ele>37.8</ele>
        <time>2026-05-22T15:05:47.000Z</time>
      </trkpt>
      <trkpt lat="40.78834" lon="-73.964606">
        <ele>37.8</ele>
        <time>2026-05-22T15:05:48.000Z</time>
      </trkpt>
      <trkpt lat="40.788341" lon="-73.964619">
        <ele>37.8</ele>
        <time>2026-05-22T15:05:49.000Z</time>
      </trkpt>
      <trkpt lat="40.788342" lon="-73.964633">
        <ele>37.8</ele>
        <time>2026-05-22T15:05:50.000Z</time>
      </trkpt>
      <trkpt lat="40.788343" lon="-73.964646">
        <ele>37.8</ele>
        <time>2026-05-22T15:05:51.000Z</time>
      </trkpt>
      <trkpt lat="40.788344" lon="-73.964658">
        <ele>37.8</ele>
        <time>2026-05-22T15:05:52.000Z</time>
      </trkpt>
      <trkpt lat="40.788344" lon="-73.96467">
        <ele>37.8</ele>
        <time>2026-05-22T15:05:53.000Z</time>
      </trkpt>
      <trkpt lat="40.788345" lon="-73.964683">
        <ele>38</ele>
        <time>2026-05-22T15:05:54.000Z</time>
      </trkpt>
      <trkpt lat="40.788345" lon="-73.964695">
        <ele>38</ele>
        <time>2026-05-22T15:05:55.000Z</time>
      </trkpt>
      <trkpt lat="40.788345" lon="-73.964707">
        <ele>38</ele>
        <time>2026-05-22T15:05:56.000Z</time>
      </trkpt>
      <trkpt lat="40.788345" lon="-73.964719">
        <ele>38</ele>
        <time>2026-05-22T15:05:57.000Z</time>
      </trkpt>
      <trkpt lat="40.788345" lon="-73.964732">
        <ele>38</ele>
        <time>2026-05-22T15:05:58.000Z</time>
      </trkpt>
      <trkpt lat="40.788345" lon="-73.964745">
        <ele>38</ele>
        <time>2026-05-22T15:05:59.000Z</time>
      </trkpt>
      <trkpt lat="40.788345" lon="-73.964758">
        <ele>38</ele>
        <time>2026-05-22T15:06:00.000Z</time>
      </trkpt>
      <trkpt lat="40.788345" lon="-73.96477">
        <ele>38</ele>
        <time>2026-05-22T15:06:01.000Z</time>
      </trkpt>
      <trkpt lat="40.788345" lon="-73.964782">
        <ele>37.8</ele>
        <time>2026-05-22T15:06:02.000Z</time>
      </trkpt>
      <trkpt lat="40.788345" lon="-73.964794">
        <ele>37.8</ele>
        <time>2026-05-22T15:06:03.000Z</time>
      </trkpt>
      <trkpt lat="40.788345" lon="-73.964807">
        <ele>37.8</ele>
        <time>2026-05-22T15:06:04.000Z</time>
      </trkpt>
      <trkpt lat="40.788344" lon="-73.96482">
        <ele>37.8</ele>
        <time>2026-05-22T15:06:05.000Z</time>
      </trkpt>
      <trkpt lat="40.788343" lon="-73.964834">
        <ele>37.8</ele>
        <time>2026-05-22T15:06:06.000Z</time>
      </trkpt>
      <trkpt lat="40.788342" lon="-73.964847">
        <ele>37.8</ele>
        <time>2026-05-22T15:06:07.000Z</time>
      </trkpt>
      <trkpt lat="40.788341" lon="-73.96486">
        <ele>37.6</ele>
        <time>2026-05-22T15:06:08.000Z</time>
      </trkpt>
      <trkpt lat="40.788339" lon="-73.964873">
        <ele>37.6</ele>
        <time>2026-05-22T15:06:09.000Z</time>
      </trkpt>
      <trkpt lat="40.788338" lon="-73.964885">
        <ele>37.6</ele>
        <time>2026-05-22T15:06:10.000Z</time>
      </trkpt>
      <trkpt lat="40.788337" lon="-73.964898">
        <ele>37.6</ele>
        <time>2026-05-22T15:06:11.000Z</time>
      </trkpt>
      <trkpt lat="40.788335" lon="-73.964912">
        <ele>37.6</ele>
        <time>2026-05-22T15:06:12.000Z</time>
      </trkpt>
      <trkpt lat="40.788333" lon="-73.964925">
        <ele>37.6</ele>
        <time>2026-05-22T15:06:13.000Z</time>
      </trkpt>
      <trkpt lat="40.788332" lon="-73.964938">
        <ele>37.6</ele>
        <time>2026-05-22T15:06:14.000Z</time>
      </trkpt>
      <trkpt lat="40.78833" lon="-73.964951">
        <ele>37.6</ele>
        <time>2026-05-22T15:06:15.000Z</time>
      </trkpt>
      <trkpt lat="40.788328" lon="-73.964963">
        <ele>37.6</ele>
        <time>2026-05-22T15:06:16.000Z</time>
      </trkpt>
      <trkpt lat="40.788326" lon="-73.964976">
        <ele>37.6</ele>
        <time>2026-05-22T15:06:17.000Z</time>
      </trkpt>
      <trkpt lat="40.788324" lon="-73.964988">
        <ele>37.6</ele>
        <time>2026-05-22T15:06:18.000Z</time>
      </trkpt>
      <trkpt lat="40.788322" lon="-73.965">
        <ele>37.6</ele>
        <time>2026-05-22T15:06:19.000Z</time>
      </trkpt>
      <trkpt lat="40.78832" lon="-73.965012">
        <ele>37.6</ele>
        <time>2026-05-22T15:06:20.000Z</time>
      </trkpt>
      <trkpt lat="40.788318" lon="-73.965024">
        <ele>37.6</ele>
        <time>2026-05-22T15:06:21.000Z</time>
      </trkpt>
      <trkpt lat="40.788315" lon="-73.965038">
        <ele>37.6</ele>
        <time>2026-05-22T15:06:22.000Z</time>
      </trkpt>
      <trkpt lat="40.788313" lon="-73.965051">
        <ele>37.6</ele>
        <time>2026-05-22T15:06:23.000Z</time>
      </trkpt>
      <trkpt lat="40.78831" lon="-73.965064">
        <ele>37.6</ele>
        <time>2026-05-22T15:06:24.000Z</time>
      </trkpt>
      <trkpt lat="40.788307" lon="-73.965078">
        <ele>37.8</ele>
        <time>2026-05-22T15:06:25.000Z</time>
      </trkpt>
      <trkpt lat="40.788305" lon="-73.96509">
        <ele>37.8</ele>
        <time>2026-05-22T15:06:26.000Z</time>
      </trkpt>
      <trkpt lat="40.788302" lon="-73.965103">
        <ele>37.8</ele>
        <time>2026-05-22T15:06:27.000Z</time>
      </trkpt>
      <trkpt lat="40.7883" lon="-73.965114">
        <ele>37.8</ele>
        <time>2026-05-22T15:06:28.000Z</time>
      </trkpt>
      <trkpt lat="40.788297" lon="-73.965126">
        <ele>37.8</ele>
        <time>2026-05-22T15:06:29.000Z</time>
      </trkpt>
      <trkpt lat="40.788294" lon="-73.965138">
        <ele>37.8</ele>
        <time>2026-05-22T15:06:30.000Z</time>
      </trkpt>
      <trkpt lat="40.788291" lon="-73.96515">
        <ele>37.8</ele>
        <time>2026-05-22T15:06:31.000Z</time>
      </trkpt>
      <trkpt lat="40.788288" lon="-73.965162">
        <ele>38</ele>
        <time>2026-05-22T15:06:32.000Z</time>
      </trkpt>
      <trkpt lat="40.788285" lon="-73.965173">
        <ele>38</ele>
        <time>2026-05-22T15:06:33.000Z</time>
      </trkpt>
      <trkpt lat="40.788283" lon="-73.965184">
        <ele>38</ele>
        <time>2026-05-22T15:06:34.000Z</time>
      </trkpt>
      <trkpt lat="40.78828" lon="-73.965195">
        <ele>38</ele>
        <time>2026-05-22T15:06:35.000Z</time>
      </trkpt>
      <trkpt lat="40.788277" lon="-73.965206">
        <ele>38</ele>
        <time>2026-05-22T15:06:36.000Z</time>
      </trkpt>
      <trkpt lat="40.788274" lon="-73.965217">
        <ele>38</ele>
        <time>2026-05-22T15:06:37.000Z</time>
      </trkpt>
      <trkpt lat="40.78827" lon="-73.965229">
        <ele>38</ele>
        <time>2026-05-22T15:06:38.000Z</time>
      </trkpt>
      <trkpt lat="40.788267" lon="-73.96524">
        <ele>38</ele>
        <time>2026-05-22T15:06:39.000Z</time>
      </trkpt>
      <trkpt lat="40.788263" lon="-73.965252">
        <ele>38</ele>
        <time>2026-05-22T15:06:40.000Z</time>
      </trkpt>
      <trkpt lat="40.78826" lon="-73.965263">
        <ele>38</ele>
        <time>2026-05-22T15:06:41.000Z</time>
      </trkpt>
      <trkpt lat="40.788256" lon="-73.965275">
        <ele>38</ele>
        <time>2026-05-22T15:06:42.000Z</time>
      </trkpt>
      <trkpt lat="40.788252" lon="-73.965287">
        <ele>38</ele>
        <time>2026-05-22T15:06:43.000Z</time>
      </trkpt>
      <trkpt lat="40.788249" lon="-73.965299">
        <ele>38</ele>
        <time>2026-05-22T15:06:44.000Z</time>
      </trkpt>
      <trkpt lat="40.788245" lon="-73.965311">
        <ele>38</ele>
        <time>2026-05-22T15:06:45.000Z</time>
      </trkpt>
      <trkpt lat="40.788242" lon="-73.965323">
        <ele>37.8</ele>
        <time>2026-05-22T15:06:46.000Z</time>
      </trkpt>
      <trkpt lat="40.788238" lon="-73.965334">
        <ele>37.8</ele>
        <time>2026-05-22T15:06:47.000Z</time>
      </trkpt>
      <trkpt lat="40.788235" lon="-73.965344">
        <ele>37.8</ele>
        <time>2026-05-22T15:06:48.000Z</time>
      </trkpt>
      <trkpt lat="40.788231" lon="-73.965355">
        <ele>37.8</ele>
        <time>2026-05-22T15:06:49.000Z</time>
      </trkpt>
      <trkpt lat="40.788228" lon="-73.965366">
        <ele>37.8</ele>
        <time>2026-05-22T15:06:50.000Z</time>
      </trkpt>
      <trkpt lat="40.788224" lon="-73.965377">
        <ele>37.8</ele>
        <time>2026-05-22T15:06:51.000Z</time>
      </trkpt>
      <trkpt lat="40.78822" lon="-73.965387">
        <ele>37.6</ele>
        <time>2026-05-22T15:06:52.000Z</time>
      </trkpt>
      <trkpt lat="40.788216" lon="-73.965398">
        <ele>37.6</ele>
        <time>2026-05-22T15:06:53.000Z</time>
      </trkpt>
      <trkpt lat="40.788211" lon="-73.96541">
        <ele>37.6</ele>
        <time>2026-05-22T15:06:54.000Z</time>
      </trkpt>
      <trkpt lat="40.788207" lon="-73.965421">
        <ele>37.6</ele>
        <time>2026-05-22T15:06:55.000Z</time>
      </trkpt>
      <trkpt lat="40.788202" lon="-73.965432">
        <ele>37.6</ele>
        <time>2026-05-22T15:06:56.000Z</time>
      </trkpt>
      <trkpt lat="40.788198" lon="-73.965443">
        <ele>37.6</ele>
        <time>2026-05-22T15:06:57.000Z</time>
      </trkpt>
      <trkpt lat="40.788193" lon="-73.965453">
        <ele>37.4</ele>
        <time>2026-05-22T15:06:58.000Z</time>
      </trkpt>
      <trkpt lat="40.788188" lon="-73.965464">
        <ele>37.4</ele>
        <time>2026-05-22T15:06:59.000Z</time>
      </trkpt>
      <trkpt lat="40.788183" lon="-73.965475">
        <ele>37.4</ele>
        <time>2026-05-22T15:07:00.000Z</time>
      </trkpt>
      <trkpt lat="40.788178" lon="-73.965485">
        <ele>37.4</ele>
        <time>2026-05-22T15:07:01.000Z</time>
      </trkpt>
      <trkpt lat="40.788173" lon="-73.965496">
        <ele>37.4</ele>
        <time>2026-05-22T15:07:02.000Z</time>
      </trkpt>
      <trkpt lat="40.788167" lon="-73.965506">
        <ele>37.4</ele>
        <time>2026-05-22T15:07:03.000Z</time>
      </trkpt>
      <trkpt lat="40.788162" lon="-73.965515">
        <ele>37.2</ele>
        <time>2026-05-22T15:07:04.000Z</time>
      </trkpt>
      <trkpt lat="40.788158" lon="-73.965525">
        <ele>37.2</ele>
        <time>2026-05-22T15:07:05.000Z</time>
      </trkpt>
      <trkpt lat="40.788153" lon="-73.965534">
        <ele>37.2</ele>
        <time>2026-05-22T15:07:06.000Z</time>
      </trkpt>
      <trkpt lat="40.788147" lon="-73.965544">
        <ele>37.2</ele>
        <time>2026-05-22T15:07:07.000Z</time>
      </trkpt>
      <trkpt lat="40.788142" lon="-73.965554">
        <ele>37.2</ele>
        <time>2026-05-22T15:07:08.000Z</time>
      </trkpt>
      <trkpt lat="40.788137" lon="-73.965564">
        <ele>37.4</ele>
        <time>2026-05-22T15:07:09.000Z</time>
      </trkpt>
      <trkpt lat="40.788132" lon="-73.965576">
        <ele>37.4</ele>
        <time>2026-05-22T15:07:10.000Z</time>
      </trkpt>
      <trkpt lat="40.788126" lon="-73.965587">
        <ele>37.4</ele>
        <time>2026-05-22T15:07:11.000Z</time>
      </trkpt>
      <trkpt lat="40.78812" lon="-73.965599">
        <ele>37.4</ele>
        <time>2026-05-22T15:07:12.000Z</time>
      </trkpt>
      <trkpt lat="40.788115" lon="-73.96561">
        <ele>37.6</ele>
        <time>2026-05-22T15:07:13.000Z</time>
      </trkpt>
      <trkpt lat="40.78811" lon="-73.96562">
        <ele>37.6</ele>
        <time>2026-05-22T15:07:14.000Z</time>
      </trkpt>
      <trkpt lat="40.788105" lon="-73.965629">
        <ele>37.8</ele>
        <time>2026-05-22T15:07:15.000Z</time>
      </trkpt>
      <trkpt lat="40.788099" lon="-73.965639">
        <ele>37.8</ele>
        <time>2026-05-22T15:07:16.000Z</time>
      </trkpt>
      <trkpt lat="40.788094" lon="-73.965649">
        <ele>37.8</ele>
        <time>2026-05-22T15:07:17.000Z</time>
      </trkpt>
      <trkpt lat="40.788088" lon="-73.965659">
        <ele>38</ele>
        <time>2026-05-22T15:07:18.000Z</time>
      </trkpt>
      <trkpt lat="40.788082" lon="-73.965669">
        <ele>38</ele>
        <time>2026-05-22T15:07:19.000Z</time>
      </trkpt>
      <trkpt lat="40.788076" lon="-73.965678">
        <ele>38</ele>
        <time>2026-05-22T15:07:20.000Z</time>
      </trkpt>
      <trkpt lat="40.78807" lon="-73.965689">
        <ele>38.2</ele>
        <time>2026-05-22T15:07:21.000Z</time>
      </trkpt>
      <trkpt lat="40.788065" lon="-73.965699">
        <ele>38.2</ele>
        <time>2026-05-22T15:07:22.000Z</time>
      </trkpt>
      <trkpt lat="40.788059" lon="-73.965708">
        <ele>38.2</ele>
        <time>2026-05-22T15:07:23.000Z</time>
      </trkpt>
      <trkpt lat="40.788053" lon="-73.965718">
        <ele>38.2</ele>
        <time>2026-05-22T15:07:24.000Z</time>
      </trkpt>
      <trkpt lat="40.788047" lon="-73.965729">
        <ele>38.2</ele>
        <time>2026-05-22T15:07:25.000Z</time>
      </trkpt>
      <trkpt lat="40.788041" lon="-73.965739">
        <ele>38.2</ele>
        <time>2026-05-22T15:07:26.000Z</time>
      </trkpt>
      <trkpt lat="40.788034" lon="-73.96575">
        <ele>38.2</ele>
        <time>2026-05-22T15:07:27.000Z</time>
      </trkpt>
      <trkpt lat="40.788028" lon="-73.96576">
        <ele>38.2</ele>
        <time>2026-05-22T15:07:28.000Z</time>
      </trkpt>
      <trkpt lat="40.788022" lon="-73.96577">
        <ele>38.2</ele>
        <time>2026-05-22T15:07:29.000Z</time>
      </trkpt>
      <trkpt lat="40.788016" lon="-73.96578">
        <ele>38.2</ele>
        <time>2026-05-22T15:07:30.000Z</time>
      </trkpt>
      <trkpt lat="40.78801" lon="-73.96579">
        <ele>38.2</ele>
        <time>2026-05-22T15:07:31.000Z</time>
      </trkpt>
      <trkpt lat="40.788004" lon="-73.965799">
        <ele>38.2</ele>
        <time>2026-05-22T15:07:32.000Z</time>
      </trkpt>
      <trkpt lat="40.787998" lon="-73.965809">
        <ele>38.2</ele>
        <time>2026-05-22T15:07:33.000Z</time>
      </trkpt>
      <trkpt lat="40.787991" lon="-73.965818">
        <ele>38.2</ele>
        <time>2026-05-22T15:07:34.000Z</time>
      </trkpt>
      <trkpt lat="40.787985" lon="-73.965828">
        <ele>38.2</ele>
        <time>2026-05-22T15:07:35.000Z</time>
      </trkpt>
      <trkpt lat="40.787979" lon="-73.965837">
        <ele>38</ele>
        <time>2026-05-22T15:07:36.000Z</time>
      </trkpt>
      <trkpt lat="40.787972" lon="-73.965846">
        <ele>38</ele>
        <time>2026-05-22T15:07:37.000Z</time>
      </trkpt>
      <trkpt lat="40.787966" lon="-73.965856">
        <ele>38</ele>
        <time>2026-05-22T15:07:38.000Z</time>
      </trkpt>
      <trkpt lat="40.787959" lon="-73.965864">
        <ele>38</ele>
        <time>2026-05-22T15:07:39.000Z</time>
      </trkpt>
      <trkpt lat="40.787952" lon="-73.965873">
        <ele>38</ele>
        <time>2026-05-22T15:07:40.000Z</time>
      </trkpt>
      <trkpt lat="40.787946" lon="-73.965881">
        <ele>38</ele>
        <time>2026-05-22T15:07:41.000Z</time>
      </trkpt>
      <trkpt lat="40.787939" lon="-73.96589">
        <ele>38</ele>
        <time>2026-05-22T15:07:42.000Z</time>
      </trkpt>
      <trkpt lat="40.787932" lon="-73.965898">
        <ele>38</ele>
        <time>2026-05-22T15:07:43.000Z</time>
      </trkpt>
      <trkpt lat="40.787925" lon="-73.965907">
        <ele>38</ele>
        <time>2026-05-22T15:07:44.000Z</time>
      </trkpt>
      <trkpt lat="40.787918" lon="-73.965916">
        <ele>37.8</ele>
        <time>2026-05-22T15:07:45.000Z</time>
      </trkpt>
      <trkpt lat="40.787911" lon="-73.965924">
        <ele>37.8</ele>
        <time>2026-05-22T15:07:46.000Z</time>
      </trkpt>
      <trkpt lat="40.787904" lon="-73.965933">
        <ele>37.8</ele>
        <time>2026-05-22T15:07:47.000Z</time>
      </trkpt>
      <trkpt lat="40.787897" lon="-73.965941">
        <ele>37.8</ele>
        <time>2026-05-22T15:07:48.000Z</time>
      </trkpt>
      <trkpt lat="40.78789" lon="-73.96595">
        <ele>37.8</ele>
        <time>2026-05-22T15:07:49.000Z</time>
      </trkpt>
      <trkpt lat="40.787883" lon="-73.965958">
        <ele>37.8</ele>
        <time>2026-05-22T15:07:50.000Z</time>
      </trkpt>
      <trkpt lat="40.787876" lon="-73.965966">
        <ele>37.8</ele>
        <time>2026-05-22T15:07:51.000Z</time>
      </trkpt>
      <trkpt lat="40.787868" lon="-73.965974">
        <ele>37.8</ele>
        <time>2026-05-22T15:07:52.000Z</time>
      </trkpt>
      <trkpt lat="40.787861" lon="-73.965981">
        <ele>37.8</ele>
        <time>2026-05-22T15:07:53.000Z</time>
      </trkpt>
      <trkpt lat="40.787853" lon="-73.965989">
        <ele>37.8</ele>
        <time>2026-05-22T15:07:54.000Z</time>
      </trkpt>
      <trkpt lat="40.787845" lon="-73.965996">
        <ele>37.8</ele>
        <time>2026-05-22T15:07:55.000Z</time>
      </trkpt>
      <trkpt lat="40.787837" lon="-73.966003">
        <ele>37.8</ele>
        <time>2026-05-22T15:07:56.000Z</time>
      </trkpt>
      <trkpt lat="40.787829" lon="-73.966009">
        <ele>37.8</ele>
        <time>2026-05-22T15:07:57.000Z</time>
      </trkpt>
      <trkpt lat="40.787821" lon="-73.966015">
        <ele>37.8</ele>
        <time>2026-05-22T15:07:58.000Z</time>
      </trkpt>
      <trkpt lat="40.787812" lon="-73.966021">
        <ele>37.8</ele>
        <time>2026-05-22T15:07:59.000Z</time>
      </trkpt>
      <trkpt lat="40.787802" lon="-73.966027">
        <ele>37.8</ele>
        <time>2026-05-22T15:08:00.000Z</time>
      </trkpt>
      <trkpt lat="40.787792" lon="-73.966033">
        <ele>37.8</ele>
        <time>2026-05-22T15:08:01.000Z</time>
      </trkpt>
      <trkpt lat="40.787782" lon="-73.966038">
        <ele>37.6</ele>
        <time>2026-05-22T15:08:02.000Z</time>
      </trkpt>
      <trkpt lat="40.787772" lon="-73.966042">
        <ele>37.6</ele>
        <time>2026-05-22T15:08:03.000Z</time>
      </trkpt>
      <trkpt lat="40.787762" lon="-73.966046">
        <ele>37.6</ele>
        <time>2026-05-22T15:08:04.000Z</time>
      </trkpt>
      <trkpt lat="40.787753" lon="-73.966052">
        <ele>37.6</ele>
        <time>2026-05-22T15:08:05.000Z</time>
      </trkpt>
      <trkpt lat="40.787745" lon="-73.966057">
        <ele>37.8</ele>
        <time>2026-05-22T15:08:06.000Z</time>
      </trkpt>
      <trkpt lat="40.787736" lon="-73.966061">
        <ele>37.8</ele>
        <time>2026-05-22T15:08:07.000Z</time>
      </trkpt>
      <trkpt lat="40.787726" lon="-73.966065">
        <ele>37.8</ele>
        <time>2026-05-22T15:08:08.000Z</time>
      </trkpt>
      <trkpt lat="40.787717" lon="-73.966069">
        <ele>37.8</ele>
        <time>2026-05-22T15:08:09.000Z</time>
      </trkpt>
      <trkpt lat="40.787708" lon="-73.966074">
        <ele>37.8</ele>
        <time>2026-05-22T15:08:10.000Z</time>
      </trkpt>
      <trkpt lat="40.787698" lon="-73.966078">
        <ele>37.8</ele>
        <time>2026-05-22T15:08:11.000Z</time>
      </trkpt>
      <trkpt lat="40.787688" lon="-73.966083">
        <ele>37.8</ele>
        <time>2026-05-22T15:08:12.000Z</time>
      </trkpt>
      <trkpt lat="40.787679" lon="-73.966088">
        <ele>37.8</ele>
        <time>2026-05-22T15:08:13.000Z</time>
      </trkpt>
      <trkpt lat="40.78767" lon="-73.966093">
        <ele>37.8</ele>
        <time>2026-05-22T15:08:14.000Z</time>
      </trkpt>
      <trkpt lat="40.787662" lon="-73.966097">
        <ele>37.8</ele>
        <time>2026-05-22T15:08:15.000Z</time>
      </trkpt>
      <trkpt lat="40.787653" lon="-73.966102">
        <ele>37.8</ele>
        <time>2026-05-22T15:08:16.000Z</time>
      </trkpt>
      <trkpt lat="40.787645" lon="-73.966106">
        <ele>37.8</ele>
        <time>2026-05-22T15:08:17.000Z</time>
      </trkpt>
      <trkpt lat="40.787636" lon="-73.96611">
        <ele>37.8</ele>
        <time>2026-05-22T15:08:18.000Z</time>
      </trkpt>
      <trkpt lat="40.787627" lon="-73.966115">
        <ele>37.8</ele>
        <time>2026-05-22T15:08:19.000Z</time>
      </trkpt>
      <trkpt lat="40.787618" lon="-73.96612">
        <ele>37.8</ele>
        <time>2026-05-22T15:08:20.000Z</time>
      </trkpt>
      <trkpt lat="40.787609" lon="-73.966125">
        <ele>37.8</ele>
        <time>2026-05-22T15:08:21.000Z</time>
      </trkpt>
      <trkpt lat="40.7876" lon="-73.966131">
        <ele>37.8</ele>
        <time>2026-05-22T15:08:22.000Z</time>
      </trkpt>
      <trkpt lat="40.787592" lon="-73.966136">
        <ele>37.8</ele>
        <time>2026-05-22T15:08:23.000Z</time>
      </trkpt>
      <trkpt lat="40.787583" lon="-73.966141">
        <ele>37.8</ele>
        <time>2026-05-22T15:08:24.000Z</time>
      </trkpt>
      <trkpt lat="40.787574" lon="-73.966146">
        <ele>37.8</ele>
        <time>2026-05-22T15:08:25.000Z</time>
      </trkpt>
      <trkpt lat="40.787566" lon="-73.96615">
        <ele>37.8</ele>
        <time>2026-05-22T15:08:26.000Z</time>
      </trkpt>
      <trkpt lat="40.787557" lon="-73.966155">
        <ele>37.8</ele>
        <time>2026-05-22T15:08:27.000Z</time>
      </trkpt>
      <trkpt lat="40.787548" lon="-73.96616">
        <ele>37.8</ele>
        <time>2026-05-22T15:08:28.000Z</time>
      </trkpt>
      <trkpt lat="40.787538" lon="-73.966165">
        <ele>38</ele>
        <time>2026-05-22T15:08:29.000Z</time>
      </trkpt>
      <trkpt lat="40.787529" lon="-73.96617">
        <ele>38</ele>
        <time>2026-05-22T15:08:30.000Z</time>
      </trkpt>
      <trkpt lat="40.78752" lon="-73.966174">
        <ele>38</ele>
        <time>2026-05-22T15:08:31.000Z</time>
      </trkpt>
      <trkpt lat="40.78751" lon="-73.966177">
        <ele>38</ele>
        <time>2026-05-22T15:08:32.000Z</time>
      </trkpt>
      <trkpt lat="40.787501" lon="-73.96618">
        <ele>38</ele>
        <time>2026-05-22T15:08:33.000Z</time>
      </trkpt>
      <trkpt lat="40.787491" lon="-73.966182">
        <ele>38</ele>
        <time>2026-05-22T15:08:34.000Z</time>
      </trkpt>
      <trkpt lat="40.787482" lon="-73.966185">
        <ele>38</ele>
        <time>2026-05-22T15:08:35.000Z</time>
      </trkpt>
      <trkpt lat="40.787472" lon="-73.966189">
        <ele>38</ele>
        <time>2026-05-22T15:08:36.000Z</time>
      </trkpt>
      <trkpt lat="40.787462" lon="-73.966192">
        <ele>38</ele>
        <time>2026-05-22T15:08:37.000Z</time>
      </trkpt>
      <trkpt lat="40.787453" lon="-73.966196">
        <ele>38</ele>
        <time>2026-05-22T15:08:38.000Z</time>
      </trkpt>
      <trkpt lat="40.787443" lon="-73.9662">
        <ele>38</ele>
        <time>2026-05-22T15:08:39.000Z</time>
      </trkpt>
      <trkpt lat="40.787434" lon="-73.966204">
        <ele>38</ele>
        <time>2026-05-22T15:08:40.000Z</time>
      </trkpt>
      <trkpt lat="40.787424" lon="-73.966207">
        <ele>38</ele>
        <time>2026-05-22T15:08:41.000Z</time>
      </trkpt>
      <trkpt lat="40.787414" lon="-73.966209">
        <ele>38</ele>
        <time>2026-05-22T15:08:42.000Z</time>
      </trkpt>
      <trkpt lat="40.787405" lon="-73.966211">
        <ele>38</ele>
        <time>2026-05-22T15:08:43.000Z</time>
      </trkpt>
      <trkpt lat="40.787395" lon="-73.966214">
        <ele>37.8</ele>
        <time>2026-05-22T15:08:44.000Z</time>
      </trkpt>
      <trkpt lat="40.787386" lon="-73.966216">
        <ele>37.8</ele>
        <time>2026-05-22T15:08:45.000Z</time>
      </trkpt>
      <trkpt lat="40.787376" lon="-73.966219">
        <ele>37.8</ele>
        <time>2026-05-22T15:08:46.000Z</time>
      </trkpt>
      <trkpt lat="40.787366" lon="-73.966222">
        <ele>37.8</ele>
        <time>2026-05-22T15:08:47.000Z</time>
      </trkpt>
      <trkpt lat="40.787357" lon="-73.966226">
        <ele>37.8</ele>
        <time>2026-05-22T15:08:48.000Z</time>
      </trkpt>
      <trkpt lat="40.787347" lon="-73.966229">
        <ele>37.8</ele>
        <time>2026-05-22T15:08:49.000Z</time>
      </trkpt>
      <trkpt lat="40.787337" lon="-73.966233">
        <ele>37.8</ele>
        <time>2026-05-22T15:08:50.000Z</time>
      </trkpt>
      <trkpt lat="40.787327" lon="-73.966236">
        <ele>37.8</ele>
        <time>2026-05-22T15:08:51.000Z</time>
      </trkpt>
      <trkpt lat="40.787317" lon="-73.966239">
        <ele>37.8</ele>
        <time>2026-05-22T15:08:52.000Z</time>
      </trkpt>
      <trkpt lat="40.787307" lon="-73.966242">
        <ele>37.8</ele>
        <time>2026-05-22T15:08:53.000Z</time>
      </trkpt>
      <trkpt lat="40.787297" lon="-73.966245">
        <ele>37.6</ele>
        <time>2026-05-22T15:08:54.000Z</time>
      </trkpt>
      <trkpt lat="40.787287" lon="-73.966247">
        <ele>37.6</ele>
        <time>2026-05-22T15:08:55.000Z</time>
      </trkpt>
      <trkpt lat="40.787278" lon="-73.96625">
        <ele>37.6</ele>
        <time>2026-05-22T15:08:56.000Z</time>
      </trkpt>
      <trkpt lat="40.787269" lon="-73.966252">
        <ele>37.6</ele>
        <time>2026-05-22T15:08:57.000Z</time>
      </trkpt>
      <trkpt lat="40.787259" lon="-73.966254">
        <ele>37.6</ele>
        <time>2026-05-22T15:08:58.000Z</time>
      </trkpt>
      <trkpt lat="40.78725" lon="-73.966256">
        <ele>37.6</ele>
        <time>2026-05-22T15:08:59.000Z</time>
      </trkpt>
      <trkpt lat="40.787241" lon="-73.966257">
        <ele>37.6</ele>
        <time>2026-05-22T15:09:00.000Z</time>
      </trkpt>
      <trkpt lat="40.787231" lon="-73.966258">
        <ele>37.6</ele>
        <time>2026-05-22T15:09:01.000Z</time>
      </trkpt>
      <trkpt lat="40.787222" lon="-73.96626">
        <ele>37.6</ele>
        <time>2026-05-22T15:09:02.000Z</time>
      </trkpt>
      <trkpt lat="40.787213" lon="-73.966262">
        <ele>37.6</ele>
        <time>2026-05-22T15:09:03.000Z</time>
      </trkpt>
      <trkpt lat="40.787204" lon="-73.966263">
        <ele>37.6</ele>
        <time>2026-05-22T15:09:04.000Z</time>
      </trkpt>
      <trkpt lat="40.787195" lon="-73.966265">
        <ele>37.6</ele>
        <time>2026-05-22T15:09:05.000Z</time>
      </trkpt>
      <trkpt lat="40.787186" lon="-73.966266">
        <ele>37.6</ele>
        <time>2026-05-22T15:09:06.000Z</time>
      </trkpt>
      <trkpt lat="40.787176" lon="-73.966267">
        <ele>37.6</ele>
        <time>2026-05-22T15:09:07.000Z</time>
      </trkpt>
      <trkpt lat="40.787167" lon="-73.966269">
        <ele>37.6</ele>
        <time>2026-05-22T15:09:08.000Z</time>
      </trkpt>
      <trkpt lat="40.787157" lon="-73.966271">
        <ele>37.6</ele>
        <time>2026-05-22T15:09:09.000Z</time>
      </trkpt>
      <trkpt lat="40.787148" lon="-73.966274">
        <ele>37.6</ele>
        <time>2026-05-22T15:09:10.000Z</time>
      </trkpt>
      <trkpt lat="40.787138" lon="-73.966276">
        <ele>37.6</ele>
        <time>2026-05-22T15:09:11.000Z</time>
      </trkpt>
      <trkpt lat="40.787128" lon="-73.966278">
        <ele>37.6</ele>
        <time>2026-05-22T15:09:12.000Z</time>
      </trkpt>
      <trkpt lat="40.787119" lon="-73.966281">
        <ele>37.6</ele>
        <time>2026-05-22T15:09:13.000Z</time>
      </trkpt>
      <trkpt lat="40.78711" lon="-73.966283">
        <ele>37.6</ele>
        <time>2026-05-22T15:09:14.000Z</time>
      </trkpt>
      <trkpt lat="40.787101" lon="-73.966285">
        <ele>37.6</ele>
        <time>2026-05-22T15:09:15.000Z</time>
      </trkpt>
      <trkpt lat="40.787091" lon="-73.966288">
        <ele>37.6</ele>
        <time>2026-05-22T15:09:16.000Z</time>
      </trkpt>
      <trkpt lat="40.787081" lon="-73.966291">
        <ele>37.6</ele>
        <time>2026-05-22T15:09:17.000Z</time>
      </trkpt>
      <trkpt lat="40.787071" lon="-73.966295">
        <ele>37.6</ele>
        <time>2026-05-22T15:09:18.000Z</time>
      </trkpt>
      <trkpt lat="40.787062" lon="-73.9663">
        <ele>37.6</ele>
        <time>2026-05-22T15:09:19.000Z</time>
      </trkpt>
      <trkpt lat="40.787052" lon="-73.966304">
        <ele>37.6</ele>
        <time>2026-05-22T15:09:20.000Z</time>
      </trkpt>
      <trkpt lat="40.787043" lon="-73.966309">
        <ele>37.4</ele>
        <time>2026-05-22T15:09:21.000Z</time>
      </trkpt>
      <trkpt lat="40.787033" lon="-73.966313">
        <ele>37.4</ele>
        <time>2026-05-22T15:09:22.000Z</time>
      </trkpt>
      <trkpt lat="40.787024" lon="-73.966317">
        <ele>37.4</ele>
        <time>2026-05-22T15:09:23.000Z</time>
      </trkpt>
      <trkpt lat="40.787015" lon="-73.96632">
        <ele>37.4</ele>
        <time>2026-05-22T15:09:24.000Z</time>
      </trkpt>
      <trkpt lat="40.787006" lon="-73.966323">
        <ele>37.4</ele>
        <time>2026-05-22T15:09:25.000Z</time>
      </trkpt>
      <trkpt lat="40.786996" lon="-73.966325">
        <ele>37.4</ele>
        <time>2026-05-22T15:09:26.000Z</time>
      </trkpt>
      <trkpt lat="40.786987" lon="-73.966328">
        <ele>37.4</ele>
        <time>2026-05-22T15:09:27.000Z</time>
      </trkpt>
      <trkpt lat="40.786977" lon="-73.96633">
        <ele>37.2</ele>
        <time>2026-05-22T15:09:28.000Z</time>
      </trkpt>
      <trkpt lat="40.786967" lon="-73.966332">
        <ele>37.2</ele>
        <time>2026-05-22T15:09:29.000Z</time>
      </trkpt>
      <trkpt lat="40.786958" lon="-73.966334">
        <ele>37.2</ele>
        <time>2026-05-22T15:09:30.000Z</time>
      </trkpt>
      <trkpt lat="40.786948" lon="-73.966336">
        <ele>37.2</ele>
        <time>2026-05-22T15:09:31.000Z</time>
      </trkpt>
      <trkpt lat="40.786938" lon="-73.966338">
        <ele>37.2</ele>
        <time>2026-05-22T15:09:32.000Z</time>
      </trkpt>
      <trkpt lat="40.786928" lon="-73.966341">
        <ele>37.2</ele>
        <time>2026-05-22T15:09:33.000Z</time>
      </trkpt>
      <trkpt lat="40.786918" lon="-73.966343">
        <ele>37.2</ele>
        <time>2026-05-22T15:09:34.000Z</time>
      </trkpt>
      <trkpt lat="40.786908" lon="-73.966345">
        <ele>37.2</ele>
        <time>2026-05-22T15:09:35.000Z</time>
      </trkpt>
      <trkpt lat="40.786898" lon="-73.966347">
        <ele>37</ele>
        <time>2026-05-22T15:09:36.000Z</time>
      </trkpt>
      <trkpt lat="40.786888" lon="-73.966349">
        <ele>37</ele>
        <time>2026-05-22T15:09:37.000Z</time>
      </trkpt>
      <trkpt lat="40.786878" lon="-73.966351">
        <ele>37</ele>
        <time>2026-05-22T15:09:38.000Z</time>
      </trkpt>
      <trkpt lat="40.786868" lon="-73.966353">
        <ele>37</ele>
        <time>2026-05-22T15:09:39.000Z</time>
      </trkpt>
      <trkpt lat="40.786859" lon="-73.966354">
        <ele>37</ele>
        <time>2026-05-22T15:09:40.000Z</time>
      </trkpt>
      <trkpt lat="40.78685" lon="-73.966356">
        <ele>37.2</ele>
        <time>2026-05-22T15:09:41.000Z</time>
      </trkpt>
      <trkpt lat="40.78684" lon="-73.966358">
        <ele>37.2</ele>
        <time>2026-05-22T15:09:42.000Z</time>
      </trkpt>
      <trkpt lat="40.786831" lon="-73.96636">
        <ele>37.2</ele>
        <time>2026-05-22T15:09:43.000Z</time>
      </trkpt>
      <trkpt lat="40.786821" lon="-73.966362">
        <ele>37.2</ele>
        <time>2026-05-22T15:09:44.000Z</time>
      </trkpt>
      <trkpt lat="40.786811" lon="-73.966364">
        <ele>37.2</ele>
        <time>2026-05-22T15:09:45.000Z</time>
      </trkpt>
      <trkpt lat="40.786802" lon="-73.966366">
        <ele>37.2</ele>
        <time>2026-05-22T15:09:46.000Z</time>
      </trkpt>
      <trkpt lat="40.786792" lon="-73.966367">
        <ele>37.2</ele>
        <time>2026-05-22T15:09:47.000Z</time>
      </trkpt>
      <trkpt lat="40.786783" lon="-73.96637">
        <ele>37.2</ele>
        <time>2026-05-22T15:09:48.000Z</time>
      </trkpt>
      <trkpt lat="40.786774" lon="-73.966372">
        <ele>37.4</ele>
        <time>2026-05-22T15:09:49.000Z</time>
      </trkpt>
      <trkpt lat="40.786764" lon="-73.966374">
        <ele>37.2</ele>
        <time>2026-05-22T15:09:50.000Z</time>
      </trkpt>
      <trkpt lat="40.786754" lon="-73.966377">
        <ele>37.2</ele>
        <time>2026-05-22T15:09:51.000Z</time>
      </trkpt>
      <trkpt lat="40.786744" lon="-73.96638">
        <ele>37.2</ele>
        <time>2026-05-22T15:09:52.000Z</time>
      </trkpt>
      <trkpt lat="40.786734" lon="-73.966383">
        <ele>37.2</ele>
        <time>2026-05-22T15:09:53.000Z</time>
      </trkpt>
      <trkpt lat="40.786725" lon="-73.966385">
        <ele>37.2</ele>
        <time>2026-05-22T15:09:54.000Z</time>
      </trkpt>
      <trkpt lat="40.786715" lon="-73.966389">
        <ele>37.2</ele>
        <time>2026-05-22T15:09:55.000Z</time>
      </trkpt>
      <trkpt lat="40.786704" lon="-73.966391">
        <ele>37.2</ele>
        <time>2026-05-22T15:09:56.000Z</time>
      </trkpt>
      <trkpt lat="40.786694" lon="-73.966394">
        <ele>37.2</ele>
        <time>2026-05-22T15:09:57.000Z</time>
      </trkpt>
      <trkpt lat="40.786684" lon="-73.966396">
        <ele>37.2</ele>
        <time>2026-05-22T15:09:58.000Z</time>
      </trkpt>
      <trkpt lat="40.786674" lon="-73.966398">
        <ele>37.2</ele>
        <time>2026-05-22T15:09:59.000Z</time>
      </trkpt>
      <trkpt lat="40.786665" lon="-73.966401">
        <ele>37.2</ele>
        <time>2026-05-22T15:10:00.000Z</time>
      </trkpt>
      <trkpt lat="40.786655" lon="-73.966403">
        <ele>37.2</ele>
        <time>2026-05-22T15:10:01.000Z</time>
      </trkpt>
      <trkpt lat="40.786645" lon="-73.966405">
        <ele>37.2</ele>
        <time>2026-05-22T15:10:02.000Z</time>
      </trkpt>
      <trkpt lat="40.786636" lon="-73.966407">
        <ele>37.2</ele>
        <time>2026-05-22T15:10:03.000Z</time>
      </trkpt>
      <trkpt lat="40.786627" lon="-73.966409">
        <ele>37.2</ele>
        <time>2026-05-22T15:10:04.000Z</time>
      </trkpt>
      <trkpt lat="40.786617" lon="-73.966412">
        <ele>37.2</ele>
        <time>2026-05-22T15:10:05.000Z</time>
      </trkpt>
      <trkpt lat="40.786607" lon="-73.966415">
        <ele>37.2</ele>
        <time>2026-05-22T15:10:06.000Z</time>
      </trkpt>
      <trkpt lat="40.786597" lon="-73.966418">
        <ele>37.2</ele>
        <time>2026-05-22T15:10:07.000Z</time>
      </trkpt>
      <trkpt lat="40.786587" lon="-73.966421">
        <ele>37.2</ele>
        <time>2026-05-22T15:10:08.000Z</time>
      </trkpt>
      <trkpt lat="40.786578" lon="-73.966424">
        <ele>37.2</ele>
        <time>2026-05-22T15:10:09.000Z</time>
      </trkpt>
      <trkpt lat="40.786568" lon="-73.966427">
        <ele>37.2</ele>
        <time>2026-05-22T15:10:10.000Z</time>
      </trkpt>
      <trkpt lat="40.786558" lon="-73.966429">
        <ele>37.4</ele>
        <time>2026-05-22T15:10:11.000Z</time>
      </trkpt>
      <trkpt lat="40.786548" lon="-73.966432">
        <ele>37.4</ele>
        <time>2026-05-22T15:10:12.000Z</time>
      </trkpt>
      <trkpt lat="40.786538" lon="-73.966434">
        <ele>37.4</ele>
        <time>2026-05-22T15:10:13.000Z</time>
      </trkpt>
      <trkpt lat="40.786527" lon="-73.966436">
        <ele>37.4</ele>
        <time>2026-05-22T15:10:14.000Z</time>
      </trkpt>
      <trkpt lat="40.786518" lon="-73.966439">
        <ele>37.4</ele>
        <time>2026-05-22T15:10:15.000Z</time>
      </trkpt>
      <trkpt lat="40.786508" lon="-73.966441">
        <ele>37.4</ele>
        <time>2026-05-22T15:10:16.000Z</time>
      </trkpt>
      <trkpt lat="40.786498" lon="-73.966444">
        <ele>37.4</ele>
        <time>2026-05-22T15:10:17.000Z</time>
      </trkpt>
      <trkpt lat="40.786487" lon="-73.966448">
        <ele>37.4</ele>
        <time>2026-05-22T15:10:18.000Z</time>
      </trkpt>
      <trkpt lat="40.786477" lon="-73.966451">
        <ele>37.4</ele>
        <time>2026-05-22T15:10:19.000Z</time>
      </trkpt>
      <trkpt lat="40.786466" lon="-73.966455">
        <ele>37.4</ele>
        <time>2026-05-22T15:10:20.000Z</time>
      </trkpt>
      <trkpt lat="40.786456" lon="-73.966458">
        <ele>37.4</ele>
        <time>2026-05-22T15:10:21.000Z</time>
      </trkpt>
      <trkpt lat="40.786447" lon="-73.966461">
        <ele>37.4</ele>
        <time>2026-05-22T15:10:22.000Z</time>
      </trkpt>
      <trkpt lat="40.786437" lon="-73.966463">
        <ele>37.4</ele>
        <time>2026-05-22T15:10:23.000Z</time>
      </trkpt>
      <trkpt lat="40.786427" lon="-73.966465">
        <ele>37.4</ele>
        <time>2026-05-22T15:10:24.000Z</time>
      </trkpt>
      <trkpt lat="40.786417" lon="-73.966467">
        <ele>37.4</ele>
        <time>2026-05-22T15:10:25.000Z</time>
      </trkpt>
      <trkpt lat="40.786407" lon="-73.966469">
        <ele>37.6</ele>
        <time>2026-05-22T15:10:26.000Z</time>
      </trkpt>
      <trkpt lat="40.786397" lon="-73.966471">
        <ele>37.6</ele>
        <time>2026-05-22T15:10:27.000Z</time>
      </trkpt>
      <trkpt lat="40.786388" lon="-73.966473">
        <ele>37.6</ele>
        <time>2026-05-22T15:10:28.000Z</time>
      </trkpt>
      <trkpt lat="40.786378" lon="-73.966475">
        <ele>37.6</ele>
        <time>2026-05-22T15:10:29.000Z</time>
      </trkpt>
      <trkpt lat="40.786368" lon="-73.966477">
        <ele>37.6</ele>
        <time>2026-05-22T15:10:30.000Z</time>
      </trkpt>
      <trkpt lat="40.786359" lon="-73.966479">
        <ele>37.6</ele>
        <time>2026-05-22T15:10:31.000Z</time>
      </trkpt>
      <trkpt lat="40.78635" lon="-73.966481">
        <ele>37.6</ele>
        <time>2026-05-22T15:10:32.000Z</time>
      </trkpt>
      <trkpt lat="40.78634" lon="-73.966482">
        <ele>37.6</ele>
        <time>2026-05-22T15:10:33.000Z</time>
      </trkpt>
      <trkpt lat="40.78633" lon="-73.966484">
        <ele>37.6</ele>
        <time>2026-05-22T15:10:34.000Z</time>
      </trkpt>
      <trkpt lat="40.78632" lon="-73.966485">
        <ele>37.6</ele>
        <time>2026-05-22T15:10:35.000Z</time>
      </trkpt>
      <trkpt lat="40.78631" lon="-73.966486">
        <ele>37.6</ele>
        <time>2026-05-22T15:10:36.000Z</time>
      </trkpt>
      <trkpt lat="40.7863" lon="-73.966488">
        <ele>37.6</ele>
        <time>2026-05-22T15:10:37.000Z</time>
      </trkpt>
      <trkpt lat="40.786291" lon="-73.96649">
        <ele>37.6</ele>
        <time>2026-05-22T15:10:38.000Z</time>
      </trkpt>
      <trkpt lat="40.786282" lon="-73.966492">
        <ele>37.6</ele>
        <time>2026-05-22T15:10:39.000Z</time>
      </trkpt>
      <trkpt lat="40.786273" lon="-73.966494">
        <ele>37.4</ele>
        <time>2026-05-22T15:10:40.000Z</time>
      </trkpt>
      <trkpt lat="40.786264" lon="-73.966495">
        <ele>37.4</ele>
        <time>2026-05-22T15:10:41.000Z</time>
      </trkpt>
      <trkpt lat="40.786254" lon="-73.966497">
        <ele>37.4</ele>
        <time>2026-05-22T15:10:42.000Z</time>
      </trkpt>
      <trkpt lat="40.786245" lon="-73.966499">
        <ele>37.4</ele>
        <time>2026-05-22T15:10:43.000Z</time>
      </trkpt>
      <trkpt lat="40.786236" lon="-73.966501">
        <ele>37.4</ele>
        <time>2026-05-22T15:10:44.000Z</time>
      </trkpt>
      <trkpt lat="40.786227" lon="-73.966504">
        <ele>37.4</ele>
        <time>2026-05-22T15:10:45.000Z</time>
      </trkpt>
      <trkpt lat="40.786217" lon="-73.966506">
        <ele>37.4</ele>
        <time>2026-05-22T15:10:46.000Z</time>
      </trkpt>
      <trkpt lat="40.786207" lon="-73.966508">
        <ele>37.4</ele>
        <time>2026-05-22T15:10:47.000Z</time>
      </trkpt>
      <trkpt lat="40.786197" lon="-73.96651">
        <ele>37.4</ele>
        <time>2026-05-22T15:10:48.000Z</time>
      </trkpt>
      <trkpt lat="40.786188" lon="-73.966512">
        <ele>37.4</ele>
        <time>2026-05-22T15:10:49.000Z</time>
      </trkpt>
      <trkpt lat="40.786179" lon="-73.966515">
        <ele>37.4</ele>
        <time>2026-05-22T15:10:50.000Z</time>
      </trkpt>
      <trkpt lat="40.786169" lon="-73.966517">
        <ele>37.4</ele>
        <time>2026-05-22T15:10:51.000Z</time>
      </trkpt>
      <trkpt lat="40.78616" lon="-73.966518">
        <ele>37.4</ele>
        <time>2026-05-22T15:10:52.000Z</time>
      </trkpt>
      <trkpt lat="40.786151" lon="-73.966521">
        <ele>37.4</ele>
        <time>2026-05-22T15:10:53.000Z</time>
      </trkpt>
      <trkpt lat="40.786142" lon="-73.966523">
        <ele>37.4</ele>
        <time>2026-05-22T15:10:54.000Z</time>
      </trkpt>
      <trkpt lat="40.786133" lon="-73.966525">
        <ele>37.4</ele>
        <time>2026-05-22T15:10:55.000Z</time>
      </trkpt>
      <trkpt lat="40.786123" lon="-73.966526">
        <ele>37.4</ele>
        <time>2026-05-22T15:10:56.000Z</time>
      </trkpt>
      <trkpt lat="40.786113" lon="-73.966528">
        <ele>37.4</ele>
        <time>2026-05-22T15:10:57.000Z</time>
      </trkpt>
      <trkpt lat="40.786103" lon="-73.966528">
        <ele>37.4</ele>
        <time>2026-05-22T15:10:58.000Z</time>
      </trkpt>
      <trkpt lat="40.786094" lon="-73.966529">
        <ele>37.2</ele>
        <time>2026-05-22T15:10:59.000Z</time>
      </trkpt>
      <trkpt lat="40.786084" lon="-73.966531">
        <ele>37.2</ele>
        <time>2026-05-22T15:11:00.000Z</time>
      </trkpt>
      <trkpt lat="40.786075" lon="-73.966532">
        <ele>37.2</ele>
        <time>2026-05-22T15:11:01.000Z</time>
      </trkpt>
      <trkpt lat="40.786066" lon="-73.966534">
        <ele>37.2</ele>
        <time>2026-05-22T15:11:02.000Z</time>
      </trkpt>
      <trkpt lat="40.786056" lon="-73.966536">
        <ele>37.2</ele>
        <time>2026-05-22T15:11:03.000Z</time>
      </trkpt>
      <trkpt lat="40.786046" lon="-73.966538">
        <ele>37.2</ele>
        <time>2026-05-22T15:11:04.000Z</time>
      </trkpt>
      <trkpt lat="40.786036" lon="-73.966539">
        <ele>37.2</ele>
        <time>2026-05-22T15:11:05.000Z</time>
      </trkpt>
      <trkpt lat="40.786026" lon="-73.966542">
        <ele>37.4</ele>
        <time>2026-05-22T15:11:06.000Z</time>
      </trkpt>
      <trkpt lat="40.786016" lon="-73.966544">
        <ele>37.4</ele>
        <time>2026-05-22T15:11:07.000Z</time>
      </trkpt>
      <trkpt lat="40.786006" lon="-73.966546">
        <ele>37.4</ele>
        <time>2026-05-22T15:11:08.000Z</time>
      </trkpt>
      <trkpt lat="40.785996" lon="-73.966548">
        <ele>37.4</ele>
        <time>2026-05-22T15:11:09.000Z</time>
      </trkpt>
      <trkpt lat="40.785987" lon="-73.966551">
        <ele>37.4</ele>
        <time>2026-05-22T15:11:10.000Z</time>
      </trkpt>
      <trkpt lat="40.785977" lon="-73.966555">
        <ele>37.4</ele>
        <time>2026-05-22T15:11:11.000Z</time>
      </trkpt>
      <trkpt lat="40.785968" lon="-73.966558">
        <ele>37.4</ele>
        <time>2026-05-22T15:11:12.000Z</time>
      </trkpt>
      <trkpt lat="40.785959" lon="-73.96656">
        <ele>37.4</ele>
        <time>2026-05-22T15:11:13.000Z</time>
      </trkpt>
      <trkpt lat="40.78595" lon="-73.966563">
        <ele>37.4</ele>
        <time>2026-05-22T15:11:14.000Z</time>
      </trkpt>
      <trkpt lat="40.78594" lon="-73.966566">
        <ele>37.4</ele>
        <time>2026-05-22T15:11:15.000Z</time>
      </trkpt>
      <trkpt lat="40.785931" lon="-73.966569">
        <ele>37.4</ele>
        <time>2026-05-22T15:11:16.000Z</time>
      </trkpt>
      <trkpt lat="40.785922" lon="-73.966571">
        <ele>37.4</ele>
        <time>2026-05-22T15:11:17.000Z</time>
      </trkpt>
      <trkpt lat="40.785912" lon="-73.966574">
        <ele>37.4</ele>
        <time>2026-05-22T15:11:18.000Z</time>
      </trkpt>
      <trkpt lat="40.785903" lon="-73.966576">
        <ele>37.4</ele>
        <time>2026-05-22T15:11:19.000Z</time>
      </trkpt>
      <trkpt lat="40.785893" lon="-73.966578">
        <ele>37.4</ele>
        <time>2026-05-22T15:11:20.000Z</time>
      </trkpt>
      <trkpt lat="40.785883" lon="-73.96658">
        <ele>37.4</ele>
        <time>2026-05-22T15:11:21.000Z</time>
      </trkpt>
      <trkpt lat="40.785873" lon="-73.966582">
        <ele>37.4</ele>
        <time>2026-05-22T15:11:22.000Z</time>
      </trkpt>
      <trkpt lat="40.785863" lon="-73.966583">
        <ele>37.4</ele>
        <time>2026-05-22T15:11:23.000Z</time>
      </trkpt>
      <trkpt lat="40.785853" lon="-73.966585">
        <ele>37.4</ele>
        <time>2026-05-22T15:11:24.000Z</time>
      </trkpt>
      <trkpt lat="40.785843" lon="-73.966588">
        <ele>37.4</ele>
        <time>2026-05-22T15:11:25.000Z</time>
      </trkpt>
      <trkpt lat="40.785835" lon="-73.966589">
        <ele>37.6</ele>
        <time>2026-05-22T15:11:26.000Z</time>
      </trkpt>
      <trkpt lat="40.785826" lon="-73.966591">
        <ele>37.6</ele>
        <time>2026-05-22T15:11:27.000Z</time>
      </trkpt>
      <trkpt lat="40.785817" lon="-73.966592">
        <ele>37.6</ele>
        <time>2026-05-22T15:11:28.000Z</time>
      </trkpt>
      <trkpt lat="40.785808" lon="-73.966594">
        <ele>37.6</ele>
        <time>2026-05-22T15:11:29.000Z</time>
      </trkpt>
      <trkpt lat="40.785799" lon="-73.966596">
        <ele>37.6</ele>
        <time>2026-05-22T15:11:30.000Z</time>
      </trkpt>
      <trkpt lat="40.78579" lon="-73.966598">
        <ele>37.8</ele>
        <time>2026-05-22T15:11:31.000Z</time>
      </trkpt>
      <trkpt lat="40.785781" lon="-73.9666">
        <ele>37.8</ele>
        <time>2026-05-22T15:11:32.000Z</time>
      </trkpt>
      <trkpt lat="40.785772" lon="-73.966601">
        <ele>37.8</ele>
        <time>2026-05-22T15:11:33.000Z</time>
      </trkpt>
      <trkpt lat="40.785763" lon="-73.966602">
        <ele>37.8</ele>
        <time>2026-05-22T15:11:34.000Z</time>
      </trkpt>
      <trkpt lat="40.785754" lon="-73.966604">
        <ele>37.8</ele>
        <time>2026-05-22T15:11:35.000Z</time>
      </trkpt>
      <trkpt lat="40.785746" lon="-73.966605">
        <ele>37.8</ele>
        <time>2026-05-22T15:11:36.000Z</time>
      </trkpt>
      <trkpt lat="40.785737" lon="-73.966607">
        <ele>37.8</ele>
        <time>2026-05-22T15:11:37.000Z</time>
      </trkpt>
      <trkpt lat="40.785727" lon="-73.966608">
        <ele>37.8</ele>
        <time>2026-05-22T15:11:38.000Z</time>
      </trkpt>
      <trkpt lat="40.785718" lon="-73.966609">
        <ele>37.8</ele>
        <time>2026-05-22T15:11:39.000Z</time>
      </trkpt>
      <trkpt lat="40.785709" lon="-73.96661">
        <ele>37.8</ele>
        <time>2026-05-22T15:11:40.000Z</time>
      </trkpt>
      <trkpt lat="40.7857" lon="-73.966611">
        <ele>37.8</ele>
        <time>2026-05-22T15:11:41.000Z</time>
      </trkpt>
      <trkpt lat="40.785691" lon="-73.966613">
        <ele>37.8</ele>
        <time>2026-05-22T15:11:42.000Z</time>
      </trkpt>
      <trkpt lat="40.785682" lon="-73.966615">
        <ele>37.8</ele>
        <time>2026-05-22T15:11:43.000Z</time>
      </trkpt>
      <trkpt lat="40.785673" lon="-73.966618">
        <ele>37.8</ele>
        <time>2026-05-22T15:11:44.000Z</time>
      </trkpt>
      <trkpt lat="40.785664" lon="-73.966621">
        <ele>37.8</ele>
        <time>2026-05-22T15:11:45.000Z</time>
      </trkpt>
      <trkpt lat="40.785655" lon="-73.966624">
        <ele>37.8</ele>
        <time>2026-05-22T15:11:46.000Z</time>
      </trkpt>
      <trkpt lat="40.785645" lon="-73.966627">
        <ele>37.8</ele>
        <time>2026-05-22T15:11:47.000Z</time>
      </trkpt>
      <trkpt lat="40.785636" lon="-73.966631">
        <ele>37.8</ele>
        <time>2026-05-22T15:11:48.000Z</time>
      </trkpt>
      <trkpt lat="40.785627" lon="-73.966635">
        <ele>37.8</ele>
        <time>2026-05-22T15:11:49.000Z</time>
      </trkpt>
      <trkpt lat="40.785619" lon="-73.966638">
        <ele>37.6</ele>
        <time>2026-05-22T15:11:50.000Z</time>
      </trkpt>
      <trkpt lat="40.78561" lon="-73.966641">
        <ele>37.6</ele>
        <time>2026-05-22T15:11:51.000Z</time>
      </trkpt>
      <trkpt lat="40.7856" lon="-73.966644">
        <ele>37.6</ele>
        <time>2026-05-22T15:11:52.000Z</time>
      </trkpt>
      <trkpt lat="40.78559" lon="-73.966646">
        <ele>37.6</ele>
        <time>2026-05-22T15:11:53.000Z</time>
      </trkpt>
      <trkpt lat="40.785581" lon="-73.966649">
        <ele>37.6</ele>
        <time>2026-05-22T15:11:54.000Z</time>
      </trkpt>
      <trkpt lat="40.785571" lon="-73.966651">
        <ele>37.4</ele>
        <time>2026-05-22T15:11:55.000Z</time>
      </trkpt>
      <trkpt lat="40.785562" lon="-73.966654">
        <ele>37.4</ele>
        <time>2026-05-22T15:11:56.000Z</time>
      </trkpt>
      <trkpt lat="40.785552" lon="-73.966657">
        <ele>37.4</ele>
        <time>2026-05-22T15:11:57.000Z</time>
      </trkpt>
      <trkpt lat="40.785543" lon="-73.966659">
        <ele>37.4</ele>
        <time>2026-05-22T15:11:58.000Z</time>
      </trkpt>
      <trkpt lat="40.785534" lon="-73.96666">
        <ele>37.6</ele>
        <time>2026-05-22T15:11:59.000Z</time>
      </trkpt>
      <trkpt lat="40.785524" lon="-73.966661">
        <ele>37.6</ele>
        <time>2026-05-22T15:12:00.000Z</time>
      </trkpt>
      <trkpt lat="40.785514" lon="-73.966662">
        <ele>37.6</ele>
        <time>2026-05-22T15:12:01.000Z</time>
      </trkpt>
      <trkpt lat="40.785504" lon="-73.966664">
        <ele>37.6</ele>
        <time>2026-05-22T15:12:02.000Z</time>
      </trkpt>
      <trkpt lat="40.785494" lon="-73.966667">
        <ele>37.8</ele>
        <time>2026-05-22T15:12:03.000Z</time>
      </trkpt>
      <trkpt lat="40.785484" lon="-73.96667">
        <ele>37.8</ele>
        <time>2026-05-22T15:12:04.000Z</time>
      </trkpt>
      <trkpt lat="40.785474" lon="-73.966673">
        <ele>37.8</ele>
        <time>2026-05-22T15:12:05.000Z</time>
      </trkpt>
      <trkpt lat="40.785464" lon="-73.966676">
        <ele>37.8</ele>
        <time>2026-05-22T15:12:06.000Z</time>
      </trkpt>
      <trkpt lat="40.785454" lon="-73.966679">
        <ele>37.8</ele>
        <time>2026-05-22T15:12:07.000Z</time>
      </trkpt>
      <trkpt lat="40.785445" lon="-73.966681">
        <ele>37.8</ele>
        <time>2026-05-22T15:12:08.000Z</time>
      </trkpt>
      <trkpt lat="40.785435" lon="-73.966684">
        <ele>37.8</ele>
        <time>2026-05-22T15:12:09.000Z</time>
      </trkpt>
      <trkpt lat="40.785426" lon="-73.966687">
        <ele>37.8</ele>
        <time>2026-05-22T15:12:10.000Z</time>
      </trkpt>
      <trkpt lat="40.785417" lon="-73.96669">
        <ele>37.8</ele>
        <time>2026-05-22T15:12:11.000Z</time>
      </trkpt>
      <trkpt lat="40.785407" lon="-73.966693">
        <ele>37.8</ele>
        <time>2026-05-22T15:12:12.000Z</time>
      </trkpt>
      <trkpt lat="40.785398" lon="-73.966695">
        <ele>37.8</ele>
        <time>2026-05-22T15:12:13.000Z</time>
      </trkpt>
      <trkpt lat="40.785389" lon="-73.966698">
        <ele>37.8</ele>
        <time>2026-05-22T15:12:14.000Z</time>
      </trkpt>
      <trkpt lat="40.785379" lon="-73.9667">
        <ele>37.8</ele>
        <time>2026-05-22T15:12:15.000Z</time>
      </trkpt>
      <trkpt lat="40.785369" lon="-73.966702">
        <ele>37.8</ele>
        <time>2026-05-22T15:12:16.000Z</time>
      </trkpt>
      <trkpt lat="40.785359" lon="-73.966704">
        <ele>37.6</ele>
        <time>2026-05-22T15:12:17.000Z</time>
      </trkpt>
      <trkpt lat="40.785349" lon="-73.966705">
        <ele>37.6</ele>
        <time>2026-05-22T15:12:18.000Z</time>
      </trkpt>
      <trkpt lat="40.785339" lon="-73.966707">
        <ele>37.6</ele>
        <time>2026-05-22T15:12:19.000Z</time>
      </trkpt>
      <trkpt lat="40.78533" lon="-73.966708">
        <ele>37.6</ele>
        <time>2026-05-22T15:12:20.000Z</time>
      </trkpt>
      <trkpt lat="40.78532" lon="-73.966709">
        <ele>37.6</ele>
        <time>2026-05-22T15:12:21.000Z</time>
      </trkpt>
      <trkpt lat="40.78531" lon="-73.96671">
        <ele>37.6</ele>
        <time>2026-05-22T15:12:22.000Z</time>
      </trkpt>
      <trkpt lat="40.785301" lon="-73.966711">
        <ele>37.6</ele>
        <time>2026-05-22T15:12:23.000Z</time>
      </trkpt>
      <trkpt lat="40.785291" lon="-73.966711">
        <ele>37.6</ele>
        <time>2026-05-22T15:12:24.000Z</time>
      </trkpt>
      <trkpt lat="40.785282" lon="-73.966712">
        <ele>37.6</ele>
        <time>2026-05-22T15:12:25.000Z</time>
      </trkpt>
      <trkpt lat="40.785272" lon="-73.966712">
        <ele>37.6</ele>
        <time>2026-05-22T15:12:26.000Z</time>
      </trkpt>
      <trkpt lat="40.785263" lon="-73.966713">
        <ele>37.6</ele>
        <time>2026-05-22T15:12:27.000Z</time>
      </trkpt>
      <trkpt lat="40.785254" lon="-73.966714">
        <ele>37.6</ele>
        <time>2026-05-22T15:12:28.000Z</time>
      </trkpt>
      <trkpt lat="40.785245" lon="-73.966714">
        <ele>37.6</ele>
        <time>2026-05-22T15:12:29.000Z</time>
      </trkpt>
      <trkpt lat="40.785236" lon="-73.966714">
        <ele>37.6</ele>
        <time>2026-05-22T15:12:30.000Z</time>
      </trkpt>
      <trkpt lat="40.785229" lon="-73.966714">
        <ele>37.6</ele>
        <time>2026-05-22T15:12:31.000Z</time>
      </trkpt>
      <trkpt lat="40.785221" lon="-73.966714">
        <ele>37.8</ele>
        <time>2026-05-22T15:12:32.000Z</time>
      </trkpt>
      <trkpt lat="40.785213" lon="-73.966714">
        <ele>37.8</ele>
        <time>2026-05-22T15:12:33.000Z</time>
      </trkpt>
      <trkpt lat="40.785206" lon="-73.966714">
        <ele>37.8</ele>
        <time>2026-05-22T15:12:34.000Z</time>
      </trkpt>
      <trkpt lat="40.785198" lon="-73.966715">
        <ele>37.8</ele>
        <time>2026-05-22T15:12:35.000Z</time>
      </trkpt>
      <trkpt lat="40.785191" lon="-73.966715">
        <ele>37.8</ele>
        <time>2026-05-22T15:12:36.000Z</time>
      </trkpt>
      <trkpt lat="40.785185" lon="-73.966716">
        <ele>37.8</ele>
        <time>2026-05-22T15:12:37.000Z</time>
      </trkpt>
      <trkpt lat="40.785181" lon="-73.966717">
        <ele>37.8</ele>
        <time>2026-05-22T15:12:38.000Z</time>
      </trkpt>
      <trkpt lat="40.785175" lon="-73.966718">
        <ele>37.8</ele>
        <time>2026-05-22T15:12:39.000Z</time>
      </trkpt>
      <trkpt lat="40.78517" lon="-73.966719">
        <ele>37.8</ele>
        <time>2026-05-22T15:12:40.000Z</time>
      </trkpt>
      <trkpt lat="40.785165" lon="-73.966721">
        <ele>37.8</ele>
        <time>2026-05-22T15:12:41.000Z</time>
      </trkpt>
      <trkpt lat="40.785159" lon="-73.966725">
        <ele>37.6</ele>
        <time>2026-05-22T15:12:42.000Z</time>
      </trkpt>
      <trkpt lat="40.785156" lon="-73.966733">
        <ele>37.6</ele>
        <time>2026-05-22T15:12:43.000Z</time>
      </trkpt>
      <trkpt lat="40.785154" lon="-73.966746">
        <ele>37.6</ele>
        <time>2026-05-22T15:12:44.000Z</time>
      </trkpt>
      <trkpt lat="40.785152" lon="-73.966761">
        <ele>37.6</ele>
        <time>2026-05-22T15:12:45.000Z</time>
      </trkpt>
      <trkpt lat="40.785149" lon="-73.966778">
        <ele>37.6</ele>
        <time>2026-05-22T15:12:46.000Z</time>
      </trkpt>
      <trkpt lat="40.785146" lon="-73.966795">
        <ele>37.6</ele>
        <time>2026-05-22T15:12:47.000Z</time>
      </trkpt>
      <trkpt lat="40.785142" lon="-73.966811">
        <ele>37.6</ele>
        <time>2026-05-22T15:12:48.000Z</time>
      </trkpt>
      <trkpt lat="40.785138" lon="-73.966827">
        <ele>37.6</ele>
        <time>2026-05-22T15:12:49.000Z</time>
      </trkpt>
      <trkpt lat="40.785132" lon="-73.96684">
        <ele>37.6</ele>
        <time>2026-05-22T15:12:50.000Z</time>
      </trkpt>
      <trkpt lat="40.785124" lon="-73.966848">
        <ele>37.6</ele>
        <time>2026-05-22T15:12:51.000Z</time>
      </trkpt>
      <trkpt lat="40.785122" lon="-73.966846">
        <ele>37.6</ele>
        <time>2026-05-22T15:12:52.000Z</time>
      </trkpt>
      <trkpt lat="40.78512" lon="-73.966843">
        <ele>37.6</ele>
        <time>2026-05-22T15:12:53.000Z</time>
      </trkpt>
      <trkpt lat="40.785118" lon="-73.966841">
        <ele>37.8</ele>
        <time>2026-05-22T15:12:54.000Z</time>
      </trkpt>
      <trkpt lat="40.785116" lon="-73.966839">
        <ele>37.8</ele>
        <time>2026-05-22T15:12:55.000Z</time>
      </trkpt>
      <trkpt lat="40.785114" lon="-73.966837">
        <ele>37.8</ele>
        <time>2026-05-22T15:12:56.000Z</time>
      </trkpt>
      <trkpt lat="40.785112" lon="-73.966835">
        <ele>37.8</ele>
        <time>2026-05-22T15:12:57.000Z</time>
      </trkpt>
      <trkpt lat="40.78511" lon="-73.966832">
        <ele>37.8</ele>
        <time>2026-05-22T15:12:58.000Z</time>
      </trkpt>
      <trkpt lat="40.785108" lon="-73.96683">
        <ele>37.8</ele>
        <time>2026-05-22T15:12:59.000Z</time>
      </trkpt>
      <trkpt lat="40.785106" lon="-73.966828">
        <ele>37.8</ele>
        <time>2026-05-22T15:13:00.000Z</time>
      </trkpt>
      <trkpt lat="40.785104" lon="-73.966826">
        <ele>37.8</ele>
        <time>2026-05-22T15:13:01.000Z</time>
      </trkpt>
      <trkpt lat="40.785102" lon="-73.966824">
        <ele>37.8</ele>
        <time>2026-05-22T15:13:02.000Z</time>
      </trkpt>
      <trkpt lat="40.7851" lon="-73.966821">
        <ele>37.8</ele>
        <time>2026-05-22T15:13:03.000Z</time>
      </trkpt>
      <trkpt lat="40.785098" lon="-73.966819">
        <ele>37.6</ele>
        <time>2026-05-22T15:13:04.000Z</time>
      </trkpt>
      <trkpt lat="40.785096" lon="-73.966817">
        <ele>37.6</ele>
        <time>2026-05-22T15:13:05.000Z</time>
      </trkpt>
      <trkpt lat="40.785094" lon="-73.966815">
        <ele>37.6</ele>
        <time>2026-05-22T15:13:06.000Z</time>
      </trkpt>
      <trkpt lat="40.785092" lon="-73.966813">
        <ele>37.6</ele>
        <time>2026-05-22T15:13:07.000Z</time>
      </trkpt>
      <trkpt lat="40.78509" lon="-73.966811">
        <ele>37.6</ele>
        <time>2026-05-22T15:13:08.000Z</time>
      </trkpt>
      <trkpt lat="40.785088" lon="-73.966808">
        <ele>37.6</ele>
        <time>2026-05-22T15:13:09.000Z</time>
      </trkpt>
      <trkpt lat="40.785086" lon="-73.966806">
        <ele>37.6</ele>
        <time>2026-05-22T15:13:10.000Z</time>
      </trkpt>
      <trkpt lat="40.785084" lon="-73.966804">
        <ele>37.6</ele>
        <time>2026-05-22T15:13:11.000Z</time>
      </trkpt>
      <trkpt lat="40.785082" lon="-73.966802">
        <ele>37.6</ele>
        <time>2026-05-22T15:13:12.000Z</time>
      </trkpt>
      <trkpt lat="40.78508" lon="-73.9668">
        <ele>37.6</ele>
        <time>2026-05-22T15:13:13.000Z</time>
      </trkpt>
      <trkpt lat="40.785078" lon="-73.966797">
        <ele>37.6</ele>
        <time>2026-05-22T15:13:14.000Z</time>
      </trkpt>
      <trkpt lat="40.785076" lon="-73.966795">
        <ele>37.6</ele>
        <time>2026-05-22T15:13:15.000Z</time>
      </trkpt>
      <trkpt lat="40.785074" lon="-73.966793">
        <ele>37.6</ele>
        <time>2026-05-22T15:13:16.000Z</time>
      </trkpt>
      <trkpt lat="40.785073" lon="-73.966793">
        <ele>37.6</ele>
        <time>2026-05-22T15:13:17.000Z</time>
      </trkpt>
      <trkpt lat="40.785072" lon="-73.966793">
        <ele>37.6</ele>
        <time>2026-05-22T15:13:18.000Z</time>
      </trkpt>
      <trkpt lat="40.785072" lon="-73.966793">
        <ele>37.6</ele>
        <time>2026-05-22T15:13:19.000Z</time>
      </trkpt>
      <trkpt lat="40.785072" lon="-73.966792">
        <ele>37.6</ele>
        <time>2026-05-22T15:13:20.000Z</time>
      </trkpt>
      <trkpt lat="40.785071" lon="-73.966792">
        <ele>37.4</ele>
        <time>2026-05-22T15:13:21.000Z</time>
      </trkpt>
      <trkpt lat="40.78507" lon="-73.966791">
        <ele>37.4</ele>
        <time>2026-05-22T15:13:22.000Z</time>
      </trkpt>
      <trkpt lat="40.785069" lon="-73.966789">
        <ele>37.4</ele>
        <time>2026-05-22T15:13:23.000Z</time>
      </trkpt>
      <trkpt lat="40.785068" lon="-73.966783">
        <ele>37.4</ele>
        <time>2026-05-22T15:13:24.000Z</time>
      </trkpt>
      <trkpt lat="40.785065" lon="-73.966777">
        <ele>37.4</ele>
        <time>2026-05-22T15:13:25.000Z</time>
      </trkpt>
      <trkpt lat="40.785061" lon="-73.966774">
        <ele>37.6</ele>
        <time>2026-05-22T15:13:26.000Z</time>
      </trkpt>
      <trkpt lat="40.785059" lon="-73.966767">
        <ele>37.6</ele>
        <time>2026-05-22T15:13:27.000Z</time>
      </trkpt>
      <trkpt lat="40.785058" lon="-73.966754">
        <ele>37.6</ele>
        <time>2026-05-22T15:13:28.000Z</time>
      </trkpt>
      <trkpt lat="40.785057" lon="-73.966739">
        <ele>37.6</ele>
        <time>2026-05-22T15:13:29.000Z</time>
      </trkpt>
      <trkpt lat="40.785054" lon="-73.966722">
        <ele>37.6</ele>
        <time>2026-05-22T15:13:30.000Z</time>
      </trkpt>
      <trkpt lat="40.785048" lon="-73.966705">
        <ele>37.8</ele>
        <time>2026-05-22T15:13:31.000Z</time>
      </trkpt>
      <trkpt lat="40.78504" lon="-73.966688">
        <ele>37.8</ele>
        <time>2026-05-22T15:13:32.000Z</time>
      </trkpt>
      <trkpt lat="40.78503" lon="-73.966672">
        <ele>37.8</ele>
        <time>2026-05-22T15:13:33.000Z</time>
      </trkpt>
      <trkpt lat="40.785019" lon="-73.966658">
        <ele>37.8</ele>
        <time>2026-05-22T15:13:34.000Z</time>
      </trkpt>
      <trkpt lat="40.785006" lon="-73.966644">
        <ele>38</ele>
        <time>2026-05-22T15:13:35.000Z</time>
      </trkpt>
      <trkpt lat="40.784994" lon="-73.966633">
        <ele>38</ele>
        <time>2026-05-22T15:13:36.000Z</time>
      </trkpt>
      <trkpt lat="40.784983" lon="-73.966622">
        <ele>38</ele>
        <time>2026-05-22T15:13:37.000Z</time>
      </trkpt>
      <trkpt lat="40.784972" lon="-73.966612">
        <ele>38</ele>
        <time>2026-05-22T15:13:38.000Z</time>
      </trkpt>
      <trkpt lat="40.784962" lon="-73.966602">
        <ele>38</ele>
        <time>2026-05-22T15:13:39.000Z</time>
      </trkpt>
      <trkpt lat="40.784952" lon="-73.966592">
        <ele>38</ele>
        <time>2026-05-22T15:13:40.000Z</time>
      </trkpt>
      <trkpt lat="40.784942" lon="-73.966582">
        <ele>38</ele>
        <time>2026-05-22T15:13:41.000Z</time>
      </trkpt>
      <trkpt lat="40.784933" lon="-73.966573">
        <ele>38</ele>
        <time>2026-05-22T15:13:42.000Z</time>
      </trkpt>
      <trkpt lat="40.784924" lon="-73.966563">
        <ele>38</ele>
        <time>2026-05-22T15:13:43.000Z</time>
      </trkpt>
      <trkpt lat="40.784916" lon="-73.966553">
        <ele>38.2</ele>
        <time>2026-05-22T15:13:44.000Z</time>
      </trkpt>
      <trkpt lat="40.784907" lon="-73.966543">
        <ele>38.2</ele>
        <time>2026-05-22T15:13:45.000Z</time>
      </trkpt>
      <trkpt lat="40.784899" lon="-73.966534">
        <ele>38.2</ele>
        <time>2026-05-22T15:13:46.000Z</time>
      </trkpt>
      <trkpt lat="40.784891" lon="-73.966524">
        <ele>38.2</ele>
        <time>2026-05-22T15:13:47.000Z</time>
      </trkpt>
      <trkpt lat="40.784883" lon="-73.966515">
        <ele>38.2</ele>
        <time>2026-05-22T15:13:48.000Z</time>
      </trkpt>
      <trkpt lat="40.784876" lon="-73.966506">
        <ele>38.2</ele>
        <time>2026-05-22T15:13:49.000Z</time>
      </trkpt>
      <trkpt lat="40.784869" lon="-73.966497">
        <ele>38.2</ele>
        <time>2026-05-22T15:13:50.000Z</time>
      </trkpt>
      <trkpt lat="40.784861" lon="-73.966488">
        <ele>38.2</ele>
        <time>2026-05-22T15:13:51.000Z</time>
      </trkpt>
      <trkpt lat="40.784854" lon="-73.966479">
        <ele>38.2</ele>
        <time>2026-05-22T15:13:52.000Z</time>
      </trkpt>
      <trkpt lat="40.784846" lon="-73.966469">
        <ele>38.2</ele>
        <time>2026-05-22T15:13:53.000Z</time>
      </trkpt>
      <trkpt lat="40.784839" lon="-73.966459">
        <ele>38.2</ele>
        <time>2026-05-22T15:13:54.000Z</time>
      </trkpt>
      <trkpt lat="40.784831" lon="-73.966449">
        <ele>38.2</ele>
        <time>2026-05-22T15:13:55.000Z</time>
      </trkpt>
      <trkpt lat="40.784824" lon="-73.96644">
        <ele>38.2</ele>
        <time>2026-05-22T15:13:56.000Z</time>
      </trkpt>
      <trkpt lat="40.784816" lon="-73.96643">
        <ele>38.2</ele>
        <time>2026-05-22T15:13:57.000Z</time>
      </trkpt>
      <trkpt lat="40.784809" lon="-73.966419">
        <ele>38.2</ele>
        <time>2026-05-22T15:13:58.000Z</time>
      </trkpt>
      <trkpt lat="40.784801" lon="-73.966409">
        <ele>38.2</ele>
        <time>2026-05-22T15:13:59.000Z</time>
      </trkpt>
      <trkpt lat="40.784794" lon="-73.966399">
        <ele>38.2</ele>
        <time>2026-05-22T15:14:00.000Z</time>
      </trkpt>
      <trkpt lat="40.784787" lon="-73.96639">
        <ele>38.2</ele>
        <time>2026-05-22T15:14:01.000Z</time>
      </trkpt>
      <trkpt lat="40.78478" lon="-73.96638">
        <ele>38.2</ele>
        <time>2026-05-22T15:14:02.000Z</time>
      </trkpt>
      <trkpt lat="40.784773" lon="-73.96637">
        <ele>38.2</ele>
        <time>2026-05-22T15:14:03.000Z</time>
      </trkpt>
      <trkpt lat="40.784767" lon="-73.96636">
        <ele>38.2</ele>
        <time>2026-05-22T15:14:04.000Z</time>
      </trkpt>
      <trkpt lat="40.78476" lon="-73.966349">
        <ele>38.2</ele>
        <time>2026-05-22T15:14:05.000Z</time>
      </trkpt>
      <trkpt lat="40.784755" lon="-73.966339">
        <ele>38.2</ele>
        <time>2026-05-22T15:14:06.000Z</time>
      </trkpt>
      <trkpt lat="40.784749" lon="-73.966328">
        <ele>38.2</ele>
        <time>2026-05-22T15:14:07.000Z</time>
      </trkpt>
      <trkpt lat="40.784743" lon="-73.966317">
        <ele>38.2</ele>
        <time>2026-05-22T15:14:08.000Z</time>
      </trkpt>
      <trkpt lat="40.784736" lon="-73.966306">
        <ele>38.2</ele>
        <time>2026-05-22T15:14:09.000Z</time>
      </trkpt>
      <trkpt lat="40.784729" lon="-73.966296">
        <ele>38.2</ele>
        <time>2026-05-22T15:14:10.000Z</time>
      </trkpt>
      <trkpt lat="40.784723" lon="-73.966286">
        <ele>38</ele>
        <time>2026-05-22T15:14:11.000Z</time>
      </trkpt>
      <trkpt lat="40.784716" lon="-73.966275">
        <ele>38</ele>
        <time>2026-05-22T15:14:12.000Z</time>
      </trkpt>
      <trkpt lat="40.784709" lon="-73.966265">
        <ele>38</ele>
        <time>2026-05-22T15:14:13.000Z</time>
      </trkpt>
      <trkpt lat="40.784703" lon="-73.966256">
        <ele>38</ele>
        <time>2026-05-22T15:14:14.000Z</time>
      </trkpt>
      <trkpt lat="40.784697" lon="-73.966246">
        <ele>38</ele>
        <time>2026-05-22T15:14:15.000Z</time>
      </trkpt>
      <trkpt lat="40.784691" lon="-73.966237">
        <ele>38</ele>
        <time>2026-05-22T15:14:16.000Z</time>
      </trkpt>
      <trkpt lat="40.784685" lon="-73.966227">
        <ele>38</ele>
        <time>2026-05-22T15:14:17.000Z</time>
      </trkpt>
      <trkpt lat="40.784679" lon="-73.966217">
        <ele>38</ele>
        <time>2026-05-22T15:14:18.000Z</time>
      </trkpt>
      <trkpt lat="40.784673" lon="-73.966206">
        <ele>38</ele>
        <time>2026-05-22T15:14:19.000Z</time>
      </trkpt>
      <trkpt lat="40.784667" lon="-73.966196">
        <ele>38</ele>
        <time>2026-05-22T15:14:20.000Z</time>
      </trkpt>
      <trkpt lat="40.78466" lon="-73.966186">
        <ele>38</ele>
        <time>2026-05-22T15:14:21.000Z</time>
      </trkpt>
      <trkpt lat="40.784654" lon="-73.966177">
        <ele>38</ele>
        <time>2026-05-22T15:14:22.000Z</time>
      </trkpt>
      <trkpt lat="40.784649" lon="-73.966168">
        <ele>38</ele>
        <time>2026-05-22T15:14:23.000Z</time>
      </trkpt>
      <trkpt lat="40.784642" lon="-73.966158">
        <ele>38</ele>
        <time>2026-05-22T15:14:24.000Z</time>
      </trkpt>
      <trkpt lat="40.784636" lon="-73.966149">
        <ele>38</ele>
        <time>2026-05-22T15:14:25.000Z</time>
      </trkpt>
      <trkpt lat="40.784628" lon="-73.966139">
        <ele>38</ele>
        <time>2026-05-22T15:14:26.000Z</time>
      </trkpt>
      <trkpt lat="40.784621" lon="-73.966129">
        <ele>38</ele>
        <time>2026-05-22T15:14:27.000Z</time>
      </trkpt>
      <trkpt lat="40.784614" lon="-73.96612">
        <ele>38</ele>
        <time>2026-05-22T15:14:28.000Z</time>
      </trkpt>
      <trkpt lat="40.784607" lon="-73.96611">
        <ele>38</ele>
        <time>2026-05-22T15:14:29.000Z</time>
      </trkpt>
      <trkpt lat="40.784599" lon="-73.9661">
        <ele>38</ele>
        <time>2026-05-22T15:14:30.000Z</time>
      </trkpt>
      <trkpt lat="40.784593" lon="-73.96609">
        <ele>38</ele>
        <time>2026-05-22T15:14:31.000Z</time>
      </trkpt>
      <trkpt lat="40.784586" lon="-73.96608">
        <ele>38</ele>
        <time>2026-05-22T15:14:32.000Z</time>
      </trkpt>
      <trkpt lat="40.78458" lon="-73.966071">
        <ele>38</ele>
        <time>2026-05-22T15:14:33.000Z</time>
      </trkpt>
      <trkpt lat="40.784574" lon="-73.966062">
        <ele>38</ele>
        <time>2026-05-22T15:14:34.000Z</time>
      </trkpt>
      <trkpt lat="40.784569" lon="-73.966053">
        <ele>38</ele>
        <time>2026-05-22T15:14:35.000Z</time>
      </trkpt>
      <trkpt lat="40.784563" lon="-73.966044">
        <ele>38</ele>
        <time>2026-05-22T15:14:36.000Z</time>
      </trkpt>
      <trkpt lat="40.784557" lon="-73.966034">
        <ele>38</ele>
        <time>2026-05-22T15:14:37.000Z</time>
      </trkpt>
      <trkpt lat="40.784551" lon="-73.966024">
        <ele>38</ele>
        <time>2026-05-22T15:14:38.000Z</time>
      </trkpt>
      <trkpt lat="40.784545" lon="-73.966013">
        <ele>38</ele>
        <time>2026-05-22T15:14:39.000Z</time>
      </trkpt>
      <trkpt lat="40.784538" lon="-73.966003">
        <ele>38</ele>
        <time>2026-05-22T15:14:40.000Z</time>
      </trkpt>
      <trkpt lat="40.784532" lon="-73.965992">
        <ele>38</ele>
        <time>2026-05-22T15:14:41.000Z</time>
      </trkpt>
      <trkpt lat="40.784525" lon="-73.965982">
        <ele>38</ele>
        <time>2026-05-22T15:14:42.000Z</time>
      </trkpt>
      <trkpt lat="40.784519" lon="-73.965972">
        <ele>38</ele>
        <time>2026-05-22T15:14:43.000Z</time>
      </trkpt>
      <trkpt lat="40.784513" lon="-73.965962">
        <ele>38</ele>
        <time>2026-05-22T15:14:44.000Z</time>
      </trkpt>
      <trkpt lat="40.784507" lon="-73.965951">
        <ele>38</ele>
        <time>2026-05-22T15:14:45.000Z</time>
      </trkpt>
      <trkpt lat="40.784501" lon="-73.96594">
        <ele>38</ele>
        <time>2026-05-22T15:14:46.000Z</time>
      </trkpt>
      <trkpt lat="40.784495" lon="-73.965929">
        <ele>38</ele>
        <time>2026-05-22T15:14:47.000Z</time>
      </trkpt>
      <trkpt lat="40.784489" lon="-73.965918">
        <ele>38</ele>
        <time>2026-05-22T15:14:48.000Z</time>
      </trkpt>
      <trkpt lat="40.784484" lon="-73.965907">
        <ele>38</ele>
        <time>2026-05-22T15:14:49.000Z</time>
      </trkpt>
      <trkpt lat="40.784479" lon="-73.965896">
        <ele>38</ele>
        <time>2026-05-22T15:14:50.000Z</time>
      </trkpt>
      <trkpt lat="40.784474" lon="-73.965886">
        <ele>38</ele>
        <time>2026-05-22T15:14:51.000Z</time>
      </trkpt>
      <trkpt lat="40.784468" lon="-73.965876">
        <ele>38</ele>
        <time>2026-05-22T15:14:52.000Z</time>
      </trkpt>
      <trkpt lat="40.784463" lon="-73.965865">
        <ele>38</ele>
        <time>2026-05-22T15:14:53.000Z</time>
      </trkpt>
      <trkpt lat="40.784458" lon="-73.965855">
        <ele>38</ele>
        <time>2026-05-22T15:14:54.000Z</time>
      </trkpt>
      <trkpt lat="40.784453" lon="-73.965844">
        <ele>38</ele>
        <time>2026-05-22T15:14:55.000Z</time>
      </trkpt>
      <trkpt lat="40.784448" lon="-73.965833">
        <ele>38</ele>
        <time>2026-05-22T15:14:56.000Z</time>
      </trkpt>
      <trkpt lat="40.784443" lon="-73.965822">
        <ele>38</ele>
        <time>2026-05-22T15:14:57.000Z</time>
      </trkpt>
      <trkpt lat="40.784438" lon="-73.965811">
        <ele>38</ele>
        <time>2026-05-22T15:14:58.000Z</time>
      </trkpt>
      <trkpt lat="40.784432" lon="-73.965799">
        <ele>38</ele>
        <time>2026-05-22T15:14:59.000Z</time>
      </trkpt>
      <trkpt lat="40.784426" lon="-73.965788">
        <ele>38</ele>
        <time>2026-05-22T15:15:00.000Z</time>
      </trkpt>
      <trkpt lat="40.78442" lon="-73.965778">
        <ele>38.2</ele>
        <time>2026-05-22T15:15:01.000Z</time>
      </trkpt>
      <trkpt lat="40.784415" lon="-73.965768">
        <ele>38.2</ele>
        <time>2026-05-22T15:15:02.000Z</time>
      </trkpt>
      <trkpt lat="40.784409" lon="-73.965758">
        <ele>38.2</ele>
        <time>2026-05-22T15:15:03.000Z</time>
      </trkpt>
      <trkpt lat="40.784404" lon="-73.965748">
        <ele>38.2</ele>
        <time>2026-05-22T15:15:04.000Z</time>
      </trkpt>
      <trkpt lat="40.784398" lon="-73.965739">
        <ele>38.2</ele>
        <time>2026-05-22T15:15:05.000Z</time>
      </trkpt>
      <trkpt lat="40.784392" lon="-73.965728">
        <ele>38.4</ele>
        <time>2026-05-22T15:15:06.000Z</time>
      </trkpt>
      <trkpt lat="40.784387" lon="-73.965717">
        <ele>38.4</ele>
        <time>2026-05-22T15:15:07.000Z</time>
      </trkpt>
      <trkpt lat="40.784382" lon="-73.965706">
        <ele>38.4</ele>
        <time>2026-05-22T15:15:08.000Z</time>
      </trkpt>
      <trkpt lat="40.784376" lon="-73.965695">
        <ele>38.4</ele>
        <time>2026-05-22T15:15:09.000Z</time>
      </trkpt>
      <trkpt lat="40.784371" lon="-73.965684">
        <ele>38.4</ele>
        <time>2026-05-22T15:15:10.000Z</time>
      </trkpt>
      <trkpt lat="40.784366" lon="-73.965673">
        <ele>38.4</ele>
        <time>2026-05-22T15:15:11.000Z</time>
      </trkpt>
      <trkpt lat="40.78436" lon="-73.965662">
        <ele>38.4</ele>
        <time>2026-05-22T15:15:12.000Z</time>
      </trkpt>
      <trkpt lat="40.784354" lon="-73.96565">
        <ele>38.4</ele>
        <time>2026-05-22T15:15:13.000Z</time>
      </trkpt>
      <trkpt lat="40.784349" lon="-73.965639">
        <ele>38.4</ele>
        <time>2026-05-22T15:15:14.000Z</time>
      </trkpt>
      <trkpt lat="40.784344" lon="-73.965628">
        <ele>38.4</ele>
        <time>2026-05-22T15:15:15.000Z</time>
      </trkpt>
      <trkpt lat="40.784339" lon="-73.965617">
        <ele>38.4</ele>
        <time>2026-05-22T15:15:16.000Z</time>
      </trkpt>
      <trkpt lat="40.784334" lon="-73.965606">
        <ele>38.4</ele>
        <time>2026-05-22T15:15:17.000Z</time>
      </trkpt>
      <trkpt lat="40.784329" lon="-73.965595">
        <ele>38.4</ele>
        <time>2026-05-22T15:15:18.000Z</time>
      </trkpt>
      <trkpt lat="40.784324" lon="-73.965584">
        <ele>38.4</ele>
        <time>2026-05-22T15:15:19.000Z</time>
      </trkpt>
      <trkpt lat="40.784319" lon="-73.965573">
        <ele>38.4</ele>
        <time>2026-05-22T15:15:20.000Z</time>
      </trkpt>
      <trkpt lat="40.784314" lon="-73.965561">
        <ele>38.4</ele>
        <time>2026-05-22T15:15:21.000Z</time>
      </trkpt>
      <trkpt lat="40.784308" lon="-73.96555">
        <ele>38.4</ele>
        <time>2026-05-22T15:15:22.000Z</time>
      </trkpt>
      <trkpt lat="40.784303" lon="-73.965538">
        <ele>38.4</ele>
        <time>2026-05-22T15:15:23.000Z</time>
      </trkpt>
      <trkpt lat="40.784298" lon="-73.965527">
        <ele>38.2</ele>
        <time>2026-05-22T15:15:24.000Z</time>
      </trkpt>
      <trkpt lat="40.784292" lon="-73.965516">
        <ele>38.2</ele>
        <time>2026-05-22T15:15:25.000Z</time>
      </trkpt>
      <trkpt lat="40.784287" lon="-73.965504">
        <ele>38.2</ele>
        <time>2026-05-22T15:15:26.000Z</time>
      </trkpt>
      <trkpt lat="40.784283" lon="-73.965493">
        <ele>38.2</ele>
        <time>2026-05-22T15:15:27.000Z</time>
      </trkpt>
      <trkpt lat="40.784278" lon="-73.965481">
        <ele>38.2</ele>
        <time>2026-05-22T15:15:28.000Z</time>
      </trkpt>
      <trkpt lat="40.784273" lon="-73.965469">
        <ele>38.2</ele>
        <time>2026-05-22T15:15:29.000Z</time>
      </trkpt>
      <trkpt lat="40.784268" lon="-73.965457">
        <ele>38.2</ele>
        <time>2026-05-22T15:15:30.000Z</time>
      </trkpt>
      <trkpt lat="40.784264" lon="-73.965446">
        <ele>38.2</ele>
        <time>2026-05-22T15:15:31.000Z</time>
      </trkpt>
      <trkpt lat="40.784259" lon="-73.965434">
        <ele>38.2</ele>
        <time>2026-05-22T15:15:32.000Z</time>
      </trkpt>
      <trkpt lat="40.784254" lon="-73.965422">
        <ele>38.2</ele>
        <time>2026-05-22T15:15:33.000Z</time>
      </trkpt>
      <trkpt lat="40.78425" lon="-73.96541">
        <ele>38.2</ele>
        <time>2026-05-22T15:15:34.000Z</time>
      </trkpt>
      <trkpt lat="40.784245" lon="-73.965399">
        <ele>38</ele>
        <time>2026-05-22T15:15:35.000Z</time>
      </trkpt>
      <trkpt lat="40.784241" lon="-73.965387">
        <ele>38</ele>
        <time>2026-05-22T15:15:36.000Z</time>
      </trkpt>
      <trkpt lat="40.784237" lon="-73.965375">
        <ele>38</ele>
        <time>2026-05-22T15:15:37.000Z</time>
      </trkpt>
      <trkpt lat="40.784232" lon="-73.965362">
        <ele>38</ele>
        <time>2026-05-22T15:15:38.000Z</time>
      </trkpt>
      <trkpt lat="40.784228" lon="-73.96535">
        <ele>38</ele>
        <time>2026-05-22T15:15:39.000Z</time>
      </trkpt>
      <trkpt lat="40.784223" lon="-73.965337">
        <ele>38</ele>
        <time>2026-05-22T15:15:40.000Z</time>
      </trkpt>
      <trkpt lat="40.784219" lon="-73.965325">
        <ele>38</ele>
        <time>2026-05-22T15:15:41.000Z</time>
      </trkpt>
      <trkpt lat="40.784215" lon="-73.965313">
        <ele>38</ele>
        <time>2026-05-22T15:15:42.000Z</time>
      </trkpt>
      <trkpt lat="40.784211" lon="-73.965301">
        <ele>38</ele>
        <time>2026-05-22T15:15:43.000Z</time>
      </trkpt>
      <trkpt lat="40.784207" lon="-73.965289">
        <ele>38</ele>
        <time>2026-05-22T15:15:44.000Z</time>
      </trkpt>
      <trkpt lat="40.784203" lon="-73.965277">
        <ele>38</ele>
        <time>2026-05-22T15:15:45.000Z</time>
      </trkpt>
      <trkpt lat="40.784198" lon="-73.965265">
        <ele>38</ele>
        <time>2026-05-22T15:15:46.000Z</time>
      </trkpt>
      <trkpt lat="40.784194" lon="-73.965253">
        <ele>38</ele>
        <time>2026-05-22T15:15:47.000Z</time>
      </trkpt>
      <trkpt lat="40.78419" lon="-73.965241">
        <ele>38</ele>
        <time>2026-05-22T15:15:48.000Z</time>
      </trkpt>
      <trkpt lat="40.784186" lon="-73.965228">
        <ele>38</ele>
        <time>2026-05-22T15:15:49.000Z</time>
      </trkpt>
      <trkpt lat="40.784182" lon="-73.965216">
        <ele>38</ele>
        <time>2026-05-22T15:15:50.000Z</time>
      </trkpt>
      <trkpt lat="40.784178" lon="-73.965203">
        <ele>38</ele>
        <time>2026-05-22T15:15:51.000Z</time>
      </trkpt>
      <trkpt lat="40.784174" lon="-73.965191">
        <ele>38</ele>
        <time>2026-05-22T15:15:52.000Z</time>
      </trkpt>
      <trkpt lat="40.78417" lon="-73.96518">
        <ele>38</ele>
        <time>2026-05-22T15:15:53.000Z</time>
      </trkpt>
      <trkpt lat="40.784166" lon="-73.965167">
        <ele>38</ele>
        <time>2026-05-22T15:15:54.000Z</time>
      </trkpt>
      <trkpt lat="40.784162" lon="-73.965155">
        <ele>38</ele>
        <time>2026-05-22T15:15:55.000Z</time>
      </trkpt>
      <trkpt lat="40.784157" lon="-73.965142">
        <ele>38</ele>
        <time>2026-05-22T15:15:56.000Z</time>
      </trkpt>
      <trkpt lat="40.784153" lon="-73.96513">
        <ele>38</ele>
        <time>2026-05-22T15:15:57.000Z</time>
      </trkpt>
      <trkpt lat="40.784149" lon="-73.965117">
        <ele>38.2</ele>
        <time>2026-05-22T15:15:58.000Z</time>
      </trkpt>
      <trkpt lat="40.784145" lon="-73.965105">
        <ele>38.2</ele>
        <time>2026-05-22T15:15:59.000Z</time>
      </trkpt>
      <trkpt lat="40.784142" lon="-73.965092">
        <ele>38.2</ele>
        <time>2026-05-22T15:16:00.000Z</time>
      </trkpt>
      <trkpt lat="40.784138" lon="-73.965079">
        <ele>38.2</ele>
        <time>2026-05-22T15:16:01.000Z</time>
      </trkpt>
      <trkpt lat="40.784134" lon="-73.965067">
        <ele>38.2</ele>
        <time>2026-05-22T15:16:02.000Z</time>
      </trkpt>
      <trkpt lat="40.78413" lon="-73.965054">
        <ele>38.2</ele>
        <time>2026-05-22T15:16:03.000Z</time>
      </trkpt>
      <trkpt lat="40.784126" lon="-73.965042">
        <ele>38.2</ele>
        <time>2026-05-22T15:16:04.000Z</time>
      </trkpt>
      <trkpt lat="40.784123" lon="-73.965029">
        <ele>38.2</ele>
        <time>2026-05-22T15:16:05.000Z</time>
      </trkpt>
      <trkpt lat="40.78412" lon="-73.965017">
        <ele>38.2</ele>
        <time>2026-05-22T15:16:06.000Z</time>
      </trkpt>
      <trkpt lat="40.784116" lon="-73.965004">
        <ele>38.2</ele>
        <time>2026-05-22T15:16:07.000Z</time>
      </trkpt>
      <trkpt lat="40.784113" lon="-73.964992">
        <ele>38.2</ele>
        <time>2026-05-22T15:16:08.000Z</time>
      </trkpt>
      <trkpt lat="40.784109" lon="-73.96498">
        <ele>38.4</ele>
        <time>2026-05-22T15:16:09.000Z</time>
      </trkpt>
      <trkpt lat="40.784106" lon="-73.964967">
        <ele>38.2</ele>
        <time>2026-05-22T15:16:10.000Z</time>
      </trkpt>
      <trkpt lat="40.784103" lon="-73.964954">
        <ele>38.2</ele>
        <time>2026-05-22T15:16:11.000Z</time>
      </trkpt>
      <trkpt lat="40.7841" lon="-73.96494">
        <ele>38.2</ele>
        <time>2026-05-22T15:16:12.000Z</time>
      </trkpt>
      <trkpt lat="40.784097" lon="-73.964927">
        <ele>38.2</ele>
        <time>2026-05-22T15:16:13.000Z</time>
      </trkpt>
      <trkpt lat="40.784095" lon="-73.964914">
        <ele>38.2</ele>
        <time>2026-05-22T15:16:14.000Z</time>
      </trkpt>
      <trkpt lat="40.784092" lon="-73.964901">
        <ele>38.2</ele>
        <time>2026-05-22T15:16:15.000Z</time>
      </trkpt>
      <trkpt lat="40.784089" lon="-73.964889">
        <ele>38.2</ele>
        <time>2026-05-22T15:16:16.000Z</time>
      </trkpt>
      <trkpt lat="40.784086" lon="-73.964876">
        <ele>38.2</ele>
        <time>2026-05-22T15:16:17.000Z</time>
      </trkpt>
      <trkpt lat="40.784083" lon="-73.964864">
        <ele>38.2</ele>
        <time>2026-05-22T15:16:18.000Z</time>
      </trkpt>
      <trkpt lat="40.78408" lon="-73.964851">
        <ele>38.2</ele>
        <time>2026-05-22T15:16:19.000Z</time>
      </trkpt>
      <trkpt lat="40.784077" lon="-73.964838">
        <ele>38.2</ele>
        <time>2026-05-22T15:16:20.000Z</time>
      </trkpt>
      <trkpt lat="40.784074" lon="-73.964826">
        <ele>38.2</ele>
        <time>2026-05-22T15:16:21.000Z</time>
      </trkpt>
      <trkpt lat="40.784071" lon="-73.964813">
        <ele>38.2</ele>
        <time>2026-05-22T15:16:22.000Z</time>
      </trkpt>
      <trkpt lat="40.784068" lon="-73.9648">
        <ele>38.2</ele>
        <time>2026-05-22T15:16:23.000Z</time>
      </trkpt>
      <trkpt lat="40.784065" lon="-73.964787">
        <ele>38.2</ele>
        <time>2026-05-22T15:16:24.000Z</time>
      </trkpt>
      <trkpt lat="40.784062" lon="-73.964774">
        <ele>38.2</ele>
        <time>2026-05-22T15:16:25.000Z</time>
      </trkpt>
      <trkpt lat="40.784059" lon="-73.964761">
        <ele>38</ele>
        <time>2026-05-22T15:16:26.000Z</time>
      </trkpt>
      <trkpt lat="40.784056" lon="-73.964748">
        <ele>38</ele>
        <time>2026-05-22T15:16:27.000Z</time>
      </trkpt>
      <trkpt lat="40.784053" lon="-73.964735">
        <ele>38</ele>
        <time>2026-05-22T15:16:28.000Z</time>
      </trkpt>
      <trkpt lat="40.78405" lon="-73.964723">
        <ele>38</ele>
        <time>2026-05-22T15:16:29.000Z</time>
      </trkpt>
      <trkpt lat="40.784048" lon="-73.96471">
        <ele>38</ele>
        <time>2026-05-22T15:16:30.000Z</time>
      </trkpt>
      <trkpt lat="40.784045" lon="-73.964698">
        <ele>38.2</ele>
        <time>2026-05-22T15:16:31.000Z</time>
      </trkpt>
      <trkpt lat="40.784043" lon="-73.964686">
        <ele>38.2</ele>
        <time>2026-05-22T15:16:32.000Z</time>
      </trkpt>
      <trkpt lat="40.784041" lon="-73.964674">
        <ele>38.2</ele>
        <time>2026-05-22T15:16:33.000Z</time>
      </trkpt>
      <trkpt lat="40.784038" lon="-73.964662">
        <ele>38.2</ele>
        <time>2026-05-22T15:16:34.000Z</time>
      </trkpt>
      <trkpt lat="40.784035" lon="-73.964649">
        <ele>38.2</ele>
        <time>2026-05-22T15:16:35.000Z</time>
      </trkpt>
      <trkpt lat="40.784032" lon="-73.964637">
        <ele>38.2</ele>
        <time>2026-05-22T15:16:36.000Z</time>
      </trkpt>
      <trkpt lat="40.784029" lon="-73.964624">
        <ele>38.2</ele>
        <time>2026-05-22T15:16:37.000Z</time>
      </trkpt>
      <trkpt lat="40.784026" lon="-73.964612">
        <ele>38.2</ele>
        <time>2026-05-22T15:16:38.000Z</time>
      </trkpt>
      <trkpt lat="40.784023" lon="-73.9646">
        <ele>38.2</ele>
        <time>2026-05-22T15:16:39.000Z</time>
      </trkpt>
      <trkpt lat="40.78402" lon="-73.964587">
        <ele>38.2</ele>
        <time>2026-05-22T15:16:40.000Z</time>
      </trkpt>
      <trkpt lat="40.784017" lon="-73.964575">
        <ele>38</ele>
        <time>2026-05-22T15:16:41.000Z</time>
      </trkpt>
      <trkpt lat="40.784014" lon="-73.964562">
        <ele>38</ele>
        <time>2026-05-22T15:16:42.000Z</time>
      </trkpt>
      <trkpt lat="40.784011" lon="-73.96455">
        <ele>38</ele>
        <time>2026-05-22T15:16:43.000Z</time>
      </trkpt>
      <trkpt lat="40.784008" lon="-73.964538">
        <ele>38</ele>
        <time>2026-05-22T15:16:44.000Z</time>
      </trkpt>
      <trkpt lat="40.784005" lon="-73.964526">
        <ele>38</ele>
        <time>2026-05-22T15:16:45.000Z</time>
      </trkpt>
      <trkpt lat="40.784001" lon="-73.964513">
        <ele>38</ele>
        <time>2026-05-22T15:16:46.000Z</time>
      </trkpt>
      <trkpt lat="40.783998" lon="-73.964499">
        <ele>38</ele>
        <time>2026-05-22T15:16:47.000Z</time>
      </trkpt>
      <trkpt lat="40.783995" lon="-73.964485">
        <ele>38</ele>
        <time>2026-05-22T15:16:48.000Z</time>
      </trkpt>
      <trkpt lat="40.783992" lon="-73.964472">
        <ele>38</ele>
        <time>2026-05-22T15:16:49.000Z</time>
      </trkpt>
      <trkpt lat="40.783988" lon="-73.964461">
        <ele>38</ele>
        <time>2026-05-22T15:16:50.000Z</time>
      </trkpt>
      <trkpt lat="40.783984" lon="-73.964449">
        <ele>38</ele>
        <time>2026-05-22T15:16:51.000Z</time>
      </trkpt>
      <trkpt lat="40.783978" lon="-73.964438">
        <ele>38</ele>
        <time>2026-05-22T15:16:52.000Z</time>
      </trkpt>
      <trkpt lat="40.783973" lon="-73.964426">
        <ele>38</ele>
        <time>2026-05-22T15:16:53.000Z</time>
      </trkpt>
      <trkpt lat="40.783967" lon="-73.964415">
        <ele>38</ele>
        <time>2026-05-22T15:16:54.000Z</time>
      </trkpt>
      <trkpt lat="40.783962" lon="-73.964402">
        <ele>38</ele>
        <time>2026-05-22T15:16:55.000Z</time>
      </trkpt>
      <trkpt lat="40.783957" lon="-73.96439">
        <ele>38</ele>
        <time>2026-05-22T15:16:56.000Z</time>
      </trkpt>
      <trkpt lat="40.783953" lon="-73.964378">
        <ele>38</ele>
        <time>2026-05-22T15:16:57.000Z</time>
      </trkpt>
      <trkpt lat="40.783948" lon="-73.964365">
        <ele>38</ele>
        <time>2026-05-22T15:16:58.000Z</time>
      </trkpt>
      <trkpt lat="40.783944" lon="-73.964352">
        <ele>38</ele>
        <time>2026-05-22T15:16:59.000Z</time>
      </trkpt>
      <trkpt lat="40.78394" lon="-73.96434">
        <ele>38</ele>
        <time>2026-05-22T15:17:00.000Z</time>
      </trkpt>
      <trkpt lat="40.783936" lon="-73.964328">
        <ele>38</ele>
        <time>2026-05-22T15:17:01.000Z</time>
      </trkpt>
      <trkpt lat="40.783931" lon="-73.964316">
        <ele>38</ele>
        <time>2026-05-22T15:17:02.000Z</time>
      </trkpt>
      <trkpt lat="40.783927" lon="-73.964304">
        <ele>38</ele>
        <time>2026-05-22T15:17:03.000Z</time>
      </trkpt>
      <trkpt lat="40.783922" lon="-73.964292">
        <ele>38</ele>
        <time>2026-05-22T15:17:04.000Z</time>
      </trkpt>
      <trkpt lat="40.783916" lon="-73.964281">
        <ele>38</ele>
        <time>2026-05-22T15:17:05.000Z</time>
      </trkpt>
      <trkpt lat="40.783911" lon="-73.964268">
        <ele>38</ele>
        <time>2026-05-22T15:17:06.000Z</time>
      </trkpt>
      <trkpt lat="40.783907" lon="-73.964256">
        <ele>38</ele>
        <time>2026-05-22T15:17:07.000Z</time>
      </trkpt>
      <trkpt lat="40.783902" lon="-73.964244">
        <ele>37.8</ele>
        <time>2026-05-22T15:17:08.000Z</time>
      </trkpt>
      <trkpt lat="40.783897" lon="-73.964232">
        <ele>37.8</ele>
        <time>2026-05-22T15:17:09.000Z</time>
      </trkpt>
      <trkpt lat="40.783893" lon="-73.964219">
        <ele>37.8</ele>
        <time>2026-05-22T15:17:10.000Z</time>
      </trkpt>
      <trkpt lat="40.783889" lon="-73.964207">
        <ele>37.8</ele>
        <time>2026-05-22T15:17:11.000Z</time>
      </trkpt>
      <trkpt lat="40.783885" lon="-73.964195">
        <ele>37.6</ele>
        <time>2026-05-22T15:17:12.000Z</time>
      </trkpt>
      <trkpt lat="40.783881" lon="-73.964183">
        <ele>37.6</ele>
        <time>2026-05-22T15:17:13.000Z</time>
      </trkpt>
      <trkpt lat="40.783877" lon="-73.964171">
        <ele>37.6</ele>
        <time>2026-05-22T15:17:14.000Z</time>
      </trkpt>
      <trkpt lat="40.783872" lon="-73.964159">
        <ele>37.4</ele>
        <time>2026-05-22T15:17:15.000Z</time>
      </trkpt>
      <trkpt lat="40.783866" lon="-73.964147">
        <ele>37.4</ele>
        <time>2026-05-22T15:17:16.000Z</time>
      </trkpt>
      <trkpt lat="40.78386" lon="-73.964135">
        <ele>37.4</ele>
        <time>2026-05-22T15:17:17.000Z</time>
      </trkpt>
      <trkpt lat="40.783854" lon="-73.964123">
        <ele>37.2</ele>
        <time>2026-05-22T15:17:18.000Z</time>
      </trkpt>
      <trkpt lat="40.783848" lon="-73.964111">
        <ele>37.2</ele>
        <time>2026-05-22T15:17:19.000Z</time>
      </trkpt>
      <trkpt lat="40.783843" lon="-73.964099">
        <ele>37.2</ele>
        <time>2026-05-22T15:17:20.000Z</time>
      </trkpt>
      <trkpt lat="40.783837" lon="-73.964088">
        <ele>37</ele>
        <time>2026-05-22T15:17:21.000Z</time>
      </trkpt>
      <trkpt lat="40.783832" lon="-73.964077">
        <ele>37</ele>
        <time>2026-05-22T15:17:22.000Z</time>
      </trkpt>
      <trkpt lat="40.783826" lon="-73.964066">
        <ele>37</ele>
        <time>2026-05-22T15:17:23.000Z</time>
      </trkpt>
      <trkpt lat="40.783821" lon="-73.964055">
        <ele>37</ele>
        <time>2026-05-22T15:17:24.000Z</time>
      </trkpt>
      <trkpt lat="40.783815" lon="-73.964044">
        <ele>37.2</ele>
        <time>2026-05-22T15:17:25.000Z</time>
      </trkpt>
      <trkpt lat="40.783809" lon="-73.964032">
        <ele>37.2</ele>
        <time>2026-05-22T15:17:26.000Z</time>
      </trkpt>
      <trkpt lat="40.783803" lon="-73.96402">
        <ele>37.2</ele>
        <time>2026-05-22T15:17:27.000Z</time>
      </trkpt>
      <trkpt lat="40.783796" lon="-73.964008">
        <ele>37.2</ele>
        <time>2026-05-22T15:17:28.000Z</time>
      </trkpt>
      <trkpt lat="40.78379" lon="-73.963996">
        <ele>37.4</ele>
        <time>2026-05-22T15:17:29.000Z</time>
      </trkpt>
      <trkpt lat="40.783784" lon="-73.963985">
        <ele>37.4</ele>
        <time>2026-05-22T15:17:30.000Z</time>
      </trkpt>
      <trkpt lat="40.783777" lon="-73.963973">
        <ele>37.4</ele>
        <time>2026-05-22T15:17:31.000Z</time>
      </trkpt>
      <trkpt lat="40.783771" lon="-73.963962">
        <ele>37.4</ele>
        <time>2026-05-22T15:17:32.000Z</time>
      </trkpt>
      <trkpt lat="40.783764" lon="-73.96395">
        <ele>37.6</ele>
        <time>2026-05-22T15:17:33.000Z</time>
      </trkpt>
      <trkpt lat="40.783757" lon="-73.963939">
        <ele>37.6</ele>
        <time>2026-05-22T15:17:34.000Z</time>
      </trkpt>
      <trkpt lat="40.78375" lon="-73.963928">
        <ele>37.6</ele>
        <time>2026-05-22T15:17:35.000Z</time>
      </trkpt>
      <trkpt lat="40.783743" lon="-73.963916">
        <ele>37.6</ele>
        <time>2026-05-22T15:17:36.000Z</time>
      </trkpt>
      <trkpt lat="40.783736" lon="-73.963906">
        <ele>37.6</ele>
        <time>2026-05-22T15:17:37.000Z</time>
      </trkpt>
      <trkpt lat="40.783729" lon="-73.963895">
        <ele>37.6</ele>
        <time>2026-05-22T15:17:38.000Z</time>
      </trkpt>
      <trkpt lat="40.783722" lon="-73.963884">
        <ele>37.6</ele>
        <time>2026-05-22T15:17:39.000Z</time>
      </trkpt>
      <trkpt lat="40.783715" lon="-73.963873">
        <ele>37.4</ele>
        <time>2026-05-22T15:17:40.000Z</time>
      </trkpt>
      <trkpt lat="40.783709" lon="-73.963863">
        <ele>37.4</ele>
        <time>2026-05-22T15:17:41.000Z</time>
      </trkpt>
      <trkpt lat="40.783702" lon="-73.963853">
        <ele>37.4</ele>
        <time>2026-05-22T15:17:42.000Z</time>
      </trkpt>
      <trkpt lat="40.783695" lon="-73.963844">
        <ele>37.4</ele>
        <time>2026-05-22T15:17:43.000Z</time>
      </trkpt>
      <trkpt lat="40.783688" lon="-73.963834">
        <ele>37.4</ele>
        <time>2026-05-22T15:17:44.000Z</time>
      </trkpt>
      <trkpt lat="40.783681" lon="-73.963825">
        <ele>37.4</ele>
        <time>2026-05-22T15:17:45.000Z</time>
      </trkpt>
      <trkpt lat="40.783674" lon="-73.963816">
        <ele>37.4</ele>
        <time>2026-05-22T15:17:46.000Z</time>
      </trkpt>
      <trkpt lat="40.783668" lon="-73.963807">
        <ele>37.4</ele>
        <time>2026-05-22T15:17:47.000Z</time>
      </trkpt>
      <trkpt lat="40.78366" lon="-73.963797">
        <ele>37.4</ele>
        <time>2026-05-22T15:17:48.000Z</time>
      </trkpt>
      <trkpt lat="40.783652" lon="-73.963786">
        <ele>37.4</ele>
        <time>2026-05-22T15:17:49.000Z</time>
      </trkpt>
      <trkpt lat="40.783644" lon="-73.963776">
        <ele>37.4</ele>
        <time>2026-05-22T15:17:50.000Z</time>
      </trkpt>
      <trkpt lat="40.783636" lon="-73.963765">
        <ele>37.4</ele>
        <time>2026-05-22T15:17:51.000Z</time>
      </trkpt>
      <trkpt lat="40.783628" lon="-73.963755">
        <ele>37.4</ele>
        <time>2026-05-22T15:17:52.000Z</time>
      </trkpt>
      <trkpt lat="40.78362" lon="-73.963745">
        <ele>37.4</ele>
        <time>2026-05-22T15:17:53.000Z</time>
      </trkpt>
      <trkpt lat="40.783612" lon="-73.963735">
        <ele>37.4</ele>
        <time>2026-05-22T15:17:54.000Z</time>
      </trkpt>
      <trkpt lat="40.783605" lon="-73.963726">
        <ele>37.4</ele>
        <time>2026-05-22T15:17:55.000Z</time>
      </trkpt>
      <trkpt lat="40.783598" lon="-73.963717">
        <ele>37.4</ele>
        <time>2026-05-22T15:17:56.000Z</time>
      </trkpt>
      <trkpt lat="40.78359" lon="-73.963708">
        <ele>37.4</ele>
        <time>2026-05-22T15:17:57.000Z</time>
      </trkpt>
      <trkpt lat="40.783583" lon="-73.963698">
        <ele>37.4</ele>
        <time>2026-05-22T15:17:58.000Z</time>
      </trkpt>
      <trkpt lat="40.783575" lon="-73.963689">
        <ele>37.4</ele>
        <time>2026-05-22T15:17:59.000Z</time>
      </trkpt>
      <trkpt lat="40.783568" lon="-73.96368">
        <ele>37.6</ele>
        <time>2026-05-22T15:18:00.000Z</time>
      </trkpt>
      <trkpt lat="40.783561" lon="-73.963672">
        <ele>37.6</ele>
        <time>2026-05-22T15:18:01.000Z</time>
      </trkpt>
      <trkpt lat="40.783553" lon="-73.963663">
        <ele>37.6</ele>
        <time>2026-05-22T15:18:02.000Z</time>
      </trkpt>
      <trkpt lat="40.783546" lon="-73.963653">
        <ele>37.6</ele>
        <time>2026-05-22T15:18:03.000Z</time>
      </trkpt>
      <trkpt lat="40.783538" lon="-73.963644">
        <ele>37.6</ele>
        <time>2026-05-22T15:18:04.000Z</time>
      </trkpt>
      <trkpt lat="40.783531" lon="-73.963635">
        <ele>37.6</ele>
        <time>2026-05-22T15:18:05.000Z</time>
      </trkpt>
      <trkpt lat="40.783524" lon="-73.963627">
        <ele>37.6</ele>
        <time>2026-05-22T15:18:06.000Z</time>
      </trkpt>
      <trkpt lat="40.783517" lon="-73.963618">
        <ele>37.6</ele>
        <time>2026-05-22T15:18:07.000Z</time>
      </trkpt>
      <trkpt lat="40.783509" lon="-73.963609">
        <ele>37.6</ele>
        <time>2026-05-22T15:18:08.000Z</time>
      </trkpt>
      <trkpt lat="40.783502" lon="-73.9636">
        <ele>37.6</ele>
        <time>2026-05-22T15:18:09.000Z</time>
      </trkpt>
      <trkpt lat="40.783494" lon="-73.963592">
        <ele>37.6</ele>
        <time>2026-05-22T15:18:10.000Z</time>
      </trkpt>
      <trkpt lat="40.783487" lon="-73.963584">
        <ele>37.6</ele>
        <time>2026-05-22T15:18:11.000Z</time>
      </trkpt>
      <trkpt lat="40.78348" lon="-73.963575">
        <ele>37.4</ele>
        <time>2026-05-22T15:18:12.000Z</time>
      </trkpt>
      <trkpt lat="40.783472" lon="-73.963568">
        <ele>37.4</ele>
        <time>2026-05-22T15:18:13.000Z</time>
      </trkpt>
      <trkpt lat="40.783465" lon="-73.96356">
        <ele>37.4</ele>
        <time>2026-05-22T15:18:14.000Z</time>
      </trkpt>
      <trkpt lat="40.783458" lon="-73.963551">
        <ele>37.4</ele>
        <time>2026-05-22T15:18:15.000Z</time>
      </trkpt>
      <trkpt lat="40.78345" lon="-73.963543">
        <ele>37.4</ele>
        <time>2026-05-22T15:18:16.000Z</time>
      </trkpt>
      <trkpt lat="40.783443" lon="-73.963534">
        <ele>37.4</ele>
        <time>2026-05-22T15:18:17.000Z</time>
      </trkpt>
      <trkpt lat="40.783435" lon="-73.963526">
        <ele>37.4</ele>
        <time>2026-05-22T15:18:18.000Z</time>
      </trkpt>
      <trkpt lat="40.783427" lon="-73.963517">
        <ele>37.4</ele>
        <time>2026-05-22T15:18:19.000Z</time>
      </trkpt>
      <trkpt lat="40.783419" lon="-73.963509">
        <ele>37.4</ele>
        <time>2026-05-22T15:18:20.000Z</time>
      </trkpt>
      <trkpt lat="40.783411" lon="-73.9635">
        <ele>37.4</ele>
        <time>2026-05-22T15:18:21.000Z</time>
      </trkpt>
      <trkpt lat="40.783403" lon="-73.963492">
        <ele>37.4</ele>
        <time>2026-05-22T15:18:22.000Z</time>
      </trkpt>
      <trkpt lat="40.783395" lon="-73.963484">
        <ele>37.4</ele>
        <time>2026-05-22T15:18:23.000Z</time>
      </trkpt>
      <trkpt lat="40.783386" lon="-73.963475">
        <ele>37.4</ele>
        <time>2026-05-22T15:18:24.000Z</time>
      </trkpt>
      <trkpt lat="40.783378" lon="-73.963467">
        <ele>37.4</ele>
        <time>2026-05-22T15:18:25.000Z</time>
      </trkpt>
      <trkpt lat="40.783369" lon="-73.963459">
        <ele>37.4</ele>
        <time>2026-05-22T15:18:26.000Z</time>
      </trkpt>
      <trkpt lat="40.78336" lon="-73.963451">
        <ele>37.4</ele>
        <time>2026-05-22T15:18:27.000Z</time>
      </trkpt>
      <trkpt lat="40.78335" lon="-73.963442">
        <ele>37.4</ele>
        <time>2026-05-22T15:18:28.000Z</time>
      </trkpt>
      <trkpt lat="40.783341" lon="-73.963434">
        <ele>37.4</ele>
        <time>2026-05-22T15:18:29.000Z</time>
      </trkpt>
      <trkpt lat="40.783332" lon="-73.963427">
        <ele>37.4</ele>
        <time>2026-05-22T15:18:30.000Z</time>
      </trkpt>
      <trkpt lat="40.783322" lon="-73.963419">
        <ele>37.4</ele>
        <time>2026-05-22T15:18:31.000Z</time>
      </trkpt>
      <trkpt lat="40.783313" lon="-73.963412">
        <ele>37.4</ele>
        <time>2026-05-22T15:18:32.000Z</time>
      </trkpt>
      <trkpt lat="40.783303" lon="-73.963404">
        <ele>37.6</ele>
        <time>2026-05-22T15:18:33.000Z</time>
      </trkpt>
      <trkpt lat="40.783294" lon="-73.963396">
        <ele>37.6</ele>
        <time>2026-05-22T15:18:34.000Z</time>
      </trkpt>
      <trkpt lat="40.783284" lon="-73.963389">
        <ele>37.6</ele>
        <time>2026-05-22T15:18:35.000Z</time>
      </trkpt>
      <trkpt lat="40.783275" lon="-73.963382">
        <ele>37.6</ele>
        <time>2026-05-22T15:18:36.000Z</time>
      </trkpt>
      <trkpt lat="40.783266" lon="-73.963375">
        <ele>37.6</ele>
        <time>2026-05-22T15:18:37.000Z</time>
      </trkpt>
      <trkpt lat="40.783256" lon="-73.963369">
        <ele>37.6</ele>
        <time>2026-05-22T15:18:38.000Z</time>
      </trkpt>
      <trkpt lat="40.783247" lon="-73.963362">
        <ele>37.6</ele>
        <time>2026-05-22T15:18:39.000Z</time>
      </trkpt>
      <trkpt lat="40.783238" lon="-73.963356">
        <ele>37.6</ele>
        <time>2026-05-22T15:18:40.000Z</time>
      </trkpt>
      <trkpt lat="40.783228" lon="-73.963349">
        <ele>37.6</ele>
        <time>2026-05-22T15:18:41.000Z</time>
      </trkpt>
      <trkpt lat="40.78322" lon="-73.963344">
        <ele>37.6</ele>
        <time>2026-05-22T15:18:42.000Z</time>
      </trkpt>
      <trkpt lat="40.783211" lon="-73.963339">
        <ele>37.4</ele>
        <time>2026-05-22T15:18:43.000Z</time>
      </trkpt>
      <trkpt lat="40.783202" lon="-73.963333">
        <ele>37.4</ele>
        <time>2026-05-22T15:18:44.000Z</time>
      </trkpt>
      <trkpt lat="40.783192" lon="-73.963327">
        <ele>37.4</ele>
        <time>2026-05-22T15:18:45.000Z</time>
      </trkpt>
      <trkpt lat="40.783183" lon="-73.963321">
        <ele>37.4</ele>
        <time>2026-05-22T15:18:46.000Z</time>
      </trkpt>
      <trkpt lat="40.783173" lon="-73.963315">
        <ele>37.4</ele>
        <time>2026-05-22T15:18:47.000Z</time>
      </trkpt>
      <trkpt lat="40.783164" lon="-73.96331">
        <ele>37.4</ele>
        <time>2026-05-22T15:18:48.000Z</time>
      </trkpt>
      <trkpt lat="40.783155" lon="-73.963305">
        <ele>37.4</ele>
        <time>2026-05-22T15:18:49.000Z</time>
      </trkpt>
      <trkpt lat="40.783146" lon="-73.963299">
        <ele>37.4</ele>
        <time>2026-05-22T15:18:50.000Z</time>
      </trkpt>
      <trkpt lat="40.783136" lon="-73.963294">
        <ele>37.4</ele>
        <time>2026-05-22T15:18:51.000Z</time>
      </trkpt>
      <trkpt lat="40.783126" lon="-73.963288">
        <ele>37.4</ele>
        <time>2026-05-22T15:18:52.000Z</time>
      </trkpt>
      <trkpt lat="40.783117" lon="-73.963283">
        <ele>37.4</ele>
        <time>2026-05-22T15:18:53.000Z</time>
      </trkpt>
      <trkpt lat="40.783107" lon="-73.963277">
        <ele>37.4</ele>
        <time>2026-05-22T15:18:54.000Z</time>
      </trkpt>
      <trkpt lat="40.783098" lon="-73.963272">
        <ele>37.4</ele>
        <time>2026-05-22T15:18:55.000Z</time>
      </trkpt>
      <trkpt lat="40.783088" lon="-73.963267">
        <ele>37.4</ele>
        <time>2026-05-22T15:18:56.000Z</time>
      </trkpt>
      <trkpt lat="40.783079" lon="-73.963262">
        <ele>37.4</ele>
        <time>2026-05-22T15:18:57.000Z</time>
      </trkpt>
      <trkpt lat="40.783069" lon="-73.963257">
        <ele>37.4</ele>
        <time>2026-05-22T15:18:58.000Z</time>
      </trkpt>
      <trkpt lat="40.78306" lon="-73.963253">
        <ele>37.4</ele>
        <time>2026-05-22T15:18:59.000Z</time>
      </trkpt>
      <trkpt lat="40.783051" lon="-73.963248">
        <ele>37.6</ele>
        <time>2026-05-22T15:19:00.000Z</time>
      </trkpt>
      <trkpt lat="40.783042" lon="-73.963244">
        <ele>37.6</ele>
        <time>2026-05-22T15:19:01.000Z</time>
      </trkpt>
      <trkpt lat="40.783033" lon="-73.96324">
        <ele>37.6</ele>
        <time>2026-05-22T15:19:02.000Z</time>
      </trkpt>
      <trkpt lat="40.783025" lon="-73.963237">
        <ele>37.8</ele>
        <time>2026-05-22T15:19:03.000Z</time>
      </trkpt>
      <trkpt lat="40.783016" lon="-73.963233">
        <ele>37.8</ele>
        <time>2026-05-22T15:19:04.000Z</time>
      </trkpt>
      <trkpt lat="40.783007" lon="-73.963229">
        <ele>37.8</ele>
        <time>2026-05-22T15:19:05.000Z</time>
      </trkpt>
      <trkpt lat="40.782997" lon="-73.963226">
        <ele>37.8</ele>
        <time>2026-05-22T15:19:06.000Z</time>
      </trkpt>
      <trkpt lat="40.782987" lon="-73.963223">
        <ele>37.8</ele>
        <time>2026-05-22T15:19:07.000Z</time>
      </trkpt>
      <trkpt lat="40.782977" lon="-73.963219">
        <ele>37.8</ele>
        <time>2026-05-22T15:19:08.000Z</time>
      </trkpt>
      <trkpt lat="40.782967" lon="-73.963216">
        <ele>37.8</ele>
        <time>2026-05-22T15:19:09.000Z</time>
      </trkpt>
      <trkpt lat="40.782958" lon="-73.963212">
        <ele>37.6</ele>
        <time>2026-05-22T15:19:10.000Z</time>
      </trkpt>
      <trkpt lat="40.782949" lon="-73.963209">
        <ele>37.6</ele>
        <time>2026-05-22T15:19:11.000Z</time>
      </trkpt>
      <trkpt lat="40.78294" lon="-73.963206">
        <ele>37.6</ele>
        <time>2026-05-22T15:19:12.000Z</time>
      </trkpt>
      <trkpt lat="40.782931" lon="-73.963202">
        <ele>37.6</ele>
        <time>2026-05-22T15:19:13.000Z</time>
      </trkpt>
      <trkpt lat="40.782921" lon="-73.963196">
        <ele>37.4</ele>
        <time>2026-05-22T15:19:14.000Z</time>
      </trkpt>
      <trkpt lat="40.782911" lon="-73.963189">
        <ele>37.4</ele>
        <time>2026-05-22T15:19:15.000Z</time>
      </trkpt>
      <trkpt lat="40.782901" lon="-73.963181">
        <ele>37.4</ele>
        <time>2026-05-22T15:19:16.000Z</time>
      </trkpt>
      <trkpt lat="40.782891" lon="-73.963174">
        <ele>37.4</ele>
        <time>2026-05-22T15:19:17.000Z</time>
      </trkpt>
      <trkpt lat="40.782881" lon="-73.963167">
        <ele>37.2</ele>
        <time>2026-05-22T15:19:18.000Z</time>
      </trkpt>
      <trkpt lat="40.782871" lon="-73.963161">
        <ele>37.2</ele>
        <time>2026-05-22T15:19:19.000Z</time>
      </trkpt>
      <trkpt lat="40.78286" lon="-73.963156">
        <ele>37.2</ele>
        <time>2026-05-22T15:19:20.000Z</time>
      </trkpt>
      <trkpt lat="40.78285" lon="-73.963151">
        <ele>37.2</ele>
        <time>2026-05-22T15:19:21.000Z</time>
      </trkpt>
      <trkpt lat="40.78284" lon="-73.963147">
        <ele>37.2</ele>
        <time>2026-05-22T15:19:22.000Z</time>
      </trkpt>
      <trkpt lat="40.78283" lon="-73.963144">
        <ele>37.2</ele>
        <time>2026-05-22T15:19:23.000Z</time>
      </trkpt>
      <trkpt lat="40.78282" lon="-73.963141">
        <ele>37.2</ele>
        <time>2026-05-22T15:19:24.000Z</time>
      </trkpt>
      <trkpt lat="40.782811" lon="-73.963138">
        <ele>37.2</ele>
        <time>2026-05-22T15:19:25.000Z</time>
      </trkpt>
      <trkpt lat="40.782801" lon="-73.963135">
        <ele>37.2</ele>
        <time>2026-05-22T15:19:26.000Z</time>
      </trkpt>
      <trkpt lat="40.782791" lon="-73.963131">
        <ele>37.2</ele>
        <time>2026-05-22T15:19:27.000Z</time>
      </trkpt>
      <trkpt lat="40.782781" lon="-73.963128">
        <ele>37.2</ele>
        <time>2026-05-22T15:19:28.000Z</time>
      </trkpt>
      <trkpt lat="40.78277" lon="-73.963125">
        <ele>37.2</ele>
        <time>2026-05-22T15:19:29.000Z</time>
      </trkpt>
      <trkpt lat="40.78276" lon="-73.963123">
        <ele>37.2</ele>
        <time>2026-05-22T15:19:30.000Z</time>
      </trkpt>
      <trkpt lat="40.78275" lon="-73.96312">
        <ele>37.2</ele>
        <time>2026-05-22T15:19:31.000Z</time>
      </trkpt>
      <trkpt lat="40.78274" lon="-73.963118">
        <ele>37.2</ele>
        <time>2026-05-22T15:19:32.000Z</time>
      </trkpt>
      <trkpt lat="40.782731" lon="-73.963115">
        <ele>37.2</ele>
        <time>2026-05-22T15:19:33.000Z</time>
      </trkpt>
      <trkpt lat="40.782721" lon="-73.963113">
        <ele>37.2</ele>
        <time>2026-05-22T15:19:34.000Z</time>
      </trkpt>
      <trkpt lat="40.782712" lon="-73.96311">
        <ele>37.2</ele>
        <time>2026-05-22T15:19:35.000Z</time>
      </trkpt>
      <trkpt lat="40.782701" lon="-73.963108">
        <ele>37.2</ele>
        <time>2026-05-22T15:19:36.000Z</time>
      </trkpt>
      <trkpt lat="40.782691" lon="-73.963104">
        <ele>37.2</ele>
        <time>2026-05-22T15:19:37.000Z</time>
      </trkpt>
      <trkpt lat="40.782681" lon="-73.963101">
        <ele>37.2</ele>
        <time>2026-05-22T15:19:38.000Z</time>
      </trkpt>
      <trkpt lat="40.78267" lon="-73.963097">
        <ele>37.2</ele>
        <time>2026-05-22T15:19:39.000Z</time>
      </trkpt>
      <trkpt lat="40.782659" lon="-73.963093">
        <ele>37.2</ele>
        <time>2026-05-22T15:19:40.000Z</time>
      </trkpt>
      <trkpt lat="40.782648" lon="-73.963089">
        <ele>37.2</ele>
        <time>2026-05-22T15:19:41.000Z</time>
      </trkpt>
      <trkpt lat="40.782637" lon="-73.963086">
        <ele>37.2</ele>
        <time>2026-05-22T15:19:42.000Z</time>
      </trkpt>
      <trkpt lat="40.782626" lon="-73.963082">
        <ele>37.2</ele>
        <time>2026-05-22T15:19:43.000Z</time>
      </trkpt>
      <trkpt lat="40.782616" lon="-73.963078">
        <ele>37.2</ele>
        <time>2026-05-22T15:19:44.000Z</time>
      </trkpt>
      <trkpt lat="40.782606" lon="-73.963074">
        <ele>37.2</ele>
        <time>2026-05-22T15:19:45.000Z</time>
      </trkpt>
      <trkpt lat="40.782596" lon="-73.963069">
        <ele>37.2</ele>
        <time>2026-05-22T15:19:46.000Z</time>
      </trkpt>
      <trkpt lat="40.782585" lon="-73.963065">
        <ele>37.2</ele>
        <time>2026-05-22T15:19:47.000Z</time>
      </trkpt>
      <trkpt lat="40.782575" lon="-73.963059">
        <ele>37.2</ele>
        <time>2026-05-22T15:19:48.000Z</time>
      </trkpt>
      <trkpt lat="40.782564" lon="-73.963054">
        <ele>37.2</ele>
        <time>2026-05-22T15:19:49.000Z</time>
      </trkpt>
      <trkpt lat="40.782555" lon="-73.963048">
        <ele>37.2</ele>
        <time>2026-05-22T15:19:50.000Z</time>
      </trkpt>
      <trkpt lat="40.782545" lon="-73.963043">
        <ele>37.2</ele>
        <time>2026-05-22T15:19:51.000Z</time>
      </trkpt>
      <trkpt lat="40.782535" lon="-73.963037">
        <ele>37.2</ele>
        <time>2026-05-22T15:19:52.000Z</time>
      </trkpt>
      <trkpt lat="40.782526" lon="-73.963031">
        <ele>37.2</ele>
        <time>2026-05-22T15:19:53.000Z</time>
      </trkpt>
      <trkpt lat="40.782517" lon="-73.963026">
        <ele>37.2</ele>
        <time>2026-05-22T15:19:54.000Z</time>
      </trkpt>
      <trkpt lat="40.782507" lon="-73.963019">
        <ele>37.2</ele>
        <time>2026-05-22T15:19:55.000Z</time>
      </trkpt>
      <trkpt lat="40.782498" lon="-73.963013">
        <ele>37.2</ele>
        <time>2026-05-22T15:19:56.000Z</time>
      </trkpt>
      <trkpt lat="40.78249" lon="-73.963006">
        <ele>37.2</ele>
        <time>2026-05-22T15:19:57.000Z</time>
      </trkpt>
      <trkpt lat="40.782481" lon="-73.962999">
        <ele>37.2</ele>
        <time>2026-05-22T15:19:58.000Z</time>
      </trkpt>
      <trkpt lat="40.782472" lon="-73.962991">
        <ele>37.2</ele>
        <time>2026-05-22T15:19:59.000Z</time>
      </trkpt>
      <trkpt lat="40.782464" lon="-73.962983">
        <ele>37.2</ele>
        <time>2026-05-22T15:20:00.000Z</time>
      </trkpt>
      <trkpt lat="40.782455" lon="-73.962976">
        <ele>37.2</ele>
        <time>2026-05-22T15:20:01.000Z</time>
      </trkpt>
      <trkpt lat="40.782446" lon="-73.962969">
        <ele>37</ele>
        <time>2026-05-22T15:20:02.000Z</time>
      </trkpt>
      <trkpt lat="40.782438" lon="-73.962962">
        <ele>37</ele>
        <time>2026-05-22T15:20:03.000Z</time>
      </trkpt>
      <trkpt lat="40.78243" lon="-73.962954">
        <ele>37</ele>
        <time>2026-05-22T15:20:04.000Z</time>
      </trkpt>
      <trkpt lat="40.782421" lon="-73.962946">
        <ele>37</ele>
        <time>2026-05-22T15:20:05.000Z</time>
      </trkpt>
      <trkpt lat="40.782413" lon="-73.962938">
        <ele>37</ele>
        <time>2026-05-22T15:20:06.000Z</time>
      </trkpt>
      <trkpt lat="40.782405" lon="-73.962929">
        <ele>37</ele>
        <time>2026-05-22T15:20:07.000Z</time>
      </trkpt>
      <trkpt lat="40.782397" lon="-73.962921">
        <ele>37</ele>
        <time>2026-05-22T15:20:08.000Z</time>
      </trkpt>
      <trkpt lat="40.782389" lon="-73.962912">
        <ele>37</ele>
        <time>2026-05-22T15:20:09.000Z</time>
      </trkpt>
      <trkpt lat="40.782381" lon="-73.962904">
        <ele>37</ele>
        <time>2026-05-22T15:20:10.000Z</time>
      </trkpt>
      <trkpt lat="40.782374" lon="-73.962896">
        <ele>37</ele>
        <time>2026-05-22T15:20:11.000Z</time>
      </trkpt>
      <trkpt lat="40.782367" lon="-73.962887">
        <ele>37</ele>
        <time>2026-05-22T15:20:12.000Z</time>
      </trkpt>
      <trkpt lat="40.782359" lon="-73.962879">
        <ele>37</ele>
        <time>2026-05-22T15:20:13.000Z</time>
      </trkpt>
      <trkpt lat="40.782352" lon="-73.96287">
        <ele>37.2</ele>
        <time>2026-05-22T15:20:14.000Z</time>
      </trkpt>
      <trkpt lat="40.782346" lon="-73.962863">
        <ele>37.2</ele>
        <time>2026-05-22T15:20:15.000Z</time>
      </trkpt>
      <trkpt lat="40.782339" lon="-73.962856">
        <ele>37.2</ele>
        <time>2026-05-22T15:20:16.000Z</time>
      </trkpt>
      <trkpt lat="40.782332" lon="-73.962848">
        <ele>37.2</ele>
        <time>2026-05-22T15:20:17.000Z</time>
      </trkpt>
      <trkpt lat="40.782325" lon="-73.962838">
        <ele>37.4</ele>
        <time>2026-05-22T15:20:18.000Z</time>
      </trkpt>
      <trkpt lat="40.782317" lon="-73.962827">
        <ele>37.4</ele>
        <time>2026-05-22T15:20:19.000Z</time>
      </trkpt>
      <trkpt lat="40.782311" lon="-73.962816">
        <ele>37.4</ele>
        <time>2026-05-22T15:20:20.000Z</time>
      </trkpt>
      <trkpt lat="40.782305" lon="-73.962806">
        <ele>37.4</ele>
        <time>2026-05-22T15:20:21.000Z</time>
      </trkpt>
      <trkpt lat="40.782298" lon="-73.962795">
        <ele>37.4</ele>
        <time>2026-05-22T15:20:22.000Z</time>
      </trkpt>
      <trkpt lat="40.782292" lon="-73.962784">
        <ele>37.4</ele>
        <time>2026-05-22T15:20:23.000Z</time>
      </trkpt>
      <trkpt lat="40.782287" lon="-73.962773">
        <ele>37.4</ele>
        <time>2026-05-22T15:20:24.000Z</time>
      </trkpt>
      <trkpt lat="40.782282" lon="-73.962763">
        <ele>37.4</ele>
        <time>2026-05-22T15:20:25.000Z</time>
      </trkpt>
      <trkpt lat="40.782276" lon="-73.962751">
        <ele>37.4</ele>
        <time>2026-05-22T15:20:26.000Z</time>
      </trkpt>
      <trkpt lat="40.782271" lon="-73.962738">
        <ele>37.6</ele>
        <time>2026-05-22T15:20:27.000Z</time>
      </trkpt>
      <trkpt lat="40.782266" lon="-73.962725">
        <ele>37.6</ele>
        <time>2026-05-22T15:20:28.000Z</time>
      </trkpt>
      <trkpt lat="40.78226" lon="-73.962713">
        <ele>37.6</ele>
        <time>2026-05-22T15:20:29.000Z</time>
      </trkpt>
      <trkpt lat="40.782255" lon="-73.962701">
        <ele>37.6</ele>
        <time>2026-05-22T15:20:30.000Z</time>
      </trkpt>
      <trkpt lat="40.78225" lon="-73.962689">
        <ele>37.6</ele>
        <time>2026-05-22T15:20:31.000Z</time>
      </trkpt>
      <trkpt lat="40.782245" lon="-73.962677">
        <ele>37.6</ele>
        <time>2026-05-22T15:20:32.000Z</time>
      </trkpt>
      <trkpt lat="40.782239" lon="-73.962667">
        <ele>37.6</ele>
        <time>2026-05-22T15:20:33.000Z</time>
      </trkpt>
      <trkpt lat="40.782232" lon="-73.962658">
        <ele>37.6</ele>
        <time>2026-05-22T15:20:34.000Z</time>
      </trkpt>
      <trkpt lat="40.782225" lon="-73.962649">
        <ele>37.6</ele>
        <time>2026-05-22T15:20:35.000Z</time>
      </trkpt>
      <trkpt lat="40.782219" lon="-73.962638">
        <ele>37.6</ele>
        <time>2026-05-22T15:20:36.000Z</time>
      </trkpt>
      <trkpt lat="40.782213" lon="-73.962626">
        <ele>37.6</ele>
        <time>2026-05-22T15:20:37.000Z</time>
      </trkpt>
      <trkpt lat="40.782207" lon="-73.962615">
        <ele>37.6</ele>
        <time>2026-05-22T15:20:38.000Z</time>
      </trkpt>
      <trkpt lat="40.782202" lon="-73.962603">
        <ele>37.6</ele>
        <time>2026-05-22T15:20:39.000Z</time>
      </trkpt>
      <trkpt lat="40.782196" lon="-73.962593">
        <ele>37.6</ele>
        <time>2026-05-22T15:20:40.000Z</time>
      </trkpt>
      <trkpt lat="40.782189" lon="-73.962583">
        <ele>37.6</ele>
        <time>2026-05-22T15:20:41.000Z</time>
      </trkpt>
      <trkpt lat="40.782182" lon="-73.962574">
        <ele>37.6</ele>
        <time>2026-05-22T15:20:42.000Z</time>
      </trkpt>
      <trkpt lat="40.782174" lon="-73.962566">
        <ele>37.6</ele>
        <time>2026-05-22T15:20:43.000Z</time>
      </trkpt>
      <trkpt lat="40.782167" lon="-73.96256">
        <ele>37.6</ele>
        <time>2026-05-22T15:20:44.000Z</time>
      </trkpt>
      <trkpt lat="40.782153" lon="-73.96256">
        <ele>37.6</ele>
        <time>2026-05-22T15:20:45.000Z</time>
      </trkpt>
      <trkpt lat="40.782147" lon="-73.962562">
        <ele>37.6</ele>
        <time>2026-05-22T15:20:46.000Z</time>
      </trkpt>
      <trkpt lat="40.78214" lon="-73.962564">
        <ele>37.4</ele>
        <time>2026-05-22T15:20:47.000Z</time>
      </trkpt>
      <trkpt lat="40.782133" lon="-73.962566">
        <ele>37.4</ele>
        <time>2026-05-22T15:20:48.000Z</time>
      </trkpt>
      <trkpt lat="40.782126" lon="-73.962567">
        <ele>37.4</ele>
        <time>2026-05-22T15:20:49.000Z</time>
      </trkpt>
      <trkpt lat="40.78212" lon="-73.962569">
        <ele>37.2</ele>
        <time>2026-05-22T15:20:50.000Z</time>
      </trkpt>
      <trkpt lat="40.782113" lon="-73.962571">
        <ele>37</ele>
        <time>2026-05-22T15:20:51.000Z</time>
      </trkpt>
      <trkpt lat="40.782106" lon="-73.962573">
        <ele>36.8</ele>
        <time>2026-05-22T15:20:52.000Z</time>
      </trkpt>
      <trkpt lat="40.782095" lon="-73.962574">
        <ele>36.8</ele>
        <time>2026-05-22T15:20:53.000Z</time>
      </trkpt>
      <trkpt lat="40.782085" lon="-73.962574">
        <ele>36.6</ele>
        <time>2026-05-22T15:20:54.000Z</time>
      </trkpt>
      <trkpt lat="40.782076" lon="-73.962572">
        <ele>36.4</ele>
        <time>2026-05-22T15:20:55.000Z</time>
      </trkpt>
      <trkpt lat="40.782067" lon="-73.962566">
        <ele>36.2</ele>
        <time>2026-05-22T15:20:56.000Z</time>
      </trkpt>
      <trkpt lat="40.78206" lon="-73.962559">
        <ele>36</ele>
        <time>2026-05-22T15:20:57.000Z</time>
      </trkpt>
      <trkpt lat="40.782054" lon="-73.96255">
        <ele>36</ele>
        <time>2026-05-22T15:20:58.000Z</time>
      </trkpt>
      <trkpt lat="40.782049" lon="-73.962542">
        <ele>35.8</ele>
        <time>2026-05-22T15:20:59.000Z</time>
      </trkpt>
      <trkpt lat="40.782046" lon="-73.962537">
        <ele>35.8</ele>
        <time>2026-05-22T15:21:00.000Z</time>
      </trkpt>
      <trkpt lat="40.782043" lon="-73.962533">
        <ele>35.8</ele>
        <time>2026-05-22T15:21:01.000Z</time>
      </trkpt>
      <trkpt lat="40.782042" lon="-73.96253">
        <ele>35.6</ele>
        <time>2026-05-22T15:21:02.000Z</time>
      </trkpt>
      <trkpt lat="40.78204" lon="-73.962527">
        <ele>35.6</ele>
        <time>2026-05-22T15:21:03.000Z</time>
      </trkpt>
      <trkpt lat="40.782039" lon="-73.962525">
        <ele>35.6</ele>
        <time>2026-05-22T15:21:04.000Z</time>
      </trkpt>
      <trkpt lat="40.782038" lon="-73.962522">
        <ele>35.6</ele>
        <time>2026-05-22T15:21:05.000Z</time>
      </trkpt>
      <trkpt lat="40.782037" lon="-73.962519">
        <ele>35.8</ele>
        <time>2026-05-22T15:21:06.000Z</time>
      </trkpt>
      <trkpt lat="40.782036" lon="-73.962516">
        <ele>35.8</ele>
        <time>2026-05-22T15:21:07.000Z</time>
      </trkpt>
      <trkpt lat="40.782034" lon="-73.962513">
        <ele>35.8</ele>
        <time>2026-05-22T15:21:08.000Z</time>
      </trkpt>
      <trkpt lat="40.782033" lon="-73.96251">
        <ele>35.8</ele>
        <time>2026-05-22T15:21:09.000Z</time>
      </trkpt>
      <trkpt lat="40.782032" lon="-73.962507">
        <ele>35.8</ele>
        <time>2026-05-22T15:21:10.000Z</time>
      </trkpt>
      <trkpt lat="40.782031" lon="-73.962504">
        <ele>35.8</ele>
        <time>2026-05-22T15:21:11.000Z</time>
      </trkpt>
      <trkpt lat="40.78203" lon="-73.962502">
        <ele>35.8</ele>
        <time>2026-05-22T15:21:12.000Z</time>
      </trkpt>
      <trkpt lat="40.782028" lon="-73.962499">
        <ele>35.8</ele>
        <time>2026-05-22T15:21:13.000Z</time>
      </trkpt>
      <trkpt lat="40.782027" lon="-73.962496">
        <ele>35.8</ele>
        <time>2026-05-22T15:21:14.000Z</time>
      </trkpt>
      <trkpt lat="40.782026" lon="-73.962493">
        <ele>35.8</ele>
        <time>2026-05-22T15:21:15.000Z</time>
      </trkpt>
      <trkpt lat="40.782021" lon="-73.96248">
        <ele>35.6</ele>
        <time>2026-05-22T15:21:16.000Z</time>
      </trkpt>
      <trkpt lat="40.782015" lon="-73.962468">
        <ele>35.6</ele>
        <time>2026-05-22T15:21:17.000Z</time>
      </trkpt>
      <trkpt lat="40.78201" lon="-73.962457">
        <ele>35.4</ele>
        <time>2026-05-22T15:21:18.000Z</time>
      </trkpt>
      <trkpt lat="40.782005" lon="-73.962445">
        <ele>35.4</ele>
        <time>2026-05-22T15:21:19.000Z</time>
      </trkpt>
      <trkpt lat="40.782" lon="-73.962434">
        <ele>35.2</ele>
        <time>2026-05-22T15:21:20.000Z</time>
      </trkpt>
      <trkpt lat="40.781995" lon="-73.962424">
        <ele>35.2</ele>
        <time>2026-05-22T15:21:21.000Z</time>
      </trkpt>
      <trkpt lat="40.78199" lon="-73.962413">
        <ele>35</ele>
        <time>2026-05-22T15:21:22.000Z</time>
      </trkpt>
      <trkpt lat="40.781984" lon="-73.962402">
        <ele>34.8</ele>
        <time>2026-05-22T15:21:23.000Z</time>
      </trkpt>
      <trkpt lat="40.781978" lon="-73.962392">
        <ele>34.8</ele>
        <time>2026-05-22T15:21:24.000Z</time>
      </trkpt>
      <trkpt lat="40.781972" lon="-73.962383">
        <ele>34.6</ele>
        <time>2026-05-22T15:21:25.000Z</time>
      </trkpt>
      <trkpt lat="40.781966" lon="-73.962375">
        <ele>34.4</ele>
        <time>2026-05-22T15:21:26.000Z</time>
      </trkpt>
      <trkpt lat="40.781958" lon="-73.962367">
        <ele>34.2</ele>
        <time>2026-05-22T15:21:27.000Z</time>
      </trkpt>
      <trkpt lat="40.781951" lon="-73.962359">
        <ele>34.2</ele>
        <time>2026-05-22T15:21:28.000Z</time>
      </trkpt>
      <trkpt lat="40.781942" lon="-73.962351">
        <ele>34</ele>
        <time>2026-05-22T15:21:29.000Z</time>
      </trkpt>
      <trkpt lat="40.781933" lon="-73.962343">
        <ele>33.8</ele>
        <time>2026-05-22T15:21:30.000Z</time>
      </trkpt>
      <trkpt lat="40.781923" lon="-73.962336">
        <ele>33.8</ele>
        <time>2026-05-22T15:21:31.000Z</time>
      </trkpt>
      <trkpt lat="40.781912" lon="-73.962328">
        <ele>33.6</ele>
        <time>2026-05-22T15:21:32.000Z</time>
      </trkpt>
      <trkpt lat="40.781901" lon="-73.962322">
        <ele>33.6</ele>
        <time>2026-05-22T15:21:33.000Z</time>
      </trkpt>
      <trkpt lat="40.78189" lon="-73.962317">
        <ele>33.4</ele>
        <time>2026-05-22T15:21:34.000Z</time>
      </trkpt>
      <trkpt lat="40.781878" lon="-73.962313">
        <ele>33.4</ele>
        <time>2026-05-22T15:21:35.000Z</time>
      </trkpt>
      <trkpt lat="40.781867" lon="-73.962309">
        <ele>33.2</ele>
        <time>2026-05-22T15:21:36.000Z</time>
      </trkpt>
      <trkpt lat="40.781857" lon="-73.962306">
        <ele>33.2</ele>
        <time>2026-05-22T15:21:37.000Z</time>
      </trkpt>
      <trkpt lat="40.781847" lon="-73.962303">
        <ele>33.2</ele>
        <time>2026-05-22T15:21:38.000Z</time>
      </trkpt>
      <trkpt lat="40.781836" lon="-73.9623">
        <ele>33.2</ele>
        <time>2026-05-22T15:21:39.000Z</time>
      </trkpt>
      <trkpt lat="40.781826" lon="-73.962298">
        <ele>33</ele>
        <time>2026-05-22T15:21:40.000Z</time>
      </trkpt>
      <trkpt lat="40.781816" lon="-73.962296">
        <ele>33</ele>
        <time>2026-05-22T15:21:41.000Z</time>
      </trkpt>
      <trkpt lat="40.781807" lon="-73.962293">
        <ele>33</ele>
        <time>2026-05-22T15:21:42.000Z</time>
      </trkpt>
      <trkpt lat="40.781797" lon="-73.962291">
        <ele>33</ele>
        <time>2026-05-22T15:21:43.000Z</time>
      </trkpt>
      <trkpt lat="40.781786" lon="-73.962289">
        <ele>33</ele>
        <time>2026-05-22T15:21:44.000Z</time>
      </trkpt>
      <trkpt lat="40.781775" lon="-73.962286">
        <ele>33</ele>
        <time>2026-05-22T15:21:45.000Z</time>
      </trkpt>
      <trkpt lat="40.781764" lon="-73.962282">
        <ele>33</ele>
        <time>2026-05-22T15:21:46.000Z</time>
      </trkpt>
      <trkpt lat="40.781753" lon="-73.962278">
        <ele>33</ele>
        <time>2026-05-22T15:21:47.000Z</time>
      </trkpt>
      <trkpt lat="40.781742" lon="-73.962275">
        <ele>32.8</ele>
        <time>2026-05-22T15:21:48.000Z</time>
      </trkpt>
      <trkpt lat="40.781732" lon="-73.962273">
        <ele>32.8</ele>
        <time>2026-05-22T15:21:49.000Z</time>
      </trkpt>
      <trkpt lat="40.781722" lon="-73.962271">
        <ele>32.8</ele>
        <time>2026-05-22T15:21:50.000Z</time>
      </trkpt>
      <trkpt lat="40.781711" lon="-73.96227">
        <ele>32.8</ele>
        <time>2026-05-22T15:21:51.000Z</time>
      </trkpt>
      <trkpt lat="40.7817" lon="-73.962269">
        <ele>32.8</ele>
        <time>2026-05-22T15:21:52.000Z</time>
      </trkpt>
      <trkpt lat="40.781689" lon="-73.962269">
        <ele>32.8</ele>
        <time>2026-05-22T15:21:53.000Z</time>
      </trkpt>
      <trkpt lat="40.781677" lon="-73.962268">
        <ele>32.6</ele>
        <time>2026-05-22T15:21:54.000Z</time>
      </trkpt>
      <trkpt lat="40.781664" lon="-73.962268">
        <ele>32.6</ele>
        <time>2026-05-22T15:21:55.000Z</time>
      </trkpt>
      <trkpt lat="40.781652" lon="-73.962267">
        <ele>32.6</ele>
        <time>2026-05-22T15:21:56.000Z</time>
      </trkpt>
      <trkpt lat="40.781632" lon="-73.962261">
        <ele>32.6</ele>
        <time>2026-05-22T15:21:57.000Z</time>
      </trkpt>
      <trkpt lat="40.781624" lon="-73.962257">
        <ele>32.6</ele>
        <time>2026-05-22T15:21:58.000Z</time>
      </trkpt>
      <trkpt lat="40.781616" lon="-73.962254">
        <ele>32.6</ele>
        <time>2026-05-22T15:21:59.000Z</time>
      </trkpt>
      <trkpt lat="40.781604" lon="-73.962248">
        <ele>32.6</ele>
        <time>2026-05-22T15:22:00.000Z</time>
      </trkpt>
      <trkpt lat="40.781593" lon="-73.962243">
        <ele>32.6</ele>
        <time>2026-05-22T15:22:01.000Z</time>
      </trkpt>
      <trkpt lat="40.781583" lon="-73.962237">
        <ele>32.6</ele>
        <time>2026-05-22T15:22:02.000Z</time>
      </trkpt>
      <trkpt lat="40.781573" lon="-73.962231">
        <ele>32.6</ele>
        <time>2026-05-22T15:22:03.000Z</time>
      </trkpt>
      <trkpt lat="40.781564" lon="-73.962223">
        <ele>32.6</ele>
        <time>2026-05-22T15:22:04.000Z</time>
      </trkpt>
      <trkpt lat="40.781557" lon="-73.962214">
        <ele>32.6</ele>
        <time>2026-05-22T15:22:05.000Z</time>
      </trkpt>
      <trkpt lat="40.78155" lon="-73.962204">
        <ele>32.6</ele>
        <time>2026-05-22T15:22:06.000Z</time>
      </trkpt>
      <trkpt lat="40.781545" lon="-73.962196">
        <ele>32.6</ele>
        <time>2026-05-22T15:22:07.000Z</time>
      </trkpt>
      <trkpt lat="40.78154" lon="-73.962188">
        <ele>32.6</ele>
        <time>2026-05-22T15:22:08.000Z</time>
      </trkpt>
      <trkpt lat="40.781537" lon="-73.962176">
        <ele>32.8</ele>
        <time>2026-05-22T15:22:09.000Z</time>
      </trkpt>
      <trkpt lat="40.781536" lon="-73.962165">
        <ele>32.8</ele>
        <time>2026-05-22T15:22:10.000Z</time>
      </trkpt>
      <trkpt lat="40.781535" lon="-73.962153">
        <ele>32.8</ele>
        <time>2026-05-22T15:22:11.000Z</time>
      </trkpt>
      <trkpt lat="40.781535" lon="-73.962141">
        <ele>32.8</ele>
        <time>2026-05-22T15:22:12.000Z</time>
      </trkpt>
      <trkpt lat="40.781534" lon="-73.962129">
        <ele>32.8</ele>
        <time>2026-05-22T15:22:13.000Z</time>
      </trkpt>
      <trkpt lat="40.781534" lon="-73.962116">
        <ele>32.8</ele>
        <time>2026-05-22T15:22:14.000Z</time>
      </trkpt>
      <trkpt lat="40.781533" lon="-73.962104">
        <ele>32.8</ele>
        <time>2026-05-22T15:22:15.000Z</time>
      </trkpt>
      <trkpt lat="40.781533" lon="-73.962092">
        <ele>32.8</ele>
        <time>2026-05-22T15:22:16.000Z</time>
      </trkpt>
      <trkpt lat="40.781532" lon="-73.96208">
        <ele>32.8</ele>
        <time>2026-05-22T15:22:17.000Z</time>
      </trkpt>
      <trkpt lat="40.781532" lon="-73.962067">
        <ele>32.8</ele>
        <time>2026-05-22T15:22:18.000Z</time>
      </trkpt>
      <trkpt lat="40.781531" lon="-73.962055">
        <ele>33</ele>
        <time>2026-05-22T15:22:19.000Z</time>
      </trkpt>
      <trkpt lat="40.78153" lon="-73.962043">
        <ele>33</ele>
        <time>2026-05-22T15:22:20.000Z</time>
      </trkpt>
      <trkpt lat="40.781529" lon="-73.96203">
        <ele>33</ele>
        <time>2026-05-22T15:22:21.000Z</time>
      </trkpt>
      <trkpt lat="40.781528" lon="-73.962017">
        <ele>33</ele>
        <time>2026-05-22T15:22:22.000Z</time>
      </trkpt>
      <trkpt lat="40.781527" lon="-73.962004">
        <ele>33</ele>
        <time>2026-05-22T15:22:23.000Z</time>
      </trkpt>
      <trkpt lat="40.781525" lon="-73.961991">
        <ele>33</ele>
        <time>2026-05-22T15:22:24.000Z</time>
      </trkpt>
      <trkpt lat="40.781523" lon="-73.961978">
        <ele>33</ele>
        <time>2026-05-22T15:22:25.000Z</time>
      </trkpt>
      <trkpt lat="40.781522" lon="-73.961966">
        <ele>33</ele>
        <time>2026-05-22T15:22:26.000Z</time>
      </trkpt>
      <trkpt lat="40.78152" lon="-73.961953">
        <ele>33</ele>
        <time>2026-05-22T15:22:27.000Z</time>
      </trkpt>
      <trkpt lat="40.781518" lon="-73.961939">
        <ele>32.8</ele>
        <time>2026-05-22T15:22:28.000Z</time>
      </trkpt>
      <trkpt lat="40.781516" lon="-73.961925">
        <ele>32.8</ele>
        <time>2026-05-22T15:22:29.000Z</time>
      </trkpt>
      <trkpt lat="40.781514" lon="-73.961912">
        <ele>32.8</ele>
        <time>2026-05-22T15:22:30.000Z</time>
      </trkpt>
      <trkpt lat="40.781512" lon="-73.961898">
        <ele>32.8</ele>
        <time>2026-05-22T15:22:31.000Z</time>
      </trkpt>
      <trkpt lat="40.78151" lon="-73.961884">
        <ele>32.8</ele>
        <time>2026-05-22T15:22:32.000Z</time>
      </trkpt>
      <trkpt lat="40.781508" lon="-73.96187">
        <ele>32.8</ele>
        <time>2026-05-22T15:22:33.000Z</time>
      </trkpt>
      <trkpt lat="40.781506" lon="-73.961857">
        <ele>32.8</ele>
        <time>2026-05-22T15:22:34.000Z</time>
      </trkpt>
      <trkpt lat="40.781504" lon="-73.961843">
        <ele>32.6</ele>
        <time>2026-05-22T15:22:35.000Z</time>
      </trkpt>
      <trkpt lat="40.781502" lon="-73.961829">
        <ele>32.6</ele>
        <time>2026-05-22T15:22:36.000Z</time>
      </trkpt>
      <trkpt lat="40.781501" lon="-73.961815">
        <ele>32.6</ele>
        <time>2026-05-22T15:22:37.000Z</time>
      </trkpt>
      <trkpt lat="40.781499" lon="-73.961802">
        <ele>32.6</ele>
        <time>2026-05-22T15:22:38.000Z</time>
      </trkpt>
      <trkpt lat="40.781497" lon="-73.961788">
        <ele>32.6</ele>
        <time>2026-05-22T15:22:39.000Z</time>
      </trkpt>
      <trkpt lat="40.781495" lon="-73.961774">
        <ele>32.6</ele>
        <time>2026-05-22T15:22:40.000Z</time>
      </trkpt>
      <trkpt lat="40.781493" lon="-73.96176">
        <ele>32.6</ele>
        <time>2026-05-22T15:22:41.000Z</time>
      </trkpt>
      <trkpt lat="40.781492" lon="-73.961747">
        <ele>32.6</ele>
        <time>2026-05-22T15:22:42.000Z</time>
      </trkpt>
      <trkpt lat="40.78149" lon="-73.961733">
        <ele>32.8</ele>
        <time>2026-05-22T15:22:43.000Z</time>
      </trkpt>
      <trkpt lat="40.781488" lon="-73.96172">
        <ele>32.8</ele>
        <time>2026-05-22T15:22:44.000Z</time>
      </trkpt>
      <trkpt lat="40.781487" lon="-73.961707">
        <ele>32.8</ele>
        <time>2026-05-22T15:22:45.000Z</time>
      </trkpt>
      <trkpt lat="40.781486" lon="-73.961693">
        <ele>32.8</ele>
        <time>2026-05-22T15:22:46.000Z</time>
      </trkpt>
      <trkpt lat="40.781485" lon="-73.961679">
        <ele>32.8</ele>
        <time>2026-05-22T15:22:47.000Z</time>
      </trkpt>
      <trkpt lat="40.781484" lon="-73.961664">
        <ele>32.8</ele>
        <time>2026-05-22T15:22:48.000Z</time>
      </trkpt>
      <trkpt lat="40.781482" lon="-73.96165">
        <ele>32.8</ele>
        <time>2026-05-22T15:22:49.000Z</time>
      </trkpt>
      <trkpt lat="40.781481" lon="-73.961637">
        <ele>32.8</ele>
        <time>2026-05-22T15:22:50.000Z</time>
      </trkpt>
      <trkpt lat="40.78148" lon="-73.961623">
        <ele>32.8</ele>
        <time>2026-05-22T15:22:51.000Z</time>
      </trkpt>
      <trkpt lat="40.781479" lon="-73.961608">
        <ele>32.8</ele>
        <time>2026-05-22T15:22:52.000Z</time>
      </trkpt>
      <trkpt lat="40.781478" lon="-73.961594">
        <ele>32.8</ele>
        <time>2026-05-22T15:22:53.000Z</time>
      </trkpt>
      <trkpt lat="40.781477" lon="-73.96158">
        <ele>32.8</ele>
        <time>2026-05-22T15:22:54.000Z</time>
      </trkpt>
      <trkpt lat="40.781476" lon="-73.961567">
        <ele>32.6</ele>
        <time>2026-05-22T15:22:55.000Z</time>
      </trkpt>
      <trkpt lat="40.781475" lon="-73.961554">
        <ele>32.6</ele>
        <time>2026-05-22T15:22:56.000Z</time>
      </trkpt>
      <trkpt lat="40.781473" lon="-73.961541">
        <ele>32.6</ele>
        <time>2026-05-22T15:22:57.000Z</time>
      </trkpt>
      <trkpt lat="40.781472" lon="-73.961528">
        <ele>32.6</ele>
        <time>2026-05-22T15:22:58.000Z</time>
      </trkpt>
      <trkpt lat="40.78147" lon="-73.961515">
        <ele>32.6</ele>
        <time>2026-05-22T15:22:59.000Z</time>
      </trkpt>
      <trkpt lat="40.781467" lon="-73.961501">
        <ele>32.6</ele>
        <time>2026-05-22T15:23:00.000Z</time>
      </trkpt>
      <trkpt lat="40.781464" lon="-73.961488">
        <ele>32.6</ele>
        <time>2026-05-22T15:23:01.000Z</time>
      </trkpt>
      <trkpt lat="40.781461" lon="-73.961475">
        <ele>32.6</ele>
        <time>2026-05-22T15:23:02.000Z</time>
      </trkpt>
      <trkpt lat="40.781456" lon="-73.961463">
        <ele>32.4</ele>
        <time>2026-05-22T15:23:03.000Z</time>
      </trkpt>
      <trkpt lat="40.781449" lon="-73.961451">
        <ele>32.4</ele>
        <time>2026-05-22T15:23:04.000Z</time>
      </trkpt>
      <trkpt lat="40.78144" lon="-73.96144">
        <ele>32.4</ele>
        <time>2026-05-22T15:23:05.000Z</time>
      </trkpt>
      <trkpt lat="40.781429" lon="-73.961429">
        <ele>32.4</ele>
        <time>2026-05-22T15:23:06.000Z</time>
      </trkpt>
      <trkpt lat="40.781418" lon="-73.961418">
        <ele>32.4</ele>
        <time>2026-05-22T15:23:07.000Z</time>
      </trkpt>
      <trkpt lat="40.781406" lon="-73.961406">
        <ele>32.4</ele>
        <time>2026-05-22T15:23:08.000Z</time>
      </trkpt>
      <trkpt lat="40.781393" lon="-73.961395">
        <ele>32.4</ele>
        <time>2026-05-22T15:23:09.000Z</time>
      </trkpt>
      <trkpt lat="40.781381" lon="-73.961384">
        <ele>32.4</ele>
        <time>2026-05-22T15:23:10.000Z</time>
      </trkpt>
      <trkpt lat="40.781371" lon="-73.961374">
        <ele>32.4</ele>
        <time>2026-05-22T15:23:11.000Z</time>
      </trkpt>
      <trkpt lat="40.781363" lon="-73.961364">
        <ele>32.4</ele>
        <time>2026-05-22T15:23:12.000Z</time>
      </trkpt>
      <trkpt lat="40.781355" lon="-73.961354">
        <ele>32.2</ele>
        <time>2026-05-22T15:23:13.000Z</time>
      </trkpt>
      <trkpt lat="40.781347" lon="-73.961343">
        <ele>32.2</ele>
        <time>2026-05-22T15:23:14.000Z</time>
      </trkpt>
      <trkpt lat="40.781339" lon="-73.961332">
        <ele>32.2</ele>
        <time>2026-05-22T15:23:15.000Z</time>
      </trkpt>
      <trkpt lat="40.781332" lon="-73.96132">
        <ele>32.2</ele>
        <time>2026-05-22T15:23:16.000Z</time>
      </trkpt>
      <trkpt lat="40.781326" lon="-73.961309">
        <ele>32</ele>
        <time>2026-05-22T15:23:17.000Z</time>
      </trkpt>
      <trkpt lat="40.78132" lon="-73.961297">
        <ele>32</ele>
        <time>2026-05-22T15:23:18.000Z</time>
      </trkpt>
      <trkpt lat="40.781315" lon="-73.961285">
        <ele>32</ele>
        <time>2026-05-22T15:23:19.000Z</time>
      </trkpt>
      <trkpt lat="40.78131" lon="-73.961273">
        <ele>31.8</ele>
        <time>2026-05-22T15:23:20.000Z</time>
      </trkpt>
      <trkpt lat="40.781305" lon="-73.961261">
        <ele>31.8</ele>
        <time>2026-05-22T15:23:21.000Z</time>
      </trkpt>
      <trkpt lat="40.781299" lon="-73.961249">
        <ele>31.6</ele>
        <time>2026-05-22T15:23:22.000Z</time>
      </trkpt>
      <trkpt lat="40.781294" lon="-73.961236">
        <ele>31.6</ele>
        <time>2026-05-22T15:23:23.000Z</time>
      </trkpt>
      <trkpt lat="40.781289" lon="-73.961224">
        <ele>31.4</ele>
        <time>2026-05-22T15:23:24.000Z</time>
      </trkpt>
      <trkpt lat="40.781284" lon="-73.961212">
        <ele>31.4</ele>
        <time>2026-05-22T15:23:25.000Z</time>
      </trkpt>
      <trkpt lat="40.78128" lon="-73.961201">
        <ele>31.2</ele>
        <time>2026-05-22T15:23:26.000Z</time>
      </trkpt>
      <trkpt lat="40.781275" lon="-73.96119">
        <ele>31.2</ele>
        <time>2026-05-22T15:23:27.000Z</time>
      </trkpt>
      <trkpt lat="40.781271" lon="-73.961179">
        <ele>31</ele>
        <time>2026-05-22T15:23:28.000Z</time>
      </trkpt>
      <trkpt lat="40.781266" lon="-73.961167">
        <ele>31</ele>
        <time>2026-05-22T15:23:29.000Z</time>
      </trkpt>
      <trkpt lat="40.781262" lon="-73.961156">
        <ele>31</ele>
        <time>2026-05-22T15:23:30.000Z</time>
      </trkpt>
      <trkpt lat="40.781257" lon="-73.961145">
        <ele>30.8</ele>
        <time>2026-05-22T15:23:31.000Z</time>
      </trkpt>
      <trkpt lat="40.781253" lon="-73.961134">
        <ele>30.8</ele>
        <time>2026-05-22T15:23:32.000Z</time>
      </trkpt>
      <trkpt lat="40.781248" lon="-73.961122">
        <ele>30.8</ele>
        <time>2026-05-22T15:23:33.000Z</time>
      </trkpt>
      <trkpt lat="40.781242" lon="-73.96111">
        <ele>30.6</ele>
        <time>2026-05-22T15:23:34.000Z</time>
      </trkpt>
      <trkpt lat="40.781237" lon="-73.961098">
        <ele>30.6</ele>
        <time>2026-05-22T15:23:35.000Z</time>
      </trkpt>
      <trkpt lat="40.781231" lon="-73.961085">
        <ele>30.6</ele>
        <time>2026-05-22T15:23:36.000Z</time>
      </trkpt>
      <trkpt lat="40.781226" lon="-73.961073">
        <ele>30.6</ele>
        <time>2026-05-22T15:23:37.000Z</time>
      </trkpt>
      <trkpt lat="40.78122" lon="-73.96106">
        <ele>30.6</ele>
        <time>2026-05-22T15:23:38.000Z</time>
      </trkpt>
      <trkpt lat="40.781214" lon="-73.961047">
        <ele>30.4</ele>
        <time>2026-05-22T15:23:39.000Z</time>
      </trkpt>
      <trkpt lat="40.781208" lon="-73.961035">
        <ele>30.4</ele>
        <time>2026-05-22T15:23:40.000Z</time>
      </trkpt>
      <trkpt lat="40.781203" lon="-73.961024">
        <ele>30.4</ele>
        <time>2026-05-22T15:23:41.000Z</time>
      </trkpt>
      <trkpt lat="40.781197" lon="-73.961013">
        <ele>30.2</ele>
        <time>2026-05-22T15:23:42.000Z</time>
      </trkpt>
      <trkpt lat="40.781191" lon="-73.961">
        <ele>30.2</ele>
        <time>2026-05-22T15:23:43.000Z</time>
      </trkpt>
      <trkpt lat="40.781185" lon="-73.960989">
        <ele>30.2</ele>
        <time>2026-05-22T15:23:44.000Z</time>
      </trkpt>
      <trkpt lat="40.781179" lon="-73.960978">
        <ele>30</ele>
        <time>2026-05-22T15:23:45.000Z</time>
      </trkpt>
      <trkpt lat="40.781173" lon="-73.960967">
        <ele>30</ele>
        <time>2026-05-22T15:23:46.000Z</time>
      </trkpt>
      <trkpt lat="40.781167" lon="-73.960956">
        <ele>29.8</ele>
        <time>2026-05-22T15:23:47.000Z</time>
      </trkpt>
      <trkpt lat="40.781157" lon="-73.960937">
        <ele>29.8</ele>
        <time>2026-05-22T15:23:48.000Z</time>
      </trkpt>
      <trkpt lat="40.781153" lon="-73.960931">
        <ele>29.8</ele>
        <time>2026-05-22T15:23:49.000Z</time>
      </trkpt>
      <trkpt lat="40.781145" lon="-73.960919">
        <ele>29.6</ele>
        <time>2026-05-22T15:23:50.000Z</time>
      </trkpt>
      <trkpt lat="40.781137" lon="-73.960908">
        <ele>29.6</ele>
        <time>2026-05-22T15:23:51.000Z</time>
      </trkpt>
      <trkpt lat="40.781128" lon="-73.9609">
        <ele>29.6</ele>
        <time>2026-05-22T15:23:52.000Z</time>
      </trkpt>
      <trkpt lat="40.781112" lon="-73.960904">
        <ele>29.6</ele>
        <time>2026-05-22T15:23:53.000Z</time>
      </trkpt>
      <trkpt lat="40.781106" lon="-73.960908">
        <ele>29.6</ele>
        <time>2026-05-22T15:23:54.000Z</time>
      </trkpt>
      <trkpt lat="40.781099" lon="-73.960913">
        <ele>29.4</ele>
        <time>2026-05-22T15:23:55.000Z</time>
      </trkpt>
      <trkpt lat="40.781089" lon="-73.960922">
        <ele>29.4</ele>
        <time>2026-05-22T15:23:56.000Z</time>
      </trkpt>
      <trkpt lat="40.781078" lon="-73.96093">
        <ele>29.4</ele>
        <time>2026-05-22T15:23:57.000Z</time>
      </trkpt>
      <trkpt lat="40.781069" lon="-73.960937">
        <ele>29.4</ele>
        <time>2026-05-22T15:23:58.000Z</time>
      </trkpt>
      <trkpt lat="40.781059" lon="-73.960943">
        <ele>29.4</ele>
        <time>2026-05-22T15:23:59.000Z</time>
      </trkpt>
      <trkpt lat="40.78105" lon="-73.960948">
        <ele>29.4</ele>
        <time>2026-05-22T15:24:00.000Z</time>
      </trkpt>
      <trkpt lat="40.781035" lon="-73.960956">
        <ele>29.4</ele>
        <time>2026-05-22T15:24:01.000Z</time>
      </trkpt>
      <trkpt lat="40.781029" lon="-73.960958">
        <ele>29.4</ele>
        <time>2026-05-22T15:24:02.000Z</time>
      </trkpt>
      <trkpt lat="40.781018" lon="-73.960962">
        <ele>29.4</ele>
        <time>2026-05-22T15:24:03.000Z</time>
      </trkpt>
      <trkpt lat="40.781007" lon="-73.960966">
        <ele>29.4</ele>
        <time>2026-05-22T15:24:04.000Z</time>
      </trkpt>
      <trkpt lat="40.780996" lon="-73.960971">
        <ele>29.4</ele>
        <time>2026-05-22T15:24:05.000Z</time>
      </trkpt>
      <trkpt lat="40.780985" lon="-73.960975">
        <ele>29.4</ele>
        <time>2026-05-22T15:24:06.000Z</time>
      </trkpt>
      <trkpt lat="40.780974" lon="-73.96098">
        <ele>29.2</ele>
        <time>2026-05-22T15:24:07.000Z</time>
      </trkpt>
      <trkpt lat="40.780963" lon="-73.960984">
        <ele>29.2</ele>
        <time>2026-05-22T15:24:08.000Z</time>
      </trkpt>
      <trkpt lat="40.780953" lon="-73.960989">
        <ele>29.2</ele>
        <time>2026-05-22T15:24:09.000Z</time>
      </trkpt>
      <trkpt lat="40.780942" lon="-73.960994">
        <ele>29.2</ele>
        <time>2026-05-22T15:24:10.000Z</time>
      </trkpt>
      <trkpt lat="40.780932" lon="-73.961001">
        <ele>29.2</ele>
        <time>2026-05-22T15:24:11.000Z</time>
      </trkpt>
      <trkpt lat="40.78092" lon="-73.961008">
        <ele>29.2</ele>
        <time>2026-05-22T15:24:12.000Z</time>
      </trkpt>
      <trkpt lat="40.78091" lon="-73.961016">
        <ele>29.2</ele>
        <time>2026-05-22T15:24:13.000Z</time>
      </trkpt>
      <trkpt lat="40.780901" lon="-73.961025">
        <ele>29.2</ele>
        <time>2026-05-22T15:24:14.000Z</time>
      </trkpt>
      <trkpt lat="40.780892" lon="-73.961035">
        <ele>29.2</ele>
        <time>2026-05-22T15:24:15.000Z</time>
      </trkpt>
      <trkpt lat="40.780883" lon="-73.961044">
        <ele>29.2</ele>
        <time>2026-05-22T15:24:16.000Z</time>
      </trkpt>
      <trkpt lat="40.780875" lon="-73.961051">
        <ele>29.2</ele>
        <time>2026-05-22T15:24:17.000Z</time>
      </trkpt>
      <trkpt lat="40.780867" lon="-73.961057">
        <ele>29</ele>
        <time>2026-05-22T15:24:18.000Z</time>
      </trkpt>
      <trkpt lat="40.780859" lon="-73.961062">
        <ele>29</ele>
        <time>2026-05-22T15:24:19.000Z</time>
      </trkpt>
      <trkpt lat="40.780851" lon="-73.961067">
        <ele>29</ele>
        <time>2026-05-22T15:24:20.000Z</time>
      </trkpt>
      <trkpt lat="40.780843" lon="-73.961072">
        <ele>29</ele>
        <time>2026-05-22T15:24:21.000Z</time>
      </trkpt>
      <trkpt lat="40.780835" lon="-73.961078">
        <ele>29</ele>
        <time>2026-05-22T15:24:22.000Z</time>
      </trkpt>
      <trkpt lat="40.780827" lon="-73.961083">
        <ele>29</ele>
        <time>2026-05-22T15:24:23.000Z</time>
      </trkpt>
      <trkpt lat="40.780818" lon="-73.961089">
        <ele>29</ele>
        <time>2026-05-22T15:24:24.000Z</time>
      </trkpt>
      <trkpt lat="40.780809" lon="-73.961095">
        <ele>29</ele>
        <time>2026-05-22T15:24:25.000Z</time>
      </trkpt>
      <trkpt lat="40.7808" lon="-73.961101">
        <ele>29</ele>
        <time>2026-05-22T15:24:26.000Z</time>
      </trkpt>
      <trkpt lat="40.780791" lon="-73.961108">
        <ele>29</ele>
        <time>2026-05-22T15:24:27.000Z</time>
      </trkpt>
      <trkpt lat="40.780784" lon="-73.961116">
        <ele>29</ele>
        <time>2026-05-22T15:24:28.000Z</time>
      </trkpt>
      <trkpt lat="40.780775" lon="-73.961124">
        <ele>29</ele>
        <time>2026-05-22T15:24:29.000Z</time>
      </trkpt>
      <trkpt lat="40.780767" lon="-73.961132">
        <ele>29</ele>
        <time>2026-05-22T15:24:30.000Z</time>
      </trkpt>
      <trkpt lat="40.780759" lon="-73.961141">
        <ele>29</ele>
        <time>2026-05-22T15:24:31.000Z</time>
      </trkpt>
      <trkpt lat="40.780752" lon="-73.961151">
        <ele>29</ele>
        <time>2026-05-22T15:24:32.000Z</time>
      </trkpt>
      <trkpt lat="40.780746" lon="-73.961162">
        <ele>29</ele>
        <time>2026-05-22T15:24:33.000Z</time>
      </trkpt>
      <trkpt lat="40.780742" lon="-73.961175">
        <ele>28.8</ele>
        <time>2026-05-22T15:24:34.000Z</time>
      </trkpt>
      <trkpt lat="40.78074" lon="-73.961189">
        <ele>28.8</ele>
        <time>2026-05-22T15:24:35.000Z</time>
      </trkpt>
      <trkpt lat="40.780739" lon="-73.961205">
        <ele>28.8</ele>
        <time>2026-05-22T15:24:36.000Z</time>
      </trkpt>
      <trkpt lat="40.780744" lon="-73.961229">
        <ele>28.8</ele>
        <time>2026-05-22T15:24:37.000Z</time>
      </trkpt>
      <trkpt lat="40.780746" lon="-73.961238">
        <ele>28.6</ele>
        <time>2026-05-22T15:24:38.000Z</time>
      </trkpt>
      <trkpt lat="40.780752" lon="-73.961255">
        <ele>28.6</ele>
        <time>2026-05-22T15:24:39.000Z</time>
      </trkpt>
      <trkpt lat="40.780759" lon="-73.96127">
        <ele>28.6</ele>
        <time>2026-05-22T15:24:40.000Z</time>
      </trkpt>
      <trkpt lat="40.780767" lon="-73.961284">
        <ele>28.4</ele>
        <time>2026-05-22T15:24:41.000Z</time>
      </trkpt>
      <trkpt lat="40.780781" lon="-73.961301">
        <ele>28.4</ele>
        <time>2026-05-22T15:24:42.000Z</time>
      </trkpt>
      <trkpt lat="40.780786" lon="-73.961306">
        <ele>28.4</ele>
        <time>2026-05-22T15:24:43.000Z</time>
      </trkpt>
      <trkpt lat="40.780798" lon="-73.961316">
        <ele>28.4</ele>
        <time>2026-05-22T15:24:44.000Z</time>
      </trkpt>
      <trkpt lat="40.78081" lon="-73.961323">
        <ele>28.2</ele>
        <time>2026-05-22T15:24:45.000Z</time>
      </trkpt>
      <trkpt lat="40.780823" lon="-73.961328">
        <ele>28.2</ele>
        <time>2026-05-22T15:24:46.000Z</time>
      </trkpt>
      <trkpt lat="40.780835" lon="-73.961331">
        <ele>28.2</ele>
        <time>2026-05-22T15:24:47.000Z</time>
      </trkpt>
      <trkpt lat="40.780847" lon="-73.961335">
        <ele>28.2</ele>
        <time>2026-05-22T15:24:48.000Z</time>
      </trkpt>
      <trkpt lat="40.780859" lon="-73.961339">
        <ele>28.2</ele>
        <time>2026-05-22T15:24:49.000Z</time>
      </trkpt>
      <trkpt lat="40.78087" lon="-73.961346">
        <ele>28.2</ele>
        <time>2026-05-22T15:24:50.000Z</time>
      </trkpt>
      <trkpt lat="40.780879" lon="-73.961355">
        <ele>28.2</ele>
        <time>2026-05-22T15:24:51.000Z</time>
      </trkpt>
      <trkpt lat="40.780887" lon="-73.961366">
        <ele>28.4</ele>
        <time>2026-05-22T15:24:52.000Z</time>
      </trkpt>
      <trkpt lat="40.780894" lon="-73.961377">
        <ele>28.4</ele>
        <time>2026-05-22T15:24:53.000Z</time>
      </trkpt>
      <trkpt lat="40.7809" lon="-73.961388">
        <ele>28.4</ele>
        <time>2026-05-22T15:24:54.000Z</time>
      </trkpt>
      <trkpt lat="40.780905" lon="-73.961398">
        <ele>28.6</ele>
        <time>2026-05-22T15:24:55.000Z</time>
      </trkpt>
      <trkpt lat="40.780909" lon="-73.961409">
        <ele>28.6</ele>
        <time>2026-05-22T15:24:56.000Z</time>
      </trkpt>
      <trkpt lat="40.780912" lon="-73.96142">
        <ele>28.6</ele>
        <time>2026-05-22T15:24:57.000Z</time>
      </trkpt>
      <trkpt lat="40.780915" lon="-73.961429">
        <ele>28.6</ele>
        <time>2026-05-22T15:24:58.000Z</time>
      </trkpt>
      <trkpt lat="40.780918" lon="-73.961438">
        <ele>28.8</ele>
        <time>2026-05-22T15:24:59.000Z</time>
      </trkpt>
      <trkpt lat="40.780924" lon="-73.961451">
        <ele>28.8</ele>
        <time>2026-05-22T15:25:00.000Z</time>
      </trkpt>
      <trkpt lat="40.780925" lon="-73.961456">
        <ele>28.8</ele>
        <time>2026-05-22T15:25:01.000Z</time>
      </trkpt>
      <trkpt lat="40.780927" lon="-73.96146">
        <ele>28.8</ele>
        <time>2026-05-22T15:25:02.000Z</time>
      </trkpt>
      <trkpt lat="40.780929" lon="-73.961465">
        <ele>28.8</ele>
        <time>2026-05-22T15:25:03.000Z</time>
      </trkpt>
      <trkpt lat="40.78093" lon="-73.96147">
        <ele>28.8</ele>
        <time>2026-05-22T15:25:04.000Z</time>
      </trkpt>
      <trkpt lat="40.780932" lon="-73.961475">
        <ele>28.8</ele>
        <time>2026-05-22T15:25:05.000Z</time>
      </trkpt>
      <trkpt lat="40.780934" lon="-73.961479">
        <ele>28.8</ele>
        <time>2026-05-22T15:25:06.000Z</time>
      </trkpt>
      <trkpt lat="40.780936" lon="-73.961484">
        <ele>28.8</ele>
        <time>2026-05-22T15:25:07.000Z</time>
      </trkpt>
      <trkpt lat="40.780937" lon="-73.961489">
        <ele>28.8</ele>
        <time>2026-05-22T15:25:08.000Z</time>
      </trkpt>
      <trkpt lat="40.780939" lon="-73.961494">
        <ele>28.8</ele>
        <time>2026-05-22T15:25:09.000Z</time>
      </trkpt>
      <trkpt lat="40.780941" lon="-73.961498">
        <ele>29</ele>
        <time>2026-05-22T15:25:10.000Z</time>
      </trkpt>
      <trkpt lat="40.780942" lon="-73.961503">
        <ele>29</ele>
        <time>2026-05-22T15:25:11.000Z</time>
      </trkpt>
      <trkpt lat="40.780944" lon="-73.961508">
        <ele>29</ele>
        <time>2026-05-22T15:25:12.000Z</time>
      </trkpt>
      <trkpt lat="40.780948" lon="-73.961516">
        <ele>29</ele>
        <time>2026-05-22T15:25:13.000Z</time>
      </trkpt>
      <trkpt lat="40.780953" lon="-73.961521">
        <ele>29</ele>
        <time>2026-05-22T15:25:14.000Z</time>
      </trkpt>
      <trkpt lat="40.780957" lon="-73.961524">
        <ele>29</ele>
        <time>2026-05-22T15:25:15.000Z</time>
      </trkpt>
      <trkpt lat="40.780961" lon="-73.961524">
        <ele>29</ele>
        <time>2026-05-22T15:25:16.000Z</time>
      </trkpt>
      <trkpt lat="40.780966" lon="-73.961522">
        <ele>29.2</ele>
        <time>2026-05-22T15:25:17.000Z</time>
      </trkpt>
      <trkpt lat="40.780971" lon="-73.961521">
        <ele>29.2</ele>
        <time>2026-05-22T15:25:18.000Z</time>
      </trkpt>
      <trkpt lat="40.780975" lon="-73.961521">
        <ele>29.2</ele>
        <time>2026-05-22T15:25:19.000Z</time>
      </trkpt>
      <trkpt lat="40.780977" lon="-73.961521">
        <ele>29.2</ele>
        <time>2026-05-22T15:25:20.000Z</time>
      </trkpt>
      <trkpt lat="40.780977" lon="-73.961521">
        <ele>29.2</ele>
        <time>2026-05-22T15:25:21.000Z</time>
      </trkpt>
      <trkpt lat="40.780977" lon="-73.961522">
        <ele>29.2</ele>
        <time>2026-05-22T15:25:22.000Z</time>
      </trkpt>
      <trkpt lat="40.780976" lon="-73.961523">
        <ele>29.2</ele>
        <time>2026-05-22T15:25:23.000Z</time>
      </trkpt>
      <trkpt lat="40.780975" lon="-73.961523">
        <ele>29.2</ele>
        <time>2026-05-22T15:25:24.000Z</time>
      </trkpt>
      <trkpt lat="40.780974" lon="-73.961524">
        <ele>29.2</ele>
        <time>2026-05-22T15:25:25.000Z</time>
      </trkpt>
      <trkpt lat="40.780975" lon="-73.961523">
        <ele>29.2</ele>
        <time>2026-05-22T15:25:26.000Z</time>
      </trkpt>
      <trkpt lat="40.780975" lon="-73.961523">
        <ele>29.4</ele>
        <time>2026-05-22T15:25:27.000Z</time>
      </trkpt>
      <trkpt lat="40.780976" lon="-73.961522">
        <ele>29.4</ele>
        <time>2026-05-22T15:25:28.000Z</time>
      </trkpt>
      <trkpt lat="40.780978" lon="-73.961521">
        <ele>29.4</ele>
        <time>2026-05-22T15:25:29.000Z</time>
      </trkpt>
      <trkpt lat="40.780979" lon="-73.96152">
        <ele>29.4</ele>
        <time>2026-05-22T15:25:30.000Z</time>
      </trkpt>
      <trkpt lat="40.780979" lon="-73.961519">
        <ele>29.4</ele>
        <time>2026-05-22T15:25:31.000Z</time>
      </trkpt>
      <trkpt lat="40.78098" lon="-73.961519">
        <ele>29.4</ele>
        <time>2026-05-22T15:25:32.000Z</time>
      </trkpt>
      <trkpt lat="40.780979" lon="-73.961518">
        <ele>29.6</ele>
        <time>2026-05-22T15:25:33.000Z</time>
      </trkpt>
      <trkpt lat="40.780978" lon="-73.961518">
        <ele>29.6</ele>
        <time>2026-05-22T15:25:34.000Z</time>
      </trkpt>
      <trkpt lat="40.780976" lon="-73.961518">
        <ele>29.6</ele>
        <time>2026-05-22T15:25:35.000Z</time>
      </trkpt>
      <trkpt lat="40.780973" lon="-73.961517">
        <ele>29.6</ele>
        <time>2026-05-22T15:25:36.000Z</time>
      </trkpt>
      <trkpt lat="40.78097" lon="-73.961516">
        <ele>29.6</ele>
        <time>2026-05-22T15:25:37.000Z</time>
      </trkpt>
      <trkpt lat="40.780967" lon="-73.961516">
        <ele>29.8</ele>
        <time>2026-05-22T15:25:38.000Z</time>
      </trkpt>
      <trkpt lat="40.780965" lon="-73.961515">
        <ele>29.8</ele>
        <time>2026-05-22T15:25:39.000Z</time>
      </trkpt>
      <trkpt lat="40.780963" lon="-73.961515">
        <ele>29.8</ele>
        <time>2026-05-22T15:25:40.000Z</time>
      </trkpt>
      <trkpt lat="40.780962" lon="-73.961514">
        <ele>29.8</ele>
        <time>2026-05-22T15:25:41.000Z</time>
      </trkpt>
      <trkpt lat="40.780961" lon="-73.961514">
        <ele>29.8</ele>
        <time>2026-05-22T15:25:42.000Z</time>
      </trkpt>
      <trkpt lat="40.780961" lon="-73.961514">
        <ele>29.8</ele>
        <time>2026-05-22T15:25:43.000Z</time>
      </trkpt>
      <trkpt lat="40.780962" lon="-73.961514">
        <ele>29.8</ele>
        <time>2026-05-22T15:25:44.000Z</time>
      </trkpt>
      <trkpt lat="40.780963" lon="-73.961513">
        <ele>29.8</ele>
        <time>2026-05-22T15:25:45.000Z</time>
      </trkpt>
      <trkpt lat="40.780964" lon="-73.961513">
        <ele>29.8</ele>
        <time>2026-05-22T15:25:46.000Z</time>
      </trkpt>
      <trkpt lat="40.780965" lon="-73.961513">
        <ele>29.8</ele>
        <time>2026-05-22T15:25:47.000Z</time>
      </trkpt>
      <trkpt lat="40.780967" lon="-73.961513">
        <ele>29.8</ele>
        <time>2026-05-22T15:25:48.000Z</time>
      </trkpt>
      <trkpt lat="40.780969" lon="-73.961512">
        <ele>29.8</ele>
        <time>2026-05-22T15:25:49.000Z</time>
      </trkpt>
      <trkpt lat="40.78097" lon="-73.961511">
        <ele>29.8</ele>
        <time>2026-05-22T15:25:50.000Z</time>
      </trkpt>
      <trkpt lat="40.780972" lon="-73.961511">
        <ele>29.8</ele>
        <time>2026-05-22T15:25:51.000Z</time>
      </trkpt>
      <trkpt lat="40.780972" lon="-73.96151">
        <ele>29.8</ele>
        <time>2026-05-22T15:25:52.000Z</time>
      </trkpt>
      <trkpt lat="40.780973" lon="-73.961509">
        <ele>29.8</ele>
        <time>2026-05-22T15:25:53.000Z</time>
      </trkpt>
      <trkpt lat="40.780973" lon="-73.961508">
        <ele>29.8</ele>
        <time>2026-05-22T15:25:54.000Z</time>
      </trkpt>
      <trkpt lat="40.780973" lon="-73.961507">
        <ele>29.8</ele>
        <time>2026-05-22T15:25:55.000Z</time>
      </trkpt>
      <trkpt lat="40.780973" lon="-73.961506">
        <ele>29.8</ele>
        <time>2026-05-22T15:25:56.000Z</time>
      </trkpt>
      <trkpt lat="40.780973" lon="-73.961504">
        <ele>29.6</ele>
        <time>2026-05-22T15:25:57.000Z</time>
      </trkpt>
      <trkpt lat="40.780973" lon="-73.961502">
        <ele>29.4</ele>
        <time>2026-05-22T15:25:58.000Z</time>
      </trkpt>
      <trkpt lat="40.780973" lon="-73.961498">
        <ele>29.4</ele>
        <time>2026-05-22T15:25:59.000Z</time>
      </trkpt>
      <trkpt lat="40.780973" lon="-73.961495">
        <ele>29</ele>
        <time>2026-05-22T15:26:00.000Z</time>
      </trkpt>
      <trkpt lat="40.780973" lon="-73.96149">
        <ele>28.8</ele>
        <time>2026-05-22T15:26:01.000Z</time>
      </trkpt>
      <trkpt lat="40.780973" lon="-73.961484">
        <ele>28.4</ele>
        <time>2026-05-22T15:26:02.000Z</time>
      </trkpt>
      <trkpt lat="40.780973" lon="-73.961478">
        <ele>27.8</ele>
        <time>2026-05-22T15:26:03.000Z</time>
      </trkpt>
      <trkpt lat="40.780973" lon="-73.961478">
        <ele>27.8</ele>
        <time>2026-05-22T15:26:05.000Z</time>
      </trkpt>
      <trkpt lat="40.780973" lon="-73.961478">
        <ele>27.8</ele>
        <time>2026-05-22T15:26:08.000Z</time>
      </trkpt>
      <trkpt lat="40.780973" lon="-73.961478">
        <ele>27.8</ele>
        <time>2026-05-22T15:26:15.000Z</time>
      </trkpt>
      <trkpt lat="40.780973" lon="-73.961478">
        <ele>27.8</ele>
        <time>2026-05-22T15:26:18.000Z</time>
      </trkpt>
      <trkpt lat="40.780973" lon="-73.961478">
        <ele>27.8</ele>
        <time>2026-05-22T15:26:23.000Z</time>
      </trkpt>
      <trkpt lat="40.780973" lon="-73.961478">
        <ele>27.8</ele>
        <time>2026-05-22T15:26:28.000Z</time>
      </trkpt>
      <trkpt lat="40.780973" lon="-73.961478">
        <ele>27.8</ele>
        <time>2026-05-22T15:26:37.000Z</time>
      </trkpt>
      <trkpt lat="40.780973" lon="-73.961478">
        <ele>27.8</ele>
        <time>2026-05-22T15:26:38.000Z</time>
      </trkpt>
      <trkpt lat="40.780973" lon="-73.961478">
        <ele>27.8</ele>
        <time>2026-05-22T15:26:47.000Z</time>
      </trkpt>
      <trkpt lat="40.780973" lon="-73.961478">
        <ele>27.8</ele>
        <time>2026-05-22T15:26:48.000Z</time>
      </trkpt>
      <trkpt lat="40.780973" lon="-73.961478">
        <ele>27.8</ele>
        <time>2026-05-22T15:26:55.000Z</time>
      </trkpt>
      <trkpt lat="40.780973" lon="-73.961478">
        <ele>27.8</ele>
        <time>2026-05-22T15:26:58.000Z</time>
      </trkpt>
      <trkpt lat="40.780973" lon="-73.961478">
        <ele>27.8</ele>
        <time>2026-05-22T15:27:05.000Z</time>
      </trkpt>
      <trkpt lat="40.780973" lon="-73.961478">
        <ele>27.8</ele>
        <time>2026-05-22T15:27:08.000Z</time>
      </trkpt>
      <trkpt lat="40.780973" lon="-73.961478">
        <ele>27.8</ele>
        <time>2026-05-22T15:27:15.000Z</time>
      </trkpt>
      <trkpt lat="40.780973" lon="-73.961478">
        <ele>27.8</ele>
        <time>2026-05-22T15:27:18.000Z</time>
      </trkpt>
      <trkpt lat="40.780973" lon="-73.961478">
        <ele>27.8</ele>
        <time>2026-05-22T15:27:25.000Z</time>
      </trkpt>
      <trkpt lat="40.780973" lon="-73.961478">
        <ele>27.8</ele>
        <time>2026-05-22T15:27:28.000Z</time>
      </trkpt>
      <trkpt lat="40.780973" lon="-73.961478">
        <ele>27.8</ele>
        <time>2026-05-22T15:27:33.000Z</time>
      </trkpt>
      <trkpt lat="40.780973" lon="-73.961478">
        <ele>27.8</ele>
        <time>2026-05-22T15:27:38.000Z</time>
      </trkpt>
      <trkpt lat="40.780973" lon="-73.961478">
        <ele>27.8</ele>
        <time>2026-05-22T15:27:43.000Z</time>
      </trkpt>
      <trkpt lat="40.780973" lon="-73.961478">
        <ele>27.8</ele>
        <time>2026-05-22T15:27:48.000Z</time>
      </trkpt>
      <trkpt lat="40.780973" lon="-73.961478">
        <ele>27.8</ele>
        <time>2026-05-22T15:27:53.000Z</time>
      </trkpt>
      <trkpt lat="40.780973" lon="-73.961478">
        <ele>27.8</ele>
        <time>2026-05-22T15:27:58.000Z</time>
      </trkpt>
      <trkpt lat="40.780973" lon="-73.961478">
        <ele>27.8</ele>
        <time>2026-05-22T15:28:07.000Z</time>
      </trkpt>
      <trkpt lat="40.780973" lon="-73.961478">
        <ele>27.8</ele>
        <time>2026-05-22T15:28:08.000Z</time>
      </trkpt>
      <trkpt lat="40.780973" lon="-73.961478">
        <ele>27.8</ele>
        <time>2026-05-22T15:28:13.000Z</time>
      </trkpt>
      <trkpt lat="40.780973" lon="-73.961478">
        <ele>27.8</ele>
        <time>2026-05-22T15:28:18.000Z</time>
      </trkpt>
      <trkpt lat="40.780973" lon="-73.961478">
        <ele>27.8</ele>
        <time>2026-05-22T15:28:25.000Z</time>
      </trkpt>
      <trkpt lat="40.780973" lon="-73.961478">
        <ele>27.8</ele>
        <time>2026-05-22T15:28:30.000Z</time>
      </trkpt>
      <trkpt lat="40.780973" lon="-73.961478">
        <ele>27.8</ele>
        <time>2026-05-22T15:28:33.000Z</time>
      </trkpt>
      <trkpt lat="40.780973" lon="-73.961478">
        <ele>27.8</ele>
        <time>2026-05-22T15:28:35.000Z</time>
      </trkpt>
      <trkpt lat="40.780973" lon="-73.961478">
        <ele>27.8</ele>
        <time>2026-05-22T15:28:38.000Z</time>
      </trkpt>
      <trkpt lat="40.780973" lon="-73.961478">
        <ele>27.8</ele>
        <time>2026-05-22T15:28:43.000Z</time>
      </trkpt>
      <trkpt lat="40.780973" lon="-73.961478">
        <ele>27.8</ele>
        <time>2026-05-22T15:28:45.000Z</time>
      </trkpt>
      <trkpt lat="40.780973" lon="-73.961478">
        <ele>27.8</ele>
        <time>2026-05-22T15:28:47.000Z</time>
      </trkpt>
      <trkpt lat="40.780973" lon="-73.961478">
        <ele>27.8</ele>
        <time>2026-05-22T15:28:48.000Z</time>
      </trkpt>
      <trkpt lat="40.780973" lon="-73.961478">
        <ele>27.8</ele>
        <time>2026-05-22T15:28:50.000Z</time>
      </trkpt>
      <trkpt lat="40.780973" lon="-73.961478">
        <ele>27.8</ele>
        <time>2026-05-22T15:28:51.000Z</time>
      </trkpt>
      <trkpt lat="40.780973" lon="-73.961478">
        <ele>27.8</ele>
        <time>2026-05-22T15:28:55.000Z</time>
      </trkpt>
      <trkpt lat="40.780973" lon="-73.961478">
        <ele>27.8</ele>
        <time>2026-05-22T15:28:56.000Z</time>
      </trkpt>
      <trkpt lat="40.780975" lon="-73.961474">
        <ele>27.8</ele>
        <time>2026-05-22T15:28:58.000Z</time>
      </trkpt>
      <trkpt lat="40.780977" lon="-73.961469">
        <ele>27.8</ele>
        <time>2026-05-22T15:29:01.000Z</time>
      </trkpt>
      <trkpt lat="40.780979" lon="-73.961465">
        <ele>31.2</ele>
        <time>2026-05-22T15:29:02.000Z</time>
      </trkpt>
      <trkpt lat="40.780982" lon="-73.96146">
        <ele>30.8</ele>
        <time>2026-05-22T15:29:03.000Z</time>
      </trkpt>
      <trkpt lat="40.780984" lon="-73.961456">
        <ele>30.4</ele>
        <time>2026-05-22T15:29:04.000Z</time>
      </trkpt>
      <trkpt lat="40.780986" lon="-73.961451">
        <ele>30.2</ele>
        <time>2026-05-22T15:29:05.000Z</time>
      </trkpt>
      <trkpt lat="40.780988" lon="-73.961447">
        <ele>30</ele>
        <time>2026-05-22T15:29:06.000Z</time>
      </trkpt>
      <trkpt lat="40.780985" lon="-73.961437">
        <ele>29.8</ele>
        <time>2026-05-22T15:29:07.000Z</time>
      </trkpt>
      <trkpt lat="40.780982" lon="-73.961425">
        <ele>29.6</ele>
        <time>2026-05-22T15:29:08.000Z</time>
      </trkpt>
      <trkpt lat="40.780976" lon="-73.961413">
        <ele>29.6</ele>
        <time>2026-05-22T15:29:09.000Z</time>
      </trkpt>
      <trkpt lat="40.780969" lon="-73.961401">
        <ele>29.4</ele>
        <time>2026-05-22T15:29:10.000Z</time>
      </trkpt>
      <trkpt lat="40.78096" lon="-73.961389">
        <ele>29.4</ele>
        <time>2026-05-22T15:29:11.000Z</time>
      </trkpt>
      <trkpt lat="40.78095" lon="-73.961379">
        <ele>29.4</ele>
        <time>2026-05-22T15:29:12.000Z</time>
      </trkpt>
      <trkpt lat="40.78094" lon="-73.961369">
        <ele>29.4</ele>
        <time>2026-05-22T15:29:13.000Z</time>
      </trkpt>
      <trkpt lat="40.780929" lon="-73.961358">
        <ele>29.2</ele>
        <time>2026-05-22T15:29:14.000Z</time>
      </trkpt>
      <trkpt lat="40.780918" lon="-73.961348">
        <ele>29.2</ele>
        <time>2026-05-22T15:29:15.000Z</time>
      </trkpt>
      <trkpt lat="40.780908" lon="-73.961341">
        <ele>29.2</ele>
        <time>2026-05-22T15:29:16.000Z</time>
      </trkpt>
      <trkpt lat="40.780898" lon="-73.961335">
        <ele>29.2</ele>
        <time>2026-05-22T15:29:17.000Z</time>
      </trkpt>
      <trkpt lat="40.780888" lon="-73.961332">
        <ele>29</ele>
        <time>2026-05-22T15:29:18.000Z</time>
      </trkpt>
      <trkpt lat="40.780879" lon="-73.96133">
        <ele>29</ele>
        <time>2026-05-22T15:29:19.000Z</time>
      </trkpt>
      <trkpt lat="40.780869" lon="-73.961328">
        <ele>29</ele>
        <time>2026-05-22T15:29:20.000Z</time>
      </trkpt>
      <trkpt lat="40.780858" lon="-73.961327">
        <ele>28.8</ele>
        <time>2026-05-22T15:29:21.000Z</time>
      </trkpt>
      <trkpt lat="40.780838" lon="-73.961325">
        <ele>28.8</ele>
        <time>2026-05-22T15:29:22.000Z</time>
      </trkpt>
      <trkpt lat="40.780829" lon="-73.961324">
        <ele>28.6</ele>
        <time>2026-05-22T15:29:23.000Z</time>
      </trkpt>
      <trkpt lat="40.780821" lon="-73.961322">
        <ele>28.6</ele>
        <time>2026-05-22T15:29:24.000Z</time>
      </trkpt>
      <trkpt lat="40.78081" lon="-73.961318">
        <ele>28.6</ele>
        <time>2026-05-22T15:29:25.000Z</time>
      </trkpt>
      <trkpt lat="40.780802" lon="-73.961312">
        <ele>28.6</ele>
        <time>2026-05-22T15:29:26.000Z</time>
      </trkpt>
      <trkpt lat="40.780796" lon="-73.961304">
        <ele>28.4</ele>
        <time>2026-05-22T15:29:27.000Z</time>
      </trkpt>
      <trkpt lat="40.78079" lon="-73.961295">
        <ele>28.4</ele>
        <time>2026-05-22T15:29:28.000Z</time>
      </trkpt>
      <trkpt lat="40.780784" lon="-73.961285">
        <ele>28.4</ele>
        <time>2026-05-22T15:29:29.000Z</time>
      </trkpt>
      <trkpt lat="40.780779" lon="-73.961272">
        <ele>28.4</ele>
        <time>2026-05-22T15:29:30.000Z</time>
      </trkpt>
      <trkpt lat="40.780776" lon="-73.961259">
        <ele>28.4</ele>
        <time>2026-05-22T15:29:31.000Z</time>
      </trkpt>
      <trkpt lat="40.780774" lon="-73.961247">
        <ele>28.4</ele>
        <time>2026-05-22T15:29:32.000Z</time>
      </trkpt>
      <trkpt lat="40.780774" lon="-73.961235">
        <ele>28.6</ele>
        <time>2026-05-22T15:29:33.000Z</time>
      </trkpt>
      <trkpt lat="40.780777" lon="-73.96122">
        <ele>28.6</ele>
        <time>2026-05-22T15:29:34.000Z</time>
      </trkpt>
      <trkpt lat="40.78078" lon="-73.961205">
        <ele>28.6</ele>
        <time>2026-05-22T15:29:35.000Z</time>
      </trkpt>
      <trkpt lat="40.780786" lon="-73.961189">
        <ele>28.6</ele>
        <time>2026-05-22T15:29:36.000Z</time>
      </trkpt>
      <trkpt lat="40.780794" lon="-73.961175">
        <ele>28.6</ele>
        <time>2026-05-22T15:29:37.000Z</time>
      </trkpt>
      <trkpt lat="40.780803" lon="-73.961163">
        <ele>28.8</ele>
        <time>2026-05-22T15:29:38.000Z</time>
      </trkpt>
      <trkpt lat="40.780812" lon="-73.961151">
        <ele>28.8</ele>
        <time>2026-05-22T15:29:39.000Z</time>
      </trkpt>
      <trkpt lat="40.78082" lon="-73.961141">
        <ele>28.8</ele>
        <time>2026-05-22T15:29:40.000Z</time>
      </trkpt>
      <trkpt lat="40.780829" lon="-73.961132">
        <ele>28.8</ele>
        <time>2026-05-22T15:29:41.000Z</time>
      </trkpt>
      <trkpt lat="40.780837" lon="-73.961124">
        <ele>28.8</ele>
        <time>2026-05-22T15:29:42.000Z</time>
      </trkpt>
      <trkpt lat="40.780845" lon="-73.961118">
        <ele>28.8</ele>
        <time>2026-05-22T15:29:43.000Z</time>
      </trkpt>
      <trkpt lat="40.780853" lon="-73.961112">
        <ele>28.8</ele>
        <time>2026-05-22T15:29:44.000Z</time>
      </trkpt>
      <trkpt lat="40.78086" lon="-73.961107">
        <ele>28.8</ele>
        <time>2026-05-22T15:29:45.000Z</time>
      </trkpt>
      <trkpt lat="40.780867" lon="-73.961103">
        <ele>28.8</ele>
        <time>2026-05-22T15:29:46.000Z</time>
      </trkpt>
      <trkpt lat="40.780874" lon="-73.9611">
        <ele>28.8</ele>
        <time>2026-05-22T15:29:47.000Z</time>
      </trkpt>
      <trkpt lat="40.78088" lon="-73.961097">
        <ele>28.8</ele>
        <time>2026-05-22T15:29:48.000Z</time>
      </trkpt>
      <trkpt lat="40.780885" lon="-73.961093">
        <ele>28.8</ele>
        <time>2026-05-22T15:29:49.000Z</time>
      </trkpt>
      <trkpt lat="40.780892" lon="-73.961087">
        <ele>28.8</ele>
        <time>2026-05-22T15:29:50.000Z</time>
      </trkpt>
      <trkpt lat="40.780899" lon="-73.961078">
        <ele>28.8</ele>
        <time>2026-05-22T15:29:51.000Z</time>
      </trkpt>
      <trkpt lat="40.780907" lon="-73.961067">
        <ele>28.8</ele>
        <time>2026-05-22T15:29:52.000Z</time>
      </trkpt>
      <trkpt lat="40.780915" lon="-73.961056">
        <ele>28.8</ele>
        <time>2026-05-22T15:29:53.000Z</time>
      </trkpt>
      <trkpt lat="40.780923" lon="-73.961044">
        <ele>28.8</ele>
        <time>2026-05-22T15:29:54.000Z</time>
      </trkpt>
      <trkpt lat="40.780931" lon="-73.961033">
        <ele>28.8</ele>
        <time>2026-05-22T15:29:55.000Z</time>
      </trkpt>
      <trkpt lat="40.780938" lon="-73.961024">
        <ele>28.8</ele>
        <time>2026-05-22T15:29:56.000Z</time>
      </trkpt>
      <trkpt lat="40.780946" lon="-73.961016">
        <ele>28.8</ele>
        <time>2026-05-22T15:29:57.000Z</time>
      </trkpt>
      <trkpt lat="40.780954" lon="-73.961011">
        <ele>28.8</ele>
        <time>2026-05-22T15:29:58.000Z</time>
      </trkpt>
      <trkpt lat="40.780964" lon="-73.961006">
        <ele>28.8</ele>
        <time>2026-05-22T15:29:59.000Z</time>
      </trkpt>
      <trkpt lat="40.780976" lon="-73.961003">
        <ele>28.8</ele>
        <time>2026-05-22T15:30:00.000Z</time>
      </trkpt>
      <trkpt lat="40.780987" lon="-73.960999">
        <ele>28.8</ele>
        <time>2026-05-22T15:30:01.000Z</time>
      </trkpt>
      <trkpt lat="40.780997" lon="-73.960995">
        <ele>28.8</ele>
        <time>2026-05-22T15:30:02.000Z</time>
      </trkpt>
      <trkpt lat="40.781006" lon="-73.960991">
        <ele>28.8</ele>
        <time>2026-05-22T15:30:03.000Z</time>
      </trkpt>
      <trkpt lat="40.781014" lon="-73.960986">
        <ele>28.8</ele>
        <time>2026-05-22T15:30:04.000Z</time>
      </trkpt>
      <trkpt lat="40.781021" lon="-73.960981">
        <ele>28.8</ele>
        <time>2026-05-22T15:30:05.000Z</time>
      </trkpt>
      <trkpt lat="40.781028" lon="-73.960976">
        <ele>28.8</ele>
        <time>2026-05-22T15:30:06.000Z</time>
      </trkpt>
      <trkpt lat="40.781037" lon="-73.960969">
        <ele>28.8</ele>
        <time>2026-05-22T15:30:07.000Z</time>
      </trkpt>
      <trkpt lat="40.781046" lon="-73.960961">
        <ele>28.8</ele>
        <time>2026-05-22T15:30:08.000Z</time>
      </trkpt>
      <trkpt lat="40.781056" lon="-73.960954">
        <ele>28.8</ele>
        <time>2026-05-22T15:30:09.000Z</time>
      </trkpt>
      <trkpt lat="40.781067" lon="-73.960947">
        <ele>28.8</ele>
        <time>2026-05-22T15:30:10.000Z</time>
      </trkpt>
      <trkpt lat="40.781078" lon="-73.96094">
        <ele>28.8</ele>
        <time>2026-05-22T15:30:11.000Z</time>
      </trkpt>
      <trkpt lat="40.781088" lon="-73.960936">
        <ele>28.8</ele>
        <time>2026-05-22T15:30:12.000Z</time>
      </trkpt>
      <trkpt lat="40.781099" lon="-73.960932">
        <ele>28.8</ele>
        <time>2026-05-22T15:30:13.000Z</time>
      </trkpt>
      <trkpt lat="40.781109" lon="-73.960931">
        <ele>28.8</ele>
        <time>2026-05-22T15:30:14.000Z</time>
      </trkpt>
      <trkpt lat="40.781117" lon="-73.960932">
        <ele>28.8</ele>
        <time>2026-05-22T15:30:15.000Z</time>
      </trkpt>
      <trkpt lat="40.781124" lon="-73.960937">
        <ele>28.8</ele>
        <time>2026-05-22T15:30:16.000Z</time>
      </trkpt>
      <trkpt lat="40.781131" lon="-73.960944">
        <ele>28.8</ele>
        <time>2026-05-22T15:30:17.000Z</time>
      </trkpt>
      <trkpt lat="40.781137" lon="-73.960953">
        <ele>28.8</ele>
        <time>2026-05-22T15:30:18.000Z</time>
      </trkpt>
      <trkpt lat="40.781143" lon="-73.960963">
        <ele>28.8</ele>
        <time>2026-05-22T15:30:19.000Z</time>
      </trkpt>
      <trkpt lat="40.781148" lon="-73.960974">
        <ele>28.8</ele>
        <time>2026-05-22T15:30:20.000Z</time>
      </trkpt>
      <trkpt lat="40.781154" lon="-73.960984">
        <ele>28.8</ele>
        <time>2026-05-22T15:30:21.000Z</time>
      </trkpt>
      <trkpt lat="40.78116" lon="-73.960994">
        <ele>28.8</ele>
        <time>2026-05-22T15:30:22.000Z</time>
      </trkpt>
      <trkpt lat="40.781166" lon="-73.961003">
        <ele>29</ele>
        <time>2026-05-22T15:30:23.000Z</time>
      </trkpt>
      <trkpt lat="40.781172" lon="-73.961012">
        <ele>29</ele>
        <time>2026-05-22T15:30:24.000Z</time>
      </trkpt>
      <trkpt lat="40.781179" lon="-73.961021">
        <ele>29</ele>
        <time>2026-05-22T15:30:25.000Z</time>
      </trkpt>
      <trkpt lat="40.781186" lon="-73.96103">
        <ele>29</ele>
        <time>2026-05-22T15:30:26.000Z</time>
      </trkpt>
      <trkpt lat="40.781192" lon="-73.96104">
        <ele>29.2</ele>
        <time>2026-05-22T15:30:27.000Z</time>
      </trkpt>
      <trkpt lat="40.781199" lon="-73.96105">
        <ele>29.2</ele>
        <time>2026-05-22T15:30:28.000Z</time>
      </trkpt>
      <trkpt lat="40.781205" lon="-73.96106">
        <ele>29.4</ele>
        <time>2026-05-22T15:30:29.000Z</time>
      </trkpt>
      <trkpt lat="40.781211" lon="-73.961071">
        <ele>29.4</ele>
        <time>2026-05-22T15:30:30.000Z</time>
      </trkpt>
      <trkpt lat="40.781217" lon="-73.961081">
        <ele>29.4</ele>
        <time>2026-05-22T15:30:31.000Z</time>
      </trkpt>
      <trkpt lat="40.781222" lon="-73.961091">
        <ele>29.6</ele>
        <time>2026-05-22T15:30:32.000Z</time>
      </trkpt>
      <trkpt lat="40.781227" lon="-73.961102">
        <ele>29.6</ele>
        <time>2026-05-22T15:30:33.000Z</time>
      </trkpt>
      <trkpt lat="40.781232" lon="-73.961113">
        <ele>29.6</ele>
        <time>2026-05-22T15:30:34.000Z</time>
      </trkpt>
      <trkpt lat="40.781237" lon="-73.961124">
        <ele>29.8</ele>
        <time>2026-05-22T15:30:35.000Z</time>
      </trkpt>
      <trkpt lat="40.781242" lon="-73.961135">
        <ele>29.8</ele>
        <time>2026-05-22T15:30:36.000Z</time>
      </trkpt>
      <trkpt lat="40.781246" lon="-73.961146">
        <ele>29.8</ele>
        <time>2026-05-22T15:30:37.000Z</time>
      </trkpt>
      <trkpt lat="40.781251" lon="-73.961157">
        <ele>29.8</ele>
        <time>2026-05-22T15:30:38.000Z</time>
      </trkpt>
      <trkpt lat="40.781256" lon="-73.96117">
        <ele>30</ele>
        <time>2026-05-22T15:30:39.000Z</time>
      </trkpt>
      <trkpt lat="40.781262" lon="-73.961183">
        <ele>30</ele>
        <time>2026-05-22T15:30:40.000Z</time>
      </trkpt>
      <trkpt lat="40.781267" lon="-73.961196">
        <ele>30</ele>
        <time>2026-05-22T15:30:41.000Z</time>
      </trkpt>
      <trkpt lat="40.781272" lon="-73.961208">
        <ele>30</ele>
        <time>2026-05-22T15:30:42.000Z</time>
      </trkpt>
      <trkpt lat="40.781276" lon="-73.96122">
        <ele>30.2</ele>
        <time>2026-05-22T15:30:43.000Z</time>
      </trkpt>
      <trkpt lat="40.781281" lon="-73.961233">
        <ele>30.2</ele>
        <time>2026-05-22T15:30:44.000Z</time>
      </trkpt>
      <trkpt lat="40.781286" lon="-73.961246">
        <ele>30.2</ele>
        <time>2026-05-22T15:30:45.000Z</time>
      </trkpt>
      <trkpt lat="40.781291" lon="-73.961258">
        <ele>30.4</ele>
        <time>2026-05-22T15:30:46.000Z</time>
      </trkpt>
      <trkpt lat="40.781295" lon="-73.961269">
        <ele>30.4</ele>
        <time>2026-05-22T15:30:47.000Z</time>
      </trkpt>
      <trkpt lat="40.7813" lon="-73.961281">
        <ele>30.4</ele>
        <time>2026-05-22T15:30:48.000Z</time>
      </trkpt>
      <trkpt lat="40.781304" lon="-73.961294">
        <ele>30.6</ele>
        <time>2026-05-22T15:30:49.000Z</time>
      </trkpt>
      <trkpt lat="40.781309" lon="-73.961307">
        <ele>30.6</ele>
        <time>2026-05-22T15:30:50.000Z</time>
      </trkpt>
      <trkpt lat="40.781314" lon="-73.961321">
        <ele>30.8</ele>
        <time>2026-05-22T15:30:51.000Z</time>
      </trkpt>
      <trkpt lat="40.781318" lon="-73.961332">
        <ele>30.8</ele>
        <time>2026-05-22T15:30:52.000Z</time>
      </trkpt>
      <trkpt lat="40.781322" lon="-73.961343">
        <ele>30.8</ele>
        <time>2026-05-22T15:30:53.000Z</time>
      </trkpt>
      <trkpt lat="40.781326" lon="-73.961355">
        <ele>31</ele>
        <time>2026-05-22T15:30:54.000Z</time>
      </trkpt>
      <trkpt lat="40.781332" lon="-73.961369">
        <ele>31</ele>
        <time>2026-05-22T15:30:55.000Z</time>
      </trkpt>
      <trkpt lat="40.781336" lon="-73.961383">
        <ele>31.2</ele>
        <time>2026-05-22T15:30:56.000Z</time>
      </trkpt>
      <trkpt lat="40.781341" lon="-73.961394">
        <ele>31.2</ele>
        <time>2026-05-22T15:30:57.000Z</time>
      </trkpt>
      <trkpt lat="40.781345" lon="-73.961406">
        <ele>31.4</ele>
        <time>2026-05-22T15:30:58.000Z</time>
      </trkpt>
      <trkpt lat="40.78135" lon="-73.96142">
        <ele>31.4</ele>
        <time>2026-05-22T15:30:59.000Z</time>
      </trkpt>
      <trkpt lat="40.781359" lon="-73.961444">
        <ele>31.6</ele>
        <time>2026-05-22T15:31:00.000Z</time>
      </trkpt>
      <trkpt lat="40.781362" lon="-73.961453">
        <ele>31.6</ele>
        <time>2026-05-22T15:31:01.000Z</time>
      </trkpt>
      <trkpt lat="40.781366" lon="-73.961463">
        <ele>31.8</ele>
        <time>2026-05-22T15:31:02.000Z</time>
      </trkpt>
      <trkpt lat="40.781371" lon="-73.961477">
        <ele>31.8</ele>
        <time>2026-05-22T15:31:03.000Z</time>
      </trkpt>
      <trkpt lat="40.781376" lon="-73.96149">
        <ele>32</ele>
        <time>2026-05-22T15:31:04.000Z</time>
      </trkpt>
      <trkpt lat="40.781381" lon="-73.961503">
        <ele>32</ele>
        <time>2026-05-22T15:31:05.000Z</time>
      </trkpt>
      <trkpt lat="40.781386" lon="-73.961518">
        <ele>32.2</ele>
        <time>2026-05-22T15:31:06.000Z</time>
      </trkpt>
      <trkpt lat="40.781392" lon="-73.961532">
        <ele>32.2</ele>
        <time>2026-05-22T15:31:07.000Z</time>
      </trkpt>
      <trkpt lat="40.781397" lon="-73.961546">
        <ele>32.4</ele>
        <time>2026-05-22T15:31:08.000Z</time>
      </trkpt>
      <trkpt lat="40.781402" lon="-73.96156">
        <ele>32.4</ele>
        <time>2026-05-22T15:31:09.000Z</time>
      </trkpt>
      <trkpt lat="40.781407" lon="-73.961574">
        <ele>32.4</ele>
        <time>2026-05-22T15:31:10.000Z</time>
      </trkpt>
      <trkpt lat="40.781413" lon="-73.961587">
        <ele>32.6</ele>
        <time>2026-05-22T15:31:11.000Z</time>
      </trkpt>
      <trkpt lat="40.781418" lon="-73.9616">
        <ele>32.6</ele>
        <time>2026-05-22T15:31:12.000Z</time>
      </trkpt>
      <trkpt lat="40.781424" lon="-73.961614">
        <ele>32.6</ele>
        <time>2026-05-22T15:31:13.000Z</time>
      </trkpt>
      <trkpt lat="40.78143" lon="-73.961628">
        <ele>32.6</ele>
        <time>2026-05-22T15:31:14.000Z</time>
      </trkpt>
      <trkpt lat="40.781436" lon="-73.961642">
        <ele>32.6</ele>
        <time>2026-05-22T15:31:15.000Z</time>
      </trkpt>
      <trkpt lat="40.781442" lon="-73.961655">
        <ele>32.8</ele>
        <time>2026-05-22T15:31:16.000Z</time>
      </trkpt>
      <trkpt lat="40.781447" lon="-73.961668">
        <ele>32.8</ele>
        <time>2026-05-22T15:31:17.000Z</time>
      </trkpt>
      <trkpt lat="40.781452" lon="-73.961681">
        <ele>32.8</ele>
        <time>2026-05-22T15:31:18.000Z</time>
      </trkpt>
      <trkpt lat="40.781457" lon="-73.961692">
        <ele>32.8</ele>
        <time>2026-05-22T15:31:19.000Z</time>
      </trkpt>
      <trkpt lat="40.781463" lon="-73.961705">
        <ele>32.8</ele>
        <time>2026-05-22T15:31:20.000Z</time>
      </trkpt>
      <trkpt lat="40.781468" lon="-73.961717">
        <ele>32.8</ele>
        <time>2026-05-22T15:31:21.000Z</time>
      </trkpt>
      <trkpt lat="40.781473" lon="-73.961729">
        <ele>32.8</ele>
        <time>2026-05-22T15:31:22.000Z</time>
      </trkpt>
      <trkpt lat="40.781477" lon="-73.961741">
        <ele>32.8</ele>
        <time>2026-05-22T15:31:23.000Z</time>
      </trkpt>
      <trkpt lat="40.781482" lon="-73.961753">
        <ele>32.8</ele>
        <time>2026-05-22T15:31:24.000Z</time>
      </trkpt>
      <trkpt lat="40.781487" lon="-73.961765">
        <ele>32.8</ele>
        <time>2026-05-22T15:31:25.000Z</time>
      </trkpt>
      <trkpt lat="40.781491" lon="-73.961777">
        <ele>32.8</ele>
        <time>2026-05-22T15:31:26.000Z</time>
      </trkpt>
      <trkpt lat="40.781496" lon="-73.96179">
        <ele>32.8</ele>
        <time>2026-05-22T15:31:27.000Z</time>
      </trkpt>
      <trkpt lat="40.7815" lon="-73.961802">
        <ele>32.8</ele>
        <time>2026-05-22T15:31:28.000Z</time>
      </trkpt>
      <trkpt lat="40.781505" lon="-73.961815">
        <ele>32.8</ele>
        <time>2026-05-22T15:31:29.000Z</time>
      </trkpt>
      <trkpt lat="40.781509" lon="-73.961828">
        <ele>32.8</ele>
        <time>2026-05-22T15:31:30.000Z</time>
      </trkpt>
      <trkpt lat="40.781512" lon="-73.961842">
        <ele>32.8</ele>
        <time>2026-05-22T15:31:31.000Z</time>
      </trkpt>
      <trkpt lat="40.781514" lon="-73.961858">
        <ele>32.8</ele>
        <time>2026-05-22T15:31:32.000Z</time>
      </trkpt>
      <trkpt lat="40.781516" lon="-73.961874">
        <ele>32.8</ele>
        <time>2026-05-22T15:31:33.000Z</time>
      </trkpt>
      <trkpt lat="40.781517" lon="-73.961889">
        <ele>32.8</ele>
        <time>2026-05-22T15:31:34.000Z</time>
      </trkpt>
      <trkpt lat="40.781518" lon="-73.961904">
        <ele>32.8</ele>
        <time>2026-05-22T15:31:35.000Z</time>
      </trkpt>
      <trkpt lat="40.781519" lon="-73.961919">
        <ele>32.8</ele>
        <time>2026-05-22T15:31:36.000Z</time>
      </trkpt>
      <trkpt lat="40.78152" lon="-73.961934">
        <ele>32.8</ele>
        <time>2026-05-22T15:31:37.000Z</time>
      </trkpt>
      <trkpt lat="40.781522" lon="-73.961948">
        <ele>32.8</ele>
        <time>2026-05-22T15:31:38.000Z</time>
      </trkpt>
      <trkpt lat="40.781524" lon="-73.961962">
        <ele>32.6</ele>
        <time>2026-05-22T15:31:39.000Z</time>
      </trkpt>
      <trkpt lat="40.781525" lon="-73.961976">
        <ele>32.6</ele>
        <time>2026-05-22T15:31:40.000Z</time>
      </trkpt>
      <trkpt lat="40.781527" lon="-73.961989">
        <ele>32.6</ele>
        <time>2026-05-22T15:31:41.000Z</time>
      </trkpt>
      <trkpt lat="40.781529" lon="-73.962003">
        <ele>32.6</ele>
        <time>2026-05-22T15:31:42.000Z</time>
      </trkpt>
      <trkpt lat="40.781531" lon="-73.962017">
        <ele>32.6</ele>
        <time>2026-05-22T15:31:43.000Z</time>
      </trkpt>
      <trkpt lat="40.781533" lon="-73.96203">
        <ele>32.6</ele>
        <time>2026-05-22T15:31:44.000Z</time>
      </trkpt>
      <trkpt lat="40.781535" lon="-73.962042">
        <ele>32.6</ele>
        <time>2026-05-22T15:31:45.000Z</time>
      </trkpt>
      <trkpt lat="40.781536" lon="-73.962054">
        <ele>32.6</ele>
        <time>2026-05-22T15:31:46.000Z</time>
      </trkpt>
      <trkpt lat="40.781538" lon="-73.962068">
        <ele>32.6</ele>
        <time>2026-05-22T15:31:47.000Z</time>
      </trkpt>
      <trkpt lat="40.781541" lon="-73.962083">
        <ele>32.6</ele>
        <time>2026-05-22T15:31:48.000Z</time>
      </trkpt>
      <trkpt lat="40.781543" lon="-73.962097">
        <ele>32.6</ele>
        <time>2026-05-22T15:31:49.000Z</time>
      </trkpt>
      <trkpt lat="40.781545" lon="-73.962111">
        <ele>32.6</ele>
        <time>2026-05-22T15:31:50.000Z</time>
      </trkpt>
      <trkpt lat="40.781547" lon="-73.962124">
        <ele>32.6</ele>
        <time>2026-05-22T15:31:51.000Z</time>
      </trkpt>
      <trkpt lat="40.781549" lon="-73.962136">
        <ele>32.6</ele>
        <time>2026-05-22T15:31:52.000Z</time>
      </trkpt>
      <trkpt lat="40.781551" lon="-73.962148">
        <ele>32.6</ele>
        <time>2026-05-22T15:31:53.000Z</time>
      </trkpt>
      <trkpt lat="40.781554" lon="-73.962159">
        <ele>32.6</ele>
        <time>2026-05-22T15:31:54.000Z</time>
      </trkpt>
      <trkpt lat="40.781556" lon="-73.962171">
        <ele>32.6</ele>
        <time>2026-05-22T15:31:55.000Z</time>
      </trkpt>
      <trkpt lat="40.781558" lon="-73.962183">
        <ele>32.6</ele>
        <time>2026-05-22T15:31:56.000Z</time>
      </trkpt>
      <trkpt lat="40.78156" lon="-73.962195">
        <ele>32.6</ele>
        <time>2026-05-22T15:31:57.000Z</time>
      </trkpt>
      <trkpt lat="40.781563" lon="-73.962206">
        <ele>32.6</ele>
        <time>2026-05-22T15:31:58.000Z</time>
      </trkpt>
      <trkpt lat="40.78157" lon="-73.962227">
        <ele>32.6</ele>
        <time>2026-05-22T15:31:59.000Z</time>
      </trkpt>
      <trkpt lat="40.781575" lon="-73.962236">
        <ele>32.6</ele>
        <time>2026-05-22T15:32:00.000Z</time>
      </trkpt>
      <trkpt lat="40.781579" lon="-73.962245">
        <ele>32.6</ele>
        <time>2026-05-22T15:32:01.000Z</time>
      </trkpt>
      <trkpt lat="40.781587" lon="-73.962258">
        <ele>32.6</ele>
        <time>2026-05-22T15:32:02.000Z</time>
      </trkpt>
      <trkpt lat="40.781596" lon="-73.962269">
        <ele>32.6</ele>
        <time>2026-05-22T15:32:03.000Z</time>
      </trkpt>
      <trkpt lat="40.781607" lon="-73.962279">
        <ele>32.6</ele>
        <time>2026-05-22T15:32:04.000Z</time>
      </trkpt>
      <trkpt lat="40.781619" lon="-73.962286">
        <ele>32.6</ele>
        <time>2026-05-22T15:32:05.000Z</time>
      </trkpt>
      <trkpt lat="40.781629" lon="-73.962294">
        <ele>32.6</ele>
        <time>2026-05-22T15:32:06.000Z</time>
      </trkpt>
      <trkpt lat="40.78164" lon="-73.962302">
        <ele>32.6</ele>
        <time>2026-05-22T15:32:07.000Z</time>
      </trkpt>
      <trkpt lat="40.781652" lon="-73.962309">
        <ele>32.6</ele>
        <time>2026-05-22T15:32:08.000Z</time>
      </trkpt>
      <trkpt lat="40.781664" lon="-73.962317">
        <ele>32.6</ele>
        <time>2026-05-22T15:32:09.000Z</time>
      </trkpt>
      <trkpt lat="40.781677" lon="-73.962323">
        <ele>32.6</ele>
        <time>2026-05-22T15:32:10.000Z</time>
      </trkpt>
      <trkpt lat="40.781689" lon="-73.962329">
        <ele>32.6</ele>
        <time>2026-05-22T15:32:11.000Z</time>
      </trkpt>
      <trkpt lat="40.781708" lon="-73.962332">
        <ele>32.6</ele>
        <time>2026-05-22T15:32:12.000Z</time>
      </trkpt>
      <trkpt lat="40.781716" lon="-73.962333">
        <ele>32.6</ele>
        <time>2026-05-22T15:32:13.000Z</time>
      </trkpt>
      <trkpt lat="40.781723" lon="-73.962333">
        <ele>32.6</ele>
        <time>2026-05-22T15:32:14.000Z</time>
      </trkpt>
      <trkpt lat="40.781734" lon="-73.962333">
        <ele>32.6</ele>
        <time>2026-05-22T15:32:15.000Z</time>
      </trkpt>
      <trkpt lat="40.781746" lon="-73.962332">
        <ele>32.8</ele>
        <time>2026-05-22T15:32:16.000Z</time>
      </trkpt>
      <trkpt lat="40.781759" lon="-73.962331">
        <ele>32.8</ele>
        <time>2026-05-22T15:32:17.000Z</time>
      </trkpt>
      <trkpt lat="40.781773" lon="-73.962329">
        <ele>32.8</ele>
        <time>2026-05-22T15:32:18.000Z</time>
      </trkpt>
      <trkpt lat="40.781787" lon="-73.962327">
        <ele>33</ele>
        <time>2026-05-22T15:32:19.000Z</time>
      </trkpt>
      <trkpt lat="40.781812" lon="-73.962325">
        <ele>33</ele>
        <time>2026-05-22T15:32:20.000Z</time>
      </trkpt>
      <trkpt lat="40.781821" lon="-73.962324">
        <ele>33</ele>
        <time>2026-05-22T15:32:21.000Z</time>
      </trkpt>
      <trkpt lat="40.781831" lon="-73.962324">
        <ele>33.2</ele>
        <time>2026-05-22T15:32:22.000Z</time>
      </trkpt>
      <trkpt lat="40.781845" lon="-73.962325">
        <ele>33.2</ele>
        <time>2026-05-22T15:32:23.000Z</time>
      </trkpt>
      <trkpt lat="40.781859" lon="-73.962327">
        <ele>33.2</ele>
        <time>2026-05-22T15:32:24.000Z</time>
      </trkpt>
      <trkpt lat="40.781873" lon="-73.962329">
        <ele>33.4</ele>
        <time>2026-05-22T15:32:25.000Z</time>
      </trkpt>
      <trkpt lat="40.781886" lon="-73.962334">
        <ele>33.4</ele>
        <time>2026-05-22T15:32:26.000Z</time>
      </trkpt>
      <trkpt lat="40.7819" lon="-73.96234">
        <ele>33.4</ele>
        <time>2026-05-22T15:32:27.000Z</time>
      </trkpt>
      <trkpt lat="40.781912" lon="-73.962347">
        <ele>33.4</ele>
        <time>2026-05-22T15:32:28.000Z</time>
      </trkpt>
      <trkpt lat="40.781923" lon="-73.962355">
        <ele>33.4</ele>
        <time>2026-05-22T15:32:29.000Z</time>
      </trkpt>
      <trkpt lat="40.781941" lon="-73.962372">
        <ele>33.6</ele>
        <time>2026-05-22T15:32:30.000Z</time>
      </trkpt>
      <trkpt lat="40.781949" lon="-73.962379">
        <ele>33.6</ele>
        <time>2026-05-22T15:32:31.000Z</time>
      </trkpt>
      <trkpt lat="40.781956" lon="-73.962387">
        <ele>33.6</ele>
        <time>2026-05-22T15:32:32.000Z</time>
      </trkpt>
      <trkpt lat="40.781965" lon="-73.962399">
        <ele>33.6</ele>
        <time>2026-05-22T15:32:33.000Z</time>
      </trkpt>
      <trkpt lat="40.781974" lon="-73.962413">
        <ele>33.6</ele>
        <time>2026-05-22T15:32:34.000Z</time>
      </trkpt>
      <trkpt lat="40.781981" lon="-73.962426">
        <ele>33.8</ele>
        <time>2026-05-22T15:32:35.000Z</time>
      </trkpt>
      <trkpt lat="40.781988" lon="-73.962439">
        <ele>33.8</ele>
        <time>2026-05-22T15:32:36.000Z</time>
      </trkpt>
      <trkpt lat="40.781995" lon="-73.962452">
        <ele>33.8</ele>
        <time>2026-05-22T15:32:37.000Z</time>
      </trkpt>
      <trkpt lat="40.782001" lon="-73.962464">
        <ele>34</ele>
        <time>2026-05-22T15:32:38.000Z</time>
      </trkpt>
      <trkpt lat="40.782007" lon="-73.962477">
        <ele>34</ele>
        <time>2026-05-22T15:32:39.000Z</time>
      </trkpt>
      <trkpt lat="40.782013" lon="-73.962488">
        <ele>34</ele>
        <time>2026-05-22T15:32:40.000Z</time>
      </trkpt>
      <trkpt lat="40.782017" lon="-73.962498">
        <ele>34.2</ele>
        <time>2026-05-22T15:32:41.000Z</time>
      </trkpt>
      <trkpt lat="40.782022" lon="-73.962508">
        <ele>34.2</ele>
        <time>2026-05-22T15:32:42.000Z</time>
      </trkpt>
      <trkpt lat="40.782026" lon="-73.962518">
        <ele>34.4</ele>
        <time>2026-05-22T15:32:43.000Z</time>
      </trkpt>
      <trkpt lat="40.782031" lon="-73.96253">
        <ele>34.6</ele>
        <time>2026-05-22T15:32:44.000Z</time>
      </trkpt>
      <trkpt lat="40.782037" lon="-73.962541">
        <ele>34.6</ele>
        <time>2026-05-22T15:32:45.000Z</time>
      </trkpt>
      <trkpt lat="40.782043" lon="-73.962552">
        <ele>34.8</ele>
        <time>2026-05-22T15:32:46.000Z</time>
      </trkpt>
      <trkpt lat="40.782048" lon="-73.962562">
        <ele>34.8</ele>
        <time>2026-05-22T15:32:47.000Z</time>
      </trkpt>
      <trkpt lat="40.782053" lon="-73.962571">
        <ele>35</ele>
        <time>2026-05-22T15:32:48.000Z</time>
      </trkpt>
      <trkpt lat="40.782058" lon="-73.96258">
        <ele>35</ele>
        <time>2026-05-22T15:32:49.000Z</time>
      </trkpt>
      <trkpt lat="40.782063" lon="-73.962589">
        <ele>35.2</ele>
        <time>2026-05-22T15:32:50.000Z</time>
      </trkpt>
      <trkpt lat="40.782067" lon="-73.962598">
        <ele>35.4</ele>
        <time>2026-05-22T15:32:51.000Z</time>
      </trkpt>
      <trkpt lat="40.782072" lon="-73.962606">
        <ele>35.4</ele>
        <time>2026-05-22T15:32:52.000Z</time>
      </trkpt>
      <trkpt lat="40.782076" lon="-73.962614">
        <ele>35.6</ele>
        <time>2026-05-22T15:32:53.000Z</time>
      </trkpt>
      <trkpt lat="40.782079" lon="-73.962621">
        <ele>35.6</ele>
        <time>2026-05-22T15:32:54.000Z</time>
      </trkpt>
      <trkpt lat="40.782082" lon="-73.962627">
        <ele>35.6</ele>
        <time>2026-05-22T15:32:55.000Z</time>
      </trkpt>
      <trkpt lat="40.782086" lon="-73.962633">
        <ele>35.8</ele>
        <time>2026-05-22T15:32:56.000Z</time>
      </trkpt>
      <trkpt lat="40.782089" lon="-73.962638">
        <ele>35.8</ele>
        <time>2026-05-22T15:32:57.000Z</time>
      </trkpt>
      <trkpt lat="40.782089" lon="-73.962638">
        <ele>36</ele>
        <time>2026-05-22T15:32:58.000Z</time>
      </trkpt>
      <trkpt lat="40.782088" lon="-73.962633">
        <ele>36</ele>
        <time>2026-05-22T15:32:59.000Z</time>
      </trkpt>
      <trkpt lat="40.782086" lon="-73.962627">
        <ele>36.2</ele>
        <time>2026-05-22T15:33:00.000Z</time>
      </trkpt>
      <trkpt lat="40.782084" lon="-73.962621">
        <ele>36.2</ele>
        <time>2026-05-22T15:33:01.000Z</time>
      </trkpt>
      <trkpt lat="40.782081" lon="-73.962614">
        <ele>36.4</ele>
        <time>2026-05-22T15:33:02.000Z</time>
      </trkpt>
      <trkpt lat="40.782078" lon="-73.962606">
        <ele>36.4</ele>
        <time>2026-05-22T15:33:03.000Z</time>
      </trkpt>
      <trkpt lat="40.782074" lon="-73.962596">
        <ele>36.6</ele>
        <time>2026-05-22T15:33:04.000Z</time>
      </trkpt>
      <trkpt lat="40.782069" lon="-73.962583">
        <ele>36.6</ele>
        <time>2026-05-22T15:33:05.000Z</time>
      </trkpt>
      <trkpt lat="40.782064" lon="-73.96257">
        <ele>36.8</ele>
        <time>2026-05-22T15:33:06.000Z</time>
      </trkpt>
      <trkpt lat="40.782058" lon="-73.962556">
        <ele>36.8</ele>
        <time>2026-05-22T15:33:07.000Z</time>
      </trkpt>
      <trkpt lat="40.782053" lon="-73.962543">
        <ele>37</ele>
        <time>2026-05-22T15:33:08.000Z</time>
      </trkpt>
      <trkpt lat="40.78205" lon="-73.96253">
        <ele>37</ele>
        <time>2026-05-22T15:33:09.000Z</time>
      </trkpt>
      <trkpt lat="40.782047" lon="-73.962515">
        <ele>37.2</ele>
        <time>2026-05-22T15:33:10.000Z</time>
      </trkpt>
      <trkpt lat="40.782044" lon="-73.962499">
        <ele>37.2</ele>
        <time>2026-05-22T15:33:11.000Z</time>
      </trkpt>
      <trkpt lat="40.782042" lon="-73.962483">
        <ele>37.2</ele>
        <time>2026-05-22T15:33:12.000Z</time>
      </trkpt>
      <trkpt lat="40.78204" lon="-73.962464">
        <ele>37.2</ele>
        <time>2026-05-22T15:33:13.000Z</time>
      </trkpt>
      <trkpt lat="40.782041" lon="-73.962433">
        <ele>37.2</ele>
        <time>2026-05-22T15:33:14.000Z</time>
      </trkpt>
      <trkpt lat="40.782041" lon="-73.96242">
        <ele>37.4</ele>
        <time>2026-05-22T15:33:15.000Z</time>
      </trkpt>
      <trkpt lat="40.782042" lon="-73.962407">
        <ele>37.4</ele>
        <time>2026-05-22T15:33:16.000Z</time>
      </trkpt>
      <trkpt lat="40.782043" lon="-73.962387">
        <ele>37.4</ele>
        <time>2026-05-22T15:33:17.000Z</time>
      </trkpt>
      <trkpt lat="40.782044" lon="-73.962368">
        <ele>37.4</ele>
        <time>2026-05-22T15:33:18.000Z</time>
      </trkpt>
      <trkpt lat="40.782047" lon="-73.962349">
        <ele>37.4</ele>
        <time>2026-05-22T15:33:19.000Z</time>
      </trkpt>
      <trkpt lat="40.782048" lon="-73.962331">
        <ele>37.4</ele>
        <time>2026-05-22T15:33:20.000Z</time>
      </trkpt>
      <trkpt lat="40.782048" lon="-73.962315">
        <ele>37.4</ele>
        <time>2026-05-22T15:33:21.000Z</time>
      </trkpt>
      <trkpt lat="40.782047" lon="-73.9623">
        <ele>37.4</ele>
        <time>2026-05-22T15:33:22.000Z</time>
      </trkpt>
      <trkpt lat="40.782045" lon="-73.962286">
        <ele>37.4</ele>
        <time>2026-05-22T15:33:23.000Z</time>
      </trkpt>
      <trkpt lat="40.782043" lon="-73.962273">
        <ele>37.4</ele>
        <time>2026-05-22T15:33:24.000Z</time>
      </trkpt>
      <trkpt lat="40.78204" lon="-73.962259">
        <ele>37.4</ele>
        <time>2026-05-22T15:33:25.000Z</time>
      </trkpt>
      <trkpt lat="40.782036" lon="-73.962246">
        <ele>37.4</ele>
        <time>2026-05-22T15:33:26.000Z</time>
      </trkpt>
      <trkpt lat="40.782032" lon="-73.962232">
        <ele>37.4</ele>
        <time>2026-05-22T15:33:27.000Z</time>
      </trkpt>
      <trkpt lat="40.782028" lon="-73.962218">
        <ele>37.4</ele>
        <time>2026-05-22T15:33:28.000Z</time>
      </trkpt>
      <trkpt lat="40.782024" lon="-73.962205">
        <ele>37.4</ele>
        <time>2026-05-22T15:33:29.000Z</time>
      </trkpt>
      <trkpt lat="40.78202" lon="-73.962191">
        <ele>37.4</ele>
        <time>2026-05-22T15:33:30.000Z</time>
      </trkpt>
      <trkpt lat="40.782016" lon="-73.962178">
        <ele>37.4</ele>
        <time>2026-05-22T15:33:31.000Z</time>
      </trkpt>
      <trkpt lat="40.782012" lon="-73.962164">
        <ele>37.4</ele>
        <time>2026-05-22T15:33:32.000Z</time>
      </trkpt>
      <trkpt lat="40.782008" lon="-73.962151">
        <ele>37.4</ele>
        <time>2026-05-22T15:33:33.000Z</time>
      </trkpt>
      <trkpt lat="40.782004" lon="-73.962139">
        <ele>37.4</ele>
        <time>2026-05-22T15:33:34.000Z</time>
      </trkpt>
      <trkpt lat="40.782001" lon="-73.962126">
        <ele>37.4</ele>
        <time>2026-05-22T15:33:35.000Z</time>
      </trkpt>
      <trkpt lat="40.781997" lon="-73.962112">
        <ele>37.4</ele>
        <time>2026-05-22T15:33:36.000Z</time>
      </trkpt>
      <trkpt lat="40.781994" lon="-73.962099">
        <ele>37.4</ele>
        <time>2026-05-22T15:33:37.000Z</time>
      </trkpt>
      <trkpt lat="40.78199" lon="-73.962084">
        <ele>37.4</ele>
        <time>2026-05-22T15:33:38.000Z</time>
      </trkpt>
      <trkpt lat="40.781987" lon="-73.96207">
        <ele>37.4</ele>
        <time>2026-05-22T15:33:39.000Z</time>
      </trkpt>
      <trkpt lat="40.781983" lon="-73.962055">
        <ele>37.4</ele>
        <time>2026-05-22T15:33:40.000Z</time>
      </trkpt>
      <trkpt lat="40.78198" lon="-73.962041">
        <ele>37.4</ele>
        <time>2026-05-22T15:33:41.000Z</time>
      </trkpt>
      <trkpt lat="40.781978" lon="-73.962025">
        <ele>37.4</ele>
        <time>2026-05-22T15:33:42.000Z</time>
      </trkpt>
      <trkpt lat="40.781975" lon="-73.96201">
        <ele>37.4</ele>
        <time>2026-05-22T15:33:43.000Z</time>
      </trkpt>
      <trkpt lat="40.781973" lon="-73.961995">
        <ele>37.2</ele>
        <time>2026-05-22T15:33:44.000Z</time>
      </trkpt>
      <trkpt lat="40.78197" lon="-73.961979">
        <ele>37.2</ele>
        <time>2026-05-22T15:33:45.000Z</time>
      </trkpt>
      <trkpt lat="40.781968" lon="-73.961963">
        <ele>37.2</ele>
        <time>2026-05-22T15:33:46.000Z</time>
      </trkpt>
      <trkpt lat="40.781966" lon="-73.961948">
        <ele>37.2</ele>
        <time>2026-05-22T15:33:47.000Z</time>
      </trkpt>
      <trkpt lat="40.781964" lon="-73.961933">
        <ele>37.2</ele>
        <time>2026-05-22T15:33:48.000Z</time>
      </trkpt>
      <trkpt lat="40.781963" lon="-73.961918">
        <ele>37.2</ele>
        <time>2026-05-22T15:33:49.000Z</time>
      </trkpt>
      <trkpt lat="40.781961" lon="-73.961903">
        <ele>37.2</ele>
        <time>2026-05-22T15:33:50.000Z</time>
      </trkpt>
      <trkpt lat="40.78196" lon="-73.961888">
        <ele>37.2</ele>
        <time>2026-05-22T15:33:51.000Z</time>
      </trkpt>
      <trkpt lat="40.781959" lon="-73.961873">
        <ele>37.2</ele>
        <time>2026-05-22T15:33:52.000Z</time>
      </trkpt>
      <trkpt lat="40.781958" lon="-73.961858">
        <ele>37.2</ele>
        <time>2026-05-22T15:33:53.000Z</time>
      </trkpt>
      <trkpt lat="40.781958" lon="-73.961843">
        <ele>37.2</ele>
        <time>2026-05-22T15:33:54.000Z</time>
      </trkpt>
      <trkpt lat="40.781957" lon="-73.961828">
        <ele>37.2</ele>
        <time>2026-05-22T15:33:55.000Z</time>
      </trkpt>
      <trkpt lat="40.781957" lon="-73.961812">
        <ele>37.2</ele>
        <time>2026-05-22T15:33:56.000Z</time>
      </trkpt>
      <trkpt lat="40.781958" lon="-73.961796">
        <ele>37.2</ele>
        <time>2026-05-22T15:33:57.000Z</time>
      </trkpt>
      <trkpt lat="40.781958" lon="-73.961781">
        <ele>37.2</ele>
        <time>2026-05-22T15:33:58.000Z</time>
      </trkpt>
      <trkpt lat="40.781959" lon="-73.961766">
        <ele>37.2</ele>
        <time>2026-05-22T15:33:59.000Z</time>
      </trkpt>
      <trkpt lat="40.78196" lon="-73.961751">
        <ele>37.2</ele>
        <time>2026-05-22T15:34:00.000Z</time>
      </trkpt>
      <trkpt lat="40.781961" lon="-73.961736">
        <ele>37.2</ele>
        <time>2026-05-22T15:34:01.000Z</time>
      </trkpt>
      <trkpt lat="40.781962" lon="-73.961721">
        <ele>37</ele>
        <time>2026-05-22T15:34:02.000Z</time>
      </trkpt>
      <trkpt lat="40.781964" lon="-73.961707">
        <ele>37</ele>
        <time>2026-05-22T15:34:03.000Z</time>
      </trkpt>
      <trkpt lat="40.781965" lon="-73.961693">
        <ele>37</ele>
        <time>2026-05-22T15:34:04.000Z</time>
      </trkpt>
      <trkpt lat="40.781967" lon="-73.96168">
        <ele>37</ele>
        <time>2026-05-22T15:34:05.000Z</time>
      </trkpt>
      <trkpt lat="40.781969" lon="-73.961667">
        <ele>37</ele>
        <time>2026-05-22T15:34:06.000Z</time>
      </trkpt>
      <trkpt lat="40.781971" lon="-73.961654">
        <ele>37</ele>
        <time>2026-05-22T15:34:07.000Z</time>
      </trkpt>
      <trkpt lat="40.781973" lon="-73.961642">
        <ele>36.8</ele>
        <time>2026-05-22T15:34:08.000Z</time>
      </trkpt>
      <trkpt lat="40.781975" lon="-73.96163">
        <ele>36.8</ele>
        <time>2026-05-22T15:34:09.000Z</time>
      </trkpt>
      <trkpt lat="40.781977" lon="-73.961619">
        <ele>36.8</ele>
        <time>2026-05-22T15:34:10.000Z</time>
      </trkpt>
      <trkpt lat="40.781979" lon="-73.961606">
        <ele>36.8</ele>
        <time>2026-05-22T15:34:11.000Z</time>
      </trkpt>
      <trkpt lat="40.781981" lon="-73.961593">
        <ele>36.8</ele>
        <time>2026-05-22T15:34:12.000Z</time>
      </trkpt>
      <trkpt lat="40.781983" lon="-73.961579">
        <ele>36.8</ele>
        <time>2026-05-22T15:34:13.000Z</time>
      </trkpt>
      <trkpt lat="40.781986" lon="-73.961566">
        <ele>36.8</ele>
        <time>2026-05-22T15:34:14.000Z</time>
      </trkpt>
      <trkpt lat="40.781988" lon="-73.961553">
        <ele>36.8</ele>
        <time>2026-05-22T15:34:15.000Z</time>
      </trkpt>
      <trkpt lat="40.781991" lon="-73.96154">
        <ele>37</ele>
        <time>2026-05-22T15:34:16.000Z</time>
      </trkpt>
      <trkpt lat="40.781993" lon="-73.961527">
        <ele>37</ele>
        <time>2026-05-22T15:34:17.000Z</time>
      </trkpt>
      <trkpt lat="40.781996" lon="-73.961513">
        <ele>37</ele>
        <time>2026-05-22T15:34:18.000Z</time>
      </trkpt>
      <trkpt lat="40.781999" lon="-73.961497">
        <ele>37</ele>
        <time>2026-05-22T15:34:19.000Z</time>
      </trkpt>
      <trkpt lat="40.782002" lon="-73.961482">
        <ele>37</ele>
        <time>2026-05-22T15:34:20.000Z</time>
      </trkpt>
      <trkpt lat="40.782005" lon="-73.961467">
        <ele>37</ele>
        <time>2026-05-22T15:34:21.000Z</time>
      </trkpt>
      <trkpt lat="40.782008" lon="-73.961453">
        <ele>37</ele>
        <time>2026-05-22T15:34:22.000Z</time>
      </trkpt>
      <trkpt lat="40.782011" lon="-73.961439">
        <ele>37</ele>
        <time>2026-05-22T15:34:23.000Z</time>
      </trkpt>
      <trkpt lat="40.782014" lon="-73.961425">
        <ele>37</ele>
        <time>2026-05-22T15:34:24.000Z</time>
      </trkpt>
      <trkpt lat="40.782017" lon="-73.96141">
        <ele>37</ele>
        <time>2026-05-22T15:34:25.000Z</time>
      </trkpt>
      <trkpt lat="40.782021" lon="-73.961395">
        <ele>37</ele>
        <time>2026-05-22T15:34:26.000Z</time>
      </trkpt>
      <trkpt lat="40.782024" lon="-73.961381">
        <ele>37</ele>
        <time>2026-05-22T15:34:27.000Z</time>
      </trkpt>
      <trkpt lat="40.782028" lon="-73.961367">
        <ele>37</ele>
        <time>2026-05-22T15:34:28.000Z</time>
      </trkpt>
      <trkpt lat="40.782032" lon="-73.961353">
        <ele>37.2</ele>
        <time>2026-05-22T15:34:29.000Z</time>
      </trkpt>
      <trkpt lat="40.782035" lon="-73.961339">
        <ele>37.2</ele>
        <time>2026-05-22T15:34:30.000Z</time>
      </trkpt>
      <trkpt lat="40.782039" lon="-73.961325">
        <ele>37.2</ele>
        <time>2026-05-22T15:34:31.000Z</time>
      </trkpt>
      <trkpt lat="40.782043" lon="-73.961311">
        <ele>37.2</ele>
        <time>2026-05-22T15:34:32.000Z</time>
      </trkpt>
      <trkpt lat="40.782047" lon="-73.961297">
        <ele>37.2</ele>
        <time>2026-05-22T15:34:33.000Z</time>
      </trkpt>
      <trkpt lat="40.782051" lon="-73.961284">
        <ele>37.2</ele>
        <time>2026-05-22T15:34:34.000Z</time>
      </trkpt>
      <trkpt lat="40.782055" lon="-73.96127">
        <ele>37.2</ele>
        <time>2026-05-22T15:34:35.000Z</time>
      </trkpt>
      <trkpt lat="40.782059" lon="-73.961257">
        <ele>37.2</ele>
        <time>2026-05-22T15:34:36.000Z</time>
      </trkpt>
      <trkpt lat="40.782063" lon="-73.961245">
        <ele>37.2</ele>
        <time>2026-05-22T15:34:37.000Z</time>
      </trkpt>
      <trkpt lat="40.782067" lon="-73.961233">
        <ele>37.2</ele>
        <time>2026-05-22T15:34:38.000Z</time>
      </trkpt>
      <trkpt lat="40.782071" lon="-73.96122">
        <ele>37.2</ele>
        <time>2026-05-22T15:34:39.000Z</time>
      </trkpt>
      <trkpt lat="40.782076" lon="-73.961207">
        <ele>37.2</ele>
        <time>2026-05-22T15:34:40.000Z</time>
      </trkpt>
      <trkpt lat="40.782081" lon="-73.961194">
        <ele>37.2</ele>
        <time>2026-05-22T15:34:41.000Z</time>
      </trkpt>
      <trkpt lat="40.782086" lon="-73.961181">
        <ele>37.4</ele>
        <time>2026-05-22T15:34:42.000Z</time>
      </trkpt>
      <trkpt lat="40.782091" lon="-73.961167">
        <ele>37.4</ele>
        <time>2026-05-22T15:34:43.000Z</time>
      </trkpt>
      <trkpt lat="40.782096" lon="-73.961154">
        <ele>37.4</ele>
        <time>2026-05-22T15:34:44.000Z</time>
      </trkpt>
      <trkpt lat="40.782102" lon="-73.96114">
        <ele>37.4</ele>
        <time>2026-05-22T15:34:45.000Z</time>
      </trkpt>
      <trkpt lat="40.782108" lon="-73.961127">
        <ele>37.4</ele>
        <time>2026-05-22T15:34:46.000Z</time>
      </trkpt>
      <trkpt lat="40.782114" lon="-73.961114">
        <ele>37.4</ele>
        <time>2026-05-22T15:34:47.000Z</time>
      </trkpt>
      <trkpt lat="40.78212" lon="-73.9611">
        <ele>37.4</ele>
        <time>2026-05-22T15:34:48.000Z</time>
      </trkpt>
      <trkpt lat="40.782126" lon="-73.961088">
        <ele>37.4</ele>
        <time>2026-05-22T15:34:49.000Z</time>
      </trkpt>
      <trkpt lat="40.782132" lon="-73.961076">
        <ele>37.4</ele>
        <time>2026-05-22T15:34:50.000Z</time>
      </trkpt>
      <trkpt lat="40.782138" lon="-73.961064">
        <ele>37.4</ele>
        <time>2026-05-22T15:34:51.000Z</time>
      </trkpt>
      <trkpt lat="40.782145" lon="-73.961051">
        <ele>37.4</ele>
        <time>2026-05-22T15:34:52.000Z</time>
      </trkpt>
      <trkpt lat="40.782152" lon="-73.961039">
        <ele>37.4</ele>
        <time>2026-05-22T15:34:53.000Z</time>
      </trkpt>
      <trkpt lat="40.78216" lon="-73.961027">
        <ele>37.4</ele>
        <time>2026-05-22T15:34:54.000Z</time>
      </trkpt>
      <trkpt lat="40.782167" lon="-73.961016">
        <ele>37.4</ele>
        <time>2026-05-22T15:34:55.000Z</time>
      </trkpt>
      <trkpt lat="40.782175" lon="-73.961005">
        <ele>37.4</ele>
        <time>2026-05-22T15:34:56.000Z</time>
      </trkpt>
      <trkpt lat="40.782183" lon="-73.960994">
        <ele>37.4</ele>
        <time>2026-05-22T15:34:57.000Z</time>
      </trkpt>
      <trkpt lat="40.782192" lon="-73.960983">
        <ele>37.4</ele>
        <time>2026-05-22T15:34:58.000Z</time>
      </trkpt>
      <trkpt lat="40.782201" lon="-73.960973">
        <ele>37.4</ele>
        <time>2026-05-22T15:34:59.000Z</time>
      </trkpt>
      <trkpt lat="40.78221" lon="-73.960963">
        <ele>37.4</ele>
        <time>2026-05-22T15:35:00.000Z</time>
      </trkpt>
      <trkpt lat="40.78222" lon="-73.960955">
        <ele>37.4</ele>
        <time>2026-05-22T15:35:01.000Z</time>
      </trkpt>
      <trkpt lat="40.78223" lon="-73.960947">
        <ele>37.4</ele>
        <time>2026-05-22T15:35:02.000Z</time>
      </trkpt>
      <trkpt lat="40.782241" lon="-73.96094">
        <ele>37.4</ele>
        <time>2026-05-22T15:35:03.000Z</time>
      </trkpt>
      <trkpt lat="40.782251" lon="-73.960933">
        <ele>37.4</ele>
        <time>2026-05-22T15:35:04.000Z</time>
      </trkpt>
      <trkpt lat="40.782263" lon="-73.960927">
        <ele>37.4</ele>
        <time>2026-05-22T15:35:05.000Z</time>
      </trkpt>
      <trkpt lat="40.782274" lon="-73.96092">
        <ele>37.4</ele>
        <time>2026-05-22T15:35:06.000Z</time>
      </trkpt>
      <trkpt lat="40.782285" lon="-73.960913">
        <ele>37.4</ele>
        <time>2026-05-22T15:35:07.000Z</time>
      </trkpt>
      <trkpt lat="40.782295" lon="-73.960905">
        <ele>37.4</ele>
        <time>2026-05-22T15:35:08.000Z</time>
      </trkpt>
      <trkpt lat="40.782305" lon="-73.960897">
        <ele>37.4</ele>
        <time>2026-05-22T15:35:09.000Z</time>
      </trkpt>
      <trkpt lat="40.782314" lon="-73.960889">
        <ele>37.4</ele>
        <time>2026-05-22T15:35:10.000Z</time>
      </trkpt>
      <trkpt lat="40.782322" lon="-73.960881">
        <ele>37.2</ele>
        <time>2026-05-22T15:35:11.000Z</time>
      </trkpt>
      <trkpt lat="40.782331" lon="-73.960872">
        <ele>37.2</ele>
        <time>2026-05-22T15:35:12.000Z</time>
      </trkpt>
      <trkpt lat="40.782339" lon="-73.960864">
        <ele>37.2</ele>
        <time>2026-05-22T15:35:13.000Z</time>
      </trkpt>
      <trkpt lat="40.782347" lon="-73.960855">
        <ele>37.2</ele>
        <time>2026-05-22T15:35:14.000Z</time>
      </trkpt>
      <trkpt lat="40.782356" lon="-73.960847">
        <ele>37.2</ele>
        <time>2026-05-22T15:35:15.000Z</time>
      </trkpt>
      <trkpt lat="40.782364" lon="-73.960838">
        <ele>37.2</ele>
        <time>2026-05-22T15:35:16.000Z</time>
      </trkpt>
      <trkpt lat="40.782373" lon="-73.960829">
        <ele>37.2</ele>
        <time>2026-05-22T15:35:17.000Z</time>
      </trkpt>
      <trkpt lat="40.782381" lon="-73.960821">
        <ele>37.2</ele>
        <time>2026-05-22T15:35:18.000Z</time>
      </trkpt>
      <trkpt lat="40.782389" lon="-73.960812">
        <ele>37.2</ele>
        <time>2026-05-22T15:35:19.000Z</time>
      </trkpt>
      <trkpt lat="40.782396" lon="-73.960804">
        <ele>37.2</ele>
        <time>2026-05-22T15:35:20.000Z</time>
      </trkpt>
      <trkpt lat="40.782404" lon="-73.960796">
        <ele>37.2</ele>
        <time>2026-05-22T15:35:21.000Z</time>
      </trkpt>
      <trkpt lat="40.782412" lon="-73.960788">
        <ele>37.2</ele>
        <time>2026-05-22T15:35:22.000Z</time>
      </trkpt>
      <trkpt lat="40.782419" lon="-73.96078">
        <ele>37.2</ele>
        <time>2026-05-22T15:35:23.000Z</time>
      </trkpt>
      <trkpt lat="40.782427" lon="-73.960772">
        <ele>37.2</ele>
        <time>2026-05-22T15:35:24.000Z</time>
      </trkpt>
      <trkpt lat="40.782434" lon="-73.960764">
        <ele>37.4</ele>
        <time>2026-05-22T15:35:25.000Z</time>
      </trkpt>
      <trkpt lat="40.782442" lon="-73.960756">
        <ele>37.4</ele>
        <time>2026-05-22T15:35:26.000Z</time>
      </trkpt>
      <trkpt lat="40.782449" lon="-73.960748">
        <ele>37.4</ele>
        <time>2026-05-22T15:35:27.000Z</time>
      </trkpt>
      <trkpt lat="40.782458" lon="-73.960741">
        <ele>37.4</ele>
        <time>2026-05-22T15:35:28.000Z</time>
      </trkpt>
      <trkpt lat="40.782466" lon="-73.960734">
        <ele>37.4</ele>
        <time>2026-05-22T15:35:29.000Z</time>
      </trkpt>
      <trkpt lat="40.782475" lon="-73.960726">
        <ele>37.4</ele>
        <time>2026-05-22T15:35:30.000Z</time>
      </trkpt>
      <trkpt lat="40.782485" lon="-73.960719">
        <ele>37.4</ele>
        <time>2026-05-22T15:35:31.000Z</time>
      </trkpt>
      <trkpt lat="40.782494" lon="-73.960712">
        <ele>37.4</ele>
        <time>2026-05-22T15:35:32.000Z</time>
      </trkpt>
      <trkpt lat="40.782503" lon="-73.960705">
        <ele>37.4</ele>
        <time>2026-05-22T15:35:33.000Z</time>
      </trkpt>
      <trkpt lat="40.782512" lon="-73.960697">
        <ele>37.4</ele>
        <time>2026-05-22T15:35:34.000Z</time>
      </trkpt>
      <trkpt lat="40.78252" lon="-73.960689">
        <ele>37.4</ele>
        <time>2026-05-22T15:35:35.000Z</time>
      </trkpt>
      <trkpt lat="40.782529" lon="-73.960682">
        <ele>37.4</ele>
        <time>2026-05-22T15:35:36.000Z</time>
      </trkpt>
      <trkpt lat="40.782537" lon="-73.960674">
        <ele>37.4</ele>
        <time>2026-05-22T15:35:37.000Z</time>
      </trkpt>
      <trkpt lat="40.782546" lon="-73.960667">
        <ele>37.4</ele>
        <time>2026-05-22T15:35:38.000Z</time>
      </trkpt>
      <trkpt lat="40.782555" lon="-73.960661">
        <ele>37.4</ele>
        <time>2026-05-22T15:35:39.000Z</time>
      </trkpt>
      <trkpt lat="40.782564" lon="-73.960654">
        <ele>37.4</ele>
        <time>2026-05-22T15:35:40.000Z</time>
      </trkpt>
      <trkpt lat="40.782573" lon="-73.960647">
        <ele>37.4</ele>
        <time>2026-05-22T15:35:41.000Z</time>
      </trkpt>
      <trkpt lat="40.782582" lon="-73.96064">
        <ele>37.4</ele>
        <time>2026-05-22T15:35:42.000Z</time>
      </trkpt>
      <trkpt lat="40.782591" lon="-73.960632">
        <ele>37.4</ele>
        <time>2026-05-22T15:35:43.000Z</time>
      </trkpt>
      <trkpt lat="40.7826" lon="-73.960625">
        <ele>37.4</ele>
        <time>2026-05-22T15:35:44.000Z</time>
      </trkpt>
      <trkpt lat="40.782609" lon="-73.960617">
        <ele>37.4</ele>
        <time>2026-05-22T15:35:45.000Z</time>
      </trkpt>
      <trkpt lat="40.782619" lon="-73.960609">
        <ele>37.4</ele>
        <time>2026-05-22T15:35:46.000Z</time>
      </trkpt>
      <trkpt lat="40.782628" lon="-73.960602">
        <ele>37.4</ele>
        <time>2026-05-22T15:35:47.000Z</time>
      </trkpt>
      <trkpt lat="40.782638" lon="-73.960595">
        <ele>37.4</ele>
        <time>2026-05-22T15:35:48.000Z</time>
      </trkpt>
      <trkpt lat="40.782647" lon="-73.960588">
        <ele>37.2</ele>
        <time>2026-05-22T15:35:49.000Z</time>
      </trkpt>
      <trkpt lat="40.782657" lon="-73.960581">
        <ele>37.2</ele>
        <time>2026-05-22T15:35:50.000Z</time>
      </trkpt>
      <trkpt lat="40.782666" lon="-73.960575">
        <ele>37.2</ele>
        <time>2026-05-22T15:35:51.000Z</time>
      </trkpt>
      <trkpt lat="40.782676" lon="-73.960568">
        <ele>37.2</ele>
        <time>2026-05-22T15:35:52.000Z</time>
      </trkpt>
      <trkpt lat="40.782685" lon="-73.960562">
        <ele>37.2</ele>
        <time>2026-05-22T15:35:53.000Z</time>
      </trkpt>
      <trkpt lat="40.782695" lon="-73.960555">
        <ele>37.2</ele>
        <time>2026-05-22T15:35:54.000Z</time>
      </trkpt>
      <trkpt lat="40.782704" lon="-73.960548">
        <ele>37.2</ele>
        <time>2026-05-22T15:35:55.000Z</time>
      </trkpt>
      <trkpt lat="40.782712" lon="-73.960541">
        <ele>37.2</ele>
        <time>2026-05-22T15:35:56.000Z</time>
      </trkpt>
      <trkpt lat="40.782721" lon="-73.960535">
        <ele>37.2</ele>
        <time>2026-05-22T15:35:57.000Z</time>
      </trkpt>
      <trkpt lat="40.782729" lon="-73.960527">
        <ele>37.2</ele>
        <time>2026-05-22T15:35:58.000Z</time>
      </trkpt>
      <trkpt lat="40.782738" lon="-73.960521">
        <ele>37</ele>
        <time>2026-05-22T15:35:59.000Z</time>
      </trkpt>
      <trkpt lat="40.782747" lon="-73.960514">
        <ele>37</ele>
        <time>2026-05-22T15:36:00.000Z</time>
      </trkpt>
      <trkpt lat="40.782757" lon="-73.960508">
        <ele>37</ele>
        <time>2026-05-22T15:36:01.000Z</time>
      </trkpt>
      <trkpt lat="40.782766" lon="-73.960502">
        <ele>37</ele>
        <time>2026-05-22T15:36:02.000Z</time>
      </trkpt>
      <trkpt lat="40.782776" lon="-73.960497">
        <ele>37</ele>
        <time>2026-05-22T15:36:03.000Z</time>
      </trkpt>
      <trkpt lat="40.782785" lon="-73.960491">
        <ele>37</ele>
        <time>2026-05-22T15:36:04.000Z</time>
      </trkpt>
      <trkpt lat="40.782794" lon="-73.960484">
        <ele>37</ele>
        <time>2026-05-22T15:36:05.000Z</time>
      </trkpt>
      <trkpt lat="40.782803" lon="-73.960478">
        <ele>37</ele>
        <time>2026-05-22T15:36:06.000Z</time>
      </trkpt>
      <trkpt lat="40.782812" lon="-73.960472">
        <ele>37</ele>
        <time>2026-05-22T15:36:07.000Z</time>
      </trkpt>
      <trkpt lat="40.782821" lon="-73.960466">
        <ele>37</ele>
        <time>2026-05-22T15:36:08.000Z</time>
      </trkpt>
      <trkpt lat="40.78283" lon="-73.960459">
        <ele>37</ele>
        <time>2026-05-22T15:36:09.000Z</time>
      </trkpt>
      <trkpt lat="40.78284" lon="-73.960453">
        <ele>37</ele>
        <time>2026-05-22T15:36:10.000Z</time>
      </trkpt>
      <trkpt lat="40.782849" lon="-73.960446">
        <ele>37</ele>
        <time>2026-05-22T15:36:11.000Z</time>
      </trkpt>
      <trkpt lat="40.782858" lon="-73.960439">
        <ele>37</ele>
        <time>2026-05-22T15:36:12.000Z</time>
      </trkpt>
      <trkpt lat="40.782867" lon="-73.960431">
        <ele>37</ele>
        <time>2026-05-22T15:36:13.000Z</time>
      </trkpt>
      <trkpt lat="40.782876" lon="-73.960424">
        <ele>37</ele>
        <time>2026-05-22T15:36:14.000Z</time>
      </trkpt>
      <trkpt lat="40.782885" lon="-73.960418">
        <ele>37</ele>
        <time>2026-05-22T15:36:15.000Z</time>
      </trkpt>
      <trkpt lat="40.782894" lon="-73.960411">
        <ele>37.2</ele>
        <time>2026-05-22T15:36:16.000Z</time>
      </trkpt>
      <trkpt lat="40.782903" lon="-73.960404">
        <ele>37.2</ele>
        <time>2026-05-22T15:36:17.000Z</time>
      </trkpt>
      <trkpt lat="40.782912" lon="-73.960397">
        <ele>37.2</ele>
        <time>2026-05-22T15:36:18.000Z</time>
      </trkpt>
      <trkpt lat="40.782921" lon="-73.96039">
        <ele>37.2</ele>
        <time>2026-05-22T15:36:19.000Z</time>
      </trkpt>
      <trkpt lat="40.782931" lon="-73.960384">
        <ele>37.2</ele>
        <time>2026-05-22T15:36:20.000Z</time>
      </trkpt>
      <trkpt lat="40.78294" lon="-73.960377">
        <ele>37.2</ele>
        <time>2026-05-22T15:36:21.000Z</time>
      </trkpt>
      <trkpt lat="40.782949" lon="-73.960371">
        <ele>37.2</ele>
        <time>2026-05-22T15:36:22.000Z</time>
      </trkpt>
      <trkpt lat="40.782957" lon="-73.960365">
        <ele>37.2</ele>
        <time>2026-05-22T15:36:23.000Z</time>
      </trkpt>
      <trkpt lat="40.782965" lon="-73.960359">
        <ele>37.4</ele>
        <time>2026-05-22T15:36:24.000Z</time>
      </trkpt>
      <trkpt lat="40.782974" lon="-73.960352">
        <ele>37.4</ele>
        <time>2026-05-22T15:36:25.000Z</time>
      </trkpt>
      <trkpt lat="40.782983" lon="-73.960346">
        <ele>37.4</ele>
        <time>2026-05-22T15:36:26.000Z</time>
      </trkpt>
      <trkpt lat="40.782992" lon="-73.96034">
        <ele>37.4</ele>
        <time>2026-05-22T15:36:27.000Z</time>
      </trkpt>
      <trkpt lat="40.783001" lon="-73.960334">
        <ele>37.4</ele>
        <time>2026-05-22T15:36:28.000Z</time>
      </trkpt>
      <trkpt lat="40.78301" lon="-73.960327">
        <ele>37.4</ele>
        <time>2026-05-22T15:36:29.000Z</time>
      </trkpt>
      <trkpt lat="40.783019" lon="-73.96032">
        <ele>37.4</ele>
        <time>2026-05-22T15:36:30.000Z</time>
      </trkpt>
      <trkpt lat="40.783027" lon="-73.960312">
        <ele>37.4</ele>
        <time>2026-05-22T15:36:31.000Z</time>
      </trkpt>
      <trkpt lat="40.783035" lon="-73.960305">
        <ele>37.4</ele>
        <time>2026-05-22T15:36:32.000Z</time>
      </trkpt>
      <trkpt lat="40.783043" lon="-73.960298">
        <ele>37.4</ele>
        <time>2026-05-22T15:36:33.000Z</time>
      </trkpt>
      <trkpt lat="40.78305" lon="-73.960292">
        <ele>37.4</ele>
        <time>2026-05-22T15:36:34.000Z</time>
      </trkpt>
      <trkpt lat="40.783057" lon="-73.960286">
        <ele>37.4</ele>
        <time>2026-05-22T15:36:35.000Z</time>
      </trkpt>
      <trkpt lat="40.783066" lon="-73.960279">
        <ele>37.4</ele>
        <time>2026-05-22T15:36:36.000Z</time>
      </trkpt>
      <trkpt lat="40.783075" lon="-73.960272">
        <ele>37.4</ele>
        <time>2026-05-22T15:36:37.000Z</time>
      </trkpt>
      <trkpt lat="40.783084" lon="-73.960265">
        <ele>37.4</ele>
        <time>2026-05-22T15:36:38.000Z</time>
      </trkpt>
      <trkpt lat="40.783093" lon="-73.960258">
        <ele>37.4</ele>
        <time>2026-05-22T15:36:39.000Z</time>
      </trkpt>
      <trkpt lat="40.783103" lon="-73.960252">
        <ele>37.4</ele>
        <time>2026-05-22T15:36:40.000Z</time>
      </trkpt>
      <trkpt lat="40.783113" lon="-73.960244">
        <ele>37.4</ele>
        <time>2026-05-22T15:36:41.000Z</time>
      </trkpt>
      <trkpt lat="40.783123" lon="-73.960237">
        <ele>37.4</ele>
        <time>2026-05-22T15:36:42.000Z</time>
      </trkpt>
      <trkpt lat="40.783133" lon="-73.96023">
        <ele>37.4</ele>
        <time>2026-05-22T15:36:43.000Z</time>
      </trkpt>
      <trkpt lat="40.783144" lon="-73.960224">
        <ele>37.4</ele>
        <time>2026-05-22T15:36:44.000Z</time>
      </trkpt>
      <trkpt lat="40.783154" lon="-73.960218">
        <ele>37.4</ele>
        <time>2026-05-22T15:36:45.000Z</time>
      </trkpt>
      <trkpt lat="40.783164" lon="-73.960212">
        <ele>37.2</ele>
        <time>2026-05-22T15:36:46.000Z</time>
      </trkpt>
      <trkpt lat="40.783174" lon="-73.960206">
        <ele>37.2</ele>
        <time>2026-05-22T15:36:47.000Z</time>
      </trkpt>
      <trkpt lat="40.783183" lon="-73.960199">
        <ele>37.2</ele>
        <time>2026-05-22T15:36:48.000Z</time>
      </trkpt>
      <trkpt lat="40.783193" lon="-73.960193">
        <ele>37.2</ele>
        <time>2026-05-22T15:36:49.000Z</time>
      </trkpt>
      <trkpt lat="40.783203" lon="-73.960187">
        <ele>37.2</ele>
        <time>2026-05-22T15:36:50.000Z</time>
      </trkpt>
      <trkpt lat="40.783213" lon="-73.96018">
        <ele>37.2</ele>
        <time>2026-05-22T15:36:51.000Z</time>
      </trkpt>
      <trkpt lat="40.783222" lon="-73.960173">
        <ele>37.2</ele>
        <time>2026-05-22T15:36:52.000Z</time>
      </trkpt>
      <trkpt lat="40.783231" lon="-73.960166">
        <ele>37.2</ele>
        <time>2026-05-22T15:36:53.000Z</time>
      </trkpt>
      <trkpt lat="40.783241" lon="-73.960159">
        <ele>37.4</ele>
        <time>2026-05-22T15:36:54.000Z</time>
      </trkpt>
      <trkpt lat="40.78325" lon="-73.960152">
        <ele>37.4</ele>
        <time>2026-05-22T15:36:55.000Z</time>
      </trkpt>
      <trkpt lat="40.78326" lon="-73.960145">
        <ele>37.4</ele>
        <time>2026-05-22T15:36:56.000Z</time>
      </trkpt>
      <trkpt lat="40.78327" lon="-73.960138">
        <ele>37.4</ele>
        <time>2026-05-22T15:36:57.000Z</time>
      </trkpt>
      <trkpt lat="40.78328" lon="-73.960131">
        <ele>37.4</ele>
        <time>2026-05-22T15:36:58.000Z</time>
      </trkpt>
      <trkpt lat="40.783289" lon="-73.960123">
        <ele>37.4</ele>
        <time>2026-05-22T15:36:59.000Z</time>
      </trkpt>
      <trkpt lat="40.783299" lon="-73.960116">
        <ele>37.4</ele>
        <time>2026-05-22T15:37:00.000Z</time>
      </trkpt>
      <trkpt lat="40.783309" lon="-73.960109">
        <ele>37.4</ele>
        <time>2026-05-22T15:37:01.000Z</time>
      </trkpt>
      <trkpt lat="40.783319" lon="-73.960103">
        <ele>37.4</ele>
        <time>2026-05-22T15:37:02.000Z</time>
      </trkpt>
      <trkpt lat="40.783329" lon="-73.960096">
        <ele>37.4</ele>
        <time>2026-05-22T15:37:03.000Z</time>
      </trkpt>
      <trkpt lat="40.783339" lon="-73.960089">
        <ele>37.4</ele>
        <time>2026-05-22T15:37:04.000Z</time>
      </trkpt>
      <trkpt lat="40.783348" lon="-73.960082">
        <ele>37.4</ele>
        <time>2026-05-22T15:37:05.000Z</time>
      </trkpt>
      <trkpt lat="40.783358" lon="-73.960075">
        <ele>37.4</ele>
        <time>2026-05-22T15:37:06.000Z</time>
      </trkpt>
      <trkpt lat="40.783368" lon="-73.960068">
        <ele>37.4</ele>
        <time>2026-05-22T15:37:07.000Z</time>
      </trkpt>
      <trkpt lat="40.783378" lon="-73.96006">
        <ele>37.4</ele>
        <time>2026-05-22T15:37:08.000Z</time>
      </trkpt>
      <trkpt lat="40.783388" lon="-73.960053">
        <ele>37.4</ele>
        <time>2026-05-22T15:37:09.000Z</time>
      </trkpt>
      <trkpt lat="40.783396" lon="-73.960046">
        <ele>37.4</ele>
        <time>2026-05-22T15:37:10.000Z</time>
      </trkpt>
      <trkpt lat="40.783404" lon="-73.96004">
        <ele>37.4</ele>
        <time>2026-05-22T15:37:11.000Z</time>
      </trkpt>
      <trkpt lat="40.783413" lon="-73.960033">
        <ele>37.4</ele>
        <time>2026-05-22T15:37:12.000Z</time>
      </trkpt>
      <trkpt lat="40.783423" lon="-73.960026">
        <ele>37.4</ele>
        <time>2026-05-22T15:37:13.000Z</time>
      </trkpt>
      <trkpt lat="40.783434" lon="-73.960019">
        <ele>37.4</ele>
        <time>2026-05-22T15:37:14.000Z</time>
      </trkpt>
      <trkpt lat="40.783444" lon="-73.960012">
        <ele>37.4</ele>
        <time>2026-05-22T15:37:15.000Z</time>
      </trkpt>
      <trkpt lat="40.783455" lon="-73.960005">
        <ele>37.4</ele>
        <time>2026-05-22T15:37:16.000Z</time>
      </trkpt>
      <trkpt lat="40.783466" lon="-73.959999">
        <ele>37.4</ele>
        <time>2026-05-22T15:37:17.000Z</time>
      </trkpt>
      <trkpt lat="40.783476" lon="-73.959992">
        <ele>37.4</ele>
        <time>2026-05-22T15:37:18.000Z</time>
      </trkpt>
      <trkpt lat="40.783486" lon="-73.959986">
        <ele>37.4</ele>
        <time>2026-05-22T15:37:19.000Z</time>
      </trkpt>
      <trkpt lat="40.783495" lon="-73.959979">
        <ele>37.4</ele>
        <time>2026-05-22T15:37:20.000Z</time>
      </trkpt>
      <trkpt lat="40.783505" lon="-73.959971">
        <ele>37.4</ele>
        <time>2026-05-22T15:37:21.000Z</time>
      </trkpt>
      <trkpt lat="40.783514" lon="-73.959964">
        <ele>37.4</ele>
        <time>2026-05-22T15:37:22.000Z</time>
      </trkpt>
      <trkpt lat="40.783524" lon="-73.959957">
        <ele>37.4</ele>
        <time>2026-05-22T15:37:23.000Z</time>
      </trkpt>
      <trkpt lat="40.783533" lon="-73.95995">
        <ele>37.4</ele>
        <time>2026-05-22T15:37:24.000Z</time>
      </trkpt>
      <trkpt lat="40.783542" lon="-73.959943">
        <ele>37.4</ele>
        <time>2026-05-22T15:37:25.000Z</time>
      </trkpt>
      <trkpt lat="40.783551" lon="-73.959936">
        <ele>37.4</ele>
        <time>2026-05-22T15:37:26.000Z</time>
      </trkpt>
      <trkpt lat="40.78356" lon="-73.959928">
        <ele>37.4</ele>
        <time>2026-05-22T15:37:27.000Z</time>
      </trkpt>
      <trkpt lat="40.783568" lon="-73.959922">
        <ele>37.4</ele>
        <time>2026-05-22T15:37:28.000Z</time>
      </trkpt>
      <trkpt lat="40.783577" lon="-73.959915">
        <ele>37.4</ele>
        <time>2026-05-22T15:37:29.000Z</time>
      </trkpt>
      <trkpt lat="40.783585" lon="-73.959908">
        <ele>37.6</ele>
        <time>2026-05-22T15:37:30.000Z</time>
      </trkpt>
      <trkpt lat="40.783594" lon="-73.959902">
        <ele>37.6</ele>
        <time>2026-05-22T15:37:31.000Z</time>
      </trkpt>
      <trkpt lat="40.783602" lon="-73.959895">
        <ele>37.6</ele>
        <time>2026-05-22T15:37:32.000Z</time>
      </trkpt>
      <trkpt lat="40.78361" lon="-73.959888">
        <ele>37.6</ele>
        <time>2026-05-22T15:37:33.000Z</time>
      </trkpt>
      <trkpt lat="40.783618" lon="-73.959882">
        <ele>37.6</ele>
        <time>2026-05-22T15:37:34.000Z</time>
      </trkpt>
      <trkpt lat="40.783626" lon="-73.959876">
        <ele>37.6</ele>
        <time>2026-05-22T15:37:35.000Z</time>
      </trkpt>
      <trkpt lat="40.783634" lon="-73.95987">
        <ele>37.6</ele>
        <time>2026-05-22T15:37:36.000Z</time>
      </trkpt>
      <trkpt lat="40.783643" lon="-73.959865">
        <ele>37.6</ele>
        <time>2026-05-22T15:37:37.000Z</time>
      </trkpt>
      <trkpt lat="40.783652" lon="-73.959859">
        <ele>37.6</ele>
        <time>2026-05-22T15:37:38.000Z</time>
      </trkpt>
      <trkpt lat="40.78366" lon="-73.959852">
        <ele>37.6</ele>
        <time>2026-05-22T15:37:39.000Z</time>
      </trkpt>
      <trkpt lat="40.783669" lon="-73.959846">
        <ele>37.6</ele>
        <time>2026-05-22T15:37:40.000Z</time>
      </trkpt>
      <trkpt lat="40.783678" lon="-73.959839">
        <ele>37.6</ele>
        <time>2026-05-22T15:37:41.000Z</time>
      </trkpt>
      <trkpt lat="40.783686" lon="-73.959832">
        <ele>37.6</ele>
        <time>2026-05-22T15:37:42.000Z</time>
      </trkpt>
      <trkpt lat="40.783695" lon="-73.959826">
        <ele>37.6</ele>
        <time>2026-05-22T15:37:43.000Z</time>
      </trkpt>
      <trkpt lat="40.783704" lon="-73.959819">
        <ele>37.6</ele>
        <time>2026-05-22T15:37:44.000Z</time>
      </trkpt>
      <trkpt lat="40.783714" lon="-73.959813">
        <ele>37.6</ele>
        <time>2026-05-22T15:37:45.000Z</time>
      </trkpt>
      <trkpt lat="40.783723" lon="-73.959807">
        <ele>37.6</ele>
        <time>2026-05-22T15:37:46.000Z</time>
      </trkpt>
      <trkpt lat="40.783732" lon="-73.959802">
        <ele>37.6</ele>
        <time>2026-05-22T15:37:47.000Z</time>
      </trkpt>
      <trkpt lat="40.783742" lon="-73.959797">
        <ele>37.6</ele>
        <time>2026-05-22T15:37:48.000Z</time>
      </trkpt>
      <trkpt lat="40.783752" lon="-73.959791">
        <ele>37.6</ele>
        <time>2026-05-22T15:37:49.000Z</time>
      </trkpt>
      <trkpt lat="40.783763" lon="-73.959785">
        <ele>37.6</ele>
        <time>2026-05-22T15:37:50.000Z</time>
      </trkpt>
      <trkpt lat="40.783774" lon="-73.959779">
        <ele>37.6</ele>
        <time>2026-05-22T15:37:51.000Z</time>
      </trkpt>
      <trkpt lat="40.783786" lon="-73.959773">
        <ele>37.6</ele>
        <time>2026-05-22T15:37:52.000Z</time>
      </trkpt>
      <trkpt lat="40.783797" lon="-73.959766">
        <ele>37.6</ele>
        <time>2026-05-22T15:37:53.000Z</time>
      </trkpt>
      <trkpt lat="40.783807" lon="-73.959759">
        <ele>37.6</ele>
        <time>2026-05-22T15:37:54.000Z</time>
      </trkpt>
      <trkpt lat="40.783817" lon="-73.959751">
        <ele>37.6</ele>
        <time>2026-05-22T15:37:55.000Z</time>
      </trkpt>
      <trkpt lat="40.783827" lon="-73.959743">
        <ele>37.6</ele>
        <time>2026-05-22T15:37:56.000Z</time>
      </trkpt>
      <trkpt lat="40.783836" lon="-73.959734">
        <ele>37.6</ele>
        <time>2026-05-22T15:37:57.000Z</time>
      </trkpt>
      <trkpt lat="40.783845" lon="-73.959726">
        <ele>37.6</ele>
        <time>2026-05-22T15:37:58.000Z</time>
      </trkpt>
      <trkpt lat="40.783853" lon="-73.959718">
        <ele>37.6</ele>
        <time>2026-05-22T15:37:59.000Z</time>
      </trkpt>
      <trkpt lat="40.783861" lon="-73.959709">
        <ele>37.6</ele>
        <time>2026-05-22T15:38:00.000Z</time>
      </trkpt>
      <trkpt lat="40.78387" lon="-73.959701">
        <ele>37.4</ele>
        <time>2026-05-22T15:38:01.000Z</time>
      </trkpt>
      <trkpt lat="40.783878" lon="-73.959693">
        <ele>37.4</ele>
        <time>2026-05-22T15:38:02.000Z</time>
      </trkpt>
      <trkpt lat="40.783886" lon="-73.959686">
        <ele>37.4</ele>
        <time>2026-05-22T15:38:03.000Z</time>
      </trkpt>
      <trkpt lat="40.783895" lon="-73.959678">
        <ele>37.4</ele>
        <time>2026-05-22T15:38:04.000Z</time>
      </trkpt>
      <trkpt lat="40.783904" lon="-73.959671">
        <ele>37.4</ele>
        <time>2026-05-22T15:38:05.000Z</time>
      </trkpt>
      <trkpt lat="40.783914" lon="-73.959664">
        <ele>37.4</ele>
        <time>2026-05-22T15:38:06.000Z</time>
      </trkpt>
      <trkpt lat="40.783923" lon="-73.959657">
        <ele>37.4</ele>
        <time>2026-05-22T15:38:07.000Z</time>
      </trkpt>
      <trkpt lat="40.783933" lon="-73.959651">
        <ele>37.4</ele>
        <time>2026-05-22T15:38:08.000Z</time>
      </trkpt>
      <trkpt lat="40.783943" lon="-73.959644">
        <ele>37.4</ele>
        <time>2026-05-22T15:38:09.000Z</time>
      </trkpt>
      <trkpt lat="40.783953" lon="-73.959636">
        <ele>37.4</ele>
        <time>2026-05-22T15:38:10.000Z</time>
      </trkpt>
      <trkpt lat="40.783963" lon="-73.959628">
        <ele>37.4</ele>
        <time>2026-05-22T15:38:11.000Z</time>
      </trkpt>
      <trkpt lat="40.783972" lon="-73.95962">
        <ele>37.4</ele>
        <time>2026-05-22T15:38:12.000Z</time>
      </trkpt>
      <trkpt lat="40.783982" lon="-73.959613">
        <ele>37.4</ele>
        <time>2026-05-22T15:38:13.000Z</time>
      </trkpt>
      <trkpt lat="40.783992" lon="-73.959606">
        <ele>37.4</ele>
        <time>2026-05-22T15:38:14.000Z</time>
      </trkpt>
      <trkpt lat="40.784" lon="-73.959599">
        <ele>37.4</ele>
        <time>2026-05-22T15:38:15.000Z</time>
      </trkpt>
      <trkpt lat="40.784009" lon="-73.959593">
        <ele>37.4</ele>
        <time>2026-05-22T15:38:16.000Z</time>
      </trkpt>
      <trkpt lat="40.784017" lon="-73.959586">
        <ele>37.4</ele>
        <time>2026-05-22T15:38:17.000Z</time>
      </trkpt>
      <trkpt lat="40.784025" lon="-73.959579">
        <ele>37.4</ele>
        <time>2026-05-22T15:38:18.000Z</time>
      </trkpt>
      <trkpt lat="40.784034" lon="-73.959572">
        <ele>37.4</ele>
        <time>2026-05-22T15:38:19.000Z</time>
      </trkpt>
      <trkpt lat="40.784043" lon="-73.959565">
        <ele>37.6</ele>
        <time>2026-05-22T15:38:20.000Z</time>
      </trkpt>
      <trkpt lat="40.784051" lon="-73.959559">
        <ele>37.6</ele>
        <time>2026-05-22T15:38:21.000Z</time>
      </trkpt>
      <trkpt lat="40.78406" lon="-73.959553">
        <ele>37.6</ele>
        <time>2026-05-22T15:38:22.000Z</time>
      </trkpt>
      <trkpt lat="40.78407" lon="-73.959547">
        <ele>37.6</ele>
        <time>2026-05-22T15:38:23.000Z</time>
      </trkpt>
      <trkpt lat="40.784079" lon="-73.959541">
        <ele>37.6</ele>
        <time>2026-05-22T15:38:24.000Z</time>
      </trkpt>
      <trkpt lat="40.784088" lon="-73.959534">
        <ele>37.6</ele>
        <time>2026-05-22T15:38:25.000Z</time>
      </trkpt>
      <trkpt lat="40.784098" lon="-73.959528">
        <ele>37.6</ele>
        <time>2026-05-22T15:38:26.000Z</time>
      </trkpt>
      <trkpt lat="40.784108" lon="-73.959522">
        <ele>37.6</ele>
        <time>2026-05-22T15:38:27.000Z</time>
      </trkpt>
      <trkpt lat="40.784118" lon="-73.959517">
        <ele>37.6</ele>
        <time>2026-05-22T15:38:28.000Z</time>
      </trkpt>
      <trkpt lat="40.784127" lon="-73.959512">
        <ele>37.6</ele>
        <time>2026-05-22T15:38:29.000Z</time>
      </trkpt>
      <trkpt lat="40.784136" lon="-73.959506">
        <ele>37.6</ele>
        <time>2026-05-22T15:38:30.000Z</time>
      </trkpt>
      <trkpt lat="40.784145" lon="-73.9595">
        <ele>37.6</ele>
        <time>2026-05-22T15:38:31.000Z</time>
      </trkpt>
      <trkpt lat="40.784156" lon="-73.959493">
        <ele>37.4</ele>
        <time>2026-05-22T15:38:32.000Z</time>
      </trkpt>
      <trkpt lat="40.784166" lon="-73.959487">
        <ele>37.4</ele>
        <time>2026-05-22T15:38:33.000Z</time>
      </trkpt>
      <trkpt lat="40.784176" lon="-73.959481">
        <ele>37.4</ele>
        <time>2026-05-22T15:38:34.000Z</time>
      </trkpt>
      <trkpt lat="40.784185" lon="-73.959474">
        <ele>37.4</ele>
        <time>2026-05-22T15:38:35.000Z</time>
      </trkpt>
      <trkpt lat="40.784195" lon="-73.959467">
        <ele>37.4</ele>
        <time>2026-05-22T15:38:36.000Z</time>
      </trkpt>
      <trkpt lat="40.784205" lon="-73.95946">
        <ele>37.4</ele>
        <time>2026-05-22T15:38:37.000Z</time>
      </trkpt>
      <trkpt lat="40.784215" lon="-73.959453">
        <ele>37.4</ele>
        <time>2026-05-22T15:38:38.000Z</time>
      </trkpt>
      <trkpt lat="40.784225" lon="-73.959446">
        <ele>37.4</ele>
        <time>2026-05-22T15:38:39.000Z</time>
      </trkpt>
      <trkpt lat="40.784235" lon="-73.959438">
        <ele>37.6</ele>
        <time>2026-05-22T15:38:40.000Z</time>
      </trkpt>
      <trkpt lat="40.784245" lon="-73.959431">
        <ele>37.6</ele>
        <time>2026-05-22T15:38:41.000Z</time>
      </trkpt>
      <trkpt lat="40.784254" lon="-73.959423">
        <ele>37.6</ele>
        <time>2026-05-22T15:38:42.000Z</time>
      </trkpt>
      <trkpt lat="40.784263" lon="-73.959415">
        <ele>37.6</ele>
        <time>2026-05-22T15:38:43.000Z</time>
      </trkpt>
      <trkpt lat="40.784271" lon="-73.959408">
        <ele>37.6</ele>
        <time>2026-05-22T15:38:44.000Z</time>
      </trkpt>
      <trkpt lat="40.78428" lon="-73.959402">
        <ele>37.6</ele>
        <time>2026-05-22T15:38:45.000Z</time>
      </trkpt>
      <trkpt lat="40.784296" lon="-73.95939">
        <ele>37.6</ele>
        <time>2026-05-22T15:38:46.000Z</time>
      </trkpt>
      <trkpt lat="40.784302" lon="-73.959384">
        <ele>37.6</ele>
        <time>2026-05-22T15:38:47.000Z</time>
      </trkpt>
      <trkpt lat="40.784309" lon="-73.959379">
        <ele>37.6</ele>
        <time>2026-05-22T15:38:48.000Z</time>
      </trkpt>
      <trkpt lat="40.784319" lon="-73.959373">
        <ele>37.6</ele>
        <time>2026-05-22T15:38:49.000Z</time>
      </trkpt>
      <trkpt lat="40.784328" lon="-73.959367">
        <ele>37.6</ele>
        <time>2026-05-22T15:38:50.000Z</time>
      </trkpt>
      <trkpt lat="40.784337" lon="-73.959361">
        <ele>37.6</ele>
        <time>2026-05-22T15:38:51.000Z</time>
      </trkpt>
      <trkpt lat="40.784345" lon="-73.959354">
        <ele>37.4</ele>
        <time>2026-05-22T15:38:52.000Z</time>
      </trkpt>
      <trkpt lat="40.784352" lon="-73.959346">
        <ele>37.4</ele>
        <time>2026-05-22T15:38:53.000Z</time>
      </trkpt>
      <trkpt lat="40.784359" lon="-73.959339">
        <ele>37.4</ele>
        <time>2026-05-22T15:38:54.000Z</time>
      </trkpt>
      <trkpt lat="40.784367" lon="-73.959331">
        <ele>37.4</ele>
        <time>2026-05-22T15:38:55.000Z</time>
      </trkpt>
      <trkpt lat="40.784376" lon="-73.959322">
        <ele>37.4</ele>
        <time>2026-05-22T15:38:56.000Z</time>
      </trkpt>
      <trkpt lat="40.784386" lon="-73.959314">
        <ele>37.4</ele>
        <time>2026-05-22T15:38:57.000Z</time>
      </trkpt>
      <trkpt lat="40.784396" lon="-73.959306">
        <ele>37.2</ele>
        <time>2026-05-22T15:38:58.000Z</time>
      </trkpt>
      <trkpt lat="40.784406" lon="-73.959299">
        <ele>37.2</ele>
        <time>2026-05-22T15:38:59.000Z</time>
      </trkpt>
      <trkpt lat="40.784415" lon="-73.959291">
        <ele>37.2</ele>
        <time>2026-05-22T15:39:00.000Z</time>
      </trkpt>
      <trkpt lat="40.784425" lon="-73.959284">
        <ele>37.2</ele>
        <time>2026-05-22T15:39:01.000Z</time>
      </trkpt>
      <trkpt lat="40.784435" lon="-73.959277">
        <ele>37.2</ele>
        <time>2026-05-22T15:39:02.000Z</time>
      </trkpt>
      <trkpt lat="40.784444" lon="-73.95927">
        <ele>37.2</ele>
        <time>2026-05-22T15:39:03.000Z</time>
      </trkpt>
      <trkpt lat="40.784454" lon="-73.959263">
        <ele>37.2</ele>
        <time>2026-05-22T15:39:04.000Z</time>
      </trkpt>
      <trkpt lat="40.784463" lon="-73.959256">
        <ele>37.2</ele>
        <time>2026-05-22T15:39:05.000Z</time>
      </trkpt>
      <trkpt lat="40.784471" lon="-73.959248">
        <ele>37.2</ele>
        <time>2026-05-22T15:39:06.000Z</time>
      </trkpt>
      <trkpt lat="40.784479" lon="-73.95924">
        <ele>37.2</ele>
        <time>2026-05-22T15:39:07.000Z</time>
      </trkpt>
      <trkpt lat="40.784487" lon="-73.95923">
        <ele>37.2</ele>
        <time>2026-05-22T15:39:08.000Z</time>
      </trkpt>
      <trkpt lat="40.784495" lon="-73.959221">
        <ele>37.2</ele>
        <time>2026-05-22T15:39:09.000Z</time>
      </trkpt>
      <trkpt lat="40.784503" lon="-73.959213">
        <ele>37.2</ele>
        <time>2026-05-22T15:39:10.000Z</time>
      </trkpt>
      <trkpt lat="40.78451" lon="-73.959205">
        <ele>37.2</ele>
        <time>2026-05-22T15:39:11.000Z</time>
      </trkpt>
      <trkpt lat="40.784518" lon="-73.959198">
        <ele>37.2</ele>
        <time>2026-05-22T15:39:12.000Z</time>
      </trkpt>
      <trkpt lat="40.784525" lon="-73.95919">
        <ele>37.2</ele>
        <time>2026-05-22T15:39:13.000Z</time>
      </trkpt>
      <trkpt lat="40.784533" lon="-73.959183">
        <ele>37.2</ele>
        <time>2026-05-22T15:39:14.000Z</time>
      </trkpt>
      <trkpt lat="40.784541" lon="-73.959176">
        <ele>37.2</ele>
        <time>2026-05-22T15:39:15.000Z</time>
      </trkpt>
      <trkpt lat="40.784549" lon="-73.95917">
        <ele>37.2</ele>
        <time>2026-05-22T15:39:16.000Z</time>
      </trkpt>
      <trkpt lat="40.784558" lon="-73.959162">
        <ele>37.2</ele>
        <time>2026-05-22T15:39:17.000Z</time>
      </trkpt>
      <trkpt lat="40.784567" lon="-73.959155">
        <ele>37.2</ele>
        <time>2026-05-22T15:39:18.000Z</time>
      </trkpt>
      <trkpt lat="40.784576" lon="-73.959148">
        <ele>37.2</ele>
        <time>2026-05-22T15:39:19.000Z</time>
      </trkpt>
      <trkpt lat="40.784585" lon="-73.959142">
        <ele>37.2</ele>
        <time>2026-05-22T15:39:20.000Z</time>
      </trkpt>
      <trkpt lat="40.784595" lon="-73.959136">
        <ele>37.2</ele>
        <time>2026-05-22T15:39:21.000Z</time>
      </trkpt>
      <trkpt lat="40.784605" lon="-73.95913">
        <ele>37.2</ele>
        <time>2026-05-22T15:39:22.000Z</time>
      </trkpt>
      <trkpt lat="40.784616" lon="-73.959124">
        <ele>37.2</ele>
        <time>2026-05-22T15:39:23.000Z</time>
      </trkpt>
      <trkpt lat="40.784627" lon="-73.959118">
        <ele>37.2</ele>
        <time>2026-05-22T15:39:24.000Z</time>
      </trkpt>
      <trkpt lat="40.784638" lon="-73.959112">
        <ele>37.2</ele>
        <time>2026-05-22T15:39:25.000Z</time>
      </trkpt>
      <trkpt lat="40.784648" lon="-73.959105">
        <ele>37.4</ele>
        <time>2026-05-22T15:39:26.000Z</time>
      </trkpt>
      <trkpt lat="40.784659" lon="-73.9591">
        <ele>37.4</ele>
        <time>2026-05-22T15:39:27.000Z</time>
      </trkpt>
      <trkpt lat="40.78467" lon="-73.959094">
        <ele>37.4</ele>
        <time>2026-05-22T15:39:28.000Z</time>
      </trkpt>
      <trkpt lat="40.784681" lon="-73.959089">
        <ele>37.4</ele>
        <time>2026-05-22T15:39:29.000Z</time>
      </trkpt>
      <trkpt lat="40.784692" lon="-73.959084">
        <ele>37.4</ele>
        <time>2026-05-22T15:39:30.000Z</time>
      </trkpt>
      <trkpt lat="40.784703" lon="-73.959078">
        <ele>37.4</ele>
        <time>2026-05-22T15:39:31.000Z</time>
      </trkpt>
      <trkpt lat="40.784713" lon="-73.959072">
        <ele>37.4</ele>
        <time>2026-05-22T15:39:32.000Z</time>
      </trkpt>
      <trkpt lat="40.784722" lon="-73.959066">
        <ele>37.4</ele>
        <time>2026-05-22T15:39:33.000Z</time>
      </trkpt>
      <trkpt lat="40.784731" lon="-73.959059">
        <ele>37.4</ele>
        <time>2026-05-22T15:39:34.000Z</time>
      </trkpt>
      <trkpt lat="40.78474" lon="-73.959052">
        <ele>37.4</ele>
        <time>2026-05-22T15:39:35.000Z</time>
      </trkpt>
      <trkpt lat="40.784749" lon="-73.959045">
        <ele>37.4</ele>
        <time>2026-05-22T15:39:36.000Z</time>
      </trkpt>
      <trkpt lat="40.784758" lon="-73.959037">
        <ele>37.4</ele>
        <time>2026-05-22T15:39:37.000Z</time>
      </trkpt>
      <trkpt lat="40.784767" lon="-73.95903">
        <ele>37.6</ele>
        <time>2026-05-22T15:39:38.000Z</time>
      </trkpt>
      <trkpt lat="40.784776" lon="-73.959022">
        <ele>37.6</ele>
        <time>2026-05-22T15:39:39.000Z</time>
      </trkpt>
      <trkpt lat="40.784786" lon="-73.959016">
        <ele>37.6</ele>
        <time>2026-05-22T15:39:40.000Z</time>
      </trkpt>
      <trkpt lat="40.784795" lon="-73.959009">
        <ele>37.6</ele>
        <time>2026-05-22T15:39:41.000Z</time>
      </trkpt>
      <trkpt lat="40.784805" lon="-73.959003">
        <ele>37.6</ele>
        <time>2026-05-22T15:39:42.000Z</time>
      </trkpt>
      <trkpt lat="40.784815" lon="-73.958996">
        <ele>37.8</ele>
        <time>2026-05-22T15:39:43.000Z</time>
      </trkpt>
      <trkpt lat="40.784825" lon="-73.958989">
        <ele>37.8</ele>
        <time>2026-05-22T15:39:44.000Z</time>
      </trkpt>
      <trkpt lat="40.784835" lon="-73.958983">
        <ele>37.8</ele>
        <time>2026-05-22T15:39:45.000Z</time>
      </trkpt>
      <trkpt lat="40.784845" lon="-73.958976">
        <ele>37.8</ele>
        <time>2026-05-22T15:39:46.000Z</time>
      </trkpt>
      <trkpt lat="40.784854" lon="-73.95897">
        <ele>37.8</ele>
        <time>2026-05-22T15:39:47.000Z</time>
      </trkpt>
      <trkpt lat="40.784863" lon="-73.958963">
        <ele>37.8</ele>
        <time>2026-05-22T15:39:48.000Z</time>
      </trkpt>
      <trkpt lat="40.784873" lon="-73.958956">
        <ele>37.8</ele>
        <time>2026-05-22T15:39:49.000Z</time>
      </trkpt>
      <trkpt lat="40.784882" lon="-73.95895">
        <ele>37.8</ele>
        <time>2026-05-22T15:39:50.000Z</time>
      </trkpt>
      <trkpt lat="40.784891" lon="-73.958944">
        <ele>37.8</ele>
        <time>2026-05-22T15:39:51.000Z</time>
      </trkpt>
      <trkpt lat="40.784901" lon="-73.958939">
        <ele>37.8</ele>
        <time>2026-05-22T15:39:52.000Z</time>
      </trkpt>
      <trkpt lat="40.78491" lon="-73.958933">
        <ele>37.8</ele>
        <time>2026-05-22T15:39:53.000Z</time>
      </trkpt>
      <trkpt lat="40.78492" lon="-73.958928">
        <ele>37.8</ele>
        <time>2026-05-22T15:39:54.000Z</time>
      </trkpt>
      <trkpt lat="40.784929" lon="-73.958921">
        <ele>37.8</ele>
        <time>2026-05-22T15:39:55.000Z</time>
      </trkpt>
      <trkpt lat="40.784938" lon="-73.958915">
        <ele>37.8</ele>
        <time>2026-05-22T15:39:56.000Z</time>
      </trkpt>
      <trkpt lat="40.784946" lon="-73.958909">
        <ele>37.8</ele>
        <time>2026-05-22T15:39:57.000Z</time>
      </trkpt>
      <trkpt lat="40.784954" lon="-73.958901">
        <ele>37.8</ele>
        <time>2026-05-22T15:39:58.000Z</time>
      </trkpt>
      <trkpt lat="40.784962" lon="-73.958893">
        <ele>37.8</ele>
        <time>2026-05-22T15:39:59.000Z</time>
      </trkpt>
      <trkpt lat="40.784969" lon="-73.958884">
        <ele>37.8</ele>
        <time>2026-05-22T15:40:00.000Z</time>
      </trkpt>
      <trkpt lat="40.784977" lon="-73.958875">
        <ele>37.8</ele>
        <time>2026-05-22T15:40:01.000Z</time>
      </trkpt>
      <trkpt lat="40.784986" lon="-73.958866">
        <ele>37.8</ele>
        <time>2026-05-22T15:40:02.000Z</time>
      </trkpt>
      <trkpt lat="40.784995" lon="-73.958858">
        <ele>37.8</ele>
        <time>2026-05-22T15:40:03.000Z</time>
      </trkpt>
      <trkpt lat="40.785004" lon="-73.95885">
        <ele>37.8</ele>
        <time>2026-05-22T15:40:04.000Z</time>
      </trkpt>
      <trkpt lat="40.785013" lon="-73.958842">
        <ele>37.8</ele>
        <time>2026-05-22T15:40:05.000Z</time>
      </trkpt>
      <trkpt lat="40.785021" lon="-73.958834">
        <ele>37.8</ele>
        <time>2026-05-22T15:40:06.000Z</time>
      </trkpt>
      <trkpt lat="40.78503" lon="-73.958827">
        <ele>37.8</ele>
        <time>2026-05-22T15:40:07.000Z</time>
      </trkpt>
      <trkpt lat="40.785039" lon="-73.958819">
        <ele>37.8</ele>
        <time>2026-05-22T15:40:08.000Z</time>
      </trkpt>
      <trkpt lat="40.785048" lon="-73.958811">
        <ele>37.8</ele>
        <time>2026-05-22T15:40:09.000Z</time>
      </trkpt>
      <trkpt lat="40.785057" lon="-73.958804">
        <ele>37.8</ele>
        <time>2026-05-22T15:40:10.000Z</time>
      </trkpt>
      <trkpt lat="40.785066" lon="-73.958796">
        <ele>37.8</ele>
        <time>2026-05-22T15:40:11.000Z</time>
      </trkpt>
      <trkpt lat="40.785075" lon="-73.958789">
        <ele>37.8</ele>
        <time>2026-05-22T15:40:12.000Z</time>
      </trkpt>
      <trkpt lat="40.785084" lon="-73.958782">
        <ele>37.8</ele>
        <time>2026-05-22T15:40:13.000Z</time>
      </trkpt>
      <trkpt lat="40.785094" lon="-73.958774">
        <ele>37.8</ele>
        <time>2026-05-22T15:40:14.000Z</time>
      </trkpt>
      <trkpt lat="40.785104" lon="-73.958767">
        <ele>37.8</ele>
        <time>2026-05-22T15:40:15.000Z</time>
      </trkpt>
      <trkpt lat="40.785112" lon="-73.958761">
        <ele>37.8</ele>
        <time>2026-05-22T15:40:16.000Z</time>
      </trkpt>
      <trkpt lat="40.78512" lon="-73.958755">
        <ele>37.8</ele>
        <time>2026-05-22T15:40:17.000Z</time>
      </trkpt>
      <trkpt lat="40.785128" lon="-73.958749">
        <ele>37.8</ele>
        <time>2026-05-22T15:40:18.000Z</time>
      </trkpt>
      <trkpt lat="40.785136" lon="-73.958743">
        <ele>37.8</ele>
        <time>2026-05-22T15:40:19.000Z</time>
      </trkpt>
      <trkpt lat="40.785144" lon="-73.958737">
        <ele>37.8</ele>
        <time>2026-05-22T15:40:20.000Z</time>
      </trkpt>
      <trkpt lat="40.785153" lon="-73.95873">
        <ele>37.8</ele>
        <time>2026-05-22T15:40:21.000Z</time>
      </trkpt>
      <trkpt lat="40.785162" lon="-73.958723">
        <ele>37.8</ele>
        <time>2026-05-22T15:40:22.000Z</time>
      </trkpt>
      <trkpt lat="40.785172" lon="-73.958716">
        <ele>37.8</ele>
        <time>2026-05-22T15:40:23.000Z</time>
      </trkpt>
      <trkpt lat="40.785181" lon="-73.95871">
        <ele>37.8</ele>
        <time>2026-05-22T15:40:24.000Z</time>
      </trkpt>
      <trkpt lat="40.785189" lon="-73.958703">
        <ele>37.8</ele>
        <time>2026-05-22T15:40:25.000Z</time>
      </trkpt>
      <trkpt lat="40.785199" lon="-73.958696">
        <ele>37.8</ele>
        <time>2026-05-22T15:40:26.000Z</time>
      </trkpt>
      <trkpt lat="40.785209" lon="-73.958689">
        <ele>37.8</ele>
        <time>2026-05-22T15:40:27.000Z</time>
      </trkpt>
      <trkpt lat="40.785219" lon="-73.958681">
        <ele>37.6</ele>
        <time>2026-05-22T15:40:28.000Z</time>
      </trkpt>
      <trkpt lat="40.785229" lon="-73.958674">
        <ele>37.6</ele>
        <time>2026-05-22T15:40:29.000Z</time>
      </trkpt>
      <trkpt lat="40.785239" lon="-73.958667">
        <ele>37.6</ele>
        <time>2026-05-22T15:40:30.000Z</time>
      </trkpt>
      <trkpt lat="40.785248" lon="-73.95866">
        <ele>37.6</ele>
        <time>2026-05-22T15:40:31.000Z</time>
      </trkpt>
      <trkpt lat="40.785257" lon="-73.958654">
        <ele>37.6</ele>
        <time>2026-05-22T15:40:32.000Z</time>
      </trkpt>
      <trkpt lat="40.785266" lon="-73.958647">
        <ele>37.6</ele>
        <time>2026-05-22T15:40:33.000Z</time>
      </trkpt>
      <trkpt lat="40.785275" lon="-73.95864">
        <ele>37.6</ele>
        <time>2026-05-22T15:40:34.000Z</time>
      </trkpt>
      <trkpt lat="40.785284" lon="-73.958634">
        <ele>37.6</ele>
        <time>2026-05-22T15:40:35.000Z</time>
      </trkpt>
      <trkpt lat="40.785293" lon="-73.958627">
        <ele>37.6</ele>
        <time>2026-05-22T15:40:36.000Z</time>
      </trkpt>
      <trkpt lat="40.785302" lon="-73.958621">
        <ele>37.6</ele>
        <time>2026-05-22T15:40:37.000Z</time>
      </trkpt>
      <trkpt lat="40.78531" lon="-73.958615">
        <ele>37.6</ele>
        <time>2026-05-22T15:40:38.000Z</time>
      </trkpt>
      <trkpt lat="40.785319" lon="-73.958609">
        <ele>37.6</ele>
        <time>2026-05-22T15:40:39.000Z</time>
      </trkpt>
      <trkpt lat="40.785327" lon="-73.958602">
        <ele>37.6</ele>
        <time>2026-05-22T15:40:40.000Z</time>
      </trkpt>
      <trkpt lat="40.785336" lon="-73.958596">
        <ele>37.6</ele>
        <time>2026-05-22T15:40:41.000Z</time>
      </trkpt>
      <trkpt lat="40.785344" lon="-73.95859">
        <ele>37.6</ele>
        <time>2026-05-22T15:40:42.000Z</time>
      </trkpt>
      <trkpt lat="40.785353" lon="-73.958583">
        <ele>37.6</ele>
        <time>2026-05-22T15:40:43.000Z</time>
      </trkpt>
      <trkpt lat="40.785362" lon="-73.958577">
        <ele>37.6</ele>
        <time>2026-05-22T15:40:44.000Z</time>
      </trkpt>
      <trkpt lat="40.785371" lon="-73.95857">
        <ele>37.6</ele>
        <time>2026-05-22T15:40:45.000Z</time>
      </trkpt>
      <trkpt lat="40.78538" lon="-73.958563">
        <ele>37.6</ele>
        <time>2026-05-22T15:40:46.000Z</time>
      </trkpt>
      <trkpt lat="40.785389" lon="-73.958556">
        <ele>37.6</ele>
        <time>2026-05-22T15:40:47.000Z</time>
      </trkpt>
      <trkpt lat="40.785398" lon="-73.95855">
        <ele>37.6</ele>
        <time>2026-05-22T15:40:48.000Z</time>
      </trkpt>
      <trkpt lat="40.785407" lon="-73.958543">
        <ele>37.6</ele>
        <time>2026-05-22T15:40:49.000Z</time>
      </trkpt>
      <trkpt lat="40.785415" lon="-73.958537">
        <ele>37.6</ele>
        <time>2026-05-22T15:40:50.000Z</time>
      </trkpt>
      <trkpt lat="40.785424" lon="-73.958531">
        <ele>37.6</ele>
        <time>2026-05-22T15:40:51.000Z</time>
      </trkpt>
      <trkpt lat="40.785432" lon="-73.958524">
        <ele>37.6</ele>
        <time>2026-05-22T15:40:52.000Z</time>
      </trkpt>
      <trkpt lat="40.785441" lon="-73.958518">
        <ele>37.6</ele>
        <time>2026-05-22T15:40:53.000Z</time>
      </trkpt>
      <trkpt lat="40.785451" lon="-73.958511">
        <ele>37.6</ele>
        <time>2026-05-22T15:40:54.000Z</time>
      </trkpt>
      <trkpt lat="40.785461" lon="-73.958503">
        <ele>37.6</ele>
        <time>2026-05-22T15:40:55.000Z</time>
      </trkpt>
      <trkpt lat="40.78547" lon="-73.958496">
        <ele>37.6</ele>
        <time>2026-05-22T15:40:56.000Z</time>
      </trkpt>
      <trkpt lat="40.78548" lon="-73.958489">
        <ele>37.6</ele>
        <time>2026-05-22T15:40:57.000Z</time>
      </trkpt>
      <trkpt lat="40.78549" lon="-73.958482">
        <ele>37.6</ele>
        <time>2026-05-22T15:40:58.000Z</time>
      </trkpt>
      <trkpt lat="40.7855" lon="-73.958475">
        <ele>37.6</ele>
        <time>2026-05-22T15:40:59.000Z</time>
      </trkpt>
      <trkpt lat="40.785509" lon="-73.958468">
        <ele>37.6</ele>
        <time>2026-05-22T15:41:00.000Z</time>
      </trkpt>
      <trkpt lat="40.785519" lon="-73.958461">
        <ele>37.6</ele>
        <time>2026-05-22T15:41:01.000Z</time>
      </trkpt>
      <trkpt lat="40.785527" lon="-73.958455">
        <ele>37.8</ele>
        <time>2026-05-22T15:41:02.000Z</time>
      </trkpt>
      <trkpt lat="40.785536" lon="-73.958449">
        <ele>37.8</ele>
        <time>2026-05-22T15:41:03.000Z</time>
      </trkpt>
      <trkpt lat="40.785544" lon="-73.958443">
        <ele>37.8</ele>
        <time>2026-05-22T15:41:04.000Z</time>
      </trkpt>
      <trkpt lat="40.785553" lon="-73.958437">
        <ele>37.8</ele>
        <time>2026-05-22T15:41:05.000Z</time>
      </trkpt>
      <trkpt lat="40.785562" lon="-73.95843">
        <ele>37.8</ele>
        <time>2026-05-22T15:41:06.000Z</time>
      </trkpt>
      <trkpt lat="40.78557" lon="-73.958425">
        <ele>37.8</ele>
        <time>2026-05-22T15:41:07.000Z</time>
      </trkpt>
      <trkpt lat="40.785578" lon="-73.958419">
        <ele>37.8</ele>
        <time>2026-05-22T15:41:08.000Z</time>
      </trkpt>
      <trkpt lat="40.785586" lon="-73.958413">
        <ele>38</ele>
        <time>2026-05-22T15:41:09.000Z</time>
      </trkpt>
      <trkpt lat="40.785595" lon="-73.958407">
        <ele>38</ele>
        <time>2026-05-22T15:41:10.000Z</time>
      </trkpt>
      <trkpt lat="40.785603" lon="-73.958401">
        <ele>38</ele>
        <time>2026-05-22T15:41:11.000Z</time>
      </trkpt>
      <trkpt lat="40.785612" lon="-73.958394">
        <ele>38</ele>
        <time>2026-05-22T15:41:12.000Z</time>
      </trkpt>
      <trkpt lat="40.785621" lon="-73.958388">
        <ele>38</ele>
        <time>2026-05-22T15:41:13.000Z</time>
      </trkpt>
      <trkpt lat="40.785629" lon="-73.958382">
        <ele>38</ele>
        <time>2026-05-22T15:41:14.000Z</time>
      </trkpt>
      <trkpt lat="40.785638" lon="-73.958376">
        <ele>38</ele>
        <time>2026-05-22T15:41:15.000Z</time>
      </trkpt>
      <trkpt lat="40.785647" lon="-73.958369">
        <ele>38</ele>
        <time>2026-05-22T15:41:16.000Z</time>
      </trkpt>
      <trkpt lat="40.785656" lon="-73.958363">
        <ele>38</ele>
        <time>2026-05-22T15:41:17.000Z</time>
      </trkpt>
      <trkpt lat="40.785666" lon="-73.958356">
        <ele>38</ele>
        <time>2026-05-22T15:41:18.000Z</time>
      </trkpt>
      <trkpt lat="40.785675" lon="-73.958349">
        <ele>38</ele>
        <time>2026-05-22T15:41:19.000Z</time>
      </trkpt>
      <trkpt lat="40.785684" lon="-73.958343">
        <ele>38</ele>
        <time>2026-05-22T15:41:20.000Z</time>
      </trkpt>
      <trkpt lat="40.785694" lon="-73.958336">
        <ele>38</ele>
        <time>2026-05-22T15:41:21.000Z</time>
      </trkpt>
      <trkpt lat="40.785703" lon="-73.958329">
        <ele>37.8</ele>
        <time>2026-05-22T15:41:22.000Z</time>
      </trkpt>
      <trkpt lat="40.785713" lon="-73.958322">
        <ele>37.8</ele>
        <time>2026-05-22T15:41:23.000Z</time>
      </trkpt>
      <trkpt lat="40.785722" lon="-73.958316">
        <ele>37.8</ele>
        <time>2026-05-22T15:41:24.000Z</time>
      </trkpt>
      <trkpt lat="40.785732" lon="-73.958309">
        <ele>37.8</ele>
        <time>2026-05-22T15:41:25.000Z</time>
      </trkpt>
      <trkpt lat="40.785742" lon="-73.958302">
        <ele>37.8</ele>
        <time>2026-05-22T15:41:26.000Z</time>
      </trkpt>
      <trkpt lat="40.785752" lon="-73.958295">
        <ele>37.8</ele>
        <time>2026-05-22T15:41:27.000Z</time>
      </trkpt>
      <trkpt lat="40.785761" lon="-73.958288">
        <ele>37.8</ele>
        <time>2026-05-22T15:41:28.000Z</time>
      </trkpt>
      <trkpt lat="40.785771" lon="-73.958281">
        <ele>37.8</ele>
        <time>2026-05-22T15:41:29.000Z</time>
      </trkpt>
      <trkpt lat="40.785782" lon="-73.958273">
        <ele>37.8</ele>
        <time>2026-05-22T15:41:30.000Z</time>
      </trkpt>
      <trkpt lat="40.785797" lon="-73.958262">
        <ele>37.8</ele>
        <time>2026-05-22T15:41:31.000Z</time>
      </trkpt>
      <trkpt lat="40.785802" lon="-73.958258">
        <ele>37.8</ele>
        <time>2026-05-22T15:41:32.000Z</time>
      </trkpt>
      <trkpt lat="40.785812" lon="-73.958251">
        <ele>37.8</ele>
        <time>2026-05-22T15:41:33.000Z</time>
      </trkpt>
      <trkpt lat="40.785822" lon="-73.958244">
        <ele>37.8</ele>
        <time>2026-05-22T15:41:34.000Z</time>
      </trkpt>
      <trkpt lat="40.785831" lon="-73.958237">
        <ele>37.8</ele>
        <time>2026-05-22T15:41:35.000Z</time>
      </trkpt>
      <trkpt lat="40.785841" lon="-73.95823">
        <ele>37.8</ele>
        <time>2026-05-22T15:41:36.000Z</time>
      </trkpt>
      <trkpt lat="40.78585" lon="-73.958223">
        <ele>37.8</ele>
        <time>2026-05-22T15:41:37.000Z</time>
      </trkpt>
      <trkpt lat="40.78586" lon="-73.958216">
        <ele>37.8</ele>
        <time>2026-05-22T15:41:38.000Z</time>
      </trkpt>
      <trkpt lat="40.78587" lon="-73.958209">
        <ele>37.8</ele>
        <time>2026-05-22T15:41:39.000Z</time>
      </trkpt>
      <trkpt lat="40.78588" lon="-73.958202">
        <ele>37.8</ele>
        <time>2026-05-22T15:41:40.000Z</time>
      </trkpt>
      <trkpt lat="40.785889" lon="-73.958195">
        <ele>37.8</ele>
        <time>2026-05-22T15:41:41.000Z</time>
      </trkpt>
      <trkpt lat="40.785898" lon="-73.958189">
        <ele>37.8</ele>
        <time>2026-05-22T15:41:42.000Z</time>
      </trkpt>
      <trkpt lat="40.785907" lon="-73.958183">
        <ele>37.8</ele>
        <time>2026-05-22T15:41:43.000Z</time>
      </trkpt>
      <trkpt lat="40.785916" lon="-73.958176">
        <ele>37.8</ele>
        <time>2026-05-22T15:41:44.000Z</time>
      </trkpt>
      <trkpt lat="40.785925" lon="-73.95817">
        <ele>37.8</ele>
        <time>2026-05-22T15:41:45.000Z</time>
      </trkpt>
      <trkpt lat="40.785935" lon="-73.958163">
        <ele>37.8</ele>
        <time>2026-05-22T15:41:46.000Z</time>
      </trkpt>
      <trkpt lat="40.785945" lon="-73.958156">
        <ele>37.8</ele>
        <time>2026-05-22T15:41:47.000Z</time>
      </trkpt>
      <trkpt lat="40.785954" lon="-73.958149">
        <ele>37.8</ele>
        <time>2026-05-22T15:41:48.000Z</time>
      </trkpt>
      <trkpt lat="40.785963" lon="-73.958142">
        <ele>37.8</ele>
        <time>2026-05-22T15:41:49.000Z</time>
      </trkpt>
      <trkpt lat="40.785972" lon="-73.958136">
        <ele>37.8</ele>
        <time>2026-05-22T15:41:50.000Z</time>
      </trkpt>
      <trkpt lat="40.785981" lon="-73.95813">
        <ele>37.8</ele>
        <time>2026-05-22T15:41:51.000Z</time>
      </trkpt>
      <trkpt lat="40.785989" lon="-73.958124">
        <ele>37.8</ele>
        <time>2026-05-22T15:41:52.000Z</time>
      </trkpt>
      <trkpt lat="40.785998" lon="-73.958118">
        <ele>37.8</ele>
        <time>2026-05-22T15:41:53.000Z</time>
      </trkpt>
      <trkpt lat="40.786006" lon="-73.958111">
        <ele>37.8</ele>
        <time>2026-05-22T15:41:54.000Z</time>
      </trkpt>
      <trkpt lat="40.786016" lon="-73.958105">
        <ele>37.8</ele>
        <time>2026-05-22T15:41:55.000Z</time>
      </trkpt>
      <trkpt lat="40.786025" lon="-73.958098">
        <ele>37.8</ele>
        <time>2026-05-22T15:41:56.000Z</time>
      </trkpt>
      <trkpt lat="40.786035" lon="-73.958092">
        <ele>37.8</ele>
        <time>2026-05-22T15:41:57.000Z</time>
      </trkpt>
      <trkpt lat="40.786045" lon="-73.958085">
        <ele>37.8</ele>
        <time>2026-05-22T15:41:58.000Z</time>
      </trkpt>
      <trkpt lat="40.786054" lon="-73.958079">
        <ele>37.8</ele>
        <time>2026-05-22T15:41:59.000Z</time>
      </trkpt>
      <trkpt lat="40.786064" lon="-73.958072">
        <ele>37.8</ele>
        <time>2026-05-22T15:42:00.000Z</time>
      </trkpt>
      <trkpt lat="40.786074" lon="-73.958067">
        <ele>37.8</ele>
        <time>2026-05-22T15:42:01.000Z</time>
      </trkpt>
      <trkpt lat="40.786084" lon="-73.958061">
        <ele>37.8</ele>
        <time>2026-05-22T15:42:02.000Z</time>
      </trkpt>
      <trkpt lat="40.786094" lon="-73.958055">
        <ele>37.8</ele>
        <time>2026-05-22T15:42:03.000Z</time>
      </trkpt>
      <trkpt lat="40.786104" lon="-73.958049">
        <ele>37.8</ele>
        <time>2026-05-22T15:42:04.000Z</time>
      </trkpt>
      <trkpt lat="40.786114" lon="-73.958044">
        <ele>37.8</ele>
        <time>2026-05-22T15:42:05.000Z</time>
      </trkpt>
      <trkpt lat="40.786124" lon="-73.95804">
        <ele>37.8</ele>
        <time>2026-05-22T15:42:06.000Z</time>
      </trkpt>
      <trkpt lat="40.786133" lon="-73.958036">
        <ele>37.8</ele>
        <time>2026-05-22T15:42:07.000Z</time>
      </trkpt>
      <trkpt lat="40.786143" lon="-73.958032">
        <ele>37.8</ele>
        <time>2026-05-22T15:42:08.000Z</time>
      </trkpt>
      <trkpt lat="40.786153" lon="-73.958027">
        <ele>37.8</ele>
        <time>2026-05-22T15:42:09.000Z</time>
      </trkpt>
      <trkpt lat="40.786162" lon="-73.95802">
        <ele>37.8</ele>
        <time>2026-05-22T15:42:10.000Z</time>
      </trkpt>
      <trkpt lat="40.786172" lon="-73.958013">
        <ele>37.8</ele>
        <time>2026-05-22T15:42:11.000Z</time>
      </trkpt>
      <trkpt lat="40.786181" lon="-73.958006">
        <ele>37.8</ele>
        <time>2026-05-22T15:42:12.000Z</time>
      </trkpt>
      <trkpt lat="40.78619" lon="-73.957998">
        <ele>37.8</ele>
        <time>2026-05-22T15:42:13.000Z</time>
      </trkpt>
      <trkpt lat="40.786198" lon="-73.95799">
        <ele>37.8</ele>
        <time>2026-05-22T15:42:14.000Z</time>
      </trkpt>
      <trkpt lat="40.786207" lon="-73.957982">
        <ele>37.8</ele>
        <time>2026-05-22T15:42:15.000Z</time>
      </trkpt>
      <trkpt lat="40.786216" lon="-73.957975">
        <ele>37.8</ele>
        <time>2026-05-22T15:42:16.000Z</time>
      </trkpt>
      <trkpt lat="40.786225" lon="-73.957968">
        <ele>37.8</ele>
        <time>2026-05-22T15:42:17.000Z</time>
      </trkpt>
      <trkpt lat="40.786234" lon="-73.957962">
        <ele>37.8</ele>
        <time>2026-05-22T15:42:18.000Z</time>
      </trkpt>
      <trkpt lat="40.786243" lon="-73.957956">
        <ele>37.8</ele>
        <time>2026-05-22T15:42:19.000Z</time>
      </trkpt>
      <trkpt lat="40.786252" lon="-73.95795">
        <ele>37.8</ele>
        <time>2026-05-22T15:42:20.000Z</time>
      </trkpt>
      <trkpt lat="40.786261" lon="-73.957944">
        <ele>37.8</ele>
        <time>2026-05-22T15:42:21.000Z</time>
      </trkpt>
      <trkpt lat="40.786271" lon="-73.957938">
        <ele>37.8</ele>
        <time>2026-05-22T15:42:22.000Z</time>
      </trkpt>
      <trkpt lat="40.78628" lon="-73.957933">
        <ele>37.8</ele>
        <time>2026-05-22T15:42:23.000Z</time>
      </trkpt>
      <trkpt lat="40.786289" lon="-73.957927">
        <ele>37.8</ele>
        <time>2026-05-22T15:42:24.000Z</time>
      </trkpt>
      <trkpt lat="40.786297" lon="-73.957922">
        <ele>37.8</ele>
        <time>2026-05-22T15:42:25.000Z</time>
      </trkpt>
      <trkpt lat="40.786306" lon="-73.957916">
        <ele>37.8</ele>
        <time>2026-05-22T15:42:26.000Z</time>
      </trkpt>
      <trkpt lat="40.786315" lon="-73.957909">
        <ele>37.8</ele>
        <time>2026-05-22T15:42:27.000Z</time>
      </trkpt>
      <trkpt lat="40.786323" lon="-73.957902">
        <ele>37.8</ele>
        <time>2026-05-22T15:42:28.000Z</time>
      </trkpt>
      <trkpt lat="40.786331" lon="-73.957894">
        <ele>37.8</ele>
        <time>2026-05-22T15:42:29.000Z</time>
      </trkpt>
      <trkpt lat="40.786339" lon="-73.957887">
        <ele>37.8</ele>
        <time>2026-05-22T15:42:30.000Z</time>
      </trkpt>
      <trkpt lat="40.786348" lon="-73.95788">
        <ele>37.8</ele>
        <time>2026-05-22T15:42:31.000Z</time>
      </trkpt>
      <trkpt lat="40.786356" lon="-73.957873">
        <ele>37.8</ele>
        <time>2026-05-22T15:42:32.000Z</time>
      </trkpt>
      <trkpt lat="40.786364" lon="-73.957866">
        <ele>37.8</ele>
        <time>2026-05-22T15:42:33.000Z</time>
      </trkpt>
      <trkpt lat="40.786373" lon="-73.95786">
        <ele>37.8</ele>
        <time>2026-05-22T15:42:34.000Z</time>
      </trkpt>
      <trkpt lat="40.786381" lon="-73.957853">
        <ele>37.8</ele>
        <time>2026-05-22T15:42:35.000Z</time>
      </trkpt>
      <trkpt lat="40.78639" lon="-73.957846">
        <ele>37.8</ele>
        <time>2026-05-22T15:42:36.000Z</time>
      </trkpt>
      <trkpt lat="40.786398" lon="-73.95784">
        <ele>37.8</ele>
        <time>2026-05-22T15:42:37.000Z</time>
      </trkpt>
      <trkpt lat="40.786406" lon="-73.957834">
        <ele>37.8</ele>
        <time>2026-05-22T15:42:38.000Z</time>
      </trkpt>
      <trkpt lat="40.786414" lon="-73.957828">
        <ele>37.8</ele>
        <time>2026-05-22T15:42:39.000Z</time>
      </trkpt>
      <trkpt lat="40.786423" lon="-73.957822">
        <ele>37.8</ele>
        <time>2026-05-22T15:42:40.000Z</time>
      </trkpt>
      <trkpt lat="40.786431" lon="-73.957817">
        <ele>37.8</ele>
        <time>2026-05-22T15:42:41.000Z</time>
      </trkpt>
      <trkpt lat="40.78644" lon="-73.957813">
        <ele>37.8</ele>
        <time>2026-05-22T15:42:42.000Z</time>
      </trkpt>
      <trkpt lat="40.786449" lon="-73.957808">
        <ele>37.6</ele>
        <time>2026-05-22T15:42:43.000Z</time>
      </trkpt>
      <trkpt lat="40.786458" lon="-73.957804">
        <ele>37.6</ele>
        <time>2026-05-22T15:42:44.000Z</time>
      </trkpt>
      <trkpt lat="40.786469" lon="-73.957799">
        <ele>37.6</ele>
        <time>2026-05-22T15:42:45.000Z</time>
      </trkpt>
      <trkpt lat="40.786479" lon="-73.957795">
        <ele>37.6</ele>
        <time>2026-05-22T15:42:46.000Z</time>
      </trkpt>
      <trkpt lat="40.78649" lon="-73.957792">
        <ele>37.6</ele>
        <time>2026-05-22T15:42:47.000Z</time>
      </trkpt>
      <trkpt lat="40.786502" lon="-73.95779">
        <ele>37.6</ele>
        <time>2026-05-22T15:42:48.000Z</time>
      </trkpt>
      <trkpt lat="40.786513" lon="-73.957787">
        <ele>37.6</ele>
        <time>2026-05-22T15:42:49.000Z</time>
      </trkpt>
      <trkpt lat="40.786524" lon="-73.957784">
        <ele>37.6</ele>
        <time>2026-05-22T15:42:50.000Z</time>
      </trkpt>
      <trkpt lat="40.786534" lon="-73.957781">
        <ele>37.6</ele>
        <time>2026-05-22T15:42:51.000Z</time>
      </trkpt>
      <trkpt lat="40.786545" lon="-73.957777">
        <ele>37.6</ele>
        <time>2026-05-22T15:42:52.000Z</time>
      </trkpt>
      <trkpt lat="40.786555" lon="-73.957773">
        <ele>37.6</ele>
        <time>2026-05-22T15:42:53.000Z</time>
      </trkpt>
      <trkpt lat="40.786566" lon="-73.957769">
        <ele>37.6</ele>
        <time>2026-05-22T15:42:54.000Z</time>
      </trkpt>
      <trkpt lat="40.786576" lon="-73.957766">
        <ele>37.6</ele>
        <time>2026-05-22T15:42:55.000Z</time>
      </trkpt>
      <trkpt lat="40.786586" lon="-73.957763">
        <ele>37.4</ele>
        <time>2026-05-22T15:42:56.000Z</time>
      </trkpt>
      <trkpt lat="40.786597" lon="-73.95776">
        <ele>37.4</ele>
        <time>2026-05-22T15:42:57.000Z</time>
      </trkpt>
      <trkpt lat="40.786607" lon="-73.957757">
        <ele>37.4</ele>
        <time>2026-05-22T15:42:58.000Z</time>
      </trkpt>
      <trkpt lat="40.786617" lon="-73.957754">
        <ele>37.6</ele>
        <time>2026-05-22T15:42:59.000Z</time>
      </trkpt>
      <trkpt lat="40.786627" lon="-73.957751">
        <ele>37.6</ele>
        <time>2026-05-22T15:43:00.000Z</time>
      </trkpt>
      <trkpt lat="40.786636" lon="-73.957749">
        <ele>37.6</ele>
        <time>2026-05-22T15:43:01.000Z</time>
      </trkpt>
      <trkpt lat="40.786646" lon="-73.957745">
        <ele>37.6</ele>
        <time>2026-05-22T15:43:02.000Z</time>
      </trkpt>
      <trkpt lat="40.786655" lon="-73.957742">
        <ele>37.6</ele>
        <time>2026-05-22T15:43:03.000Z</time>
      </trkpt>
      <trkpt lat="40.786664" lon="-73.957738">
        <ele>37.6</ele>
        <time>2026-05-22T15:43:04.000Z</time>
      </trkpt>
      <trkpt lat="40.786672" lon="-73.957735">
        <ele>37.6</ele>
        <time>2026-05-22T15:43:05.000Z</time>
      </trkpt>
      <trkpt lat="40.786681" lon="-73.957732">
        <ele>37.8</ele>
        <time>2026-05-22T15:43:06.000Z</time>
      </trkpt>
      <trkpt lat="40.78669" lon="-73.957731">
        <ele>37.8</ele>
        <time>2026-05-22T15:43:07.000Z</time>
      </trkpt>
      <trkpt lat="40.786699" lon="-73.957729">
        <ele>37.8</ele>
        <time>2026-05-22T15:43:08.000Z</time>
      </trkpt>
      <trkpt lat="40.786709" lon="-73.957728">
        <ele>37.8</ele>
        <time>2026-05-22T15:43:09.000Z</time>
      </trkpt>
      <trkpt lat="40.786718" lon="-73.957727">
        <ele>37.8</ele>
        <time>2026-05-22T15:43:10.000Z</time>
      </trkpt>
      <trkpt lat="40.786727" lon="-73.957726">
        <ele>38</ele>
        <time>2026-05-22T15:43:11.000Z</time>
      </trkpt>
      <trkpt lat="40.786736" lon="-73.957727">
        <ele>38</ele>
        <time>2026-05-22T15:43:12.000Z</time>
      </trkpt>
      <trkpt lat="40.786746" lon="-73.957728">
        <ele>38</ele>
        <time>2026-05-22T15:43:13.000Z</time>
      </trkpt>
      <trkpt lat="40.786757" lon="-73.95773">
        <ele>38</ele>
        <time>2026-05-22T15:43:14.000Z</time>
      </trkpt>
      <trkpt lat="40.786768" lon="-73.957733">
        <ele>38</ele>
        <time>2026-05-22T15:43:15.000Z</time>
      </trkpt>
      <trkpt lat="40.786779" lon="-73.957735">
        <ele>38</ele>
        <time>2026-05-22T15:43:16.000Z</time>
      </trkpt>
      <trkpt lat="40.78679" lon="-73.957737">
        <ele>38</ele>
        <time>2026-05-22T15:43:17.000Z</time>
      </trkpt>
      <trkpt lat="40.786801" lon="-73.957739">
        <ele>38</ele>
        <time>2026-05-22T15:43:18.000Z</time>
      </trkpt>
      <trkpt lat="40.786812" lon="-73.95774">
        <ele>38</ele>
        <time>2026-05-22T15:43:19.000Z</time>
      </trkpt>
      <trkpt lat="40.786822" lon="-73.957742">
        <ele>38</ele>
        <time>2026-05-22T15:43:20.000Z</time>
      </trkpt>
      <trkpt lat="40.786833" lon="-73.957745">
        <ele>38</ele>
        <time>2026-05-22T15:43:21.000Z</time>
      </trkpt>
      <trkpt lat="40.786845" lon="-73.957748">
        <ele>38</ele>
        <time>2026-05-22T15:43:22.000Z</time>
      </trkpt>
      <trkpt lat="40.786856" lon="-73.957751">
        <ele>38</ele>
        <time>2026-05-22T15:43:23.000Z</time>
      </trkpt>
      <trkpt lat="40.786867" lon="-73.957753">
        <ele>38</ele>
        <time>2026-05-22T15:43:24.000Z</time>
      </trkpt>
      <trkpt lat="40.786878" lon="-73.957754">
        <ele>38</ele>
        <time>2026-05-22T15:43:25.000Z</time>
      </trkpt>
      <trkpt lat="40.786889" lon="-73.957756">
        <ele>38</ele>
        <time>2026-05-22T15:43:26.000Z</time>
      </trkpt>
      <trkpt lat="40.7869" lon="-73.957757">
        <ele>38</ele>
        <time>2026-05-22T15:43:27.000Z</time>
      </trkpt>
      <trkpt lat="40.786911" lon="-73.957758">
        <ele>38</ele>
        <time>2026-05-22T15:43:28.000Z</time>
      </trkpt>
      <trkpt lat="40.786922" lon="-73.957759">
        <ele>38</ele>
        <time>2026-05-22T15:43:29.000Z</time>
      </trkpt>
      <trkpt lat="40.786933" lon="-73.95776">
        <ele>38</ele>
        <time>2026-05-22T15:43:30.000Z</time>
      </trkpt>
      <trkpt lat="40.786943" lon="-73.957761">
        <ele>38</ele>
        <time>2026-05-22T15:43:31.000Z</time>
      </trkpt>
      <trkpt lat="40.786954" lon="-73.957761">
        <ele>38</ele>
        <time>2026-05-22T15:43:32.000Z</time>
      </trkpt>
      <trkpt lat="40.786965" lon="-73.957762">
        <ele>37.8</ele>
        <time>2026-05-22T15:43:33.000Z</time>
      </trkpt>
      <trkpt lat="40.786976" lon="-73.957762">
        <ele>37.8</ele>
        <time>2026-05-22T15:43:34.000Z</time>
      </trkpt>
      <trkpt lat="40.786987" lon="-73.957762">
        <ele>37.8</ele>
        <time>2026-05-22T15:43:35.000Z</time>
      </trkpt>
      <trkpt lat="40.786997" lon="-73.957762">
        <ele>37.8</ele>
        <time>2026-05-22T15:43:36.000Z</time>
      </trkpt>
      <trkpt lat="40.787008" lon="-73.957763">
        <ele>37.8</ele>
        <time>2026-05-22T15:43:37.000Z</time>
      </trkpt>
      <trkpt lat="40.78702" lon="-73.957763">
        <ele>37.8</ele>
        <time>2026-05-22T15:43:38.000Z</time>
      </trkpt>
      <trkpt lat="40.787031" lon="-73.957763">
        <ele>37.8</ele>
        <time>2026-05-22T15:43:39.000Z</time>
      </trkpt>
      <trkpt lat="40.787041" lon="-73.957763">
        <ele>37.8</ele>
        <time>2026-05-22T15:43:40.000Z</time>
      </trkpt>
      <trkpt lat="40.787052" lon="-73.957761">
        <ele>37.8</ele>
        <time>2026-05-22T15:43:41.000Z</time>
      </trkpt>
      <trkpt lat="40.787062" lon="-73.957759">
        <ele>37.8</ele>
        <time>2026-05-22T15:43:42.000Z</time>
      </trkpt>
      <trkpt lat="40.787072" lon="-73.957758">
        <ele>37.8</ele>
        <time>2026-05-22T15:43:43.000Z</time>
      </trkpt>
      <trkpt lat="40.787083" lon="-73.957757">
        <ele>37.8</ele>
        <time>2026-05-22T15:43:44.000Z</time>
      </trkpt>
      <trkpt lat="40.787093" lon="-73.957755">
        <ele>37.8</ele>
        <time>2026-05-22T15:43:45.000Z</time>
      </trkpt>
      <trkpt lat="40.787102" lon="-73.957753">
        <ele>37.8</ele>
        <time>2026-05-22T15:43:46.000Z</time>
      </trkpt>
      <trkpt lat="40.787112" lon="-73.957752">
        <ele>37.8</ele>
        <time>2026-05-22T15:43:47.000Z</time>
      </trkpt>
      <trkpt lat="40.787122" lon="-73.957752">
        <ele>37.8</ele>
        <time>2026-05-22T15:43:48.000Z</time>
      </trkpt>
      <trkpt lat="40.787132" lon="-73.957753">
        <ele>37.8</ele>
        <time>2026-05-22T15:43:49.000Z</time>
      </trkpt>
      <trkpt lat="40.787142" lon="-73.957754">
        <ele>37.8</ele>
        <time>2026-05-22T15:43:50.000Z</time>
      </trkpt>
      <trkpt lat="40.787152" lon="-73.957756">
        <ele>37.8</ele>
        <time>2026-05-22T15:43:51.000Z</time>
      </trkpt>
      <trkpt lat="40.787162" lon="-73.957758">
        <ele>37.8</ele>
        <time>2026-05-22T15:43:52.000Z</time>
      </trkpt>
      <trkpt lat="40.787172" lon="-73.957759">
        <ele>37.8</ele>
        <time>2026-05-22T15:43:53.000Z</time>
      </trkpt>
      <trkpt lat="40.787183" lon="-73.957761">
        <ele>37.8</ele>
        <time>2026-05-22T15:43:54.000Z</time>
      </trkpt>
      <trkpt lat="40.787193" lon="-73.957763">
        <ele>37.8</ele>
        <time>2026-05-22T15:43:55.000Z</time>
      </trkpt>
      <trkpt lat="40.787203" lon="-73.957764">
        <ele>37.8</ele>
        <time>2026-05-22T15:43:56.000Z</time>
      </trkpt>
      <trkpt lat="40.787213" lon="-73.957765">
        <ele>37.8</ele>
        <time>2026-05-22T15:43:57.000Z</time>
      </trkpt>
      <trkpt lat="40.787223" lon="-73.957766">
        <ele>38</ele>
        <time>2026-05-22T15:43:58.000Z</time>
      </trkpt>
      <trkpt lat="40.787233" lon="-73.957767">
        <ele>38</ele>
        <time>2026-05-22T15:43:59.000Z</time>
      </trkpt>
      <trkpt lat="40.787243" lon="-73.957767">
        <ele>38</ele>
        <time>2026-05-22T15:44:00.000Z</time>
      </trkpt>
      <trkpt lat="40.787252" lon="-73.957766">
        <ele>38</ele>
        <time>2026-05-22T15:44:01.000Z</time>
      </trkpt>
      <trkpt lat="40.787262" lon="-73.957765">
        <ele>38</ele>
        <time>2026-05-22T15:44:02.000Z</time>
      </trkpt>
      <trkpt lat="40.787273" lon="-73.957765">
        <ele>38</ele>
        <time>2026-05-22T15:44:03.000Z</time>
      </trkpt>
      <trkpt lat="40.787283" lon="-73.957764">
        <ele>38</ele>
        <time>2026-05-22T15:44:04.000Z</time>
      </trkpt>
      <trkpt lat="40.787294" lon="-73.957763">
        <ele>38.2</ele>
        <time>2026-05-22T15:44:05.000Z</time>
      </trkpt>
      <trkpt lat="40.787305" lon="-73.957762">
        <ele>38.2</ele>
        <time>2026-05-22T15:44:06.000Z</time>
      </trkpt>
      <trkpt lat="40.787315" lon="-73.957761">
        <ele>38.2</ele>
        <time>2026-05-22T15:44:07.000Z</time>
      </trkpt>
      <trkpt lat="40.787326" lon="-73.957759">
        <ele>38.2</ele>
        <time>2026-05-22T15:44:08.000Z</time>
      </trkpt>
      <trkpt lat="40.787336" lon="-73.957756">
        <ele>38.2</ele>
        <time>2026-05-22T15:44:09.000Z</time>
      </trkpt>
      <trkpt lat="40.787346" lon="-73.957754">
        <ele>38.2</ele>
        <time>2026-05-22T15:44:10.000Z</time>
      </trkpt>
      <trkpt lat="40.787356" lon="-73.957753">
        <ele>38.2</ele>
        <time>2026-05-22T15:44:11.000Z</time>
      </trkpt>
      <trkpt lat="40.787367" lon="-73.957751">
        <ele>38.2</ele>
        <time>2026-05-22T15:44:12.000Z</time>
      </trkpt>
      <trkpt lat="40.787378" lon="-73.957749">
        <ele>38.2</ele>
        <time>2026-05-22T15:44:13.000Z</time>
      </trkpt>
      <trkpt lat="40.787388" lon="-73.957748">
        <ele>38.2</ele>
        <time>2026-05-22T15:44:14.000Z</time>
      </trkpt>
      <trkpt lat="40.787399" lon="-73.957746">
        <ele>38.2</ele>
        <time>2026-05-22T15:44:15.000Z</time>
      </trkpt>
      <trkpt lat="40.787409" lon="-73.957745">
        <ele>38.2</ele>
        <time>2026-05-22T15:44:16.000Z</time>
      </trkpt>
      <trkpt lat="40.787419" lon="-73.957744">
        <ele>38.2</ele>
        <time>2026-05-22T15:44:17.000Z</time>
      </trkpt>
      <trkpt lat="40.78743" lon="-73.957742">
        <ele>38.2</ele>
        <time>2026-05-22T15:44:18.000Z</time>
      </trkpt>
      <trkpt lat="40.78744" lon="-73.957741">
        <ele>38.4</ele>
        <time>2026-05-22T15:44:19.000Z</time>
      </trkpt>
      <trkpt lat="40.787449" lon="-73.95774">
        <ele>38.4</ele>
        <time>2026-05-22T15:44:20.000Z</time>
      </trkpt>
      <trkpt lat="40.787459" lon="-73.957739">
        <ele>38.4</ele>
        <time>2026-05-22T15:44:21.000Z</time>
      </trkpt>
      <trkpt lat="40.787469" lon="-73.957739">
        <ele>38.4</ele>
        <time>2026-05-22T15:44:22.000Z</time>
      </trkpt>
      <trkpt lat="40.78748" lon="-73.957738">
        <ele>38.4</ele>
        <time>2026-05-22T15:44:23.000Z</time>
      </trkpt>
      <trkpt lat="40.787491" lon="-73.957737">
        <ele>38.4</ele>
        <time>2026-05-22T15:44:24.000Z</time>
      </trkpt>
      <trkpt lat="40.787502" lon="-73.957736">
        <ele>38.4</ele>
        <time>2026-05-22T15:44:25.000Z</time>
      </trkpt>
      <trkpt lat="40.787512" lon="-73.957735">
        <ele>38.2</ele>
        <time>2026-05-22T15:44:26.000Z</time>
      </trkpt>
      <trkpt lat="40.787523" lon="-73.957733">
        <ele>38.2</ele>
        <time>2026-05-22T15:44:27.000Z</time>
      </trkpt>
      <trkpt lat="40.787533" lon="-73.957732">
        <ele>38.2</ele>
        <time>2026-05-22T15:44:28.000Z</time>
      </trkpt>
      <trkpt lat="40.787543" lon="-73.957731">
        <ele>38.2</ele>
        <time>2026-05-22T15:44:29.000Z</time>
      </trkpt>
      <trkpt lat="40.787553" lon="-73.957729">
        <ele>38.2</ele>
        <time>2026-05-22T15:44:30.000Z</time>
      </trkpt>
      <trkpt lat="40.787563" lon="-73.957728">
        <ele>38.2</ele>
        <time>2026-05-22T15:44:31.000Z</time>
      </trkpt>
      <trkpt lat="40.787572" lon="-73.957726">
        <ele>38.2</ele>
        <time>2026-05-22T15:44:32.000Z</time>
      </trkpt>
      <trkpt lat="40.787582" lon="-73.957725">
        <ele>38.2</ele>
        <time>2026-05-22T15:44:33.000Z</time>
      </trkpt>
      <trkpt lat="40.787591" lon="-73.957723">
        <ele>38.2</ele>
        <time>2026-05-22T15:44:34.000Z</time>
      </trkpt>
      <trkpt lat="40.787601" lon="-73.95772">
        <ele>38.2</ele>
        <time>2026-05-22T15:44:35.000Z</time>
      </trkpt>
      <trkpt lat="40.787611" lon="-73.957718">
        <ele>38.2</ele>
        <time>2026-05-22T15:44:36.000Z</time>
      </trkpt>
      <trkpt lat="40.787621" lon="-73.957716">
        <ele>38.2</ele>
        <time>2026-05-22T15:44:37.000Z</time>
      </trkpt>
      <trkpt lat="40.787632" lon="-73.957714">
        <ele>38</ele>
        <time>2026-05-22T15:44:38.000Z</time>
      </trkpt>
      <trkpt lat="40.787642" lon="-73.957712">
        <ele>38</ele>
        <time>2026-05-22T15:44:39.000Z</time>
      </trkpt>
      <trkpt lat="40.787652" lon="-73.957709">
        <ele>38</ele>
        <time>2026-05-22T15:44:40.000Z</time>
      </trkpt>
      <trkpt lat="40.787662" lon="-73.957707">
        <ele>38</ele>
        <time>2026-05-22T15:44:41.000Z</time>
      </trkpt>
      <trkpt lat="40.787673" lon="-73.957704">
        <ele>38</ele>
        <time>2026-05-22T15:44:42.000Z</time>
      </trkpt>
      <trkpt lat="40.787683" lon="-73.957701">
        <ele>38</ele>
        <time>2026-05-22T15:44:43.000Z</time>
      </trkpt>
      <trkpt lat="40.787694" lon="-73.957698">
        <ele>37.8</ele>
        <time>2026-05-22T15:44:44.000Z</time>
      </trkpt>
      <trkpt lat="40.787705" lon="-73.957696">
        <ele>37.8</ele>
        <time>2026-05-22T15:44:45.000Z</time>
      </trkpt>
      <trkpt lat="40.787715" lon="-73.957693">
        <ele>37.8</ele>
        <time>2026-05-22T15:44:46.000Z</time>
      </trkpt>
      <trkpt lat="40.787725" lon="-73.95769">
        <ele>37.8</ele>
        <time>2026-05-22T15:44:47.000Z</time>
      </trkpt>
      <trkpt lat="40.787736" lon="-73.957687">
        <ele>37.8</ele>
        <time>2026-05-22T15:44:48.000Z</time>
      </trkpt>
      <trkpt lat="40.787747" lon="-73.957684">
        <ele>37.8</ele>
        <time>2026-05-22T15:44:49.000Z</time>
      </trkpt>
      <trkpt lat="40.787757" lon="-73.957681">
        <ele>37.8</ele>
        <time>2026-05-22T15:44:50.000Z</time>
      </trkpt>
      <trkpt lat="40.787768" lon="-73.957678">
        <ele>37.8</ele>
        <time>2026-05-22T15:44:51.000Z</time>
      </trkpt>
      <trkpt lat="40.787778" lon="-73.957675">
        <ele>37.8</ele>
        <time>2026-05-22T15:44:52.000Z</time>
      </trkpt>
      <trkpt lat="40.787789" lon="-73.957671">
        <ele>37.8</ele>
        <time>2026-05-22T15:44:53.000Z</time>
      </trkpt>
      <trkpt lat="40.787799" lon="-73.957668">
        <ele>37.8</ele>
        <time>2026-05-22T15:44:54.000Z</time>
      </trkpt>
      <trkpt lat="40.787809" lon="-73.957665">
        <ele>37.8</ele>
        <time>2026-05-22T15:44:55.000Z</time>
      </trkpt>
      <trkpt lat="40.787818" lon="-73.957662">
        <ele>38</ele>
        <time>2026-05-22T15:44:56.000Z</time>
      </trkpt>
      <trkpt lat="40.787829" lon="-73.957658">
        <ele>38</ele>
        <time>2026-05-22T15:44:57.000Z</time>
      </trkpt>
      <trkpt lat="40.787839" lon="-73.957655">
        <ele>38</ele>
        <time>2026-05-22T15:44:58.000Z</time>
      </trkpt>
      <trkpt lat="40.78785" lon="-73.957652">
        <ele>38</ele>
        <time>2026-05-22T15:44:59.000Z</time>
      </trkpt>
      <trkpt lat="40.78786" lon="-73.957648">
        <ele>38</ele>
        <time>2026-05-22T15:45:00.000Z</time>
      </trkpt>
      <trkpt lat="40.78787" lon="-73.957645">
        <ele>38</ele>
        <time>2026-05-22T15:45:01.000Z</time>
      </trkpt>
      <trkpt lat="40.78788" lon="-73.957642">
        <ele>38</ele>
        <time>2026-05-22T15:45:02.000Z</time>
      </trkpt>
      <trkpt lat="40.787891" lon="-73.957638">
        <ele>38</ele>
        <time>2026-05-22T15:45:03.000Z</time>
      </trkpt>
      <trkpt lat="40.787901" lon="-73.957635">
        <ele>38</ele>
        <time>2026-05-22T15:45:04.000Z</time>
      </trkpt>
      <trkpt lat="40.787912" lon="-73.957631">
        <ele>38</ele>
        <time>2026-05-22T15:45:05.000Z</time>
      </trkpt>
      <trkpt lat="40.787922" lon="-73.957627">
        <ele>38</ele>
        <time>2026-05-22T15:45:06.000Z</time>
      </trkpt>
      <trkpt lat="40.78793" lon="-73.957623">
        <ele>38</ele>
        <time>2026-05-22T15:45:07.000Z</time>
      </trkpt>
      <trkpt lat="40.787938" lon="-73.95762">
        <ele>38</ele>
        <time>2026-05-22T15:45:08.000Z</time>
      </trkpt>
      <trkpt lat="40.787946" lon="-73.957617">
        <ele>38</ele>
        <time>2026-05-22T15:45:09.000Z</time>
      </trkpt>
      <trkpt lat="40.787955" lon="-73.957614">
        <ele>38</ele>
        <time>2026-05-22T15:45:10.000Z</time>
      </trkpt>
      <trkpt lat="40.787964" lon="-73.95761">
        <ele>38</ele>
        <time>2026-05-22T15:45:11.000Z</time>
      </trkpt>
      <trkpt lat="40.787973" lon="-73.957606">
        <ele>38</ele>
        <time>2026-05-22T15:45:12.000Z</time>
      </trkpt>
      <trkpt lat="40.787983" lon="-73.957603">
        <ele>38</ele>
        <time>2026-05-22T15:45:13.000Z</time>
      </trkpt>
      <trkpt lat="40.787993" lon="-73.957599">
        <ele>38.2</ele>
        <time>2026-05-22T15:45:14.000Z</time>
      </trkpt>
      <trkpt lat="40.788003" lon="-73.957595">
        <ele>38.2</ele>
        <time>2026-05-22T15:45:15.000Z</time>
      </trkpt>
      <trkpt lat="40.788013" lon="-73.957591">
        <ele>38.2</ele>
        <time>2026-05-22T15:45:16.000Z</time>
      </trkpt>
      <trkpt lat="40.788024" lon="-73.957587">
        <ele>38.2</ele>
        <time>2026-05-22T15:45:17.000Z</time>
      </trkpt>
      <trkpt lat="40.788034" lon="-73.957583">
        <ele>38.2</ele>
        <time>2026-05-22T15:45:18.000Z</time>
      </trkpt>
      <trkpt lat="40.788044" lon="-73.957579">
        <ele>38.2</ele>
        <time>2026-05-22T15:45:19.000Z</time>
      </trkpt>
      <trkpt lat="40.788055" lon="-73.957575">
        <ele>38</ele>
        <time>2026-05-22T15:45:20.000Z</time>
      </trkpt>
      <trkpt lat="40.788065" lon="-73.95757">
        <ele>38</ele>
        <time>2026-05-22T15:45:21.000Z</time>
      </trkpt>
      <trkpt lat="40.788076" lon="-73.957566">
        <ele>38</ele>
        <time>2026-05-22T15:45:22.000Z</time>
      </trkpt>
      <trkpt lat="40.788087" lon="-73.957561">
        <ele>38</ele>
        <time>2026-05-22T15:45:23.000Z</time>
      </trkpt>
      <trkpt lat="40.788098" lon="-73.957556">
        <ele>38</ele>
        <time>2026-05-22T15:45:24.000Z</time>
      </trkpt>
      <trkpt lat="40.788108" lon="-73.957552">
        <ele>38</ele>
        <time>2026-05-22T15:45:25.000Z</time>
      </trkpt>
      <trkpt lat="40.788119" lon="-73.957547">
        <ele>38.2</ele>
        <time>2026-05-22T15:45:26.000Z</time>
      </trkpt>
      <trkpt lat="40.78813" lon="-73.957543">
        <ele>38.2</ele>
        <time>2026-05-22T15:45:27.000Z</time>
      </trkpt>
      <trkpt lat="40.78814" lon="-73.957538">
        <ele>38.2</ele>
        <time>2026-05-22T15:45:28.000Z</time>
      </trkpt>
      <trkpt lat="40.788151" lon="-73.957533">
        <ele>38.2</ele>
        <time>2026-05-22T15:45:29.000Z</time>
      </trkpt>
      <trkpt lat="40.788162" lon="-73.957528">
        <ele>38.2</ele>
        <time>2026-05-22T15:45:30.000Z</time>
      </trkpt>
      <trkpt lat="40.788172" lon="-73.957523">
        <ele>38.2</ele>
        <time>2026-05-22T15:45:31.000Z</time>
      </trkpt>
      <trkpt lat="40.788182" lon="-73.957518">
        <ele>38.2</ele>
        <time>2026-05-22T15:45:32.000Z</time>
      </trkpt>
      <trkpt lat="40.788192" lon="-73.957514">
        <ele>38.2</ele>
        <time>2026-05-22T15:45:33.000Z</time>
      </trkpt>
      <trkpt lat="40.788202" lon="-73.957509">
        <ele>38.2</ele>
        <time>2026-05-22T15:45:34.000Z</time>
      </trkpt>
      <trkpt lat="40.788212" lon="-73.957505">
        <ele>38.2</ele>
        <time>2026-05-22T15:45:35.000Z</time>
      </trkpt>
      <trkpt lat="40.788222" lon="-73.9575">
        <ele>38.2</ele>
        <time>2026-05-22T15:45:36.000Z</time>
      </trkpt>
      <trkpt lat="40.788231" lon="-73.957496">
        <ele>38.4</ele>
        <time>2026-05-22T15:45:37.000Z</time>
      </trkpt>
      <trkpt lat="40.788241" lon="-73.957491">
        <ele>38.4</ele>
        <time>2026-05-22T15:45:38.000Z</time>
      </trkpt>
      <trkpt lat="40.788251" lon="-73.957487">
        <ele>38.4</ele>
        <time>2026-05-22T15:45:39.000Z</time>
      </trkpt>
      <trkpt lat="40.788261" lon="-73.957483">
        <ele>38.4</ele>
        <time>2026-05-22T15:45:40.000Z</time>
      </trkpt>
      <trkpt lat="40.788271" lon="-73.957479">
        <ele>38.4</ele>
        <time>2026-05-22T15:45:41.000Z</time>
      </trkpt>
      <trkpt lat="40.788281" lon="-73.957475">
        <ele>38.4</ele>
        <time>2026-05-22T15:45:42.000Z</time>
      </trkpt>
      <trkpt lat="40.78829" lon="-73.957472">
        <ele>38.4</ele>
        <time>2026-05-22T15:45:43.000Z</time>
      </trkpt>
      <trkpt lat="40.7883" lon="-73.957468">
        <ele>38.2</ele>
        <time>2026-05-22T15:45:44.000Z</time>
      </trkpt>
      <trkpt lat="40.788309" lon="-73.957465">
        <ele>38.2</ele>
        <time>2026-05-22T15:45:45.000Z</time>
      </trkpt>
      <trkpt lat="40.788319" lon="-73.957461">
        <ele>38.2</ele>
        <time>2026-05-22T15:45:46.000Z</time>
      </trkpt>
      <trkpt lat="40.78833" lon="-73.957458">
        <ele>38.2</ele>
        <time>2026-05-22T15:45:47.000Z</time>
      </trkpt>
      <trkpt lat="40.78834" lon="-73.957456">
        <ele>38.2</ele>
        <time>2026-05-22T15:45:48.000Z</time>
      </trkpt>
      <trkpt lat="40.78835" lon="-73.957453">
        <ele>38.2</ele>
        <time>2026-05-22T15:45:49.000Z</time>
      </trkpt>
      <trkpt lat="40.78836" lon="-73.95745">
        <ele>38.2</ele>
        <time>2026-05-22T15:45:50.000Z</time>
      </trkpt>
      <trkpt lat="40.788371" lon="-73.957447">
        <ele>38.2</ele>
        <time>2026-05-22T15:45:51.000Z</time>
      </trkpt>
      <trkpt lat="40.788381" lon="-73.957445">
        <ele>38.2</ele>
        <time>2026-05-22T15:45:52.000Z</time>
      </trkpt>
      <trkpt lat="40.788392" lon="-73.957443">
        <ele>38.2</ele>
        <time>2026-05-22T15:45:53.000Z</time>
      </trkpt>
      <trkpt lat="40.788402" lon="-73.957441">
        <ele>38.2</ele>
        <time>2026-05-22T15:45:54.000Z</time>
      </trkpt>
      <trkpt lat="40.788412" lon="-73.957439">
        <ele>38.2</ele>
        <time>2026-05-22T15:45:55.000Z</time>
      </trkpt>
      <trkpt lat="40.788422" lon="-73.957438">
        <ele>38.2</ele>
        <time>2026-05-22T15:45:56.000Z</time>
      </trkpt>
      <trkpt lat="40.788432" lon="-73.957436">
        <ele>38.2</ele>
        <time>2026-05-22T15:45:57.000Z</time>
      </trkpt>
      <trkpt lat="40.788443" lon="-73.957436">
        <ele>38.2</ele>
        <time>2026-05-22T15:45:58.000Z</time>
      </trkpt>
      <trkpt lat="40.788453" lon="-73.957435">
        <ele>38.2</ele>
        <time>2026-05-22T15:45:59.000Z</time>
      </trkpt>
      <trkpt lat="40.788463" lon="-73.957435">
        <ele>38.2</ele>
        <time>2026-05-22T15:46:00.000Z</time>
      </trkpt>
      <trkpt lat="40.788474" lon="-73.957435">
        <ele>38.4</ele>
        <time>2026-05-22T15:46:01.000Z</time>
      </trkpt>
      <trkpt lat="40.788484" lon="-73.957435">
        <ele>38.4</ele>
        <time>2026-05-22T15:46:02.000Z</time>
      </trkpt>
      <trkpt lat="40.788494" lon="-73.957436">
        <ele>38.4</ele>
        <time>2026-05-22T15:46:03.000Z</time>
      </trkpt>
      <trkpt lat="40.788504" lon="-73.957437">
        <ele>38.4</ele>
        <time>2026-05-22T15:46:04.000Z</time>
      </trkpt>
      <trkpt lat="40.788514" lon="-73.957439">
        <ele>38.4</ele>
        <time>2026-05-22T15:46:05.000Z</time>
      </trkpt>
      <trkpt lat="40.788524" lon="-73.957441">
        <ele>38.4</ele>
        <time>2026-05-22T15:46:06.000Z</time>
      </trkpt>
      <trkpt lat="40.788534" lon="-73.957443">
        <ele>38.4</ele>
        <time>2026-05-22T15:46:07.000Z</time>
      </trkpt>
      <trkpt lat="40.788544" lon="-73.957445">
        <ele>38.4</ele>
        <time>2026-05-22T15:46:08.000Z</time>
      </trkpt>
      <trkpt lat="40.788554" lon="-73.957447">
        <ele>38.4</ele>
        <time>2026-05-22T15:46:09.000Z</time>
      </trkpt>
      <trkpt lat="40.788564" lon="-73.95745">
        <ele>38.4</ele>
        <time>2026-05-22T15:46:10.000Z</time>
      </trkpt>
      <trkpt lat="40.788572" lon="-73.957451">
        <ele>38.4</ele>
        <time>2026-05-22T15:46:11.000Z</time>
      </trkpt>
      <trkpt lat="40.788578" lon="-73.957453">
        <ele>38.4</ele>
        <time>2026-05-22T15:46:12.000Z</time>
      </trkpt>
      <trkpt lat="40.788586" lon="-73.957456">
        <ele>38.4</ele>
        <time>2026-05-22T15:46:13.000Z</time>
      </trkpt>
      <trkpt lat="40.788594" lon="-73.957459">
        <ele>38.4</ele>
        <time>2026-05-22T15:46:14.000Z</time>
      </trkpt>
      <trkpt lat="40.788604" lon="-73.957463">
        <ele>38.4</ele>
        <time>2026-05-22T15:46:15.000Z</time>
      </trkpt>
      <trkpt lat="40.788615" lon="-73.957467">
        <ele>38.4</ele>
        <time>2026-05-22T15:46:16.000Z</time>
      </trkpt>
      <trkpt lat="40.788626" lon="-73.957472">
        <ele>38.4</ele>
        <time>2026-05-22T15:46:17.000Z</time>
      </trkpt>
      <trkpt lat="40.788637" lon="-73.957477">
        <ele>38.4</ele>
        <time>2026-05-22T15:46:18.000Z</time>
      </trkpt>
      <trkpt lat="40.788648" lon="-73.957482">
        <ele>38.4</ele>
        <time>2026-05-22T15:46:19.000Z</time>
      </trkpt>
      <trkpt lat="40.788659" lon="-73.957487">
        <ele>38.4</ele>
        <time>2026-05-22T15:46:20.000Z</time>
      </trkpt>
      <trkpt lat="40.788668" lon="-73.957493">
        <ele>38.4</ele>
        <time>2026-05-22T15:46:21.000Z</time>
      </trkpt>
      <trkpt lat="40.788678" lon="-73.957498">
        <ele>38.4</ele>
        <time>2026-05-22T15:46:22.000Z</time>
      </trkpt>
      <trkpt lat="40.788687" lon="-73.957505">
        <ele>38.4</ele>
        <time>2026-05-22T15:46:23.000Z</time>
      </trkpt>
      <trkpt lat="40.788697" lon="-73.957511">
        <ele>38.4</ele>
        <time>2026-05-22T15:46:24.000Z</time>
      </trkpt>
      <trkpt lat="40.788706" lon="-73.957517">
        <ele>38.6</ele>
        <time>2026-05-22T15:46:25.000Z</time>
      </trkpt>
      <trkpt lat="40.788716" lon="-73.957524">
        <ele>38.6</ele>
        <time>2026-05-22T15:46:26.000Z</time>
      </trkpt>
      <trkpt lat="40.788725" lon="-73.95753">
        <ele>38.6</ele>
        <time>2026-05-22T15:46:27.000Z</time>
      </trkpt>
      <trkpt lat="40.788734" lon="-73.957537">
        <ele>38.6</ele>
        <time>2026-05-22T15:46:28.000Z</time>
      </trkpt>
      <trkpt lat="40.788743" lon="-73.957544">
        <ele>38.6</ele>
        <time>2026-05-22T15:46:29.000Z</time>
      </trkpt>
      <trkpt lat="40.788752" lon="-73.957551">
        <ele>38.6</ele>
        <time>2026-05-22T15:46:30.000Z</time>
      </trkpt>
      <trkpt lat="40.788761" lon="-73.957559">
        <ele>38.6</ele>
        <time>2026-05-22T15:46:31.000Z</time>
      </trkpt>
      <trkpt lat="40.78877" lon="-73.957567">
        <ele>38.6</ele>
        <time>2026-05-22T15:46:32.000Z</time>
      </trkpt>
      <trkpt lat="40.788779" lon="-73.957575">
        <ele>38.6</ele>
        <time>2026-05-22T15:46:33.000Z</time>
      </trkpt>
      <trkpt lat="40.788787" lon="-73.957583">
        <ele>38.6</ele>
        <time>2026-05-22T15:46:34.000Z</time>
      </trkpt>
      <trkpt lat="40.788796" lon="-73.957592">
        <ele>38.6</ele>
        <time>2026-05-22T15:46:35.000Z</time>
      </trkpt>
      <trkpt lat="40.788804" lon="-73.957601">
        <ele>38.6</ele>
        <time>2026-05-22T15:46:36.000Z</time>
      </trkpt>
      <trkpt lat="40.788813" lon="-73.95761">
        <ele>38.6</ele>
        <time>2026-05-22T15:46:37.000Z</time>
      </trkpt>
      <trkpt lat="40.788821" lon="-73.957619">
        <ele>38.6</ele>
        <time>2026-05-22T15:46:38.000Z</time>
      </trkpt>
      <trkpt lat="40.788829" lon="-73.957629">
        <ele>38.6</ele>
        <time>2026-05-22T15:46:39.000Z</time>
      </trkpt>
      <trkpt lat="40.788836" lon="-73.957637">
        <ele>38.6</ele>
        <time>2026-05-22T15:46:40.000Z</time>
      </trkpt>
      <trkpt lat="40.788842" lon="-73.957646">
        <ele>38.6</ele>
        <time>2026-05-22T15:46:41.000Z</time>
      </trkpt>
      <trkpt lat="40.788849" lon="-73.957655">
        <ele>38.8</ele>
        <time>2026-05-22T15:46:42.000Z</time>
      </trkpt>
      <trkpt lat="40.788856" lon="-73.957665">
        <ele>38.8</ele>
        <time>2026-05-22T15:46:43.000Z</time>
      </trkpt>
      <trkpt lat="40.788862" lon="-73.957674">
        <ele>38.8</ele>
        <time>2026-05-22T15:46:44.000Z</time>
      </trkpt>
      <trkpt lat="40.788869" lon="-73.957683">
        <ele>38.8</ele>
        <time>2026-05-22T15:46:45.000Z</time>
      </trkpt>
      <trkpt lat="40.788875" lon="-73.957692">
        <ele>38.8</ele>
        <time>2026-05-22T15:46:46.000Z</time>
      </trkpt>
      <trkpt lat="40.788881" lon="-73.957701">
        <ele>38.8</ele>
        <time>2026-05-22T15:46:47.000Z</time>
      </trkpt>
      <trkpt lat="40.788888" lon="-73.957711">
        <ele>38.8</ele>
        <time>2026-05-22T15:46:48.000Z</time>
      </trkpt>
      <trkpt lat="40.788894" lon="-73.957722">
        <ele>38.8</ele>
        <time>2026-05-22T15:46:49.000Z</time>
      </trkpt>
      <trkpt lat="40.788901" lon="-73.957733">
        <ele>38.8</ele>
        <time>2026-05-22T15:46:50.000Z</time>
      </trkpt>
      <trkpt lat="40.788906" lon="-73.957745">
        <ele>38.8</ele>
        <time>2026-05-22T15:46:51.000Z</time>
      </trkpt>
      <trkpt lat="40.788912" lon="-73.957757">
        <ele>38.6</ele>
        <time>2026-05-22T15:46:52.000Z</time>
      </trkpt>
      <trkpt lat="40.788917" lon="-73.957769">
        <ele>38.6</ele>
        <time>2026-05-22T15:46:53.000Z</time>
      </trkpt>
      <trkpt lat="40.788923" lon="-73.95778">
        <ele>38.6</ele>
        <time>2026-05-22T15:46:54.000Z</time>
      </trkpt>
      <trkpt lat="40.788928" lon="-73.957792">
        <ele>38.6</ele>
        <time>2026-05-22T15:46:55.000Z</time>
      </trkpt>
      <trkpt lat="40.788933" lon="-73.957804">
        <ele>38.6</ele>
        <time>2026-05-22T15:46:56.000Z</time>
      </trkpt>
      <trkpt lat="40.788938" lon="-73.957816">
        <ele>38.6</ele>
        <time>2026-05-22T15:46:57.000Z</time>
      </trkpt>
      <trkpt lat="40.788942" lon="-73.957828">
        <ele>38.4</ele>
        <time>2026-05-22T15:46:58.000Z</time>
      </trkpt>
      <trkpt lat="40.788947" lon="-73.95784">
        <ele>38.4</ele>
        <time>2026-05-22T15:46:59.000Z</time>
      </trkpt>
      <trkpt lat="40.788952" lon="-73.957852">
        <ele>38.4</ele>
        <time>2026-05-22T15:47:00.000Z</time>
      </trkpt>
      <trkpt lat="40.788956" lon="-73.957864">
        <ele>38.4</ele>
        <time>2026-05-22T15:47:01.000Z</time>
      </trkpt>
      <trkpt lat="40.78896" lon="-73.957875">
        <ele>38.4</ele>
        <time>2026-05-22T15:47:02.000Z</time>
      </trkpt>
      <trkpt lat="40.788963" lon="-73.957887">
        <ele>38.4</ele>
        <time>2026-05-22T15:47:03.000Z</time>
      </trkpt>
      <trkpt lat="40.788966" lon="-73.957899">
        <ele>38.4</ele>
        <time>2026-05-22T15:47:04.000Z</time>
      </trkpt>
      <trkpt lat="40.788969" lon="-73.957911">
        <ele>38.6</ele>
        <time>2026-05-22T15:47:05.000Z</time>
      </trkpt>
      <trkpt lat="40.788972" lon="-73.957923">
        <ele>38.6</ele>
        <time>2026-05-22T15:47:06.000Z</time>
      </trkpt>
      <trkpt lat="40.788975" lon="-73.957934">
        <ele>38.6</ele>
        <time>2026-05-22T15:47:07.000Z</time>
      </trkpt>
      <trkpt lat="40.788977" lon="-73.957946">
        <ele>38.6</ele>
        <time>2026-05-22T15:47:08.000Z</time>
      </trkpt>
      <trkpt lat="40.788978" lon="-73.957959">
        <ele>38.6</ele>
        <time>2026-05-22T15:47:09.000Z</time>
      </trkpt>
      <trkpt lat="40.78898" lon="-73.957972">
        <ele>38.6</ele>
        <time>2026-05-22T15:47:10.000Z</time>
      </trkpt>
      <trkpt lat="40.788982" lon="-73.957986">
        <ele>38.6</ele>
        <time>2026-05-22T15:47:11.000Z</time>
      </trkpt>
      <trkpt lat="40.788984" lon="-73.957998">
        <ele>38.6</ele>
        <time>2026-05-22T15:47:12.000Z</time>
      </trkpt>
      <trkpt lat="40.788986" lon="-73.95801">
        <ele>38.8</ele>
        <time>2026-05-22T15:47:13.000Z</time>
      </trkpt>
      <trkpt lat="40.788987" lon="-73.958022">
        <ele>38.8</ele>
        <time>2026-05-22T15:47:14.000Z</time>
      </trkpt>
      <trkpt lat="40.788988" lon="-73.958033">
        <ele>38.8</ele>
        <time>2026-05-22T15:47:15.000Z</time>
      </trkpt>
      <trkpt lat="40.788989" lon="-73.958045">
        <ele>38.8</ele>
        <time>2026-05-22T15:47:16.000Z</time>
      </trkpt>
      <trkpt lat="40.78899" lon="-73.958057">
        <ele>38.8</ele>
        <time>2026-05-22T15:47:17.000Z</time>
      </trkpt>
      <trkpt lat="40.788992" lon="-73.958069">
        <ele>38.8</ele>
        <time>2026-05-22T15:47:18.000Z</time>
      </trkpt>
      <trkpt lat="40.788993" lon="-73.958082">
        <ele>38.8</ele>
        <time>2026-05-22T15:47:19.000Z</time>
      </trkpt>
      <trkpt lat="40.788995" lon="-73.958095">
        <ele>38.8</ele>
        <time>2026-05-22T15:47:20.000Z</time>
      </trkpt>
      <trkpt lat="40.788996" lon="-73.958109">
        <ele>38.8</ele>
        <time>2026-05-22T15:47:21.000Z</time>
      </trkpt>
      <trkpt lat="40.788997" lon="-73.958123">
        <ele>38.8</ele>
        <time>2026-05-22T15:47:22.000Z</time>
      </trkpt>
      <trkpt lat="40.788997" lon="-73.958137">
        <ele>38.8</ele>
        <time>2026-05-22T15:47:23.000Z</time>
      </trkpt>
      <trkpt lat="40.788997" lon="-73.958152">
        <ele>38.8</ele>
        <time>2026-05-22T15:47:24.000Z</time>
      </trkpt>
      <trkpt lat="40.788998" lon="-73.958165">
        <ele>38.6</ele>
        <time>2026-05-22T15:47:25.000Z</time>
      </trkpt>
      <trkpt lat="40.788998" lon="-73.958179">
        <ele>38.6</ele>
        <time>2026-05-22T15:47:26.000Z</time>
      </trkpt>
      <trkpt lat="40.788997" lon="-73.958192">
        <ele>38.6</ele>
        <time>2026-05-22T15:47:27.000Z</time>
      </trkpt>
      <trkpt lat="40.788996" lon="-73.958205">
        <ele>38.6</ele>
        <time>2026-05-22T15:47:28.000Z</time>
      </trkpt>
      <trkpt lat="40.788995" lon="-73.958219">
        <ele>38.6</ele>
        <time>2026-05-22T15:47:29.000Z</time>
      </trkpt>
      <trkpt lat="40.788993" lon="-73.958232">
        <ele>38.6</ele>
        <time>2026-05-22T15:47:30.000Z</time>
      </trkpt>
      <trkpt lat="40.788992" lon="-73.958244">
        <ele>38.6</ele>
        <time>2026-05-22T15:47:31.000Z</time>
      </trkpt>
      <trkpt lat="40.788991" lon="-73.958256">
        <ele>38.6</ele>
        <time>2026-05-22T15:47:32.000Z</time>
      </trkpt>
      <trkpt lat="40.78899" lon="-73.958268">
        <ele>38.6</ele>
        <time>2026-05-22T15:47:33.000Z</time>
      </trkpt>
      <trkpt lat="40.788988" lon="-73.95828">
        <ele>38.6</ele>
        <time>2026-05-22T15:47:34.000Z</time>
      </trkpt>
      <trkpt lat="40.788985" lon="-73.958293">
        <ele>38.6</ele>
        <time>2026-05-22T15:47:35.000Z</time>
      </trkpt>
      <trkpt lat="40.788982" lon="-73.958305">
        <ele>38.6</ele>
        <time>2026-05-22T15:47:36.000Z</time>
      </trkpt>
      <trkpt lat="40.788979" lon="-73.958317">
        <ele>38.6</ele>
        <time>2026-05-22T15:47:37.000Z</time>
      </trkpt>
      <trkpt lat="40.788976" lon="-73.958328">
        <ele>38.6</ele>
        <time>2026-05-22T15:47:38.000Z</time>
      </trkpt>
      <trkpt lat="40.788973" lon="-73.958339">
        <ele>38.6</ele>
        <time>2026-05-22T15:47:39.000Z</time>
      </trkpt>
      <trkpt lat="40.78897" lon="-73.95835">
        <ele>38.6</ele>
        <time>2026-05-22T15:47:40.000Z</time>
      </trkpt>
      <trkpt lat="40.788967" lon="-73.958361">
        <ele>38.6</ele>
        <time>2026-05-22T15:47:41.000Z</time>
      </trkpt>
      <trkpt lat="40.788964" lon="-73.958372">
        <ele>38.6</ele>
        <time>2026-05-22T15:47:42.000Z</time>
      </trkpt>
      <trkpt lat="40.788961" lon="-73.958382">
        <ele>38.6</ele>
        <time>2026-05-22T15:47:43.000Z</time>
      </trkpt>
      <trkpt lat="40.788957" lon="-73.958393">
        <ele>38.6</ele>
        <time>2026-05-22T15:47:44.000Z</time>
      </trkpt>
      <trkpt lat="40.788953" lon="-73.958404">
        <ele>38.6</ele>
        <time>2026-05-22T15:47:45.000Z</time>
      </trkpt>
      <trkpt lat="40.788949" lon="-73.958415">
        <ele>38.6</ele>
        <time>2026-05-22T15:47:46.000Z</time>
      </trkpt>
      <trkpt lat="40.788944" lon="-73.958426">
        <ele>38.8</ele>
        <time>2026-05-22T15:47:47.000Z</time>
      </trkpt>
      <trkpt lat="40.78894" lon="-73.958437">
        <ele>38.8</ele>
        <time>2026-05-22T15:47:48.000Z</time>
      </trkpt>
      <trkpt lat="40.788935" lon="-73.958448">
        <ele>38.8</ele>
        <time>2026-05-22T15:47:49.000Z</time>
      </trkpt>
      <trkpt lat="40.788929" lon="-73.958459">
        <ele>38.8</ele>
        <time>2026-05-22T15:47:50.000Z</time>
      </trkpt>
      <trkpt lat="40.788924" lon="-73.95847">
        <ele>38.6</ele>
        <time>2026-05-22T15:47:51.000Z</time>
      </trkpt>
      <trkpt lat="40.788919" lon="-73.958481">
        <ele>38.6</ele>
        <time>2026-05-22T15:47:52.000Z</time>
      </trkpt>
      <trkpt lat="40.788914" lon="-73.958492">
        <ele>38.6</ele>
        <time>2026-05-22T15:47:53.000Z</time>
      </trkpt>
      <trkpt lat="40.788908" lon="-73.958504">
        <ele>38.6</ele>
        <time>2026-05-22T15:47:54.000Z</time>
      </trkpt>
      <trkpt lat="40.788903" lon="-73.958515">
        <ele>38.6</ele>
        <time>2026-05-22T15:47:55.000Z</time>
      </trkpt>
      <trkpt lat="40.788897" lon="-73.958527">
        <ele>38.6</ele>
        <time>2026-05-22T15:47:56.000Z</time>
      </trkpt>
      <trkpt lat="40.788892" lon="-73.958539">
        <ele>38.6</ele>
        <time>2026-05-22T15:47:57.000Z</time>
      </trkpt>
      <trkpt lat="40.788888" lon="-73.958552">
        <ele>38.4</ele>
        <time>2026-05-22T15:47:58.000Z</time>
      </trkpt>
      <trkpt lat="40.788883" lon="-73.958564">
        <ele>38.4</ele>
        <time>2026-05-22T15:47:59.000Z</time>
      </trkpt>
      <trkpt lat="40.788878" lon="-73.958576">
        <ele>38.4</ele>
        <time>2026-05-22T15:48:00.000Z</time>
      </trkpt>
      <trkpt lat="40.788874" lon="-73.958588">
        <ele>38.4</ele>
        <time>2026-05-22T15:48:01.000Z</time>
      </trkpt>
      <trkpt lat="40.788869" lon="-73.9586">
        <ele>38.4</ele>
        <time>2026-05-22T15:48:02.000Z</time>
      </trkpt>
      <trkpt lat="40.788865" lon="-73.958613">
        <ele>38.4</ele>
        <time>2026-05-22T15:48:03.000Z</time>
      </trkpt>
      <trkpt lat="40.78886" lon="-73.958625">
        <ele>38.4</ele>
        <time>2026-05-22T15:48:04.000Z</time>
      </trkpt>
      <trkpt lat="40.788856" lon="-73.958638">
        <ele>38.4</ele>
        <time>2026-05-22T15:48:05.000Z</time>
      </trkpt>
      <trkpt lat="40.788851" lon="-73.95865">
        <ele>38.4</ele>
        <time>2026-05-22T15:48:06.000Z</time>
      </trkpt>
      <trkpt lat="40.788847" lon="-73.958663">
        <ele>38.4</ele>
        <time>2026-05-22T15:48:07.000Z</time>
      </trkpt>
      <trkpt lat="40.788843" lon="-73.958675">
        <ele>38.4</ele>
        <time>2026-05-22T15:48:08.000Z</time>
      </trkpt>
      <trkpt lat="40.788838" lon="-73.958688">
        <ele>38.4</ele>
        <time>2026-05-22T15:48:09.000Z</time>
      </trkpt>
      <trkpt lat="40.788834" lon="-73.9587">
        <ele>38.4</ele>
        <time>2026-05-22T15:48:10.000Z</time>
      </trkpt>
      <trkpt lat="40.78883" lon="-73.958713">
        <ele>38.4</ele>
        <time>2026-05-22T15:48:11.000Z</time>
      </trkpt>
      <trkpt lat="40.788825" lon="-73.958725">
        <ele>38.4</ele>
        <time>2026-05-22T15:48:12.000Z</time>
      </trkpt>
      <trkpt lat="40.78882" lon="-73.958737">
        <ele>38.4</ele>
        <time>2026-05-22T15:48:13.000Z</time>
      </trkpt>
      <trkpt lat="40.788816" lon="-73.95875">
        <ele>38.4</ele>
        <time>2026-05-22T15:48:14.000Z</time>
      </trkpt>
      <trkpt lat="40.788812" lon="-73.958762">
        <ele>38.4</ele>
        <time>2026-05-22T15:48:15.000Z</time>
      </trkpt>
      <trkpt lat="40.788808" lon="-73.958776">
        <ele>38.4</ele>
        <time>2026-05-22T15:48:16.000Z</time>
      </trkpt>
      <trkpt lat="40.788804" lon="-73.95879">
        <ele>38.4</ele>
        <time>2026-05-22T15:48:17.000Z</time>
      </trkpt>
      <trkpt lat="40.788799" lon="-73.958803">
        <ele>38.4</ele>
        <time>2026-05-22T15:48:18.000Z</time>
      </trkpt>
      <trkpt lat="40.788795" lon="-73.958817">
        <ele>38.4</ele>
        <time>2026-05-22T15:48:19.000Z</time>
      </trkpt>
      <trkpt lat="40.788791" lon="-73.95883">
        <ele>38.4</ele>
        <time>2026-05-22T15:48:20.000Z</time>
      </trkpt>
      <trkpt lat="40.788787" lon="-73.958843">
        <ele>38.4</ele>
        <time>2026-05-22T15:48:21.000Z</time>
      </trkpt>
      <trkpt lat="40.788784" lon="-73.958856">
        <ele>38.4</ele>
        <time>2026-05-22T15:48:22.000Z</time>
      </trkpt>
      <trkpt lat="40.78878" lon="-73.958868">
        <ele>38.4</ele>
        <time>2026-05-22T15:48:23.000Z</time>
      </trkpt>
      <trkpt lat="40.788777" lon="-73.958881">
        <ele>38.4</ele>
        <time>2026-05-22T15:48:24.000Z</time>
      </trkpt>
      <trkpt lat="40.788773" lon="-73.958894">
        <ele>38.4</ele>
        <time>2026-05-22T15:48:25.000Z</time>
      </trkpt>
      <trkpt lat="40.788769" lon="-73.958906">
        <ele>38.6</ele>
        <time>2026-05-22T15:48:26.000Z</time>
      </trkpt>
      <trkpt lat="40.788764" lon="-73.958919">
        <ele>38.6</ele>
        <time>2026-05-22T15:48:27.000Z</time>
      </trkpt>
      <trkpt lat="40.78876" lon="-73.958931">
        <ele>38.6</ele>
        <time>2026-05-22T15:48:28.000Z</time>
      </trkpt>
      <trkpt lat="40.788756" lon="-73.958945">
        <ele>38.6</ele>
        <time>2026-05-22T15:48:29.000Z</time>
      </trkpt>
      <trkpt lat="40.788752" lon="-73.958958">
        <ele>38.8</ele>
        <time>2026-05-22T15:48:30.000Z</time>
      </trkpt>
      <trkpt lat="40.78875" lon="-73.958971">
        <ele>38.8</ele>
        <time>2026-05-22T15:48:31.000Z</time>
      </trkpt>
      <trkpt lat="40.788747" lon="-73.958985">
        <ele>38.8</ele>
        <time>2026-05-22T15:48:32.000Z</time>
      </trkpt>
      <trkpt lat="40.788745" lon="-73.958999">
        <ele>39</ele>
        <time>2026-05-22T15:48:33.000Z</time>
      </trkpt>
      <trkpt lat="40.788742" lon="-73.959013">
        <ele>39</ele>
        <time>2026-05-22T15:48:34.000Z</time>
      </trkpt>
      <trkpt lat="40.788739" lon="-73.959027">
        <ele>39</ele>
        <time>2026-05-22T15:48:35.000Z</time>
      </trkpt>
      <trkpt lat="40.788736" lon="-73.959041">
        <ele>39</ele>
        <time>2026-05-22T15:48:36.000Z</time>
      </trkpt>
      <trkpt lat="40.788733" lon="-73.959054">
        <ele>39.2</ele>
        <time>2026-05-22T15:48:37.000Z</time>
      </trkpt>
      <trkpt lat="40.788731" lon="-73.959068">
        <ele>39.2</ele>
        <time>2026-05-22T15:48:38.000Z</time>
      </trkpt>
      <trkpt lat="40.788728" lon="-73.959081">
        <ele>39.2</ele>
        <time>2026-05-22T15:48:39.000Z</time>
      </trkpt>
      <trkpt lat="40.788726" lon="-73.959094">
        <ele>39.2</ele>
        <time>2026-05-22T15:48:40.000Z</time>
      </trkpt>
      <trkpt lat="40.788723" lon="-73.959107">
        <ele>39</ele>
        <time>2026-05-22T15:48:41.000Z</time>
      </trkpt>
      <trkpt lat="40.788721" lon="-73.95912">
        <ele>39</ele>
        <time>2026-05-22T15:48:42.000Z</time>
      </trkpt>
      <trkpt lat="40.788719" lon="-73.959134">
        <ele>39</ele>
        <time>2026-05-22T15:48:43.000Z</time>
      </trkpt>
      <trkpt lat="40.788718" lon="-73.959147">
        <ele>39</ele>
        <time>2026-05-22T15:48:44.000Z</time>
      </trkpt>
      <trkpt lat="40.788716" lon="-73.959161">
        <ele>39</ele>
        <time>2026-05-22T15:48:45.000Z</time>
      </trkpt>
      <trkpt lat="40.788713" lon="-73.959174">
        <ele>38.8</ele>
        <time>2026-05-22T15:48:46.000Z</time>
      </trkpt>
      <trkpt lat="40.78871" lon="-73.959188">
        <ele>38.8</ele>
        <time>2026-05-22T15:48:47.000Z</time>
      </trkpt>
      <trkpt lat="40.788708" lon="-73.959202">
        <ele>38.8</ele>
        <time>2026-05-22T15:48:48.000Z</time>
      </trkpt>
      <trkpt lat="40.788706" lon="-73.959216">
        <ele>38.8</ele>
        <time>2026-05-22T15:48:49.000Z</time>
      </trkpt>
      <trkpt lat="40.788704" lon="-73.95923">
        <ele>38.8</ele>
        <time>2026-05-22T15:48:50.000Z</time>
      </trkpt>
      <trkpt lat="40.788702" lon="-73.959244">
        <ele>38.8</ele>
        <time>2026-05-22T15:48:51.000Z</time>
      </trkpt>
      <trkpt lat="40.7887" lon="-73.959258">
        <ele>38.6</ele>
        <time>2026-05-22T15:48:52.000Z</time>
      </trkpt>
      <trkpt lat="40.788698" lon="-73.959272">
        <ele>38.6</ele>
        <time>2026-05-22T15:48:53.000Z</time>
      </trkpt>
      <trkpt lat="40.788695" lon="-73.959286">
        <ele>38.6</ele>
        <time>2026-05-22T15:48:54.000Z</time>
      </trkpt>
      <trkpt lat="40.788693" lon="-73.9593">
        <ele>38.8</ele>
        <time>2026-05-22T15:48:55.000Z</time>
      </trkpt>
      <trkpt lat="40.788691" lon="-73.959314">
        <ele>38.8</ele>
        <time>2026-05-22T15:48:56.000Z</time>
      </trkpt>
      <trkpt lat="40.788689" lon="-73.959328">
        <ele>38.8</ele>
        <time>2026-05-22T15:48:57.000Z</time>
      </trkpt>
      <trkpt lat="40.788687" lon="-73.959342">
        <ele>38.8</ele>
        <time>2026-05-22T15:48:58.000Z</time>
      </trkpt>
      <trkpt lat="40.788685" lon="-73.959356">
        <ele>38.8</ele>
        <time>2026-05-22T15:48:59.000Z</time>
      </trkpt>
      <trkpt lat="40.788683" lon="-73.95937">
        <ele>39</ele>
        <time>2026-05-22T15:49:00.000Z</time>
      </trkpt>
      <trkpt lat="40.788682" lon="-73.959384">
        <ele>39</ele>
        <time>2026-05-22T15:49:01.000Z</time>
      </trkpt>
      <trkpt lat="40.78868" lon="-73.959399">
        <ele>39</ele>
        <time>2026-05-22T15:49:02.000Z</time>
      </trkpt>
      <trkpt lat="40.788679" lon="-73.959413">
        <ele>39.2</ele>
        <time>2026-05-22T15:49:03.000Z</time>
      </trkpt>
      <trkpt lat="40.788678" lon="-73.959427">
        <ele>39.2</ele>
        <time>2026-05-22T15:49:04.000Z</time>
      </trkpt>
      <trkpt lat="40.788677" lon="-73.959441">
        <ele>39.2</ele>
        <time>2026-05-22T15:49:05.000Z</time>
      </trkpt>
      <trkpt lat="40.788676" lon="-73.959455">
        <ele>39.2</ele>
        <time>2026-05-22T15:49:06.000Z</time>
      </trkpt>
      <trkpt lat="40.788675" lon="-73.959469">
        <ele>39.2</ele>
        <time>2026-05-22T15:49:07.000Z</time>
      </trkpt>
      <trkpt lat="40.788675" lon="-73.959484">
        <ele>39.4</ele>
        <time>2026-05-22T15:49:08.000Z</time>
      </trkpt>
      <trkpt lat="40.788674" lon="-73.959498">
        <ele>39.4</ele>
        <time>2026-05-22T15:49:09.000Z</time>
      </trkpt>
      <trkpt lat="40.788673" lon="-73.959512">
        <ele>39.4</ele>
        <time>2026-05-22T15:49:10.000Z</time>
      </trkpt>
      <trkpt lat="40.788673" lon="-73.959527">
        <ele>39.4</ele>
        <time>2026-05-22T15:49:11.000Z</time>
      </trkpt>
      <trkpt lat="40.788673" lon="-73.959541">
        <ele>39.4</ele>
        <time>2026-05-22T15:49:12.000Z</time>
      </trkpt>
      <trkpt lat="40.788673" lon="-73.959555">
        <ele>39.2</ele>
        <time>2026-05-22T15:49:13.000Z</time>
      </trkpt>
      <trkpt lat="40.788672" lon="-73.95957">
        <ele>39.2</ele>
        <time>2026-05-22T15:49:14.000Z</time>
      </trkpt>
      <trkpt lat="40.788673" lon="-73.959584">
        <ele>39.2</ele>
        <time>2026-05-22T15:49:15.000Z</time>
      </trkpt>
      <trkpt lat="40.788673" lon="-73.959598">
        <ele>39.2</ele>
        <time>2026-05-22T15:49:16.000Z</time>
      </trkpt>
      <trkpt lat="40.788673" lon="-73.959612">
        <ele>39.2</ele>
        <time>2026-05-22T15:49:17.000Z</time>
      </trkpt>
      <trkpt lat="40.788673" lon="-73.959626">
        <ele>39.2</ele>
        <time>2026-05-22T15:49:18.000Z</time>
      </trkpt>
      <trkpt lat="40.788674" lon="-73.959639">
        <ele>39.2</ele>
        <time>2026-05-22T15:49:19.000Z</time>
      </trkpt>
      <trkpt lat="40.788674" lon="-73.959653">
        <ele>39</ele>
        <time>2026-05-22T15:49:20.000Z</time>
      </trkpt>
      <trkpt lat="40.788674" lon="-73.959667">
        <ele>39</ele>
        <time>2026-05-22T15:49:21.000Z</time>
      </trkpt>
      <trkpt lat="40.788675" lon="-73.959693">
        <ele>39</ele>
        <time>2026-05-22T15:49:22.000Z</time>
      </trkpt>
      <trkpt lat="40.788676" lon="-73.959704">
        <ele>39</ele>
        <time>2026-05-22T15:49:23.000Z</time>
      </trkpt>
      <trkpt lat="40.788676" lon="-73.959716">
        <ele>39</ele>
        <time>2026-05-22T15:49:24.000Z</time>
      </trkpt>
      <trkpt lat="40.788677" lon="-73.959727">
        <ele>38.8</ele>
        <time>2026-05-22T15:49:25.000Z</time>
      </trkpt>
      <trkpt lat="40.788677" lon="-73.959739">
        <ele>38.8</ele>
        <time>2026-05-22T15:49:26.000Z</time>
      </trkpt>
      <trkpt lat="40.788678" lon="-73.959752">
        <ele>38.8</ele>
        <time>2026-05-22T15:49:27.000Z</time>
      </trkpt>
      <trkpt lat="40.788678" lon="-73.959765">
        <ele>38.8</ele>
        <time>2026-05-22T15:49:28.000Z</time>
      </trkpt>
      <trkpt lat="40.788679" lon="-73.959777">
        <ele>38.8</ele>
        <time>2026-05-22T15:49:29.000Z</time>
      </trkpt>
      <trkpt lat="40.78868" lon="-73.959788">
        <ele>38.8</ele>
        <time>2026-05-22T15:49:30.000Z</time>
      </trkpt>
      <trkpt lat="40.788681" lon="-73.959801">
        <ele>38.8</ele>
        <time>2026-05-22T15:49:31.000Z</time>
      </trkpt>
      <trkpt lat="40.788682" lon="-73.959815">
        <ele>38.8</ele>
        <time>2026-05-22T15:49:32.000Z</time>
      </trkpt>
      <trkpt lat="40.788684" lon="-73.95983">
        <ele>38.8</ele>
        <time>2026-05-22T15:49:33.000Z</time>
      </trkpt>
      <trkpt lat="40.788686" lon="-73.959845">
        <ele>38.8</ele>
        <time>2026-05-22T15:49:34.000Z</time>
      </trkpt>
      <trkpt lat="40.788688" lon="-73.95986">
        <ele>38.8</ele>
        <time>2026-05-22T15:49:35.000Z</time>
      </trkpt>
      <trkpt lat="40.788689" lon="-73.959874">
        <ele>38.8</ele>
        <time>2026-05-22T15:49:36.000Z</time>
      </trkpt>
      <trkpt lat="40.788691" lon="-73.959888">
        <ele>38.8</ele>
        <time>2026-05-22T15:49:37.000Z</time>
      </trkpt>
      <trkpt lat="40.788693" lon="-73.959902">
        <ele>38.8</ele>
        <time>2026-05-22T15:49:38.000Z</time>
      </trkpt>
      <trkpt lat="40.788694" lon="-73.959916">
        <ele>38.8</ele>
        <time>2026-05-22T15:49:39.000Z</time>
      </trkpt>
      <trkpt lat="40.788696" lon="-73.959931">
        <ele>38.8</ele>
        <time>2026-05-22T15:49:40.000Z</time>
      </trkpt>
      <trkpt lat="40.788698" lon="-73.959945">
        <ele>38.8</ele>
        <time>2026-05-22T15:49:41.000Z</time>
      </trkpt>
      <trkpt lat="40.7887" lon="-73.95996">
        <ele>38.8</ele>
        <time>2026-05-22T15:49:42.000Z</time>
      </trkpt>
      <trkpt lat="40.788702" lon="-73.959975">
        <ele>38.8</ele>
        <time>2026-05-22T15:49:43.000Z</time>
      </trkpt>
      <trkpt lat="40.788705" lon="-73.959989">
        <ele>38.8</ele>
        <time>2026-05-22T15:49:44.000Z</time>
      </trkpt>
      <trkpt lat="40.788707" lon="-73.960003">
        <ele>38.8</ele>
        <time>2026-05-22T15:49:45.000Z</time>
      </trkpt>
      <trkpt lat="40.788709" lon="-73.960017">
        <ele>38.8</ele>
        <time>2026-05-22T15:49:46.000Z</time>
      </trkpt>
      <trkpt lat="40.788712" lon="-73.960031">
        <ele>38.8</ele>
        <time>2026-05-22T15:49:47.000Z</time>
      </trkpt>
      <trkpt lat="40.788714" lon="-73.960045">
        <ele>38.6</ele>
        <time>2026-05-22T15:49:48.000Z</time>
      </trkpt>
      <trkpt lat="40.788717" lon="-73.960059">
        <ele>38.6</ele>
        <time>2026-05-22T15:49:49.000Z</time>
      </trkpt>
      <trkpt lat="40.78872" lon="-73.960073">
        <ele>38.6</ele>
        <time>2026-05-22T15:49:50.000Z</time>
      </trkpt>
      <trkpt lat="40.788722" lon="-73.960086">
        <ele>38.6</ele>
        <time>2026-05-22T15:49:51.000Z</time>
      </trkpt>
      <trkpt lat="40.788725" lon="-73.9601">
        <ele>38.6</ele>
        <time>2026-05-22T15:49:52.000Z</time>
      </trkpt>
      <trkpt lat="40.788728" lon="-73.960113">
        <ele>38.6</ele>
        <time>2026-05-22T15:49:53.000Z</time>
      </trkpt>
      <trkpt lat="40.788731" lon="-73.960127">
        <ele>38.6</ele>
        <time>2026-05-22T15:49:54.000Z</time>
      </trkpt>
      <trkpt lat="40.788734" lon="-73.960142">
        <ele>38.6</ele>
        <time>2026-05-22T15:49:55.000Z</time>
      </trkpt>
      <trkpt lat="40.788738" lon="-73.960156">
        <ele>38.4</ele>
        <time>2026-05-22T15:49:56.000Z</time>
      </trkpt>
      <trkpt lat="40.788741" lon="-73.960169">
        <ele>38.4</ele>
        <time>2026-05-22T15:49:57.000Z</time>
      </trkpt>
      <trkpt lat="40.788744" lon="-73.960183">
        <ele>38.4</ele>
        <time>2026-05-22T15:49:58.000Z</time>
      </trkpt>
      <trkpt lat="40.788748" lon="-73.960196">
        <ele>38.4</ele>
        <time>2026-05-22T15:49:59.000Z</time>
      </trkpt>
      <trkpt lat="40.788751" lon="-73.960208">
        <ele>38.4</ele>
        <time>2026-05-22T15:50:00.000Z</time>
      </trkpt>
      <trkpt lat="40.788754" lon="-73.96022">
        <ele>38.4</ele>
        <time>2026-05-22T15:50:01.000Z</time>
      </trkpt>
      <trkpt lat="40.788758" lon="-73.960234">
        <ele>38.4</ele>
        <time>2026-05-22T15:50:02.000Z</time>
      </trkpt>
      <trkpt lat="40.788762" lon="-73.960248">
        <ele>38.6</ele>
        <time>2026-05-22T15:50:03.000Z</time>
      </trkpt>
      <trkpt lat="40.788766" lon="-73.960262">
        <ele>38.6</ele>
        <time>2026-05-22T15:50:04.000Z</time>
      </trkpt>
      <trkpt lat="40.78877" lon="-73.960275">
        <ele>38.6</ele>
        <time>2026-05-22T15:50:05.000Z</time>
      </trkpt>
      <trkpt lat="40.788774" lon="-73.960289">
        <ele>38.6</ele>
        <time>2026-05-22T15:50:06.000Z</time>
      </trkpt>
      <trkpt lat="40.788778" lon="-73.960303">
        <ele>38.6</ele>
        <time>2026-05-22T15:50:07.000Z</time>
      </trkpt>
      <trkpt lat="40.788781" lon="-73.960316">
        <ele>38.8</ele>
        <time>2026-05-22T15:50:08.000Z</time>
      </trkpt>
      <trkpt lat="40.788785" lon="-73.960329">
        <ele>38.8</ele>
        <time>2026-05-22T15:50:09.000Z</time>
      </trkpt>
      <trkpt lat="40.788789" lon="-73.960342">
        <ele>38.8</ele>
        <time>2026-05-22T15:50:10.000Z</time>
      </trkpt>
      <trkpt lat="40.788793" lon="-73.960355">
        <ele>38.8</ele>
        <time>2026-05-22T15:50:11.000Z</time>
      </trkpt>
      <trkpt lat="40.788797" lon="-73.960368">
        <ele>38.8</ele>
        <time>2026-05-22T15:50:12.000Z</time>
      </trkpt>
      <trkpt lat="40.788801" lon="-73.960381">
        <ele>38.8</ele>
        <time>2026-05-22T15:50:13.000Z</time>
      </trkpt>
      <trkpt lat="40.788805" lon="-73.960394">
        <ele>38.8</ele>
        <time>2026-05-22T15:50:14.000Z</time>
      </trkpt>
      <trkpt lat="40.788809" lon="-73.960407">
        <ele>38.8</ele>
        <time>2026-05-22T15:50:15.000Z</time>
      </trkpt>
      <trkpt lat="40.788813" lon="-73.96042">
        <ele>38.8</ele>
        <time>2026-05-22T15:50:16.000Z</time>
      </trkpt>
      <trkpt lat="40.788818" lon="-73.960432">
        <ele>38.8</ele>
        <time>2026-05-22T15:50:17.000Z</time>
      </trkpt>
      <trkpt lat="40.788822" lon="-73.960445">
        <ele>38.8</ele>
        <time>2026-05-22T15:50:18.000Z</time>
      </trkpt>
      <trkpt lat="40.788827" lon="-73.960457">
        <ele>38.6</ele>
        <time>2026-05-22T15:50:19.000Z</time>
      </trkpt>
      <trkpt lat="40.788832" lon="-73.960469">
        <ele>38.6</ele>
        <time>2026-05-22T15:50:20.000Z</time>
      </trkpt>
      <trkpt lat="40.788837" lon="-73.960481">
        <ele>38.6</ele>
        <time>2026-05-22T15:50:21.000Z</time>
      </trkpt>
      <trkpt lat="40.788841" lon="-73.960492">
        <ele>38.6</ele>
        <time>2026-05-22T15:50:22.000Z</time>
      </trkpt>
      <trkpt lat="40.788845" lon="-73.960503">
        <ele>38.6</ele>
        <time>2026-05-22T15:50:23.000Z</time>
      </trkpt>
      <trkpt lat="40.788849" lon="-73.960514">
        <ele>38.6</ele>
        <time>2026-05-22T15:50:24.000Z</time>
      </trkpt>
      <trkpt lat="40.788853" lon="-73.960525">
        <ele>38.4</ele>
        <time>2026-05-22T15:50:25.000Z</time>
      </trkpt>
      <trkpt lat="40.788858" lon="-73.960537">
        <ele>38.4</ele>
        <time>2026-05-22T15:50:26.000Z</time>
      </trkpt>
      <trkpt lat="40.788862" lon="-73.96055">
        <ele>38.4</ele>
        <time>2026-05-22T15:50:27.000Z</time>
      </trkpt>
      <trkpt lat="40.788867" lon="-73.960563">
        <ele>38.4</ele>
        <time>2026-05-22T15:50:28.000Z</time>
      </trkpt>
      <trkpt lat="40.788872" lon="-73.960575">
        <ele>38.4</ele>
        <time>2026-05-22T15:50:29.000Z</time>
      </trkpt>
      <trkpt lat="40.788876" lon="-73.960586">
        <ele>38.4</ele>
        <time>2026-05-22T15:50:30.000Z</time>
      </trkpt>
      <trkpt lat="40.788881" lon="-73.960598">
        <ele>38.4</ele>
        <time>2026-05-22T15:50:31.000Z</time>
      </trkpt>
      <trkpt lat="40.788886" lon="-73.96061">
        <ele>38.4</ele>
        <time>2026-05-22T15:50:32.000Z</time>
      </trkpt>
      <trkpt lat="40.78889" lon="-73.960623">
        <ele>38.4</ele>
        <time>2026-05-22T15:50:33.000Z</time>
      </trkpt>
      <trkpt lat="40.788895" lon="-73.960636">
        <ele>38.4</ele>
        <time>2026-05-22T15:50:34.000Z</time>
      </trkpt>
      <trkpt lat="40.7889" lon="-73.960648">
        <ele>38.4</ele>
        <time>2026-05-22T15:50:35.000Z</time>
      </trkpt>
      <trkpt lat="40.788905" lon="-73.960661">
        <ele>38.4</ele>
        <time>2026-05-22T15:50:36.000Z</time>
      </trkpt>
      <trkpt lat="40.788909" lon="-73.960674">
        <ele>38.6</ele>
        <time>2026-05-22T15:50:37.000Z</time>
      </trkpt>
      <trkpt lat="40.788914" lon="-73.960687">
        <ele>38.6</ele>
        <time>2026-05-22T15:50:38.000Z</time>
      </trkpt>
      <trkpt lat="40.788919" lon="-73.960701">
        <ele>38.6</ele>
        <time>2026-05-22T15:50:39.000Z</time>
      </trkpt>
      <trkpt lat="40.788923" lon="-73.960715">
        <ele>38.6</ele>
        <time>2026-05-22T15:50:40.000Z</time>
      </trkpt>
      <trkpt lat="40.788927" lon="-73.960728">
        <ele>38.6</ele>
        <time>2026-05-22T15:50:41.000Z</time>
      </trkpt>
      <trkpt lat="40.788931" lon="-73.960741">
        <ele>38.6</ele>
        <time>2026-05-22T15:50:42.000Z</time>
      </trkpt>
      <trkpt lat="40.788934" lon="-73.960754">
        <ele>38.6</ele>
        <time>2026-05-22T15:50:43.000Z</time>
      </trkpt>
      <trkpt lat="40.788936" lon="-73.960766">
        <ele>38.6</ele>
        <time>2026-05-22T15:50:44.000Z</time>
      </trkpt>
      <trkpt lat="40.788939" lon="-73.960779">
        <ele>38.6</ele>
        <time>2026-05-22T15:50:45.000Z</time>
      </trkpt>
      <trkpt lat="40.78894" lon="-73.960791">
        <ele>38.6</ele>
        <time>2026-05-22T15:50:46.000Z</time>
      </trkpt>
      <trkpt lat="40.788942" lon="-73.960803">
        <ele>38.6</ele>
        <time>2026-05-22T15:50:47.000Z</time>
      </trkpt>
      <trkpt lat="40.788944" lon="-73.960816">
        <ele>38.6</ele>
        <time>2026-05-22T15:50:48.000Z</time>
      </trkpt>
      <trkpt lat="40.788946" lon="-73.960829">
        <ele>38.4</ele>
        <time>2026-05-22T15:50:49.000Z</time>
      </trkpt>
      <trkpt lat="40.788947" lon="-73.960844">
        <ele>38.4</ele>
        <time>2026-05-22T15:50:50.000Z</time>
      </trkpt>
      <trkpt lat="40.788949" lon="-73.960858">
        <ele>38.4</ele>
        <time>2026-05-22T15:50:51.000Z</time>
      </trkpt>
      <trkpt lat="40.78895" lon="-73.960873">
        <ele>38.4</ele>
        <time>2026-05-22T15:50:52.000Z</time>
      </trkpt>
      <trkpt lat="40.788951" lon="-73.960887">
        <ele>38.4</ele>
        <time>2026-05-22T15:50:53.000Z</time>
      </trkpt>
      <trkpt lat="40.788953" lon="-73.960901">
        <ele>38.4</ele>
        <time>2026-05-22T15:50:54.000Z</time>
      </trkpt>
      <trkpt lat="40.788954" lon="-73.960914">
        <ele>38.4</ele>
        <time>2026-05-22T15:50:55.000Z</time>
      </trkpt>
      <trkpt lat="40.788955" lon="-73.960928">
        <ele>38.4</ele>
        <time>2026-05-22T15:50:56.000Z</time>
      </trkpt>
      <trkpt lat="40.788957" lon="-73.960942">
        <ele>38.4</ele>
        <time>2026-05-22T15:50:57.000Z</time>
      </trkpt>
      <trkpt lat="40.788958" lon="-73.960955">
        <ele>38.4</ele>
        <time>2026-05-22T15:50:58.000Z</time>
      </trkpt>
      <trkpt lat="40.788959" lon="-73.960969">
        <ele>38.4</ele>
        <time>2026-05-22T15:50:59.000Z</time>
      </trkpt>
      <trkpt lat="40.78896" lon="-73.960983">
        <ele>38.4</ele>
        <time>2026-05-22T15:51:00.000Z</time>
      </trkpt>
      <trkpt lat="40.788961" lon="-73.960997">
        <ele>38.4</ele>
        <time>2026-05-22T15:51:01.000Z</time>
      </trkpt>
      <trkpt lat="40.788962" lon="-73.96101">
        <ele>38.4</ele>
        <time>2026-05-22T15:51:02.000Z</time>
      </trkpt>
      <trkpt lat="40.788962" lon="-73.961023">
        <ele>38.6</ele>
        <time>2026-05-22T15:51:03.000Z</time>
      </trkpt>
      <trkpt lat="40.788963" lon="-73.961037">
        <ele>38.6</ele>
        <time>2026-05-22T15:51:04.000Z</time>
      </trkpt>
      <trkpt lat="40.788964" lon="-73.961051">
        <ele>38.6</ele>
        <time>2026-05-22T15:51:05.000Z</time>
      </trkpt>
      <trkpt lat="40.788964" lon="-73.961065">
        <ele>38.6</ele>
        <time>2026-05-22T15:51:06.000Z</time>
      </trkpt>
      <trkpt lat="40.788964" lon="-73.961079">
        <ele>38.6</ele>
        <time>2026-05-22T15:51:07.000Z</time>
      </trkpt>
      <trkpt lat="40.788964" lon="-73.961092">
        <ele>38.8</ele>
        <time>2026-05-22T15:51:08.000Z</time>
      </trkpt>
      <trkpt lat="40.788964" lon="-73.961106">
        <ele>38.8</ele>
        <time>2026-05-22T15:51:09.000Z</time>
      </trkpt>
      <trkpt lat="40.788963" lon="-73.961119">
        <ele>38.8</ele>
        <time>2026-05-22T15:51:10.000Z</time>
      </trkpt>
      <trkpt lat="40.788963" lon="-73.961133">
        <ele>38.8</ele>
        <time>2026-05-22T15:51:11.000Z</time>
      </trkpt>
      <trkpt lat="40.788962" lon="-73.961147">
        <ele>38.8</ele>
        <time>2026-05-22T15:51:12.000Z</time>
      </trkpt>
      <trkpt lat="40.788961" lon="-73.961161">
        <ele>38.8</ele>
        <time>2026-05-22T15:51:13.000Z</time>
      </trkpt>
      <trkpt lat="40.78896" lon="-73.961176">
        <ele>38.8</ele>
        <time>2026-05-22T15:51:14.000Z</time>
      </trkpt>
      <trkpt lat="40.788959" lon="-73.961189">
        <ele>38.8</ele>
        <time>2026-05-22T15:51:15.000Z</time>
      </trkpt>
      <trkpt lat="40.788958" lon="-73.961203">
        <ele>38.8</ele>
        <time>2026-05-22T15:51:16.000Z</time>
      </trkpt>
      <trkpt lat="40.788957" lon="-73.961217">
        <ele>38.6</ele>
        <time>2026-05-22T15:51:17.000Z</time>
      </trkpt>
      <trkpt lat="40.788956" lon="-73.96123">
        <ele>38.6</ele>
        <time>2026-05-22T15:51:18.000Z</time>
      </trkpt>
      <trkpt lat="40.788955" lon="-73.961242">
        <ele>38.6</ele>
        <time>2026-05-22T15:51:19.000Z</time>
      </trkpt>
      <trkpt lat="40.788954" lon="-73.961255">
        <ele>38.6</ele>
        <time>2026-05-22T15:51:20.000Z</time>
      </trkpt>
      <trkpt lat="40.788953" lon="-73.961268">
        <ele>38.6</ele>
        <time>2026-05-22T15:51:21.000Z</time>
      </trkpt>
      <trkpt lat="40.788952" lon="-73.961282">
        <ele>38.4</ele>
        <time>2026-05-22T15:51:22.000Z</time>
      </trkpt>
      <trkpt lat="40.78895" lon="-73.961297">
        <ele>38.4</ele>
        <time>2026-05-22T15:51:23.000Z</time>
      </trkpt>
      <trkpt lat="40.788948" lon="-73.961311">
        <ele>38.4</ele>
        <time>2026-05-22T15:51:24.000Z</time>
      </trkpt>
      <trkpt lat="40.788945" lon="-73.961326">
        <ele>38.2</ele>
        <time>2026-05-22T15:51:25.000Z</time>
      </trkpt>
      <trkpt lat="40.788943" lon="-73.96134">
        <ele>38.2</ele>
        <time>2026-05-22T15:51:26.000Z</time>
      </trkpt>
      <trkpt lat="40.788941" lon="-73.961354">
        <ele>38.2</ele>
        <time>2026-05-22T15:51:27.000Z</time>
      </trkpt>
      <trkpt lat="40.788938" lon="-73.961368">
        <ele>38</ele>
        <time>2026-05-22T15:51:28.000Z</time>
      </trkpt>
      <trkpt lat="40.788936" lon="-73.961381">
        <ele>38</ele>
        <time>2026-05-22T15:51:29.000Z</time>
      </trkpt>
      <trkpt lat="40.788932" lon="-73.961395">
        <ele>38</ele>
        <time>2026-05-22T15:51:30.000Z</time>
      </trkpt>
      <trkpt lat="40.788929" lon="-73.961408">
        <ele>38</ele>
        <time>2026-05-22T15:51:31.000Z</time>
      </trkpt>
      <trkpt lat="40.788926" lon="-73.961422">
        <ele>38</ele>
        <time>2026-05-22T15:51:32.000Z</time>
      </trkpt>
      <trkpt lat="40.788922" lon="-73.961435">
        <ele>38</ele>
        <time>2026-05-22T15:51:33.000Z</time>
      </trkpt>
      <trkpt lat="40.788919" lon="-73.961448">
        <ele>37.8</ele>
        <time>2026-05-22T15:51:34.000Z</time>
      </trkpt>
      <trkpt lat="40.788915" lon="-73.961461">
        <ele>37.8</ele>
        <time>2026-05-22T15:51:35.000Z</time>
      </trkpt>
      <trkpt lat="40.78891" lon="-73.961474">
        <ele>37.8</ele>
        <time>2026-05-22T15:51:36.000Z</time>
      </trkpt>
      <trkpt lat="40.788906" lon="-73.961486">
        <ele>37.8</ele>
        <time>2026-05-22T15:51:37.000Z</time>
      </trkpt>
      <trkpt lat="40.788902" lon="-73.961499">
        <ele>37.8</ele>
        <time>2026-05-22T15:51:38.000Z</time>
      </trkpt>
      <trkpt lat="40.788897" lon="-73.961511">
        <ele>37.8</ele>
        <time>2026-05-22T15:51:39.000Z</time>
      </trkpt>
      <trkpt lat="40.788893" lon="-73.961523">
        <ele>37.8</ele>
        <time>2026-05-22T15:51:40.000Z</time>
      </trkpt>
      <trkpt lat="40.788888" lon="-73.961536">
        <ele>37.8</ele>
        <time>2026-05-22T15:51:41.000Z</time>
      </trkpt>
      <trkpt lat="40.788883" lon="-73.961548">
        <ele>37.8</ele>
        <time>2026-05-22T15:51:42.000Z</time>
      </trkpt>
      <trkpt lat="40.788879" lon="-73.961559">
        <ele>37.8</ele>
        <time>2026-05-22T15:51:43.000Z</time>
      </trkpt>
      <trkpt lat="40.788875" lon="-73.96157">
        <ele>37.8</ele>
        <time>2026-05-22T15:51:44.000Z</time>
      </trkpt>
      <trkpt lat="40.78887" lon="-73.961582">
        <ele>37.8</ele>
        <time>2026-05-22T15:51:45.000Z</time>
      </trkpt>
      <trkpt lat="40.788866" lon="-73.961594">
        <ele>37.8</ele>
        <time>2026-05-22T15:51:46.000Z</time>
      </trkpt>
      <trkpt lat="40.78886" lon="-73.961606">
        <ele>37.8</ele>
        <time>2026-05-22T15:51:47.000Z</time>
      </trkpt>
      <trkpt lat="40.788855" lon="-73.961619">
        <ele>37.8</ele>
        <time>2026-05-22T15:51:48.000Z</time>
      </trkpt>
      <trkpt lat="40.788849" lon="-73.961631">
        <ele>37.8</ele>
        <time>2026-05-22T15:51:49.000Z</time>
      </trkpt>
      <trkpt lat="40.788844" lon="-73.961643">
        <ele>38</ele>
        <time>2026-05-22T15:51:50.000Z</time>
      </trkpt>
      <trkpt lat="40.788838" lon="-73.961654">
        <ele>38</ele>
        <time>2026-05-22T15:51:51.000Z</time>
      </trkpt>
      <trkpt lat="40.788832" lon="-73.961666">
        <ele>38</ele>
        <time>2026-05-22T15:51:52.000Z</time>
      </trkpt>
      <trkpt lat="40.788827" lon="-73.961677">
        <ele>38</ele>
        <time>2026-05-22T15:51:53.000Z</time>
      </trkpt>
      <trkpt lat="40.788821" lon="-73.961689">
        <ele>38</ele>
        <time>2026-05-22T15:51:54.000Z</time>
      </trkpt>
      <trkpt lat="40.788815" lon="-73.9617">
        <ele>38</ele>
        <time>2026-05-22T15:51:55.000Z</time>
      </trkpt>
      <trkpt lat="40.78881" lon="-73.961712">
        <ele>38</ele>
        <time>2026-05-22T15:51:56.000Z</time>
      </trkpt>
      <trkpt lat="40.788804" lon="-73.961724">
        <ele>38</ele>
        <time>2026-05-22T15:51:57.000Z</time>
      </trkpt>
      <trkpt lat="40.788799" lon="-73.961736">
        <ele>38</ele>
        <time>2026-05-22T15:51:58.000Z</time>
      </trkpt>
      <trkpt lat="40.788795" lon="-73.961748">
        <ele>38.2</ele>
        <time>2026-05-22T15:51:59.000Z</time>
      </trkpt>
      <trkpt lat="40.788792" lon="-73.961762">
        <ele>38.2</ele>
        <time>2026-05-22T15:52:00.000Z</time>
      </trkpt>
      <trkpt lat="40.78879" lon="-73.961776">
        <ele>38.2</ele>
        <time>2026-05-22T15:52:01.000Z</time>
      </trkpt>
      <trkpt lat="40.788788" lon="-73.961791">
        <ele>38.2</ele>
        <time>2026-05-22T15:52:02.000Z</time>
      </trkpt>
      <trkpt lat="40.788788" lon="-73.961806">
        <ele>38.2</ele>
        <time>2026-05-22T15:52:03.000Z</time>
      </trkpt>
      <trkpt lat="40.788789" lon="-73.961832">
        <ele>38.2</ele>
        <time>2026-05-22T15:52:04.000Z</time>
      </trkpt>
      <trkpt lat="40.788789" lon="-73.961842">
        <ele>38.2</ele>
        <time>2026-05-22T15:52:05.000Z</time>
      </trkpt>
      <trkpt lat="40.78879" lon="-73.961853">
        <ele>38.2</ele>
        <time>2026-05-22T15:52:06.000Z</time>
      </trkpt>
      <trkpt lat="40.788791" lon="-73.961868">
        <ele>38.2</ele>
        <time>2026-05-22T15:52:07.000Z</time>
      </trkpt>
      <trkpt lat="40.788792" lon="-73.961881">
        <ele>38.2</ele>
        <time>2026-05-22T15:52:08.000Z</time>
      </trkpt>
      <trkpt lat="40.788794" lon="-73.961894">
        <ele>38.4</ele>
        <time>2026-05-22T15:52:09.000Z</time>
      </trkpt>
      <trkpt lat="40.788797" lon="-73.961909">
        <ele>38.4</ele>
        <time>2026-05-22T15:52:10.000Z</time>
      </trkpt>
      <trkpt lat="40.788802" lon="-73.961925">
        <ele>38.4</ele>
        <time>2026-05-22T15:52:11.000Z</time>
      </trkpt>
      <trkpt lat="40.788806" lon="-73.961941">
        <ele>38.4</ele>
        <time>2026-05-22T15:52:12.000Z</time>
      </trkpt>
      <trkpt lat="40.788811" lon="-73.961955">
        <ele>38.4</ele>
        <time>2026-05-22T15:52:13.000Z</time>
      </trkpt>
      <trkpt lat="40.788817" lon="-73.961967">
        <ele>38.6</ele>
        <time>2026-05-22T15:52:14.000Z</time>
      </trkpt>
      <trkpt lat="40.788824" lon="-73.961979">
        <ele>38.6</ele>
        <time>2026-05-22T15:52:15.000Z</time>
      </trkpt>
      <trkpt lat="40.788831" lon="-73.961989">
        <ele>38.6</ele>
        <time>2026-05-22T15:52:16.000Z</time>
      </trkpt>
      <trkpt lat="40.788839" lon="-73.961998">
        <ele>38.8</ele>
        <time>2026-05-22T15:52:17.000Z</time>
      </trkpt>
      <trkpt lat="40.788848" lon="-73.962007">
        <ele>38.8</ele>
        <time>2026-05-22T15:52:18.000Z</time>
      </trkpt>
      <trkpt lat="40.788858" lon="-73.962018">
        <ele>38.8</ele>
        <time>2026-05-22T15:52:19.000Z</time>
      </trkpt>
      <trkpt lat="40.788867" lon="-73.962029">
        <ele>39</ele>
        <time>2026-05-22T15:52:20.000Z</time>
      </trkpt>
      <trkpt lat="40.788876" lon="-73.96204">
        <ele>39</ele>
        <time>2026-05-22T15:52:21.000Z</time>
      </trkpt>
      <trkpt lat="40.788885" lon="-73.962049">
        <ele>39</ele>
        <time>2026-05-22T15:52:22.000Z</time>
      </trkpt>
      <trkpt lat="40.788893" lon="-73.962059">
        <ele>39.2</ele>
        <time>2026-05-22T15:52:23.000Z</time>
      </trkpt>
      <trkpt lat="40.788901" lon="-73.962068">
        <ele>39.2</ele>
        <time>2026-05-22T15:52:24.000Z</time>
      </trkpt>
      <trkpt lat="40.788908" lon="-73.962078">
        <ele>39.2</ele>
        <time>2026-05-22T15:52:25.000Z</time>
      </trkpt>
      <trkpt lat="40.788916" lon="-73.962089">
        <ele>39.2</ele>
        <time>2026-05-22T15:52:26.000Z</time>
      </trkpt>
      <trkpt lat="40.788925" lon="-73.962099">
        <ele>39.2</ele>
        <time>2026-05-22T15:52:27.000Z</time>
      </trkpt>
      <trkpt lat="40.788934" lon="-73.962111">
        <ele>39.2</ele>
        <time>2026-05-22T15:52:28.000Z</time>
      </trkpt>
      <trkpt lat="40.788943" lon="-73.962122">
        <ele>39.2</ele>
        <time>2026-05-22T15:52:29.000Z</time>
      </trkpt>
      <trkpt lat="40.788951" lon="-73.962133">
        <ele>39.2</ele>
        <time>2026-05-22T15:52:30.000Z</time>
      </trkpt>
      <trkpt lat="40.78896" lon="-73.962143">
        <ele>39.2</ele>
        <time>2026-05-22T15:52:31.000Z</time>
      </trkpt>
      <trkpt lat="40.788968" lon="-73.962153">
        <ele>39.2</ele>
        <time>2026-05-22T15:52:32.000Z</time>
      </trkpt>
      <trkpt lat="40.788977" lon="-73.962164">
        <ele>39.2</ele>
        <time>2026-05-22T15:52:33.000Z</time>
      </trkpt>
      <trkpt lat="40.788984" lon="-73.962174">
        <ele>39.2</ele>
        <time>2026-05-22T15:52:34.000Z</time>
      </trkpt>
      <trkpt lat="40.788992" lon="-73.962185">
        <ele>39.2</ele>
        <time>2026-05-22T15:52:35.000Z</time>
      </trkpt>
      <trkpt lat="40.788999" lon="-73.962195">
        <ele>39.2</ele>
        <time>2026-05-22T15:52:36.000Z</time>
      </trkpt>
      <trkpt lat="40.789007" lon="-73.962205">
        <ele>39.2</ele>
        <time>2026-05-22T15:52:37.000Z</time>
      </trkpt>
      <trkpt lat="40.789014" lon="-73.962216">
        <ele>39</ele>
        <time>2026-05-22T15:52:38.000Z</time>
      </trkpt>
      <trkpt lat="40.789021" lon="-73.962227">
        <ele>39</ele>
        <time>2026-05-22T15:52:39.000Z</time>
      </trkpt>
      <trkpt lat="40.789027" lon="-73.962239">
        <ele>39</ele>
        <time>2026-05-22T15:52:40.000Z</time>
      </trkpt>
      <trkpt lat="40.789032" lon="-73.962251">
        <ele>39</ele>
        <time>2026-05-22T15:52:41.000Z</time>
      </trkpt>
      <trkpt lat="40.789035" lon="-73.962263">
        <ele>38.8</ele>
        <time>2026-05-22T15:52:42.000Z</time>
      </trkpt>
      <trkpt lat="40.789036" lon="-73.962276">
        <ele>38.8</ele>
        <time>2026-05-22T15:52:43.000Z</time>
      </trkpt>
      <trkpt lat="40.789037" lon="-73.962288">
        <ele>38.8</ele>
        <time>2026-05-22T15:52:44.000Z</time>
      </trkpt>
      <trkpt lat="40.789037" lon="-73.962299">
        <ele>38.6</ele>
        <time>2026-05-22T15:52:45.000Z</time>
      </trkpt>
      <trkpt lat="40.789036" lon="-73.962311">
        <ele>38.6</ele>
        <time>2026-05-22T15:52:46.000Z</time>
      </trkpt>
      <trkpt lat="40.789035" lon="-73.962321">
        <ele>38.4</ele>
        <time>2026-05-22T15:52:47.000Z</time>
      </trkpt>
      <trkpt lat="40.789033" lon="-73.962333">
        <ele>38.4</ele>
        <time>2026-05-22T15:52:48.000Z</time>
      </trkpt>
      <trkpt lat="40.789032" lon="-73.962345">
        <ele>38.4</ele>
        <time>2026-05-22T15:52:49.000Z</time>
      </trkpt>
      <trkpt lat="40.789031" lon="-73.962358">
        <ele>38.2</ele>
        <time>2026-05-22T15:52:50.000Z</time>
      </trkpt>
      <trkpt lat="40.78903" lon="-73.962369">
        <ele>38.2</ele>
        <time>2026-05-22T15:52:51.000Z</time>
      </trkpt>
      <trkpt lat="40.789028" lon="-73.962381">
        <ele>38.2</ele>
        <time>2026-05-22T15:52:52.000Z</time>
      </trkpt>
      <trkpt lat="40.789026" lon="-73.962392">
        <ele>38</ele>
        <time>2026-05-22T15:52:53.000Z</time>
      </trkpt>
      <trkpt lat="40.789023" lon="-73.962404">
        <ele>38</ele>
        <time>2026-05-22T15:52:54.000Z</time>
      </trkpt>
      <trkpt lat="40.789021" lon="-73.962416">
        <ele>37.8</ele>
        <time>2026-05-22T15:52:55.000Z</time>
      </trkpt>
      <trkpt lat="40.789019" lon="-73.962428">
        <ele>37.8</ele>
        <time>2026-05-22T15:52:56.000Z</time>
      </trkpt>
      <trkpt lat="40.789017" lon="-73.962441">
        <ele>37.8</ele>
        <time>2026-05-22T15:52:57.000Z</time>
      </trkpt>
      <trkpt lat="40.789016" lon="-73.962454">
        <ele>37.6</ele>
        <time>2026-05-22T15:52:58.000Z</time>
      </trkpt>
      <trkpt lat="40.789017" lon="-73.962468">
        <ele>37.6</ele>
        <time>2026-05-22T15:52:59.000Z</time>
      </trkpt>
      <trkpt lat="40.789019" lon="-73.962482">
        <ele>37.4</ele>
        <time>2026-05-22T15:53:00.000Z</time>
      </trkpt>
      <trkpt lat="40.789021" lon="-73.962496">
        <ele>37.4</ele>
        <time>2026-05-22T15:53:01.000Z</time>
      </trkpt>
      <trkpt lat="40.789024" lon="-73.96251">
        <ele>37.2</ele>
        <time>2026-05-22T15:53:02.000Z</time>
      </trkpt>
      <trkpt lat="40.789028" lon="-73.962524">
        <ele>37.2</ele>
        <time>2026-05-22T15:53:03.000Z</time>
      </trkpt>
      <trkpt lat="40.789031" lon="-73.962538">
        <ele>37</ele>
        <time>2026-05-22T15:53:04.000Z</time>
      </trkpt>
      <trkpt lat="40.789034" lon="-73.962552">
        <ele>37</ele>
        <time>2026-05-22T15:53:05.000Z</time>
      </trkpt>
      <trkpt lat="40.789038" lon="-73.962566">
        <ele>36.8</ele>
        <time>2026-05-22T15:53:06.000Z</time>
      </trkpt>
      <trkpt lat="40.789042" lon="-73.962581">
        <ele>36.8</ele>
        <time>2026-05-22T15:53:07.000Z</time>
      </trkpt>
      <trkpt lat="40.789048" lon="-73.962608">
        <ele>36.6</ele>
        <time>2026-05-22T15:53:08.000Z</time>
      </trkpt>
      <trkpt lat="40.78905" lon="-73.962618">
        <ele>36.4</ele>
        <time>2026-05-22T15:53:09.000Z</time>
      </trkpt>
      <trkpt lat="40.789052" lon="-73.962629">
        <ele>36.4</ele>
        <time>2026-05-22T15:53:10.000Z</time>
      </trkpt>
      <trkpt lat="40.789056" lon="-73.962644">
        <ele>36.2</ele>
        <time>2026-05-22T15:53:11.000Z</time>
      </trkpt>
      <trkpt lat="40.789059" lon="-73.96266">
        <ele>36</ele>
        <time>2026-05-22T15:53:12.000Z</time>
      </trkpt>
      <trkpt lat="40.789063" lon="-73.962675">
        <ele>36</ele>
        <time>2026-05-22T15:53:13.000Z</time>
      </trkpt>
      <trkpt lat="40.789068" lon="-73.962689">
        <ele>35.8</ele>
        <time>2026-05-22T15:53:14.000Z</time>
      </trkpt>
      <trkpt lat="40.789073" lon="-73.962704">
        <ele>35.8</ele>
        <time>2026-05-22T15:53:15.000Z</time>
      </trkpt>
      <trkpt lat="40.789078" lon="-73.962718">
        <ele>35.6</ele>
        <time>2026-05-22T15:53:16.000Z</time>
      </trkpt>
      <trkpt lat="40.789084" lon="-73.962732">
        <ele>35.6</ele>
        <time>2026-05-22T15:53:17.000Z</time>
      </trkpt>
      <trkpt lat="40.78909" lon="-73.962746">
        <ele>35.4</ele>
        <time>2026-05-22T15:53:18.000Z</time>
      </trkpt>
      <trkpt lat="40.789098" lon="-73.962767">
        <ele>35.2</ele>
        <time>2026-05-22T15:53:19.000Z</time>
      </trkpt>
      <trkpt lat="40.789101" lon="-73.962774">
        <ele>35.2</ele>
        <time>2026-05-22T15:53:20.000Z</time>
      </trkpt>
      <trkpt lat="40.789106" lon="-73.962789">
        <ele>35</ele>
        <time>2026-05-22T15:53:21.000Z</time>
      </trkpt>
      <trkpt lat="40.789111" lon="-73.962803">
        <ele>35</ele>
        <time>2026-05-22T15:53:22.000Z</time>
      </trkpt>
      <trkpt lat="40.789116" lon="-73.962817">
        <ele>34.8</ele>
        <time>2026-05-22T15:53:23.000Z</time>
      </trkpt>
      <trkpt lat="40.789122" lon="-73.96283">
        <ele>34.6</ele>
        <time>2026-05-22T15:53:24.000Z</time>
      </trkpt>
      <trkpt lat="40.789128" lon="-73.962843">
        <ele>34.6</ele>
        <time>2026-05-22T15:53:25.000Z</time>
      </trkpt>
      <trkpt lat="40.789135" lon="-73.962856">
        <ele>34.4</ele>
        <time>2026-05-22T15:53:26.000Z</time>
      </trkpt>
      <trkpt lat="40.789142" lon="-73.962869">
        <ele>34.4</ele>
        <time>2026-05-22T15:53:27.000Z</time>
      </trkpt>
      <trkpt lat="40.789148" lon="-73.962882">
        <ele>34.2</ele>
        <time>2026-05-22T15:53:28.000Z</time>
      </trkpt>
      <trkpt lat="40.789155" lon="-73.962895">
        <ele>34.2</ele>
        <time>2026-05-22T15:53:29.000Z</time>
      </trkpt>
      <trkpt lat="40.789163" lon="-73.962907">
        <ele>34</ele>
        <time>2026-05-22T15:53:30.000Z</time>
      </trkpt>
      <trkpt lat="40.78917" lon="-73.962917">
        <ele>34</ele>
        <time>2026-05-22T15:53:31.000Z</time>
      </trkpt>
      <trkpt lat="40.789178" lon="-73.962929">
        <ele>34</ele>
        <time>2026-05-22T15:53:32.000Z</time>
      </trkpt>
      <trkpt lat="40.789186" lon="-73.962941">
        <ele>33.8</ele>
        <time>2026-05-22T15:53:33.000Z</time>
      </trkpt>
      <trkpt lat="40.789192" lon="-73.962954">
        <ele>33.8</ele>
        <time>2026-05-22T15:53:34.000Z</time>
      </trkpt>
      <trkpt lat="40.789198" lon="-73.962966">
        <ele>33.8</ele>
        <time>2026-05-22T15:53:35.000Z</time>
      </trkpt>
      <trkpt lat="40.789203" lon="-73.962978">
        <ele>33.6</ele>
        <time>2026-05-22T15:53:36.000Z</time>
      </trkpt>
      <trkpt lat="40.789207" lon="-73.962991">
        <ele>33.6</ele>
        <time>2026-05-22T15:53:37.000Z</time>
      </trkpt>
      <trkpt lat="40.789209" lon="-73.963003">
        <ele>33.6</ele>
        <time>2026-05-22T15:53:38.000Z</time>
      </trkpt>
      <trkpt lat="40.789212" lon="-73.963017">
        <ele>33.6</ele>
        <time>2026-05-22T15:53:39.000Z</time>
      </trkpt>
      <trkpt lat="40.789215" lon="-73.963031">
        <ele>33.6</ele>
        <time>2026-05-22T15:53:40.000Z</time>
      </trkpt>
      <trkpt lat="40.789219" lon="-73.963046">
        <ele>33.4</ele>
        <time>2026-05-22T15:53:41.000Z</time>
      </trkpt>
      <trkpt lat="40.789222" lon="-73.96306">
        <ele>33.4</ele>
        <time>2026-05-22T15:53:42.000Z</time>
      </trkpt>
      <trkpt lat="40.789225" lon="-73.963074">
        <ele>33.4</ele>
        <time>2026-05-22T15:53:43.000Z</time>
      </trkpt>
      <trkpt lat="40.789228" lon="-73.963088">
        <ele>33.4</ele>
        <time>2026-05-22T15:53:44.000Z</time>
      </trkpt>
      <trkpt lat="40.789232" lon="-73.963102">
        <ele>33.4</ele>
        <time>2026-05-22T15:53:45.000Z</time>
      </trkpt>
      <trkpt lat="40.789236" lon="-73.963116">
        <ele>33.4</ele>
        <time>2026-05-22T15:53:46.000Z</time>
      </trkpt>
      <trkpt lat="40.78924" lon="-73.96313">
        <ele>33.2</ele>
        <time>2026-05-22T15:53:47.000Z</time>
      </trkpt>
      <trkpt lat="40.789245" lon="-73.963144">
        <ele>33.2</ele>
        <time>2026-05-22T15:53:48.000Z</time>
      </trkpt>
      <trkpt lat="40.789249" lon="-73.963157">
        <ele>33.2</ele>
        <time>2026-05-22T15:53:49.000Z</time>
      </trkpt>
      <trkpt lat="40.789252" lon="-73.96317">
        <ele>33.2</ele>
        <time>2026-05-22T15:53:50.000Z</time>
      </trkpt>
      <trkpt lat="40.789256" lon="-73.963183">
        <ele>33.2</ele>
        <time>2026-05-22T15:53:51.000Z</time>
      </trkpt>
      <trkpt lat="40.789259" lon="-73.963196">
        <ele>33.2</ele>
        <time>2026-05-22T15:53:52.000Z</time>
      </trkpt>
      <trkpt lat="40.789263" lon="-73.963208">
        <ele>33.2</ele>
        <time>2026-05-22T15:53:53.000Z</time>
      </trkpt>
      <trkpt lat="40.789266" lon="-73.96322">
        <ele>33.2</ele>
        <time>2026-05-22T15:53:54.000Z</time>
      </trkpt>
      <trkpt lat="40.789269" lon="-73.963233">
        <ele>33.2</ele>
        <time>2026-05-22T15:53:55.000Z</time>
      </trkpt>
      <trkpt lat="40.789271" lon="-73.963245">
        <ele>33.2</ele>
        <time>2026-05-22T15:53:56.000Z</time>
      </trkpt>
      <trkpt lat="40.789274" lon="-73.963258">
        <ele>33.2</ele>
        <time>2026-05-22T15:53:57.000Z</time>
      </trkpt>
      <trkpt lat="40.789277" lon="-73.963271">
        <ele>33.2</ele>
        <time>2026-05-22T15:53:58.000Z</time>
      </trkpt>
      <trkpt lat="40.78928" lon="-73.963284">
        <ele>33.2</ele>
        <time>2026-05-22T15:53:59.000Z</time>
      </trkpt>
      <trkpt lat="40.789283" lon="-73.963297">
        <ele>33.2</ele>
        <time>2026-05-22T15:54:00.000Z</time>
      </trkpt>
      <trkpt lat="40.789286" lon="-73.96331">
        <ele>33.2</ele>
        <time>2026-05-22T15:54:01.000Z</time>
      </trkpt>
      <trkpt lat="40.789288" lon="-73.963323">
        <ele>33.2</ele>
        <time>2026-05-22T15:54:02.000Z</time>
      </trkpt>
      <trkpt lat="40.78929" lon="-73.963335">
        <ele>33.2</ele>
        <time>2026-05-22T15:54:03.000Z</time>
      </trkpt>
      <trkpt lat="40.789292" lon="-73.963346">
        <ele>33</ele>
        <time>2026-05-22T15:54:04.000Z</time>
      </trkpt>
      <trkpt lat="40.789295" lon="-73.963358">
        <ele>33</ele>
        <time>2026-05-22T15:54:05.000Z</time>
      </trkpt>
      <trkpt lat="40.789298" lon="-73.963369">
        <ele>33</ele>
        <time>2026-05-22T15:54:06.000Z</time>
      </trkpt>
      <trkpt lat="40.789301" lon="-73.963381">
        <ele>33</ele>
        <time>2026-05-22T15:54:07.000Z</time>
      </trkpt>
      <trkpt lat="40.789305" lon="-73.963391">
        <ele>32.8</ele>
        <time>2026-05-22T15:54:08.000Z</time>
      </trkpt>
      <trkpt lat="40.789308" lon="-73.963401">
        <ele>32.8</ele>
        <time>2026-05-22T15:54:09.000Z</time>
      </trkpt>
      <trkpt lat="40.789311" lon="-73.963413">
        <ele>32.8</ele>
        <time>2026-05-22T15:54:10.000Z</time>
      </trkpt>
      <trkpt lat="40.789313" lon="-73.963425">
        <ele>32.8</ele>
        <time>2026-05-22T15:54:11.000Z</time>
      </trkpt>
      <trkpt lat="40.789315" lon="-73.963438">
        <ele>32.8</ele>
        <time>2026-05-22T15:54:12.000Z</time>
      </trkpt>
      <trkpt lat="40.789316" lon="-73.963452">
        <ele>32.6</ele>
        <time>2026-05-22T15:54:13.000Z</time>
      </trkpt>
      <trkpt lat="40.789319" lon="-73.963466">
        <ele>32.6</ele>
        <time>2026-05-22T15:54:14.000Z</time>
      </trkpt>
      <trkpt lat="40.789321" lon="-73.963479">
        <ele>32.6</ele>
        <time>2026-05-22T15:54:15.000Z</time>
      </trkpt>
      <trkpt lat="40.789324" lon="-73.963493">
        <ele>32.6</ele>
        <time>2026-05-22T15:54:16.000Z</time>
      </trkpt>
      <trkpt lat="40.789327" lon="-73.963507">
        <ele>32.4</ele>
        <time>2026-05-22T15:54:17.000Z</time>
      </trkpt>
      <trkpt lat="40.78933" lon="-73.963521">
        <ele>32.4</ele>
        <time>2026-05-22T15:54:18.000Z</time>
      </trkpt>
      <trkpt lat="40.789334" lon="-73.963535">
        <ele>32.4</ele>
        <time>2026-05-22T15:54:19.000Z</time>
      </trkpt>
      <trkpt lat="40.789336" lon="-73.963549">
        <ele>32.2</ele>
        <time>2026-05-22T15:54:20.000Z</time>
      </trkpt>
      <trkpt lat="40.789339" lon="-73.963563">
        <ele>32.2</ele>
        <time>2026-05-22T15:54:21.000Z</time>
      </trkpt>
      <trkpt lat="40.789342" lon="-73.963576">
        <ele>32.2</ele>
        <time>2026-05-22T15:54:22.000Z</time>
      </trkpt>
      <trkpt lat="40.789344" lon="-73.963591">
        <ele>32.2</ele>
        <time>2026-05-22T15:54:23.000Z</time>
      </trkpt>
      <trkpt lat="40.789347" lon="-73.963605">
        <ele>32.2</ele>
        <time>2026-05-22T15:54:24.000Z</time>
      </trkpt>
      <trkpt lat="40.789349" lon="-73.96362">
        <ele>32.2</ele>
        <time>2026-05-22T15:54:25.000Z</time>
      </trkpt>
      <trkpt lat="40.789351" lon="-73.963635">
        <ele>32</ele>
        <time>2026-05-22T15:54:26.000Z</time>
      </trkpt>
      <trkpt lat="40.789353" lon="-73.963651">
        <ele>32</ele>
        <time>2026-05-22T15:54:27.000Z</time>
      </trkpt>
      <trkpt lat="40.789355" lon="-73.963666">
        <ele>32</ele>
        <time>2026-05-22T15:54:28.000Z</time>
      </trkpt>
      <trkpt lat="40.789357" lon="-73.96368">
        <ele>32</ele>
        <time>2026-05-22T15:54:29.000Z</time>
      </trkpt>
      <trkpt lat="40.789359" lon="-73.963695">
        <ele>32</ele>
        <time>2026-05-22T15:54:30.000Z</time>
      </trkpt>
      <trkpt lat="40.789362" lon="-73.96371">
        <ele>32</ele>
        <time>2026-05-22T15:54:31.000Z</time>
      </trkpt>
      <trkpt lat="40.789364" lon="-73.963724">
        <ele>32</ele>
        <time>2026-05-22T15:54:32.000Z</time>
      </trkpt>
      <trkpt lat="40.789366" lon="-73.963738">
        <ele>32.2</ele>
        <time>2026-05-22T15:54:33.000Z</time>
      </trkpt>
      <trkpt lat="40.789368" lon="-73.963753">
        <ele>32.2</ele>
        <time>2026-05-22T15:54:34.000Z</time>
      </trkpt>
      <trkpt lat="40.78937" lon="-73.963769">
        <ele>32.2</ele>
        <time>2026-05-22T15:54:35.000Z</time>
      </trkpt>
      <trkpt lat="40.789372" lon="-73.963784">
        <ele>32.2</ele>
        <time>2026-05-22T15:54:36.000Z</time>
      </trkpt>
      <trkpt lat="40.789374" lon="-73.963799">
        <ele>32.2</ele>
        <time>2026-05-22T15:54:37.000Z</time>
      </trkpt>
      <trkpt lat="40.789375" lon="-73.963814">
        <ele>32.2</ele>
        <time>2026-05-22T15:54:38.000Z</time>
      </trkpt>
      <trkpt lat="40.789376" lon="-73.963829">
        <ele>32.2</ele>
        <time>2026-05-22T15:54:39.000Z</time>
      </trkpt>
      <trkpt lat="40.789377" lon="-73.963843">
        <ele>32.2</ele>
        <time>2026-05-22T15:54:40.000Z</time>
      </trkpt>
      <trkpt lat="40.789378" lon="-73.963857">
        <ele>32.2</ele>
        <time>2026-05-22T15:54:41.000Z</time>
      </trkpt>
      <trkpt lat="40.789378" lon="-73.963871">
        <ele>32.2</ele>
        <time>2026-05-22T15:54:42.000Z</time>
      </trkpt>
      <trkpt lat="40.789379" lon="-73.963885">
        <ele>32.2</ele>
        <time>2026-05-22T15:54:43.000Z</time>
      </trkpt>
      <trkpt lat="40.78938" lon="-73.963899">
        <ele>32.2</ele>
        <time>2026-05-22T15:54:44.000Z</time>
      </trkpt>
      <trkpt lat="40.789381" lon="-73.963913">
        <ele>32.2</ele>
        <time>2026-05-22T15:54:45.000Z</time>
      </trkpt>
      <trkpt lat="40.789381" lon="-73.963927">
        <ele>32.4</ele>
        <time>2026-05-22T15:54:46.000Z</time>
      </trkpt>
      <trkpt lat="40.789382" lon="-73.96394">
        <ele>32.4</ele>
        <time>2026-05-22T15:54:47.000Z</time>
      </trkpt>
      <trkpt lat="40.789383" lon="-73.963954">
        <ele>32.4</ele>
        <time>2026-05-22T15:54:48.000Z</time>
      </trkpt>
      <trkpt lat="40.789383" lon="-73.963969">
        <ele>32.4</ele>
        <time>2026-05-22T15:54:49.000Z</time>
      </trkpt>
      <trkpt lat="40.789384" lon="-73.963984">
        <ele>32.4</ele>
        <time>2026-05-22T15:54:50.000Z</time>
      </trkpt>
      <trkpt lat="40.789384" lon="-73.963998">
        <ele>32.4</ele>
        <time>2026-05-22T15:54:51.000Z</time>
      </trkpt>
      <trkpt lat="40.789385" lon="-73.964012">
        <ele>32.4</ele>
        <time>2026-05-22T15:54:52.000Z</time>
      </trkpt>
      <trkpt lat="40.789385" lon="-73.964026">
        <ele>32.4</ele>
        <time>2026-05-22T15:54:53.000Z</time>
      </trkpt>
      <trkpt lat="40.789386" lon="-73.964041">
        <ele>32.4</ele>
        <time>2026-05-22T15:54:54.000Z</time>
      </trkpt>
      <trkpt lat="40.789386" lon="-73.964056">
        <ele>32.4</ele>
        <time>2026-05-22T15:54:55.000Z</time>
      </trkpt>
      <trkpt lat="40.789386" lon="-73.96407">
        <ele>32.4</ele>
        <time>2026-05-22T15:54:56.000Z</time>
      </trkpt>
      <trkpt lat="40.789386" lon="-73.964084">
        <ele>32.6</ele>
        <time>2026-05-22T15:54:57.000Z</time>
      </trkpt>
      <trkpt lat="40.789386" lon="-73.964096">
        <ele>32.6</ele>
        <time>2026-05-22T15:54:58.000Z</time>
      </trkpt>
      <trkpt lat="40.789386" lon="-73.964108">
        <ele>32.6</ele>
        <time>2026-05-22T15:54:59.000Z</time>
      </trkpt>
      <trkpt lat="40.789386" lon="-73.964118">
        <ele>32.6</ele>
        <time>2026-05-22T15:55:00.000Z</time>
      </trkpt>
      <trkpt lat="40.789386" lon="-73.964127">
        <ele>32.6</ele>
        <time>2026-05-22T15:55:01.000Z</time>
      </trkpt>
      <trkpt lat="40.789385" lon="-73.964138">
        <ele>32.8</ele>
        <time>2026-05-22T15:55:02.000Z</time>
      </trkpt>
      <trkpt lat="40.789385" lon="-73.96415">
        <ele>32.8</ele>
        <time>2026-05-22T15:55:03.000Z</time>
      </trkpt>
      <trkpt lat="40.789385" lon="-73.964161">
        <ele>32.8</ele>
        <time>2026-05-22T15:55:04.000Z</time>
      </trkpt>
      <trkpt lat="40.789385" lon="-73.964174">
        <ele>32.8</ele>
        <time>2026-05-22T15:55:05.000Z</time>
      </trkpt>
      <trkpt lat="40.789385" lon="-73.96419">
        <ele>32.8</ele>
        <time>2026-05-22T15:55:06.000Z</time>
      </trkpt>
      <trkpt lat="40.789385" lon="-73.964215">
        <ele>32.8</ele>
        <time>2026-05-22T15:55:07.000Z</time>
      </trkpt>
      <trkpt lat="40.789385" lon="-73.964223">
        <ele>32.8</ele>
        <time>2026-05-22T15:55:08.000Z</time>
      </trkpt>
      <trkpt lat="40.789385" lon="-73.96424">
        <ele>32.8</ele>
        <time>2026-05-22T15:55:09.000Z</time>
      </trkpt>
      <trkpt lat="40.789384" lon="-73.964255">
        <ele>32.8</ele>
        <time>2026-05-22T15:55:10.000Z</time>
      </trkpt>
      <trkpt lat="40.789384" lon="-73.964272">
        <ele>32.8</ele>
        <time>2026-05-22T15:55:11.000Z</time>
      </trkpt>
      <trkpt lat="40.789383" lon="-73.964288">
        <ele>32.8</ele>
        <time>2026-05-22T15:55:12.000Z</time>
      </trkpt>
      <trkpt lat="40.789383" lon="-73.964303">
        <ele>33</ele>
        <time>2026-05-22T15:55:13.000Z</time>
      </trkpt>
      <trkpt lat="40.789383" lon="-73.964318">
        <ele>33</ele>
        <time>2026-05-22T15:55:14.000Z</time>
      </trkpt>
      <trkpt lat="40.789382" lon="-73.964333">
        <ele>33</ele>
        <time>2026-05-22T15:55:15.000Z</time>
      </trkpt>
      <trkpt lat="40.789382" lon="-73.964347">
        <ele>33</ele>
        <time>2026-05-22T15:55:16.000Z</time>
      </trkpt>
      <trkpt lat="40.789381" lon="-73.964363">
        <ele>33</ele>
        <time>2026-05-22T15:55:17.000Z</time>
      </trkpt>
      <trkpt lat="40.78938" lon="-73.964378">
        <ele>33</ele>
        <time>2026-05-22T15:55:18.000Z</time>
      </trkpt>
      <trkpt lat="40.78938" lon="-73.964394">
        <ele>33</ele>
        <time>2026-05-22T15:55:19.000Z</time>
      </trkpt>
      <trkpt lat="40.789379" lon="-73.964409">
        <ele>33.2</ele>
        <time>2026-05-22T15:55:20.000Z</time>
      </trkpt>
      <trkpt lat="40.789378" lon="-73.964425">
        <ele>33.2</ele>
        <time>2026-05-22T15:55:21.000Z</time>
      </trkpt>
      <trkpt lat="40.789376" lon="-73.96444">
        <ele>33.2</ele>
        <time>2026-05-22T15:55:22.000Z</time>
      </trkpt>
      <trkpt lat="40.789375" lon="-73.964455">
        <ele>33.4</ele>
        <time>2026-05-22T15:55:23.000Z</time>
      </trkpt>
      <trkpt lat="40.789374" lon="-73.964469">
        <ele>33.4</ele>
        <time>2026-05-22T15:55:24.000Z</time>
      </trkpt>
      <trkpt lat="40.789372" lon="-73.964483">
        <ele>33.4</ele>
        <time>2026-05-22T15:55:25.000Z</time>
      </trkpt>
      <trkpt lat="40.78937" lon="-73.964496">
        <ele>33.6</ele>
        <time>2026-05-22T15:55:26.000Z</time>
      </trkpt>
      <trkpt lat="40.789368" lon="-73.964508">
        <ele>33.6</ele>
        <time>2026-05-22T15:55:27.000Z</time>
      </trkpt>
      <trkpt lat="40.789365" lon="-73.964521">
        <ele>33.8</ele>
        <time>2026-05-22T15:55:28.000Z</time>
      </trkpt>
      <trkpt lat="40.789363" lon="-73.964535">
        <ele>33.8</ele>
        <time>2026-05-22T15:55:29.000Z</time>
      </trkpt>
      <trkpt lat="40.789362" lon="-73.964549">
        <ele>33.8</ele>
        <time>2026-05-22T15:55:30.000Z</time>
      </trkpt>
      <trkpt lat="40.78936" lon="-73.964564">
        <ele>34</ele>
        <time>2026-05-22T15:55:31.000Z</time>
      </trkpt>
      <trkpt lat="40.789359" lon="-73.964579">
        <ele>34</ele>
        <time>2026-05-22T15:55:32.000Z</time>
      </trkpt>
      <trkpt lat="40.789358" lon="-73.964593">
        <ele>34</ele>
        <time>2026-05-22T15:55:33.000Z</time>
      </trkpt>
      <trkpt lat="40.789357" lon="-73.964608">
        <ele>34.2</ele>
        <time>2026-05-22T15:55:34.000Z</time>
      </trkpt>
      <trkpt lat="40.789356" lon="-73.964622">
        <ele>34.2</ele>
        <time>2026-05-22T15:55:35.000Z</time>
      </trkpt>
      <trkpt lat="40.789356" lon="-73.964637">
        <ele>34.2</ele>
        <time>2026-05-22T15:55:36.000Z</time>
      </trkpt>
      <trkpt lat="40.789355" lon="-73.964651">
        <ele>34.2</ele>
        <time>2026-05-22T15:55:37.000Z</time>
      </trkpt>
      <trkpt lat="40.789354" lon="-73.964665">
        <ele>34.2</ele>
        <time>2026-05-22T15:55:38.000Z</time>
      </trkpt>
      <trkpt lat="40.789353" lon="-73.964679">
        <ele>34.4</ele>
        <time>2026-05-22T15:55:39.000Z</time>
      </trkpt>
      <trkpt lat="40.789351" lon="-73.964693">
        <ele>34.4</ele>
        <time>2026-05-22T15:55:40.000Z</time>
      </trkpt>
      <trkpt lat="40.78935" lon="-73.964707">
        <ele>34.4</ele>
        <time>2026-05-22T15:55:41.000Z</time>
      </trkpt>
      <trkpt lat="40.789349" lon="-73.964721">
        <ele>34.4</ele>
        <time>2026-05-22T15:55:42.000Z</time>
      </trkpt>
      <trkpt lat="40.789348" lon="-73.964735">
        <ele>34.4</ele>
        <time>2026-05-22T15:55:43.000Z</time>
      </trkpt>
      <trkpt lat="40.789346" lon="-73.964749">
        <ele>34.4</ele>
        <time>2026-05-22T15:55:44.000Z</time>
      </trkpt>
      <trkpt lat="40.789345" lon="-73.964763">
        <ele>34.4</ele>
        <time>2026-05-22T15:55:45.000Z</time>
      </trkpt>
      <trkpt lat="40.789344" lon="-73.964777">
        <ele>34.4</ele>
        <time>2026-05-22T15:55:46.000Z</time>
      </trkpt>
      <trkpt lat="40.789343" lon="-73.964791">
        <ele>34.4</ele>
        <time>2026-05-22T15:55:47.000Z</time>
      </trkpt>
      <trkpt lat="40.789342" lon="-73.964805">
        <ele>34.4</ele>
        <time>2026-05-22T15:55:48.000Z</time>
      </trkpt>
      <trkpt lat="40.789341" lon="-73.964819">
        <ele>34.4</ele>
        <time>2026-05-22T15:55:49.000Z</time>
      </trkpt>
      <trkpt lat="40.789341" lon="-73.964833">
        <ele>34.4</ele>
        <time>2026-05-22T15:55:50.000Z</time>
      </trkpt>
      <trkpt lat="40.789339" lon="-73.964847">
        <ele>34.4</ele>
        <time>2026-05-22T15:55:51.000Z</time>
      </trkpt>
      <trkpt lat="40.789338" lon="-73.964861">
        <ele>34.4</ele>
        <time>2026-05-22T15:55:52.000Z</time>
      </trkpt>
      <trkpt lat="40.789336" lon="-73.964875">
        <ele>34.4</ele>
        <time>2026-05-22T15:55:53.000Z</time>
      </trkpt>
      <trkpt lat="40.789335" lon="-73.964889">
        <ele>34.4</ele>
        <time>2026-05-22T15:55:54.000Z</time>
      </trkpt>
      <trkpt lat="40.789334" lon="-73.964902">
        <ele>34.4</ele>
        <time>2026-05-22T15:55:55.000Z</time>
      </trkpt>
      <trkpt lat="40.789333" lon="-73.964916">
        <ele>34.4</ele>
        <time>2026-05-22T15:55:56.000Z</time>
      </trkpt>
      <trkpt lat="40.789333" lon="-73.96493">
        <ele>34.4</ele>
        <time>2026-05-22T15:55:57.000Z</time>
      </trkpt>
      <trkpt lat="40.789334" lon="-73.964945">
        <ele>34.4</ele>
        <time>2026-05-22T15:55:58.000Z</time>
      </trkpt>
      <trkpt lat="40.789334" lon="-73.964959">
        <ele>34.4</ele>
        <time>2026-05-22T15:55:59.000Z</time>
      </trkpt>
      <trkpt lat="40.789334" lon="-73.964973">
        <ele>34.4</ele>
        <time>2026-05-22T15:56:00.000Z</time>
      </trkpt>
      <trkpt lat="40.789335" lon="-73.964987">
        <ele>34.4</ele>
        <time>2026-05-22T15:56:01.000Z</time>
      </trkpt>
      <trkpt lat="40.789335" lon="-73.965">
        <ele>34.4</ele>
        <time>2026-05-22T15:56:02.000Z</time>
      </trkpt>
      <trkpt lat="40.789336" lon="-73.965014">
        <ele>34.4</ele>
        <time>2026-05-22T15:56:03.000Z</time>
      </trkpt>
      <trkpt lat="40.789337" lon="-73.965027">
        <ele>34.4</ele>
        <time>2026-05-22T15:56:04.000Z</time>
      </trkpt>
      <trkpt lat="40.789339" lon="-73.96504">
        <ele>34.4</ele>
        <time>2026-05-22T15:56:05.000Z</time>
      </trkpt>
      <trkpt lat="40.789341" lon="-73.965053">
        <ele>34.4</ele>
        <time>2026-05-22T15:56:06.000Z</time>
      </trkpt>
      <trkpt lat="40.789343" lon="-73.965067">
        <ele>34.4</ele>
        <time>2026-05-22T15:56:07.000Z</time>
      </trkpt>
      <trkpt lat="40.789345" lon="-73.965081">
        <ele>34.4</ele>
        <time>2026-05-22T15:56:08.000Z</time>
      </trkpt>
      <trkpt lat="40.789347" lon="-73.965094">
        <ele>34.4</ele>
        <time>2026-05-22T15:56:09.000Z</time>
      </trkpt>
      <trkpt lat="40.78935" lon="-73.965107">
        <ele>34.4</ele>
        <time>2026-05-22T15:56:10.000Z</time>
      </trkpt>
      <trkpt lat="40.789355" lon="-73.965129">
        <ele>34.4</ele>
        <time>2026-05-22T15:56:11.000Z</time>
      </trkpt>
      <trkpt lat="40.789358" lon="-73.96514">
        <ele>34.4</ele>
        <time>2026-05-22T15:56:12.000Z</time>
      </trkpt>
      <trkpt lat="40.789361" lon="-73.96515">
        <ele>34.4</ele>
        <time>2026-05-22T15:56:13.000Z</time>
      </trkpt>
      <trkpt lat="40.789364" lon="-73.965161">
        <ele>34.4</ele>
        <time>2026-05-22T15:56:14.000Z</time>
      </trkpt>
      <trkpt lat="40.789367" lon="-73.965171">
        <ele>34.4</ele>
        <time>2026-05-22T15:56:15.000Z</time>
      </trkpt>
      <trkpt lat="40.789372" lon="-73.965186">
        <ele>34.4</ele>
        <time>2026-05-22T15:56:16.000Z</time>
      </trkpt>
      <trkpt lat="40.789377" lon="-73.9652">
        <ele>34.4</ele>
        <time>2026-05-22T15:56:17.000Z</time>
      </trkpt>
      <trkpt lat="40.789381" lon="-73.965216">
        <ele>34.4</ele>
        <time>2026-05-22T15:56:18.000Z</time>
      </trkpt>
      <trkpt lat="40.789385" lon="-73.965231">
        <ele>34.4</ele>
        <time>2026-05-22T15:56:19.000Z</time>
      </trkpt>
      <trkpt lat="40.789388" lon="-73.965247">
        <ele>34.4</ele>
        <time>2026-05-22T15:56:20.000Z</time>
      </trkpt>
      <trkpt lat="40.789391" lon="-73.965263">
        <ele>34.4</ele>
        <time>2026-05-22T15:56:21.000Z</time>
      </trkpt>
      <trkpt lat="40.789392" lon="-73.965279">
        <ele>34.2</ele>
        <time>2026-05-22T15:56:22.000Z</time>
      </trkpt>
      <trkpt lat="40.789393" lon="-73.965296">
        <ele>34.2</ele>
        <time>2026-05-22T15:56:23.000Z</time>
      </trkpt>
      <trkpt lat="40.789393" lon="-73.965313">
        <ele>34.2</ele>
        <time>2026-05-22T15:56:24.000Z</time>
      </trkpt>
      <trkpt lat="40.789393" lon="-73.965328">
        <ele>34.2</ele>
        <time>2026-05-22T15:56:25.000Z</time>
      </trkpt>
      <trkpt lat="40.789394" lon="-73.965344">
        <ele>34.2</ele>
        <time>2026-05-22T15:56:26.000Z</time>
      </trkpt>
      <trkpt lat="40.789394" lon="-73.96536">
        <ele>34.2</ele>
        <time>2026-05-22T15:56:27.000Z</time>
      </trkpt>
      <trkpt lat="40.789394" lon="-73.965376">
        <ele>34.4</ele>
        <time>2026-05-22T15:56:28.000Z</time>
      </trkpt>
      <trkpt lat="40.789394" lon="-73.965391">
        <ele>34.4</ele>
        <time>2026-05-22T15:56:29.000Z</time>
      </trkpt>
      <trkpt lat="40.789394" lon="-73.965406">
        <ele>34.4</ele>
        <time>2026-05-22T15:56:30.000Z</time>
      </trkpt>
      <trkpt lat="40.789394" lon="-73.965421">
        <ele>34.4</ele>
        <time>2026-05-22T15:56:31.000Z</time>
      </trkpt>
      <trkpt lat="40.789393" lon="-73.965435">
        <ele>34.4</ele>
        <time>2026-05-22T15:56:32.000Z</time>
      </trkpt>
      <trkpt lat="40.789392" lon="-73.965449">
        <ele>34.4</ele>
        <time>2026-05-22T15:56:33.000Z</time>
      </trkpt>
      <trkpt lat="40.789392" lon="-73.965464">
        <ele>34.4</ele>
        <time>2026-05-22T15:56:34.000Z</time>
      </trkpt>
      <trkpt lat="40.789391" lon="-73.965479">
        <ele>34.4</ele>
        <time>2026-05-22T15:56:35.000Z</time>
      </trkpt>
      <trkpt lat="40.78939" lon="-73.965493">
        <ele>34.6</ele>
        <time>2026-05-22T15:56:36.000Z</time>
      </trkpt>
      <trkpt lat="40.789391" lon="-73.965507">
        <ele>34.6</ele>
        <time>2026-05-22T15:56:37.000Z</time>
      </trkpt>
      <trkpt lat="40.789393" lon="-73.96552">
        <ele>34.6</ele>
        <time>2026-05-22T15:56:38.000Z</time>
      </trkpt>
      <trkpt lat="40.789396" lon="-73.965533">
        <ele>34.6</ele>
        <time>2026-05-22T15:56:39.000Z</time>
      </trkpt>
      <trkpt lat="40.789399" lon="-73.965547">
        <ele>34.6</ele>
        <time>2026-05-22T15:56:40.000Z</time>
      </trkpt>
      <trkpt lat="40.789403" lon="-73.965562">
        <ele>34.6</ele>
        <time>2026-05-22T15:56:41.000Z</time>
      </trkpt>
      <trkpt lat="40.789406" lon="-73.965577">
        <ele>34.6</ele>
        <time>2026-05-22T15:56:42.000Z</time>
      </trkpt>
      <trkpt lat="40.789409" lon="-73.965593">
        <ele>34.8</ele>
        <time>2026-05-22T15:56:43.000Z</time>
      </trkpt>
      <trkpt lat="40.789413" lon="-73.965609">
        <ele>34.8</ele>
        <time>2026-05-22T15:56:44.000Z</time>
      </trkpt>
      <trkpt lat="40.789419" lon="-73.965633">
        <ele>34.8</ele>
        <time>2026-05-22T15:56:45.000Z</time>
      </trkpt>
      <trkpt lat="40.78942" lon="-73.965642">
        <ele>34.8</ele>
        <time>2026-05-22T15:56:46.000Z</time>
      </trkpt>
      <trkpt lat="40.789425" lon="-73.965671">
        <ele>35</ele>
        <time>2026-05-22T15:56:47.000Z</time>
      </trkpt>
      <trkpt lat="40.789427" lon="-73.965681">
        <ele>35</ele>
        <time>2026-05-22T15:56:48.000Z</time>
      </trkpt>
      <trkpt lat="40.789429" lon="-73.965692">
        <ele>35</ele>
        <time>2026-05-22T15:56:49.000Z</time>
      </trkpt>
      <trkpt lat="40.789432" lon="-73.965708">
        <ele>35</ele>
        <time>2026-05-22T15:56:50.000Z</time>
      </trkpt>
      <trkpt lat="40.789436" lon="-73.965723">
        <ele>35.2</ele>
        <time>2026-05-22T15:56:51.000Z</time>
      </trkpt>
      <trkpt lat="40.789439" lon="-73.965737">
        <ele>35.2</ele>
        <time>2026-05-22T15:56:52.000Z</time>
      </trkpt>
      <trkpt lat="40.789443" lon="-73.96575">
        <ele>35.2</ele>
        <time>2026-05-22T15:56:53.000Z</time>
      </trkpt>
      <trkpt lat="40.789447" lon="-73.965764">
        <ele>35.4</ele>
        <time>2026-05-22T15:56:54.000Z</time>
      </trkpt>
      <trkpt lat="40.789451" lon="-73.965779">
        <ele>35.4</ele>
        <time>2026-05-22T15:56:55.000Z</time>
      </trkpt>
      <trkpt lat="40.789455" lon="-73.965794">
        <ele>35.4</ele>
        <time>2026-05-22T15:56:56.000Z</time>
      </trkpt>
      <trkpt lat="40.789459" lon="-73.965808">
        <ele>35.4</ele>
        <time>2026-05-22T15:56:57.000Z</time>
      </trkpt>
      <trkpt lat="40.789463" lon="-73.965822">
        <ele>35.6</ele>
        <time>2026-05-22T15:56:58.000Z</time>
      </trkpt>
      <trkpt lat="40.789467" lon="-73.965836">
        <ele>35.6</ele>
        <time>2026-05-22T15:56:59.000Z</time>
      </trkpt>
      <trkpt lat="40.78947" lon="-73.965849">
        <ele>35.6</ele>
        <time>2026-05-22T15:57:00.000Z</time>
      </trkpt>
      <trkpt lat="40.789474" lon="-73.965863">
        <ele>35.8</ele>
        <time>2026-05-22T15:57:01.000Z</time>
      </trkpt>
      <trkpt lat="40.789478" lon="-73.965877">
        <ele>35.8</ele>
        <time>2026-05-22T15:57:02.000Z</time>
      </trkpt>
      <trkpt lat="40.789482" lon="-73.96589">
        <ele>35.8</ele>
        <time>2026-05-22T15:57:03.000Z</time>
      </trkpt>
      <trkpt lat="40.789486" lon="-73.965904">
        <ele>35.8</ele>
        <time>2026-05-22T15:57:04.000Z</time>
      </trkpt>
      <trkpt lat="40.789491" lon="-73.965916">
        <ele>35.8</ele>
        <time>2026-05-22T15:57:05.000Z</time>
      </trkpt>
      <trkpt lat="40.789496" lon="-73.965927">
        <ele>36</ele>
        <time>2026-05-22T15:57:06.000Z</time>
      </trkpt>
      <trkpt lat="40.789501" lon="-73.965938">
        <ele>36</ele>
        <time>2026-05-22T15:57:07.000Z</time>
      </trkpt>
      <trkpt lat="40.789506" lon="-73.965949">
        <ele>36</ele>
        <time>2026-05-22T15:57:08.000Z</time>
      </trkpt>
      <trkpt lat="40.789511" lon="-73.965961">
        <ele>36</ele>
        <time>2026-05-22T15:57:09.000Z</time>
      </trkpt>
      <trkpt lat="40.789516" lon="-73.965972">
        <ele>36</ele>
        <time>2026-05-22T15:57:10.000Z</time>
      </trkpt>
      <trkpt lat="40.789521" lon="-73.965983">
        <ele>36</ele>
        <time>2026-05-22T15:57:11.000Z</time>
      </trkpt>
      <trkpt lat="40.789527" lon="-73.965994">
        <ele>36</ele>
        <time>2026-05-22T15:57:12.000Z</time>
      </trkpt>
      <trkpt lat="40.789532" lon="-73.966004">
        <ele>36</ele>
        <time>2026-05-22T15:57:13.000Z</time>
      </trkpt>
      <trkpt lat="40.789537" lon="-73.966014">
        <ele>35.8</ele>
        <time>2026-05-22T15:57:14.000Z</time>
      </trkpt>
      <trkpt lat="40.789542" lon="-73.966024">
        <ele>35.8</ele>
        <time>2026-05-22T15:57:15.000Z</time>
      </trkpt>
      <trkpt lat="40.789547" lon="-73.966035">
        <ele>35.8</ele>
        <time>2026-05-22T15:57:16.000Z</time>
      </trkpt>
      <trkpt lat="40.789553" lon="-73.966045">
        <ele>35.8</ele>
        <time>2026-05-22T15:57:17.000Z</time>
      </trkpt>
      <trkpt lat="40.789559" lon="-73.966054">
        <ele>35.8</ele>
        <time>2026-05-22T15:57:18.000Z</time>
      </trkpt>
      <trkpt lat="40.789566" lon="-73.966062">
        <ele>35.8</ele>
        <time>2026-05-22T15:57:19.000Z</time>
      </trkpt>
      <trkpt lat="40.789573" lon="-73.966067">
        <ele>35.6</ele>
        <time>2026-05-22T15:57:20.000Z</time>
      </trkpt>
      <trkpt lat="40.78958" lon="-73.966071">
        <ele>35.6</ele>
        <time>2026-05-22T15:57:21.000Z</time>
      </trkpt>
      <trkpt lat="40.789586" lon="-73.966074">
        <ele>35.6</ele>
        <time>2026-05-22T15:57:22.000Z</time>
      </trkpt>
      <trkpt lat="40.789592" lon="-73.966079">
        <ele>35.6</ele>
        <time>2026-05-22T15:57:23.000Z</time>
      </trkpt>
      <trkpt lat="40.789596" lon="-73.966083">
        <ele>35.6</ele>
        <time>2026-05-22T15:57:24.000Z</time>
      </trkpt>
      <trkpt lat="40.7896" lon="-73.966088">
        <ele>35.4</ele>
        <time>2026-05-22T15:57:25.000Z</time>
      </trkpt>
      <trkpt lat="40.789603" lon="-73.966091">
        <ele>35.4</ele>
        <time>2026-05-22T15:57:26.000Z</time>
      </trkpt>
      <trkpt lat="40.789607" lon="-73.966094">
        <ele>35.4</ele>
        <time>2026-05-22T15:57:27.000Z</time>
      </trkpt>
      <trkpt lat="40.789611" lon="-73.966096">
        <ele>35.2</ele>
        <time>2026-05-22T15:57:28.000Z</time>
      </trkpt>
      <trkpt lat="40.789616" lon="-73.966098">
        <ele>35.2</ele>
        <time>2026-05-22T15:57:29.000Z</time>
      </trkpt>
      <trkpt lat="40.78962" lon="-73.966101">
        <ele>35.2</ele>
        <time>2026-05-22T15:57:30.000Z</time>
      </trkpt>
      <trkpt lat="40.789624" lon="-73.966105">
        <ele>35.2</ele>
        <time>2026-05-22T15:57:31.000Z</time>
      </trkpt>
      <trkpt lat="40.789628" lon="-73.966111">
        <ele>35</ele>
        <time>2026-05-22T15:57:32.000Z</time>
      </trkpt>
      <trkpt lat="40.789631" lon="-73.96612">
        <ele>35</ele>
        <time>2026-05-22T15:57:33.000Z</time>
      </trkpt>
      <trkpt lat="40.789635" lon="-73.96613">
        <ele>35</ele>
        <time>2026-05-22T15:57:34.000Z</time>
      </trkpt>
      <trkpt lat="40.789639" lon="-73.966139">
        <ele>35</ele>
        <time>2026-05-22T15:57:35.000Z</time>
      </trkpt>
      <trkpt lat="40.789642" lon="-73.966149">
        <ele>34.8</ele>
        <time>2026-05-22T15:57:36.000Z</time>
      </trkpt>
      <trkpt lat="40.789646" lon="-73.96616">
        <ele>34.8</ele>
        <time>2026-05-22T15:57:37.000Z</time>
      </trkpt>
      <trkpt lat="40.78965" lon="-73.966171">
        <ele>34.8</ele>
        <time>2026-05-22T15:57:38.000Z</time>
      </trkpt>
      <trkpt lat="40.789654" lon="-73.966182">
        <ele>34.8</ele>
        <time>2026-05-22T15:57:39.000Z</time>
      </trkpt>
      <trkpt lat="40.789659" lon="-73.966193">
        <ele>34.8</ele>
        <time>2026-05-22T15:57:40.000Z</time>
      </trkpt>
      <trkpt lat="40.789665" lon="-73.966205">
        <ele>34.8</ele>
        <time>2026-05-22T15:57:41.000Z</time>
      </trkpt>
      <trkpt lat="40.789671" lon="-73.966216">
        <ele>34.8</ele>
        <time>2026-05-22T15:57:42.000Z</time>
      </trkpt>
      <trkpt lat="40.789677" lon="-73.966228">
        <ele>34.8</ele>
        <time>2026-05-22T15:57:43.000Z</time>
      </trkpt>
      <trkpt lat="40.789683" lon="-73.96624">
        <ele>34.8</ele>
        <time>2026-05-22T15:57:44.000Z</time>
      </trkpt>
      <trkpt lat="40.78969" lon="-73.966251">
        <ele>34.6</ele>
        <time>2026-05-22T15:57:45.000Z</time>
      </trkpt>
      <trkpt lat="40.789697" lon="-73.966263">
        <ele>34.6</ele>
        <time>2026-05-22T15:57:46.000Z</time>
      </trkpt>
      <trkpt lat="40.789704" lon="-73.966274">
        <ele>34.6</ele>
        <time>2026-05-22T15:57:47.000Z</time>
      </trkpt>
      <trkpt lat="40.789711" lon="-73.966286">
        <ele>34.6</ele>
        <time>2026-05-22T15:57:48.000Z</time>
      </trkpt>
      <trkpt lat="40.789718" lon="-73.966298">
        <ele>34.6</ele>
        <time>2026-05-22T15:57:49.000Z</time>
      </trkpt>
      <trkpt lat="40.789726" lon="-73.96631">
        <ele>34.6</ele>
        <time>2026-05-22T15:57:50.000Z</time>
      </trkpt>
      <trkpt lat="40.789734" lon="-73.966322">
        <ele>34.6</ele>
        <time>2026-05-22T15:57:51.000Z</time>
      </trkpt>
      <trkpt lat="40.789741" lon="-73.966334">
        <ele>34.6</ele>
        <time>2026-05-22T15:57:52.000Z</time>
      </trkpt>
      <trkpt lat="40.789749" lon="-73.966347">
        <ele>34.8</ele>
        <time>2026-05-22T15:57:53.000Z</time>
      </trkpt>
      <trkpt lat="40.789756" lon="-73.96636">
        <ele>34.8</ele>
        <time>2026-05-22T15:57:54.000Z</time>
      </trkpt>
      <trkpt lat="40.789763" lon="-73.966372">
        <ele>34.8</ele>
        <time>2026-05-22T15:57:55.000Z</time>
      </trkpt>
      <trkpt lat="40.78977" lon="-73.966385">
        <ele>34.8</ele>
        <time>2026-05-22T15:57:56.000Z</time>
      </trkpt>
      <trkpt lat="40.789777" lon="-73.966397">
        <ele>35</ele>
        <time>2026-05-22T15:57:57.000Z</time>
      </trkpt>
      <trkpt lat="40.789783" lon="-73.966409">
        <ele>35</ele>
        <time>2026-05-22T15:57:58.000Z</time>
      </trkpt>
      <trkpt lat="40.78979" lon="-73.966421">
        <ele>35</ele>
        <time>2026-05-22T15:57:59.000Z</time>
      </trkpt>
      <trkpt lat="40.789797" lon="-73.966433">
        <ele>35.2</ele>
        <time>2026-05-22T15:58:00.000Z</time>
      </trkpt>
      <trkpt lat="40.789803" lon="-73.966445">
        <ele>35.2</ele>
        <time>2026-05-22T15:58:01.000Z</time>
      </trkpt>
      <trkpt lat="40.789815" lon="-73.966467">
        <ele>35.2</ele>
        <time>2026-05-22T15:58:02.000Z</time>
      </trkpt>
      <trkpt lat="40.789821" lon="-73.966477">
        <ele>35.2</ele>
        <time>2026-05-22T15:58:03.000Z</time>
      </trkpt>
      <trkpt lat="40.789826" lon="-73.966487">
        <ele>35.4</ele>
        <time>2026-05-22T15:58:04.000Z</time>
      </trkpt>
      <trkpt lat="40.789832" lon="-73.966497">
        <ele>35.4</ele>
        <time>2026-05-22T15:58:05.000Z</time>
      </trkpt>
      <trkpt lat="40.789837" lon="-73.966507">
        <ele>35.4</ele>
        <time>2026-05-22T15:58:06.000Z</time>
      </trkpt>
      <trkpt lat="40.789843" lon="-73.96652">
        <ele>35.4</ele>
        <time>2026-05-22T15:58:07.000Z</time>
      </trkpt>
      <trkpt lat="40.78985" lon="-73.966534">
        <ele>35.4</ele>
        <time>2026-05-22T15:58:08.000Z</time>
      </trkpt>
      <trkpt lat="40.789856" lon="-73.966548">
        <ele>35.6</ele>
        <time>2026-05-22T15:58:09.000Z</time>
      </trkpt>
      <trkpt lat="40.789863" lon="-73.966562">
        <ele>35.6</ele>
        <time>2026-05-22T15:58:10.000Z</time>
      </trkpt>
      <trkpt lat="40.789869" lon="-73.966576">
        <ele>35.6</ele>
        <time>2026-05-22T15:58:11.000Z</time>
      </trkpt>
      <trkpt lat="40.789876" lon="-73.96659">
        <ele>35.6</ele>
        <time>2026-05-22T15:58:12.000Z</time>
      </trkpt>
      <trkpt lat="40.789882" lon="-73.966604">
        <ele>35.6</ele>
        <time>2026-05-22T15:58:13.000Z</time>
      </trkpt>
      <trkpt lat="40.789888" lon="-73.966618">
        <ele>35.6</ele>
        <time>2026-05-22T15:58:14.000Z</time>
      </trkpt>
      <trkpt lat="40.789894" lon="-73.966632">
        <ele>35.6</ele>
        <time>2026-05-22T15:58:15.000Z</time>
      </trkpt>
      <trkpt lat="40.7899" lon="-73.966645">
        <ele>35.6</ele>
        <time>2026-05-22T15:58:16.000Z</time>
      </trkpt>
      <trkpt lat="40.789906" lon="-73.966658">
        <ele>35.6</ele>
        <time>2026-05-22T15:58:17.000Z</time>
      </trkpt>
      <trkpt lat="40.789911" lon="-73.966671">
        <ele>35.6</ele>
        <time>2026-05-22T15:58:18.000Z</time>
      </trkpt>
      <trkpt lat="40.789917" lon="-73.966684">
        <ele>35.8</ele>
        <time>2026-05-22T15:58:19.000Z</time>
      </trkpt>
      <trkpt lat="40.789922" lon="-73.966697">
        <ele>35.8</ele>
        <time>2026-05-22T15:58:20.000Z</time>
      </trkpt>
      <trkpt lat="40.789928" lon="-73.96671">
        <ele>35.8</ele>
        <time>2026-05-22T15:58:21.000Z</time>
      </trkpt>
      <trkpt lat="40.789934" lon="-73.966723">
        <ele>35.8</ele>
        <time>2026-05-22T15:58:22.000Z</time>
      </trkpt>
      <trkpt lat="40.789939" lon="-73.966737">
        <ele>35.8</ele>
        <time>2026-05-22T15:58:23.000Z</time>
      </trkpt>
      <trkpt lat="40.789945" lon="-73.96675">
        <ele>35.8</ele>
        <time>2026-05-22T15:58:24.000Z</time>
      </trkpt>
      <trkpt lat="40.78995" lon="-73.966762">
        <ele>35.8</ele>
        <time>2026-05-22T15:58:25.000Z</time>
      </trkpt>
      <trkpt lat="40.789956" lon="-73.966775">
        <ele>35.8</ele>
        <time>2026-05-22T15:58:26.000Z</time>
      </trkpt>
      <trkpt lat="40.789961" lon="-73.966788">
        <ele>35.8</ele>
        <time>2026-05-22T15:58:27.000Z</time>
      </trkpt>
      <trkpt lat="40.789967" lon="-73.9668">
        <ele>35.8</ele>
        <time>2026-05-22T15:58:28.000Z</time>
      </trkpt>
      <trkpt lat="40.789972" lon="-73.966812">
        <ele>35.8</ele>
        <time>2026-05-22T15:58:29.000Z</time>
      </trkpt>
      <trkpt lat="40.789977" lon="-73.966825">
        <ele>35.8</ele>
        <time>2026-05-22T15:58:30.000Z</time>
      </trkpt>
      <trkpt lat="40.789982" lon="-73.966837">
        <ele>35.8</ele>
        <time>2026-05-22T15:58:31.000Z</time>
      </trkpt>
      <trkpt lat="40.789988" lon="-73.966849">
        <ele>35.8</ele>
        <time>2026-05-22T15:58:32.000Z</time>
      </trkpt>
      <trkpt lat="40.789993" lon="-73.966861">
        <ele>35.8</ele>
        <time>2026-05-22T15:58:33.000Z</time>
      </trkpt>
      <trkpt lat="40.789998" lon="-73.966873">
        <ele>35.8</ele>
        <time>2026-05-22T15:58:34.000Z</time>
      </trkpt>
      <trkpt lat="40.790003" lon="-73.966886">
        <ele>35.8</ele>
        <time>2026-05-22T15:58:35.000Z</time>
      </trkpt>
      <trkpt lat="40.790009" lon="-73.966898">
        <ele>35.8</ele>
        <time>2026-05-22T15:58:36.000Z</time>
      </trkpt>
      <trkpt lat="40.790014" lon="-73.96691">
        <ele>35.8</ele>
        <time>2026-05-22T15:58:37.000Z</time>
      </trkpt>
      <trkpt lat="40.790019" lon="-73.966923">
        <ele>35.8</ele>
        <time>2026-05-22T15:58:38.000Z</time>
      </trkpt>
      <trkpt lat="40.790024" lon="-73.966935">
        <ele>35.8</ele>
        <time>2026-05-22T15:58:39.000Z</time>
      </trkpt>
      <trkpt lat="40.79003" lon="-73.966948">
        <ele>35.8</ele>
        <time>2026-05-22T15:58:40.000Z</time>
      </trkpt>
      <trkpt lat="40.790035" lon="-73.96696">
        <ele>35.8</ele>
        <time>2026-05-22T15:58:41.000Z</time>
      </trkpt>
      <trkpt lat="40.79004" lon="-73.966972">
        <ele>35.8</ele>
        <time>2026-05-22T15:58:42.000Z</time>
      </trkpt>
      <trkpt lat="40.790045" lon="-73.966983">
        <ele>35.8</ele>
        <time>2026-05-22T15:58:43.000Z</time>
      </trkpt>
      <trkpt lat="40.79005" lon="-73.966995">
        <ele>35.8</ele>
        <time>2026-05-22T15:58:44.000Z</time>
      </trkpt>
      <trkpt lat="40.790055" lon="-73.967007">
        <ele>35.8</ele>
        <time>2026-05-22T15:58:45.000Z</time>
      </trkpt>
      <trkpt lat="40.790059" lon="-73.967018">
        <ele>35.8</ele>
        <time>2026-05-22T15:58:46.000Z</time>
      </trkpt>
      <trkpt lat="40.790064" lon="-73.96703">
        <ele>35.8</ele>
        <time>2026-05-22T15:58:47.000Z</time>
      </trkpt>
      <trkpt lat="40.790069" lon="-73.967041">
        <ele>35.8</ele>
        <time>2026-05-22T15:58:48.000Z</time>
      </trkpt>
      <trkpt lat="40.790074" lon="-73.967053">
        <ele>35.8</ele>
        <time>2026-05-22T15:58:49.000Z</time>
      </trkpt>
      <trkpt lat="40.790079" lon="-73.967064">
        <ele>35.8</ele>
        <time>2026-05-22T15:58:50.000Z</time>
      </trkpt>
      <trkpt lat="40.790084" lon="-73.967076">
        <ele>35.8</ele>
        <time>2026-05-22T15:58:51.000Z</time>
      </trkpt>
      <trkpt lat="40.790089" lon="-73.967088">
        <ele>35.8</ele>
        <time>2026-05-22T15:58:52.000Z</time>
      </trkpt>
      <trkpt lat="40.790094" lon="-73.9671">
        <ele>36</ele>
        <time>2026-05-22T15:58:53.000Z</time>
      </trkpt>
      <trkpt lat="40.790099" lon="-73.967112">
        <ele>36</ele>
        <time>2026-05-22T15:58:54.000Z</time>
      </trkpt>
      <trkpt lat="40.790105" lon="-73.967125">
        <ele>36</ele>
        <time>2026-05-22T15:58:55.000Z</time>
      </trkpt>
      <trkpt lat="40.79011" lon="-73.967138">
        <ele>36</ele>
        <time>2026-05-22T15:58:56.000Z</time>
      </trkpt>
      <trkpt lat="40.790115" lon="-73.96715">
        <ele>36</ele>
        <time>2026-05-22T15:58:57.000Z</time>
      </trkpt>
      <trkpt lat="40.790121" lon="-73.967163">
        <ele>36</ele>
        <time>2026-05-22T15:58:58.000Z</time>
      </trkpt>
      <trkpt lat="40.790126" lon="-73.967176">
        <ele>36</ele>
        <time>2026-05-22T15:58:59.000Z</time>
      </trkpt>
      <trkpt lat="40.790132" lon="-73.967189">
        <ele>36</ele>
        <time>2026-05-22T15:59:00.000Z</time>
      </trkpt>
      <trkpt lat="40.790137" lon="-73.967202">
        <ele>36</ele>
        <time>2026-05-22T15:59:01.000Z</time>
      </trkpt>
      <trkpt lat="40.790143" lon="-73.967215">
        <ele>36</ele>
        <time>2026-05-22T15:59:02.000Z</time>
      </trkpt>
      <trkpt lat="40.790149" lon="-73.967228">
        <ele>36</ele>
        <time>2026-05-22T15:59:03.000Z</time>
      </trkpt>
      <trkpt lat="40.790154" lon="-73.967241">
        <ele>36</ele>
        <time>2026-05-22T15:59:04.000Z</time>
      </trkpt>
      <trkpt lat="40.79016" lon="-73.967255">
        <ele>36</ele>
        <time>2026-05-22T15:59:05.000Z</time>
      </trkpt>
      <trkpt lat="40.790165" lon="-73.967268">
        <ele>36</ele>
        <time>2026-05-22T15:59:06.000Z</time>
      </trkpt>
      <trkpt lat="40.790171" lon="-73.967281">
        <ele>36</ele>
        <time>2026-05-22T15:59:07.000Z</time>
      </trkpt>
      <trkpt lat="40.790177" lon="-73.967295">
        <ele>36</ele>
        <time>2026-05-22T15:59:08.000Z</time>
      </trkpt>
      <trkpt lat="40.790183" lon="-73.967308">
        <ele>36</ele>
        <time>2026-05-22T15:59:09.000Z</time>
      </trkpt>
      <trkpt lat="40.790189" lon="-73.967322">
        <ele>36</ele>
        <time>2026-05-22T15:59:10.000Z</time>
      </trkpt>
      <trkpt lat="40.790195" lon="-73.967336">
        <ele>36</ele>
        <time>2026-05-22T15:59:11.000Z</time>
      </trkpt>
      <trkpt lat="40.790201" lon="-73.96735">
        <ele>36.2</ele>
        <time>2026-05-22T15:59:12.000Z</time>
      </trkpt>
      <trkpt lat="40.790206" lon="-73.967364">
        <ele>36.2</ele>
        <time>2026-05-22T15:59:13.000Z</time>
      </trkpt>
      <trkpt lat="40.790212" lon="-73.967377">
        <ele>36.2</ele>
        <time>2026-05-22T15:59:14.000Z</time>
      </trkpt>
      <trkpt lat="40.790218" lon="-73.967391">
        <ele>36.2</ele>
        <time>2026-05-22T15:59:15.000Z</time>
      </trkpt>
      <trkpt lat="40.790224" lon="-73.967405">
        <ele>36.2</ele>
        <time>2026-05-22T15:59:16.000Z</time>
      </trkpt>
      <trkpt lat="40.790229" lon="-73.967418">
        <ele>36.2</ele>
        <time>2026-05-22T15:59:17.000Z</time>
      </trkpt>
      <trkpt lat="40.790235" lon="-73.967432">
        <ele>36.2</ele>
        <time>2026-05-22T15:59:18.000Z</time>
      </trkpt>
      <trkpt lat="40.790241" lon="-73.967445">
        <ele>36.2</ele>
        <time>2026-05-22T15:59:19.000Z</time>
      </trkpt>
      <trkpt lat="40.790246" lon="-73.967459">
        <ele>36.2</ele>
        <time>2026-05-22T15:59:20.000Z</time>
      </trkpt>
      <trkpt lat="40.790252" lon="-73.967472">
        <ele>36.2</ele>
        <time>2026-05-22T15:59:21.000Z</time>
      </trkpt>
      <trkpt lat="40.790257" lon="-73.967485">
        <ele>36.4</ele>
        <time>2026-05-22T15:59:22.000Z</time>
      </trkpt>
      <trkpt lat="40.790263" lon="-73.967498">
        <ele>36.4</ele>
        <time>2026-05-22T15:59:23.000Z</time>
      </trkpt>
      <trkpt lat="40.790268" lon="-73.967512">
        <ele>36.4</ele>
        <time>2026-05-22T15:59:24.000Z</time>
      </trkpt>
      <trkpt lat="40.790274" lon="-73.967525">
        <ele>36.4</ele>
        <time>2026-05-22T15:59:25.000Z</time>
      </trkpt>
      <trkpt lat="40.790279" lon="-73.967539">
        <ele>36.4</ele>
        <time>2026-05-22T15:59:26.000Z</time>
      </trkpt>
      <trkpt lat="40.790285" lon="-73.967553">
        <ele>36.4</ele>
        <time>2026-05-22T15:59:27.000Z</time>
      </trkpt>
      <trkpt lat="40.79029" lon="-73.967566">
        <ele>36.4</ele>
        <time>2026-05-22T15:59:28.000Z</time>
      </trkpt>
      <trkpt lat="40.790296" lon="-73.96758">
        <ele>36.4</ele>
        <time>2026-05-22T15:59:29.000Z</time>
      </trkpt>
      <trkpt lat="40.790302" lon="-73.967595">
        <ele>36.4</ele>
        <time>2026-05-22T15:59:30.000Z</time>
      </trkpt>
      <trkpt lat="40.790308" lon="-73.967609">
        <ele>36.4</ele>
        <time>2026-05-22T15:59:31.000Z</time>
      </trkpt>
      <trkpt lat="40.790313" lon="-73.967623">
        <ele>36.6</ele>
        <time>2026-05-22T15:59:32.000Z</time>
      </trkpt>
      <trkpt lat="40.790319" lon="-73.967638">
        <ele>36.6</ele>
        <time>2026-05-22T15:59:33.000Z</time>
      </trkpt>
      <trkpt lat="40.790325" lon="-73.967652">
        <ele>36.6</ele>
        <time>2026-05-22T15:59:34.000Z</time>
      </trkpt>
      <trkpt lat="40.79033" lon="-73.967666">
        <ele>36.6</ele>
        <time>2026-05-22T15:59:35.000Z</time>
      </trkpt>
      <trkpt lat="40.790336" lon="-73.96768">
        <ele>36.6</ele>
        <time>2026-05-22T15:59:36.000Z</time>
      </trkpt>
      <trkpt lat="40.790341" lon="-73.967694">
        <ele>36.6</ele>
        <time>2026-05-22T15:59:37.000Z</time>
      </trkpt>
      <trkpt lat="40.790347" lon="-73.967708">
        <ele>36.8</ele>
        <time>2026-05-22T15:59:38.000Z</time>
      </trkpt>
      <trkpt lat="40.790352" lon="-73.967722">
        <ele>36.8</ele>
        <time>2026-05-22T15:59:39.000Z</time>
      </trkpt>
      <trkpt lat="40.790357" lon="-73.967735">
        <ele>36.8</ele>
        <time>2026-05-22T15:59:40.000Z</time>
      </trkpt>
      <trkpt lat="40.790363" lon="-73.967749">
        <ele>36.8</ele>
        <time>2026-05-22T15:59:41.000Z</time>
      </trkpt>
      <trkpt lat="40.790368" lon="-73.967763">
        <ele>36.8</ele>
        <time>2026-05-22T15:59:42.000Z</time>
      </trkpt>
      <trkpt lat="40.790373" lon="-73.967776">
        <ele>36.8</ele>
        <time>2026-05-22T15:59:43.000Z</time>
      </trkpt>
      <trkpt lat="40.790378" lon="-73.96779">
        <ele>37</ele>
        <time>2026-05-22T15:59:44.000Z</time>
      </trkpt>
      <trkpt lat="40.790384" lon="-73.967803">
        <ele>37</ele>
        <time>2026-05-22T15:59:45.000Z</time>
      </trkpt>
      <trkpt lat="40.790389" lon="-73.967816">
        <ele>37</ele>
        <time>2026-05-22T15:59:46.000Z</time>
      </trkpt>
      <trkpt lat="40.790394" lon="-73.967829">
        <ele>37</ele>
        <time>2026-05-22T15:59:47.000Z</time>
      </trkpt>
      <trkpt lat="40.790399" lon="-73.967842">
        <ele>37</ele>
        <time>2026-05-22T15:59:48.000Z</time>
      </trkpt>
      <trkpt lat="40.790404" lon="-73.967855">
        <ele>37</ele>
        <time>2026-05-22T15:59:49.000Z</time>
      </trkpt>
      <trkpt lat="40.790409" lon="-73.967868">
        <ele>37</ele>
        <time>2026-05-22T15:59:50.000Z</time>
      </trkpt>
      <trkpt lat="40.790414" lon="-73.967881">
        <ele>37</ele>
        <time>2026-05-22T15:59:51.000Z</time>
      </trkpt>
      <trkpt lat="40.790419" lon="-73.967894">
        <ele>37</ele>
        <time>2026-05-22T15:59:52.000Z</time>
      </trkpt>
      <trkpt lat="40.790425" lon="-73.967908">
        <ele>37</ele>
        <time>2026-05-22T15:59:53.000Z</time>
      </trkpt>
      <trkpt lat="40.79043" lon="-73.967921">
        <ele>37</ele>
        <time>2026-05-22T15:59:54.000Z</time>
      </trkpt>
      <trkpt lat="40.790435" lon="-73.967934">
        <ele>37</ele>
        <time>2026-05-22T15:59:55.000Z</time>
      </trkpt>
      <trkpt lat="40.79044" lon="-73.967947">
        <ele>37</ele>
        <time>2026-05-22T15:59:56.000Z</time>
      </trkpt>
      <trkpt lat="40.790446" lon="-73.96796">
        <ele>37.2</ele>
        <time>2026-05-22T15:59:57.000Z</time>
      </trkpt>
      <trkpt lat="40.790451" lon="-73.967973">
        <ele>37.2</ele>
        <time>2026-05-22T15:59:58.000Z</time>
      </trkpt>
      <trkpt lat="40.790456" lon="-73.967986">
        <ele>37.2</ele>
        <time>2026-05-22T15:59:59.000Z</time>
      </trkpt>
      <trkpt lat="40.790462" lon="-73.968">
        <ele>37.2</ele>
        <time>2026-05-22T16:00:00.000Z</time>
      </trkpt>
      <trkpt lat="40.790467" lon="-73.968013">
        <ele>37.2</ele>
        <time>2026-05-22T16:00:01.000Z</time>
      </trkpt>
      <trkpt lat="40.790473" lon="-73.968027">
        <ele>37.2</ele>
        <time>2026-05-22T16:00:02.000Z</time>
      </trkpt>
      <trkpt lat="40.790479" lon="-73.968041">
        <ele>37.2</ele>
        <time>2026-05-22T16:00:03.000Z</time>
      </trkpt>
      <trkpt lat="40.790485" lon="-73.968055">
        <ele>37.2</ele>
        <time>2026-05-22T16:00:04.000Z</time>
      </trkpt>
      <trkpt lat="40.79049" lon="-73.968069">
        <ele>37.2</ele>
        <time>2026-05-22T16:00:05.000Z</time>
      </trkpt>
      <trkpt lat="40.790496" lon="-73.968083">
        <ele>37.2</ele>
        <time>2026-05-22T16:00:06.000Z</time>
      </trkpt>
      <trkpt lat="40.790502" lon="-73.968096">
        <ele>37.2</ele>
        <time>2026-05-22T16:00:07.000Z</time>
      </trkpt>
      <trkpt lat="40.790508" lon="-73.96811">
        <ele>37.2</ele>
        <time>2026-05-22T16:00:08.000Z</time>
      </trkpt>
      <trkpt lat="40.790513" lon="-73.968123">
        <ele>37.2</ele>
        <time>2026-05-22T16:00:09.000Z</time>
      </trkpt>
      <trkpt lat="40.790519" lon="-73.968136">
        <ele>37.2</ele>
        <time>2026-05-22T16:00:10.000Z</time>
      </trkpt>
      <trkpt lat="40.790524" lon="-73.968149">
        <ele>37.2</ele>
        <time>2026-05-22T16:00:11.000Z</time>
      </trkpt>
      <trkpt lat="40.79053" lon="-73.968161">
        <ele>37.2</ele>
        <time>2026-05-22T16:00:12.000Z</time>
      </trkpt>
      <trkpt lat="40.790535" lon="-73.968174">
        <ele>37.2</ele>
        <time>2026-05-22T16:00:13.000Z</time>
      </trkpt>
      <trkpt lat="40.790541" lon="-73.968187">
        <ele>37.4</ele>
        <time>2026-05-22T16:00:14.000Z</time>
      </trkpt>
      <trkpt lat="40.790546" lon="-73.968201">
        <ele>37.4</ele>
        <time>2026-05-22T16:00:15.000Z</time>
      </trkpt>
      <trkpt lat="40.790552" lon="-73.968214">
        <ele>37.4</ele>
        <time>2026-05-22T16:00:16.000Z</time>
      </trkpt>
      <trkpt lat="40.790558" lon="-73.968228">
        <ele>37.4</ele>
        <time>2026-05-22T16:00:17.000Z</time>
      </trkpt>
      <trkpt lat="40.790564" lon="-73.968242">
        <ele>37.4</ele>
        <time>2026-05-22T16:00:18.000Z</time>
      </trkpt>
      <trkpt lat="40.79057" lon="-73.968255">
        <ele>37.4</ele>
        <time>2026-05-22T16:00:19.000Z</time>
      </trkpt>
      <trkpt lat="40.790576" lon="-73.968269">
        <ele>37.4</ele>
        <time>2026-05-22T16:00:20.000Z</time>
      </trkpt>
      <trkpt lat="40.790582" lon="-73.968283">
        <ele>37.4</ele>
        <time>2026-05-22T16:00:21.000Z</time>
      </trkpt>
      <trkpt lat="40.790587" lon="-73.968296">
        <ele>37.4</ele>
        <time>2026-05-22T16:00:22.000Z</time>
      </trkpt>
      <trkpt lat="40.790593" lon="-73.96831">
        <ele>37.4</ele>
        <time>2026-05-22T16:00:23.000Z</time>
      </trkpt>
      <trkpt lat="40.790599" lon="-73.968324">
        <ele>37.6</ele>
        <time>2026-05-22T16:00:24.000Z</time>
      </trkpt>
      <trkpt lat="40.790605" lon="-73.968337">
        <ele>37.6</ele>
        <time>2026-05-22T16:00:25.000Z</time>
      </trkpt>
      <trkpt lat="40.790611" lon="-73.96835">
        <ele>37.6</ele>
        <time>2026-05-22T16:00:26.000Z</time>
      </trkpt>
      <trkpt lat="40.790616" lon="-73.968363">
        <ele>37.6</ele>
        <time>2026-05-22T16:00:27.000Z</time>
      </trkpt>
      <trkpt lat="40.790622" lon="-73.968376">
        <ele>37.6</ele>
        <time>2026-05-22T16:00:28.000Z</time>
      </trkpt>
      <trkpt lat="40.790627" lon="-73.968389">
        <ele>37.6</ele>
        <time>2026-05-22T16:00:29.000Z</time>
      </trkpt>
      <trkpt lat="40.790633" lon="-73.968402">
        <ele>37.6</ele>
        <time>2026-05-22T16:00:30.000Z</time>
      </trkpt>
      <trkpt lat="40.790638" lon="-73.968415">
        <ele>37.6</ele>
        <time>2026-05-22T16:00:31.000Z</time>
      </trkpt>
      <trkpt lat="40.790644" lon="-73.968428">
        <ele>37.6</ele>
        <time>2026-05-22T16:00:32.000Z</time>
      </trkpt>
      <trkpt lat="40.79065" lon="-73.968441">
        <ele>37.6</ele>
        <time>2026-05-22T16:00:33.000Z</time>
      </trkpt>
      <trkpt lat="40.790655" lon="-73.968454">
        <ele>37.8</ele>
        <time>2026-05-22T16:00:34.000Z</time>
      </trkpt>
      <trkpt lat="40.790661" lon="-73.968467">
        <ele>37.8</ele>
        <time>2026-05-22T16:00:35.000Z</time>
      </trkpt>
      <trkpt lat="40.790666" lon="-73.968479">
        <ele>37.8</ele>
        <time>2026-05-22T16:00:36.000Z</time>
      </trkpt>
      <trkpt lat="40.790672" lon="-73.968492">
        <ele>37.8</ele>
        <time>2026-05-22T16:00:37.000Z</time>
      </trkpt>
      <trkpt lat="40.790678" lon="-73.968506">
        <ele>37.8</ele>
        <time>2026-05-22T16:00:38.000Z</time>
      </trkpt>
      <trkpt lat="40.790683" lon="-73.968518">
        <ele>37.8</ele>
        <time>2026-05-22T16:00:39.000Z</time>
      </trkpt>
      <trkpt lat="40.790689" lon="-73.968531">
        <ele>37.8</ele>
        <time>2026-05-22T16:00:40.000Z</time>
      </trkpt>
      <trkpt lat="40.790694" lon="-73.968544">
        <ele>37.8</ele>
        <time>2026-05-22T16:00:41.000Z</time>
      </trkpt>
      <trkpt lat="40.790699" lon="-73.968556">
        <ele>37.8</ele>
        <time>2026-05-22T16:00:42.000Z</time>
      </trkpt>
      <trkpt lat="40.790704" lon="-73.968568">
        <ele>37.8</ele>
        <time>2026-05-22T16:00:43.000Z</time>
      </trkpt>
      <trkpt lat="40.79071" lon="-73.968581">
        <ele>38</ele>
        <time>2026-05-22T16:00:44.000Z</time>
      </trkpt>
      <trkpt lat="40.790715" lon="-73.968593">
        <ele>38</ele>
        <time>2026-05-22T16:00:45.000Z</time>
      </trkpt>
      <trkpt lat="40.79072" lon="-73.968605">
        <ele>38</ele>
        <time>2026-05-22T16:00:46.000Z</time>
      </trkpt>
      <trkpt lat="40.790725" lon="-73.968617">
        <ele>38</ele>
        <time>2026-05-22T16:00:47.000Z</time>
      </trkpt>
      <trkpt lat="40.79073" lon="-73.96863">
        <ele>38</ele>
        <time>2026-05-22T16:00:48.000Z</time>
      </trkpt>
      <trkpt lat="40.790736" lon="-73.968642">
        <ele>38</ele>
        <time>2026-05-22T16:00:49.000Z</time>
      </trkpt>
      <trkpt lat="40.790741" lon="-73.968655">
        <ele>38</ele>
        <time>2026-05-22T16:00:50.000Z</time>
      </trkpt>
      <trkpt lat="40.790746" lon="-73.968667">
        <ele>38</ele>
        <time>2026-05-22T16:00:51.000Z</time>
      </trkpt>
      <trkpt lat="40.790751" lon="-73.96868">
        <ele>38.2</ele>
        <time>2026-05-22T16:00:52.000Z</time>
      </trkpt>
      <trkpt lat="40.790757" lon="-73.968692">
        <ele>38.2</ele>
        <time>2026-05-22T16:00:53.000Z</time>
      </trkpt>
      <trkpt lat="40.790762" lon="-73.968704">
        <ele>38.2</ele>
        <time>2026-05-22T16:00:54.000Z</time>
      </trkpt>
      <trkpt lat="40.790767" lon="-73.968716">
        <ele>38.2</ele>
        <time>2026-05-22T16:00:55.000Z</time>
      </trkpt>
      <trkpt lat="40.790772" lon="-73.968727">
        <ele>38.2</ele>
        <time>2026-05-22T16:00:56.000Z</time>
      </trkpt>
      <trkpt lat="40.790777" lon="-73.968739">
        <ele>38.2</ele>
        <time>2026-05-22T16:00:57.000Z</time>
      </trkpt>
      <trkpt lat="40.790782" lon="-73.968751">
        <ele>38.2</ele>
        <time>2026-05-22T16:00:58.000Z</time>
      </trkpt>
      <trkpt lat="40.790787" lon="-73.968763">
        <ele>38.2</ele>
        <time>2026-05-22T16:00:59.000Z</time>
      </trkpt>
      <trkpt lat="40.790792" lon="-73.968774">
        <ele>38.2</ele>
        <time>2026-05-22T16:01:00.000Z</time>
      </trkpt>
      <trkpt lat="40.790797" lon="-73.968786">
        <ele>38.2</ele>
        <time>2026-05-22T16:01:01.000Z</time>
      </trkpt>
      <trkpt lat="40.790802" lon="-73.968798">
        <ele>38.2</ele>
        <time>2026-05-22T16:01:02.000Z</time>
      </trkpt>
      <trkpt lat="40.790807" lon="-73.96881">
        <ele>38.2</ele>
        <time>2026-05-22T16:01:03.000Z</time>
      </trkpt>
      <trkpt lat="40.790812" lon="-73.968821">
        <ele>38.2</ele>
        <time>2026-05-22T16:01:04.000Z</time>
      </trkpt>
      <trkpt lat="40.790816" lon="-73.968832">
        <ele>38.2</ele>
        <time>2026-05-22T16:01:05.000Z</time>
      </trkpt>
      <trkpt lat="40.790821" lon="-73.968843">
        <ele>38.4</ele>
        <time>2026-05-22T16:01:06.000Z</time>
      </trkpt>
      <trkpt lat="40.790825" lon="-73.968853">
        <ele>38.4</ele>
        <time>2026-05-22T16:01:07.000Z</time>
      </trkpt>
      <trkpt lat="40.790829" lon="-73.968863">
        <ele>38.4</ele>
        <time>2026-05-22T16:01:08.000Z</time>
      </trkpt>
      <trkpt lat="40.790833" lon="-73.968874">
        <ele>38.4</ele>
        <time>2026-05-22T16:01:09.000Z</time>
      </trkpt>
      <trkpt lat="40.790837" lon="-73.968884">
        <ele>38.4</ele>
        <time>2026-05-22T16:01:10.000Z</time>
      </trkpt>
      <trkpt lat="40.790841" lon="-73.968894">
        <ele>38.2</ele>
        <time>2026-05-22T16:01:11.000Z</time>
      </trkpt>
      <trkpt lat="40.790845" lon="-73.968905">
        <ele>38.2</ele>
        <time>2026-05-22T16:01:12.000Z</time>
      </trkpt>
      <trkpt lat="40.790849" lon="-73.968915">
        <ele>38.2</ele>
        <time>2026-05-22T16:01:13.000Z</time>
      </trkpt>
      <trkpt lat="40.790853" lon="-73.968926">
        <ele>38.2</ele>
        <time>2026-05-22T16:01:14.000Z</time>
      </trkpt>
      <trkpt lat="40.790857" lon="-73.968936">
        <ele>38.2</ele>
        <time>2026-05-22T16:01:15.000Z</time>
      </trkpt>
      <trkpt lat="40.79086" lon="-73.968947">
        <ele>38.2</ele>
        <time>2026-05-22T16:01:16.000Z</time>
      </trkpt>
      <trkpt lat="40.790864" lon="-73.968958">
        <ele>38.2</ele>
        <time>2026-05-22T16:01:17.000Z</time>
      </trkpt>
      <trkpt lat="40.790868" lon="-73.968969">
        <ele>38.2</ele>
        <time>2026-05-22T16:01:18.000Z</time>
      </trkpt>
      <trkpt lat="40.790873" lon="-73.968981">
        <ele>38.2</ele>
        <time>2026-05-22T16:01:19.000Z</time>
      </trkpt>
      <trkpt lat="40.790877" lon="-73.968993">
        <ele>38.2</ele>
        <time>2026-05-22T16:01:20.000Z</time>
      </trkpt>
      <trkpt lat="40.790881" lon="-73.969004">
        <ele>38.2</ele>
        <time>2026-05-22T16:01:21.000Z</time>
      </trkpt>
      <trkpt lat="40.790887" lon="-73.969024">
        <ele>38.4</ele>
        <time>2026-05-22T16:01:22.000Z</time>
      </trkpt>
      <trkpt lat="40.79089" lon="-73.969031">
        <ele>38.4</ele>
        <time>2026-05-22T16:01:23.000Z</time>
      </trkpt>
      <trkpt lat="40.790892" lon="-73.969039">
        <ele>38.4</ele>
        <time>2026-05-22T16:01:24.000Z</time>
      </trkpt>
      <trkpt lat="40.790895" lon="-73.96905">
        <ele>38.4</ele>
        <time>2026-05-22T16:01:25.000Z</time>
      </trkpt>
      <trkpt lat="40.790898" lon="-73.96906">
        <ele>38.4</ele>
        <time>2026-05-22T16:01:26.000Z</time>
      </trkpt>
      <trkpt lat="40.790901" lon="-73.969071">
        <ele>38.4</ele>
        <time>2026-05-22T16:01:27.000Z</time>
      </trkpt>
      <trkpt lat="40.790903" lon="-73.969081">
        <ele>38.4</ele>
        <time>2026-05-22T16:01:28.000Z</time>
      </trkpt>
      <trkpt lat="40.790905" lon="-73.969091">
        <ele>38.4</ele>
        <time>2026-05-22T16:01:29.000Z</time>
      </trkpt>
      <trkpt lat="40.790907" lon="-73.9691">
        <ele>38.4</ele>
        <time>2026-05-22T16:01:30.000Z</time>
      </trkpt>
      <trkpt lat="40.790908" lon="-73.96911">
        <ele>38.4</ele>
        <time>2026-05-22T16:01:31.000Z</time>
      </trkpt>
      <trkpt lat="40.790908" lon="-73.969119">
        <ele>38.4</ele>
        <time>2026-05-22T16:01:32.000Z</time>
      </trkpt>
      <trkpt lat="40.790908" lon="-73.969135">
        <ele>38.4</ele>
        <time>2026-05-22T16:01:33.000Z</time>
      </trkpt>
      <trkpt lat="40.790907" lon="-73.969142">
        <ele>38.4</ele>
        <time>2026-05-22T16:01:34.000Z</time>
      </trkpt>
      <trkpt lat="40.790906" lon="-73.969149">
        <ele>38.4</ele>
        <time>2026-05-22T16:01:35.000Z</time>
      </trkpt>
      <trkpt lat="40.790905" lon="-73.969156">
        <ele>38.4</ele>
        <time>2026-05-22T16:01:36.000Z</time>
      </trkpt>
      <trkpt lat="40.790904" lon="-73.969163">
        <ele>38.4</ele>
        <time>2026-05-22T16:01:37.000Z</time>
      </trkpt>
      <trkpt lat="40.790901" lon="-73.96917">
        <ele>38.4</ele>
        <time>2026-05-22T16:01:38.000Z</time>
      </trkpt>
      <trkpt lat="40.790898" lon="-73.969178">
        <ele>38.4</ele>
        <time>2026-05-22T16:01:39.000Z</time>
      </trkpt>
      <trkpt lat="40.790895" lon="-73.969184">
        <ele>38.4</ele>
        <time>2026-05-22T16:01:40.000Z</time>
      </trkpt>
      <trkpt lat="40.790893" lon="-73.969191">
        <ele>38.6</ele>
        <time>2026-05-22T16:01:41.000Z</time>
      </trkpt>
      <trkpt lat="40.790891" lon="-73.969198">
        <ele>38.6</ele>
        <time>2026-05-22T16:01:42.000Z</time>
      </trkpt>
      <trkpt lat="40.790888" lon="-73.969204">
        <ele>38.6</ele>
        <time>2026-05-22T16:01:43.000Z</time>
      </trkpt>
      <trkpt lat="40.790886" lon="-73.96921">
        <ele>38.6</ele>
        <time>2026-05-22T16:01:44.000Z</time>
      </trkpt>
      <trkpt lat="40.790884" lon="-73.969217">
        <ele>38.6</ele>
        <time>2026-05-22T16:01:45.000Z</time>
      </trkpt>
      <trkpt lat="40.790882" lon="-73.969224">
        <ele>38.6</ele>
        <time>2026-05-22T16:01:46.000Z</time>
      </trkpt>
      <trkpt lat="40.790881" lon="-73.969231">
        <ele>38.6</ele>
        <time>2026-05-22T16:01:47.000Z</time>
      </trkpt>
      <trkpt lat="40.790879" lon="-73.969237">
        <ele>38.6</ele>
        <time>2026-05-22T16:01:48.000Z</time>
      </trkpt>
      <trkpt lat="40.790878" lon="-73.969244">
        <ele>38.6</ele>
        <time>2026-05-22T16:01:49.000Z</time>
      </trkpt>
      <trkpt lat="40.790877" lon="-73.969251">
        <ele>38.4</ele>
        <time>2026-05-22T16:01:50.000Z</time>
      </trkpt>
      <trkpt lat="40.790876" lon="-73.969258">
        <ele>38.4</ele>
        <time>2026-05-22T16:01:51.000Z</time>
      </trkpt>
      <trkpt lat="40.790875" lon="-73.969264">
        <ele>38.2</ele>
        <time>2026-05-22T16:01:52.000Z</time>
      </trkpt>
      <trkpt lat="40.790874" lon="-73.969271">
        <ele>38.2</ele>
        <time>2026-05-22T16:01:53.000Z</time>
      </trkpt>
      <trkpt lat="40.790874" lon="-73.969277">
        <ele>37.8</ele>
        <time>2026-05-22T16:01:54.000Z</time>
      </trkpt>
      <trkpt lat="40.790873" lon="-73.969284">
        <ele>37.6</ele>
        <time>2026-05-22T16:01:55.000Z</time>
      </trkpt>
      <trkpt lat="40.790873" lon="-73.96929">
        <ele>37.4</ele>
        <time>2026-05-22T16:01:56.000Z</time>
      </trkpt>
      <trkpt lat="40.790873" lon="-73.969296">
        <ele>37</ele>
        <time>2026-05-22T16:01:57.000Z</time>
      </trkpt>
      <trkpt lat="40.790873" lon="-73.969296">
        <ele>37</ele>
        <time>2026-05-22T16:01:58.000Z</time>
      </trkpt>
      <trkpt lat="40.790873" lon="-73.969296">
        <ele>37</ele>
        <time>2026-05-22T16:02:03.000Z</time>
      </trkpt>
      <trkpt lat="40.790873" lon="-73.969296">
        <ele>37</ele>
        <time>2026-05-22T16:02:05.000Z</time>
      </trkpt>
      <trkpt lat="40.790873" lon="-73.969296">
        <ele>37</ele>
        <time>2026-05-22T16:02:07.000Z</time>
      </trkpt>
      <trkpt lat="40.790873" lon="-73.969296">
        <ele>37</ele>
        <time>2026-05-22T16:02:08.000Z</time>
      </trkpt>
      <trkpt lat="40.790884" lon="-73.969283">
        <ele>37.8</ele>
        <time>2026-05-22T16:02:09.000Z</time>
      </trkpt>
      <trkpt lat="40.790886" lon="-73.969275">
        <ele>38.2</ele>
        <time>2026-05-22T16:02:10.000Z</time>
      </trkpt>
      <trkpt lat="40.79089" lon="-73.969263">
        <ele>38.4</ele>
        <time>2026-05-22T16:02:11.000Z</time>
      </trkpt>
      <trkpt lat="40.790892" lon="-73.969258">
        <ele>38.6</ele>
        <time>2026-05-22T16:02:12.000Z</time>
      </trkpt>
      <trkpt lat="40.790893" lon="-73.969253">
        <ele>38.8</ele>
        <time>2026-05-22T16:02:13.000Z</time>
      </trkpt>
      <trkpt lat="40.790897" lon="-73.96924">
        <ele>38.8</ele>
        <time>2026-05-22T16:02:14.000Z</time>
      </trkpt>
      <trkpt lat="40.790899" lon="-73.969236">
        <ele>39</ele>
        <time>2026-05-22T16:02:15.000Z</time>
      </trkpt>
      <trkpt lat="40.790901" lon="-73.969231">
        <ele>39</ele>
        <time>2026-05-22T16:02:16.000Z</time>
      </trkpt>
      <trkpt lat="40.790905" lon="-73.969225">
        <ele>39</ele>
        <time>2026-05-22T16:02:17.000Z</time>
      </trkpt>
      <trkpt lat="40.790909" lon="-73.969218">
        <ele>39</ele>
        <time>2026-05-22T16:02:18.000Z</time>
      </trkpt>
      <trkpt lat="40.790914" lon="-73.969212">
        <ele>39</ele>
        <time>2026-05-22T16:02:19.000Z</time>
      </trkpt>
      <trkpt lat="40.790919" lon="-73.969206">
        <ele>39</ele>
        <time>2026-05-22T16:02:20.000Z</time>
      </trkpt>
      <trkpt lat="40.790924" lon="-73.969201">
        <ele>39</ele>
        <time>2026-05-22T16:02:21.000Z</time>
      </trkpt>
      <trkpt lat="40.790929" lon="-73.969195">
        <ele>39</ele>
        <time>2026-05-22T16:02:22.000Z</time>
      </trkpt>
      <trkpt lat="40.790935" lon="-73.96919">
        <ele>39</ele>
        <time>2026-05-22T16:02:23.000Z</time>
      </trkpt>
      <trkpt lat="40.79094" lon="-73.969186">
        <ele>39</ele>
        <time>2026-05-22T16:02:24.000Z</time>
      </trkpt>
      <trkpt lat="40.790944" lon="-73.969183">
        <ele>38.8</ele>
        <time>2026-05-22T16:02:25.000Z</time>
      </trkpt>
      <trkpt lat="40.790948" lon="-73.96918">
        <ele>38.8</ele>
        <time>2026-05-22T16:02:26.000Z</time>
      </trkpt>
      <trkpt lat="40.790952" lon="-73.969179">
        <ele>38.8</ele>
        <time>2026-05-22T16:02:27.000Z</time>
      </trkpt>
      <trkpt lat="40.790956" lon="-73.969179">
        <ele>38.8</ele>
        <time>2026-05-22T16:02:28.000Z</time>
      </trkpt>
      <trkpt lat="40.790959" lon="-73.96918">
        <ele>38.8</ele>
        <time>2026-05-22T16:02:29.000Z</time>
      </trkpt>
      <trkpt lat="40.790962" lon="-73.969182">
        <ele>38.8</ele>
        <time>2026-05-22T16:02:30.000Z</time>
      </trkpt>
      <trkpt lat="40.790965" lon="-73.969184">
        <ele>38.8</ele>
        <time>2026-05-22T16:02:31.000Z</time>
      </trkpt>
      <trkpt lat="40.790968" lon="-73.969188">
        <ele>38.6</ele>
        <time>2026-05-22T16:02:32.000Z</time>
      </trkpt>
      <trkpt lat="40.790971" lon="-73.969193">
        <ele>38.6</ele>
        <time>2026-05-22T16:02:33.000Z</time>
      </trkpt>
      <trkpt lat="40.790974" lon="-73.969199">
        <ele>38.6</ele>
        <time>2026-05-22T16:02:34.000Z</time>
      </trkpt>
      <trkpt lat="40.790978" lon="-73.969205">
        <ele>38.8</ele>
        <time>2026-05-22T16:02:35.000Z</time>
      </trkpt>
      <trkpt lat="40.790982" lon="-73.969212">
        <ele>38.8</ele>
        <time>2026-05-22T16:02:36.000Z</time>
      </trkpt>
      <trkpt lat="40.790989" lon="-73.969226">
        <ele>38.8</ele>
        <time>2026-05-22T16:02:37.000Z</time>
      </trkpt>
      <trkpt lat="40.790992" lon="-73.969232">
        <ele>38.8</ele>
        <time>2026-05-22T16:02:38.000Z</time>
      </trkpt>
      <trkpt lat="40.790995" lon="-73.969238">
        <ele>38.8</ele>
        <time>2026-05-22T16:02:39.000Z</time>
      </trkpt>
      <trkpt lat="40.791004" lon="-73.969258">
        <ele>38.8</ele>
        <time>2026-05-22T16:02:40.000Z</time>
      </trkpt>
      <trkpt lat="40.791008" lon="-73.969268">
        <ele>39</ele>
        <time>2026-05-22T16:02:41.000Z</time>
      </trkpt>
      <trkpt lat="40.791012" lon="-73.969277">
        <ele>39</ele>
        <time>2026-05-22T16:02:42.000Z</time>
      </trkpt>
      <trkpt lat="40.791016" lon="-73.969287">
        <ele>39</ele>
        <time>2026-05-22T16:02:43.000Z</time>
      </trkpt>
      <trkpt lat="40.79102" lon="-73.969296">
        <ele>39</ele>
        <time>2026-05-22T16:02:44.000Z</time>
      </trkpt>
      <trkpt lat="40.791025" lon="-73.969309">
        <ele>39.2</ele>
        <time>2026-05-22T16:02:45.000Z</time>
      </trkpt>
      <trkpt lat="40.79103" lon="-73.969321">
        <ele>39.2</ele>
        <time>2026-05-22T16:02:46.000Z</time>
      </trkpt>
      <trkpt lat="40.791038" lon="-73.969342">
        <ele>39.2</ele>
        <time>2026-05-22T16:02:47.000Z</time>
      </trkpt>
      <trkpt lat="40.791042" lon="-73.969351">
        <ele>39.2</ele>
        <time>2026-05-22T16:02:48.000Z</time>
      </trkpt>
      <trkpt lat="40.791045" lon="-73.969359">
        <ele>39.2</ele>
        <time>2026-05-22T16:02:49.000Z</time>
      </trkpt>
      <trkpt lat="40.79105" lon="-73.969372">
        <ele>39.2</ele>
        <time>2026-05-22T16:02:50.000Z</time>
      </trkpt>
      <trkpt lat="40.791055" lon="-73.969385">
        <ele>39.2</ele>
        <time>2026-05-22T16:02:51.000Z</time>
      </trkpt>
      <trkpt lat="40.791061" lon="-73.969397">
        <ele>39.2</ele>
        <time>2026-05-22T16:02:52.000Z</time>
      </trkpt>
      <trkpt lat="40.791066" lon="-73.96941">
        <ele>39.2</ele>
        <time>2026-05-22T16:02:53.000Z</time>
      </trkpt>
      <trkpt lat="40.791071" lon="-73.969423">
        <ele>39.2</ele>
        <time>2026-05-22T16:02:54.000Z</time>
      </trkpt>
      <trkpt lat="40.79108" lon="-73.969445">
        <ele>39.4</ele>
        <time>2026-05-22T16:02:55.000Z</time>
      </trkpt>
      <trkpt lat="40.791083" lon="-73.969453">
        <ele>39.4</ele>
        <time>2026-05-22T16:02:56.000Z</time>
      </trkpt>
      <trkpt lat="40.791087" lon="-73.969462">
        <ele>39.4</ele>
        <time>2026-05-22T16:02:57.000Z</time>
      </trkpt>
      <trkpt lat="40.791095" lon="-73.969481">
        <ele>39.4</ele>
        <time>2026-05-22T16:02:58.000Z</time>
      </trkpt>
      <trkpt lat="40.791097" lon="-73.969488">
        <ele>39.4</ele>
        <time>2026-05-22T16:02:59.000Z</time>
      </trkpt>
      <trkpt lat="40.791102" lon="-73.9695">
        <ele>39.4</ele>
        <time>2026-05-22T16:03:00.000Z</time>
      </trkpt>
      <trkpt lat="40.791107" lon="-73.969513">
        <ele>39.4</ele>
        <time>2026-05-22T16:03:01.000Z</time>
      </trkpt>
      <trkpt lat="40.791112" lon="-73.969526">
        <ele>39.4</ele>
        <time>2026-05-22T16:03:02.000Z</time>
      </trkpt>
      <trkpt lat="40.791121" lon="-73.969544">
        <ele>39.4</ele>
        <time>2026-05-22T16:03:03.000Z</time>
      </trkpt>
      <trkpt lat="40.791123" lon="-73.969551">
        <ele>39.4</ele>
        <time>2026-05-22T16:03:04.000Z</time>
      </trkpt>
      <trkpt lat="40.791128" lon="-73.969564">
        <ele>39.4</ele>
        <time>2026-05-22T16:03:05.000Z</time>
      </trkpt>
      <trkpt lat="40.791134" lon="-73.969578">
        <ele>39.4</ele>
        <time>2026-05-22T16:03:06.000Z</time>
      </trkpt>
      <trkpt lat="40.791139" lon="-73.969591">
        <ele>39.4</ele>
        <time>2026-05-22T16:03:07.000Z</time>
      </trkpt>
      <trkpt lat="40.791149" lon="-73.969613">
        <ele>39.4</ele>
        <time>2026-05-22T16:03:08.000Z</time>
      </trkpt>
      <trkpt lat="40.791152" lon="-73.969622">
        <ele>39.4</ele>
        <time>2026-05-22T16:03:09.000Z</time>
      </trkpt>
      <trkpt lat="40.791156" lon="-73.969631">
        <ele>39.4</ele>
        <time>2026-05-22T16:03:10.000Z</time>
      </trkpt>
      <trkpt lat="40.791165" lon="-73.969651">
        <ele>39.4</ele>
        <time>2026-05-22T16:03:11.000Z</time>
      </trkpt>
      <trkpt lat="40.791167" lon="-73.969658">
        <ele>39.4</ele>
        <time>2026-05-22T16:03:12.000Z</time>
      </trkpt>
      <trkpt lat="40.791173" lon="-73.969671">
        <ele>39.4</ele>
        <time>2026-05-22T16:03:13.000Z</time>
      </trkpt>
      <trkpt lat="40.791178" lon="-73.969684">
        <ele>39.4</ele>
        <time>2026-05-22T16:03:14.000Z</time>
      </trkpt>
      <trkpt lat="40.791184" lon="-73.969696">
        <ele>39.4</ele>
        <time>2026-05-22T16:03:15.000Z</time>
      </trkpt>
      <trkpt lat="40.791192" lon="-73.969715">
        <ele>39.2</ele>
        <time>2026-05-22T16:03:16.000Z</time>
      </trkpt>
      <trkpt lat="40.791194" lon="-73.969721">
        <ele>39.2</ele>
        <time>2026-05-22T16:03:17.000Z</time>
      </trkpt>
      <trkpt lat="40.791199" lon="-73.969734">
        <ele>39.2</ele>
        <time>2026-05-22T16:03:18.000Z</time>
      </trkpt>
      <trkpt lat="40.791205" lon="-73.969747">
        <ele>39.2</ele>
        <time>2026-05-22T16:03:19.000Z</time>
      </trkpt>
      <trkpt lat="40.79121" lon="-73.969759">
        <ele>39.2</ele>
        <time>2026-05-22T16:03:20.000Z</time>
      </trkpt>
      <trkpt lat="40.791218" lon="-73.969778">
        <ele>39.2</ele>
        <time>2026-05-22T16:03:21.000Z</time>
      </trkpt>
      <trkpt lat="40.791221" lon="-73.969785">
        <ele>39.2</ele>
        <time>2026-05-22T16:03:22.000Z</time>
      </trkpt>
      <trkpt lat="40.791226" lon="-73.969798">
        <ele>39.2</ele>
        <time>2026-05-22T16:03:23.000Z</time>
      </trkpt>
      <trkpt lat="40.791232" lon="-73.969811">
        <ele>39.2</ele>
        <time>2026-05-22T16:03:24.000Z</time>
      </trkpt>
      <trkpt lat="40.791237" lon="-73.969824">
        <ele>39.2</ele>
        <time>2026-05-22T16:03:25.000Z</time>
      </trkpt>
      <trkpt lat="40.791246" lon="-73.969846">
        <ele>39.2</ele>
        <time>2026-05-22T16:03:26.000Z</time>
      </trkpt>
      <trkpt lat="40.791249" lon="-73.969854">
        <ele>39.2</ele>
        <time>2026-05-22T16:03:27.000Z</time>
      </trkpt>
      <trkpt lat="40.791253" lon="-73.969863">
        <ele>39.2</ele>
        <time>2026-05-22T16:03:28.000Z</time>
      </trkpt>
      <trkpt lat="40.791261" lon="-73.969881">
        <ele>39.2</ele>
        <time>2026-05-22T16:03:29.000Z</time>
      </trkpt>
      <trkpt lat="40.791264" lon="-73.969888">
        <ele>39</ele>
        <time>2026-05-22T16:03:30.000Z</time>
      </trkpt>
      <trkpt lat="40.791273" lon="-73.96991">
        <ele>39</ele>
        <time>2026-05-22T16:03:31.000Z</time>
      </trkpt>
      <trkpt lat="40.791276" lon="-73.969918">
        <ele>39</ele>
        <time>2026-05-22T16:03:32.000Z</time>
      </trkpt>
      <trkpt lat="40.79128" lon="-73.969927">
        <ele>39</ele>
        <time>2026-05-22T16:03:33.000Z</time>
      </trkpt>
      <trkpt lat="40.791285" lon="-73.96994">
        <ele>39</ele>
        <time>2026-05-22T16:03:34.000Z</time>
      </trkpt>
      <trkpt lat="40.791291" lon="-73.969953">
        <ele>38.8</ele>
        <time>2026-05-22T16:03:35.000Z</time>
      </trkpt>
      <trkpt lat="40.791296" lon="-73.969966">
        <ele>38.8</ele>
        <time>2026-05-22T16:03:36.000Z</time>
      </trkpt>
      <trkpt lat="40.791302" lon="-73.96998">
        <ele>38.8</ele>
        <time>2026-05-22T16:03:37.000Z</time>
      </trkpt>
      <trkpt lat="40.791307" lon="-73.969993">
        <ele>38.8</ele>
        <time>2026-05-22T16:03:38.000Z</time>
      </trkpt>
      <trkpt lat="40.791316" lon="-73.970011">
        <ele>38.6</ele>
        <time>2026-05-22T16:03:39.000Z</time>
      </trkpt>
      <trkpt lat="40.791318" lon="-73.970018">
        <ele>38.6</ele>
        <time>2026-05-22T16:03:40.000Z</time>
      </trkpt>
      <trkpt lat="40.791327" lon="-73.970039">
        <ele>38.6</ele>
        <time>2026-05-22T16:03:41.000Z</time>
      </trkpt>
      <trkpt lat="40.79133" lon="-73.970048">
        <ele>38.6</ele>
        <time>2026-05-22T16:03:42.000Z</time>
      </trkpt>
      <trkpt lat="40.791334" lon="-73.970056">
        <ele>38.6</ele>
        <time>2026-05-22T16:03:43.000Z</time>
      </trkpt>
      <trkpt lat="40.791342" lon="-73.970076">
        <ele>38.6</ele>
        <time>2026-05-22T16:03:44.000Z</time>
      </trkpt>
      <trkpt lat="40.791346" lon="-73.970085">
        <ele>38.4</ele>
        <time>2026-05-22T16:03:45.000Z</time>
      </trkpt>
      <trkpt lat="40.791349" lon="-73.970093">
        <ele>38.4</ele>
        <time>2026-05-22T16:03:46.000Z</time>
      </trkpt>
      <trkpt lat="40.791354" lon="-73.970105">
        <ele>38.4</ele>
        <time>2026-05-22T16:03:47.000Z</time>
      </trkpt>
      <trkpt lat="40.79136" lon="-73.970117">
        <ele>38.4</ele>
        <time>2026-05-22T16:03:48.000Z</time>
      </trkpt>
      <trkpt lat="40.791368" lon="-73.970138">
        <ele>38.4</ele>
        <time>2026-05-22T16:03:49.000Z</time>
      </trkpt>
      <trkpt lat="40.791372" lon="-73.970146">
        <ele>38.4</ele>
        <time>2026-05-22T16:03:50.000Z</time>
      </trkpt>
      <trkpt lat="40.791375" lon="-73.970154">
        <ele>38.2</ele>
        <time>2026-05-22T16:03:51.000Z</time>
      </trkpt>
      <trkpt lat="40.79138" lon="-73.970165">
        <ele>38.2</ele>
        <time>2026-05-22T16:03:52.000Z</time>
      </trkpt>
      <trkpt lat="40.791385" lon="-73.970177">
        <ele>38.2</ele>
        <time>2026-05-22T16:03:53.000Z</time>
      </trkpt>
      <trkpt lat="40.791389" lon="-73.970188">
        <ele>38.2</ele>
        <time>2026-05-22T16:03:54.000Z</time>
      </trkpt>
      <trkpt lat="40.791394" lon="-73.970199">
        <ele>38.2</ele>
        <time>2026-05-22T16:03:55.000Z</time>
      </trkpt>
      <trkpt lat="40.791398" lon="-73.970209">
        <ele>38.2</ele>
        <time>2026-05-22T16:03:56.000Z</time>
      </trkpt>
      <trkpt lat="40.791403" lon="-73.97022">
        <ele>38</ele>
        <time>2026-05-22T16:03:57.000Z</time>
      </trkpt>
      <trkpt lat="40.791407" lon="-73.97023">
        <ele>38</ele>
        <time>2026-05-22T16:03:58.000Z</time>
      </trkpt>
      <trkpt lat="40.791411" lon="-73.97024">
        <ele>38</ele>
        <time>2026-05-22T16:03:59.000Z</time>
      </trkpt>
      <trkpt lat="40.791416" lon="-73.970251">
        <ele>38</ele>
        <time>2026-05-22T16:04:00.000Z</time>
      </trkpt>
      <trkpt lat="40.791421" lon="-73.970263">
        <ele>38</ele>
        <time>2026-05-22T16:04:01.000Z</time>
      </trkpt>
      <trkpt lat="40.791429" lon="-73.970282">
        <ele>38</ele>
        <time>2026-05-22T16:04:02.000Z</time>
      </trkpt>
      <trkpt lat="40.791433" lon="-73.97029">
        <ele>38</ele>
        <time>2026-05-22T16:04:03.000Z</time>
      </trkpt>
      <trkpt lat="40.791436" lon="-73.970298">
        <ele>38</ele>
        <time>2026-05-22T16:04:04.000Z</time>
      </trkpt>
      <trkpt lat="40.791441" lon="-73.97031">
        <ele>38</ele>
        <time>2026-05-22T16:04:05.000Z</time>
      </trkpt>
      <trkpt lat="40.791446" lon="-73.970322">
        <ele>38</ele>
        <time>2026-05-22T16:04:06.000Z</time>
      </trkpt>
      <trkpt lat="40.791451" lon="-73.970334">
        <ele>38</ele>
        <time>2026-05-22T16:04:07.000Z</time>
      </trkpt>
      <trkpt lat="40.791456" lon="-73.970346">
        <ele>38</ele>
        <time>2026-05-22T16:04:08.000Z</time>
      </trkpt>
      <trkpt lat="40.791461" lon="-73.970358">
        <ele>38</ele>
        <time>2026-05-22T16:04:09.000Z</time>
      </trkpt>
      <trkpt lat="40.791466" lon="-73.97037">
        <ele>38</ele>
        <time>2026-05-22T16:04:10.000Z</time>
      </trkpt>
      <trkpt lat="40.791471" lon="-73.970382">
        <ele>38</ele>
        <time>2026-05-22T16:04:11.000Z</time>
      </trkpt>
      <trkpt lat="40.791476" lon="-73.970393">
        <ele>38</ele>
        <time>2026-05-22T16:04:12.000Z</time>
      </trkpt>
      <trkpt lat="40.791481" lon="-73.970405">
        <ele>38</ele>
        <time>2026-05-22T16:04:13.000Z</time>
      </trkpt>
      <trkpt lat="40.791486" lon="-73.970417">
        <ele>38</ele>
        <time>2026-05-22T16:04:14.000Z</time>
      </trkpt>
      <trkpt lat="40.791491" lon="-73.970429">
        <ele>38</ele>
        <time>2026-05-22T16:04:15.000Z</time>
      </trkpt>
      <trkpt lat="40.791496" lon="-73.97044">
        <ele>38</ele>
        <time>2026-05-22T16:04:16.000Z</time>
      </trkpt>
      <trkpt lat="40.791501" lon="-73.970452">
        <ele>37.8</ele>
        <time>2026-05-22T16:04:17.000Z</time>
      </trkpt>
      <trkpt lat="40.791506" lon="-73.970464">
        <ele>37.8</ele>
        <time>2026-05-22T16:04:18.000Z</time>
      </trkpt>
      <trkpt lat="40.791511" lon="-73.970476">
        <ele>37.8</ele>
        <time>2026-05-22T16:04:19.000Z</time>
      </trkpt>
      <trkpt lat="40.791516" lon="-73.970487">
        <ele>37.8</ele>
        <time>2026-05-22T16:04:20.000Z</time>
      </trkpt>
      <trkpt lat="40.791521" lon="-73.970499">
        <ele>37.8</ele>
        <time>2026-05-22T16:04:21.000Z</time>
      </trkpt>
      <trkpt lat="40.791526" lon="-73.970512">
        <ele>37.8</ele>
        <time>2026-05-22T16:04:22.000Z</time>
      </trkpt>
      <trkpt lat="40.791531" lon="-73.970524">
        <ele>37.8</ele>
        <time>2026-05-22T16:04:23.000Z</time>
      </trkpt>
      <trkpt lat="40.791536" lon="-73.970536">
        <ele>37.8</ele>
        <time>2026-05-22T16:04:24.000Z</time>
      </trkpt>
      <trkpt lat="40.791541" lon="-73.970549">
        <ele>37.8</ele>
        <time>2026-05-22T16:04:25.000Z</time>
      </trkpt>
      <trkpt lat="40.791547" lon="-73.970561">
        <ele>37.8</ele>
        <time>2026-05-22T16:04:26.000Z</time>
      </trkpt>
      <trkpt lat="40.791552" lon="-73.970573">
        <ele>37.8</ele>
        <time>2026-05-22T16:04:27.000Z</time>
      </trkpt>
      <trkpt lat="40.791557" lon="-73.970586">
        <ele>37.8</ele>
        <time>2026-05-22T16:04:28.000Z</time>
      </trkpt>
      <trkpt lat="40.791562" lon="-73.970598">
        <ele>37.6</ele>
        <time>2026-05-22T16:04:29.000Z</time>
      </trkpt>
      <trkpt lat="40.791567" lon="-73.97061">
        <ele>37.6</ele>
        <time>2026-05-22T16:04:30.000Z</time>
      </trkpt>
      <trkpt lat="40.791572" lon="-73.970622">
        <ele>37.6</ele>
        <time>2026-05-22T16:04:31.000Z</time>
      </trkpt>
      <trkpt lat="40.791578" lon="-73.970634">
        <ele>37.6</ele>
        <time>2026-05-22T16:04:32.000Z</time>
      </trkpt>
      <trkpt lat="40.791583" lon="-73.970646">
        <ele>37.4</ele>
        <time>2026-05-22T16:04:33.000Z</time>
      </trkpt>
      <trkpt lat="40.791588" lon="-73.970658">
        <ele>37.4</ele>
        <time>2026-05-22T16:04:34.000Z</time>
      </trkpt>
      <trkpt lat="40.791593" lon="-73.970671">
        <ele>37.4</ele>
        <time>2026-05-22T16:04:35.000Z</time>
      </trkpt>
      <trkpt lat="40.791599" lon="-73.970683">
        <ele>37.2</ele>
        <time>2026-05-22T16:04:36.000Z</time>
      </trkpt>
      <trkpt lat="40.791604" lon="-73.970696">
        <ele>37.2</ele>
        <time>2026-05-22T16:04:37.000Z</time>
      </trkpt>
      <trkpt lat="40.79161" lon="-73.97071">
        <ele>37.2</ele>
        <time>2026-05-22T16:04:38.000Z</time>
      </trkpt>
      <trkpt lat="40.791615" lon="-73.970723">
        <ele>37.2</ele>
        <time>2026-05-22T16:04:39.000Z</time>
      </trkpt>
      <trkpt lat="40.791621" lon="-73.970737">
        <ele>37</ele>
        <time>2026-05-22T16:04:40.000Z</time>
      </trkpt>
      <trkpt lat="40.791627" lon="-73.97075">
        <ele>37</ele>
        <time>2026-05-22T16:04:41.000Z</time>
      </trkpt>
      <trkpt lat="40.791633" lon="-73.970764">
        <ele>37</ele>
        <time>2026-05-22T16:04:42.000Z</time>
      </trkpt>
      <trkpt lat="40.791642" lon="-73.970786">
        <ele>37</ele>
        <time>2026-05-22T16:04:43.000Z</time>
      </trkpt>
      <trkpt lat="40.791646" lon="-73.970795">
        <ele>37</ele>
        <time>2026-05-22T16:04:44.000Z</time>
      </trkpt>
      <trkpt lat="40.79165" lon="-73.970804">
        <ele>36.8</ele>
        <time>2026-05-22T16:04:45.000Z</time>
      </trkpt>
      <trkpt lat="40.791656" lon="-73.970818">
        <ele>36.8</ele>
        <time>2026-05-22T16:04:46.000Z</time>
      </trkpt>
      <trkpt lat="40.791661" lon="-73.970831">
        <ele>36.8</ele>
        <time>2026-05-22T16:04:47.000Z</time>
      </trkpt>
      <trkpt lat="40.791667" lon="-73.970845">
        <ele>36.8</ele>
        <time>2026-05-22T16:04:48.000Z</time>
      </trkpt>
      <trkpt lat="40.791673" lon="-73.970858">
        <ele>36.8</ele>
        <time>2026-05-22T16:04:49.000Z</time>
      </trkpt>
      <trkpt lat="40.791678" lon="-73.970871">
        <ele>36.6</ele>
        <time>2026-05-22T16:04:50.000Z</time>
      </trkpt>
      <trkpt lat="40.791684" lon="-73.970884">
        <ele>36.6</ele>
        <time>2026-05-22T16:04:51.000Z</time>
      </trkpt>
      <trkpt lat="40.791689" lon="-73.970896">
        <ele>36.6</ele>
        <time>2026-05-22T16:04:52.000Z</time>
      </trkpt>
      <trkpt lat="40.791695" lon="-73.970909">
        <ele>36.6</ele>
        <time>2026-05-22T16:04:53.000Z</time>
      </trkpt>
      <trkpt lat="40.7917" lon="-73.970922">
        <ele>36.6</ele>
        <time>2026-05-22T16:04:54.000Z</time>
      </trkpt>
      <trkpt lat="40.791706" lon="-73.970934">
        <ele>36.4</ele>
        <time>2026-05-22T16:04:55.000Z</time>
      </trkpt>
      <trkpt lat="40.791711" lon="-73.970947">
        <ele>36.4</ele>
        <time>2026-05-22T16:04:56.000Z</time>
      </trkpt>
      <trkpt lat="40.791717" lon="-73.97096">
        <ele>36.4</ele>
        <time>2026-05-22T16:04:57.000Z</time>
      </trkpt>
      <trkpt lat="40.791722" lon="-73.970972">
        <ele>36.4</ele>
        <time>2026-05-22T16:04:58.000Z</time>
      </trkpt>
      <trkpt lat="40.791728" lon="-73.970985">
        <ele>36.2</ele>
        <time>2026-05-22T16:04:59.000Z</time>
      </trkpt>
      <trkpt lat="40.791734" lon="-73.970998">
        <ele>36.2</ele>
        <time>2026-05-22T16:05:00.000Z</time>
      </trkpt>
      <trkpt lat="40.791739" lon="-73.971011">
        <ele>36.2</ele>
        <time>2026-05-22T16:05:01.000Z</time>
      </trkpt>
      <trkpt lat="40.791745" lon="-73.971024">
        <ele>36.2</ele>
        <time>2026-05-22T16:05:02.000Z</time>
      </trkpt>
      <trkpt lat="40.791751" lon="-73.971037">
        <ele>36</ele>
        <time>2026-05-22T16:05:03.000Z</time>
      </trkpt>
      <trkpt lat="40.79176" lon="-73.971056">
        <ele>36</ele>
        <time>2026-05-22T16:05:04.000Z</time>
      </trkpt>
      <trkpt lat="40.791762" lon="-73.971062">
        <ele>36</ele>
        <time>2026-05-22T16:05:05.000Z</time>
      </trkpt>
      <trkpt lat="40.791768" lon="-73.971075">
        <ele>35.8</ele>
        <time>2026-05-22T16:05:06.000Z</time>
      </trkpt>
      <trkpt lat="40.791774" lon="-73.971088">
        <ele>35.8</ele>
        <time>2026-05-22T16:05:07.000Z</time>
      </trkpt>
      <trkpt lat="40.79178" lon="-73.971101">
        <ele>35.8</ele>
        <time>2026-05-22T16:05:08.000Z</time>
      </trkpt>
      <trkpt lat="40.79179" lon="-73.971122">
        <ele>35.8</ele>
        <time>2026-05-22T16:05:09.000Z</time>
      </trkpt>
      <trkpt lat="40.791793" lon="-73.971131">
        <ele>35.6</ele>
        <time>2026-05-22T16:05:10.000Z</time>
      </trkpt>
      <trkpt lat="40.791797" lon="-73.971139">
        <ele>35.6</ele>
        <time>2026-05-22T16:05:11.000Z</time>
      </trkpt>
      <trkpt lat="40.791803" lon="-73.971152">
        <ele>35.6</ele>
        <time>2026-05-22T16:05:12.000Z</time>
      </trkpt>
      <trkpt lat="40.791809" lon="-73.971165">
        <ele>35.4</ele>
        <time>2026-05-22T16:05:13.000Z</time>
      </trkpt>
      <trkpt lat="40.791815" lon="-73.971178">
        <ele>35.4</ele>
        <time>2026-05-22T16:05:14.000Z</time>
      </trkpt>
      <trkpt lat="40.791821" lon="-73.971191">
        <ele>35.4</ele>
        <time>2026-05-22T16:05:15.000Z</time>
      </trkpt>
      <trkpt lat="40.791827" lon="-73.971203">
        <ele>35.4</ele>
        <time>2026-05-22T16:05:16.000Z</time>
      </trkpt>
      <trkpt lat="40.791832" lon="-73.971216">
        <ele>35.2</ele>
        <time>2026-05-22T16:05:17.000Z</time>
      </trkpt>
      <trkpt lat="40.791838" lon="-73.971228">
        <ele>35.2</ele>
        <time>2026-05-22T16:05:18.000Z</time>
      </trkpt>
      <trkpt lat="40.791843" lon="-73.97124">
        <ele>35.2</ele>
        <time>2026-05-22T16:05:19.000Z</time>
      </trkpt>
      <trkpt lat="40.791849" lon="-73.971253">
        <ele>35.2</ele>
        <time>2026-05-22T16:05:20.000Z</time>
      </trkpt>
      <trkpt lat="40.791854" lon="-73.971265">
        <ele>35</ele>
        <time>2026-05-22T16:05:21.000Z</time>
      </trkpt>
      <trkpt lat="40.79186" lon="-73.971277">
        <ele>35</ele>
        <time>2026-05-22T16:05:22.000Z</time>
      </trkpt>
      <trkpt lat="40.791865" lon="-73.97129">
        <ele>35</ele>
        <time>2026-05-22T16:05:23.000Z</time>
      </trkpt>
      <trkpt lat="40.79187" lon="-73.971302">
        <ele>35</ele>
        <time>2026-05-22T16:05:24.000Z</time>
      </trkpt>
      <trkpt lat="40.791876" lon="-73.971314">
        <ele>35</ele>
        <time>2026-05-22T16:05:25.000Z</time>
      </trkpt>
      <trkpt lat="40.791881" lon="-73.971327">
        <ele>34.8</ele>
        <time>2026-05-22T16:05:26.000Z</time>
      </trkpt>
      <trkpt lat="40.791886" lon="-73.971339">
        <ele>34.8</ele>
        <time>2026-05-22T16:05:27.000Z</time>
      </trkpt>
      <trkpt lat="40.791891" lon="-73.971351">
        <ele>34.8</ele>
        <time>2026-05-22T16:05:28.000Z</time>
      </trkpt>
      <trkpt lat="40.791896" lon="-73.971364">
        <ele>34.8</ele>
        <time>2026-05-22T16:05:29.000Z</time>
      </trkpt>
      <trkpt lat="40.791901" lon="-73.971376">
        <ele>34.8</ele>
        <time>2026-05-22T16:05:30.000Z</time>
      </trkpt>
      <trkpt lat="40.791906" lon="-73.971389">
        <ele>34.6</ele>
        <time>2026-05-22T16:05:31.000Z</time>
      </trkpt>
      <trkpt lat="40.791911" lon="-73.971401">
        <ele>34.6</ele>
        <time>2026-05-22T16:05:32.000Z</time>
      </trkpt>
      <trkpt lat="40.791917" lon="-73.971414">
        <ele>34.6</ele>
        <time>2026-05-22T16:05:33.000Z</time>
      </trkpt>
      <trkpt lat="40.791922" lon="-73.971426">
        <ele>34.6</ele>
        <time>2026-05-22T16:05:34.000Z</time>
      </trkpt>
      <trkpt lat="40.791927" lon="-73.971438">
        <ele>34.6</ele>
        <time>2026-05-22T16:05:35.000Z</time>
      </trkpt>
      <trkpt lat="40.791932" lon="-73.971451">
        <ele>34.6</ele>
        <time>2026-05-22T16:05:36.000Z</time>
      </trkpt>
      <trkpt lat="40.791937" lon="-73.971463">
        <ele>34.4</ele>
        <time>2026-05-22T16:05:37.000Z</time>
      </trkpt>
      <trkpt lat="40.791942" lon="-73.971476">
        <ele>34.4</ele>
        <time>2026-05-22T16:05:38.000Z</time>
      </trkpt>
      <trkpt lat="40.791947" lon="-73.971488">
        <ele>34.4</ele>
        <time>2026-05-22T16:05:39.000Z</time>
      </trkpt>
      <trkpt lat="40.791952" lon="-73.971501">
        <ele>34.4</ele>
        <time>2026-05-22T16:05:40.000Z</time>
      </trkpt>
      <trkpt lat="40.791957" lon="-73.971513">
        <ele>34.4</ele>
        <time>2026-05-22T16:05:41.000Z</time>
      </trkpt>
      <trkpt lat="40.791962" lon="-73.971526">
        <ele>34.2</ele>
        <time>2026-05-22T16:05:42.000Z</time>
      </trkpt>
      <trkpt lat="40.791968" lon="-73.971539">
        <ele>34.2</ele>
        <time>2026-05-22T16:05:43.000Z</time>
      </trkpt>
      <trkpt lat="40.791973" lon="-73.971551">
        <ele>34.2</ele>
        <time>2026-05-22T16:05:44.000Z</time>
      </trkpt>
      <trkpt lat="40.791978" lon="-73.971564">
        <ele>34.2</ele>
        <time>2026-05-22T16:05:45.000Z</time>
      </trkpt>
      <trkpt lat="40.791983" lon="-73.971576">
        <ele>34.2</ele>
        <time>2026-05-22T16:05:46.000Z</time>
      </trkpt>
      <trkpt lat="40.791987" lon="-73.971588">
        <ele>34.2</ele>
        <time>2026-05-22T16:05:47.000Z</time>
      </trkpt>
      <trkpt lat="40.791992" lon="-73.9716">
        <ele>34.2</ele>
        <time>2026-05-22T16:05:48.000Z</time>
      </trkpt>
      <trkpt lat="40.791997" lon="-73.971612">
        <ele>34.2</ele>
        <time>2026-05-22T16:05:49.000Z</time>
      </trkpt>
      <trkpt lat="40.792001" lon="-73.971623">
        <ele>34</ele>
        <time>2026-05-22T16:05:50.000Z</time>
      </trkpt>
      <trkpt lat="40.792006" lon="-73.971634">
        <ele>34</ele>
        <time>2026-05-22T16:05:51.000Z</time>
      </trkpt>
      <trkpt lat="40.79201" lon="-73.971645">
        <ele>34</ele>
        <time>2026-05-22T16:05:52.000Z</time>
      </trkpt>
      <trkpt lat="40.792014" lon="-73.971655">
        <ele>34</ele>
        <time>2026-05-22T16:05:53.000Z</time>
      </trkpt>
      <trkpt lat="40.792018" lon="-73.971665">
        <ele>34</ele>
        <time>2026-05-22T16:05:54.000Z</time>
      </trkpt>
      <trkpt lat="40.792022" lon="-73.971674">
        <ele>34</ele>
        <time>2026-05-22T16:05:55.000Z</time>
      </trkpt>
      <trkpt lat="40.792025" lon="-73.971682">
        <ele>34</ele>
        <time>2026-05-22T16:05:56.000Z</time>
      </trkpt>
      <trkpt lat="40.792028" lon="-73.971689">
        <ele>34</ele>
        <time>2026-05-22T16:05:57.000Z</time>
      </trkpt>
      <trkpt lat="40.792031" lon="-73.971696">
        <ele>34</ele>
        <time>2026-05-22T16:05:58.000Z</time>
      </trkpt>
      <trkpt lat="40.792032" lon="-73.971698">
        <ele>34</ele>
        <time>2026-05-22T16:05:59.000Z</time>
      </trkpt>
      <trkpt lat="40.792033" lon="-73.9717">
        <ele>34</ele>
        <time>2026-05-22T16:06:00.000Z</time>
      </trkpt>
      <trkpt lat="40.792034" lon="-73.971702">
        <ele>34</ele>
        <time>2026-05-22T16:06:01.000Z</time>
      </trkpt>
      <trkpt lat="40.792034" lon="-73.971704">
        <ele>34</ele>
        <time>2026-05-22T16:06:02.000Z</time>
      </trkpt>
      <trkpt lat="40.792035" lon="-73.971706">
        <ele>34</ele>
        <time>2026-05-22T16:06:03.000Z</time>
      </trkpt>
      <trkpt lat="40.792036" lon="-73.971708">
        <ele>34</ele>
        <time>2026-05-22T16:06:04.000Z</time>
      </trkpt>
      <trkpt lat="40.792037" lon="-73.97171">
        <ele>34</ele>
        <time>2026-05-22T16:06:05.000Z</time>
      </trkpt>
      <trkpt lat="40.792038" lon="-73.971712">
        <ele>34</ele>
        <time>2026-05-22T16:06:06.000Z</time>
      </trkpt>
      <trkpt lat="40.792039" lon="-73.971714">
        <ele>34</ele>
        <time>2026-05-22T16:06:07.000Z</time>
      </trkpt>
      <trkpt lat="40.79204" lon="-73.971716">
        <ele>34</ele>
        <time>2026-05-22T16:06:08.000Z</time>
      </trkpt>
      <trkpt lat="40.792041" lon="-73.971719">
        <ele>34</ele>
        <time>2026-05-22T16:06:09.000Z</time>
      </trkpt>
      <trkpt lat="40.792042" lon="-73.971721">
        <ele>34</ele>
        <time>2026-05-22T16:06:10.000Z</time>
      </trkpt>
      <trkpt lat="40.792042" lon="-73.971723">
        <ele>34</ele>
        <time>2026-05-22T16:06:11.000Z</time>
      </trkpt>
      <trkpt lat="40.792043" lon="-73.971725">
        <ele>34</ele>
        <time>2026-05-22T16:06:12.000Z</time>
      </trkpt>
      <trkpt lat="40.792044" lon="-73.971727">
        <ele>34</ele>
        <time>2026-05-22T16:06:13.000Z</time>
      </trkpt>
      <trkpt lat="40.792045" lon="-73.971729">
        <ele>33.8</ele>
        <time>2026-05-22T16:06:14.000Z</time>
      </trkpt>
      <trkpt lat="40.792046" lon="-73.971731">
        <ele>33.8</ele>
        <time>2026-05-22T16:06:15.000Z</time>
      </trkpt>
      <trkpt lat="40.792047" lon="-73.971733">
        <ele>33.8</ele>
        <time>2026-05-22T16:06:16.000Z</time>
      </trkpt>
      <trkpt lat="40.792048" lon="-73.971735">
        <ele>33.8</ele>
        <time>2026-05-22T16:06:17.000Z</time>
      </trkpt>
      <trkpt lat="40.792049" lon="-73.971737">
        <ele>33.8</ele>
        <time>2026-05-22T16:06:18.000Z</time>
      </trkpt>
      <trkpt lat="40.79205" lon="-73.971739">
        <ele>33.8</ele>
        <time>2026-05-22T16:06:19.000Z</time>
      </trkpt>
      <trkpt lat="40.79205" lon="-73.971741">
        <ele>33.8</ele>
        <time>2026-05-22T16:06:20.000Z</time>
      </trkpt>
      <trkpt lat="40.792051" lon="-73.971743">
        <ele>33.8</ele>
        <time>2026-05-22T16:06:21.000Z</time>
      </trkpt>
      <trkpt lat="40.792052" lon="-73.971745">
        <ele>33.8</ele>
        <time>2026-05-22T16:06:22.000Z</time>
      </trkpt>
      <trkpt lat="40.792053" lon="-73.971747">
        <ele>33.8</ele>
        <time>2026-05-22T16:06:23.000Z</time>
      </trkpt>
      <trkpt lat="40.792054" lon="-73.971749">
        <ele>33.8</ele>
        <time>2026-05-22T16:06:24.000Z</time>
      </trkpt>
      <trkpt lat="40.792055" lon="-73.971751">
        <ele>33.8</ele>
        <time>2026-05-22T16:06:25.000Z</time>
      </trkpt>
      <trkpt lat="40.792056" lon="-73.971753">
        <ele>33.8</ele>
        <time>2026-05-22T16:06:26.000Z</time>
      </trkpt>
      <trkpt lat="40.792057" lon="-73.971755">
        <ele>33.8</ele>
        <time>2026-05-22T16:06:27.000Z</time>
      </trkpt>
      <trkpt lat="40.792057" lon="-73.971757">
        <ele>33.8</ele>
        <time>2026-05-22T16:06:28.000Z</time>
      </trkpt>
      <trkpt lat="40.792058" lon="-73.971759">
        <ele>33.8</ele>
        <time>2026-05-22T16:06:29.000Z</time>
      </trkpt>
      <trkpt lat="40.792059" lon="-73.971761">
        <ele>33.8</ele>
        <time>2026-05-22T16:06:30.000Z</time>
      </trkpt>
      <trkpt lat="40.79206" lon="-73.971764">
        <ele>33.8</ele>
        <time>2026-05-22T16:06:31.000Z</time>
      </trkpt>
      <trkpt lat="40.792061" lon="-73.971766">
        <ele>33.8</ele>
        <time>2026-05-22T16:06:32.000Z</time>
      </trkpt>
      <trkpt lat="40.792062" lon="-73.971768">
        <ele>33.8</ele>
        <time>2026-05-22T16:06:33.000Z</time>
      </trkpt>
      <trkpt lat="40.792063" lon="-73.97177">
        <ele>33.8</ele>
        <time>2026-05-22T16:06:34.000Z</time>
      </trkpt>
      <trkpt lat="40.792064" lon="-73.971772">
        <ele>33.8</ele>
        <time>2026-05-22T16:06:35.000Z</time>
      </trkpt>
      <trkpt lat="40.792065" lon="-73.971774">
        <ele>33.8</ele>
        <time>2026-05-22T16:06:36.000Z</time>
      </trkpt>
      <trkpt lat="40.792065" lon="-73.971776">
        <ele>33.8</ele>
        <time>2026-05-22T16:06:37.000Z</time>
      </trkpt>
      <trkpt lat="40.792066" lon="-73.971778">
        <ele>33.8</ele>
        <time>2026-05-22T16:06:38.000Z</time>
      </trkpt>
      <trkpt lat="40.792067" lon="-73.97178">
        <ele>33.8</ele>
        <time>2026-05-22T16:06:39.000Z</time>
      </trkpt>
      <trkpt lat="40.792068" lon="-73.971782">
        <ele>33.8</ele>
        <time>2026-05-22T16:06:40.000Z</time>
      </trkpt>
      <trkpt lat="40.792069" lon="-73.971784">
        <ele>34</ele>
        <time>2026-05-22T16:06:41.000Z</time>
      </trkpt>
      <trkpt lat="40.792074" lon="-73.971796">
        <ele>34</ele>
        <time>2026-05-22T16:06:42.000Z</time>
      </trkpt>
      <trkpt lat="40.792079" lon="-73.971808">
        <ele>34</ele>
        <time>2026-05-22T16:06:43.000Z</time>
      </trkpt>
      <trkpt lat="40.792084" lon="-73.97182">
        <ele>34</ele>
        <time>2026-05-22T16:06:44.000Z</time>
      </trkpt>
      <trkpt lat="40.79209" lon="-73.971832">
        <ele>34</ele>
        <time>2026-05-22T16:06:45.000Z</time>
      </trkpt>
      <trkpt lat="40.792095" lon="-73.971844">
        <ele>34</ele>
        <time>2026-05-22T16:06:46.000Z</time>
      </trkpt>
      <trkpt lat="40.7921" lon="-73.971856">
        <ele>34</ele>
        <time>2026-05-22T16:06:47.000Z</time>
      </trkpt>
      <trkpt lat="40.792105" lon="-73.971868">
        <ele>34</ele>
        <time>2026-05-22T16:06:48.000Z</time>
      </trkpt>
      <trkpt lat="40.792111" lon="-73.97188">
        <ele>34</ele>
        <time>2026-05-22T16:06:49.000Z</time>
      </trkpt>
      <trkpt lat="40.792116" lon="-73.971892">
        <ele>34</ele>
        <time>2026-05-22T16:06:50.000Z</time>
      </trkpt>
      <trkpt lat="40.792121" lon="-73.971903">
        <ele>34</ele>
        <time>2026-05-22T16:06:51.000Z</time>
      </trkpt>
      <trkpt lat="40.792125" lon="-73.971914">
        <ele>34</ele>
        <time>2026-05-22T16:06:52.000Z</time>
      </trkpt>
      <trkpt lat="40.79213" lon="-73.971925">
        <ele>33.8</ele>
        <time>2026-05-22T16:06:53.000Z</time>
      </trkpt>
      <trkpt lat="40.792135" lon="-73.971935">
        <ele>33.8</ele>
        <time>2026-05-22T16:06:54.000Z</time>
      </trkpt>
      <trkpt lat="40.792139" lon="-73.971945">
        <ele>33.8</ele>
        <time>2026-05-22T16:06:55.000Z</time>
      </trkpt>
      <trkpt lat="40.792144" lon="-73.971956">
        <ele>33.8</ele>
        <time>2026-05-22T16:06:56.000Z</time>
      </trkpt>
      <trkpt lat="40.792149" lon="-73.971966">
        <ele>33.8</ele>
        <time>2026-05-22T16:06:57.000Z</time>
      </trkpt>
      <trkpt lat="40.792153" lon="-73.971976">
        <ele>33.8</ele>
        <time>2026-05-22T16:06:58.000Z</time>
      </trkpt>
      <trkpt lat="40.792158" lon="-73.971986">
        <ele>33.8</ele>
        <time>2026-05-22T16:06:59.000Z</time>
      </trkpt>
      <trkpt lat="40.792162" lon="-73.971995">
        <ele>33.6</ele>
        <time>2026-05-22T16:07:00.000Z</time>
      </trkpt>
      <trkpt lat="40.792167" lon="-73.972004">
        <ele>33.6</ele>
        <time>2026-05-22T16:07:01.000Z</time>
      </trkpt>
      <trkpt lat="40.792171" lon="-73.972013">
        <ele>33.6</ele>
        <time>2026-05-22T16:07:02.000Z</time>
      </trkpt>
      <trkpt lat="40.792175" lon="-73.972021">
        <ele>33.6</ele>
        <time>2026-05-22T16:07:03.000Z</time>
      </trkpt>
      <trkpt lat="40.792179" lon="-73.972028">
        <ele>33.6</ele>
        <time>2026-05-22T16:07:04.000Z</time>
      </trkpt>
      <trkpt lat="40.792183" lon="-73.972035">
        <ele>33.4</ele>
        <time>2026-05-22T16:07:05.000Z</time>
      </trkpt>
      <trkpt lat="40.792187" lon="-73.972042">
        <ele>33.4</ele>
        <time>2026-05-22T16:07:06.000Z</time>
      </trkpt>
      <trkpt lat="40.792191" lon="-73.972049">
        <ele>33.4</ele>
        <time>2026-05-22T16:07:07.000Z</time>
      </trkpt>
      <trkpt lat="40.792196" lon="-73.972057">
        <ele>33.2</ele>
        <time>2026-05-22T16:07:08.000Z</time>
      </trkpt>
      <trkpt lat="40.7922" lon="-73.972065">
        <ele>33.2</ele>
        <time>2026-05-22T16:07:09.000Z</time>
      </trkpt>
      <trkpt lat="40.792205" lon="-73.972073">
        <ele>33</ele>
        <time>2026-05-22T16:07:10.000Z</time>
      </trkpt>
      <trkpt lat="40.79221" lon="-73.972081">
        <ele>33</ele>
        <time>2026-05-22T16:07:11.000Z</time>
      </trkpt>
      <trkpt lat="40.792215" lon="-73.97209">
        <ele>33</ele>
        <time>2026-05-22T16:07:12.000Z</time>
      </trkpt>
      <trkpt lat="40.792221" lon="-73.9721">
        <ele>32.8</ele>
        <time>2026-05-22T16:07:13.000Z</time>
      </trkpt>
      <trkpt lat="40.792226" lon="-73.972109">
        <ele>32.8</ele>
        <time>2026-05-22T16:07:14.000Z</time>
      </trkpt>
      <trkpt lat="40.792232" lon="-73.972119">
        <ele>32.8</ele>
        <time>2026-05-22T16:07:15.000Z</time>
      </trkpt>
      <trkpt lat="40.792238" lon="-73.972129">
        <ele>32.6</ele>
        <time>2026-05-22T16:07:16.000Z</time>
      </trkpt>
      <trkpt lat="40.792243" lon="-73.972139">
        <ele>32.6</ele>
        <time>2026-05-22T16:07:17.000Z</time>
      </trkpt>
      <trkpt lat="40.792249" lon="-73.972149">
        <ele>32.4</ele>
        <time>2026-05-22T16:07:18.000Z</time>
      </trkpt>
      <trkpt lat="40.792254" lon="-73.972159">
        <ele>32.4</ele>
        <time>2026-05-22T16:07:19.000Z</time>
      </trkpt>
      <trkpt lat="40.79226" lon="-73.972169">
        <ele>32.4</ele>
        <time>2026-05-22T16:07:20.000Z</time>
      </trkpt>
      <trkpt lat="40.792266" lon="-73.972179">
        <ele>32.4</ele>
        <time>2026-05-22T16:07:21.000Z</time>
      </trkpt>
      <trkpt lat="40.792272" lon="-73.97219">
        <ele>32.2</ele>
        <time>2026-05-22T16:07:22.000Z</time>
      </trkpt>
      <trkpt lat="40.792278" lon="-73.972202">
        <ele>32.2</ele>
        <time>2026-05-22T16:07:23.000Z</time>
      </trkpt>
      <trkpt lat="40.792284" lon="-73.972213">
        <ele>32.2</ele>
        <time>2026-05-22T16:07:24.000Z</time>
      </trkpt>
      <trkpt lat="40.79229" lon="-73.972226">
        <ele>32.2</ele>
        <time>2026-05-22T16:07:25.000Z</time>
      </trkpt>
      <trkpt lat="40.792296" lon="-73.972239">
        <ele>32.2</ele>
        <time>2026-05-22T16:07:26.000Z</time>
      </trkpt>
      <trkpt lat="40.792303" lon="-73.972252">
        <ele>32.2</ele>
        <time>2026-05-22T16:07:27.000Z</time>
      </trkpt>
      <trkpt lat="40.792309" lon="-73.972266">
        <ele>32</ele>
        <time>2026-05-22T16:07:28.000Z</time>
      </trkpt>
      <trkpt lat="40.792315" lon="-73.972281">
        <ele>32</ele>
        <time>2026-05-22T16:07:29.000Z</time>
      </trkpt>
      <trkpt lat="40.792322" lon="-73.972297">
        <ele>32</ele>
        <time>2026-05-22T16:07:30.000Z</time>
      </trkpt>
      <trkpt lat="40.792329" lon="-73.972313">
        <ele>32</ele>
        <time>2026-05-22T16:07:31.000Z</time>
      </trkpt>
      <trkpt lat="40.792335" lon="-73.97233">
        <ele>32</ele>
        <time>2026-05-22T16:07:32.000Z</time>
      </trkpt>
      <trkpt lat="40.792342" lon="-73.972347">
        <ele>32</ele>
        <time>2026-05-22T16:07:33.000Z</time>
      </trkpt>
      <trkpt lat="40.792349" lon="-73.972365">
        <ele>32</ele>
        <time>2026-05-22T16:07:34.000Z</time>
      </trkpt>
      <trkpt lat="40.792356" lon="-73.972384">
        <ele>32</ele>
        <time>2026-05-22T16:07:35.000Z</time>
      </trkpt>
      <trkpt lat="40.792362" lon="-73.972402">
        <ele>32</ele>
        <time>2026-05-22T16:07:36.000Z</time>
      </trkpt>
      <trkpt lat="40.792369" lon="-73.97242">
        <ele>32</ele>
        <time>2026-05-22T16:07:37.000Z</time>
      </trkpt>
      <trkpt lat="40.792376" lon="-73.972439">
        <ele>32</ele>
        <time>2026-05-22T16:07:38.000Z</time>
      </trkpt>
      <trkpt lat="40.792383" lon="-73.972457">
        <ele>31.8</ele>
        <time>2026-05-22T16:07:39.000Z</time>
      </trkpt>
      <trkpt lat="40.792389" lon="-73.972475">
        <ele>31.8</ele>
        <time>2026-05-22T16:07:40.000Z</time>
      </trkpt>
      <trkpt lat="40.792396" lon="-73.972492">
        <ele>31.8</ele>
        <time>2026-05-22T16:07:41.000Z</time>
      </trkpt>
      <trkpt lat="40.792402" lon="-73.97251">
        <ele>31.8</ele>
        <time>2026-05-22T16:07:42.000Z</time>
      </trkpt>
      <trkpt lat="40.792409" lon="-73.972527">
        <ele>31.8</ele>
        <time>2026-05-22T16:07:43.000Z</time>
      </trkpt>
      <trkpt lat="40.792415" lon="-73.972543">
        <ele>31.8</ele>
        <time>2026-05-22T16:07:44.000Z</time>
      </trkpt>
      <trkpt lat="40.79242" lon="-73.972559">
        <ele>31.8</ele>
        <time>2026-05-22T16:07:45.000Z</time>
      </trkpt>
      <trkpt lat="40.792426" lon="-73.972575">
        <ele>31.8</ele>
        <time>2026-05-22T16:07:46.000Z</time>
      </trkpt>
      <trkpt lat="40.792432" lon="-73.97259">
        <ele>31.6</ele>
        <time>2026-05-22T16:07:47.000Z</time>
      </trkpt>
      <trkpt lat="40.792437" lon="-73.972605">
        <ele>31.6</ele>
        <time>2026-05-22T16:07:48.000Z</time>
      </trkpt>
      <trkpt lat="40.792442" lon="-73.97262">
        <ele>31.6</ele>
        <time>2026-05-22T16:07:49.000Z</time>
      </trkpt>
      <trkpt lat="40.792447" lon="-73.972635">
        <ele>31.6</ele>
        <time>2026-05-22T16:07:50.000Z</time>
      </trkpt>
      <trkpt lat="40.792452" lon="-73.97265">
        <ele>31.6</ele>
        <time>2026-05-22T16:07:51.000Z</time>
      </trkpt>
      <trkpt lat="40.792457" lon="-73.972664">
        <ele>31.6</ele>
        <time>2026-05-22T16:07:52.000Z</time>
      </trkpt>
      <trkpt lat="40.792462" lon="-73.972679">
        <ele>31.6</ele>
        <time>2026-05-22T16:07:53.000Z</time>
      </trkpt>
      <trkpt lat="40.792467" lon="-73.972693">
        <ele>31.6</ele>
        <time>2026-05-22T16:07:54.000Z</time>
      </trkpt>
      <trkpt lat="40.792472" lon="-73.972707">
        <ele>31.6</ele>
        <time>2026-05-22T16:07:55.000Z</time>
      </trkpt>
      <trkpt lat="40.792477" lon="-73.972721">
        <ele>31.6</ele>
        <time>2026-05-22T16:07:56.000Z</time>
      </trkpt>
      <trkpt lat="40.792481" lon="-73.972734">
        <ele>31.6</ele>
        <time>2026-05-22T16:07:57.000Z</time>
      </trkpt>
      <trkpt lat="40.792486" lon="-73.972747">
        <ele>31.4</ele>
        <time>2026-05-22T16:07:58.000Z</time>
      </trkpt>
      <trkpt lat="40.792491" lon="-73.97276">
        <ele>31.4</ele>
        <time>2026-05-22T16:07:59.000Z</time>
      </trkpt>
      <trkpt lat="40.792495" lon="-73.972773">
        <ele>31.4</ele>
        <time>2026-05-22T16:08:00.000Z</time>
      </trkpt>
      <trkpt lat="40.7925" lon="-73.972786">
        <ele>31.4</ele>
        <time>2026-05-22T16:08:01.000Z</time>
      </trkpt>
      <trkpt lat="40.792505" lon="-73.972799">
        <ele>31.4</ele>
        <time>2026-05-22T16:08:02.000Z</time>
      </trkpt>
      <trkpt lat="40.792509" lon="-73.972812">
        <ele>31.2</ele>
        <time>2026-05-22T16:08:03.000Z</time>
      </trkpt>
      <trkpt lat="40.792514" lon="-73.972825">
        <ele>31.2</ele>
        <time>2026-05-22T16:08:04.000Z</time>
      </trkpt>
      <trkpt lat="40.792519" lon="-73.972838">
        <ele>31.2</ele>
        <time>2026-05-22T16:08:05.000Z</time>
      </trkpt>
      <trkpt lat="40.792524" lon="-73.972851">
        <ele>31.2</ele>
        <time>2026-05-22T16:08:06.000Z</time>
      </trkpt>
      <trkpt lat="40.792529" lon="-73.972864">
        <ele>31.2</ele>
        <time>2026-05-22T16:08:07.000Z</time>
      </trkpt>
      <trkpt lat="40.792534" lon="-73.972877">
        <ele>31</ele>
        <time>2026-05-22T16:08:08.000Z</time>
      </trkpt>
      <trkpt lat="40.79254" lon="-73.97289">
        <ele>31</ele>
        <time>2026-05-22T16:08:09.000Z</time>
      </trkpt>
      <trkpt lat="40.792545" lon="-73.972903">
        <ele>31</ele>
        <time>2026-05-22T16:08:10.000Z</time>
      </trkpt>
      <trkpt lat="40.79255" lon="-73.972916">
        <ele>31</ele>
        <time>2026-05-22T16:08:11.000Z</time>
      </trkpt>
      <trkpt lat="40.792555" lon="-73.972928">
        <ele>31</ele>
        <time>2026-05-22T16:08:12.000Z</time>
      </trkpt>
      <trkpt lat="40.79256" lon="-73.972941">
        <ele>30.8</ele>
        <time>2026-05-22T16:08:13.000Z</time>
      </trkpt>
      <trkpt lat="40.792564" lon="-73.972953">
        <ele>30.8</ele>
        <time>2026-05-22T16:08:14.000Z</time>
      </trkpt>
      <trkpt lat="40.792569" lon="-73.972965">
        <ele>30.8</ele>
        <time>2026-05-22T16:08:15.000Z</time>
      </trkpt>
      <trkpt lat="40.792574" lon="-73.972977">
        <ele>30.6</ele>
        <time>2026-05-22T16:08:16.000Z</time>
      </trkpt>
      <trkpt lat="40.792579" lon="-73.972988">
        <ele>30.6</ele>
        <time>2026-05-22T16:08:17.000Z</time>
      </trkpt>
      <trkpt lat="40.792583" lon="-73.972999">
        <ele>30.4</ele>
        <time>2026-05-22T16:08:18.000Z</time>
      </trkpt>
      <trkpt lat="40.792588" lon="-73.97301">
        <ele>30.4</ele>
        <time>2026-05-22T16:08:19.000Z</time>
      </trkpt>
      <trkpt lat="40.792592" lon="-73.97302">
        <ele>30.4</ele>
        <time>2026-05-22T16:08:20.000Z</time>
      </trkpt>
      <trkpt lat="40.792595" lon="-73.973029">
        <ele>30.2</ele>
        <time>2026-05-22T16:08:21.000Z</time>
      </trkpt>
      <trkpt lat="40.792599" lon="-73.973038">
        <ele>30.2</ele>
        <time>2026-05-22T16:08:22.000Z</time>
      </trkpt>
      <trkpt lat="40.792602" lon="-73.973045">
        <ele>30.2</ele>
        <time>2026-05-22T16:08:23.000Z</time>
      </trkpt>
      <trkpt lat="40.792605" lon="-73.973052">
        <ele>30</ele>
        <time>2026-05-22T16:08:24.000Z</time>
      </trkpt>
      <trkpt lat="40.792609" lon="-73.973064">
        <ele>30</ele>
        <time>2026-05-22T16:08:25.000Z</time>
      </trkpt>
      <trkpt lat="40.792612" lon="-73.973069">
        <ele>30</ele>
        <time>2026-05-22T16:08:26.000Z</time>
      </trkpt>
      <trkpt lat="40.792614" lon="-73.973075">
        <ele>30</ele>
        <time>2026-05-22T16:08:27.000Z</time>
      </trkpt>
      <trkpt lat="40.792616" lon="-73.973081">
        <ele>30</ele>
        <time>2026-05-22T16:08:28.000Z</time>
      </trkpt>
      <trkpt lat="40.792619" lon="-73.973086">
        <ele>29.8</ele>
        <time>2026-05-22T16:08:29.000Z</time>
      </trkpt>
      <trkpt lat="40.792621" lon="-73.973092">
        <ele>29.8</ele>
        <time>2026-05-22T16:08:30.000Z</time>
      </trkpt>
      <trkpt lat="40.792623" lon="-73.973098">
        <ele>29.8</ele>
        <time>2026-05-22T16:08:31.000Z</time>
      </trkpt>
      <trkpt lat="40.792626" lon="-73.973103">
        <ele>29.8</ele>
        <time>2026-05-22T16:08:32.000Z</time>
      </trkpt>
      <trkpt lat="40.792628" lon="-73.973109">
        <ele>29.8</ele>
        <time>2026-05-22T16:08:33.000Z</time>
      </trkpt>
      <trkpt lat="40.79263" lon="-73.973115">
        <ele>29.8</ele>
        <time>2026-05-22T16:08:34.000Z</time>
      </trkpt>
      <trkpt lat="40.792633" lon="-73.97312">
        <ele>29.8</ele>
        <time>2026-05-22T16:08:35.000Z</time>
      </trkpt>
      <trkpt lat="40.792635" lon="-73.973126">
        <ele>29.8</ele>
        <time>2026-05-22T16:08:36.000Z</time>
      </trkpt>
      <trkpt lat="40.792637" lon="-73.973132">
        <ele>29.8</ele>
        <time>2026-05-22T16:08:37.000Z</time>
      </trkpt>
      <trkpt lat="40.79264" lon="-73.973137">
        <ele>29.8</ele>
        <time>2026-05-22T16:08:38.000Z</time>
      </trkpt>
      <trkpt lat="40.792642" lon="-73.973143">
        <ele>29.8</ele>
        <time>2026-05-22T16:08:39.000Z</time>
      </trkpt>
      <trkpt lat="40.792647" lon="-73.973153">
        <ele>30</ele>
        <time>2026-05-22T16:08:40.000Z</time>
      </trkpt>
      <trkpt lat="40.792651" lon="-73.973164">
        <ele>30</ele>
        <time>2026-05-22T16:08:41.000Z</time>
      </trkpt>
      <trkpt lat="40.792656" lon="-73.973176">
        <ele>30</ele>
        <time>2026-05-22T16:08:42.000Z</time>
      </trkpt>
      <trkpt lat="40.792661" lon="-73.973188">
        <ele>30</ele>
        <time>2026-05-22T16:08:43.000Z</time>
      </trkpt>
      <trkpt lat="40.792666" lon="-73.973199">
        <ele>30</ele>
        <time>2026-05-22T16:08:44.000Z</time>
      </trkpt>
      <trkpt lat="40.792671" lon="-73.973212">
        <ele>30</ele>
        <time>2026-05-22T16:08:45.000Z</time>
      </trkpt>
      <trkpt lat="40.792676" lon="-73.973224">
        <ele>30</ele>
        <time>2026-05-22T16:08:46.000Z</time>
      </trkpt>
      <trkpt lat="40.792682" lon="-73.973236">
        <ele>30</ele>
        <time>2026-05-22T16:08:47.000Z</time>
      </trkpt>
      <trkpt lat="40.792687" lon="-73.973248">
        <ele>30</ele>
        <time>2026-05-22T16:08:48.000Z</time>
      </trkpt>
      <trkpt lat="40.792692" lon="-73.973261">
        <ele>30</ele>
        <time>2026-05-22T16:08:49.000Z</time>
      </trkpt>
      <trkpt lat="40.792698" lon="-73.973273">
        <ele>30</ele>
        <time>2026-05-22T16:08:50.000Z</time>
      </trkpt>
      <trkpt lat="40.792703" lon="-73.973286">
        <ele>29.8</ele>
        <time>2026-05-22T16:08:51.000Z</time>
      </trkpt>
      <trkpt lat="40.792708" lon="-73.973299">
        <ele>29.8</ele>
        <time>2026-05-22T16:08:52.000Z</time>
      </trkpt>
      <trkpt lat="40.792714" lon="-73.973312">
        <ele>29.8</ele>
        <time>2026-05-22T16:08:53.000Z</time>
      </trkpt>
      <trkpt lat="40.792719" lon="-73.973325">
        <ele>29.8</ele>
        <time>2026-05-22T16:08:54.000Z</time>
      </trkpt>
      <trkpt lat="40.792725" lon="-73.973337">
        <ele>29.8</ele>
        <time>2026-05-22T16:08:55.000Z</time>
      </trkpt>
      <trkpt lat="40.79273" lon="-73.97335">
        <ele>29.8</ele>
        <time>2026-05-22T16:08:56.000Z</time>
      </trkpt>
      <trkpt lat="40.792736" lon="-73.973363">
        <ele>29.8</ele>
        <time>2026-05-22T16:08:57.000Z</time>
      </trkpt>
      <trkpt lat="40.792741" lon="-73.973376">
        <ele>29.8</ele>
        <time>2026-05-22T16:08:58.000Z</time>
      </trkpt>
      <trkpt lat="40.792747" lon="-73.973389">
        <ele>29.8</ele>
        <time>2026-05-22T16:08:59.000Z</time>
      </trkpt>
      <trkpt lat="40.792752" lon="-73.973402">
        <ele>29.8</ele>
        <time>2026-05-22T16:09:00.000Z</time>
      </trkpt>
      <trkpt lat="40.792757" lon="-73.973415">
        <ele>30</ele>
        <time>2026-05-22T16:09:01.000Z</time>
      </trkpt>
      <trkpt lat="40.792763" lon="-73.973428">
        <ele>30</ele>
        <time>2026-05-22T16:09:02.000Z</time>
      </trkpt>
      <trkpt lat="40.792768" lon="-73.973441">
        <ele>29.8</ele>
        <time>2026-05-22T16:09:03.000Z</time>
      </trkpt>
      <trkpt lat="40.792774" lon="-73.973454">
        <ele>29.8</ele>
        <time>2026-05-22T16:09:04.000Z</time>
      </trkpt>
      <trkpt lat="40.792779" lon="-73.973467">
        <ele>29.8</ele>
        <time>2026-05-22T16:09:05.000Z</time>
      </trkpt>
      <trkpt lat="40.792785" lon="-73.97348">
        <ele>29.8</ele>
        <time>2026-05-22T16:09:06.000Z</time>
      </trkpt>
      <trkpt lat="40.79279" lon="-73.973493">
        <ele>29.8</ele>
        <time>2026-05-22T16:09:07.000Z</time>
      </trkpt>
      <trkpt lat="40.792796" lon="-73.973506">
        <ele>29.8</ele>
        <time>2026-05-22T16:09:08.000Z</time>
      </trkpt>
      <trkpt lat="40.792801" lon="-73.973519">
        <ele>29.8</ele>
        <time>2026-05-22T16:09:09.000Z</time>
      </trkpt>
      <trkpt lat="40.792807" lon="-73.973532">
        <ele>29.6</ele>
        <time>2026-05-22T16:09:10.000Z</time>
      </trkpt>
      <trkpt lat="40.792812" lon="-73.973546">
        <ele>29.6</ele>
        <time>2026-05-22T16:09:11.000Z</time>
      </trkpt>
      <trkpt lat="40.792818" lon="-73.973559">
        <ele>29.6</ele>
        <time>2026-05-22T16:09:12.000Z</time>
      </trkpt>
      <trkpt lat="40.792823" lon="-73.973572">
        <ele>29.6</ele>
        <time>2026-05-22T16:09:13.000Z</time>
      </trkpt>
      <trkpt lat="40.792829" lon="-73.973585">
        <ele>29.6</ele>
        <time>2026-05-22T16:09:14.000Z</time>
      </trkpt>
      <trkpt lat="40.792834" lon="-73.973599">
        <ele>29.6</ele>
        <time>2026-05-22T16:09:15.000Z</time>
      </trkpt>
      <trkpt lat="40.79284" lon="-73.973612">
        <ele>29.6</ele>
        <time>2026-05-22T16:09:16.000Z</time>
      </trkpt>
      <trkpt lat="40.792846" lon="-73.973625">
        <ele>29.6</ele>
        <time>2026-05-22T16:09:17.000Z</time>
      </trkpt>
      <trkpt lat="40.792851" lon="-73.973638">
        <ele>29.6</ele>
        <time>2026-05-22T16:09:18.000Z</time>
      </trkpt>
      <trkpt lat="40.792857" lon="-73.973652">
        <ele>29.4</ele>
        <time>2026-05-22T16:09:19.000Z</time>
      </trkpt>
      <trkpt lat="40.792862" lon="-73.973665">
        <ele>29.4</ele>
        <time>2026-05-22T16:09:20.000Z</time>
      </trkpt>
      <trkpt lat="40.792868" lon="-73.973677">
        <ele>29.4</ele>
        <time>2026-05-22T16:09:21.000Z</time>
      </trkpt>
      <trkpt lat="40.792873" lon="-73.97369">
        <ele>29.4</ele>
        <time>2026-05-22T16:09:22.000Z</time>
      </trkpt>
      <trkpt lat="40.792878" lon="-73.973702">
        <ele>29.2</ele>
        <time>2026-05-22T16:09:23.000Z</time>
      </trkpt>
      <trkpt lat="40.792883" lon="-73.973715">
        <ele>29.2</ele>
        <time>2026-05-22T16:09:24.000Z</time>
      </trkpt>
      <trkpt lat="40.792889" lon="-73.973727">
        <ele>29.2</ele>
        <time>2026-05-22T16:09:25.000Z</time>
      </trkpt>
      <trkpt lat="40.792894" lon="-73.973739">
        <ele>29</ele>
        <time>2026-05-22T16:09:26.000Z</time>
      </trkpt>
      <trkpt lat="40.792899" lon="-73.973752">
        <ele>29</ele>
        <time>2026-05-22T16:09:27.000Z</time>
      </trkpt>
      <trkpt lat="40.792904" lon="-73.973764">
        <ele>29</ele>
        <time>2026-05-22T16:09:28.000Z</time>
      </trkpt>
      <trkpt lat="40.792909" lon="-73.973776">
        <ele>28.8</ele>
        <time>2026-05-22T16:09:29.000Z</time>
      </trkpt>
      <trkpt lat="40.792914" lon="-73.973788">
        <ele>28.8</ele>
        <time>2026-05-22T16:09:30.000Z</time>
      </trkpt>
      <trkpt lat="40.792919" lon="-73.9738">
        <ele>28.6</ele>
        <time>2026-05-22T16:09:31.000Z</time>
      </trkpt>
      <trkpt lat="40.792924" lon="-73.973812">
        <ele>28.6</ele>
        <time>2026-05-22T16:09:32.000Z</time>
      </trkpt>
      <trkpt lat="40.792929" lon="-73.973824">
        <ele>28.6</ele>
        <time>2026-05-22T16:09:33.000Z</time>
      </trkpt>
      <trkpt lat="40.792934" lon="-73.973836">
        <ele>28.4</ele>
        <time>2026-05-22T16:09:34.000Z</time>
      </trkpt>
      <trkpt lat="40.792939" lon="-73.973847">
        <ele>28.4</ele>
        <time>2026-05-22T16:09:35.000Z</time>
      </trkpt>
      <trkpt lat="40.792944" lon="-73.973859">
        <ele>28.4</ele>
        <time>2026-05-22T16:09:36.000Z</time>
      </trkpt>
      <trkpt lat="40.792949" lon="-73.973872">
        <ele>28.2</ele>
        <time>2026-05-22T16:09:37.000Z</time>
      </trkpt>
      <trkpt lat="40.792955" lon="-73.973884">
        <ele>28.2</ele>
        <time>2026-05-22T16:09:38.000Z</time>
      </trkpt>
      <trkpt lat="40.79296" lon="-73.973897">
        <ele>28</ele>
        <time>2026-05-22T16:09:39.000Z</time>
      </trkpt>
      <trkpt lat="40.792965" lon="-73.973909">
        <ele>28</ele>
        <time>2026-05-22T16:09:40.000Z</time>
      </trkpt>
      <trkpt lat="40.792971" lon="-73.973922">
        <ele>28</ele>
        <time>2026-05-22T16:09:41.000Z</time>
      </trkpt>
      <trkpt lat="40.792979" lon="-73.973941">
        <ele>27.8</ele>
        <time>2026-05-22T16:09:42.000Z</time>
      </trkpt>
      <trkpt lat="40.792981" lon="-73.973947">
        <ele>27.8</ele>
        <time>2026-05-22T16:09:43.000Z</time>
      </trkpt>
      <trkpt lat="40.792987" lon="-73.97396">
        <ele>27.8</ele>
        <time>2026-05-22T16:09:44.000Z</time>
      </trkpt>
      <trkpt lat="40.792992" lon="-73.973973">
        <ele>27.8</ele>
        <time>2026-05-22T16:09:45.000Z</time>
      </trkpt>
      <trkpt lat="40.792998" lon="-73.973986">
        <ele>27.6</ele>
        <time>2026-05-22T16:09:46.000Z</time>
      </trkpt>
      <trkpt lat="40.793003" lon="-73.973999">
        <ele>27.6</ele>
        <time>2026-05-22T16:09:47.000Z</time>
      </trkpt>
      <trkpt lat="40.793009" lon="-73.974012">
        <ele>27.6</ele>
        <time>2026-05-22T16:09:48.000Z</time>
      </trkpt>
      <trkpt lat="40.793014" lon="-73.974025">
        <ele>27.4</ele>
        <time>2026-05-22T16:09:49.000Z</time>
      </trkpt>
      <trkpt lat="40.79302" lon="-73.974038">
        <ele>27.4</ele>
        <time>2026-05-22T16:09:50.000Z</time>
      </trkpt>
      <trkpt lat="40.793025" lon="-73.974052">
        <ele>27.4</ele>
        <time>2026-05-22T16:09:51.000Z</time>
      </trkpt>
      <trkpt lat="40.793031" lon="-73.974065">
        <ele>27.4</ele>
        <time>2026-05-22T16:09:52.000Z</time>
      </trkpt>
      <trkpt lat="40.793036" lon="-73.974078">
        <ele>27.2</ele>
        <time>2026-05-22T16:09:53.000Z</time>
      </trkpt>
      <trkpt lat="40.793042" lon="-73.974092">
        <ele>27.2</ele>
        <time>2026-05-22T16:09:54.000Z</time>
      </trkpt>
      <trkpt lat="40.793048" lon="-73.974105">
        <ele>27.2</ele>
        <time>2026-05-22T16:09:55.000Z</time>
      </trkpt>
      <trkpt lat="40.793054" lon="-73.974119">
        <ele>27</ele>
        <time>2026-05-22T16:09:56.000Z</time>
      </trkpt>
      <trkpt lat="40.793059" lon="-73.974133">
        <ele>27</ele>
        <time>2026-05-22T16:09:57.000Z</time>
      </trkpt>
      <trkpt lat="40.793065" lon="-73.974146">
        <ele>26.8</ele>
        <time>2026-05-22T16:09:58.000Z</time>
      </trkpt>
      <trkpt lat="40.793071" lon="-73.97416">
        <ele>26.8</ele>
        <time>2026-05-22T16:09:59.000Z</time>
      </trkpt>
      <trkpt lat="40.793077" lon="-73.974174">
        <ele>26.8</ele>
        <time>2026-05-22T16:10:00.000Z</time>
      </trkpt>
      <trkpt lat="40.793082" lon="-73.974187">
        <ele>26.6</ele>
        <time>2026-05-22T16:10:01.000Z</time>
      </trkpt>
      <trkpt lat="40.793088" lon="-73.974201">
        <ele>26.6</ele>
        <time>2026-05-22T16:10:02.000Z</time>
      </trkpt>
      <trkpt lat="40.793094" lon="-73.974214">
        <ele>26.4</ele>
        <time>2026-05-22T16:10:03.000Z</time>
      </trkpt>
      <trkpt lat="40.793099" lon="-73.974228">
        <ele>26.4</ele>
        <time>2026-05-22T16:10:04.000Z</time>
      </trkpt>
      <trkpt lat="40.793105" lon="-73.974241">
        <ele>26.2</ele>
        <time>2026-05-22T16:10:05.000Z</time>
      </trkpt>
      <trkpt lat="40.793111" lon="-73.974255">
        <ele>26.2</ele>
        <time>2026-05-22T16:10:06.000Z</time>
      </trkpt>
      <trkpt lat="40.793116" lon="-73.974268">
        <ele>26.2</ele>
        <time>2026-05-22T16:10:07.000Z</time>
      </trkpt>
      <trkpt lat="40.793122" lon="-73.974282">
        <ele>26</ele>
        <time>2026-05-22T16:10:08.000Z</time>
      </trkpt>
      <trkpt lat="40.793128" lon="-73.974295">
        <ele>26</ele>
        <time>2026-05-22T16:10:09.000Z</time>
      </trkpt>
      <trkpt lat="40.793133" lon="-73.974308">
        <ele>26</ele>
        <time>2026-05-22T16:10:10.000Z</time>
      </trkpt>
      <trkpt lat="40.793139" lon="-73.974321">
        <ele>25.8</ele>
        <time>2026-05-22T16:10:11.000Z</time>
      </trkpt>
      <trkpt lat="40.793144" lon="-73.974334">
        <ele>25.8</ele>
        <time>2026-05-22T16:10:12.000Z</time>
      </trkpt>
      <trkpt lat="40.79315" lon="-73.974347">
        <ele>25.8</ele>
        <time>2026-05-22T16:10:13.000Z</time>
      </trkpt>
      <trkpt lat="40.793155" lon="-73.97436">
        <ele>25.8</ele>
        <time>2026-05-22T16:10:14.000Z</time>
      </trkpt>
      <trkpt lat="40.793161" lon="-73.974374">
        <ele>25.8</ele>
        <time>2026-05-22T16:10:15.000Z</time>
      </trkpt>
      <trkpt lat="40.793166" lon="-73.974387">
        <ele>25.8</ele>
        <time>2026-05-22T16:10:16.000Z</time>
      </trkpt>
      <trkpt lat="40.793172" lon="-73.9744">
        <ele>25.8</ele>
        <time>2026-05-22T16:10:17.000Z</time>
      </trkpt>
      <trkpt lat="40.793178" lon="-73.974413">
        <ele>25.8</ele>
        <time>2026-05-22T16:10:18.000Z</time>
      </trkpt>
      <trkpt lat="40.793183" lon="-73.974427">
        <ele>25.8</ele>
        <time>2026-05-22T16:10:19.000Z</time>
      </trkpt>
      <trkpt lat="40.793189" lon="-73.97444">
        <ele>25.8</ele>
        <time>2026-05-22T16:10:20.000Z</time>
      </trkpt>
      <trkpt lat="40.793194" lon="-73.974453">
        <ele>25.8</ele>
        <time>2026-05-22T16:10:21.000Z</time>
      </trkpt>
      <trkpt lat="40.7932" lon="-73.974466">
        <ele>25.8</ele>
        <time>2026-05-22T16:10:22.000Z</time>
      </trkpt>
      <trkpt lat="40.793206" lon="-73.97448">
        <ele>25.8</ele>
        <time>2026-05-22T16:10:23.000Z</time>
      </trkpt>
      <trkpt lat="40.793211" lon="-73.974493">
        <ele>25.8</ele>
        <time>2026-05-22T16:10:24.000Z</time>
      </trkpt>
      <trkpt lat="40.793217" lon="-73.974507">
        <ele>25.8</ele>
        <time>2026-05-22T16:10:25.000Z</time>
      </trkpt>
      <trkpt lat="40.793223" lon="-73.974521">
        <ele>25.8</ele>
        <time>2026-05-22T16:10:26.000Z</time>
      </trkpt>
      <trkpt lat="40.793229" lon="-73.974534">
        <ele>25.8</ele>
        <time>2026-05-22T16:10:27.000Z</time>
      </trkpt>
      <trkpt lat="40.793234" lon="-73.974548">
        <ele>25.8</ele>
        <time>2026-05-22T16:10:28.000Z</time>
      </trkpt>
      <trkpt lat="40.79324" lon="-73.974562">
        <ele>25.6</ele>
        <time>2026-05-22T16:10:29.000Z</time>
      </trkpt>
      <trkpt lat="40.793246" lon="-73.974575">
        <ele>25.6</ele>
        <time>2026-05-22T16:10:30.000Z</time>
      </trkpt>
      <trkpt lat="40.793251" lon="-73.974588">
        <ele>25.4</ele>
        <time>2026-05-22T16:10:31.000Z</time>
      </trkpt>
      <trkpt lat="40.793257" lon="-73.974601">
        <ele>25.4</ele>
        <time>2026-05-22T16:10:32.000Z</time>
      </trkpt>
      <trkpt lat="40.793262" lon="-73.974614">
        <ele>25.2</ele>
        <time>2026-05-22T16:10:33.000Z</time>
      </trkpt>
      <trkpt lat="40.793268" lon="-73.974627">
        <ele>25.2</ele>
        <time>2026-05-22T16:10:34.000Z</time>
      </trkpt>
      <trkpt lat="40.793273" lon="-73.974639">
        <ele>25.2</ele>
        <time>2026-05-22T16:10:35.000Z</time>
      </trkpt>
      <trkpt lat="40.793279" lon="-73.974652">
        <ele>25</ele>
        <time>2026-05-22T16:10:36.000Z</time>
      </trkpt>
      <trkpt lat="40.793284" lon="-73.974665">
        <ele>25</ele>
        <time>2026-05-22T16:10:37.000Z</time>
      </trkpt>
      <trkpt lat="40.793289" lon="-73.974677">
        <ele>25</ele>
        <time>2026-05-22T16:10:38.000Z</time>
      </trkpt>
      <trkpt lat="40.793295" lon="-73.97469">
        <ele>24.8</ele>
        <time>2026-05-22T16:10:39.000Z</time>
      </trkpt>
      <trkpt lat="40.7933" lon="-73.974703">
        <ele>24.8</ele>
        <time>2026-05-22T16:10:40.000Z</time>
      </trkpt>
      <trkpt lat="40.793306" lon="-73.974715">
        <ele>24.8</ele>
        <time>2026-05-22T16:10:41.000Z</time>
      </trkpt>
      <trkpt lat="40.793311" lon="-73.974727">
        <ele>24.8</ele>
        <time>2026-05-22T16:10:42.000Z</time>
      </trkpt>
      <trkpt lat="40.793311" lon="-73.974727">
        <ele>24.8</ele>
        <time>2026-05-22T16:10:43.000Z</time>
      </trkpt>
    </trkseg>
  </trk>
</gpx>
