<?xml version="1.0" encoding="UTF-8"?>
<gpx version="1.1" creator="sync-strava">
  <trk>
    <name>Evening Walk #MC</name>
    <trkseg>
      <trkpt lat="40.793217" lon="-73.974535">
        <ele>0</ele>
        <time>2026-06-17T22:13:45.000Z</time>
      </trkpt>
      <trkpt lat="40.793217" lon="-73.974535">
        <ele>0</ele>
        <time>2026-06-17T22:13:53.000Z</time>
      </trkpt>
      <trkpt lat="40.793212" lon="-73.974522">
        <ele>0</ele>
        <time>2026-06-17T22:13:54.000Z</time>
      </trkpt>
      <trkpt lat="40.793207" lon="-73.974509">
        <ele>0</ele>
        <time>2026-06-17T22:13:55.000Z</time>
      </trkpt>
      <trkpt lat="40.793202" lon="-73.974496">
        <ele>0</ele>
        <time>2026-06-17T22:13:56.000Z</time>
      </trkpt>
      <trkpt lat="40.793197" lon="-73.974483">
        <ele>0</ele>
        <time>2026-06-17T22:13:57.000Z</time>
      </trkpt>
      <trkpt lat="40.793192" lon="-73.97447">
        <ele>0</ele>
        <time>2026-06-17T22:13:58.000Z</time>
      </trkpt>
      <trkpt lat="40.793187" lon="-73.974456">
        <ele>0</ele>
        <time>2026-06-17T22:13:59.000Z</time>
      </trkpt>
      <trkpt lat="40.793182" lon="-73.974443">
        <ele>0</ele>
        <time>2026-06-17T22:14:00.000Z</time>
      </trkpt>
      <trkpt lat="40.793177" lon="-73.97443">
        <ele>0</ele>
        <time>2026-06-17T22:14:01.000Z</time>
      </trkpt>
      <trkpt lat="40.793172" lon="-73.974417">
        <ele>0</ele>
        <time>2026-06-17T22:14:02.000Z</time>
      </trkpt>
      <trkpt lat="40.793167" lon="-73.974404">
        <ele>0</ele>
        <time>2026-06-17T22:14:03.000Z</time>
      </trkpt>
      <trkpt lat="40.793162" lon="-73.974391">
        <ele>0</ele>
        <time>2026-06-17T22:14:04.000Z</time>
      </trkpt>
      <trkpt lat="40.793157" lon="-73.974378">
        <ele>0</ele>
        <time>2026-06-17T22:14:05.000Z</time>
      </trkpt>
      <trkpt lat="40.793152" lon="-73.974365">
        <ele>0</ele>
        <time>2026-06-17T22:14:06.000Z</time>
      </trkpt>
      <trkpt lat="40.793147" lon="-73.974352">
        <ele>0</ele>
        <time>2026-06-17T22:14:07.000Z</time>
      </trkpt>
      <trkpt lat="40.793142" lon="-73.97434">
        <ele>0</ele>
        <time>2026-06-17T22:14:08.000Z</time>
      </trkpt>
      <trkpt lat="40.793137" lon="-73.974327">
        <ele>0</ele>
        <time>2026-06-17T22:14:09.000Z</time>
      </trkpt>
      <trkpt lat="40.793132" lon="-73.974314">
        <ele>0</ele>
        <time>2026-06-17T22:14:10.000Z</time>
      </trkpt>
      <trkpt lat="40.793127" lon="-73.974301">
        <ele>0</ele>
        <time>2026-06-17T22:14:11.000Z</time>
      </trkpt>
      <trkpt lat="40.793122" lon="-73.974289">
        <ele>0</ele>
        <time>2026-06-17T22:14:12.000Z</time>
      </trkpt>
      <trkpt lat="40.793117" lon="-73.974276">
        <ele>0</ele>
        <time>2026-06-17T22:14:13.000Z</time>
      </trkpt>
      <trkpt lat="40.793112" lon="-73.974264">
        <ele>0</ele>
        <time>2026-06-17T22:14:14.000Z</time>
      </trkpt>
      <trkpt lat="40.793107" lon="-73.974251">
        <ele>0</ele>
        <time>2026-06-17T22:14:15.000Z</time>
      </trkpt>
      <trkpt lat="40.793102" lon="-73.974239">
        <ele>0</ele>
        <time>2026-06-17T22:14:16.000Z</time>
      </trkpt>
      <trkpt lat="40.793097" lon="-73.974227">
        <ele>0</ele>
        <time>2026-06-17T22:14:17.000Z</time>
      </trkpt>
      <trkpt lat="40.793092" lon="-73.974214">
        <ele>0</ele>
        <time>2026-06-17T22:14:18.000Z</time>
      </trkpt>
      <trkpt lat="40.793087" lon="-73.974202">
        <ele>0</ele>
        <time>2026-06-17T22:14:19.000Z</time>
      </trkpt>
      <trkpt lat="40.793082" lon="-73.97419">
        <ele>0</ele>
        <time>2026-06-17T22:14:20.000Z</time>
      </trkpt>
      <trkpt lat="40.793077" lon="-73.974178">
        <ele>0</ele>
        <time>2026-06-17T22:14:21.000Z</time>
      </trkpt>
      <trkpt lat="40.793072" lon="-73.974165">
        <ele>0</ele>
        <time>2026-06-17T22:14:22.000Z</time>
      </trkpt>
      <trkpt lat="40.793067" lon="-73.974153">
        <ele>0</ele>
        <time>2026-06-17T22:14:23.000Z</time>
      </trkpt>
      <trkpt lat="40.793062" lon="-73.974141">
        <ele>0</ele>
        <time>2026-06-17T22:14:24.000Z</time>
      </trkpt>
      <trkpt lat="40.793057" lon="-73.974129">
        <ele>0</ele>
        <time>2026-06-17T22:14:25.000Z</time>
      </trkpt>
      <trkpt lat="40.793053" lon="-73.974118">
        <ele>0</ele>
        <time>2026-06-17T22:14:26.000Z</time>
      </trkpt>
      <trkpt lat="40.793048" lon="-73.974106">
        <ele>0</ele>
        <time>2026-06-17T22:14:27.000Z</time>
      </trkpt>
      <trkpt lat="40.793043" lon="-73.974094">
        <ele>0</ele>
        <time>2026-06-17T22:14:28.000Z</time>
      </trkpt>
      <trkpt lat="40.793038" lon="-73.974082">
        <ele>0</ele>
        <time>2026-06-17T22:14:29.000Z</time>
      </trkpt>
      <trkpt lat="40.793033" lon="-73.974071">
        <ele>0</ele>
        <time>2026-06-17T22:14:30.000Z</time>
      </trkpt>
      <trkpt lat="40.793028" lon="-73.974059">
        <ele>0</ele>
        <time>2026-06-17T22:14:31.000Z</time>
      </trkpt>
      <trkpt lat="40.793023" lon="-73.974048">
        <ele>0</ele>
        <time>2026-06-17T22:14:32.000Z</time>
      </trkpt>
      <trkpt lat="40.793019" lon="-73.974036">
        <ele>0</ele>
        <time>2026-06-17T22:14:33.000Z</time>
      </trkpt>
      <trkpt lat="40.793014" lon="-73.974025">
        <ele>0</ele>
        <time>2026-06-17T22:14:34.000Z</time>
      </trkpt>
      <trkpt lat="40.793009" lon="-73.974014">
        <ele>0</ele>
        <time>2026-06-17T22:14:35.000Z</time>
      </trkpt>
      <trkpt lat="40.793005" lon="-73.974003">
        <ele>0</ele>
        <time>2026-06-17T22:14:36.000Z</time>
      </trkpt>
      <trkpt lat="40.793" lon="-73.973992">
        <ele>0</ele>
        <time>2026-06-17T22:14:37.000Z</time>
      </trkpt>
      <trkpt lat="40.792995" lon="-73.973981">
        <ele>0</ele>
        <time>2026-06-17T22:14:38.000Z</time>
      </trkpt>
      <trkpt lat="40.792991" lon="-73.97397">
        <ele>0</ele>
        <time>2026-06-17T22:14:39.000Z</time>
      </trkpt>
      <trkpt lat="40.792986" lon="-73.97396">
        <ele>0</ele>
        <time>2026-06-17T22:14:40.000Z</time>
      </trkpt>
      <trkpt lat="40.792981" lon="-73.973949">
        <ele>0</ele>
        <time>2026-06-17T22:14:41.000Z</time>
      </trkpt>
      <trkpt lat="40.792977" lon="-73.973939">
        <ele>0</ele>
        <time>2026-06-17T22:14:42.000Z</time>
      </trkpt>
      <trkpt lat="40.792972" lon="-73.973928">
        <ele>0</ele>
        <time>2026-06-17T22:14:43.000Z</time>
      </trkpt>
      <trkpt lat="40.792968" lon="-73.973918">
        <ele>0</ele>
        <time>2026-06-17T22:14:44.000Z</time>
      </trkpt>
      <trkpt lat="40.792963" lon="-73.973907">
        <ele>0</ele>
        <time>2026-06-17T22:14:45.000Z</time>
      </trkpt>
      <trkpt lat="40.792959" lon="-73.973897">
        <ele>0</ele>
        <time>2026-06-17T22:14:46.000Z</time>
      </trkpt>
      <trkpt lat="40.792954" lon="-73.973886">
        <ele>0</ele>
        <time>2026-06-17T22:14:47.000Z</time>
      </trkpt>
      <trkpt lat="40.79295" lon="-73.973876">
        <ele>0</ele>
        <time>2026-06-17T22:14:48.000Z</time>
      </trkpt>
      <trkpt lat="40.792945" lon="-73.973866">
        <ele>0</ele>
        <time>2026-06-17T22:14:49.000Z</time>
      </trkpt>
      <trkpt lat="40.792941" lon="-73.973855">
        <ele>0</ele>
        <time>2026-06-17T22:14:50.000Z</time>
      </trkpt>
      <trkpt lat="40.792937" lon="-73.973845">
        <ele>0</ele>
        <time>2026-06-17T22:14:51.000Z</time>
      </trkpt>
      <trkpt lat="40.792932" lon="-73.973834">
        <ele>0</ele>
        <time>2026-06-17T22:14:52.000Z</time>
      </trkpt>
      <trkpt lat="40.792928" lon="-73.973824">
        <ele>0</ele>
        <time>2026-06-17T22:14:53.000Z</time>
      </trkpt>
      <trkpt lat="40.792923" lon="-73.973813">
        <ele>0</ele>
        <time>2026-06-17T22:14:54.000Z</time>
      </trkpt>
      <trkpt lat="40.792919" lon="-73.973802">
        <ele>0</ele>
        <time>2026-06-17T22:14:55.000Z</time>
      </trkpt>
      <trkpt lat="40.792915" lon="-73.973791">
        <ele>0</ele>
        <time>2026-06-17T22:14:56.000Z</time>
      </trkpt>
      <trkpt lat="40.79291" lon="-73.97378">
        <ele>0</ele>
        <time>2026-06-17T22:14:57.000Z</time>
      </trkpt>
      <trkpt lat="40.792906" lon="-73.973769">
        <ele>0</ele>
        <time>2026-06-17T22:14:58.000Z</time>
      </trkpt>
      <trkpt lat="40.792902" lon="-73.973757">
        <ele>0</ele>
        <time>2026-06-17T22:14:59.000Z</time>
      </trkpt>
      <trkpt lat="40.792897" lon="-73.973746">
        <ele>0</ele>
        <time>2026-06-17T22:15:00.000Z</time>
      </trkpt>
      <trkpt lat="40.792893" lon="-73.973734">
        <ele>0</ele>
        <time>2026-06-17T22:15:01.000Z</time>
      </trkpt>
      <trkpt lat="40.792889" lon="-73.973722">
        <ele>0</ele>
        <time>2026-06-17T22:15:02.000Z</time>
      </trkpt>
      <trkpt lat="40.792885" lon="-73.97371">
        <ele>0</ele>
        <time>2026-06-17T22:15:03.000Z</time>
      </trkpt>
      <trkpt lat="40.792881" lon="-73.973697">
        <ele>0</ele>
        <time>2026-06-17T22:15:04.000Z</time>
      </trkpt>
      <trkpt lat="40.792877" lon="-73.973685">
        <ele>0</ele>
        <time>2026-06-17T22:15:05.000Z</time>
      </trkpt>
      <trkpt lat="40.792873" lon="-73.973672">
        <ele>0</ele>
        <time>2026-06-17T22:15:06.000Z</time>
      </trkpt>
      <trkpt lat="40.792869" lon="-73.973659">
        <ele>0</ele>
        <time>2026-06-17T22:15:07.000Z</time>
      </trkpt>
      <trkpt lat="40.792866" lon="-73.973646">
        <ele>0</ele>
        <time>2026-06-17T22:15:08.000Z</time>
      </trkpt>
      <trkpt lat="40.792862" lon="-73.973633">
        <ele>0</ele>
        <time>2026-06-17T22:15:09.000Z</time>
      </trkpt>
      <trkpt lat="40.792858" lon="-73.97362">
        <ele>0</ele>
        <time>2026-06-17T22:15:10.000Z</time>
      </trkpt>
      <trkpt lat="40.792855" lon="-73.973606">
        <ele>0</ele>
        <time>2026-06-17T22:15:11.000Z</time>
      </trkpt>
      <trkpt lat="40.792852" lon="-73.973592">
        <ele>0</ele>
        <time>2026-06-17T22:15:12.000Z</time>
      </trkpt>
      <trkpt lat="40.792849" lon="-73.973579">
        <ele>0</ele>
        <time>2026-06-17T22:15:13.000Z</time>
      </trkpt>
      <trkpt lat="40.792847" lon="-73.973565">
        <ele>0</ele>
        <time>2026-06-17T22:15:14.000Z</time>
      </trkpt>
      <trkpt lat="40.792844" lon="-73.973551">
        <ele>0</ele>
        <time>2026-06-17T22:15:15.000Z</time>
      </trkpt>
      <trkpt lat="40.792842" lon="-73.973537">
        <ele>0</ele>
        <time>2026-06-17T22:15:16.000Z</time>
      </trkpt>
      <trkpt lat="40.79284" lon="-73.973523">
        <ele>0</ele>
        <time>2026-06-17T22:15:17.000Z</time>
      </trkpt>
      <trkpt lat="40.792837" lon="-73.973509">
        <ele>0</ele>
        <time>2026-06-17T22:15:18.000Z</time>
      </trkpt>
      <trkpt lat="40.792835" lon="-73.973495">
        <ele>0</ele>
        <time>2026-06-17T22:15:19.000Z</time>
      </trkpt>
      <trkpt lat="40.792834" lon="-73.973481">
        <ele>0</ele>
        <time>2026-06-17T22:15:20.000Z</time>
      </trkpt>
      <trkpt lat="40.792832" lon="-73.973467">
        <ele>0</ele>
        <time>2026-06-17T22:15:21.000Z</time>
      </trkpt>
      <trkpt lat="40.79283" lon="-73.973453">
        <ele>0</ele>
        <time>2026-06-17T22:15:22.000Z</time>
      </trkpt>
      <trkpt lat="40.792827" lon="-73.97344">
        <ele>0</ele>
        <time>2026-06-17T22:15:23.000Z</time>
      </trkpt>
      <trkpt lat="40.792825" lon="-73.973427">
        <ele>0</ele>
        <time>2026-06-17T22:15:24.000Z</time>
      </trkpt>
      <trkpt lat="40.792822" lon="-73.973414">
        <ele>0</ele>
        <time>2026-06-17T22:15:25.000Z</time>
      </trkpt>
      <trkpt lat="40.792818" lon="-73.973402">
        <ele>0</ele>
        <time>2026-06-17T22:15:26.000Z</time>
      </trkpt>
      <trkpt lat="40.792814" lon="-73.97339">
        <ele>0</ele>
        <time>2026-06-17T22:15:27.000Z</time>
      </trkpt>
      <trkpt lat="40.79281" lon="-73.973378">
        <ele>0</ele>
        <time>2026-06-17T22:15:28.000Z</time>
      </trkpt>
      <trkpt lat="40.792806" lon="-73.973366">
        <ele>0</ele>
        <time>2026-06-17T22:15:29.000Z</time>
      </trkpt>
      <trkpt lat="40.792801" lon="-73.973353">
        <ele>0</ele>
        <time>2026-06-17T22:15:30.000Z</time>
      </trkpt>
      <trkpt lat="40.792797" lon="-73.97334">
        <ele>0</ele>
        <time>2026-06-17T22:15:31.000Z</time>
      </trkpt>
      <trkpt lat="40.792794" lon="-73.973328">
        <ele>0</ele>
        <time>2026-06-17T22:15:32.000Z</time>
      </trkpt>
      <trkpt lat="40.792793" lon="-73.973318">
        <ele>0</ele>
        <time>2026-06-17T22:15:33.000Z</time>
      </trkpt>
      <trkpt lat="40.792796" lon="-73.973309">
        <ele>0</ele>
        <time>2026-06-17T22:15:34.000Z</time>
      </trkpt>
      <trkpt lat="40.792803" lon="-73.973301">
        <ele>0</ele>
        <time>2026-06-17T22:15:35.000Z</time>
      </trkpt>
      <trkpt lat="40.792813" lon="-73.973294">
        <ele>0</ele>
        <time>2026-06-17T22:15:36.000Z</time>
      </trkpt>
      <trkpt lat="40.792823" lon="-73.973286">
        <ele>0</ele>
        <time>2026-06-17T22:15:37.000Z</time>
      </trkpt>
      <trkpt lat="40.792835" lon="-73.973278">
        <ele>0</ele>
        <time>2026-06-17T22:15:38.000Z</time>
      </trkpt>
      <trkpt lat="40.792846" lon="-73.973271">
        <ele>0</ele>
        <time>2026-06-17T22:15:39.000Z</time>
      </trkpt>
      <trkpt lat="40.792857" lon="-73.973263">
        <ele>0</ele>
        <time>2026-06-17T22:15:40.000Z</time>
      </trkpt>
      <trkpt lat="40.792869" lon="-73.973254">
        <ele>0</ele>
        <time>2026-06-17T22:15:41.000Z</time>
      </trkpt>
      <trkpt lat="40.792881" lon="-73.973246">
        <ele>0</ele>
        <time>2026-06-17T22:15:42.000Z</time>
      </trkpt>
      <trkpt lat="40.792892" lon="-73.973238">
        <ele>0</ele>
        <time>2026-06-17T22:15:43.000Z</time>
      </trkpt>
      <trkpt lat="40.792904" lon="-73.97323">
        <ele>0</ele>
        <time>2026-06-17T22:15:44.000Z</time>
      </trkpt>
      <trkpt lat="40.792915" lon="-73.973222">
        <ele>0</ele>
        <time>2026-06-17T22:15:45.000Z</time>
      </trkpt>
      <trkpt lat="40.792927" lon="-73.973213">
        <ele>0</ele>
        <time>2026-06-17T22:15:46.000Z</time>
      </trkpt>
      <trkpt lat="40.792938" lon="-73.973205">
        <ele>0</ele>
        <time>2026-06-17T22:15:47.000Z</time>
      </trkpt>
      <trkpt lat="40.792949" lon="-73.973197">
        <ele>0</ele>
        <time>2026-06-17T22:15:48.000Z</time>
      </trkpt>
      <trkpt lat="40.792961" lon="-73.97319">
        <ele>0</ele>
        <time>2026-06-17T22:15:49.000Z</time>
      </trkpt>
      <trkpt lat="40.792972" lon="-73.973182">
        <ele>0</ele>
        <time>2026-06-17T22:15:50.000Z</time>
      </trkpt>
      <trkpt lat="40.792983" lon="-73.973174">
        <ele>0</ele>
        <time>2026-06-17T22:15:51.000Z</time>
      </trkpt>
      <trkpt lat="40.792993" lon="-73.973167">
        <ele>0</ele>
        <time>2026-06-17T22:15:52.000Z</time>
      </trkpt>
      <trkpt lat="40.793004" lon="-73.97316">
        <ele>0</ele>
        <time>2026-06-17T22:15:53.000Z</time>
      </trkpt>
      <trkpt lat="40.793014" lon="-73.973152">
        <ele>0</ele>
        <time>2026-06-17T22:15:55.000Z</time>
      </trkpt>
      <trkpt lat="40.793024" lon="-73.973145">
        <ele>0</ele>
        <time>2026-06-17T22:15:56.000Z</time>
      </trkpt>
      <trkpt lat="40.793035" lon="-73.973137">
        <ele>0</ele>
        <time>2026-06-17T22:15:57.000Z</time>
      </trkpt>
      <trkpt lat="40.793046" lon="-73.973129">
        <ele>0</ele>
        <time>2026-06-17T22:15:58.000Z</time>
      </trkpt>
      <trkpt lat="40.793057" lon="-73.973121">
        <ele>0</ele>
        <time>2026-06-17T22:15:59.000Z</time>
      </trkpt>
      <trkpt lat="40.793068" lon="-73.973113">
        <ele>0</ele>
        <time>2026-06-17T22:16:00.000Z</time>
      </trkpt>
      <trkpt lat="40.793079" lon="-73.973104">
        <ele>0</ele>
        <time>2026-06-17T22:16:01.000Z</time>
      </trkpt>
      <trkpt lat="40.79309" lon="-73.973096">
        <ele>0</ele>
        <time>2026-06-17T22:16:02.000Z</time>
      </trkpt>
      <trkpt lat="40.793101" lon="-73.973088">
        <ele>0</ele>
        <time>2026-06-17T22:16:03.000Z</time>
      </trkpt>
      <trkpt lat="40.793112" lon="-73.97308">
        <ele>0</ele>
        <time>2026-06-17T22:16:04.000Z</time>
      </trkpt>
      <trkpt lat="40.793123" lon="-73.973071">
        <ele>0</ele>
        <time>2026-06-17T22:16:05.000Z</time>
      </trkpt>
      <trkpt lat="40.793135" lon="-73.973063">
        <ele>0</ele>
        <time>2026-06-17T22:16:06.000Z</time>
      </trkpt>
      <trkpt lat="40.793146" lon="-73.973055">
        <ele>0</ele>
        <time>2026-06-17T22:16:07.000Z</time>
      </trkpt>
      <trkpt lat="40.793157" lon="-73.973046">
        <ele>0</ele>
        <time>2026-06-17T22:16:08.000Z</time>
      </trkpt>
      <trkpt lat="40.793168" lon="-73.973038">
        <ele>0</ele>
        <time>2026-06-17T22:16:09.000Z</time>
      </trkpt>
      <trkpt lat="40.793179" lon="-73.97303">
        <ele>0</ele>
        <time>2026-06-17T22:16:10.000Z</time>
      </trkpt>
      <trkpt lat="40.79319" lon="-73.973021">
        <ele>0</ele>
        <time>2026-06-17T22:16:11.000Z</time>
      </trkpt>
      <trkpt lat="40.7932" lon="-73.973013">
        <ele>0</ele>
        <time>2026-06-17T22:16:12.000Z</time>
      </trkpt>
      <trkpt lat="40.79321" lon="-73.973006">
        <ele>0</ele>
        <time>2026-06-17T22:16:13.000Z</time>
      </trkpt>
      <trkpt lat="40.79322" lon="-73.972998">
        <ele>0</ele>
        <time>2026-06-17T22:16:14.000Z</time>
      </trkpt>
      <trkpt lat="40.793228" lon="-73.972991">
        <ele>0</ele>
        <time>2026-06-17T22:16:15.000Z</time>
      </trkpt>
      <trkpt lat="40.793236" lon="-73.972985">
        <ele>0</ele>
        <time>2026-06-17T22:16:16.000Z</time>
      </trkpt>
      <trkpt lat="40.793241" lon="-73.972981">
        <ele>0</ele>
        <time>2026-06-17T22:16:17.000Z</time>
      </trkpt>
      <trkpt lat="40.793245" lon="-73.972977">
        <ele>0</ele>
        <time>2026-06-17T22:16:18.000Z</time>
      </trkpt>
      <trkpt lat="40.793249" lon="-73.972973">
        <ele>0</ele>
        <time>2026-06-17T22:16:19.000Z</time>
      </trkpt>
      <trkpt lat="40.793255" lon="-73.972968">
        <ele>0</ele>
        <time>2026-06-17T22:16:20.000Z</time>
      </trkpt>
      <trkpt lat="40.793263" lon="-73.972962">
        <ele>0</ele>
        <time>2026-06-17T22:16:21.000Z</time>
      </trkpt>
      <trkpt lat="40.793272" lon="-73.972955">
        <ele>0</ele>
        <time>2026-06-17T22:16:22.000Z</time>
      </trkpt>
      <trkpt lat="40.793281" lon="-73.972947">
        <ele>0</ele>
        <time>2026-06-17T22:16:23.000Z</time>
      </trkpt>
      <trkpt lat="40.793291" lon="-73.97294">
        <ele>0</ele>
        <time>2026-06-17T22:16:24.000Z</time>
      </trkpt>
      <trkpt lat="40.7933" lon="-73.972932">
        <ele>0</ele>
        <time>2026-06-17T22:16:25.000Z</time>
      </trkpt>
      <trkpt lat="40.79331" lon="-73.972924">
        <ele>0</ele>
        <time>2026-06-17T22:16:26.000Z</time>
      </trkpt>
      <trkpt lat="40.79332" lon="-73.972916">
        <ele>0</ele>
        <time>2026-06-17T22:16:27.000Z</time>
      </trkpt>
      <trkpt lat="40.79333" lon="-73.972908">
        <ele>0</ele>
        <time>2026-06-17T22:16:28.000Z</time>
      </trkpt>
      <trkpt lat="40.79334" lon="-73.972899">
        <ele>0</ele>
        <time>2026-06-17T22:16:29.000Z</time>
      </trkpt>
      <trkpt lat="40.793349" lon="-73.97289">
        <ele>0</ele>
        <time>2026-06-17T22:16:30.000Z</time>
      </trkpt>
      <trkpt lat="40.793355" lon="-73.972881">
        <ele>0</ele>
        <time>2026-06-17T22:16:31.000Z</time>
      </trkpt>
      <trkpt lat="40.793357" lon="-73.972869">
        <ele>0</ele>
        <time>2026-06-17T22:16:32.000Z</time>
      </trkpt>
      <trkpt lat="40.793355" lon="-73.972856">
        <ele>0</ele>
        <time>2026-06-17T22:16:33.000Z</time>
      </trkpt>
      <trkpt lat="40.793351" lon="-73.972841">
        <ele>0</ele>
        <time>2026-06-17T22:16:34.000Z</time>
      </trkpt>
      <trkpt lat="40.793346" lon="-73.972825">
        <ele>0</ele>
        <time>2026-06-17T22:16:35.000Z</time>
      </trkpt>
      <trkpt lat="40.793341" lon="-73.972812">
        <ele>0</ele>
        <time>2026-06-17T22:16:36.000Z</time>
      </trkpt>
      <trkpt lat="40.793335" lon="-73.972796">
        <ele>0</ele>
        <time>2026-06-17T22:16:37.000Z</time>
      </trkpt>
      <trkpt lat="40.79333" lon="-73.972781">
        <ele>0</ele>
        <time>2026-06-17T22:16:38.000Z</time>
      </trkpt>
      <trkpt lat="40.793325" lon="-73.972768">
        <ele>0</ele>
        <time>2026-06-17T22:16:39.000Z</time>
      </trkpt>
      <trkpt lat="40.79332" lon="-73.972753">
        <ele>0</ele>
        <time>2026-06-17T22:16:40.000Z</time>
      </trkpt>
      <trkpt lat="40.793315" lon="-73.972738">
        <ele>0</ele>
        <time>2026-06-17T22:16:41.000Z</time>
      </trkpt>
      <trkpt lat="40.793309" lon="-73.972723">
        <ele>0</ele>
        <time>2026-06-17T22:16:42.000Z</time>
      </trkpt>
      <trkpt lat="40.793303" lon="-73.972709">
        <ele>0</ele>
        <time>2026-06-17T22:16:43.000Z</time>
      </trkpt>
      <trkpt lat="40.793297" lon="-73.972694">
        <ele>0</ele>
        <time>2026-06-17T22:16:44.000Z</time>
      </trkpt>
      <trkpt lat="40.793291" lon="-73.972679">
        <ele>0</ele>
        <time>2026-06-17T22:16:45.000Z</time>
      </trkpt>
      <trkpt lat="40.793285" lon="-73.972664">
        <ele>0</ele>
        <time>2026-06-17T22:16:46.000Z</time>
      </trkpt>
      <trkpt lat="40.793279" lon="-73.97265">
        <ele>0</ele>
        <time>2026-06-17T22:16:47.000Z</time>
      </trkpt>
      <trkpt lat="40.793273" lon="-73.972635">
        <ele>0</ele>
        <time>2026-06-17T22:16:48.000Z</time>
      </trkpt>
      <trkpt lat="40.793267" lon="-73.97262">
        <ele>0</ele>
        <time>2026-06-17T22:16:49.000Z</time>
      </trkpt>
      <trkpt lat="40.793261" lon="-73.972606">
        <ele>0</ele>
        <time>2026-06-17T22:16:50.000Z</time>
      </trkpt>
      <trkpt lat="40.793256" lon="-73.972593">
        <ele>0</ele>
        <time>2026-06-17T22:16:51.000Z</time>
      </trkpt>
      <trkpt lat="40.79325" lon="-73.97258">
        <ele>0</ele>
        <time>2026-06-17T22:16:52.000Z</time>
      </trkpt>
      <trkpt lat="40.793245" lon="-73.972567">
        <ele>0</ele>
        <time>2026-06-17T22:16:53.000Z</time>
      </trkpt>
      <trkpt lat="40.79324" lon="-73.972554">
        <ele>0</ele>
        <time>2026-06-17T22:16:54.000Z</time>
      </trkpt>
      <trkpt lat="40.793234" lon="-73.972541">
        <ele>0</ele>
        <time>2026-06-17T22:16:55.000Z</time>
      </trkpt>
      <trkpt lat="40.793228" lon="-73.972527">
        <ele>0</ele>
        <time>2026-06-17T22:16:56.000Z</time>
      </trkpt>
      <trkpt lat="40.793223" lon="-73.972514">
        <ele>0</ele>
        <time>2026-06-17T22:16:57.000Z</time>
      </trkpt>
      <trkpt lat="40.793217" lon="-73.9725">
        <ele>0</ele>
        <time>2026-06-17T22:16:58.000Z</time>
      </trkpt>
      <trkpt lat="40.793212" lon="-73.972487">
        <ele>0</ele>
        <time>2026-06-17T22:16:59.000Z</time>
      </trkpt>
      <trkpt lat="40.793206" lon="-73.972474">
        <ele>0</ele>
        <time>2026-06-17T22:17:00.000Z</time>
      </trkpt>
      <trkpt lat="40.793201" lon="-73.972461">
        <ele>0</ele>
        <time>2026-06-17T22:17:01.000Z</time>
      </trkpt>
      <trkpt lat="40.793195" lon="-73.972448">
        <ele>0</ele>
        <time>2026-06-17T22:17:02.000Z</time>
      </trkpt>
      <trkpt lat="40.79319" lon="-73.972435">
        <ele>0</ele>
        <time>2026-06-17T22:17:03.000Z</time>
      </trkpt>
      <trkpt lat="40.793185" lon="-73.972423">
        <ele>0</ele>
        <time>2026-06-17T22:17:04.000Z</time>
      </trkpt>
      <trkpt lat="40.793179" lon="-73.97241">
        <ele>0</ele>
        <time>2026-06-17T22:17:05.000Z</time>
      </trkpt>
      <trkpt lat="40.793175" lon="-73.972398">
        <ele>0</ele>
        <time>2026-06-17T22:17:06.000Z</time>
      </trkpt>
      <trkpt lat="40.79317" lon="-73.972387">
        <ele>0</ele>
        <time>2026-06-17T22:17:07.000Z</time>
      </trkpt>
      <trkpt lat="40.793165" lon="-73.972375">
        <ele>0</ele>
        <time>2026-06-17T22:17:08.000Z</time>
      </trkpt>
      <trkpt lat="40.79316" lon="-73.972363">
        <ele>0</ele>
        <time>2026-06-17T22:17:09.000Z</time>
      </trkpt>
      <trkpt lat="40.793155" lon="-73.972351">
        <ele>0</ele>
        <time>2026-06-17T22:17:10.000Z</time>
      </trkpt>
      <trkpt lat="40.793151" lon="-73.972339">
        <ele>0</ele>
        <time>2026-06-17T22:17:11.000Z</time>
      </trkpt>
      <trkpt lat="40.793146" lon="-73.972327">
        <ele>0</ele>
        <time>2026-06-17T22:17:12.000Z</time>
      </trkpt>
      <trkpt lat="40.793141" lon="-73.972315">
        <ele>0</ele>
        <time>2026-06-17T22:17:13.000Z</time>
      </trkpt>
      <trkpt lat="40.793137" lon="-73.972302">
        <ele>0</ele>
        <time>2026-06-17T22:17:14.000Z</time>
      </trkpt>
      <trkpt lat="40.793132" lon="-73.97229">
        <ele>0</ele>
        <time>2026-06-17T22:17:15.000Z</time>
      </trkpt>
      <trkpt lat="40.793127" lon="-73.972278">
        <ele>0</ele>
        <time>2026-06-17T22:17:16.000Z</time>
      </trkpt>
      <trkpt lat="40.793123" lon="-73.972266">
        <ele>0</ele>
        <time>2026-06-17T22:17:17.000Z</time>
      </trkpt>
      <trkpt lat="40.793118" lon="-73.972254">
        <ele>0</ele>
        <time>2026-06-17T22:17:18.000Z</time>
      </trkpt>
      <trkpt lat="40.793114" lon="-73.972242">
        <ele>0</ele>
        <time>2026-06-17T22:17:19.000Z</time>
      </trkpt>
      <trkpt lat="40.793109" lon="-73.97223">
        <ele>0</ele>
        <time>2026-06-17T22:17:20.000Z</time>
      </trkpt>
      <trkpt lat="40.793104" lon="-73.972217">
        <ele>0</ele>
        <time>2026-06-17T22:17:21.000Z</time>
      </trkpt>
      <trkpt lat="40.793099" lon="-73.972204">
        <ele>0</ele>
        <time>2026-06-17T22:17:22.000Z</time>
      </trkpt>
      <trkpt lat="40.793095" lon="-73.972192">
        <ele>0</ele>
        <time>2026-06-17T22:17:23.000Z</time>
      </trkpt>
      <trkpt lat="40.793087" lon="-73.972172">
        <ele>0</ele>
        <time>2026-06-17T22:17:24.000Z</time>
      </trkpt>
      <trkpt lat="40.793079" lon="-73.972151">
        <ele>0</ele>
        <time>2026-06-17T22:17:25.000Z</time>
      </trkpt>
      <trkpt lat="40.793067" lon="-73.972121">
        <ele>0</ele>
        <time>2026-06-17T22:17:26.000Z</time>
      </trkpt>
      <trkpt lat="40.793055" lon="-73.97209">
        <ele>0</ele>
        <time>2026-06-17T22:17:27.000Z</time>
      </trkpt>
      <trkpt lat="40.793045" lon="-73.972064">
        <ele>0</ele>
        <time>2026-06-17T22:17:28.000Z</time>
      </trkpt>
      <trkpt lat="40.793035" lon="-73.972039">
        <ele>0</ele>
        <time>2026-06-17T22:17:29.000Z</time>
      </trkpt>
      <trkpt lat="40.793026" lon="-73.972015">
        <ele>0</ele>
        <time>2026-06-17T22:17:30.000Z</time>
      </trkpt>
      <trkpt lat="40.793019" lon="-73.971995">
        <ele>0</ele>
        <time>2026-06-17T22:17:31.000Z</time>
      </trkpt>
      <trkpt lat="40.793012" lon="-73.971978">
        <ele>0</ele>
        <time>2026-06-17T22:17:32.000Z</time>
      </trkpt>
      <trkpt lat="40.793006" lon="-73.971962">
        <ele>0</ele>
        <time>2026-06-17T22:17:33.000Z</time>
      </trkpt>
      <trkpt lat="40.793001" lon="-73.971948">
        <ele>0</ele>
        <time>2026-06-17T22:17:34.000Z</time>
      </trkpt>
      <trkpt lat="40.792995" lon="-73.971934">
        <ele>0</ele>
        <time>2026-06-17T22:17:35.000Z</time>
      </trkpt>
      <trkpt lat="40.79299" lon="-73.97192">
        <ele>0</ele>
        <time>2026-06-17T22:17:36.000Z</time>
      </trkpt>
      <trkpt lat="40.792985" lon="-73.971907">
        <ele>0</ele>
        <time>2026-06-17T22:17:37.000Z</time>
      </trkpt>
      <trkpt lat="40.79298" lon="-73.971894">
        <ele>0</ele>
        <time>2026-06-17T22:17:38.000Z</time>
      </trkpt>
      <trkpt lat="40.792975" lon="-73.97188">
        <ele>0</ele>
        <time>2026-06-17T22:17:39.000Z</time>
      </trkpt>
      <trkpt lat="40.79297" lon="-73.971867">
        <ele>0</ele>
        <time>2026-06-17T22:17:40.000Z</time>
      </trkpt>
      <trkpt lat="40.792965" lon="-73.971854">
        <ele>0</ele>
        <time>2026-06-17T22:17:41.000Z</time>
      </trkpt>
      <trkpt lat="40.79296" lon="-73.971841">
        <ele>0</ele>
        <time>2026-06-17T22:17:42.000Z</time>
      </trkpt>
      <trkpt lat="40.792955" lon="-73.971829">
        <ele>0</ele>
        <time>2026-06-17T22:17:43.000Z</time>
      </trkpt>
      <trkpt lat="40.792951" lon="-73.971818">
        <ele>0</ele>
        <time>2026-06-17T22:17:44.000Z</time>
      </trkpt>
      <trkpt lat="40.792947" lon="-73.971808">
        <ele>0</ele>
        <time>2026-06-17T22:17:45.000Z</time>
      </trkpt>
      <trkpt lat="40.792945" lon="-73.971801">
        <ele>0</ele>
        <time>2026-06-17T22:17:46.000Z</time>
      </trkpt>
      <trkpt lat="40.792943" lon="-73.971797">
        <ele>0</ele>
        <time>2026-06-17T22:17:47.000Z</time>
      </trkpt>
      <trkpt lat="40.792942" lon="-73.971793">
        <ele>0</ele>
        <time>2026-06-17T22:17:48.000Z</time>
      </trkpt>
      <trkpt lat="40.79294" lon="-73.971788">
        <ele>0</ele>
        <time>2026-06-17T22:17:49.000Z</time>
      </trkpt>
      <trkpt lat="40.792938" lon="-73.971781">
        <ele>0</ele>
        <time>2026-06-17T22:17:50.000Z</time>
      </trkpt>
      <trkpt lat="40.792934" lon="-73.971771">
        <ele>0</ele>
        <time>2026-06-17T22:17:51.000Z</time>
      </trkpt>
      <trkpt lat="40.792929" lon="-73.971759">
        <ele>0</ele>
        <time>2026-06-17T22:17:52.000Z</time>
      </trkpt>
      <trkpt lat="40.792924" lon="-73.971746">
        <ele>0</ele>
        <time>2026-06-17T22:17:53.000Z</time>
      </trkpt>
      <trkpt lat="40.792919" lon="-73.971733">
        <ele>0</ele>
        <time>2026-06-17T22:17:54.000Z</time>
      </trkpt>
      <trkpt lat="40.792914" lon="-73.97172">
        <ele>0</ele>
        <time>2026-06-17T22:17:55.000Z</time>
      </trkpt>
      <trkpt lat="40.792908" lon="-73.971706">
        <ele>0</ele>
        <time>2026-06-17T22:17:56.000Z</time>
      </trkpt>
      <trkpt lat="40.792903" lon="-73.971692">
        <ele>0</ele>
        <time>2026-06-17T22:17:57.000Z</time>
      </trkpt>
      <trkpt lat="40.792897" lon="-73.971678">
        <ele>0</ele>
        <time>2026-06-17T22:17:58.000Z</time>
      </trkpt>
      <trkpt lat="40.792892" lon="-73.971664">
        <ele>0</ele>
        <time>2026-06-17T22:17:59.000Z</time>
      </trkpt>
      <trkpt lat="40.792886" lon="-73.971651">
        <ele>0</ele>
        <time>2026-06-17T22:18:00.000Z</time>
      </trkpt>
      <trkpt lat="40.792881" lon="-73.971638">
        <ele>0</ele>
        <time>2026-06-17T22:18:01.000Z</time>
      </trkpt>
      <trkpt lat="40.792875" lon="-73.971624">
        <ele>0</ele>
        <time>2026-06-17T22:18:02.000Z</time>
      </trkpt>
      <trkpt lat="40.79287" lon="-73.971611">
        <ele>0</ele>
        <time>2026-06-17T22:18:03.000Z</time>
      </trkpt>
      <trkpt lat="40.792865" lon="-73.971597">
        <ele>0</ele>
        <time>2026-06-17T22:18:04.000Z</time>
      </trkpt>
      <trkpt lat="40.792859" lon="-73.971584">
        <ele>0</ele>
        <time>2026-06-17T22:18:05.000Z</time>
      </trkpt>
      <trkpt lat="40.792854" lon="-73.971571">
        <ele>0</ele>
        <time>2026-06-17T22:18:06.000Z</time>
      </trkpt>
      <trkpt lat="40.792848" lon="-73.971558">
        <ele>0</ele>
        <time>2026-06-17T22:18:07.000Z</time>
      </trkpt>
      <trkpt lat="40.792843" lon="-73.971545">
        <ele>0</ele>
        <time>2026-06-17T22:18:08.000Z</time>
      </trkpt>
      <trkpt lat="40.792838" lon="-73.971532">
        <ele>0</ele>
        <time>2026-06-17T22:18:09.000Z</time>
      </trkpt>
      <trkpt lat="40.792832" lon="-73.971519">
        <ele>0</ele>
        <time>2026-06-17T22:18:10.000Z</time>
      </trkpt>
      <trkpt lat="40.792827" lon="-73.971507">
        <ele>0</ele>
        <time>2026-06-17T22:18:11.000Z</time>
      </trkpt>
      <trkpt lat="40.792822" lon="-73.971494">
        <ele>0</ele>
        <time>2026-06-17T22:18:12.000Z</time>
      </trkpt>
      <trkpt lat="40.792817" lon="-73.971482">
        <ele>0</ele>
        <time>2026-06-17T22:18:13.000Z</time>
      </trkpt>
      <trkpt lat="40.792812" lon="-73.97147">
        <ele>0</ele>
        <time>2026-06-17T22:18:14.000Z</time>
      </trkpt>
      <trkpt lat="40.792807" lon="-73.971457">
        <ele>0</ele>
        <time>2026-06-17T22:18:15.000Z</time>
      </trkpt>
      <trkpt lat="40.792801" lon="-73.971445">
        <ele>0</ele>
        <time>2026-06-17T22:18:16.000Z</time>
      </trkpt>
      <trkpt lat="40.792796" lon="-73.971432">
        <ele>0</ele>
        <time>2026-06-17T22:18:17.000Z</time>
      </trkpt>
      <trkpt lat="40.792791" lon="-73.971419">
        <ele>0</ele>
        <time>2026-06-17T22:18:18.000Z</time>
      </trkpt>
      <trkpt lat="40.792785" lon="-73.971407">
        <ele>0</ele>
        <time>2026-06-17T22:18:19.000Z</time>
      </trkpt>
      <trkpt lat="40.79278" lon="-73.971395">
        <ele>0</ele>
        <time>2026-06-17T22:18:20.000Z</time>
      </trkpt>
      <trkpt lat="40.792776" lon="-73.971385">
        <ele>0</ele>
        <time>2026-06-17T22:18:21.000Z</time>
      </trkpt>
      <trkpt lat="40.792772" lon="-73.971377">
        <ele>0</ele>
        <time>2026-06-17T22:18:22.000Z</time>
      </trkpt>
      <trkpt lat="40.79277" lon="-73.971371">
        <ele>0</ele>
        <time>2026-06-17T22:18:23.000Z</time>
      </trkpt>
      <trkpt lat="40.792768" lon="-73.971368">
        <ele>0</ele>
        <time>2026-06-17T22:18:24.000Z</time>
      </trkpt>
      <trkpt lat="40.792766" lon="-73.971365">
        <ele>0</ele>
        <time>2026-06-17T22:18:25.000Z</time>
      </trkpt>
      <trkpt lat="40.792765" lon="-73.971364">
        <ele>0</ele>
        <time>2026-06-17T22:18:26.000Z</time>
      </trkpt>
      <trkpt lat="40.792764" lon="-73.971362">
        <ele>0</ele>
        <time>2026-06-17T22:18:27.000Z</time>
      </trkpt>
      <trkpt lat="40.792763" lon="-73.971361">
        <ele>0</ele>
        <time>2026-06-17T22:18:28.000Z</time>
      </trkpt>
      <trkpt lat="40.792762" lon="-73.97136">
        <ele>0</ele>
        <time>2026-06-17T22:18:29.000Z</time>
      </trkpt>
      <trkpt lat="40.792761" lon="-73.971359">
        <ele>0</ele>
        <time>2026-06-17T22:18:30.000Z</time>
      </trkpt>
      <trkpt lat="40.79276" lon="-73.971359">
        <ele>0</ele>
        <time>2026-06-17T22:18:31.000Z</time>
      </trkpt>
      <trkpt lat="40.792759" lon="-73.971359">
        <ele>0</ele>
        <time>2026-06-17T22:18:32.000Z</time>
      </trkpt>
      <trkpt lat="40.792758" lon="-73.971359">
        <ele>0</ele>
        <time>2026-06-17T22:18:33.000Z</time>
      </trkpt>
      <trkpt lat="40.792756" lon="-73.971359">
        <ele>0</ele>
        <time>2026-06-17T22:18:34.000Z</time>
      </trkpt>
      <trkpt lat="40.792755" lon="-73.971359">
        <ele>0</ele>
        <time>2026-06-17T22:18:35.000Z</time>
      </trkpt>
      <trkpt lat="40.792753" lon="-73.971359">
        <ele>0</ele>
        <time>2026-06-17T22:18:36.000Z</time>
      </trkpt>
      <trkpt lat="40.792752" lon="-73.971359">
        <ele>0</ele>
        <time>2026-06-17T22:18:37.000Z</time>
      </trkpt>
      <trkpt lat="40.792751" lon="-73.971358">
        <ele>0</ele>
        <time>2026-06-17T22:18:38.000Z</time>
      </trkpt>
      <trkpt lat="40.792749" lon="-73.971357">
        <ele>0</ele>
        <time>2026-06-17T22:18:39.000Z</time>
      </trkpt>
      <trkpt lat="40.792748" lon="-73.971356">
        <ele>0</ele>
        <time>2026-06-17T22:18:40.000Z</time>
      </trkpt>
      <trkpt lat="40.792747" lon="-73.971356">
        <ele>0</ele>
        <time>2026-06-17T22:18:41.000Z</time>
      </trkpt>
      <trkpt lat="40.792746" lon="-73.971355">
        <ele>0</ele>
        <time>2026-06-17T22:18:42.000Z</time>
      </trkpt>
      <trkpt lat="40.792746" lon="-73.971355">
        <ele>0</ele>
        <time>2026-06-17T22:18:43.000Z</time>
      </trkpt>
      <trkpt lat="40.792745" lon="-73.971354">
        <ele>0</ele>
        <time>2026-06-17T22:18:44.000Z</time>
      </trkpt>
      <trkpt lat="40.792744" lon="-73.971354">
        <ele>0</ele>
        <time>2026-06-17T22:18:45.000Z</time>
      </trkpt>
      <trkpt lat="40.792743" lon="-73.971353">
        <ele>0</ele>
        <time>2026-06-17T22:18:46.000Z</time>
      </trkpt>
      <trkpt lat="40.792742" lon="-73.971353">
        <ele>0</ele>
        <time>2026-06-17T22:18:47.000Z</time>
      </trkpt>
      <trkpt lat="40.792741" lon="-73.971352">
        <ele>0</ele>
        <time>2026-06-17T22:18:48.000Z</time>
      </trkpt>
      <trkpt lat="40.79274" lon="-73.971351">
        <ele>0</ele>
        <time>2026-06-17T22:18:49.000Z</time>
      </trkpt>
      <trkpt lat="40.792738" lon="-73.971349">
        <ele>0</ele>
        <time>2026-06-17T22:18:50.000Z</time>
      </trkpt>
      <trkpt lat="40.792736" lon="-73.971346">
        <ele>0</ele>
        <time>2026-06-17T22:18:51.000Z</time>
      </trkpt>
      <trkpt lat="40.792734" lon="-73.971341">
        <ele>0</ele>
        <time>2026-06-17T22:18:52.000Z</time>
      </trkpt>
      <trkpt lat="40.79273" lon="-73.971333">
        <ele>0</ele>
        <time>2026-06-17T22:18:53.000Z</time>
      </trkpt>
      <trkpt lat="40.792726" lon="-73.971324">
        <ele>0</ele>
        <time>2026-06-17T22:18:55.000Z</time>
      </trkpt>
      <trkpt lat="40.792722" lon="-73.971316">
        <ele>0</ele>
        <time>2026-06-17T22:18:56.000Z</time>
      </trkpt>
      <trkpt lat="40.792719" lon="-73.97131">
        <ele>0</ele>
        <time>2026-06-17T22:18:57.000Z</time>
      </trkpt>
      <trkpt lat="40.792717" lon="-73.971306">
        <ele>0</ele>
        <time>2026-06-17T22:18:58.000Z</time>
      </trkpt>
      <trkpt lat="40.792715" lon="-73.971302">
        <ele>0</ele>
        <time>2026-06-17T22:18:59.000Z</time>
      </trkpt>
      <trkpt lat="40.792712" lon="-73.971297">
        <ele>0</ele>
        <time>2026-06-17T22:19:00.000Z</time>
      </trkpt>
      <trkpt lat="40.792708" lon="-73.971289">
        <ele>0</ele>
        <time>2026-06-17T22:19:01.000Z</time>
      </trkpt>
      <trkpt lat="40.792703" lon="-73.971277">
        <ele>0</ele>
        <time>2026-06-17T22:19:02.000Z</time>
      </trkpt>
      <trkpt lat="40.792697" lon="-73.971264">
        <ele>0</ele>
        <time>2026-06-17T22:19:03.000Z</time>
      </trkpt>
      <trkpt lat="40.792691" lon="-73.97125">
        <ele>0</ele>
        <time>2026-06-17T22:19:04.000Z</time>
      </trkpt>
      <trkpt lat="40.792684" lon="-73.971235">
        <ele>0</ele>
        <time>2026-06-17T22:19:05.000Z</time>
      </trkpt>
      <trkpt lat="40.792678" lon="-73.971221">
        <ele>0</ele>
        <time>2026-06-17T22:19:06.000Z</time>
      </trkpt>
      <trkpt lat="40.792672" lon="-73.971207">
        <ele>0</ele>
        <time>2026-06-17T22:19:07.000Z</time>
      </trkpt>
      <trkpt lat="40.792666" lon="-73.971193">
        <ele>0</ele>
        <time>2026-06-17T22:19:08.000Z</time>
      </trkpt>
      <trkpt lat="40.792659" lon="-73.971179">
        <ele>0</ele>
        <time>2026-06-17T22:19:09.000Z</time>
      </trkpt>
      <trkpt lat="40.792653" lon="-73.971165">
        <ele>0</ele>
        <time>2026-06-17T22:19:10.000Z</time>
      </trkpt>
      <trkpt lat="40.792647" lon="-73.971151">
        <ele>0</ele>
        <time>2026-06-17T22:19:11.000Z</time>
      </trkpt>
      <trkpt lat="40.792641" lon="-73.971138">
        <ele>0</ele>
        <time>2026-06-17T22:19:12.000Z</time>
      </trkpt>
      <trkpt lat="40.792635" lon="-73.971124">
        <ele>0</ele>
        <time>2026-06-17T22:19:13.000Z</time>
      </trkpt>
      <trkpt lat="40.79263" lon="-73.971111">
        <ele>0</ele>
        <time>2026-06-17T22:19:14.000Z</time>
      </trkpt>
      <trkpt lat="40.792624" lon="-73.971098">
        <ele>0</ele>
        <time>2026-06-17T22:19:15.000Z</time>
      </trkpt>
      <trkpt lat="40.792618" lon="-73.971084">
        <ele>0</ele>
        <time>2026-06-17T22:19:16.000Z</time>
      </trkpt>
      <trkpt lat="40.792612" lon="-73.971072">
        <ele>0</ele>
        <time>2026-06-17T22:19:17.000Z</time>
      </trkpt>
      <trkpt lat="40.792607" lon="-73.971059">
        <ele>0</ele>
        <time>2026-06-17T22:19:18.000Z</time>
      </trkpt>
      <trkpt lat="40.792601" lon="-73.971047">
        <ele>0</ele>
        <time>2026-06-17T22:19:19.000Z</time>
      </trkpt>
      <trkpt lat="40.792595" lon="-73.971033">
        <ele>0</ele>
        <time>2026-06-17T22:19:20.000Z</time>
      </trkpt>
      <trkpt lat="40.792589" lon="-73.97102">
        <ele>0</ele>
        <time>2026-06-17T22:19:21.000Z</time>
      </trkpt>
      <trkpt lat="40.792583" lon="-73.971006">
        <ele>0</ele>
        <time>2026-06-17T22:19:22.000Z</time>
      </trkpt>
      <trkpt lat="40.792577" lon="-73.970991">
        <ele>0</ele>
        <time>2026-06-17T22:19:23.000Z</time>
      </trkpt>
      <trkpt lat="40.79257" lon="-73.970977">
        <ele>0</ele>
        <time>2026-06-17T22:19:24.000Z</time>
      </trkpt>
      <trkpt lat="40.792564" lon="-73.970962">
        <ele>0</ele>
        <time>2026-06-17T22:19:25.000Z</time>
      </trkpt>
      <trkpt lat="40.792557" lon="-73.970947">
        <ele>0</ele>
        <time>2026-06-17T22:19:26.000Z</time>
      </trkpt>
      <trkpt lat="40.79255" lon="-73.970932">
        <ele>0</ele>
        <time>2026-06-17T22:19:27.000Z</time>
      </trkpt>
      <trkpt lat="40.792544" lon="-73.970918">
        <ele>0</ele>
        <time>2026-06-17T22:19:28.000Z</time>
      </trkpt>
      <trkpt lat="40.792538" lon="-73.970904">
        <ele>0</ele>
        <time>2026-06-17T22:19:29.000Z</time>
      </trkpt>
      <trkpt lat="40.792531" lon="-73.97089">
        <ele>0</ele>
        <time>2026-06-17T22:19:30.000Z</time>
      </trkpt>
      <trkpt lat="40.792525" lon="-73.970875">
        <ele>0</ele>
        <time>2026-06-17T22:19:31.000Z</time>
      </trkpt>
      <trkpt lat="40.792519" lon="-73.970861">
        <ele>0</ele>
        <time>2026-06-17T22:19:32.000Z</time>
      </trkpt>
      <trkpt lat="40.792513" lon="-73.970848">
        <ele>0</ele>
        <time>2026-06-17T22:19:33.000Z</time>
      </trkpt>
      <trkpt lat="40.792506" lon="-73.970834">
        <ele>0</ele>
        <time>2026-06-17T22:19:34.000Z</time>
      </trkpt>
      <trkpt lat="40.7925" lon="-73.97082">
        <ele>0</ele>
        <time>2026-06-17T22:19:35.000Z</time>
      </trkpt>
      <trkpt lat="40.792494" lon="-73.970806">
        <ele>0</ele>
        <time>2026-06-17T22:19:36.000Z</time>
      </trkpt>
      <trkpt lat="40.792488" lon="-73.970792">
        <ele>0</ele>
        <time>2026-06-17T22:19:37.000Z</time>
      </trkpt>
      <trkpt lat="40.792482" lon="-73.970779">
        <ele>0</ele>
        <time>2026-06-17T22:19:38.000Z</time>
      </trkpt>
      <trkpt lat="40.792475" lon="-73.970765">
        <ele>0</ele>
        <time>2026-06-17T22:19:39.000Z</time>
      </trkpt>
      <trkpt lat="40.792469" lon="-73.970751">
        <ele>0</ele>
        <time>2026-06-17T22:19:40.000Z</time>
      </trkpt>
      <trkpt lat="40.792463" lon="-73.970737">
        <ele>0</ele>
        <time>2026-06-17T22:19:41.000Z</time>
      </trkpt>
      <trkpt lat="40.792457" lon="-73.970723">
        <ele>0</ele>
        <time>2026-06-17T22:19:42.000Z</time>
      </trkpt>
      <trkpt lat="40.79245" lon="-73.970708">
        <ele>0</ele>
        <time>2026-06-17T22:19:43.000Z</time>
      </trkpt>
      <trkpt lat="40.792444" lon="-73.970694">
        <ele>0</ele>
        <time>2026-06-17T22:19:44.000Z</time>
      </trkpt>
      <trkpt lat="40.792438" lon="-73.97068">
        <ele>0</ele>
        <time>2026-06-17T22:19:45.000Z</time>
      </trkpt>
      <trkpt lat="40.792431" lon="-73.970665">
        <ele>0</ele>
        <time>2026-06-17T22:19:46.000Z</time>
      </trkpt>
      <trkpt lat="40.792425" lon="-73.970651">
        <ele>0</ele>
        <time>2026-06-17T22:19:47.000Z</time>
      </trkpt>
      <trkpt lat="40.792418" lon="-73.970637">
        <ele>0</ele>
        <time>2026-06-17T22:19:48.000Z</time>
      </trkpt>
      <trkpt lat="40.792412" lon="-73.970623">
        <ele>0</ele>
        <time>2026-06-17T22:19:49.000Z</time>
      </trkpt>
      <trkpt lat="40.792406" lon="-73.970609">
        <ele>0</ele>
        <time>2026-06-17T22:19:50.000Z</time>
      </trkpt>
      <trkpt lat="40.7924" lon="-73.970595">
        <ele>0</ele>
        <time>2026-06-17T22:19:51.000Z</time>
      </trkpt>
      <trkpt lat="40.792394" lon="-73.970581">
        <ele>0</ele>
        <time>2026-06-17T22:19:52.000Z</time>
      </trkpt>
      <trkpt lat="40.792387" lon="-73.970567">
        <ele>0</ele>
        <time>2026-06-17T22:19:53.000Z</time>
      </trkpt>
      <trkpt lat="40.792381" lon="-73.970553">
        <ele>0</ele>
        <time>2026-06-17T22:19:54.000Z</time>
      </trkpt>
      <trkpt lat="40.792375" lon="-73.970539">
        <ele>0</ele>
        <time>2026-06-17T22:19:55.000Z</time>
      </trkpt>
      <trkpt lat="40.79237" lon="-73.970527">
        <ele>0</ele>
        <time>2026-06-17T22:19:56.000Z</time>
      </trkpt>
      <trkpt lat="40.792364" lon="-73.970515">
        <ele>0</ele>
        <time>2026-06-17T22:19:57.000Z</time>
      </trkpt>
      <trkpt lat="40.79236" lon="-73.970505">
        <ele>0</ele>
        <time>2026-06-17T22:19:58.000Z</time>
      </trkpt>
      <trkpt lat="40.792357" lon="-73.970498">
        <ele>0</ele>
        <time>2026-06-17T22:19:59.000Z</time>
      </trkpt>
      <trkpt lat="40.792354" lon="-73.970493">
        <ele>0</ele>
        <time>2026-06-17T22:20:00.000Z</time>
      </trkpt>
      <trkpt lat="40.792352" lon="-73.970489">
        <ele>0</ele>
        <time>2026-06-17T22:20:01.000Z</time>
      </trkpt>
      <trkpt lat="40.79235" lon="-73.970484">
        <ele>0</ele>
        <time>2026-06-17T22:20:02.000Z</time>
      </trkpt>
      <trkpt lat="40.792346" lon="-73.970476">
        <ele>0</ele>
        <time>2026-06-17T22:20:03.000Z</time>
      </trkpt>
      <trkpt lat="40.792342" lon="-73.970466">
        <ele>0</ele>
        <time>2026-06-17T22:20:04.000Z</time>
      </trkpt>
      <trkpt lat="40.792336" lon="-73.970454">
        <ele>0</ele>
        <time>2026-06-17T22:20:05.000Z</time>
      </trkpt>
      <trkpt lat="40.792331" lon="-73.97044">
        <ele>0</ele>
        <time>2026-06-17T22:20:06.000Z</time>
      </trkpt>
      <trkpt lat="40.792324" lon="-73.970427">
        <ele>0</ele>
        <time>2026-06-17T22:20:07.000Z</time>
      </trkpt>
      <trkpt lat="40.792318" lon="-73.970413">
        <ele>0</ele>
        <time>2026-06-17T22:20:08.000Z</time>
      </trkpt>
      <trkpt lat="40.792312" lon="-73.970399">
        <ele>0</ele>
        <time>2026-06-17T22:20:09.000Z</time>
      </trkpt>
      <trkpt lat="40.792306" lon="-73.970385">
        <ele>0</ele>
        <time>2026-06-17T22:20:10.000Z</time>
      </trkpt>
      <trkpt lat="40.7923" lon="-73.970371">
        <ele>0</ele>
        <time>2026-06-17T22:20:11.000Z</time>
      </trkpt>
      <trkpt lat="40.792293" lon="-73.970357">
        <ele>0</ele>
        <time>2026-06-17T22:20:12.000Z</time>
      </trkpt>
      <trkpt lat="40.792287" lon="-73.970343">
        <ele>0</ele>
        <time>2026-06-17T22:20:13.000Z</time>
      </trkpt>
      <trkpt lat="40.792281" lon="-73.970329">
        <ele>0</ele>
        <time>2026-06-17T22:20:14.000Z</time>
      </trkpt>
      <trkpt lat="40.792275" lon="-73.970315">
        <ele>0</ele>
        <time>2026-06-17T22:20:15.000Z</time>
      </trkpt>
      <trkpt lat="40.792269" lon="-73.970301">
        <ele>0</ele>
        <time>2026-06-17T22:20:16.000Z</time>
      </trkpt>
      <trkpt lat="40.792263" lon="-73.970287">
        <ele>0</ele>
        <time>2026-06-17T22:20:17.000Z</time>
      </trkpt>
      <trkpt lat="40.792257" lon="-73.970273">
        <ele>0</ele>
        <time>2026-06-17T22:20:18.000Z</time>
      </trkpt>
      <trkpt lat="40.79225" lon="-73.970259">
        <ele>0</ele>
        <time>2026-06-17T22:20:19.000Z</time>
      </trkpt>
      <trkpt lat="40.792244" lon="-73.970245">
        <ele>0</ele>
        <time>2026-06-17T22:20:20.000Z</time>
      </trkpt>
      <trkpt lat="40.792238" lon="-73.97023">
        <ele>0</ele>
        <time>2026-06-17T22:20:21.000Z</time>
      </trkpt>
      <trkpt lat="40.792232" lon="-73.970217">
        <ele>0</ele>
        <time>2026-06-17T22:20:22.000Z</time>
      </trkpt>
      <trkpt lat="40.792226" lon="-73.970203">
        <ele>0</ele>
        <time>2026-06-17T22:20:23.000Z</time>
      </trkpt>
      <trkpt lat="40.79222" lon="-73.970189">
        <ele>0</ele>
        <time>2026-06-17T22:20:24.000Z</time>
      </trkpt>
      <trkpt lat="40.792214" lon="-73.970176">
        <ele>0</ele>
        <time>2026-06-17T22:20:25.000Z</time>
      </trkpt>
      <trkpt lat="40.792208" lon="-73.970164">
        <ele>0</ele>
        <time>2026-06-17T22:20:26.000Z</time>
      </trkpt>
      <trkpt lat="40.792204" lon="-73.970154">
        <ele>0</ele>
        <time>2026-06-17T22:20:27.000Z</time>
      </trkpt>
      <trkpt lat="40.7922" lon="-73.970146">
        <ele>0</ele>
        <time>2026-06-17T22:20:28.000Z</time>
      </trkpt>
      <trkpt lat="40.792198" lon="-73.970141">
        <ele>0</ele>
        <time>2026-06-17T22:20:29.000Z</time>
      </trkpt>
      <trkpt lat="40.792196" lon="-73.970137">
        <ele>0</ele>
        <time>2026-06-17T22:20:30.000Z</time>
      </trkpt>
      <trkpt lat="40.792194" lon="-73.970132">
        <ele>0</ele>
        <time>2026-06-17T22:20:31.000Z</time>
      </trkpt>
      <trkpt lat="40.79219" lon="-73.970124">
        <ele>0</ele>
        <time>2026-06-17T22:20:32.000Z</time>
      </trkpt>
      <trkpt lat="40.792185" lon="-73.970114">
        <ele>0</ele>
        <time>2026-06-17T22:20:33.000Z</time>
      </trkpt>
      <trkpt lat="40.79218" lon="-73.970102">
        <ele>0</ele>
        <time>2026-06-17T22:20:34.000Z</time>
      </trkpt>
      <trkpt lat="40.792174" lon="-73.970089">
        <ele>0</ele>
        <time>2026-06-17T22:20:35.000Z</time>
      </trkpt>
      <trkpt lat="40.792168" lon="-73.970075">
        <ele>0</ele>
        <time>2026-06-17T22:20:36.000Z</time>
      </trkpt>
      <trkpt lat="40.792162" lon="-73.970061">
        <ele>0</ele>
        <time>2026-06-17T22:20:37.000Z</time>
      </trkpt>
      <trkpt lat="40.792156" lon="-73.970047">
        <ele>0</ele>
        <time>2026-06-17T22:20:38.000Z</time>
      </trkpt>
      <trkpt lat="40.79215" lon="-73.970033">
        <ele>0</ele>
        <time>2026-06-17T22:20:39.000Z</time>
      </trkpt>
      <trkpt lat="40.792143" lon="-73.970018">
        <ele>0</ele>
        <time>2026-06-17T22:20:40.000Z</time>
      </trkpt>
      <trkpt lat="40.792137" lon="-73.970004">
        <ele>0</ele>
        <time>2026-06-17T22:20:41.000Z</time>
      </trkpt>
      <trkpt lat="40.792131" lon="-73.96999">
        <ele>0</ele>
        <time>2026-06-17T22:20:42.000Z</time>
      </trkpt>
      <trkpt lat="40.792125" lon="-73.969975">
        <ele>0</ele>
        <time>2026-06-17T22:20:43.000Z</time>
      </trkpt>
      <trkpt lat="40.792118" lon="-73.969961">
        <ele>0</ele>
        <time>2026-06-17T22:20:44.000Z</time>
      </trkpt>
      <trkpt lat="40.792112" lon="-73.969946">
        <ele>0</ele>
        <time>2026-06-17T22:20:45.000Z</time>
      </trkpt>
      <trkpt lat="40.792105" lon="-73.969931">
        <ele>0</ele>
        <time>2026-06-17T22:20:46.000Z</time>
      </trkpt>
      <trkpt lat="40.792099" lon="-73.969917">
        <ele>0</ele>
        <time>2026-06-17T22:20:47.000Z</time>
      </trkpt>
      <trkpt lat="40.792093" lon="-73.969903">
        <ele>0</ele>
        <time>2026-06-17T22:20:48.000Z</time>
      </trkpt>
      <trkpt lat="40.792087" lon="-73.969888">
        <ele>0</ele>
        <time>2026-06-17T22:20:49.000Z</time>
      </trkpt>
      <trkpt lat="40.792081" lon="-73.969874">
        <ele>0</ele>
        <time>2026-06-17T22:20:50.000Z</time>
      </trkpt>
      <trkpt lat="40.792074" lon="-73.96986">
        <ele>0</ele>
        <time>2026-06-17T22:20:51.000Z</time>
      </trkpt>
      <trkpt lat="40.792068" lon="-73.969846">
        <ele>0</ele>
        <time>2026-06-17T22:20:52.000Z</time>
      </trkpt>
      <trkpt lat="40.792062" lon="-73.969832">
        <ele>0</ele>
        <time>2026-06-17T22:20:53.000Z</time>
      </trkpt>
      <trkpt lat="40.792056" lon="-73.969818">
        <ele>0</ele>
        <time>2026-06-17T22:20:54.000Z</time>
      </trkpt>
      <trkpt lat="40.79205" lon="-73.969803">
        <ele>0</ele>
        <time>2026-06-17T22:20:55.000Z</time>
      </trkpt>
      <trkpt lat="40.792044" lon="-73.969789">
        <ele>0</ele>
        <time>2026-06-17T22:20:56.000Z</time>
      </trkpt>
      <trkpt lat="40.792038" lon="-73.969775">
        <ele>0</ele>
        <time>2026-06-17T22:20:57.000Z</time>
      </trkpt>
      <trkpt lat="40.792032" lon="-73.969761">
        <ele>0</ele>
        <time>2026-06-17T22:20:58.000Z</time>
      </trkpt>
      <trkpt lat="40.792026" lon="-73.969747">
        <ele>0</ele>
        <time>2026-06-17T22:20:59.000Z</time>
      </trkpt>
      <trkpt lat="40.79202" lon="-73.969732">
        <ele>0</ele>
        <time>2026-06-17T22:21:00.000Z</time>
      </trkpt>
      <trkpt lat="40.792013" lon="-73.969718">
        <ele>0</ele>
        <time>2026-06-17T22:21:01.000Z</time>
      </trkpt>
      <trkpt lat="40.792007" lon="-73.969703">
        <ele>0</ele>
        <time>2026-06-17T22:21:02.000Z</time>
      </trkpt>
      <trkpt lat="40.792001" lon="-73.969688">
        <ele>0</ele>
        <time>2026-06-17T22:21:03.000Z</time>
      </trkpt>
      <trkpt lat="40.791995" lon="-73.969674">
        <ele>0</ele>
        <time>2026-06-17T22:21:04.000Z</time>
      </trkpt>
      <trkpt lat="40.791989" lon="-73.969659">
        <ele>0</ele>
        <time>2026-06-17T22:21:05.000Z</time>
      </trkpt>
      <trkpt lat="40.791983" lon="-73.969645">
        <ele>0</ele>
        <time>2026-06-17T22:21:06.000Z</time>
      </trkpt>
      <trkpt lat="40.791977" lon="-73.96963">
        <ele>0</ele>
        <time>2026-06-17T22:21:07.000Z</time>
      </trkpt>
      <trkpt lat="40.791971" lon="-73.969616">
        <ele>0</ele>
        <time>2026-06-17T22:21:08.000Z</time>
      </trkpt>
      <trkpt lat="40.791965" lon="-73.969601">
        <ele>0</ele>
        <time>2026-06-17T22:21:09.000Z</time>
      </trkpt>
      <trkpt lat="40.791959" lon="-73.969587">
        <ele>0</ele>
        <time>2026-06-17T22:21:10.000Z</time>
      </trkpt>
      <trkpt lat="40.791953" lon="-73.969572">
        <ele>0</ele>
        <time>2026-06-17T22:21:11.000Z</time>
      </trkpt>
      <trkpt lat="40.791947" lon="-73.969558">
        <ele>0</ele>
        <time>2026-06-17T22:21:12.000Z</time>
      </trkpt>
      <trkpt lat="40.791941" lon="-73.969544">
        <ele>0</ele>
        <time>2026-06-17T22:21:13.000Z</time>
      </trkpt>
      <trkpt lat="40.791936" lon="-73.96953">
        <ele>0</ele>
        <time>2026-06-17T22:21:14.000Z</time>
      </trkpt>
      <trkpt lat="40.79193" lon="-73.969517">
        <ele>0</ele>
        <time>2026-06-17T22:21:15.000Z</time>
      </trkpt>
      <trkpt lat="40.791924" lon="-73.969503">
        <ele>0</ele>
        <time>2026-06-17T22:21:16.000Z</time>
      </trkpt>
      <trkpt lat="40.791918" lon="-73.969489">
        <ele>0</ele>
        <time>2026-06-17T22:21:17.000Z</time>
      </trkpt>
      <trkpt lat="40.791913" lon="-73.969475">
        <ele>0</ele>
        <time>2026-06-17T22:21:18.000Z</time>
      </trkpt>
      <trkpt lat="40.791907" lon="-73.969462">
        <ele>0</ele>
        <time>2026-06-17T22:21:19.000Z</time>
      </trkpt>
      <trkpt lat="40.791901" lon="-73.969448">
        <ele>0</ele>
        <time>2026-06-17T22:21:20.000Z</time>
      </trkpt>
      <trkpt lat="40.791896" lon="-73.969434">
        <ele>0</ele>
        <time>2026-06-17T22:21:21.000Z</time>
      </trkpt>
      <trkpt lat="40.79189" lon="-73.96942">
        <ele>0</ele>
        <time>2026-06-17T22:21:22.000Z</time>
      </trkpt>
      <trkpt lat="40.791884" lon="-73.969405">
        <ele>0</ele>
        <time>2026-06-17T22:21:23.000Z</time>
      </trkpt>
      <trkpt lat="40.791878" lon="-73.969391">
        <ele>0</ele>
        <time>2026-06-17T22:21:24.000Z</time>
      </trkpt>
      <trkpt lat="40.791872" lon="-73.969377">
        <ele>0</ele>
        <time>2026-06-17T22:21:25.000Z</time>
      </trkpt>
      <trkpt lat="40.791866" lon="-73.969362">
        <ele>0</ele>
        <time>2026-06-17T22:21:26.000Z</time>
      </trkpt>
      <trkpt lat="40.79186" lon="-73.969348">
        <ele>0</ele>
        <time>2026-06-17T22:21:27.000Z</time>
      </trkpt>
      <trkpt lat="40.791854" lon="-73.969334">
        <ele>0</ele>
        <time>2026-06-17T22:21:28.000Z</time>
      </trkpt>
      <trkpt lat="40.791849" lon="-73.96932">
        <ele>0</ele>
        <time>2026-06-17T22:21:29.000Z</time>
      </trkpt>
      <trkpt lat="40.791843" lon="-73.969306">
        <ele>0</ele>
        <time>2026-06-17T22:21:30.000Z</time>
      </trkpt>
      <trkpt lat="40.791837" lon="-73.969292">
        <ele>0</ele>
        <time>2026-06-17T22:21:31.000Z</time>
      </trkpt>
      <trkpt lat="40.791831" lon="-73.969277">
        <ele>0</ele>
        <time>2026-06-17T22:21:32.000Z</time>
      </trkpt>
      <trkpt lat="40.791825" lon="-73.969263">
        <ele>0</ele>
        <time>2026-06-17T22:21:33.000Z</time>
      </trkpt>
      <trkpt lat="40.791819" lon="-73.969248">
        <ele>0</ele>
        <time>2026-06-17T22:21:34.000Z</time>
      </trkpt>
      <trkpt lat="40.791813" lon="-73.969233">
        <ele>0</ele>
        <time>2026-06-17T22:21:35.000Z</time>
      </trkpt>
      <trkpt lat="40.791807" lon="-73.969219">
        <ele>0</ele>
        <time>2026-06-17T22:21:36.000Z</time>
      </trkpt>
      <trkpt lat="40.791801" lon="-73.969204">
        <ele>0</ele>
        <time>2026-06-17T22:21:37.000Z</time>
      </trkpt>
      <trkpt lat="40.791795" lon="-73.969189">
        <ele>0</ele>
        <time>2026-06-17T22:21:38.000Z</time>
      </trkpt>
      <trkpt lat="40.791789" lon="-73.969174">
        <ele>0</ele>
        <time>2026-06-17T22:21:39.000Z</time>
      </trkpt>
      <trkpt lat="40.791783" lon="-73.969159">
        <ele>0</ele>
        <time>2026-06-17T22:21:40.000Z</time>
      </trkpt>
      <trkpt lat="40.791777" lon="-73.969144">
        <ele>0</ele>
        <time>2026-06-17T22:21:41.000Z</time>
      </trkpt>
      <trkpt lat="40.791772" lon="-73.969129">
        <ele>0</ele>
        <time>2026-06-17T22:21:42.000Z</time>
      </trkpt>
      <trkpt lat="40.791766" lon="-73.969114">
        <ele>0</ele>
        <time>2026-06-17T22:21:43.000Z</time>
      </trkpt>
      <trkpt lat="40.79176" lon="-73.969099">
        <ele>0</ele>
        <time>2026-06-17T22:21:44.000Z</time>
      </trkpt>
      <trkpt lat="40.791754" lon="-73.969084">
        <ele>0</ele>
        <time>2026-06-17T22:21:45.000Z</time>
      </trkpt>
      <trkpt lat="40.791748" lon="-73.969069">
        <ele>0</ele>
        <time>2026-06-17T22:21:46.000Z</time>
      </trkpt>
      <trkpt lat="40.791742" lon="-73.969054">
        <ele>0</ele>
        <time>2026-06-17T22:21:47.000Z</time>
      </trkpt>
      <trkpt lat="40.791736" lon="-73.969038">
        <ele>0</ele>
        <time>2026-06-17T22:21:48.000Z</time>
      </trkpt>
      <trkpt lat="40.79173" lon="-73.969023">
        <ele>0</ele>
        <time>2026-06-17T22:21:49.000Z</time>
      </trkpt>
      <trkpt lat="40.791724" lon="-73.969007">
        <ele>0</ele>
        <time>2026-06-17T22:21:50.000Z</time>
      </trkpt>
      <trkpt lat="40.791718" lon="-73.968991">
        <ele>0</ele>
        <time>2026-06-17T22:21:51.000Z</time>
      </trkpt>
      <trkpt lat="40.791712" lon="-73.968976">
        <ele>0</ele>
        <time>2026-06-17T22:21:52.000Z</time>
      </trkpt>
      <trkpt lat="40.791706" lon="-73.968961">
        <ele>0</ele>
        <time>2026-06-17T22:21:54.000Z</time>
      </trkpt>
      <trkpt lat="40.7917" lon="-73.968946">
        <ele>0</ele>
        <time>2026-06-17T22:21:55.000Z</time>
      </trkpt>
      <trkpt lat="40.791695" lon="-73.968932">
        <ele>0</ele>
        <time>2026-06-17T22:21:56.000Z</time>
      </trkpt>
      <trkpt lat="40.79169" lon="-73.968919">
        <ele>0</ele>
        <time>2026-06-17T22:21:57.000Z</time>
      </trkpt>
      <trkpt lat="40.791684" lon="-73.968905">
        <ele>0</ele>
        <time>2026-06-17T22:21:58.000Z</time>
      </trkpt>
      <trkpt lat="40.79168" lon="-73.968893">
        <ele>0</ele>
        <time>2026-06-17T22:21:59.000Z</time>
      </trkpt>
      <trkpt lat="40.791676" lon="-73.968883">
        <ele>0</ele>
        <time>2026-06-17T22:22:00.000Z</time>
      </trkpt>
      <trkpt lat="40.791674" lon="-73.968876">
        <ele>0</ele>
        <time>2026-06-17T22:22:01.000Z</time>
      </trkpt>
      <trkpt lat="40.791671" lon="-73.968868">
        <ele>0</ele>
        <time>2026-06-17T22:22:02.000Z</time>
      </trkpt>
      <trkpt lat="40.791668" lon="-73.968858">
        <ele>0</ele>
        <time>2026-06-17T22:22:03.000Z</time>
      </trkpt>
      <trkpt lat="40.791663" lon="-73.968845">
        <ele>0</ele>
        <time>2026-06-17T22:22:04.000Z</time>
      </trkpt>
      <trkpt lat="40.791658" lon="-73.968831">
        <ele>0</ele>
        <time>2026-06-17T22:22:05.000Z</time>
      </trkpt>
      <trkpt lat="40.791652" lon="-73.968816">
        <ele>0</ele>
        <time>2026-06-17T22:22:06.000Z</time>
      </trkpt>
      <trkpt lat="40.791647" lon="-73.968801">
        <ele>0</ele>
        <time>2026-06-17T22:22:07.000Z</time>
      </trkpt>
      <trkpt lat="40.791642" lon="-73.968787">
        <ele>0</ele>
        <time>2026-06-17T22:22:08.000Z</time>
      </trkpt>
      <trkpt lat="40.791636" lon="-73.968773">
        <ele>0</ele>
        <time>2026-06-17T22:22:09.000Z</time>
      </trkpt>
      <trkpt lat="40.791632" lon="-73.968761">
        <ele>0</ele>
        <time>2026-06-17T22:22:10.000Z</time>
      </trkpt>
      <trkpt lat="40.791629" lon="-73.968752">
        <ele>0</ele>
        <time>2026-06-17T22:22:11.000Z</time>
      </trkpt>
      <trkpt lat="40.791627" lon="-73.968745">
        <ele>0</ele>
        <time>2026-06-17T22:22:12.000Z</time>
      </trkpt>
      <trkpt lat="40.791626" lon="-73.96874">
        <ele>0</ele>
        <time>2026-06-17T22:22:13.000Z</time>
      </trkpt>
      <trkpt lat="40.791625" lon="-73.968735">
        <ele>0</ele>
        <time>2026-06-17T22:22:14.000Z</time>
      </trkpt>
      <trkpt lat="40.791623" lon="-73.968729">
        <ele>0</ele>
        <time>2026-06-17T22:22:15.000Z</time>
      </trkpt>
      <trkpt lat="40.791621" lon="-73.968721">
        <ele>0</ele>
        <time>2026-06-17T22:22:16.000Z</time>
      </trkpt>
      <trkpt lat="40.791618" lon="-73.968712">
        <ele>0</ele>
        <time>2026-06-17T22:22:17.000Z</time>
      </trkpt>
      <trkpt lat="40.791615" lon="-73.968704">
        <ele>0</ele>
        <time>2026-06-17T22:22:18.000Z</time>
      </trkpt>
      <trkpt lat="40.791614" lon="-73.968698">
        <ele>0</ele>
        <time>2026-06-17T22:22:19.000Z</time>
      </trkpt>
      <trkpt lat="40.791613" lon="-73.968693">
        <ele>0</ele>
        <time>2026-06-17T22:22:20.000Z</time>
      </trkpt>
      <trkpt lat="40.791613" lon="-73.968689">
        <ele>0</ele>
        <time>2026-06-17T22:22:21.000Z</time>
      </trkpt>
      <trkpt lat="40.791612" lon="-73.968685">
        <ele>0</ele>
        <time>2026-06-17T22:22:22.000Z</time>
      </trkpt>
      <trkpt lat="40.791612" lon="-73.968682">
        <ele>0</ele>
        <time>2026-06-17T22:22:23.000Z</time>
      </trkpt>
      <trkpt lat="40.791612" lon="-73.968678">
        <ele>0</ele>
        <time>2026-06-17T22:22:24.000Z</time>
      </trkpt>
      <trkpt lat="40.791612" lon="-73.968675">
        <ele>0</ele>
        <time>2026-06-17T22:22:25.000Z</time>
      </trkpt>
      <trkpt lat="40.79161" lon="-73.96867">
        <ele>0</ele>
        <time>2026-06-17T22:22:26.000Z</time>
      </trkpt>
      <trkpt lat="40.791608" lon="-73.968663">
        <ele>0</ele>
        <time>2026-06-17T22:22:27.000Z</time>
      </trkpt>
      <trkpt lat="40.791604" lon="-73.968656">
        <ele>0</ele>
        <time>2026-06-17T22:22:28.000Z</time>
      </trkpt>
      <trkpt lat="40.791598" lon="-73.968653">
        <ele>0</ele>
        <time>2026-06-17T22:22:29.000Z</time>
      </trkpt>
      <trkpt lat="40.79159" lon="-73.968655">
        <ele>0</ele>
        <time>2026-06-17T22:22:30.000Z</time>
      </trkpt>
      <trkpt lat="40.791582" lon="-73.968658">
        <ele>0</ele>
        <time>2026-06-17T22:22:31.000Z</time>
      </trkpt>
      <trkpt lat="40.791572" lon="-73.968662">
        <ele>0</ele>
        <time>2026-06-17T22:22:32.000Z</time>
      </trkpt>
      <trkpt lat="40.791563" lon="-73.968666">
        <ele>0</ele>
        <time>2026-06-17T22:22:33.000Z</time>
      </trkpt>
      <trkpt lat="40.791555" lon="-73.968667">
        <ele>0</ele>
        <time>2026-06-17T22:22:34.000Z</time>
      </trkpt>
      <trkpt lat="40.791548" lon="-73.968662">
        <ele>0</ele>
        <time>2026-06-17T22:22:35.000Z</time>
      </trkpt>
      <trkpt lat="40.791543" lon="-73.968651">
        <ele>0</ele>
        <time>2026-06-17T22:22:36.000Z</time>
      </trkpt>
      <trkpt lat="40.791537" lon="-73.968638">
        <ele>0</ele>
        <time>2026-06-17T22:22:37.000Z</time>
      </trkpt>
      <trkpt lat="40.791531" lon="-73.968622">
        <ele>0</ele>
        <time>2026-06-17T22:22:38.000Z</time>
      </trkpt>
      <trkpt lat="40.791525" lon="-73.968607">
        <ele>0</ele>
        <time>2026-06-17T22:22:39.000Z</time>
      </trkpt>
      <trkpt lat="40.791518" lon="-73.96859">
        <ele>0</ele>
        <time>2026-06-17T22:22:40.000Z</time>
      </trkpt>
      <trkpt lat="40.791512" lon="-73.968574">
        <ele>0</ele>
        <time>2026-06-17T22:22:41.000Z</time>
      </trkpt>
      <trkpt lat="40.791506" lon="-73.968558">
        <ele>0</ele>
        <time>2026-06-17T22:22:42.000Z</time>
      </trkpt>
      <trkpt lat="40.7915" lon="-73.968542">
        <ele>0</ele>
        <time>2026-06-17T22:22:43.000Z</time>
      </trkpt>
      <trkpt lat="40.791494" lon="-73.968526">
        <ele>0</ele>
        <time>2026-06-17T22:22:44.000Z</time>
      </trkpt>
      <trkpt lat="40.791488" lon="-73.96851">
        <ele>0</ele>
        <time>2026-06-17T22:22:45.000Z</time>
      </trkpt>
      <trkpt lat="40.791482" lon="-73.968494">
        <ele>0</ele>
        <time>2026-06-17T22:22:46.000Z</time>
      </trkpt>
      <trkpt lat="40.791476" lon="-73.968478">
        <ele>0</ele>
        <time>2026-06-17T22:22:47.000Z</time>
      </trkpt>
      <trkpt lat="40.79147" lon="-73.968462">
        <ele>0</ele>
        <time>2026-06-17T22:22:48.000Z</time>
      </trkpt>
      <trkpt lat="40.791464" lon="-73.968446">
        <ele>0</ele>
        <time>2026-06-17T22:22:49.000Z</time>
      </trkpt>
      <trkpt lat="40.791458" lon="-73.96843">
        <ele>0</ele>
        <time>2026-06-17T22:22:50.000Z</time>
      </trkpt>
      <trkpt lat="40.791452" lon="-73.968413">
        <ele>0</ele>
        <time>2026-06-17T22:22:51.000Z</time>
      </trkpt>
      <trkpt lat="40.791446" lon="-73.968397">
        <ele>0</ele>
        <time>2026-06-17T22:22:52.000Z</time>
      </trkpt>
      <trkpt lat="40.79144" lon="-73.96838">
        <ele>0</ele>
        <time>2026-06-17T22:22:53.000Z</time>
      </trkpt>
      <trkpt lat="40.791434" lon="-73.968363">
        <ele>0</ele>
        <time>2026-06-17T22:22:54.000Z</time>
      </trkpt>
      <trkpt lat="40.791428" lon="-73.968347">
        <ele>0</ele>
        <time>2026-06-17T22:22:55.000Z</time>
      </trkpt>
      <trkpt lat="40.791422" lon="-73.96833">
        <ele>0</ele>
        <time>2026-06-17T22:22:56.000Z</time>
      </trkpt>
      <trkpt lat="40.791416" lon="-73.968314">
        <ele>0</ele>
        <time>2026-06-17T22:22:57.000Z</time>
      </trkpt>
      <trkpt lat="40.791411" lon="-73.968297">
        <ele>0</ele>
        <time>2026-06-17T22:22:58.000Z</time>
      </trkpt>
      <trkpt lat="40.791405" lon="-73.968281">
        <ele>0</ele>
        <time>2026-06-17T22:22:59.000Z</time>
      </trkpt>
      <trkpt lat="40.791399" lon="-73.968265">
        <ele>0</ele>
        <time>2026-06-17T22:23:00.000Z</time>
      </trkpt>
      <trkpt lat="40.791393" lon="-73.968249">
        <ele>0</ele>
        <time>2026-06-17T22:23:01.000Z</time>
      </trkpt>
      <trkpt lat="40.791387" lon="-73.968232">
        <ele>0</ele>
        <time>2026-06-17T22:23:02.000Z</time>
      </trkpt>
      <trkpt lat="40.791381" lon="-73.968216">
        <ele>0</ele>
        <time>2026-06-17T22:23:03.000Z</time>
      </trkpt>
      <trkpt lat="40.791375" lon="-73.968199">
        <ele>0</ele>
        <time>2026-06-17T22:23:04.000Z</time>
      </trkpt>
      <trkpt lat="40.791369" lon="-73.968182">
        <ele>0</ele>
        <time>2026-06-17T22:23:05.000Z</time>
      </trkpt>
      <trkpt lat="40.791363" lon="-73.968166">
        <ele>0</ele>
        <time>2026-06-17T22:23:06.000Z</time>
      </trkpt>
      <trkpt lat="40.791357" lon="-73.968149">
        <ele>0</ele>
        <time>2026-06-17T22:23:07.000Z</time>
      </trkpt>
      <trkpt lat="40.791351" lon="-73.968132">
        <ele>0</ele>
        <time>2026-06-17T22:23:08.000Z</time>
      </trkpt>
      <trkpt lat="40.791345" lon="-73.968116">
        <ele>0</ele>
        <time>2026-06-17T22:23:09.000Z</time>
      </trkpt>
      <trkpt lat="40.791339" lon="-73.9681">
        <ele>0</ele>
        <time>2026-06-17T22:23:10.000Z</time>
      </trkpt>
      <trkpt lat="40.791333" lon="-73.968083">
        <ele>0</ele>
        <time>2026-06-17T22:23:11.000Z</time>
      </trkpt>
      <trkpt lat="40.791327" lon="-73.968067">
        <ele>0</ele>
        <time>2026-06-17T22:23:12.000Z</time>
      </trkpt>
      <trkpt lat="40.79132" lon="-73.968051">
        <ele>0</ele>
        <time>2026-06-17T22:23:13.000Z</time>
      </trkpt>
      <trkpt lat="40.791313" lon="-73.968035">
        <ele>0</ele>
        <time>2026-06-17T22:23:14.000Z</time>
      </trkpt>
      <trkpt lat="40.791307" lon="-73.968019">
        <ele>0</ele>
        <time>2026-06-17T22:23:15.000Z</time>
      </trkpt>
      <trkpt lat="40.7913" lon="-73.968002">
        <ele>0</ele>
        <time>2026-06-17T22:23:16.000Z</time>
      </trkpt>
      <trkpt lat="40.791293" lon="-73.967986">
        <ele>0</ele>
        <time>2026-06-17T22:23:17.000Z</time>
      </trkpt>
      <trkpt lat="40.791286" lon="-73.967969">
        <ele>0</ele>
        <time>2026-06-17T22:23:18.000Z</time>
      </trkpt>
      <trkpt lat="40.791279" lon="-73.967954">
        <ele>0</ele>
        <time>2026-06-17T22:23:19.000Z</time>
      </trkpt>
      <trkpt lat="40.791271" lon="-73.967933">
        <ele>0</ele>
        <time>2026-06-17T22:23:20.000Z</time>
      </trkpt>
      <trkpt lat="40.791265" lon="-73.96792">
        <ele>0</ele>
        <time>2026-06-17T22:23:21.000Z</time>
      </trkpt>
      <trkpt lat="40.791257" lon="-73.967902">
        <ele>0</ele>
        <time>2026-06-17T22:23:22.000Z</time>
      </trkpt>
      <trkpt lat="40.791251" lon="-73.967888">
        <ele>0</ele>
        <time>2026-06-17T22:23:23.000Z</time>
      </trkpt>
      <trkpt lat="40.791245" lon="-73.967874">
        <ele>0</ele>
        <time>2026-06-17T22:23:24.000Z</time>
      </trkpt>
      <trkpt lat="40.791239" lon="-73.967861">
        <ele>0</ele>
        <time>2026-06-17T22:23:25.000Z</time>
      </trkpt>
      <trkpt lat="40.791233" lon="-73.967847">
        <ele>0</ele>
        <time>2026-06-17T22:23:26.000Z</time>
      </trkpt>
      <trkpt lat="40.791227" lon="-73.967834">
        <ele>0</ele>
        <time>2026-06-17T22:23:27.000Z</time>
      </trkpt>
      <trkpt lat="40.791217" lon="-73.967807">
        <ele>0</ele>
        <time>2026-06-17T22:23:28.000Z</time>
      </trkpt>
      <trkpt lat="40.791211" lon="-73.967794">
        <ele>0</ele>
        <time>2026-06-17T22:23:29.000Z</time>
      </trkpt>
      <trkpt lat="40.791206" lon="-73.967782">
        <ele>0</ele>
        <time>2026-06-17T22:23:30.000Z</time>
      </trkpt>
      <trkpt lat="40.791201" lon="-73.967769">
        <ele>0</ele>
        <time>2026-06-17T22:23:31.000Z</time>
      </trkpt>
      <trkpt lat="40.791195" lon="-73.967756">
        <ele>0</ele>
        <time>2026-06-17T22:23:32.000Z</time>
      </trkpt>
      <trkpt lat="40.79119" lon="-73.967743">
        <ele>0</ele>
        <time>2026-06-17T22:23:33.000Z</time>
      </trkpt>
      <trkpt lat="40.791185" lon="-73.96773">
        <ele>0</ele>
        <time>2026-06-17T22:23:34.000Z</time>
      </trkpt>
      <trkpt lat="40.791179" lon="-73.967718">
        <ele>0</ele>
        <time>2026-06-17T22:23:35.000Z</time>
      </trkpt>
      <trkpt lat="40.791174" lon="-73.967705">
        <ele>0</ele>
        <time>2026-06-17T22:23:36.000Z</time>
      </trkpt>
      <trkpt lat="40.791168" lon="-73.967692">
        <ele>0</ele>
        <time>2026-06-17T22:23:37.000Z</time>
      </trkpt>
      <trkpt lat="40.791163" lon="-73.967679">
        <ele>0</ele>
        <time>2026-06-17T22:23:38.000Z</time>
      </trkpt>
      <trkpt lat="40.791158" lon="-73.967666">
        <ele>0</ele>
        <time>2026-06-17T22:23:39.000Z</time>
      </trkpt>
      <trkpt lat="40.791152" lon="-73.967654">
        <ele>0</ele>
        <time>2026-06-17T22:23:40.000Z</time>
      </trkpt>
      <trkpt lat="40.791147" lon="-73.967641">
        <ele>0</ele>
        <time>2026-06-17T22:23:41.000Z</time>
      </trkpt>
      <trkpt lat="40.791142" lon="-73.967628">
        <ele>0</ele>
        <time>2026-06-17T22:23:42.000Z</time>
      </trkpt>
      <trkpt lat="40.791136" lon="-73.967615">
        <ele>0</ele>
        <time>2026-06-17T22:23:43.000Z</time>
      </trkpt>
      <trkpt lat="40.791131" lon="-73.967602">
        <ele>0</ele>
        <time>2026-06-17T22:23:44.000Z</time>
      </trkpt>
      <trkpt lat="40.791126" lon="-73.96759">
        <ele>0</ele>
        <time>2026-06-17T22:23:45.000Z</time>
      </trkpt>
      <trkpt lat="40.79112" lon="-73.967577">
        <ele>0</ele>
        <time>2026-06-17T22:23:46.000Z</time>
      </trkpt>
      <trkpt lat="40.791115" lon="-73.967564">
        <ele>0</ele>
        <time>2026-06-17T22:23:47.000Z</time>
      </trkpt>
      <trkpt lat="40.79111" lon="-73.967551">
        <ele>0</ele>
        <time>2026-06-17T22:23:48.000Z</time>
      </trkpt>
      <trkpt lat="40.791104" lon="-73.967538">
        <ele>0</ele>
        <time>2026-06-17T22:23:49.000Z</time>
      </trkpt>
      <trkpt lat="40.791099" lon="-73.967526">
        <ele>0</ele>
        <time>2026-06-17T22:23:50.000Z</time>
      </trkpt>
      <trkpt lat="40.791094" lon="-73.967513">
        <ele>0</ele>
        <time>2026-06-17T22:23:51.000Z</time>
      </trkpt>
      <trkpt lat="40.791088" lon="-73.9675">
        <ele>0</ele>
        <time>2026-06-17T22:23:52.000Z</time>
      </trkpt>
      <trkpt lat="40.791083" lon="-73.967487">
        <ele>0</ele>
        <time>2026-06-17T22:23:53.000Z</time>
      </trkpt>
      <trkpt lat="40.791077" lon="-73.967474">
        <ele>0</ele>
        <time>2026-06-17T22:23:54.000Z</time>
      </trkpt>
      <trkpt lat="40.791072" lon="-73.967462">
        <ele>0</ele>
        <time>2026-06-17T22:23:55.000Z</time>
      </trkpt>
      <trkpt lat="40.791067" lon="-73.967449">
        <ele>0</ele>
        <time>2026-06-17T22:23:56.000Z</time>
      </trkpt>
      <trkpt lat="40.791061" lon="-73.967436">
        <ele>0</ele>
        <time>2026-06-17T22:23:57.000Z</time>
      </trkpt>
      <trkpt lat="40.791056" lon="-73.967423">
        <ele>0</ele>
        <time>2026-06-17T22:23:58.000Z</time>
      </trkpt>
      <trkpt lat="40.791051" lon="-73.96741">
        <ele>0</ele>
        <time>2026-06-17T22:23:59.000Z</time>
      </trkpt>
      <trkpt lat="40.791045" lon="-73.967398">
        <ele>0</ele>
        <time>2026-06-17T22:24:00.000Z</time>
      </trkpt>
      <trkpt lat="40.79104" lon="-73.967385">
        <ele>0</ele>
        <time>2026-06-17T22:24:01.000Z</time>
      </trkpt>
      <trkpt lat="40.791035" lon="-73.967372">
        <ele>0</ele>
        <time>2026-06-17T22:24:02.000Z</time>
      </trkpt>
      <trkpt lat="40.791029" lon="-73.967359">
        <ele>0</ele>
        <time>2026-06-17T22:24:03.000Z</time>
      </trkpt>
      <trkpt lat="40.791024" lon="-73.967346">
        <ele>0</ele>
        <time>2026-06-17T22:24:04.000Z</time>
      </trkpt>
      <trkpt lat="40.791019" lon="-73.967334">
        <ele>0</ele>
        <time>2026-06-17T22:24:05.000Z</time>
      </trkpt>
      <trkpt lat="40.791013" lon="-73.967321">
        <ele>0</ele>
        <time>2026-06-17T22:24:06.000Z</time>
      </trkpt>
      <trkpt lat="40.791008" lon="-73.967308">
        <ele>0</ele>
        <time>2026-06-17T22:24:07.000Z</time>
      </trkpt>
      <trkpt lat="40.791002" lon="-73.967295">
        <ele>0</ele>
        <time>2026-06-17T22:24:08.000Z</time>
      </trkpt>
      <trkpt lat="40.790997" lon="-73.967282">
        <ele>0</ele>
        <time>2026-06-17T22:24:09.000Z</time>
      </trkpt>
      <trkpt lat="40.790992" lon="-73.96727">
        <ele>0</ele>
        <time>2026-06-17T22:24:10.000Z</time>
      </trkpt>
      <trkpt lat="40.790986" lon="-73.967257">
        <ele>0</ele>
        <time>2026-06-17T22:24:11.000Z</time>
      </trkpt>
      <trkpt lat="40.790981" lon="-73.967244">
        <ele>0</ele>
        <time>2026-06-17T22:24:12.000Z</time>
      </trkpt>
      <trkpt lat="40.790976" lon="-73.967231">
        <ele>0</ele>
        <time>2026-06-17T22:24:13.000Z</time>
      </trkpt>
      <trkpt lat="40.79097" lon="-73.967218">
        <ele>0</ele>
        <time>2026-06-17T22:24:14.000Z</time>
      </trkpt>
      <trkpt lat="40.790965" lon="-73.967206">
        <ele>0</ele>
        <time>2026-06-17T22:24:15.000Z</time>
      </trkpt>
      <trkpt lat="40.79096" lon="-73.967193">
        <ele>0</ele>
        <time>2026-06-17T22:24:16.000Z</time>
      </trkpt>
      <trkpt lat="40.790954" lon="-73.96718">
        <ele>0</ele>
        <time>2026-06-17T22:24:17.000Z</time>
      </trkpt>
      <trkpt lat="40.790949" lon="-73.967167">
        <ele>0</ele>
        <time>2026-06-17T22:24:18.000Z</time>
      </trkpt>
      <trkpt lat="40.790944" lon="-73.967154">
        <ele>0</ele>
        <time>2026-06-17T22:24:19.000Z</time>
      </trkpt>
      <trkpt lat="40.790938" lon="-73.967142">
        <ele>0</ele>
        <time>2026-06-17T22:24:20.000Z</time>
      </trkpt>
      <trkpt lat="40.790933" lon="-73.967129">
        <ele>0</ele>
        <time>2026-06-17T22:24:21.000Z</time>
      </trkpt>
      <trkpt lat="40.790928" lon="-73.967116">
        <ele>0</ele>
        <time>2026-06-17T22:24:22.000Z</time>
      </trkpt>
      <trkpt lat="40.790922" lon="-73.967103">
        <ele>0</ele>
        <time>2026-06-17T22:24:23.000Z</time>
      </trkpt>
      <trkpt lat="40.790917" lon="-73.96709">
        <ele>0</ele>
        <time>2026-06-17T22:24:24.000Z</time>
      </trkpt>
      <trkpt lat="40.790911" lon="-73.967078">
        <ele>0</ele>
        <time>2026-06-17T22:24:25.000Z</time>
      </trkpt>
      <trkpt lat="40.790906" lon="-73.967065">
        <ele>0</ele>
        <time>2026-06-17T22:24:26.000Z</time>
      </trkpt>
      <trkpt lat="40.790901" lon="-73.967052">
        <ele>0</ele>
        <time>2026-06-17T22:24:27.000Z</time>
      </trkpt>
      <trkpt lat="40.790895" lon="-73.967039">
        <ele>0</ele>
        <time>2026-06-17T22:24:28.000Z</time>
      </trkpt>
      <trkpt lat="40.79089" lon="-73.967026">
        <ele>0</ele>
        <time>2026-06-17T22:24:29.000Z</time>
      </trkpt>
      <trkpt lat="40.790885" lon="-73.967014">
        <ele>0</ele>
        <time>2026-06-17T22:24:30.000Z</time>
      </trkpt>
      <trkpt lat="40.790879" lon="-73.967001">
        <ele>0</ele>
        <time>2026-06-17T22:24:31.000Z</time>
      </trkpt>
      <trkpt lat="40.790874" lon="-73.966988">
        <ele>0</ele>
        <time>2026-06-17T22:24:32.000Z</time>
      </trkpt>
      <trkpt lat="40.790864" lon="-73.966963">
        <ele>0</ele>
        <time>2026-06-17T22:24:33.000Z</time>
      </trkpt>
      <trkpt lat="40.790859" lon="-73.966951">
        <ele>0</ele>
        <time>2026-06-17T22:24:34.000Z</time>
      </trkpt>
      <trkpt lat="40.790853" lon="-73.966939">
        <ele>0</ele>
        <time>2026-06-17T22:24:35.000Z</time>
      </trkpt>
      <trkpt lat="40.790848" lon="-73.966926">
        <ele>0</ele>
        <time>2026-06-17T22:24:36.000Z</time>
      </trkpt>
      <trkpt lat="40.790843" lon="-73.966914">
        <ele>0</ele>
        <time>2026-06-17T22:24:37.000Z</time>
      </trkpt>
      <trkpt lat="40.790838" lon="-73.966902">
        <ele>0</ele>
        <time>2026-06-17T22:24:38.000Z</time>
      </trkpt>
      <trkpt lat="40.790833" lon="-73.96689">
        <ele>0</ele>
        <time>2026-06-17T22:24:39.000Z</time>
      </trkpt>
      <trkpt lat="40.790828" lon="-73.966878">
        <ele>0</ele>
        <time>2026-06-17T22:24:40.000Z</time>
      </trkpt>
      <trkpt lat="40.790822" lon="-73.966866">
        <ele>0</ele>
        <time>2026-06-17T22:24:41.000Z</time>
      </trkpt>
      <trkpt lat="40.790817" lon="-73.966853">
        <ele>0</ele>
        <time>2026-06-17T22:24:42.000Z</time>
      </trkpt>
      <trkpt lat="40.790812" lon="-73.966841">
        <ele>0</ele>
        <time>2026-06-17T22:24:43.000Z</time>
      </trkpt>
      <trkpt lat="40.790807" lon="-73.966829">
        <ele>0</ele>
        <time>2026-06-17T22:24:44.000Z</time>
      </trkpt>
      <trkpt lat="40.790802" lon="-73.966817">
        <ele>0</ele>
        <time>2026-06-17T22:24:45.000Z</time>
      </trkpt>
      <trkpt lat="40.790796" lon="-73.966805">
        <ele>0</ele>
        <time>2026-06-17T22:24:46.000Z</time>
      </trkpt>
      <trkpt lat="40.790791" lon="-73.966793">
        <ele>0</ele>
        <time>2026-06-17T22:24:47.000Z</time>
      </trkpt>
      <trkpt lat="40.790786" lon="-73.966781">
        <ele>0</ele>
        <time>2026-06-17T22:24:48.000Z</time>
      </trkpt>
      <trkpt lat="40.790781" lon="-73.966768">
        <ele>0</ele>
        <time>2026-06-17T22:24:49.000Z</time>
      </trkpt>
      <trkpt lat="40.790776" lon="-73.966756">
        <ele>0</ele>
        <time>2026-06-17T22:24:50.000Z</time>
      </trkpt>
      <trkpt lat="40.790771" lon="-73.966744">
        <ele>0</ele>
        <time>2026-06-17T22:24:51.000Z</time>
      </trkpt>
      <trkpt lat="40.790765" lon="-73.966732">
        <ele>0</ele>
        <time>2026-06-17T22:24:52.000Z</time>
      </trkpt>
      <trkpt lat="40.79076" lon="-73.96672">
        <ele>0</ele>
        <time>2026-06-17T22:24:53.000Z</time>
      </trkpt>
      <trkpt lat="40.790755" lon="-73.966708">
        <ele>0</ele>
        <time>2026-06-17T22:24:54.000Z</time>
      </trkpt>
      <trkpt lat="40.79075" lon="-73.966696">
        <ele>0</ele>
        <time>2026-06-17T22:24:56.000Z</time>
      </trkpt>
      <trkpt lat="40.790745" lon="-73.966683">
        <ele>0</ele>
        <time>2026-06-17T22:24:57.000Z</time>
      </trkpt>
      <trkpt lat="40.790739" lon="-73.966671">
        <ele>0</ele>
        <time>2026-06-17T22:24:58.000Z</time>
      </trkpt>
      <trkpt lat="40.790734" lon="-73.966659">
        <ele>0</ele>
        <time>2026-06-17T22:24:59.000Z</time>
      </trkpt>
      <trkpt lat="40.790729" lon="-73.966647">
        <ele>0</ele>
        <time>2026-06-17T22:25:00.000Z</time>
      </trkpt>
      <trkpt lat="40.790724" lon="-73.966635">
        <ele>0</ele>
        <time>2026-06-17T22:25:01.000Z</time>
      </trkpt>
      <trkpt lat="40.790719" lon="-73.966623">
        <ele>0</ele>
        <time>2026-06-17T22:25:02.000Z</time>
      </trkpt>
      <trkpt lat="40.790714" lon="-73.96661">
        <ele>0</ele>
        <time>2026-06-17T22:25:03.000Z</time>
      </trkpt>
      <trkpt lat="40.790703" lon="-73.966587">
        <ele>0</ele>
        <time>2026-06-17T22:25:04.000Z</time>
      </trkpt>
      <trkpt lat="40.790698" lon="-73.966575">
        <ele>0</ele>
        <time>2026-06-17T22:25:05.000Z</time>
      </trkpt>
      <trkpt lat="40.790693" lon="-73.966564">
        <ele>0</ele>
        <time>2026-06-17T22:25:06.000Z</time>
      </trkpt>
      <trkpt lat="40.790689" lon="-73.966552">
        <ele>0</ele>
        <time>2026-06-17T22:25:07.000Z</time>
      </trkpt>
      <trkpt lat="40.790684" lon="-73.966541">
        <ele>0</ele>
        <time>2026-06-17T22:25:08.000Z</time>
      </trkpt>
      <trkpt lat="40.790679" lon="-73.966529">
        <ele>0</ele>
        <time>2026-06-17T22:25:09.000Z</time>
      </trkpt>
      <trkpt lat="40.790674" lon="-73.966518">
        <ele>0</ele>
        <time>2026-06-17T22:25:10.000Z</time>
      </trkpt>
      <trkpt lat="40.790669" lon="-73.966506">
        <ele>0</ele>
        <time>2026-06-17T22:25:11.000Z</time>
      </trkpt>
      <trkpt lat="40.790664" lon="-73.966495">
        <ele>0</ele>
        <time>2026-06-17T22:25:12.000Z</time>
      </trkpt>
      <trkpt lat="40.790659" lon="-73.966483">
        <ele>0</ele>
        <time>2026-06-17T22:25:13.000Z</time>
      </trkpt>
      <trkpt lat="40.790654" lon="-73.966472">
        <ele>0</ele>
        <time>2026-06-17T22:25:14.000Z</time>
      </trkpt>
      <trkpt lat="40.79065" lon="-73.966461">
        <ele>0</ele>
        <time>2026-06-17T22:25:15.000Z</time>
      </trkpt>
      <trkpt lat="40.790645" lon="-73.966449">
        <ele>0</ele>
        <time>2026-06-17T22:25:16.000Z</time>
      </trkpt>
      <trkpt lat="40.79064" lon="-73.966438">
        <ele>0</ele>
        <time>2026-06-17T22:25:17.000Z</time>
      </trkpt>
      <trkpt lat="40.790635" lon="-73.966426">
        <ele>0</ele>
        <time>2026-06-17T22:25:18.000Z</time>
      </trkpt>
      <trkpt lat="40.79063" lon="-73.966415">
        <ele>0</ele>
        <time>2026-06-17T22:25:19.000Z</time>
      </trkpt>
      <trkpt lat="40.790625" lon="-73.966403">
        <ele>0</ele>
        <time>2026-06-17T22:25:20.000Z</time>
      </trkpt>
      <trkpt lat="40.79062" lon="-73.966392">
        <ele>0</ele>
        <time>2026-06-17T22:25:21.000Z</time>
      </trkpt>
      <trkpt lat="40.790615" lon="-73.96638">
        <ele>0</ele>
        <time>2026-06-17T22:25:22.000Z</time>
      </trkpt>
      <trkpt lat="40.790611" lon="-73.966369">
        <ele>0</ele>
        <time>2026-06-17T22:25:23.000Z</time>
      </trkpt>
      <trkpt lat="40.790606" lon="-73.966358">
        <ele>0</ele>
        <time>2026-06-17T22:25:24.000Z</time>
      </trkpt>
      <trkpt lat="40.790601" lon="-73.966346">
        <ele>0</ele>
        <time>2026-06-17T22:25:25.000Z</time>
      </trkpt>
      <trkpt lat="40.790596" lon="-73.966335">
        <ele>0</ele>
        <time>2026-06-17T22:25:26.000Z</time>
      </trkpt>
      <trkpt lat="40.790591" lon="-73.966323">
        <ele>0</ele>
        <time>2026-06-17T22:25:27.000Z</time>
      </trkpt>
      <trkpt lat="40.790586" lon="-73.966312">
        <ele>0</ele>
        <time>2026-06-17T22:25:28.000Z</time>
      </trkpt>
      <trkpt lat="40.790581" lon="-73.9663">
        <ele>0</ele>
        <time>2026-06-17T22:25:29.000Z</time>
      </trkpt>
      <trkpt lat="40.790576" lon="-73.966289">
        <ele>0</ele>
        <time>2026-06-17T22:25:30.000Z</time>
      </trkpt>
      <trkpt lat="40.790572" lon="-73.966277">
        <ele>0</ele>
        <time>2026-06-17T22:25:31.000Z</time>
      </trkpt>
      <trkpt lat="40.790567" lon="-73.966266">
        <ele>0</ele>
        <time>2026-06-17T22:25:32.000Z</time>
      </trkpt>
      <trkpt lat="40.790562" lon="-73.966254">
        <ele>0</ele>
        <time>2026-06-17T22:25:33.000Z</time>
      </trkpt>
      <trkpt lat="40.790557" lon="-73.966243">
        <ele>0</ele>
        <time>2026-06-17T22:25:34.000Z</time>
      </trkpt>
      <trkpt lat="40.790547" lon="-73.966219">
        <ele>0</ele>
        <time>2026-06-17T22:25:35.000Z</time>
      </trkpt>
      <trkpt lat="40.790542" lon="-73.966207">
        <ele>0</ele>
        <time>2026-06-17T22:25:36.000Z</time>
      </trkpt>
      <trkpt lat="40.790538" lon="-73.966195">
        <ele>0</ele>
        <time>2026-06-17T22:25:37.000Z</time>
      </trkpt>
      <trkpt lat="40.790533" lon="-73.966183">
        <ele>0</ele>
        <time>2026-06-17T22:25:38.000Z</time>
      </trkpt>
      <trkpt lat="40.790528" lon="-73.966171">
        <ele>0</ele>
        <time>2026-06-17T22:25:39.000Z</time>
      </trkpt>
      <trkpt lat="40.790523" lon="-73.966159">
        <ele>0</ele>
        <time>2026-06-17T22:25:40.000Z</time>
      </trkpt>
      <trkpt lat="40.790519" lon="-73.966147">
        <ele>0</ele>
        <time>2026-06-17T22:25:41.000Z</time>
      </trkpt>
      <trkpt lat="40.790514" lon="-73.966135">
        <ele>0</ele>
        <time>2026-06-17T22:25:42.000Z</time>
      </trkpt>
      <trkpt lat="40.790509" lon="-73.966123">
        <ele>0</ele>
        <time>2026-06-17T22:25:43.000Z</time>
      </trkpt>
      <trkpt lat="40.790504" lon="-73.966111">
        <ele>0</ele>
        <time>2026-06-17T22:25:44.000Z</time>
      </trkpt>
      <trkpt lat="40.790499" lon="-73.966098">
        <ele>0</ele>
        <time>2026-06-17T22:25:45.000Z</time>
      </trkpt>
      <trkpt lat="40.790495" lon="-73.966086">
        <ele>0</ele>
        <time>2026-06-17T22:25:46.000Z</time>
      </trkpt>
      <trkpt lat="40.79049" lon="-73.966074">
        <ele>0</ele>
        <time>2026-06-17T22:25:47.000Z</time>
      </trkpt>
      <trkpt lat="40.790485" lon="-73.966062">
        <ele>0</ele>
        <time>2026-06-17T22:25:48.000Z</time>
      </trkpt>
      <trkpt lat="40.79048" lon="-73.96605">
        <ele>0</ele>
        <time>2026-06-17T22:25:49.000Z</time>
      </trkpt>
      <trkpt lat="40.790476" lon="-73.966038">
        <ele>0</ele>
        <time>2026-06-17T22:25:50.000Z</time>
      </trkpt>
      <trkpt lat="40.790471" lon="-73.966026">
        <ele>0</ele>
        <time>2026-06-17T22:25:51.000Z</time>
      </trkpt>
      <trkpt lat="40.790466" lon="-73.966014">
        <ele>0</ele>
        <time>2026-06-17T22:25:52.000Z</time>
      </trkpt>
      <trkpt lat="40.790461" lon="-73.966002">
        <ele>0</ele>
        <time>2026-06-17T22:25:53.000Z</time>
      </trkpt>
      <trkpt lat="40.790457" lon="-73.96599">
        <ele>0</ele>
        <time>2026-06-17T22:25:54.000Z</time>
      </trkpt>
      <trkpt lat="40.790452" lon="-73.965978">
        <ele>0</ele>
        <time>2026-06-17T22:25:55.000Z</time>
      </trkpt>
      <trkpt lat="40.790447" lon="-73.965966">
        <ele>0</ele>
        <time>2026-06-17T22:25:56.000Z</time>
      </trkpt>
      <trkpt lat="40.790442" lon="-73.965954">
        <ele>0</ele>
        <time>2026-06-17T22:25:57.000Z</time>
      </trkpt>
      <trkpt lat="40.790437" lon="-73.965942">
        <ele>0</ele>
        <time>2026-06-17T22:25:58.000Z</time>
      </trkpt>
      <trkpt lat="40.790433" lon="-73.96593">
        <ele>0</ele>
        <time>2026-06-17T22:25:59.000Z</time>
      </trkpt>
      <trkpt lat="40.790428" lon="-73.965918">
        <ele>0</ele>
        <time>2026-06-17T22:26:00.000Z</time>
      </trkpt>
      <trkpt lat="40.790423" lon="-73.965906">
        <ele>0</ele>
        <time>2026-06-17T22:26:01.000Z</time>
      </trkpt>
      <trkpt lat="40.790418" lon="-73.965894">
        <ele>0</ele>
        <time>2026-06-17T22:26:02.000Z</time>
      </trkpt>
      <trkpt lat="40.790414" lon="-73.965882">
        <ele>0</ele>
        <time>2026-06-17T22:26:03.000Z</time>
      </trkpt>
      <trkpt lat="40.790409" lon="-73.96587">
        <ele>0</ele>
        <time>2026-06-17T22:26:04.000Z</time>
      </trkpt>
      <trkpt lat="40.790404" lon="-73.965857">
        <ele>0</ele>
        <time>2026-06-17T22:26:05.000Z</time>
      </trkpt>
      <trkpt lat="40.790394" lon="-73.965835">
        <ele>0</ele>
        <time>2026-06-17T22:26:06.000Z</time>
      </trkpt>
      <trkpt lat="40.790393" lon="-73.965832">
        <ele>0</ele>
        <time>2026-06-17T22:26:07.000Z</time>
      </trkpt>
      <trkpt lat="40.790391" lon="-73.965828">
        <ele>0</ele>
        <time>2026-06-17T22:26:08.000Z</time>
      </trkpt>
      <trkpt lat="40.790389" lon="-73.965825">
        <ele>0</ele>
        <time>2026-06-17T22:26:09.000Z</time>
      </trkpt>
      <trkpt lat="40.790388" lon="-73.965822">
        <ele>0</ele>
        <time>2026-06-17T22:26:10.000Z</time>
      </trkpt>
      <trkpt lat="40.790386" lon="-73.965819">
        <ele>0</ele>
        <time>2026-06-17T22:26:11.000Z</time>
      </trkpt>
      <trkpt lat="40.790384" lon="-73.965816">
        <ele>0</ele>
        <time>2026-06-17T22:26:12.000Z</time>
      </trkpt>
      <trkpt lat="40.790382" lon="-73.965812">
        <ele>0</ele>
        <time>2026-06-17T22:26:13.000Z</time>
      </trkpt>
      <trkpt lat="40.790381" lon="-73.965809">
        <ele>0</ele>
        <time>2026-06-17T22:26:14.000Z</time>
      </trkpt>
      <trkpt lat="40.790379" lon="-73.965806">
        <ele>0</ele>
        <time>2026-06-17T22:26:15.000Z</time>
      </trkpt>
      <trkpt lat="40.790376" lon="-73.965804">
        <ele>0</ele>
        <time>2026-06-17T22:26:16.000Z</time>
      </trkpt>
      <trkpt lat="40.790373" lon="-73.965802">
        <ele>0</ele>
        <time>2026-06-17T22:26:17.000Z</time>
      </trkpt>
      <trkpt lat="40.790369" lon="-73.965799">
        <ele>0</ele>
        <time>2026-06-17T22:26:18.000Z</time>
      </trkpt>
      <trkpt lat="40.790366" lon="-73.965797">
        <ele>0</ele>
        <time>2026-06-17T22:26:19.000Z</time>
      </trkpt>
      <trkpt lat="40.790363" lon="-73.965795">
        <ele>0</ele>
        <time>2026-06-17T22:26:20.000Z</time>
      </trkpt>
      <trkpt lat="40.79036" lon="-73.965793">
        <ele>0</ele>
        <time>2026-06-17T22:26:21.000Z</time>
      </trkpt>
      <trkpt lat="40.790357" lon="-73.965791">
        <ele>0</ele>
        <time>2026-06-17T22:26:22.000Z</time>
      </trkpt>
      <trkpt lat="40.790354" lon="-73.965788">
        <ele>0</ele>
        <time>2026-06-17T22:26:23.000Z</time>
      </trkpt>
      <trkpt lat="40.79035" lon="-73.965786">
        <ele>0</ele>
        <time>2026-06-17T22:26:24.000Z</time>
      </trkpt>
      <trkpt lat="40.790347" lon="-73.965784">
        <ele>0</ele>
        <time>2026-06-17T22:26:25.000Z</time>
      </trkpt>
      <trkpt lat="40.790344" lon="-73.965782">
        <ele>0</ele>
        <time>2026-06-17T22:26:26.000Z</time>
      </trkpt>
      <trkpt lat="40.790341" lon="-73.96578">
        <ele>0</ele>
        <time>2026-06-17T22:26:27.000Z</time>
      </trkpt>
      <trkpt lat="40.790338" lon="-73.965777">
        <ele>0</ele>
        <time>2026-06-17T22:26:28.000Z</time>
      </trkpt>
      <trkpt lat="40.790335" lon="-73.965775">
        <ele>0</ele>
        <time>2026-06-17T22:26:29.000Z</time>
      </trkpt>
      <trkpt lat="40.790331" lon="-73.965773">
        <ele>0</ele>
        <time>2026-06-17T22:26:30.000Z</time>
      </trkpt>
      <trkpt lat="40.790328" lon="-73.965771">
        <ele>0</ele>
        <time>2026-06-17T22:26:31.000Z</time>
      </trkpt>
      <trkpt lat="40.790325" lon="-73.965769">
        <ele>0</ele>
        <time>2026-06-17T22:26:32.000Z</time>
      </trkpt>
      <trkpt lat="40.790322" lon="-73.965766">
        <ele>0</ele>
        <time>2026-06-17T22:26:33.000Z</time>
      </trkpt>
      <trkpt lat="40.790319" lon="-73.965764">
        <ele>0</ele>
        <time>2026-06-17T22:26:34.000Z</time>
      </trkpt>
      <trkpt lat="40.790316" lon="-73.965762">
        <ele>0</ele>
        <time>2026-06-17T22:26:35.000Z</time>
      </trkpt>
      <trkpt lat="40.790312" lon="-73.96576">
        <ele>0</ele>
        <time>2026-06-17T22:26:36.000Z</time>
      </trkpt>
      <trkpt lat="40.790309" lon="-73.965758">
        <ele>0</ele>
        <time>2026-06-17T22:26:37.000Z</time>
      </trkpt>
      <trkpt lat="40.790306" lon="-73.965755">
        <ele>0</ele>
        <time>2026-06-17T22:26:38.000Z</time>
      </trkpt>
      <trkpt lat="40.790303" lon="-73.965753">
        <ele>0</ele>
        <time>2026-06-17T22:26:39.000Z</time>
      </trkpt>
      <trkpt lat="40.7903" lon="-73.965751">
        <ele>0</ele>
        <time>2026-06-17T22:26:40.000Z</time>
      </trkpt>
      <trkpt lat="40.790297" lon="-73.965749">
        <ele>0</ele>
        <time>2026-06-17T22:26:41.000Z</time>
      </trkpt>
      <trkpt lat="40.790293" lon="-73.965747">
        <ele>0</ele>
        <time>2026-06-17T22:26:42.000Z</time>
      </trkpt>
      <trkpt lat="40.79029" lon="-73.965744">
        <ele>0</ele>
        <time>2026-06-17T22:26:43.000Z</time>
      </trkpt>
      <trkpt lat="40.790287" lon="-73.965742">
        <ele>0</ele>
        <time>2026-06-17T22:26:44.000Z</time>
      </trkpt>
      <trkpt lat="40.790284" lon="-73.96574">
        <ele>0</ele>
        <time>2026-06-17T22:26:45.000Z</time>
      </trkpt>
      <trkpt lat="40.790281" lon="-73.965738">
        <ele>0</ele>
        <time>2026-06-17T22:26:46.000Z</time>
      </trkpt>
      <trkpt lat="40.790278" lon="-73.965736">
        <ele>0</ele>
        <time>2026-06-17T22:26:47.000Z</time>
      </trkpt>
      <trkpt lat="40.790274" lon="-73.965733">
        <ele>0</ele>
        <time>2026-06-17T22:26:48.000Z</time>
      </trkpt>
      <trkpt lat="40.790271" lon="-73.965731">
        <ele>0</ele>
        <time>2026-06-17T22:26:49.000Z</time>
      </trkpt>
      <trkpt lat="40.790268" lon="-73.965729">
        <ele>0</ele>
        <time>2026-06-17T22:26:50.000Z</time>
      </trkpt>
      <trkpt lat="40.790265" lon="-73.965727">
        <ele>0</ele>
        <time>2026-06-17T22:26:51.000Z</time>
      </trkpt>
      <trkpt lat="40.790262" lon="-73.965725">
        <ele>0</ele>
        <time>2026-06-17T22:26:52.000Z</time>
      </trkpt>
      <trkpt lat="40.790258" lon="-73.965722">
        <ele>0</ele>
        <time>2026-06-17T22:26:53.000Z</time>
      </trkpt>
      <trkpt lat="40.790255" lon="-73.96572">
        <ele>0</ele>
        <time>2026-06-17T22:26:54.000Z</time>
      </trkpt>
      <trkpt lat="40.790252" lon="-73.965718">
        <ele>0</ele>
        <time>2026-06-17T22:26:55.000Z</time>
      </trkpt>
      <trkpt lat="40.790249" lon="-73.965716">
        <ele>0</ele>
        <time>2026-06-17T22:26:56.000Z</time>
      </trkpt>
      <trkpt lat="40.790246" lon="-73.965714">
        <ele>0</ele>
        <time>2026-06-17T22:26:57.000Z</time>
      </trkpt>
      <trkpt lat="40.790243" lon="-73.965711">
        <ele>0</ele>
        <time>2026-06-17T22:26:58.000Z</time>
      </trkpt>
      <trkpt lat="40.790239" lon="-73.965709">
        <ele>0</ele>
        <time>2026-06-17T22:26:59.000Z</time>
      </trkpt>
      <trkpt lat="40.790236" lon="-73.965707">
        <ele>0</ele>
        <time>2026-06-17T22:27:00.000Z</time>
      </trkpt>
      <trkpt lat="40.790233" lon="-73.965705">
        <ele>0</ele>
        <time>2026-06-17T22:27:01.000Z</time>
      </trkpt>
      <trkpt lat="40.79023" lon="-73.965703">
        <ele>0</ele>
        <time>2026-06-17T22:27:02.000Z</time>
      </trkpt>
      <trkpt lat="40.790227" lon="-73.9657">
        <ele>0</ele>
        <time>2026-06-17T22:27:03.000Z</time>
      </trkpt>
      <trkpt lat="40.790224" lon="-73.965698">
        <ele>0</ele>
        <time>2026-06-17T22:27:04.000Z</time>
      </trkpt>
      <trkpt lat="40.79022" lon="-73.965696">
        <ele>0</ele>
        <time>2026-06-17T22:27:05.000Z</time>
      </trkpt>
      <trkpt lat="40.790217" lon="-73.965694">
        <ele>0</ele>
        <time>2026-06-17T22:27:06.000Z</time>
      </trkpt>
      <trkpt lat="40.790214" lon="-73.965692">
        <ele>0</ele>
        <time>2026-06-17T22:27:07.000Z</time>
      </trkpt>
      <trkpt lat="40.790211" lon="-73.965689">
        <ele>0</ele>
        <time>2026-06-17T22:27:08.000Z</time>
      </trkpt>
      <trkpt lat="40.790208" lon="-73.965687">
        <ele>0</ele>
        <time>2026-06-17T22:27:09.000Z</time>
      </trkpt>
      <trkpt lat="40.790205" lon="-73.965685">
        <ele>0</ele>
        <time>2026-06-17T22:27:10.000Z</time>
      </trkpt>
      <trkpt lat="40.790201" lon="-73.965683">
        <ele>0</ele>
        <time>2026-06-17T22:27:11.000Z</time>
      </trkpt>
      <trkpt lat="40.790198" lon="-73.965681">
        <ele>0</ele>
        <time>2026-06-17T22:27:12.000Z</time>
      </trkpt>
      <trkpt lat="40.790195" lon="-73.965678">
        <ele>0</ele>
        <time>2026-06-17T22:27:13.000Z</time>
      </trkpt>
      <trkpt lat="40.790192" lon="-73.965676">
        <ele>0</ele>
        <time>2026-06-17T22:27:14.000Z</time>
      </trkpt>
      <trkpt lat="40.790189" lon="-73.965674">
        <ele>0</ele>
        <time>2026-06-17T22:27:15.000Z</time>
      </trkpt>
      <trkpt lat="40.790186" lon="-73.965672">
        <ele>0</ele>
        <time>2026-06-17T22:27:16.000Z</time>
      </trkpt>
      <trkpt lat="40.790182" lon="-73.96567">
        <ele>0</ele>
        <time>2026-06-17T22:27:17.000Z</time>
      </trkpt>
      <trkpt lat="40.790179" lon="-73.965667">
        <ele>0</ele>
        <time>2026-06-17T22:27:18.000Z</time>
      </trkpt>
      <trkpt lat="40.790176" lon="-73.965665">
        <ele>0</ele>
        <time>2026-06-17T22:27:19.000Z</time>
      </trkpt>
      <trkpt lat="40.790173" lon="-73.965663">
        <ele>0</ele>
        <time>2026-06-17T22:27:20.000Z</time>
      </trkpt>
      <trkpt lat="40.79017" lon="-73.965661">
        <ele>0</ele>
        <time>2026-06-17T22:27:21.000Z</time>
      </trkpt>
      <trkpt lat="40.790167" lon="-73.965659">
        <ele>0</ele>
        <time>2026-06-17T22:27:22.000Z</time>
      </trkpt>
      <trkpt lat="40.790148" lon="-73.965674">
        <ele>0</ele>
        <time>2026-06-17T22:27:23.000Z</time>
      </trkpt>
      <trkpt lat="40.790139" lon="-73.96568">
        <ele>0</ele>
        <time>2026-06-17T22:27:24.000Z</time>
      </trkpt>
      <trkpt lat="40.79013" lon="-73.965687">
        <ele>0</ele>
        <time>2026-06-17T22:27:25.000Z</time>
      </trkpt>
      <trkpt lat="40.790121" lon="-73.965694">
        <ele>0</ele>
        <time>2026-06-17T22:27:26.000Z</time>
      </trkpt>
      <trkpt lat="40.790112" lon="-73.9657">
        <ele>0</ele>
        <time>2026-06-17T22:27:27.000Z</time>
      </trkpt>
      <trkpt lat="40.790104" lon="-73.965707">
        <ele>0</ele>
        <time>2026-06-17T22:27:28.000Z</time>
      </trkpt>
      <trkpt lat="40.790095" lon="-73.965713">
        <ele>0</ele>
        <time>2026-06-17T22:27:29.000Z</time>
      </trkpt>
      <trkpt lat="40.790086" lon="-73.96572">
        <ele>0</ele>
        <time>2026-06-17T22:27:30.000Z</time>
      </trkpt>
      <trkpt lat="40.790077" lon="-73.965727">
        <ele>0</ele>
        <time>2026-06-17T22:27:31.000Z</time>
      </trkpt>
      <trkpt lat="40.790068" lon="-73.965733">
        <ele>0</ele>
        <time>2026-06-17T22:27:32.000Z</time>
      </trkpt>
      <trkpt lat="40.790059" lon="-73.96574">
        <ele>0</ele>
        <time>2026-06-17T22:27:33.000Z</time>
      </trkpt>
      <trkpt lat="40.79005" lon="-73.965747">
        <ele>0</ele>
        <time>2026-06-17T22:27:34.000Z</time>
      </trkpt>
      <trkpt lat="40.790041" lon="-73.965753">
        <ele>0</ele>
        <time>2026-06-17T22:27:35.000Z</time>
      </trkpt>
      <trkpt lat="40.790032" lon="-73.96576">
        <ele>0</ele>
        <time>2026-06-17T22:27:36.000Z</time>
      </trkpt>
      <trkpt lat="40.790023" lon="-73.965767">
        <ele>0</ele>
        <time>2026-06-17T22:27:37.000Z</time>
      </trkpt>
      <trkpt lat="40.790015" lon="-73.965773">
        <ele>0</ele>
        <time>2026-06-17T22:27:38.000Z</time>
      </trkpt>
      <trkpt lat="40.790006" lon="-73.96578">
        <ele>0</ele>
        <time>2026-06-17T22:27:39.000Z</time>
      </trkpt>
      <trkpt lat="40.789997" lon="-73.965786">
        <ele>0</ele>
        <time>2026-06-17T22:27:40.000Z</time>
      </trkpt>
      <trkpt lat="40.789988" lon="-73.965793">
        <ele>0</ele>
        <time>2026-06-17T22:27:41.000Z</time>
      </trkpt>
      <trkpt lat="40.789979" lon="-73.9658">
        <ele>0</ele>
        <time>2026-06-17T22:27:42.000Z</time>
      </trkpt>
      <trkpt lat="40.78997" lon="-73.965806">
        <ele>0</ele>
        <time>2026-06-17T22:27:43.000Z</time>
      </trkpt>
      <trkpt lat="40.789961" lon="-73.965813">
        <ele>0</ele>
        <time>2026-06-17T22:27:44.000Z</time>
      </trkpt>
      <trkpt lat="40.789952" lon="-73.96582">
        <ele>0</ele>
        <time>2026-06-17T22:27:45.000Z</time>
      </trkpt>
      <trkpt lat="40.789943" lon="-73.965826">
        <ele>0</ele>
        <time>2026-06-17T22:27:46.000Z</time>
      </trkpt>
      <trkpt lat="40.789934" lon="-73.965833">
        <ele>0</ele>
        <time>2026-06-17T22:27:47.000Z</time>
      </trkpt>
      <trkpt lat="40.789926" lon="-73.96584">
        <ele>0</ele>
        <time>2026-06-17T22:27:48.000Z</time>
      </trkpt>
      <trkpt lat="40.789905" lon="-73.965851">
        <ele>0</ele>
        <time>2026-06-17T22:27:49.000Z</time>
      </trkpt>
      <trkpt lat="40.789895" lon="-73.965857">
        <ele>0</ele>
        <time>2026-06-17T22:27:50.000Z</time>
      </trkpt>
      <trkpt lat="40.789884" lon="-73.965862">
        <ele>0</ele>
        <time>2026-06-17T22:27:51.000Z</time>
      </trkpt>
      <trkpt lat="40.789874" lon="-73.965867">
        <ele>0</ele>
        <time>2026-06-17T22:27:52.000Z</time>
      </trkpt>
      <trkpt lat="40.789863" lon="-73.965873">
        <ele>0</ele>
        <time>2026-06-17T22:27:53.000Z</time>
      </trkpt>
      <trkpt lat="40.789853" lon="-73.965878">
        <ele>0</ele>
        <time>2026-06-17T22:27:54.000Z</time>
      </trkpt>
      <trkpt lat="40.789842" lon="-73.965883">
        <ele>0</ele>
        <time>2026-06-17T22:27:55.000Z</time>
      </trkpt>
      <trkpt lat="40.789832" lon="-73.965888">
        <ele>0</ele>
        <time>2026-06-17T22:27:56.000Z</time>
      </trkpt>
      <trkpt lat="40.789821" lon="-73.965894">
        <ele>0</ele>
        <time>2026-06-17T22:27:57.000Z</time>
      </trkpt>
      <trkpt lat="40.789811" lon="-73.965899">
        <ele>0</ele>
        <time>2026-06-17T22:27:58.000Z</time>
      </trkpt>
      <trkpt lat="40.7898" lon="-73.965904">
        <ele>0</ele>
        <time>2026-06-17T22:27:59.000Z</time>
      </trkpt>
      <trkpt lat="40.78979" lon="-73.96591">
        <ele>0</ele>
        <time>2026-06-17T22:28:00.000Z</time>
      </trkpt>
      <trkpt lat="40.789779" lon="-73.965915">
        <ele>0</ele>
        <time>2026-06-17T22:28:01.000Z</time>
      </trkpt>
      <trkpt lat="40.789769" lon="-73.96592">
        <ele>0</ele>
        <time>2026-06-17T22:28:02.000Z</time>
      </trkpt>
      <trkpt lat="40.789758" lon="-73.965926">
        <ele>0</ele>
        <time>2026-06-17T22:28:03.000Z</time>
      </trkpt>
      <trkpt lat="40.789748" lon="-73.965931">
        <ele>0</ele>
        <time>2026-06-17T22:28:04.000Z</time>
      </trkpt>
      <trkpt lat="40.789737" lon="-73.965936">
        <ele>0</ele>
        <time>2026-06-17T22:28:05.000Z</time>
      </trkpt>
      <trkpt lat="40.789727" lon="-73.965941">
        <ele>0</ele>
        <time>2026-06-17T22:28:06.000Z</time>
      </trkpt>
      <trkpt lat="40.789716" lon="-73.965947">
        <ele>0</ele>
        <time>2026-06-17T22:28:07.000Z</time>
      </trkpt>
      <trkpt lat="40.789706" lon="-73.965952">
        <ele>0</ele>
        <time>2026-06-17T22:28:08.000Z</time>
      </trkpt>
      <trkpt lat="40.789695" lon="-73.965957">
        <ele>0</ele>
        <time>2026-06-17T22:28:09.000Z</time>
      </trkpt>
      <trkpt lat="40.789685" lon="-73.965963">
        <ele>0</ele>
        <time>2026-06-17T22:28:10.000Z</time>
      </trkpt>
      <trkpt lat="40.789674" lon="-73.965968">
        <ele>0</ele>
        <time>2026-06-17T22:28:11.000Z</time>
      </trkpt>
      <trkpt lat="40.789664" lon="-73.965973">
        <ele>0</ele>
        <time>2026-06-17T22:28:12.000Z</time>
      </trkpt>
      <trkpt lat="40.789653" lon="-73.965979">
        <ele>0</ele>
        <time>2026-06-17T22:28:13.000Z</time>
      </trkpt>
      <trkpt lat="40.789637" lon="-73.965985">
        <ele>0</ele>
        <time>2026-06-17T22:28:14.000Z</time>
      </trkpt>
      <trkpt lat="40.78963" lon="-73.965985">
        <ele>0</ele>
        <time>2026-06-17T22:28:15.000Z</time>
      </trkpt>
      <trkpt lat="40.789623" lon="-73.965986">
        <ele>0</ele>
        <time>2026-06-17T22:28:16.000Z</time>
      </trkpt>
      <trkpt lat="40.789616" lon="-73.965986">
        <ele>0</ele>
        <time>2026-06-17T22:28:17.000Z</time>
      </trkpt>
      <trkpt lat="40.789609" lon="-73.965986">
        <ele>0</ele>
        <time>2026-06-17T22:28:18.000Z</time>
      </trkpt>
      <trkpt lat="40.789602" lon="-73.965986">
        <ele>0</ele>
        <time>2026-06-17T22:28:19.000Z</time>
      </trkpt>
      <trkpt lat="40.789595" lon="-73.965986">
        <ele>0</ele>
        <time>2026-06-17T22:28:20.000Z</time>
      </trkpt>
      <trkpt lat="40.789588" lon="-73.965987">
        <ele>0</ele>
        <time>2026-06-17T22:28:21.000Z</time>
      </trkpt>
      <trkpt lat="40.789581" lon="-73.965987">
        <ele>0</ele>
        <time>2026-06-17T22:28:22.000Z</time>
      </trkpt>
      <trkpt lat="40.789574" lon="-73.965987">
        <ele>0</ele>
        <time>2026-06-17T22:28:23.000Z</time>
      </trkpt>
      <trkpt lat="40.789567" lon="-73.965987">
        <ele>0</ele>
        <time>2026-06-17T22:28:24.000Z</time>
      </trkpt>
      <trkpt lat="40.78956" lon="-73.965987">
        <ele>0</ele>
        <time>2026-06-17T22:28:25.000Z</time>
      </trkpt>
      <trkpt lat="40.789553" lon="-73.965987">
        <ele>0</ele>
        <time>2026-06-17T22:28:26.000Z</time>
      </trkpt>
      <trkpt lat="40.78955" lon="-73.965976">
        <ele>0</ele>
        <time>2026-06-17T22:28:27.000Z</time>
      </trkpt>
      <trkpt lat="40.789548" lon="-73.965964">
        <ele>0</ele>
        <time>2026-06-17T22:28:28.000Z</time>
      </trkpt>
      <trkpt lat="40.789544" lon="-73.965953">
        <ele>0</ele>
        <time>2026-06-17T22:28:29.000Z</time>
      </trkpt>
      <trkpt lat="40.789538" lon="-73.965941">
        <ele>0</ele>
        <time>2026-06-17T22:28:30.000Z</time>
      </trkpt>
      <trkpt lat="40.789531" lon="-73.965926">
        <ele>0</ele>
        <time>2026-06-17T22:28:31.000Z</time>
      </trkpt>
      <trkpt lat="40.789522" lon="-73.965913">
        <ele>0</ele>
        <time>2026-06-17T22:28:32.000Z</time>
      </trkpt>
      <trkpt lat="40.78951" lon="-73.965904">
        <ele>0</ele>
        <time>2026-06-17T22:28:33.000Z</time>
      </trkpt>
      <trkpt lat="40.78951" lon="-73.965904">
        <ele>0</ele>
        <time>2026-06-17T22:28:34.000Z</time>
      </trkpt>
      <trkpt lat="40.789486" lon="-73.965888">
        <ele>37.4</ele>
        <time>2026-06-17T22:28:35.000Z</time>
      </trkpt>
      <trkpt lat="40.789479" lon="-73.965877">
        <ele>37.4</ele>
        <time>2026-06-17T22:28:36.000Z</time>
      </trkpt>
      <trkpt lat="40.789471" lon="-73.965867">
        <ele>37.2</ele>
        <time>2026-06-17T22:28:37.000Z</time>
      </trkpt>
      <trkpt lat="40.789463" lon="-73.965859">
        <ele>37.2</ele>
        <time>2026-06-17T22:28:38.000Z</time>
      </trkpt>
      <trkpt lat="40.789455" lon="-73.965849">
        <ele>37.2</ele>
        <time>2026-06-17T22:28:39.000Z</time>
      </trkpt>
      <trkpt lat="40.789449" lon="-73.965838">
        <ele>37.2</ele>
        <time>2026-06-17T22:28:40.000Z</time>
      </trkpt>
      <trkpt lat="40.789442" lon="-73.965827">
        <ele>37.2</ele>
        <time>2026-06-17T22:28:41.000Z</time>
      </trkpt>
      <trkpt lat="40.789433" lon="-73.965818">
        <ele>37.2</ele>
        <time>2026-06-17T22:28:42.000Z</time>
      </trkpt>
      <trkpt lat="40.789424" lon="-73.96581">
        <ele>37.2</ele>
        <time>2026-06-17T22:28:43.000Z</time>
      </trkpt>
      <trkpt lat="40.789414" lon="-73.965803">
        <ele>37.2</ele>
        <time>2026-06-17T22:28:44.000Z</time>
      </trkpt>
      <trkpt lat="40.789405" lon="-73.965794">
        <ele>37.2</ele>
        <time>2026-06-17T22:28:45.000Z</time>
      </trkpt>
      <trkpt lat="40.789398" lon="-73.965784">
        <ele>37.2</ele>
        <time>2026-06-17T22:28:46.000Z</time>
      </trkpt>
      <trkpt lat="40.78939" lon="-73.965773">
        <ele>37.2</ele>
        <time>2026-06-17T22:28:47.000Z</time>
      </trkpt>
      <trkpt lat="40.789383" lon="-73.965763">
        <ele>37.2</ele>
        <time>2026-06-17T22:28:48.000Z</time>
      </trkpt>
      <trkpt lat="40.789374" lon="-73.965755">
        <ele>37.2</ele>
        <time>2026-06-17T22:28:49.000Z</time>
      </trkpt>
      <trkpt lat="40.789365" lon="-73.965747">
        <ele>37.2</ele>
        <time>2026-06-17T22:28:50.000Z</time>
      </trkpt>
      <trkpt lat="40.789356" lon="-73.965738">
        <ele>37.2</ele>
        <time>2026-06-17T22:28:51.000Z</time>
      </trkpt>
      <trkpt lat="40.789348" lon="-73.965729">
        <ele>37.4</ele>
        <time>2026-06-17T22:28:52.000Z</time>
      </trkpt>
      <trkpt lat="40.78934" lon="-73.965719">
        <ele>37.4</ele>
        <time>2026-06-17T22:28:53.000Z</time>
      </trkpt>
      <trkpt lat="40.789333" lon="-73.965709">
        <ele>37.4</ele>
        <time>2026-06-17T22:28:54.000Z</time>
      </trkpt>
      <trkpt lat="40.789325" lon="-73.9657">
        <ele>37.4</ele>
        <time>2026-06-17T22:28:55.000Z</time>
      </trkpt>
      <trkpt lat="40.789317" lon="-73.965693">
        <ele>37.4</ele>
        <time>2026-06-17T22:28:56.000Z</time>
      </trkpt>
      <trkpt lat="40.789307" lon="-73.965686">
        <ele>37.6</ele>
        <time>2026-06-17T22:28:57.000Z</time>
      </trkpt>
      <trkpt lat="40.789298" lon="-73.965679">
        <ele>37.6</ele>
        <time>2026-06-17T22:28:58.000Z</time>
      </trkpt>
      <trkpt lat="40.789289" lon="-73.96567">
        <ele>37.8</ele>
        <time>2026-06-17T22:28:59.000Z</time>
      </trkpt>
      <trkpt lat="40.789281" lon="-73.965661">
        <ele>37.8</ele>
        <time>2026-06-17T22:29:00.000Z</time>
      </trkpt>
      <trkpt lat="40.789272" lon="-73.965652">
        <ele>38</ele>
        <time>2026-06-17T22:29:01.000Z</time>
      </trkpt>
      <trkpt lat="40.789263" lon="-73.965643">
        <ele>38</ele>
        <time>2026-06-17T22:29:02.000Z</time>
      </trkpt>
      <trkpt lat="40.789255" lon="-73.965634">
        <ele>38.2</ele>
        <time>2026-06-17T22:29:03.000Z</time>
      </trkpt>
      <trkpt lat="40.789247" lon="-73.965624">
        <ele>38.2</ele>
        <time>2026-06-17T22:29:04.000Z</time>
      </trkpt>
      <trkpt lat="40.789239" lon="-73.965613">
        <ele>38.4</ele>
        <time>2026-06-17T22:29:05.000Z</time>
      </trkpt>
      <trkpt lat="40.789232" lon="-73.965602">
        <ele>38.4</ele>
        <time>2026-06-17T22:29:06.000Z</time>
      </trkpt>
      <trkpt lat="40.789225" lon="-73.965589">
        <ele>38.4</ele>
        <time>2026-06-17T22:29:07.000Z</time>
      </trkpt>
      <trkpt lat="40.789217" lon="-73.965577">
        <ele>38.4</ele>
        <time>2026-06-17T22:29:08.000Z</time>
      </trkpt>
      <trkpt lat="40.78921" lon="-73.965565">
        <ele>38.4</ele>
        <time>2026-06-17T22:29:09.000Z</time>
      </trkpt>
      <trkpt lat="40.789202" lon="-73.965554">
        <ele>38.4</ele>
        <time>2026-06-17T22:29:10.000Z</time>
      </trkpt>
      <trkpt lat="40.789195" lon="-73.965545">
        <ele>38.4</ele>
        <time>2026-06-17T22:29:11.000Z</time>
      </trkpt>
      <trkpt lat="40.789188" lon="-73.965535">
        <ele>38.4</ele>
        <time>2026-06-17T22:29:12.000Z</time>
      </trkpt>
      <trkpt lat="40.789181" lon="-73.965525">
        <ele>38.4</ele>
        <time>2026-06-17T22:29:13.000Z</time>
      </trkpt>
      <trkpt lat="40.789175" lon="-73.965514">
        <ele>38.4</ele>
        <time>2026-06-17T22:29:14.000Z</time>
      </trkpt>
      <trkpt lat="40.789169" lon="-73.965503">
        <ele>38.4</ele>
        <time>2026-06-17T22:29:15.000Z</time>
      </trkpt>
      <trkpt lat="40.789162" lon="-73.965491">
        <ele>38.4</ele>
        <time>2026-06-17T22:29:16.000Z</time>
      </trkpt>
      <trkpt lat="40.789156" lon="-73.96548">
        <ele>38.4</ele>
        <time>2026-06-17T22:29:17.000Z</time>
      </trkpt>
      <trkpt lat="40.789149" lon="-73.965468">
        <ele>38.4</ele>
        <time>2026-06-17T22:29:18.000Z</time>
      </trkpt>
      <trkpt lat="40.789142" lon="-73.965458">
        <ele>38.4</ele>
        <time>2026-06-17T22:29:19.000Z</time>
      </trkpt>
      <trkpt lat="40.789135" lon="-73.965448">
        <ele>38.4</ele>
        <time>2026-06-17T22:29:20.000Z</time>
      </trkpt>
      <trkpt lat="40.789128" lon="-73.965439">
        <ele>38.6</ele>
        <time>2026-06-17T22:29:21.000Z</time>
      </trkpt>
      <trkpt lat="40.789122" lon="-73.96543">
        <ele>38.6</ele>
        <time>2026-06-17T22:29:22.000Z</time>
      </trkpt>
      <trkpt lat="40.789116" lon="-73.965421">
        <ele>38.6</ele>
        <time>2026-06-17T22:29:23.000Z</time>
      </trkpt>
      <trkpt lat="40.78911" lon="-73.96541">
        <ele>38.8</ele>
        <time>2026-06-17T22:29:24.000Z</time>
      </trkpt>
      <trkpt lat="40.789104" lon="-73.9654">
        <ele>38.8</ele>
        <time>2026-06-17T22:29:25.000Z</time>
      </trkpt>
      <trkpt lat="40.789097" lon="-73.965389">
        <ele>38.8</ele>
        <time>2026-06-17T22:29:26.000Z</time>
      </trkpt>
      <trkpt lat="40.789091" lon="-73.965378">
        <ele>38.8</ele>
        <time>2026-06-17T22:29:27.000Z</time>
      </trkpt>
      <trkpt lat="40.789085" lon="-73.965366">
        <ele>39</ele>
        <time>2026-06-17T22:29:28.000Z</time>
      </trkpt>
      <trkpt lat="40.78908" lon="-73.965355">
        <ele>39</ele>
        <time>2026-06-17T22:29:29.000Z</time>
      </trkpt>
      <trkpt lat="40.789075" lon="-73.965343">
        <ele>39</ele>
        <time>2026-06-17T22:29:30.000Z</time>
      </trkpt>
      <trkpt lat="40.789069" lon="-73.965332">
        <ele>39</ele>
        <time>2026-06-17T22:29:31.000Z</time>
      </trkpt>
      <trkpt lat="40.789064" lon="-73.965322">
        <ele>39</ele>
        <time>2026-06-17T22:29:32.000Z</time>
      </trkpt>
      <trkpt lat="40.789059" lon="-73.965312">
        <ele>39</ele>
        <time>2026-06-17T22:29:33.000Z</time>
      </trkpt>
      <trkpt lat="40.789054" lon="-73.965302">
        <ele>39</ele>
        <time>2026-06-17T22:29:34.000Z</time>
      </trkpt>
      <trkpt lat="40.789048" lon="-73.965292">
        <ele>39</ele>
        <time>2026-06-17T22:29:35.000Z</time>
      </trkpt>
      <trkpt lat="40.789043" lon="-73.965283">
        <ele>39</ele>
        <time>2026-06-17T22:29:36.000Z</time>
      </trkpt>
      <trkpt lat="40.789037" lon="-73.965275">
        <ele>39</ele>
        <time>2026-06-17T22:29:37.000Z</time>
      </trkpt>
      <trkpt lat="40.789031" lon="-73.965271">
        <ele>39</ele>
        <time>2026-06-17T22:29:38.000Z</time>
      </trkpt>
      <trkpt lat="40.789023" lon="-73.965271">
        <ele>39</ele>
        <time>2026-06-17T22:29:39.000Z</time>
      </trkpt>
      <trkpt lat="40.789014" lon="-73.965277">
        <ele>39</ele>
        <time>2026-06-17T22:29:40.000Z</time>
      </trkpt>
      <trkpt lat="40.789006" lon="-73.965287">
        <ele>39</ele>
        <time>2026-06-17T22:29:41.000Z</time>
      </trkpt>
      <trkpt lat="40.789" lon="-73.965301">
        <ele>39</ele>
        <time>2026-06-17T22:29:42.000Z</time>
      </trkpt>
      <trkpt lat="40.788995" lon="-73.965315">
        <ele>39</ele>
        <time>2026-06-17T22:29:43.000Z</time>
      </trkpt>
      <trkpt lat="40.788991" lon="-73.965329">
        <ele>39</ele>
        <time>2026-06-17T22:29:44.000Z</time>
      </trkpt>
      <trkpt lat="40.788987" lon="-73.965342">
        <ele>39</ele>
        <time>2026-06-17T22:29:45.000Z</time>
      </trkpt>
      <trkpt lat="40.788982" lon="-73.965356">
        <ele>39</ele>
        <time>2026-06-17T22:29:46.000Z</time>
      </trkpt>
      <trkpt lat="40.788978" lon="-73.96537">
        <ele>38.8</ele>
        <time>2026-06-17T22:29:47.000Z</time>
      </trkpt>
      <trkpt lat="40.788974" lon="-73.965384">
        <ele>38.8</ele>
        <time>2026-06-17T22:29:48.000Z</time>
      </trkpt>
      <trkpt lat="40.788969" lon="-73.965397">
        <ele>38.8</ele>
        <time>2026-06-17T22:29:49.000Z</time>
      </trkpt>
      <trkpt lat="40.788965" lon="-73.96541">
        <ele>38.8</ele>
        <time>2026-06-17T22:29:50.000Z</time>
      </trkpt>
      <trkpt lat="40.78896" lon="-73.965421">
        <ele>38.6</ele>
        <time>2026-06-17T22:29:51.000Z</time>
      </trkpt>
      <trkpt lat="40.788956" lon="-73.965432">
        <ele>38.6</ele>
        <time>2026-06-17T22:29:52.000Z</time>
      </trkpt>
      <trkpt lat="40.788952" lon="-73.965444">
        <ele>38.6</ele>
        <time>2026-06-17T22:29:53.000Z</time>
      </trkpt>
      <trkpt lat="40.788948" lon="-73.965456">
        <ele>38.6</ele>
        <time>2026-06-17T22:29:54.000Z</time>
      </trkpt>
      <trkpt lat="40.788945" lon="-73.965468">
        <ele>38.4</ele>
        <time>2026-06-17T22:29:55.000Z</time>
      </trkpt>
      <trkpt lat="40.78894" lon="-73.96548">
        <ele>38.4</ele>
        <time>2026-06-17T22:29:56.000Z</time>
      </trkpt>
      <trkpt lat="40.788935" lon="-73.965493">
        <ele>38.4</ele>
        <time>2026-06-17T22:29:57.000Z</time>
      </trkpt>
      <trkpt lat="40.788931" lon="-73.965506">
        <ele>38.4</ele>
        <time>2026-06-17T22:29:58.000Z</time>
      </trkpt>
      <trkpt lat="40.788927" lon="-73.965519">
        <ele>38.4</ele>
        <time>2026-06-17T22:29:59.000Z</time>
      </trkpt>
      <trkpt lat="40.788924" lon="-73.965533">
        <ele>38.4</ele>
        <time>2026-06-17T22:30:00.000Z</time>
      </trkpt>
      <trkpt lat="40.788921" lon="-73.965547">
        <ele>38.4</ele>
        <time>2026-06-17T22:30:01.000Z</time>
      </trkpt>
      <trkpt lat="40.788919" lon="-73.96556">
        <ele>38.4</ele>
        <time>2026-06-17T22:30:02.000Z</time>
      </trkpt>
      <trkpt lat="40.788917" lon="-73.965574">
        <ele>38.4</ele>
        <time>2026-06-17T22:30:03.000Z</time>
      </trkpt>
      <trkpt lat="40.788916" lon="-73.965589">
        <ele>38.4</ele>
        <time>2026-06-17T22:30:04.000Z</time>
      </trkpt>
      <trkpt lat="40.788915" lon="-73.965605">
        <ele>38.4</ele>
        <time>2026-06-17T22:30:05.000Z</time>
      </trkpt>
      <trkpt lat="40.788912" lon="-73.96562">
        <ele>38.4</ele>
        <time>2026-06-17T22:30:06.000Z</time>
      </trkpt>
      <trkpt lat="40.788909" lon="-73.965635">
        <ele>38.6</ele>
        <time>2026-06-17T22:30:07.000Z</time>
      </trkpt>
      <trkpt lat="40.788906" lon="-73.965649">
        <ele>38.6</ele>
        <time>2026-06-17T22:30:08.000Z</time>
      </trkpt>
      <trkpt lat="40.788902" lon="-73.965663">
        <ele>38.6</ele>
        <time>2026-06-17T22:30:09.000Z</time>
      </trkpt>
      <trkpt lat="40.788898" lon="-73.965677">
        <ele>38.6</ele>
        <time>2026-06-17T22:30:10.000Z</time>
      </trkpt>
      <trkpt lat="40.788893" lon="-73.965691">
        <ele>38.8</ele>
        <time>2026-06-17T22:30:11.000Z</time>
      </trkpt>
      <trkpt lat="40.78889" lon="-73.965705">
        <ele>38.8</ele>
        <time>2026-06-17T22:30:12.000Z</time>
      </trkpt>
      <trkpt lat="40.788887" lon="-73.965719">
        <ele>38.8</ele>
        <time>2026-06-17T22:30:13.000Z</time>
      </trkpt>
      <trkpt lat="40.788884" lon="-73.965733">
        <ele>38.8</ele>
        <time>2026-06-17T22:30:14.000Z</time>
      </trkpt>
      <trkpt lat="40.788882" lon="-73.965746">
        <ele>38.8</ele>
        <time>2026-06-17T22:30:15.000Z</time>
      </trkpt>
      <trkpt lat="40.788878" lon="-73.96576">
        <ele>38.8</ele>
        <time>2026-06-17T22:30:16.000Z</time>
      </trkpt>
      <trkpt lat="40.788874" lon="-73.965773">
        <ele>38.8</ele>
        <time>2026-06-17T22:30:17.000Z</time>
      </trkpt>
      <trkpt lat="40.788869" lon="-73.965785">
        <ele>39</ele>
        <time>2026-06-17T22:30:18.000Z</time>
      </trkpt>
      <trkpt lat="40.788863" lon="-73.965796">
        <ele>39</ele>
        <time>2026-06-17T22:30:19.000Z</time>
      </trkpt>
      <trkpt lat="40.788857" lon="-73.965807">
        <ele>39</ele>
        <time>2026-06-17T22:30:20.000Z</time>
      </trkpt>
      <trkpt lat="40.78885" lon="-73.965817">
        <ele>39</ele>
        <time>2026-06-17T22:30:21.000Z</time>
      </trkpt>
      <trkpt lat="40.788843" lon="-73.965826">
        <ele>39</ele>
        <time>2026-06-17T22:30:22.000Z</time>
      </trkpt>
      <trkpt lat="40.788836" lon="-73.965834">
        <ele>39</ele>
        <time>2026-06-17T22:30:23.000Z</time>
      </trkpt>
      <trkpt lat="40.788829" lon="-73.965842">
        <ele>39.2</ele>
        <time>2026-06-17T22:30:24.000Z</time>
      </trkpt>
      <trkpt lat="40.788822" lon="-73.965849">
        <ele>39.2</ele>
        <time>2026-06-17T22:30:25.000Z</time>
      </trkpt>
      <trkpt lat="40.788815" lon="-73.965857">
        <ele>39.2</ele>
        <time>2026-06-17T22:30:26.000Z</time>
      </trkpt>
      <trkpt lat="40.788808" lon="-73.965864">
        <ele>39.4</ele>
        <time>2026-06-17T22:30:27.000Z</time>
      </trkpt>
      <trkpt lat="40.788801" lon="-73.965872">
        <ele>39.4</ele>
        <time>2026-06-17T22:30:28.000Z</time>
      </trkpt>
      <trkpt lat="40.788793" lon="-73.965879">
        <ele>39.6</ele>
        <time>2026-06-17T22:30:29.000Z</time>
      </trkpt>
      <trkpt lat="40.788785" lon="-73.965887">
        <ele>39.6</ele>
        <time>2026-06-17T22:30:30.000Z</time>
      </trkpt>
      <trkpt lat="40.788777" lon="-73.965895">
        <ele>39.8</ele>
        <time>2026-06-17T22:30:31.000Z</time>
      </trkpt>
      <trkpt lat="40.788769" lon="-73.965903">
        <ele>39.8</ele>
        <time>2026-06-17T22:30:32.000Z</time>
      </trkpt>
      <trkpt lat="40.788761" lon="-73.96591">
        <ele>40</ele>
        <time>2026-06-17T22:30:33.000Z</time>
      </trkpt>
      <trkpt lat="40.788753" lon="-73.965917">
        <ele>40</ele>
        <time>2026-06-17T22:30:34.000Z</time>
      </trkpt>
      <trkpt lat="40.788746" lon="-73.965924">
        <ele>40.2</ele>
        <time>2026-06-17T22:30:35.000Z</time>
      </trkpt>
      <trkpt lat="40.788738" lon="-73.965931">
        <ele>40.2</ele>
        <time>2026-06-17T22:30:36.000Z</time>
      </trkpt>
      <trkpt lat="40.78873" lon="-73.965938">
        <ele>40.4</ele>
        <time>2026-06-17T22:30:37.000Z</time>
      </trkpt>
      <trkpt lat="40.788721" lon="-73.965945">
        <ele>40.4</ele>
        <time>2026-06-17T22:30:38.000Z</time>
      </trkpt>
      <trkpt lat="40.788712" lon="-73.965953">
        <ele>40.6</ele>
        <time>2026-06-17T22:30:39.000Z</time>
      </trkpt>
      <trkpt lat="40.788703" lon="-73.96596">
        <ele>40.8</ele>
        <time>2026-06-17T22:30:40.000Z</time>
      </trkpt>
      <trkpt lat="40.788695" lon="-73.965967">
        <ele>40.8</ele>
        <time>2026-06-17T22:30:41.000Z</time>
      </trkpt>
      <trkpt lat="40.788686" lon="-73.965974">
        <ele>41</ele>
        <time>2026-06-17T22:30:42.000Z</time>
      </trkpt>
      <trkpt lat="40.788678" lon="-73.965981">
        <ele>41</ele>
        <time>2026-06-17T22:30:43.000Z</time>
      </trkpt>
      <trkpt lat="40.788663" lon="-73.965992">
        <ele>41.2</ele>
        <time>2026-06-17T22:30:44.000Z</time>
      </trkpt>
      <trkpt lat="40.788656" lon="-73.965997">
        <ele>41.4</ele>
        <time>2026-06-17T22:30:45.000Z</time>
      </trkpt>
      <trkpt lat="40.78865" lon="-73.966003">
        <ele>41.4</ele>
        <time>2026-06-17T22:30:46.000Z</time>
      </trkpt>
      <trkpt lat="40.788643" lon="-73.966008">
        <ele>41.6</ele>
        <time>2026-06-17T22:30:47.000Z</time>
      </trkpt>
      <trkpt lat="40.788636" lon="-73.966013">
        <ele>41.6</ele>
        <time>2026-06-17T22:30:48.000Z</time>
      </trkpt>
      <trkpt lat="40.788627" lon="-73.96602">
        <ele>41.8</ele>
        <time>2026-06-17T22:30:49.000Z</time>
      </trkpt>
      <trkpt lat="40.788618" lon="-73.966027">
        <ele>41.8</ele>
        <time>2026-06-17T22:30:50.000Z</time>
      </trkpt>
      <trkpt lat="40.788608" lon="-73.966034">
        <ele>42</ele>
        <time>2026-06-17T22:30:51.000Z</time>
      </trkpt>
      <trkpt lat="40.788599" lon="-73.966042">
        <ele>42</ele>
        <time>2026-06-17T22:30:52.000Z</time>
      </trkpt>
      <trkpt lat="40.788589" lon="-73.966049">
        <ele>42.2</ele>
        <time>2026-06-17T22:30:53.000Z</time>
      </trkpt>
      <trkpt lat="40.788579" lon="-73.966056">
        <ele>42.2</ele>
        <time>2026-06-17T22:30:54.000Z</time>
      </trkpt>
      <trkpt lat="40.78857" lon="-73.966064">
        <ele>42.2</ele>
        <time>2026-06-17T22:30:55.000Z</time>
      </trkpt>
      <trkpt lat="40.788561" lon="-73.966071">
        <ele>42.2</ele>
        <time>2026-06-17T22:30:56.000Z</time>
      </trkpt>
      <trkpt lat="40.788552" lon="-73.966078">
        <ele>42.2</ele>
        <time>2026-06-17T22:30:57.000Z</time>
      </trkpt>
      <trkpt lat="40.788543" lon="-73.966085">
        <ele>42.2</ele>
        <time>2026-06-17T22:30:58.000Z</time>
      </trkpt>
      <trkpt lat="40.788534" lon="-73.966093">
        <ele>42.2</ele>
        <time>2026-06-17T22:30:59.000Z</time>
      </trkpt>
      <trkpt lat="40.788526" lon="-73.9661">
        <ele>42.2</ele>
        <time>2026-06-17T22:31:00.000Z</time>
      </trkpt>
      <trkpt lat="40.788517" lon="-73.966108">
        <ele>42.2</ele>
        <time>2026-06-17T22:31:01.000Z</time>
      </trkpt>
      <trkpt lat="40.788509" lon="-73.966115">
        <ele>42.2</ele>
        <time>2026-06-17T22:31:02.000Z</time>
      </trkpt>
      <trkpt lat="40.7885" lon="-73.966124">
        <ele>42.2</ele>
        <time>2026-06-17T22:31:03.000Z</time>
      </trkpt>
      <trkpt lat="40.788492" lon="-73.966132">
        <ele>42.2</ele>
        <time>2026-06-17T22:31:04.000Z</time>
      </trkpt>
      <trkpt lat="40.788484" lon="-73.966141">
        <ele>42.4</ele>
        <time>2026-06-17T22:31:05.000Z</time>
      </trkpt>
      <trkpt lat="40.788476" lon="-73.96615">
        <ele>42.4</ele>
        <time>2026-06-17T22:31:06.000Z</time>
      </trkpt>
      <trkpt lat="40.788469" lon="-73.966159">
        <ele>42.4</ele>
        <time>2026-06-17T22:31:07.000Z</time>
      </trkpt>
      <trkpt lat="40.788461" lon="-73.966167">
        <ele>42.4</ele>
        <time>2026-06-17T22:31:08.000Z</time>
      </trkpt>
      <trkpt lat="40.788454" lon="-73.966176">
        <ele>42.4</ele>
        <time>2026-06-17T22:31:09.000Z</time>
      </trkpt>
      <trkpt lat="40.788447" lon="-73.966185">
        <ele>42.4</ele>
        <time>2026-06-17T22:31:10.000Z</time>
      </trkpt>
      <trkpt lat="40.78844" lon="-73.966193">
        <ele>42.4</ele>
        <time>2026-06-17T22:31:11.000Z</time>
      </trkpt>
      <trkpt lat="40.788432" lon="-73.966202">
        <ele>42.6</ele>
        <time>2026-06-17T22:31:12.000Z</time>
      </trkpt>
      <trkpt lat="40.788424" lon="-73.966212">
        <ele>42.6</ele>
        <time>2026-06-17T22:31:13.000Z</time>
      </trkpt>
      <trkpt lat="40.788417" lon="-73.96622">
        <ele>42.6</ele>
        <time>2026-06-17T22:31:14.000Z</time>
      </trkpt>
      <trkpt lat="40.788409" lon="-73.966229">
        <ele>42.6</ele>
        <time>2026-06-17T22:31:15.000Z</time>
      </trkpt>
      <trkpt lat="40.788401" lon="-73.966239">
        <ele>42.6</ele>
        <time>2026-06-17T22:31:16.000Z</time>
      </trkpt>
      <trkpt lat="40.788394" lon="-73.966248">
        <ele>42.8</ele>
        <time>2026-06-17T22:31:17.000Z</time>
      </trkpt>
      <trkpt lat="40.788386" lon="-73.966257">
        <ele>42.8</ele>
        <time>2026-06-17T22:31:18.000Z</time>
      </trkpt>
      <trkpt lat="40.788377" lon="-73.966266">
        <ele>42.8</ele>
        <time>2026-06-17T22:31:19.000Z</time>
      </trkpt>
      <trkpt lat="40.788369" lon="-73.966275">
        <ele>42.8</ele>
        <time>2026-06-17T22:31:20.000Z</time>
      </trkpt>
      <trkpt lat="40.788361" lon="-73.966284">
        <ele>42.8</ele>
        <time>2026-06-17T22:31:21.000Z</time>
      </trkpt>
      <trkpt lat="40.788353" lon="-73.966292">
        <ele>42.8</ele>
        <time>2026-06-17T22:31:22.000Z</time>
      </trkpt>
      <trkpt lat="40.788346" lon="-73.966301">
        <ele>42.8</ele>
        <time>2026-06-17T22:31:23.000Z</time>
      </trkpt>
      <trkpt lat="40.788338" lon="-73.966309">
        <ele>42.8</ele>
        <time>2026-06-17T22:31:24.000Z</time>
      </trkpt>
      <trkpt lat="40.788331" lon="-73.966317">
        <ele>42.8</ele>
        <time>2026-06-17T22:31:25.000Z</time>
      </trkpt>
      <trkpt lat="40.788323" lon="-73.966327">
        <ele>42.8</ele>
        <time>2026-06-17T22:31:26.000Z</time>
      </trkpt>
      <trkpt lat="40.788314" lon="-73.966337">
        <ele>42.8</ele>
        <time>2026-06-17T22:31:27.000Z</time>
      </trkpt>
      <trkpt lat="40.788306" lon="-73.966347">
        <ele>42.8</ele>
        <time>2026-06-17T22:31:28.000Z</time>
      </trkpt>
      <trkpt lat="40.788299" lon="-73.966356">
        <ele>42.8</ele>
        <time>2026-06-17T22:31:29.000Z</time>
      </trkpt>
      <trkpt lat="40.788291" lon="-73.966366">
        <ele>42.8</ele>
        <time>2026-06-17T22:31:30.000Z</time>
      </trkpt>
      <trkpt lat="40.788284" lon="-73.966375">
        <ele>42.8</ele>
        <time>2026-06-17T22:31:31.000Z</time>
      </trkpt>
      <trkpt lat="40.788276" lon="-73.966385">
        <ele>42.8</ele>
        <time>2026-06-17T22:31:32.000Z</time>
      </trkpt>
      <trkpt lat="40.788269" lon="-73.966395">
        <ele>42.8</ele>
        <time>2026-06-17T22:31:33.000Z</time>
      </trkpt>
      <trkpt lat="40.788262" lon="-73.966405">
        <ele>42.8</ele>
        <time>2026-06-17T22:31:34.000Z</time>
      </trkpt>
      <trkpt lat="40.788256" lon="-73.966415">
        <ele>42.8</ele>
        <time>2026-06-17T22:31:35.000Z</time>
      </trkpt>
      <trkpt lat="40.788249" lon="-73.966426">
        <ele>42.8</ele>
        <time>2026-06-17T22:31:36.000Z</time>
      </trkpt>
      <trkpt lat="40.788242" lon="-73.966437">
        <ele>42.8</ele>
        <time>2026-06-17T22:31:37.000Z</time>
      </trkpt>
      <trkpt lat="40.788235" lon="-73.966449">
        <ele>42.6</ele>
        <time>2026-06-17T22:31:38.000Z</time>
      </trkpt>
      <trkpt lat="40.788228" lon="-73.96646">
        <ele>42.6</ele>
        <time>2026-06-17T22:31:39.000Z</time>
      </trkpt>
      <trkpt lat="40.788221" lon="-73.966472">
        <ele>42.6</ele>
        <time>2026-06-17T22:31:40.000Z</time>
      </trkpt>
      <trkpt lat="40.788214" lon="-73.966483">
        <ele>42.6</ele>
        <time>2026-06-17T22:31:41.000Z</time>
      </trkpt>
      <trkpt lat="40.788207" lon="-73.966494">
        <ele>42.6</ele>
        <time>2026-06-17T22:31:42.000Z</time>
      </trkpt>
      <trkpt lat="40.7882" lon="-73.966504">
        <ele>42.4</ele>
        <time>2026-06-17T22:31:43.000Z</time>
      </trkpt>
      <trkpt lat="40.788194" lon="-73.966514">
        <ele>42.4</ele>
        <time>2026-06-17T22:31:44.000Z</time>
      </trkpt>
      <trkpt lat="40.788188" lon="-73.966523">
        <ele>42.4</ele>
        <time>2026-06-17T22:31:45.000Z</time>
      </trkpt>
      <trkpt lat="40.788182" lon="-73.966531">
        <ele>42.2</ele>
        <time>2026-06-17T22:31:46.000Z</time>
      </trkpt>
      <trkpt lat="40.788178" lon="-73.966539">
        <ele>42.2</ele>
        <time>2026-06-17T22:31:47.000Z</time>
      </trkpt>
      <trkpt lat="40.788174" lon="-73.966546">
        <ele>42.2</ele>
        <time>2026-06-17T22:31:48.000Z</time>
      </trkpt>
      <trkpt lat="40.78817" lon="-73.966554">
        <ele>42.2</ele>
        <time>2026-06-17T22:31:49.000Z</time>
      </trkpt>
      <trkpt lat="40.788165" lon="-73.966563">
        <ele>42</ele>
        <time>2026-06-17T22:31:50.000Z</time>
      </trkpt>
      <trkpt lat="40.788162" lon="-73.966573">
        <ele>42</ele>
        <time>2026-06-17T22:31:51.000Z</time>
      </trkpt>
      <trkpt lat="40.788159" lon="-73.966585">
        <ele>42</ele>
        <time>2026-06-17T22:31:52.000Z</time>
      </trkpt>
      <trkpt lat="40.78816" lon="-73.966599">
        <ele>41.8</ele>
        <time>2026-06-17T22:31:53.000Z</time>
      </trkpt>
      <trkpt lat="40.788164" lon="-73.966613">
        <ele>41.8</ele>
        <time>2026-06-17T22:31:54.000Z</time>
      </trkpt>
      <trkpt lat="40.788169" lon="-73.966628">
        <ele>41.8</ele>
        <time>2026-06-17T22:31:55.000Z</time>
      </trkpt>
      <trkpt lat="40.788175" lon="-73.966644">
        <ele>41.8</ele>
        <time>2026-06-17T22:31:56.000Z</time>
      </trkpt>
      <trkpt lat="40.78818" lon="-73.96666">
        <ele>41.8</ele>
        <time>2026-06-17T22:31:57.000Z</time>
      </trkpt>
      <trkpt lat="40.788184" lon="-73.966676">
        <ele>41.6</ele>
        <time>2026-06-17T22:31:58.000Z</time>
      </trkpt>
      <trkpt lat="40.788188" lon="-73.966692">
        <ele>41.6</ele>
        <time>2026-06-17T22:31:59.000Z</time>
      </trkpt>
      <trkpt lat="40.78819" lon="-73.96671">
        <ele>41.6</ele>
        <time>2026-06-17T22:32:00.000Z</time>
      </trkpt>
      <trkpt lat="40.788192" lon="-73.966726">
        <ele>41.6</ele>
        <time>2026-06-17T22:32:01.000Z</time>
      </trkpt>
      <trkpt lat="40.788191" lon="-73.96674">
        <ele>41.6</ele>
        <time>2026-06-17T22:32:02.000Z</time>
      </trkpt>
      <trkpt lat="40.788189" lon="-73.966753">
        <ele>41.4</ele>
        <time>2026-06-17T22:32:03.000Z</time>
      </trkpt>
      <trkpt lat="40.788186" lon="-73.966763">
        <ele>41.4</ele>
        <time>2026-06-17T22:32:04.000Z</time>
      </trkpt>
      <trkpt lat="40.788183" lon="-73.966773">
        <ele>41.4</ele>
        <time>2026-06-17T22:32:05.000Z</time>
      </trkpt>
      <trkpt lat="40.788177" lon="-73.966782">
        <ele>41.2</ele>
        <time>2026-06-17T22:32:06.000Z</time>
      </trkpt>
      <trkpt lat="40.788171" lon="-73.96679">
        <ele>41.2</ele>
        <time>2026-06-17T22:32:07.000Z</time>
      </trkpt>
      <trkpt lat="40.788163" lon="-73.966797">
        <ele>41.2</ele>
        <time>2026-06-17T22:32:08.000Z</time>
      </trkpt>
      <trkpt lat="40.788155" lon="-73.966802">
        <ele>41</ele>
        <time>2026-06-17T22:32:09.000Z</time>
      </trkpt>
      <trkpt lat="40.788147" lon="-73.966806">
        <ele>41</ele>
        <time>2026-06-17T22:32:10.000Z</time>
      </trkpt>
      <trkpt lat="40.78814" lon="-73.966809">
        <ele>41</ele>
        <time>2026-06-17T22:32:11.000Z</time>
      </trkpt>
      <trkpt lat="40.788132" lon="-73.96681">
        <ele>40.8</ele>
        <time>2026-06-17T22:32:12.000Z</time>
      </trkpt>
      <trkpt lat="40.788123" lon="-73.966809">
        <ele>40.8</ele>
        <time>2026-06-17T22:32:13.000Z</time>
      </trkpt>
      <trkpt lat="40.788115" lon="-73.966808">
        <ele>40.6</ele>
        <time>2026-06-17T22:32:14.000Z</time>
      </trkpt>
      <trkpt lat="40.788107" lon="-73.966805">
        <ele>40.6</ele>
        <time>2026-06-17T22:32:15.000Z</time>
      </trkpt>
      <trkpt lat="40.7881" lon="-73.966801">
        <ele>40.4</ele>
        <time>2026-06-17T22:32:16.000Z</time>
      </trkpt>
      <trkpt lat="40.788093" lon="-73.966796">
        <ele>40.4</ele>
        <time>2026-06-17T22:32:17.000Z</time>
      </trkpt>
      <trkpt lat="40.788087" lon="-73.966789">
        <ele>40.2</ele>
        <time>2026-06-17T22:32:18.000Z</time>
      </trkpt>
      <trkpt lat="40.788081" lon="-73.96678">
        <ele>40.2</ele>
        <time>2026-06-17T22:32:19.000Z</time>
      </trkpt>
      <trkpt lat="40.788077" lon="-73.966771">
        <ele>40</ele>
        <time>2026-06-17T22:32:20.000Z</time>
      </trkpt>
      <trkpt lat="40.788073" lon="-73.966762">
        <ele>40</ele>
        <time>2026-06-17T22:32:21.000Z</time>
      </trkpt>
      <trkpt lat="40.78807" lon="-73.966753">
        <ele>39.8</ele>
        <time>2026-06-17T22:32:22.000Z</time>
      </trkpt>
      <trkpt lat="40.788067" lon="-73.966744">
        <ele>39.8</ele>
        <time>2026-06-17T22:32:23.000Z</time>
      </trkpt>
      <trkpt lat="40.788064" lon="-73.966735">
        <ele>39.6</ele>
        <time>2026-06-17T22:32:24.000Z</time>
      </trkpt>
      <trkpt lat="40.788061" lon="-73.966726">
        <ele>39.6</ele>
        <time>2026-06-17T22:32:25.000Z</time>
      </trkpt>
      <trkpt lat="40.788058" lon="-73.966716">
        <ele>39.6</ele>
        <time>2026-06-17T22:32:26.000Z</time>
      </trkpt>
      <trkpt lat="40.788054" lon="-73.966706">
        <ele>39.4</ele>
        <time>2026-06-17T22:32:27.000Z</time>
      </trkpt>
      <trkpt lat="40.788049" lon="-73.966697">
        <ele>39.4</ele>
        <time>2026-06-17T22:32:28.000Z</time>
      </trkpt>
      <trkpt lat="40.788043" lon="-73.966689">
        <ele>39.4</ele>
        <time>2026-06-17T22:32:29.000Z</time>
      </trkpt>
      <trkpt lat="40.788034" lon="-73.966685">
        <ele>39.2</ele>
        <time>2026-06-17T22:32:30.000Z</time>
      </trkpt>
      <trkpt lat="40.788023" lon="-73.966685">
        <ele>39.2</ele>
        <time>2026-06-17T22:32:31.000Z</time>
      </trkpt>
      <trkpt lat="40.788012" lon="-73.966689">
        <ele>39.2</ele>
        <time>2026-06-17T22:32:32.000Z</time>
      </trkpt>
      <trkpt lat="40.788001" lon="-73.966696">
        <ele>39.2</ele>
        <time>2026-06-17T22:32:33.000Z</time>
      </trkpt>
      <trkpt lat="40.787991" lon="-73.966703">
        <ele>39.2</ele>
        <time>2026-06-17T22:32:34.000Z</time>
      </trkpt>
      <trkpt lat="40.787981" lon="-73.966711">
        <ele>39.2</ele>
        <time>2026-06-17T22:32:35.000Z</time>
      </trkpt>
      <trkpt lat="40.787971" lon="-73.966716">
        <ele>39.2</ele>
        <time>2026-06-17T22:32:36.000Z</time>
      </trkpt>
      <trkpt lat="40.787961" lon="-73.966721">
        <ele>39</ele>
        <time>2026-06-17T22:32:37.000Z</time>
      </trkpt>
      <trkpt lat="40.787951" lon="-73.966725">
        <ele>39</ele>
        <time>2026-06-17T22:32:38.000Z</time>
      </trkpt>
      <trkpt lat="40.78794" lon="-73.96673">
        <ele>39</ele>
        <time>2026-06-17T22:32:39.000Z</time>
      </trkpt>
      <trkpt lat="40.787931" lon="-73.966737">
        <ele>39</ele>
        <time>2026-06-17T22:32:40.000Z</time>
      </trkpt>
      <trkpt lat="40.787922" lon="-73.966746">
        <ele>39</ele>
        <time>2026-06-17T22:32:41.000Z</time>
      </trkpt>
      <trkpt lat="40.787914" lon="-73.966757">
        <ele>39</ele>
        <time>2026-06-17T22:32:42.000Z</time>
      </trkpt>
      <trkpt lat="40.787906" lon="-73.966767">
        <ele>39</ele>
        <time>2026-06-17T22:32:43.000Z</time>
      </trkpt>
      <trkpt lat="40.787898" lon="-73.966778">
        <ele>39</ele>
        <time>2026-06-17T22:32:44.000Z</time>
      </trkpt>
      <trkpt lat="40.78789" lon="-73.966789">
        <ele>39</ele>
        <time>2026-06-17T22:32:45.000Z</time>
      </trkpt>
      <trkpt lat="40.787883" lon="-73.9668">
        <ele>39</ele>
        <time>2026-06-17T22:32:46.000Z</time>
      </trkpt>
      <trkpt lat="40.787876" lon="-73.966811">
        <ele>38.8</ele>
        <time>2026-06-17T22:32:47.000Z</time>
      </trkpt>
      <trkpt lat="40.787869" lon="-73.966822">
        <ele>38.8</ele>
        <time>2026-06-17T22:32:48.000Z</time>
      </trkpt>
      <trkpt lat="40.787863" lon="-73.966834">
        <ele>38.8</ele>
        <time>2026-06-17T22:32:49.000Z</time>
      </trkpt>
      <trkpt lat="40.787856" lon="-73.966845">
        <ele>38.8</ele>
        <time>2026-06-17T22:32:50.000Z</time>
      </trkpt>
      <trkpt lat="40.787848" lon="-73.966857">
        <ele>38.8</ele>
        <time>2026-06-17T22:32:51.000Z</time>
      </trkpt>
      <trkpt lat="40.787841" lon="-73.966868">
        <ele>38.6</ele>
        <time>2026-06-17T22:32:52.000Z</time>
      </trkpt>
      <trkpt lat="40.787833" lon="-73.966879">
        <ele>38.6</ele>
        <time>2026-06-17T22:32:53.000Z</time>
      </trkpt>
      <trkpt lat="40.787825" lon="-73.96689">
        <ele>38.6</ele>
        <time>2026-06-17T22:32:54.000Z</time>
      </trkpt>
      <trkpt lat="40.787816" lon="-73.966901">
        <ele>38.6</ele>
        <time>2026-06-17T22:32:55.000Z</time>
      </trkpt>
      <trkpt lat="40.787808" lon="-73.966911">
        <ele>38.4</ele>
        <time>2026-06-17T22:32:56.000Z</time>
      </trkpt>
      <trkpt lat="40.7878" lon="-73.96692">
        <ele>38.4</ele>
        <time>2026-06-17T22:32:57.000Z</time>
      </trkpt>
      <trkpt lat="40.787793" lon="-73.966928">
        <ele>38.4</ele>
        <time>2026-06-17T22:32:58.000Z</time>
      </trkpt>
      <trkpt lat="40.787785" lon="-73.966936">
        <ele>38.2</ele>
        <time>2026-06-17T22:32:59.000Z</time>
      </trkpt>
      <trkpt lat="40.787778" lon="-73.966944">
        <ele>38.2</ele>
        <time>2026-06-17T22:33:00.000Z</time>
      </trkpt>
      <trkpt lat="40.78777" lon="-73.966952">
        <ele>38</ele>
        <time>2026-06-17T22:33:01.000Z</time>
      </trkpt>
      <trkpt lat="40.787762" lon="-73.966961">
        <ele>38</ele>
        <time>2026-06-17T22:33:02.000Z</time>
      </trkpt>
      <trkpt lat="40.787755" lon="-73.96697">
        <ele>37.8</ele>
        <time>2026-06-17T22:33:03.000Z</time>
      </trkpt>
      <trkpt lat="40.787748" lon="-73.966978">
        <ele>37.8</ele>
        <time>2026-06-17T22:33:04.000Z</time>
      </trkpt>
      <trkpt lat="40.787741" lon="-73.966986">
        <ele>37.8</ele>
        <time>2026-06-17T22:33:05.000Z</time>
      </trkpt>
      <trkpt lat="40.787733" lon="-73.966994">
        <ele>37.6</ele>
        <time>2026-06-17T22:33:06.000Z</time>
      </trkpt>
      <trkpt lat="40.787726" lon="-73.967002">
        <ele>37.6</ele>
        <time>2026-06-17T22:33:07.000Z</time>
      </trkpt>
      <trkpt lat="40.787719" lon="-73.96701">
        <ele>37.4</ele>
        <time>2026-06-17T22:33:08.000Z</time>
      </trkpt>
      <trkpt lat="40.787711" lon="-73.967018">
        <ele>37.2</ele>
        <time>2026-06-17T22:33:09.000Z</time>
      </trkpt>
      <trkpt lat="40.787703" lon="-73.967025">
        <ele>37.2</ele>
        <time>2026-06-17T22:33:10.000Z</time>
      </trkpt>
      <trkpt lat="40.787696" lon="-73.967032">
        <ele>37</ele>
        <time>2026-06-17T22:33:11.000Z</time>
      </trkpt>
      <trkpt lat="40.787688" lon="-73.967039">
        <ele>37</ele>
        <time>2026-06-17T22:33:12.000Z</time>
      </trkpt>
      <trkpt lat="40.787681" lon="-73.967047">
        <ele>36.8</ele>
        <time>2026-06-17T22:33:13.000Z</time>
      </trkpt>
      <trkpt lat="40.787674" lon="-73.967055">
        <ele>36.8</ele>
        <time>2026-06-17T22:33:14.000Z</time>
      </trkpt>
      <trkpt lat="40.787666" lon="-73.967063">
        <ele>36.6</ele>
        <time>2026-06-17T22:33:15.000Z</time>
      </trkpt>
      <trkpt lat="40.787658" lon="-73.967072">
        <ele>36.6</ele>
        <time>2026-06-17T22:33:16.000Z</time>
      </trkpt>
      <trkpt lat="40.78765" lon="-73.967079">
        <ele>36.4</ele>
        <time>2026-06-17T22:33:17.000Z</time>
      </trkpt>
      <trkpt lat="40.787643" lon="-73.967087">
        <ele>36.4</ele>
        <time>2026-06-17T22:33:18.000Z</time>
      </trkpt>
      <trkpt lat="40.787635" lon="-73.967094">
        <ele>36.4</ele>
        <time>2026-06-17T22:33:19.000Z</time>
      </trkpt>
      <trkpt lat="40.787627" lon="-73.967102">
        <ele>36.2</ele>
        <time>2026-06-17T22:33:20.000Z</time>
      </trkpt>
      <trkpt lat="40.787619" lon="-73.96711">
        <ele>36.2</ele>
        <time>2026-06-17T22:33:21.000Z</time>
      </trkpt>
      <trkpt lat="40.78761" lon="-73.967117">
        <ele>36.2</ele>
        <time>2026-06-17T22:33:22.000Z</time>
      </trkpt>
      <trkpt lat="40.787602" lon="-73.967124">
        <ele>36</ele>
        <time>2026-06-17T22:33:23.000Z</time>
      </trkpt>
      <trkpt lat="40.787594" lon="-73.96713">
        <ele>36</ele>
        <time>2026-06-17T22:33:24.000Z</time>
      </trkpt>
      <trkpt lat="40.787585" lon="-73.967136">
        <ele>36</ele>
        <time>2026-06-17T22:33:25.000Z</time>
      </trkpt>
      <trkpt lat="40.787576" lon="-73.967143">
        <ele>36</ele>
        <time>2026-06-17T22:33:26.000Z</time>
      </trkpt>
      <trkpt lat="40.787567" lon="-73.96715">
        <ele>35.8</ele>
        <time>2026-06-17T22:33:27.000Z</time>
      </trkpt>
      <trkpt lat="40.787559" lon="-73.967157">
        <ele>35.8</ele>
        <time>2026-06-17T22:33:28.000Z</time>
      </trkpt>
      <trkpt lat="40.787551" lon="-73.967164">
        <ele>35.8</ele>
        <time>2026-06-17T22:33:29.000Z</time>
      </trkpt>
      <trkpt lat="40.787543" lon="-73.967172">
        <ele>35.6</ele>
        <time>2026-06-17T22:33:30.000Z</time>
      </trkpt>
      <trkpt lat="40.787535" lon="-73.96718">
        <ele>35.6</ele>
        <time>2026-06-17T22:33:31.000Z</time>
      </trkpt>
      <trkpt lat="40.787527" lon="-73.967188">
        <ele>35.6</ele>
        <time>2026-06-17T22:33:32.000Z</time>
      </trkpt>
      <trkpt lat="40.787519" lon="-73.967195">
        <ele>35.6</ele>
        <time>2026-06-17T22:33:33.000Z</time>
      </trkpt>
      <trkpt lat="40.787511" lon="-73.967204">
        <ele>35.6</ele>
        <time>2026-06-17T22:33:34.000Z</time>
      </trkpt>
      <trkpt lat="40.787503" lon="-73.967212">
        <ele>35.4</ele>
        <time>2026-06-17T22:33:35.000Z</time>
      </trkpt>
      <trkpt lat="40.787495" lon="-73.967221">
        <ele>35.4</ele>
        <time>2026-06-17T22:33:36.000Z</time>
      </trkpt>
      <trkpt lat="40.787487" lon="-73.967228">
        <ele>35.4</ele>
        <time>2026-06-17T22:33:37.000Z</time>
      </trkpt>
      <trkpt lat="40.787479" lon="-73.967236">
        <ele>35.4</ele>
        <time>2026-06-17T22:33:38.000Z</time>
      </trkpt>
      <trkpt lat="40.78747" lon="-73.967242">
        <ele>35.4</ele>
        <time>2026-06-17T22:33:39.000Z</time>
      </trkpt>
      <trkpt lat="40.787461" lon="-73.967249">
        <ele>35.2</ele>
        <time>2026-06-17T22:33:40.000Z</time>
      </trkpt>
      <trkpt lat="40.787452" lon="-73.967255">
        <ele>35.2</ele>
        <time>2026-06-17T22:33:41.000Z</time>
      </trkpt>
      <trkpt lat="40.787444" lon="-73.967262">
        <ele>35.2</ele>
        <time>2026-06-17T22:33:42.000Z</time>
      </trkpt>
      <trkpt lat="40.787435" lon="-73.967269">
        <ele>35.2</ele>
        <time>2026-06-17T22:33:43.000Z</time>
      </trkpt>
      <trkpt lat="40.787427" lon="-73.967276">
        <ele>35.2</ele>
        <time>2026-06-17T22:33:44.000Z</time>
      </trkpt>
      <trkpt lat="40.787418" lon="-73.967284">
        <ele>35</ele>
        <time>2026-06-17T22:33:45.000Z</time>
      </trkpt>
      <trkpt lat="40.78741" lon="-73.967292">
        <ele>35</ele>
        <time>2026-06-17T22:33:46.000Z</time>
      </trkpt>
      <trkpt lat="40.787402" lon="-73.967299">
        <ele>35</ele>
        <time>2026-06-17T22:33:47.000Z</time>
      </trkpt>
      <trkpt lat="40.787394" lon="-73.967305">
        <ele>34.8</ele>
        <time>2026-06-17T22:33:48.000Z</time>
      </trkpt>
      <trkpt lat="40.787386" lon="-73.967312">
        <ele>34.8</ele>
        <time>2026-06-17T22:33:49.000Z</time>
      </trkpt>
      <trkpt lat="40.787378" lon="-73.967318">
        <ele>34.8</ele>
        <time>2026-06-17T22:33:50.000Z</time>
      </trkpt>
      <trkpt lat="40.787369" lon="-73.967324">
        <ele>34.8</ele>
        <time>2026-06-17T22:33:51.000Z</time>
      </trkpt>
      <trkpt lat="40.787359" lon="-73.96733">
        <ele>34.8</ele>
        <time>2026-06-17T22:33:52.000Z</time>
      </trkpt>
      <trkpt lat="40.78735" lon="-73.967335">
        <ele>34.8</ele>
        <time>2026-06-17T22:33:53.000Z</time>
      </trkpt>
      <trkpt lat="40.78734" lon="-73.967341">
        <ele>34.8</ele>
        <time>2026-06-17T22:33:54.000Z</time>
      </trkpt>
      <trkpt lat="40.78733" lon="-73.967346">
        <ele>34.6</ele>
        <time>2026-06-17T22:33:55.000Z</time>
      </trkpt>
      <trkpt lat="40.78732" lon="-73.967352">
        <ele>34.6</ele>
        <time>2026-06-17T22:33:56.000Z</time>
      </trkpt>
      <trkpt lat="40.787311" lon="-73.967357">
        <ele>34.6</ele>
        <time>2026-06-17T22:33:57.000Z</time>
      </trkpt>
      <trkpt lat="40.787302" lon="-73.967362">
        <ele>34.6</ele>
        <time>2026-06-17T22:33:58.000Z</time>
      </trkpt>
      <trkpt lat="40.787292" lon="-73.967368">
        <ele>34.6</ele>
        <time>2026-06-17T22:33:59.000Z</time>
      </trkpt>
      <trkpt lat="40.787282" lon="-73.967373">
        <ele>34.6</ele>
        <time>2026-06-17T22:34:00.000Z</time>
      </trkpt>
      <trkpt lat="40.787273" lon="-73.967379">
        <ele>34.6</ele>
        <time>2026-06-17T22:34:01.000Z</time>
      </trkpt>
      <trkpt lat="40.787263" lon="-73.967384">
        <ele>34.6</ele>
        <time>2026-06-17T22:34:02.000Z</time>
      </trkpt>
      <trkpt lat="40.787253" lon="-73.96739">
        <ele>34.6</ele>
        <time>2026-06-17T22:34:03.000Z</time>
      </trkpt>
      <trkpt lat="40.787243" lon="-73.967397">
        <ele>34.6</ele>
        <time>2026-06-17T22:34:04.000Z</time>
      </trkpt>
      <trkpt lat="40.787234" lon="-73.967404">
        <ele>34.6</ele>
        <time>2026-06-17T22:34:05.000Z</time>
      </trkpt>
      <trkpt lat="40.787224" lon="-73.96741">
        <ele>34.6</ele>
        <time>2026-06-17T22:34:06.000Z</time>
      </trkpt>
      <trkpt lat="40.787215" lon="-73.967416">
        <ele>34.6</ele>
        <time>2026-06-17T22:34:07.000Z</time>
      </trkpt>
      <trkpt lat="40.787205" lon="-73.967421">
        <ele>34.4</ele>
        <time>2026-06-17T22:34:08.000Z</time>
      </trkpt>
      <trkpt lat="40.787196" lon="-73.967426">
        <ele>34.4</ele>
        <time>2026-06-17T22:34:09.000Z</time>
      </trkpt>
      <trkpt lat="40.787187" lon="-73.967431">
        <ele>34.4</ele>
        <time>2026-06-17T22:34:10.000Z</time>
      </trkpt>
      <trkpt lat="40.787178" lon="-73.967435">
        <ele>34.4</ele>
        <time>2026-06-17T22:34:11.000Z</time>
      </trkpt>
      <trkpt lat="40.78717" lon="-73.96744">
        <ele>34.4</ele>
        <time>2026-06-17T22:34:12.000Z</time>
      </trkpt>
      <trkpt lat="40.787161" lon="-73.967444">
        <ele>34.4</ele>
        <time>2026-06-17T22:34:13.000Z</time>
      </trkpt>
      <trkpt lat="40.787152" lon="-73.967449">
        <ele>34.4</ele>
        <time>2026-06-17T22:34:14.000Z</time>
      </trkpt>
      <trkpt lat="40.787143" lon="-73.967454">
        <ele>34.4</ele>
        <time>2026-06-17T22:34:15.000Z</time>
      </trkpt>
      <trkpt lat="40.787134" lon="-73.967458">
        <ele>34.4</ele>
        <time>2026-06-17T22:34:16.000Z</time>
      </trkpt>
      <trkpt lat="40.787125" lon="-73.967462">
        <ele>34.4</ele>
        <time>2026-06-17T22:34:17.000Z</time>
      </trkpt>
      <trkpt lat="40.787116" lon="-73.967466">
        <ele>34.4</ele>
        <time>2026-06-17T22:34:18.000Z</time>
      </trkpt>
      <trkpt lat="40.787109" lon="-73.967471">
        <ele>34.2</ele>
        <time>2026-06-17T22:34:19.000Z</time>
      </trkpt>
      <trkpt lat="40.7871" lon="-73.967476">
        <ele>34.2</ele>
        <time>2026-06-17T22:34:20.000Z</time>
      </trkpt>
      <trkpt lat="40.787092" lon="-73.967482">
        <ele>34.2</ele>
        <time>2026-06-17T22:34:21.000Z</time>
      </trkpt>
      <trkpt lat="40.787083" lon="-73.967488">
        <ele>34.2</ele>
        <time>2026-06-17T22:34:22.000Z</time>
      </trkpt>
      <trkpt lat="40.787074" lon="-73.967494">
        <ele>34.2</ele>
        <time>2026-06-17T22:34:23.000Z</time>
      </trkpt>
      <trkpt lat="40.787065" lon="-73.9675">
        <ele>34.2</ele>
        <time>2026-06-17T22:34:24.000Z</time>
      </trkpt>
      <trkpt lat="40.787057" lon="-73.967506">
        <ele>34.2</ele>
        <time>2026-06-17T22:34:25.000Z</time>
      </trkpt>
      <trkpt lat="40.787048" lon="-73.967512">
        <ele>34.2</ele>
        <time>2026-06-17T22:34:26.000Z</time>
      </trkpt>
      <trkpt lat="40.78704" lon="-73.967518">
        <ele>34.2</ele>
        <time>2026-06-17T22:34:27.000Z</time>
      </trkpt>
      <trkpt lat="40.78703" lon="-73.967524">
        <ele>34.2</ele>
        <time>2026-06-17T22:34:28.000Z</time>
      </trkpt>
      <trkpt lat="40.787021" lon="-73.967529">
        <ele>34</ele>
        <time>2026-06-17T22:34:29.000Z</time>
      </trkpt>
      <trkpt lat="40.787012" lon="-73.967534">
        <ele>34</ele>
        <time>2026-06-17T22:34:30.000Z</time>
      </trkpt>
      <trkpt lat="40.787002" lon="-73.967538">
        <ele>34</ele>
        <time>2026-06-17T22:34:31.000Z</time>
      </trkpt>
      <trkpt lat="40.786992" lon="-73.967543">
        <ele>34</ele>
        <time>2026-06-17T22:34:32.000Z</time>
      </trkpt>
      <trkpt lat="40.786983" lon="-73.967548">
        <ele>34</ele>
        <time>2026-06-17T22:34:33.000Z</time>
      </trkpt>
      <trkpt lat="40.786974" lon="-73.967554">
        <ele>34</ele>
        <time>2026-06-17T22:34:34.000Z</time>
      </trkpt>
      <trkpt lat="40.786964" lon="-73.967558">
        <ele>34</ele>
        <time>2026-06-17T22:34:35.000Z</time>
      </trkpt>
      <trkpt lat="40.786954" lon="-73.967563">
        <ele>33.8</ele>
        <time>2026-06-17T22:34:36.000Z</time>
      </trkpt>
      <trkpt lat="40.786945" lon="-73.967567">
        <ele>33.8</ele>
        <time>2026-06-17T22:34:37.000Z</time>
      </trkpt>
      <trkpt lat="40.786935" lon="-73.967571">
        <ele>33.8</ele>
        <time>2026-06-17T22:34:38.000Z</time>
      </trkpt>
      <trkpt lat="40.786925" lon="-73.967575">
        <ele>33.8</ele>
        <time>2026-06-17T22:34:39.000Z</time>
      </trkpt>
      <trkpt lat="40.786915" lon="-73.967578">
        <ele>33.8</ele>
        <time>2026-06-17T22:34:40.000Z</time>
      </trkpt>
      <trkpt lat="40.786906" lon="-73.967582">
        <ele>33.8</ele>
        <time>2026-06-17T22:34:41.000Z</time>
      </trkpt>
      <trkpt lat="40.786896" lon="-73.967585">
        <ele>33.8</ele>
        <time>2026-06-17T22:34:42.000Z</time>
      </trkpt>
      <trkpt lat="40.786887" lon="-73.967588">
        <ele>33.6</ele>
        <time>2026-06-17T22:34:43.000Z</time>
      </trkpt>
      <trkpt lat="40.786878" lon="-73.967591">
        <ele>33.6</ele>
        <time>2026-06-17T22:34:44.000Z</time>
      </trkpt>
      <trkpt lat="40.786868" lon="-73.967594">
        <ele>33.6</ele>
        <time>2026-06-17T22:34:45.000Z</time>
      </trkpt>
      <trkpt lat="40.786859" lon="-73.967597">
        <ele>33.6</ele>
        <time>2026-06-17T22:34:46.000Z</time>
      </trkpt>
      <trkpt lat="40.78685" lon="-73.9676">
        <ele>33.6</ele>
        <time>2026-06-17T22:34:47.000Z</time>
      </trkpt>
      <trkpt lat="40.78684" lon="-73.967603">
        <ele>33.6</ele>
        <time>2026-06-17T22:34:48.000Z</time>
      </trkpt>
      <trkpt lat="40.78683" lon="-73.967605">
        <ele>33.6</ele>
        <time>2026-06-17T22:34:49.000Z</time>
      </trkpt>
      <trkpt lat="40.78682" lon="-73.967608">
        <ele>33.4</ele>
        <time>2026-06-17T22:34:50.000Z</time>
      </trkpt>
      <trkpt lat="40.786812" lon="-73.967611">
        <ele>33.4</ele>
        <time>2026-06-17T22:34:51.000Z</time>
      </trkpt>
      <trkpt lat="40.786803" lon="-73.967614">
        <ele>33.4</ele>
        <time>2026-06-17T22:34:52.000Z</time>
      </trkpt>
      <trkpt lat="40.786794" lon="-73.967617">
        <ele>33.4</ele>
        <time>2026-06-17T22:34:53.000Z</time>
      </trkpt>
      <trkpt lat="40.786784" lon="-73.96762">
        <ele>33.2</ele>
        <time>2026-06-17T22:34:54.000Z</time>
      </trkpt>
      <trkpt lat="40.786774" lon="-73.967623">
        <ele>33.2</ele>
        <time>2026-06-17T22:34:55.000Z</time>
      </trkpt>
      <trkpt lat="40.786764" lon="-73.967625">
        <ele>33</ele>
        <time>2026-06-17T22:34:56.000Z</time>
      </trkpt>
      <trkpt lat="40.786755" lon="-73.967628">
        <ele>33</ele>
        <time>2026-06-17T22:34:57.000Z</time>
      </trkpt>
      <trkpt lat="40.786746" lon="-73.967631">
        <ele>33</ele>
        <time>2026-06-17T22:34:58.000Z</time>
      </trkpt>
      <trkpt lat="40.786738" lon="-73.967633">
        <ele>32.8</ele>
        <time>2026-06-17T22:34:59.000Z</time>
      </trkpt>
      <trkpt lat="40.786729" lon="-73.967635">
        <ele>32.8</ele>
        <time>2026-06-17T22:35:00.000Z</time>
      </trkpt>
      <trkpt lat="40.786721" lon="-73.967636">
        <ele>32.8</ele>
        <time>2026-06-17T22:35:01.000Z</time>
      </trkpt>
      <trkpt lat="40.786713" lon="-73.967638">
        <ele>32.6</ele>
        <time>2026-06-17T22:35:02.000Z</time>
      </trkpt>
      <trkpt lat="40.786705" lon="-73.967643">
        <ele>32.6</ele>
        <time>2026-06-17T22:35:03.000Z</time>
      </trkpt>
      <trkpt lat="40.786696" lon="-73.967648">
        <ele>32.6</ele>
        <time>2026-06-17T22:35:04.000Z</time>
      </trkpt>
      <trkpt lat="40.786687" lon="-73.967654">
        <ele>32.6</ele>
        <time>2026-06-17T22:35:05.000Z</time>
      </trkpt>
      <trkpt lat="40.786678" lon="-73.967659">
        <ele>32.4</ele>
        <time>2026-06-17T22:35:06.000Z</time>
      </trkpt>
      <trkpt lat="40.786669" lon="-73.967665">
        <ele>32.4</ele>
        <time>2026-06-17T22:35:07.000Z</time>
      </trkpt>
      <trkpt lat="40.786659" lon="-73.967669">
        <ele>32.4</ele>
        <time>2026-06-17T22:35:08.000Z</time>
      </trkpt>
      <trkpt lat="40.786649" lon="-73.967674">
        <ele>32.4</ele>
        <time>2026-06-17T22:35:09.000Z</time>
      </trkpt>
      <trkpt lat="40.78664" lon="-73.967677">
        <ele>32.4</ele>
        <time>2026-06-17T22:35:10.000Z</time>
      </trkpt>
      <trkpt lat="40.78663" lon="-73.96768">
        <ele>32.2</ele>
        <time>2026-06-17T22:35:11.000Z</time>
      </trkpt>
      <trkpt lat="40.786621" lon="-73.967683">
        <ele>32.2</ele>
        <time>2026-06-17T22:35:12.000Z</time>
      </trkpt>
      <trkpt lat="40.786612" lon="-73.967687">
        <ele>32.2</ele>
        <time>2026-06-17T22:35:13.000Z</time>
      </trkpt>
      <trkpt lat="40.786603" lon="-73.96769">
        <ele>32.2</ele>
        <time>2026-06-17T22:35:14.000Z</time>
      </trkpt>
      <trkpt lat="40.786593" lon="-73.967693">
        <ele>32.4</ele>
        <time>2026-06-17T22:35:15.000Z</time>
      </trkpt>
      <trkpt lat="40.786583" lon="-73.967696">
        <ele>32.4</ele>
        <time>2026-06-17T22:35:16.000Z</time>
      </trkpt>
      <trkpt lat="40.786573" lon="-73.967699">
        <ele>32.4</ele>
        <time>2026-06-17T22:35:17.000Z</time>
      </trkpt>
      <trkpt lat="40.786564" lon="-73.967701">
        <ele>32.4</ele>
        <time>2026-06-17T22:35:18.000Z</time>
      </trkpt>
      <trkpt lat="40.786554" lon="-73.967704">
        <ele>32.6</ele>
        <time>2026-06-17T22:35:19.000Z</time>
      </trkpt>
      <trkpt lat="40.786544" lon="-73.967706">
        <ele>32.6</ele>
        <time>2026-06-17T22:35:20.000Z</time>
      </trkpt>
      <trkpt lat="40.786535" lon="-73.967709">
        <ele>32.6</ele>
        <time>2026-06-17T22:35:21.000Z</time>
      </trkpt>
      <trkpt lat="40.786525" lon="-73.967711">
        <ele>32.6</ele>
        <time>2026-06-17T22:35:22.000Z</time>
      </trkpt>
      <trkpt lat="40.786515" lon="-73.967713">
        <ele>32.6</ele>
        <time>2026-06-17T22:35:23.000Z</time>
      </trkpt>
      <trkpt lat="40.786506" lon="-73.967715">
        <ele>32.8</ele>
        <time>2026-06-17T22:35:24.000Z</time>
      </trkpt>
      <trkpt lat="40.786496" lon="-73.967716">
        <ele>32.8</ele>
        <time>2026-06-17T22:35:25.000Z</time>
      </trkpt>
      <trkpt lat="40.786486" lon="-73.967717">
        <ele>32.8</ele>
        <time>2026-06-17T22:35:26.000Z</time>
      </trkpt>
      <trkpt lat="40.786477" lon="-73.967717">
        <ele>32.8</ele>
        <time>2026-06-17T22:35:27.000Z</time>
      </trkpt>
      <trkpt lat="40.786469" lon="-73.967716">
        <ele>32.8</ele>
        <time>2026-06-17T22:35:28.000Z</time>
      </trkpt>
      <trkpt lat="40.786459" lon="-73.967714">
        <ele>32.8</ele>
        <time>2026-06-17T22:35:29.000Z</time>
      </trkpt>
      <trkpt lat="40.786449" lon="-73.967712">
        <ele>32.8</ele>
        <time>2026-06-17T22:35:30.000Z</time>
      </trkpt>
      <trkpt lat="40.78644" lon="-73.96771">
        <ele>32.8</ele>
        <time>2026-06-17T22:35:31.000Z</time>
      </trkpt>
      <trkpt lat="40.786431" lon="-73.96771">
        <ele>32.8</ele>
        <time>2026-06-17T22:35:32.000Z</time>
      </trkpt>
      <trkpt lat="40.786422" lon="-73.967712">
        <ele>32.8</ele>
        <time>2026-06-17T22:35:33.000Z</time>
      </trkpt>
      <trkpt lat="40.786413" lon="-73.967715">
        <ele>32.8</ele>
        <time>2026-06-17T22:35:34.000Z</time>
      </trkpt>
      <trkpt lat="40.786404" lon="-73.967717">
        <ele>32.6</ele>
        <time>2026-06-17T22:35:35.000Z</time>
      </trkpt>
      <trkpt lat="40.786396" lon="-73.96772">
        <ele>32.6</ele>
        <time>2026-06-17T22:35:36.000Z</time>
      </trkpt>
      <trkpt lat="40.786388" lon="-73.967724">
        <ele>32.6</ele>
        <time>2026-06-17T22:35:37.000Z</time>
      </trkpt>
      <trkpt lat="40.78638" lon="-73.967727">
        <ele>32.6</ele>
        <time>2026-06-17T22:35:38.000Z</time>
      </trkpt>
      <trkpt lat="40.78637" lon="-73.96773">
        <ele>32.6</ele>
        <time>2026-06-17T22:35:39.000Z</time>
      </trkpt>
      <trkpt lat="40.78636" lon="-73.967732">
        <ele>32.4</ele>
        <time>2026-06-17T22:35:40.000Z</time>
      </trkpt>
      <trkpt lat="40.786349" lon="-73.967733">
        <ele>32.4</ele>
        <time>2026-06-17T22:35:41.000Z</time>
      </trkpt>
      <trkpt lat="40.786339" lon="-73.967734">
        <ele>32.4</ele>
        <time>2026-06-17T22:35:42.000Z</time>
      </trkpt>
      <trkpt lat="40.78633" lon="-73.967736">
        <ele>32.4</ele>
        <time>2026-06-17T22:35:43.000Z</time>
      </trkpt>
      <trkpt lat="40.78632" lon="-73.967737">
        <ele>32.4</ele>
        <time>2026-06-17T22:35:44.000Z</time>
      </trkpt>
      <trkpt lat="40.78631" lon="-73.967738">
        <ele>32.4</ele>
        <time>2026-06-17T22:35:45.000Z</time>
      </trkpt>
      <trkpt lat="40.7863" lon="-73.967739">
        <ele>32.2</ele>
        <time>2026-06-17T22:35:46.000Z</time>
      </trkpt>
      <trkpt lat="40.786291" lon="-73.96774">
        <ele>32.2</ele>
        <time>2026-06-17T22:35:47.000Z</time>
      </trkpt>
      <trkpt lat="40.786282" lon="-73.967741">
        <ele>32.2</ele>
        <time>2026-06-17T22:35:48.000Z</time>
      </trkpt>
      <trkpt lat="40.786273" lon="-73.967742">
        <ele>32.2</ele>
        <time>2026-06-17T22:35:49.000Z</time>
      </trkpt>
      <trkpt lat="40.786263" lon="-73.967743">
        <ele>32.2</ele>
        <time>2026-06-17T22:35:50.000Z</time>
      </trkpt>
      <trkpt lat="40.786254" lon="-73.967743">
        <ele>32.2</ele>
        <time>2026-06-17T22:35:51.000Z</time>
      </trkpt>
      <trkpt lat="40.786244" lon="-73.967743">
        <ele>32.2</ele>
        <time>2026-06-17T22:35:52.000Z</time>
      </trkpt>
      <trkpt lat="40.786234" lon="-73.967742">
        <ele>32.2</ele>
        <time>2026-06-17T22:35:53.000Z</time>
      </trkpt>
      <trkpt lat="40.786225" lon="-73.967741">
        <ele>32.2</ele>
        <time>2026-06-17T22:35:54.000Z</time>
      </trkpt>
      <trkpt lat="40.786215" lon="-73.96774">
        <ele>32.2</ele>
        <time>2026-06-17T22:35:55.000Z</time>
      </trkpt>
      <trkpt lat="40.786204" lon="-73.967739">
        <ele>32.2</ele>
        <time>2026-06-17T22:35:56.000Z</time>
      </trkpt>
      <trkpt lat="40.786194" lon="-73.967737">
        <ele>32.2</ele>
        <time>2026-06-17T22:35:57.000Z</time>
      </trkpt>
      <trkpt lat="40.786184" lon="-73.967735">
        <ele>32.2</ele>
        <time>2026-06-17T22:35:58.000Z</time>
      </trkpt>
      <trkpt lat="40.786174" lon="-73.967733">
        <ele>32.2</ele>
        <time>2026-06-17T22:35:59.000Z</time>
      </trkpt>
      <trkpt lat="40.786165" lon="-73.967731">
        <ele>32.4</ele>
        <time>2026-06-17T22:36:00.000Z</time>
      </trkpt>
      <trkpt lat="40.786155" lon="-73.96773">
        <ele>32.4</ele>
        <time>2026-06-17T22:36:01.000Z</time>
      </trkpt>
      <trkpt lat="40.786145" lon="-73.967729">
        <ele>32.4</ele>
        <time>2026-06-17T22:36:02.000Z</time>
      </trkpt>
      <trkpt lat="40.786134" lon="-73.967728">
        <ele>32.4</ele>
        <time>2026-06-17T22:36:03.000Z</time>
      </trkpt>
      <trkpt lat="40.786123" lon="-73.967727">
        <ele>32.6</ele>
        <time>2026-06-17T22:36:04.000Z</time>
      </trkpt>
      <trkpt lat="40.786113" lon="-73.967726">
        <ele>32.6</ele>
        <time>2026-06-17T22:36:05.000Z</time>
      </trkpt>
      <trkpt lat="40.786103" lon="-73.967725">
        <ele>32.6</ele>
        <time>2026-06-17T22:36:06.000Z</time>
      </trkpt>
      <trkpt lat="40.786092" lon="-73.967725">
        <ele>32.6</ele>
        <time>2026-06-17T22:36:07.000Z</time>
      </trkpt>
      <trkpt lat="40.786083" lon="-73.967726">
        <ele>32.8</ele>
        <time>2026-06-17T22:36:08.000Z</time>
      </trkpt>
      <trkpt lat="40.786073" lon="-73.967728">
        <ele>32.8</ele>
        <time>2026-06-17T22:36:09.000Z</time>
      </trkpt>
      <trkpt lat="40.786063" lon="-73.96773">
        <ele>32.8</ele>
        <time>2026-06-17T22:36:10.000Z</time>
      </trkpt>
      <trkpt lat="40.786054" lon="-73.967733">
        <ele>32.8</ele>
        <time>2026-06-17T22:36:11.000Z</time>
      </trkpt>
      <trkpt lat="40.786045" lon="-73.967736">
        <ele>32.8</ele>
        <time>2026-06-17T22:36:12.000Z</time>
      </trkpt>
      <trkpt lat="40.786036" lon="-73.96774">
        <ele>32.6</ele>
        <time>2026-06-17T22:36:13.000Z</time>
      </trkpt>
      <trkpt lat="40.786028" lon="-73.967744">
        <ele>32.6</ele>
        <time>2026-06-17T22:36:14.000Z</time>
      </trkpt>
      <trkpt lat="40.786018" lon="-73.967748">
        <ele>32.6</ele>
        <time>2026-06-17T22:36:15.000Z</time>
      </trkpt>
      <trkpt lat="40.786009" lon="-73.967753">
        <ele>32.6</ele>
        <time>2026-06-17T22:36:16.000Z</time>
      </trkpt>
      <trkpt lat="40.786" lon="-73.967758">
        <ele>32.6</ele>
        <time>2026-06-17T22:36:17.000Z</time>
      </trkpt>
      <trkpt lat="40.78599" lon="-73.967762">
        <ele>32.4</ele>
        <time>2026-06-17T22:36:18.000Z</time>
      </trkpt>
      <trkpt lat="40.785981" lon="-73.967766">
        <ele>32.4</ele>
        <time>2026-06-17T22:36:19.000Z</time>
      </trkpt>
      <trkpt lat="40.785971" lon="-73.96777">
        <ele>32.4</ele>
        <time>2026-06-17T22:36:20.000Z</time>
      </trkpt>
      <trkpt lat="40.785961" lon="-73.967774">
        <ele>32.4</ele>
        <time>2026-06-17T22:36:21.000Z</time>
      </trkpt>
      <trkpt lat="40.785952" lon="-73.967778">
        <ele>32.4</ele>
        <time>2026-06-17T22:36:22.000Z</time>
      </trkpt>
      <trkpt lat="40.785942" lon="-73.967782">
        <ele>32.4</ele>
        <time>2026-06-17T22:36:23.000Z</time>
      </trkpt>
      <trkpt lat="40.785933" lon="-73.967786">
        <ele>32.2</ele>
        <time>2026-06-17T22:36:24.000Z</time>
      </trkpt>
      <trkpt lat="40.785923" lon="-73.96779">
        <ele>32.2</ele>
        <time>2026-06-17T22:36:25.000Z</time>
      </trkpt>
      <trkpt lat="40.785913" lon="-73.967794">
        <ele>32.2</ele>
        <time>2026-06-17T22:36:26.000Z</time>
      </trkpt>
      <trkpt lat="40.785903" lon="-73.967798">
        <ele>32.2</ele>
        <time>2026-06-17T22:36:27.000Z</time>
      </trkpt>
      <trkpt lat="40.785894" lon="-73.967802">
        <ele>32.2</ele>
        <time>2026-06-17T22:36:28.000Z</time>
      </trkpt>
      <trkpt lat="40.785884" lon="-73.967806">
        <ele>32.4</ele>
        <time>2026-06-17T22:36:29.000Z</time>
      </trkpt>
      <trkpt lat="40.785873" lon="-73.96781">
        <ele>32.4</ele>
        <time>2026-06-17T22:36:30.000Z</time>
      </trkpt>
      <trkpt lat="40.785863" lon="-73.967814">
        <ele>32.4</ele>
        <time>2026-06-17T22:36:31.000Z</time>
      </trkpt>
      <trkpt lat="40.785853" lon="-73.967818">
        <ele>32.4</ele>
        <time>2026-06-17T22:36:32.000Z</time>
      </trkpt>
      <trkpt lat="40.785843" lon="-73.967821">
        <ele>32.4</ele>
        <time>2026-06-17T22:36:33.000Z</time>
      </trkpt>
      <trkpt lat="40.785833" lon="-73.967825">
        <ele>32.4</ele>
        <time>2026-06-17T22:36:34.000Z</time>
      </trkpt>
      <trkpt lat="40.785822" lon="-73.967827">
        <ele>32.4</ele>
        <time>2026-06-17T22:36:35.000Z</time>
      </trkpt>
      <trkpt lat="40.785811" lon="-73.967829">
        <ele>32.4</ele>
        <time>2026-06-17T22:36:36.000Z</time>
      </trkpt>
      <trkpt lat="40.7858" lon="-73.967831">
        <ele>32.6</ele>
        <time>2026-06-17T22:36:37.000Z</time>
      </trkpt>
      <trkpt lat="40.78579" lon="-73.967832">
        <ele>32.6</ele>
        <time>2026-06-17T22:36:38.000Z</time>
      </trkpt>
      <trkpt lat="40.785779" lon="-73.967832">
        <ele>32.6</ele>
        <time>2026-06-17T22:36:39.000Z</time>
      </trkpt>
      <trkpt lat="40.785768" lon="-73.967833">
        <ele>32.6</ele>
        <time>2026-06-17T22:36:40.000Z</time>
      </trkpt>
      <trkpt lat="40.785758" lon="-73.967833">
        <ele>32.6</ele>
        <time>2026-06-17T22:36:41.000Z</time>
      </trkpt>
      <trkpt lat="40.785749" lon="-73.967833">
        <ele>32.6</ele>
        <time>2026-06-17T22:36:42.000Z</time>
      </trkpt>
      <trkpt lat="40.785741" lon="-73.967833">
        <ele>32.6</ele>
        <time>2026-06-17T22:36:43.000Z</time>
      </trkpt>
      <trkpt lat="40.785733" lon="-73.967833">
        <ele>32.6</ele>
        <time>2026-06-17T22:36:44.000Z</time>
      </trkpt>
      <trkpt lat="40.785723" lon="-73.967833">
        <ele>32.6</ele>
        <time>2026-06-17T22:36:45.000Z</time>
      </trkpt>
      <trkpt lat="40.785713" lon="-73.967833">
        <ele>32.6</ele>
        <time>2026-06-17T22:36:46.000Z</time>
      </trkpt>
      <trkpt lat="40.785702" lon="-73.967832">
        <ele>32.6</ele>
        <time>2026-06-17T22:36:47.000Z</time>
      </trkpt>
      <trkpt lat="40.785693" lon="-73.967832">
        <ele>32.6</ele>
        <time>2026-06-17T22:36:48.000Z</time>
      </trkpt>
      <trkpt lat="40.785683" lon="-73.967832">
        <ele>32.6</ele>
        <time>2026-06-17T22:36:49.000Z</time>
      </trkpt>
      <trkpt lat="40.785673" lon="-73.967831">
        <ele>32.6</ele>
        <time>2026-06-17T22:36:50.000Z</time>
      </trkpt>
      <trkpt lat="40.785663" lon="-73.967831">
        <ele>32.6</ele>
        <time>2026-06-17T22:36:51.000Z</time>
      </trkpt>
      <trkpt lat="40.785654" lon="-73.96783">
        <ele>32.6</ele>
        <time>2026-06-17T22:36:52.000Z</time>
      </trkpt>
      <trkpt lat="40.785644" lon="-73.96783">
        <ele>32.6</ele>
        <time>2026-06-17T22:36:53.000Z</time>
      </trkpt>
      <trkpt lat="40.785634" lon="-73.96783">
        <ele>32.6</ele>
        <time>2026-06-17T22:36:54.000Z</time>
      </trkpt>
      <trkpt lat="40.785624" lon="-73.967829">
        <ele>32.6</ele>
        <time>2026-06-17T22:36:55.000Z</time>
      </trkpt>
      <trkpt lat="40.785613" lon="-73.967829">
        <ele>32.6</ele>
        <time>2026-06-17T22:36:56.000Z</time>
      </trkpt>
      <trkpt lat="40.785602" lon="-73.967828">
        <ele>32.6</ele>
        <time>2026-06-17T22:36:57.000Z</time>
      </trkpt>
      <trkpt lat="40.785592" lon="-73.967828">
        <ele>32.6</ele>
        <time>2026-06-17T22:36:58.000Z</time>
      </trkpt>
      <trkpt lat="40.785582" lon="-73.967827">
        <ele>32.6</ele>
        <time>2026-06-17T22:36:59.000Z</time>
      </trkpt>
      <trkpt lat="40.785571" lon="-73.967826">
        <ele>32.6</ele>
        <time>2026-06-17T22:37:00.000Z</time>
      </trkpt>
      <trkpt lat="40.785561" lon="-73.967825">
        <ele>32.6</ele>
        <time>2026-06-17T22:37:01.000Z</time>
      </trkpt>
      <trkpt lat="40.785551" lon="-73.967825">
        <ele>32.6</ele>
        <time>2026-06-17T22:37:02.000Z</time>
      </trkpt>
      <trkpt lat="40.785541" lon="-73.967824">
        <ele>32.6</ele>
        <time>2026-06-17T22:37:03.000Z</time>
      </trkpt>
      <trkpt lat="40.785531" lon="-73.967823">
        <ele>32.6</ele>
        <time>2026-06-17T22:37:04.000Z</time>
      </trkpt>
      <trkpt lat="40.785521" lon="-73.967822">
        <ele>32.8</ele>
        <time>2026-06-17T22:37:05.000Z</time>
      </trkpt>
      <trkpt lat="40.78551" lon="-73.967822">
        <ele>32.8</ele>
        <time>2026-06-17T22:37:06.000Z</time>
      </trkpt>
      <trkpt lat="40.7855" lon="-73.967821">
        <ele>32.8</ele>
        <time>2026-06-17T22:37:07.000Z</time>
      </trkpt>
      <trkpt lat="40.78549" lon="-73.96782">
        <ele>32.8</ele>
        <time>2026-06-17T22:37:08.000Z</time>
      </trkpt>
      <trkpt lat="40.78548" lon="-73.967819">
        <ele>32.8</ele>
        <time>2026-06-17T22:37:09.000Z</time>
      </trkpt>
      <trkpt lat="40.785471" lon="-73.967819">
        <ele>32.8</ele>
        <time>2026-06-17T22:37:10.000Z</time>
      </trkpt>
      <trkpt lat="40.785462" lon="-73.967818">
        <ele>32.8</ele>
        <time>2026-06-17T22:37:11.000Z</time>
      </trkpt>
      <trkpt lat="40.785454" lon="-73.967818">
        <ele>33</ele>
        <time>2026-06-17T22:37:12.000Z</time>
      </trkpt>
      <trkpt lat="40.785444" lon="-73.967817">
        <ele>33</ele>
        <time>2026-06-17T22:37:13.000Z</time>
      </trkpt>
      <trkpt lat="40.785435" lon="-73.967816">
        <ele>33</ele>
        <time>2026-06-17T22:37:14.000Z</time>
      </trkpt>
      <trkpt lat="40.785426" lon="-73.967814">
        <ele>33</ele>
        <time>2026-06-17T22:37:15.000Z</time>
      </trkpt>
      <trkpt lat="40.785417" lon="-73.967812">
        <ele>33.2</ele>
        <time>2026-06-17T22:37:16.000Z</time>
      </trkpt>
      <trkpt lat="40.785408" lon="-73.967811">
        <ele>33.2</ele>
        <time>2026-06-17T22:37:17.000Z</time>
      </trkpt>
      <trkpt lat="40.785398" lon="-73.967809">
        <ele>33.2</ele>
        <time>2026-06-17T22:37:18.000Z</time>
      </trkpt>
      <trkpt lat="40.785389" lon="-73.967807">
        <ele>33.2</ele>
        <time>2026-06-17T22:37:19.000Z</time>
      </trkpt>
      <trkpt lat="40.785379" lon="-73.967804">
        <ele>33.4</ele>
        <time>2026-06-17T22:37:20.000Z</time>
      </trkpt>
      <trkpt lat="40.78537" lon="-73.967801">
        <ele>33.4</ele>
        <time>2026-06-17T22:37:21.000Z</time>
      </trkpt>
      <trkpt lat="40.785361" lon="-73.967799">
        <ele>33.4</ele>
        <time>2026-06-17T22:37:22.000Z</time>
      </trkpt>
      <trkpt lat="40.785352" lon="-73.967795">
        <ele>33.4</ele>
        <time>2026-06-17T22:37:23.000Z</time>
      </trkpt>
      <trkpt lat="40.785343" lon="-73.967792">
        <ele>33.4</ele>
        <time>2026-06-17T22:37:24.000Z</time>
      </trkpt>
      <trkpt lat="40.785333" lon="-73.967788">
        <ele>33.4</ele>
        <time>2026-06-17T22:37:25.000Z</time>
      </trkpt>
      <trkpt lat="40.785324" lon="-73.967784">
        <ele>33.4</ele>
        <time>2026-06-17T22:37:26.000Z</time>
      </trkpt>
      <trkpt lat="40.785315" lon="-73.967779">
        <ele>33.4</ele>
        <time>2026-06-17T22:37:27.000Z</time>
      </trkpt>
      <trkpt lat="40.785306" lon="-73.967774">
        <ele>33.4</ele>
        <time>2026-06-17T22:37:28.000Z</time>
      </trkpt>
      <trkpt lat="40.785297" lon="-73.967769">
        <ele>33.4</ele>
        <time>2026-06-17T22:37:29.000Z</time>
      </trkpt>
      <trkpt lat="40.785288" lon="-73.967764">
        <ele>33.6</ele>
        <time>2026-06-17T22:37:30.000Z</time>
      </trkpt>
      <trkpt lat="40.785279" lon="-73.967759">
        <ele>33.6</ele>
        <time>2026-06-17T22:37:31.000Z</time>
      </trkpt>
      <trkpt lat="40.78527" lon="-73.967753">
        <ele>33.6</ele>
        <time>2026-06-17T22:37:32.000Z</time>
      </trkpt>
      <trkpt lat="40.785261" lon="-73.967748">
        <ele>33.6</ele>
        <time>2026-06-17T22:37:33.000Z</time>
      </trkpt>
      <trkpt lat="40.785253" lon="-73.967742">
        <ele>33.8</ele>
        <time>2026-06-17T22:37:34.000Z</time>
      </trkpt>
      <trkpt lat="40.785244" lon="-73.967736">
        <ele>33.8</ele>
        <time>2026-06-17T22:37:35.000Z</time>
      </trkpt>
      <trkpt lat="40.785235" lon="-73.96773">
        <ele>34</ele>
        <time>2026-06-17T22:37:36.000Z</time>
      </trkpt>
      <trkpt lat="40.785227" lon="-73.967724">
        <ele>34</ele>
        <time>2026-06-17T22:37:37.000Z</time>
      </trkpt>
      <trkpt lat="40.785218" lon="-73.967718">
        <ele>34</ele>
        <time>2026-06-17T22:37:38.000Z</time>
      </trkpt>
      <trkpt lat="40.785211" lon="-73.967712">
        <ele>34.2</ele>
        <time>2026-06-17T22:37:39.000Z</time>
      </trkpt>
      <trkpt lat="40.785203" lon="-73.967706">
        <ele>34.2</ele>
        <time>2026-06-17T22:37:40.000Z</time>
      </trkpt>
      <trkpt lat="40.785195" lon="-73.967699">
        <ele>34.4</ele>
        <time>2026-06-17T22:37:41.000Z</time>
      </trkpt>
      <trkpt lat="40.785187" lon="-73.967693">
        <ele>34.4</ele>
        <time>2026-06-17T22:37:42.000Z</time>
      </trkpt>
      <trkpt lat="40.785179" lon="-73.967686">
        <ele>34.6</ele>
        <time>2026-06-17T22:37:43.000Z</time>
      </trkpt>
      <trkpt lat="40.785172" lon="-73.96768">
        <ele>34.6</ele>
        <time>2026-06-17T22:37:44.000Z</time>
      </trkpt>
      <trkpt lat="40.785164" lon="-73.967673">
        <ele>34.6</ele>
        <time>2026-06-17T22:37:45.000Z</time>
      </trkpt>
      <trkpt lat="40.785157" lon="-73.967666">
        <ele>34.8</ele>
        <time>2026-06-17T22:37:46.000Z</time>
      </trkpt>
      <trkpt lat="40.785149" lon="-73.967659">
        <ele>34.8</ele>
        <time>2026-06-17T22:37:47.000Z</time>
      </trkpt>
      <trkpt lat="40.785142" lon="-73.967652">
        <ele>35</ele>
        <time>2026-06-17T22:37:48.000Z</time>
      </trkpt>
      <trkpt lat="40.785134" lon="-73.967645">
        <ele>35</ele>
        <time>2026-06-17T22:37:49.000Z</time>
      </trkpt>
      <trkpt lat="40.785127" lon="-73.967638">
        <ele>35</ele>
        <time>2026-06-17T22:37:50.000Z</time>
      </trkpt>
      <trkpt lat="40.78512" lon="-73.967631">
        <ele>35.2</ele>
        <time>2026-06-17T22:37:51.000Z</time>
      </trkpt>
      <trkpt lat="40.785113" lon="-73.967624">
        <ele>35.2</ele>
        <time>2026-06-17T22:37:52.000Z</time>
      </trkpt>
      <trkpt lat="40.785105" lon="-73.967617">
        <ele>35.2</ele>
        <time>2026-06-17T22:37:53.000Z</time>
      </trkpt>
      <trkpt lat="40.785097" lon="-73.967609">
        <ele>35.4</ele>
        <time>2026-06-17T22:37:54.000Z</time>
      </trkpt>
      <trkpt lat="40.78509" lon="-73.967601">
        <ele>35.4</ele>
        <time>2026-06-17T22:37:55.000Z</time>
      </trkpt>
      <trkpt lat="40.785082" lon="-73.967593">
        <ele>35.6</ele>
        <time>2026-06-17T22:37:56.000Z</time>
      </trkpt>
      <trkpt lat="40.785075" lon="-73.967585">
        <ele>35.6</ele>
        <time>2026-06-17T22:37:57.000Z</time>
      </trkpt>
      <trkpt lat="40.785067" lon="-73.967577">
        <ele>35.8</ele>
        <time>2026-06-17T22:37:58.000Z</time>
      </trkpt>
      <trkpt lat="40.78506" lon="-73.967568">
        <ele>35.8</ele>
        <time>2026-06-17T22:37:59.000Z</time>
      </trkpt>
      <trkpt lat="40.785052" lon="-73.967559">
        <ele>36</ele>
        <time>2026-06-17T22:38:00.000Z</time>
      </trkpt>
      <trkpt lat="40.785045" lon="-73.96755">
        <ele>36.2</ele>
        <time>2026-06-17T22:38:01.000Z</time>
      </trkpt>
      <trkpt lat="40.785038" lon="-73.96754">
        <ele>36.2</ele>
        <time>2026-06-17T22:38:02.000Z</time>
      </trkpt>
      <trkpt lat="40.785031" lon="-73.967531">
        <ele>36.4</ele>
        <time>2026-06-17T22:38:03.000Z</time>
      </trkpt>
      <trkpt lat="40.785025" lon="-73.967521">
        <ele>36.6</ele>
        <time>2026-06-17T22:38:04.000Z</time>
      </trkpt>
      <trkpt lat="40.785018" lon="-73.967511">
        <ele>36.6</ele>
        <time>2026-06-17T22:38:05.000Z</time>
      </trkpt>
      <trkpt lat="40.785012" lon="-73.967501">
        <ele>36.8</ele>
        <time>2026-06-17T22:38:06.000Z</time>
      </trkpt>
      <trkpt lat="40.785006" lon="-73.967491">
        <ele>36.8</ele>
        <time>2026-06-17T22:38:07.000Z</time>
      </trkpt>
      <trkpt lat="40.784999" lon="-73.967481">
        <ele>37</ele>
        <time>2026-06-17T22:38:08.000Z</time>
      </trkpt>
      <trkpt lat="40.784994" lon="-73.967472">
        <ele>37</ele>
        <time>2026-06-17T22:38:09.000Z</time>
      </trkpt>
      <trkpt lat="40.784988" lon="-73.967462">
        <ele>37.2</ele>
        <time>2026-06-17T22:38:10.000Z</time>
      </trkpt>
      <trkpt lat="40.784982" lon="-73.967453">
        <ele>37.2</ele>
        <time>2026-06-17T22:38:11.000Z</time>
      </trkpt>
      <trkpt lat="40.784977" lon="-73.967444">
        <ele>37.2</ele>
        <time>2026-06-17T22:38:12.000Z</time>
      </trkpt>
      <trkpt lat="40.784971" lon="-73.967434">
        <ele>37.2</ele>
        <time>2026-06-17T22:38:13.000Z</time>
      </trkpt>
      <trkpt lat="40.784966" lon="-73.967425">
        <ele>37.4</ele>
        <time>2026-06-17T22:38:14.000Z</time>
      </trkpt>
      <trkpt lat="40.784961" lon="-73.967415">
        <ele>37.4</ele>
        <time>2026-06-17T22:38:15.000Z</time>
      </trkpt>
      <trkpt lat="40.784956" lon="-73.967404">
        <ele>37.4</ele>
        <time>2026-06-17T22:38:16.000Z</time>
      </trkpt>
      <trkpt lat="40.78495" lon="-73.967393">
        <ele>37.4</ele>
        <time>2026-06-17T22:38:17.000Z</time>
      </trkpt>
      <trkpt lat="40.784945" lon="-73.967382">
        <ele>37.6</ele>
        <time>2026-06-17T22:38:18.000Z</time>
      </trkpt>
      <trkpt lat="40.784939" lon="-73.967372">
        <ele>37.6</ele>
        <time>2026-06-17T22:38:19.000Z</time>
      </trkpt>
      <trkpt lat="40.784934" lon="-73.967361">
        <ele>37.6</ele>
        <time>2026-06-17T22:38:20.000Z</time>
      </trkpt>
      <trkpt lat="40.784928" lon="-73.967351">
        <ele>37.8</ele>
        <time>2026-06-17T22:38:21.000Z</time>
      </trkpt>
      <trkpt lat="40.784922" lon="-73.96734">
        <ele>37.8</ele>
        <time>2026-06-17T22:38:22.000Z</time>
      </trkpt>
      <trkpt lat="40.784916" lon="-73.967329">
        <ele>37.8</ele>
        <time>2026-06-17T22:38:23.000Z</time>
      </trkpt>
      <trkpt lat="40.78491" lon="-73.967318">
        <ele>38</ele>
        <time>2026-06-17T22:38:24.000Z</time>
      </trkpt>
      <trkpt lat="40.784904" lon="-73.967308">
        <ele>38</ele>
        <time>2026-06-17T22:38:25.000Z</time>
      </trkpt>
      <trkpt lat="40.784897" lon="-73.967298">
        <ele>38.2</ele>
        <time>2026-06-17T22:38:26.000Z</time>
      </trkpt>
      <trkpt lat="40.784891" lon="-73.967289">
        <ele>38.2</ele>
        <time>2026-06-17T22:38:27.000Z</time>
      </trkpt>
      <trkpt lat="40.784885" lon="-73.96728">
        <ele>38.2</ele>
        <time>2026-06-17T22:38:28.000Z</time>
      </trkpt>
      <trkpt lat="40.784878" lon="-73.967271">
        <ele>38.4</ele>
        <time>2026-06-17T22:38:29.000Z</time>
      </trkpt>
      <trkpt lat="40.784872" lon="-73.967263">
        <ele>38.4</ele>
        <time>2026-06-17T22:38:30.000Z</time>
      </trkpt>
      <trkpt lat="40.784866" lon="-73.967255">
        <ele>38.6</ele>
        <time>2026-06-17T22:38:31.000Z</time>
      </trkpt>
      <trkpt lat="40.784859" lon="-73.967247">
        <ele>38.6</ele>
        <time>2026-06-17T22:38:32.000Z</time>
      </trkpt>
      <trkpt lat="40.784852" lon="-73.967239">
        <ele>38.6</ele>
        <time>2026-06-17T22:38:33.000Z</time>
      </trkpt>
      <trkpt lat="40.784844" lon="-73.967231">
        <ele>38.8</ele>
        <time>2026-06-17T22:38:34.000Z</time>
      </trkpt>
      <trkpt lat="40.784836" lon="-73.967224">
        <ele>38.8</ele>
        <time>2026-06-17T22:38:35.000Z</time>
      </trkpt>
      <trkpt lat="40.784828" lon="-73.967218">
        <ele>38.8</ele>
        <time>2026-06-17T22:38:36.000Z</time>
      </trkpt>
      <trkpt lat="40.784819" lon="-73.967212">
        <ele>38.8</ele>
        <time>2026-06-17T22:38:37.000Z</time>
      </trkpt>
      <trkpt lat="40.78481" lon="-73.967207">
        <ele>39</ele>
        <time>2026-06-17T22:38:38.000Z</time>
      </trkpt>
      <trkpt lat="40.7848" lon="-73.967202">
        <ele>39</ele>
        <time>2026-06-17T22:38:39.000Z</time>
      </trkpt>
      <trkpt lat="40.784792" lon="-73.967199">
        <ele>39</ele>
        <time>2026-06-17T22:38:40.000Z</time>
      </trkpt>
      <trkpt lat="40.784783" lon="-73.967195">
        <ele>39</ele>
        <time>2026-06-17T22:38:41.000Z</time>
      </trkpt>
      <trkpt lat="40.784775" lon="-73.967192">
        <ele>39.2</ele>
        <time>2026-06-17T22:38:42.000Z</time>
      </trkpt>
      <trkpt lat="40.784769" lon="-73.967188">
        <ele>39.2</ele>
        <time>2026-06-17T22:38:43.000Z</time>
      </trkpt>
      <trkpt lat="40.784763" lon="-73.967184">
        <ele>39.2</ele>
        <time>2026-06-17T22:38:44.000Z</time>
      </trkpt>
      <trkpt lat="40.784757" lon="-73.967178">
        <ele>39.2</ele>
        <time>2026-06-17T22:38:45.000Z</time>
      </trkpt>
      <trkpt lat="40.784753" lon="-73.967167">
        <ele>39.4</ele>
        <time>2026-06-17T22:38:46.000Z</time>
      </trkpt>
      <trkpt lat="40.784751" lon="-73.967153">
        <ele>39.4</ele>
        <time>2026-06-17T22:38:47.000Z</time>
      </trkpt>
      <trkpt lat="40.784749" lon="-73.967138">
        <ele>39.4</ele>
        <time>2026-06-17T22:38:48.000Z</time>
      </trkpt>
      <trkpt lat="40.784747" lon="-73.967121">
        <ele>39.4</ele>
        <time>2026-06-17T22:38:49.000Z</time>
      </trkpt>
      <trkpt lat="40.784745" lon="-73.967103">
        <ele>39.4</ele>
        <time>2026-06-17T22:38:50.000Z</time>
      </trkpt>
      <trkpt lat="40.784743" lon="-73.967086">
        <ele>39.4</ele>
        <time>2026-06-17T22:38:51.000Z</time>
      </trkpt>
      <trkpt lat="40.784741" lon="-73.96707">
        <ele>39.6</ele>
        <time>2026-06-17T22:38:52.000Z</time>
      </trkpt>
      <trkpt lat="40.78474" lon="-73.967055">
        <ele>39.6</ele>
        <time>2026-06-17T22:38:53.000Z</time>
      </trkpt>
      <trkpt lat="40.784738" lon="-73.967041">
        <ele>39.6</ele>
        <time>2026-06-17T22:38:54.000Z</time>
      </trkpt>
      <trkpt lat="40.784736" lon="-73.967028">
        <ele>39.6</ele>
        <time>2026-06-17T22:38:55.000Z</time>
      </trkpt>
      <trkpt lat="40.784734" lon="-73.967016">
        <ele>39.6</ele>
        <time>2026-06-17T22:38:56.000Z</time>
      </trkpt>
      <trkpt lat="40.784732" lon="-73.967004">
        <ele>39.6</ele>
        <time>2026-06-17T22:38:57.000Z</time>
      </trkpt>
      <trkpt lat="40.78473" lon="-73.966994">
        <ele>39.6</ele>
        <time>2026-06-17T22:38:58.000Z</time>
      </trkpt>
      <trkpt lat="40.784728" lon="-73.966985">
        <ele>39.8</ele>
        <time>2026-06-17T22:38:59.000Z</time>
      </trkpt>
      <trkpt lat="40.784726" lon="-73.966977">
        <ele>39.8</ele>
        <time>2026-06-17T22:39:00.000Z</time>
      </trkpt>
      <trkpt lat="40.784724" lon="-73.966969">
        <ele>39.8</ele>
        <time>2026-06-17T22:39:01.000Z</time>
      </trkpt>
      <trkpt lat="40.784722" lon="-73.966961">
        <ele>39.8</ele>
        <time>2026-06-17T22:39:02.000Z</time>
      </trkpt>
      <trkpt lat="40.784719" lon="-73.966954">
        <ele>39.8</ele>
        <time>2026-06-17T22:39:03.000Z</time>
      </trkpt>
      <trkpt lat="40.784717" lon="-73.966948">
        <ele>39.8</ele>
        <time>2026-06-17T22:39:04.000Z</time>
      </trkpt>
      <trkpt lat="40.784712" lon="-73.966945">
        <ele>40</ele>
        <time>2026-06-17T22:39:05.000Z</time>
      </trkpt>
      <trkpt lat="40.784704" lon="-73.966945">
        <ele>40</ele>
        <time>2026-06-17T22:39:06.000Z</time>
      </trkpt>
      <trkpt lat="40.784693" lon="-73.966948">
        <ele>40</ele>
        <time>2026-06-17T22:39:07.000Z</time>
      </trkpt>
      <trkpt lat="40.78468" lon="-73.96695">
        <ele>40</ele>
        <time>2026-06-17T22:39:08.000Z</time>
      </trkpt>
      <trkpt lat="40.784665" lon="-73.966952">
        <ele>40</ele>
        <time>2026-06-17T22:39:09.000Z</time>
      </trkpt>
      <trkpt lat="40.78465" lon="-73.966953">
        <ele>40</ele>
        <time>2026-06-17T22:39:10.000Z</time>
      </trkpt>
      <trkpt lat="40.784635" lon="-73.966953">
        <ele>40</ele>
        <time>2026-06-17T22:39:11.000Z</time>
      </trkpt>
      <trkpt lat="40.78462" lon="-73.966953">
        <ele>40</ele>
        <time>2026-06-17T22:39:12.000Z</time>
      </trkpt>
      <trkpt lat="40.784605" lon="-73.966952">
        <ele>40</ele>
        <time>2026-06-17T22:39:13.000Z</time>
      </trkpt>
      <trkpt lat="40.78459" lon="-73.966952">
        <ele>40</ele>
        <time>2026-06-17T22:39:14.000Z</time>
      </trkpt>
      <trkpt lat="40.784577" lon="-73.966953">
        <ele>40</ele>
        <time>2026-06-17T22:39:15.000Z</time>
      </trkpt>
      <trkpt lat="40.784564" lon="-73.966954">
        <ele>40</ele>
        <time>2026-06-17T22:39:16.000Z</time>
      </trkpt>
      <trkpt lat="40.784554" lon="-73.966956">
        <ele>40</ele>
        <time>2026-06-17T22:39:17.000Z</time>
      </trkpt>
      <trkpt lat="40.784544" lon="-73.966958">
        <ele>40</ele>
        <time>2026-06-17T22:39:18.000Z</time>
      </trkpt>
      <trkpt lat="40.784536" lon="-73.966959">
        <ele>40</ele>
        <time>2026-06-17T22:39:19.000Z</time>
      </trkpt>
      <trkpt lat="40.784529" lon="-73.96696">
        <ele>40</ele>
        <time>2026-06-17T22:39:20.000Z</time>
      </trkpt>
      <trkpt lat="40.784523" lon="-73.96696">
        <ele>40</ele>
        <time>2026-06-17T22:39:21.000Z</time>
      </trkpt>
      <trkpt lat="40.784519" lon="-73.966959">
        <ele>40</ele>
        <time>2026-06-17T22:39:22.000Z</time>
      </trkpt>
      <trkpt lat="40.784516" lon="-73.966955">
        <ele>40</ele>
        <time>2026-06-17T22:39:23.000Z</time>
      </trkpt>
      <trkpt lat="40.784515" lon="-73.966946">
        <ele>40</ele>
        <time>2026-06-17T22:39:24.000Z</time>
      </trkpt>
      <trkpt lat="40.784514" lon="-73.966933">
        <ele>40</ele>
        <time>2026-06-17T22:39:25.000Z</time>
      </trkpt>
      <trkpt lat="40.784514" lon="-73.966918">
        <ele>40</ele>
        <time>2026-06-17T22:39:26.000Z</time>
      </trkpt>
      <trkpt lat="40.784513" lon="-73.966905">
        <ele>40</ele>
        <time>2026-06-17T22:39:27.000Z</time>
      </trkpt>
      <trkpt lat="40.78451" lon="-73.966891">
        <ele>40</ele>
        <time>2026-06-17T22:39:28.000Z</time>
      </trkpt>
      <trkpt lat="40.784507" lon="-73.966875">
        <ele>40</ele>
        <time>2026-06-17T22:39:29.000Z</time>
      </trkpt>
      <trkpt lat="40.784502" lon="-73.96686">
        <ele>40</ele>
        <time>2026-06-17T22:39:30.000Z</time>
      </trkpt>
      <trkpt lat="40.784496" lon="-73.966846">
        <ele>39.8</ele>
        <time>2026-06-17T22:39:31.000Z</time>
      </trkpt>
      <trkpt lat="40.784489" lon="-73.966833">
        <ele>39.8</ele>
        <time>2026-06-17T22:39:32.000Z</time>
      </trkpt>
      <trkpt lat="40.784482" lon="-73.96682">
        <ele>39.8</ele>
        <time>2026-06-17T22:39:33.000Z</time>
      </trkpt>
      <trkpt lat="40.784476" lon="-73.966808">
        <ele>39.8</ele>
        <time>2026-06-17T22:39:34.000Z</time>
      </trkpt>
      <trkpt lat="40.784469" lon="-73.966795">
        <ele>39.8</ele>
        <time>2026-06-17T22:39:35.000Z</time>
      </trkpt>
      <trkpt lat="40.784462" lon="-73.966783">
        <ele>39.6</ele>
        <time>2026-06-17T22:39:36.000Z</time>
      </trkpt>
      <trkpt lat="40.784456" lon="-73.96677">
        <ele>39.6</ele>
        <time>2026-06-17T22:39:37.000Z</time>
      </trkpt>
      <trkpt lat="40.78445" lon="-73.966758">
        <ele>39.6</ele>
        <time>2026-06-17T22:39:38.000Z</time>
      </trkpt>
      <trkpt lat="40.784445" lon="-73.966746">
        <ele>39.6</ele>
        <time>2026-06-17T22:39:39.000Z</time>
      </trkpt>
      <trkpt lat="40.78444" lon="-73.966733">
        <ele>39.6</ele>
        <time>2026-06-17T22:39:40.000Z</time>
      </trkpt>
      <trkpt lat="40.784435" lon="-73.966721">
        <ele>39.4</ele>
        <time>2026-06-17T22:39:41.000Z</time>
      </trkpt>
      <trkpt lat="40.784431" lon="-73.96671">
        <ele>39.4</ele>
        <time>2026-06-17T22:39:42.000Z</time>
      </trkpt>
      <trkpt lat="40.784427" lon="-73.966698">
        <ele>39.4</ele>
        <time>2026-06-17T22:39:43.000Z</time>
      </trkpt>
      <trkpt lat="40.784423" lon="-73.966685">
        <ele>39.4</ele>
        <time>2026-06-17T22:39:44.000Z</time>
      </trkpt>
      <trkpt lat="40.784418" lon="-73.966673">
        <ele>39.4</ele>
        <time>2026-06-17T22:39:45.000Z</time>
      </trkpt>
      <trkpt lat="40.784415" lon="-73.966661">
        <ele>39.4</ele>
        <time>2026-06-17T22:39:46.000Z</time>
      </trkpt>
      <trkpt lat="40.784411" lon="-73.966649">
        <ele>39.4</ele>
        <time>2026-06-17T22:39:47.000Z</time>
      </trkpt>
      <trkpt lat="40.784406" lon="-73.966636">
        <ele>39.4</ele>
        <time>2026-06-17T22:39:48.000Z</time>
      </trkpt>
      <trkpt lat="40.784402" lon="-73.966623">
        <ele>39.4</ele>
        <time>2026-06-17T22:39:49.000Z</time>
      </trkpt>
      <trkpt lat="40.784398" lon="-73.96661">
        <ele>39.4</ele>
        <time>2026-06-17T22:39:50.000Z</time>
      </trkpt>
      <trkpt lat="40.784394" lon="-73.966598">
        <ele>39.4</ele>
        <time>2026-06-17T22:39:51.000Z</time>
      </trkpt>
      <trkpt lat="40.78439" lon="-73.966586">
        <ele>39.4</ele>
        <time>2026-06-17T22:39:52.000Z</time>
      </trkpt>
      <trkpt lat="40.784386" lon="-73.966575">
        <ele>39.4</ele>
        <time>2026-06-17T22:39:53.000Z</time>
      </trkpt>
      <trkpt lat="40.784383" lon="-73.966563">
        <ele>39.4</ele>
        <time>2026-06-17T22:39:54.000Z</time>
      </trkpt>
      <trkpt lat="40.784379" lon="-73.966551">
        <ele>39.6</ele>
        <time>2026-06-17T22:39:55.000Z</time>
      </trkpt>
      <trkpt lat="40.784375" lon="-73.966539">
        <ele>39.6</ele>
        <time>2026-06-17T22:39:56.000Z</time>
      </trkpt>
      <trkpt lat="40.784371" lon="-73.966526">
        <ele>39.6</ele>
        <time>2026-06-17T22:39:57.000Z</time>
      </trkpt>
      <trkpt lat="40.784367" lon="-73.966512">
        <ele>39.6</ele>
        <time>2026-06-17T22:39:58.000Z</time>
      </trkpt>
      <trkpt lat="40.784363" lon="-73.966499">
        <ele>39.8</ele>
        <time>2026-06-17T22:39:59.000Z</time>
      </trkpt>
      <trkpt lat="40.784359" lon="-73.966484">
        <ele>39.8</ele>
        <time>2026-06-17T22:40:00.000Z</time>
      </trkpt>
      <trkpt lat="40.784355" lon="-73.96647">
        <ele>39.8</ele>
        <time>2026-06-17T22:40:01.000Z</time>
      </trkpt>
      <trkpt lat="40.784352" lon="-73.966455">
        <ele>40</ele>
        <time>2026-06-17T22:40:02.000Z</time>
      </trkpt>
      <trkpt lat="40.78435" lon="-73.96644">
        <ele>40</ele>
        <time>2026-06-17T22:40:03.000Z</time>
      </trkpt>
      <trkpt lat="40.784348" lon="-73.966426">
        <ele>40.2</ele>
        <time>2026-06-17T22:40:04.000Z</time>
      </trkpt>
      <trkpt lat="40.784346" lon="-73.966412">
        <ele>40.2</ele>
        <time>2026-06-17T22:40:05.000Z</time>
      </trkpt>
      <trkpt lat="40.784345" lon="-73.966398">
        <ele>40.2</ele>
        <time>2026-06-17T22:40:06.000Z</time>
      </trkpt>
      <trkpt lat="40.784346" lon="-73.966384">
        <ele>40.4</ele>
        <time>2026-06-17T22:40:07.000Z</time>
      </trkpt>
      <trkpt lat="40.784349" lon="-73.966372">
        <ele>40.4</ele>
        <time>2026-06-17T22:40:08.000Z</time>
      </trkpt>
      <trkpt lat="40.784352" lon="-73.966362">
        <ele>40.4</ele>
        <time>2026-06-17T22:40:09.000Z</time>
      </trkpt>
      <trkpt lat="40.784354" lon="-73.966352">
        <ele>40.4</ele>
        <time>2026-06-17T22:40:10.000Z</time>
      </trkpt>
      <trkpt lat="40.784356" lon="-73.966344">
        <ele>40.6</ele>
        <time>2026-06-17T22:40:11.000Z</time>
      </trkpt>
      <trkpt lat="40.784357" lon="-73.966337">
        <ele>40.6</ele>
        <time>2026-06-17T22:40:12.000Z</time>
      </trkpt>
      <trkpt lat="40.784357" lon="-73.966331">
        <ele>40.6</ele>
        <time>2026-06-17T22:40:13.000Z</time>
      </trkpt>
      <trkpt lat="40.784356" lon="-73.966325">
        <ele>40.6</ele>
        <time>2026-06-17T22:40:14.000Z</time>
      </trkpt>
      <trkpt lat="40.784351" lon="-73.966322">
        <ele>40.8</ele>
        <time>2026-06-17T22:40:15.000Z</time>
      </trkpt>
      <trkpt lat="40.784341" lon="-73.96632">
        <ele>40.8</ele>
        <time>2026-06-17T22:40:16.000Z</time>
      </trkpt>
      <trkpt lat="40.784328" lon="-73.966319">
        <ele>40.8</ele>
        <time>2026-06-17T22:40:17.000Z</time>
      </trkpt>
      <trkpt lat="40.784315" lon="-73.966317">
        <ele>40.8</ele>
        <time>2026-06-17T22:40:18.000Z</time>
      </trkpt>
      <trkpt lat="40.784303" lon="-73.966314">
        <ele>40.8</ele>
        <time>2026-06-17T22:40:19.000Z</time>
      </trkpt>
      <trkpt lat="40.784291" lon="-73.96631">
        <ele>40.6</ele>
        <time>2026-06-17T22:40:20.000Z</time>
      </trkpt>
      <trkpt lat="40.784281" lon="-73.966306">
        <ele>40.6</ele>
        <time>2026-06-17T22:40:21.000Z</time>
      </trkpt>
      <trkpt lat="40.784271" lon="-73.966301">
        <ele>40.6</ele>
        <time>2026-06-17T22:40:22.000Z</time>
      </trkpt>
      <trkpt lat="40.784262" lon="-73.966294">
        <ele>40.6</ele>
        <time>2026-06-17T22:40:23.000Z</time>
      </trkpt>
      <trkpt lat="40.784254" lon="-73.966288">
        <ele>40.6</ele>
        <time>2026-06-17T22:40:24.000Z</time>
      </trkpt>
      <trkpt lat="40.784246" lon="-73.966281">
        <ele>40.4</ele>
        <time>2026-06-17T22:40:25.000Z</time>
      </trkpt>
      <trkpt lat="40.784239" lon="-73.966273">
        <ele>40.4</ele>
        <time>2026-06-17T22:40:26.000Z</time>
      </trkpt>
      <trkpt lat="40.784231" lon="-73.966264">
        <ele>40.4</ele>
        <time>2026-06-17T22:40:27.000Z</time>
      </trkpt>
      <trkpt lat="40.784224" lon="-73.966254">
        <ele>40.2</ele>
        <time>2026-06-17T22:40:28.000Z</time>
      </trkpt>
      <trkpt lat="40.784218" lon="-73.966244">
        <ele>40.2</ele>
        <time>2026-06-17T22:40:29.000Z</time>
      </trkpt>
      <trkpt lat="40.784212" lon="-73.966234">
        <ele>40.2</ele>
        <time>2026-06-17T22:40:30.000Z</time>
      </trkpt>
      <trkpt lat="40.784206" lon="-73.966224">
        <ele>40</ele>
        <time>2026-06-17T22:40:31.000Z</time>
      </trkpt>
      <trkpt lat="40.7842" lon="-73.966213">
        <ele>40</ele>
        <time>2026-06-17T22:40:32.000Z</time>
      </trkpt>
      <trkpt lat="40.784195" lon="-73.966203">
        <ele>40</ele>
        <time>2026-06-17T22:40:33.000Z</time>
      </trkpt>
      <trkpt lat="40.78419" lon="-73.966192">
        <ele>39.8</ele>
        <time>2026-06-17T22:40:34.000Z</time>
      </trkpt>
      <trkpt lat="40.784185" lon="-73.966182">
        <ele>39.8</ele>
        <time>2026-06-17T22:40:35.000Z</time>
      </trkpt>
      <trkpt lat="40.78418" lon="-73.966172">
        <ele>39.8</ele>
        <time>2026-06-17T22:40:36.000Z</time>
      </trkpt>
      <trkpt lat="40.784176" lon="-73.966161">
        <ele>39.6</ele>
        <time>2026-06-17T22:40:37.000Z</time>
      </trkpt>
      <trkpt lat="40.784171" lon="-73.966151">
        <ele>39.6</ele>
        <time>2026-06-17T22:40:38.000Z</time>
      </trkpt>
      <trkpt lat="40.784167" lon="-73.966139">
        <ele>39.4</ele>
        <time>2026-06-17T22:40:39.000Z</time>
      </trkpt>
      <trkpt lat="40.784163" lon="-73.966128">
        <ele>39.4</ele>
        <time>2026-06-17T22:40:40.000Z</time>
      </trkpt>
      <trkpt lat="40.784158" lon="-73.966116">
        <ele>39.4</ele>
        <time>2026-06-17T22:40:41.000Z</time>
      </trkpt>
      <trkpt lat="40.784154" lon="-73.966105">
        <ele>39.4</ele>
        <time>2026-06-17T22:40:42.000Z</time>
      </trkpt>
      <trkpt lat="40.78415" lon="-73.966094">
        <ele>39.2</ele>
        <time>2026-06-17T22:40:43.000Z</time>
      </trkpt>
      <trkpt lat="40.784146" lon="-73.966084">
        <ele>39.2</ele>
        <time>2026-06-17T22:40:44.000Z</time>
      </trkpt>
      <trkpt lat="40.784143" lon="-73.966074">
        <ele>39.2</ele>
        <time>2026-06-17T22:40:45.000Z</time>
      </trkpt>
      <trkpt lat="40.784139" lon="-73.966063">
        <ele>39.2</ele>
        <time>2026-06-17T22:40:46.000Z</time>
      </trkpt>
      <trkpt lat="40.784136" lon="-73.966054">
        <ele>39.2</ele>
        <time>2026-06-17T22:40:47.000Z</time>
      </trkpt>
      <trkpt lat="40.784132" lon="-73.966044">
        <ele>39</ele>
        <time>2026-06-17T22:40:48.000Z</time>
      </trkpt>
      <trkpt lat="40.784129" lon="-73.966033">
        <ele>39</ele>
        <time>2026-06-17T22:40:49.000Z</time>
      </trkpt>
      <trkpt lat="40.784125" lon="-73.966023">
        <ele>39</ele>
        <time>2026-06-17T22:40:50.000Z</time>
      </trkpt>
      <trkpt lat="40.784121" lon="-73.966012">
        <ele>38.8</ele>
        <time>2026-06-17T22:40:51.000Z</time>
      </trkpt>
      <trkpt lat="40.784118" lon="-73.966001">
        <ele>38.8</ele>
        <time>2026-06-17T22:40:52.000Z</time>
      </trkpt>
      <trkpt lat="40.784114" lon="-73.965991">
        <ele>38.8</ele>
        <time>2026-06-17T22:40:53.000Z</time>
      </trkpt>
      <trkpt lat="40.784111" lon="-73.965981">
        <ele>38.6</ele>
        <time>2026-06-17T22:40:54.000Z</time>
      </trkpt>
      <trkpt lat="40.784107" lon="-73.96597">
        <ele>38.6</ele>
        <time>2026-06-17T22:40:55.000Z</time>
      </trkpt>
      <trkpt lat="40.784104" lon="-73.96596">
        <ele>38.6</ele>
        <time>2026-06-17T22:40:56.000Z</time>
      </trkpt>
      <trkpt lat="40.7841" lon="-73.965949">
        <ele>38.4</ele>
        <time>2026-06-17T22:40:57.000Z</time>
      </trkpt>
      <trkpt lat="40.784097" lon="-73.965938">
        <ele>38.4</ele>
        <time>2026-06-17T22:40:58.000Z</time>
      </trkpt>
      <trkpt lat="40.784093" lon="-73.965927">
        <ele>38.4</ele>
        <time>2026-06-17T22:40:59.000Z</time>
      </trkpt>
      <trkpt lat="40.784089" lon="-73.965915">
        <ele>38.4</ele>
        <time>2026-06-17T22:41:00.000Z</time>
      </trkpt>
      <trkpt lat="40.784086" lon="-73.965903">
        <ele>38.2</ele>
        <time>2026-06-17T22:41:01.000Z</time>
      </trkpt>
      <trkpt lat="40.784082" lon="-73.965892">
        <ele>38.2</ele>
        <time>2026-06-17T22:41:02.000Z</time>
      </trkpt>
      <trkpt lat="40.784078" lon="-73.96588">
        <ele>38.2</ele>
        <time>2026-06-17T22:41:03.000Z</time>
      </trkpt>
      <trkpt lat="40.784074" lon="-73.965869">
        <ele>38.2</ele>
        <time>2026-06-17T22:41:04.000Z</time>
      </trkpt>
      <trkpt lat="40.784071" lon="-73.965857">
        <ele>38.2</ele>
        <time>2026-06-17T22:41:05.000Z</time>
      </trkpt>
      <trkpt lat="40.784067" lon="-73.965845">
        <ele>38.2</ele>
        <time>2026-06-17T22:41:06.000Z</time>
      </trkpt>
      <trkpt lat="40.784063" lon="-73.965833">
        <ele>38</ele>
        <time>2026-06-17T22:41:07.000Z</time>
      </trkpt>
      <trkpt lat="40.784059" lon="-73.965822">
        <ele>38</ele>
        <time>2026-06-17T22:41:08.000Z</time>
      </trkpt>
      <trkpt lat="40.784056" lon="-73.965811">
        <ele>38</ele>
        <time>2026-06-17T22:41:09.000Z</time>
      </trkpt>
      <trkpt lat="40.784052" lon="-73.9658">
        <ele>38</ele>
        <time>2026-06-17T22:41:10.000Z</time>
      </trkpt>
      <trkpt lat="40.784049" lon="-73.96579">
        <ele>38</ele>
        <time>2026-06-17T22:41:11.000Z</time>
      </trkpt>
      <trkpt lat="40.784046" lon="-73.965781">
        <ele>37.8</ele>
        <time>2026-06-17T22:41:12.000Z</time>
      </trkpt>
      <trkpt lat="40.784042" lon="-73.965769">
        <ele>37.8</ele>
        <time>2026-06-17T22:41:13.000Z</time>
      </trkpt>
      <trkpt lat="40.784039" lon="-73.965757">
        <ele>37.8</ele>
        <time>2026-06-17T22:41:14.000Z</time>
      </trkpt>
      <trkpt lat="40.784035" lon="-73.965745">
        <ele>37.8</ele>
        <time>2026-06-17T22:41:15.000Z</time>
      </trkpt>
      <trkpt lat="40.784031" lon="-73.965733">
        <ele>37.8</ele>
        <time>2026-06-17T22:41:16.000Z</time>
      </trkpt>
      <trkpt lat="40.784027" lon="-73.965721">
        <ele>37.6</ele>
        <time>2026-06-17T22:41:17.000Z</time>
      </trkpt>
      <trkpt lat="40.784023" lon="-73.965709">
        <ele>37.6</ele>
        <time>2026-06-17T22:41:18.000Z</time>
      </trkpt>
      <trkpt lat="40.78402" lon="-73.965697">
        <ele>37.6</ele>
        <time>2026-06-17T22:41:19.000Z</time>
      </trkpt>
      <trkpt lat="40.784016" lon="-73.965685">
        <ele>37.6</ele>
        <time>2026-06-17T22:41:20.000Z</time>
      </trkpt>
      <trkpt lat="40.784012" lon="-73.965673">
        <ele>37.4</ele>
        <time>2026-06-17T22:41:21.000Z</time>
      </trkpt>
      <trkpt lat="40.784009" lon="-73.965661">
        <ele>37.4</ele>
        <time>2026-06-17T22:41:22.000Z</time>
      </trkpt>
      <trkpt lat="40.784006" lon="-73.965649">
        <ele>37.4</ele>
        <time>2026-06-17T22:41:23.000Z</time>
      </trkpt>
      <trkpt lat="40.784004" lon="-73.965637">
        <ele>37.4</ele>
        <time>2026-06-17T22:41:24.000Z</time>
      </trkpt>
      <trkpt lat="40.784001" lon="-73.965624">
        <ele>37.4</ele>
        <time>2026-06-17T22:41:25.000Z</time>
      </trkpt>
      <trkpt lat="40.783999" lon="-73.965611">
        <ele>37.4</ele>
        <time>2026-06-17T22:41:26.000Z</time>
      </trkpt>
      <trkpt lat="40.783997" lon="-73.965598">
        <ele>37.2</ele>
        <time>2026-06-17T22:41:27.000Z</time>
      </trkpt>
      <trkpt lat="40.783995" lon="-73.965585">
        <ele>37.2</ele>
        <time>2026-06-17T22:41:28.000Z</time>
      </trkpt>
      <trkpt lat="40.783993" lon="-73.965572">
        <ele>37.2</ele>
        <time>2026-06-17T22:41:29.000Z</time>
      </trkpt>
      <trkpt lat="40.783992" lon="-73.965561">
        <ele>37.2</ele>
        <time>2026-06-17T22:41:30.000Z</time>
      </trkpt>
      <trkpt lat="40.783992" lon="-73.965549">
        <ele>37.2</ele>
        <time>2026-06-17T22:41:31.000Z</time>
      </trkpt>
      <trkpt lat="40.783992" lon="-73.965537">
        <ele>37.2</ele>
        <time>2026-06-17T22:41:32.000Z</time>
      </trkpt>
      <trkpt lat="40.783995" lon="-73.965523">
        <ele>37.2</ele>
        <time>2026-06-17T22:41:33.000Z</time>
      </trkpt>
      <trkpt lat="40.783998" lon="-73.96551">
        <ele>37.2</ele>
        <time>2026-06-17T22:41:34.000Z</time>
      </trkpt>
      <trkpt lat="40.784003" lon="-73.965498">
        <ele>37.2</ele>
        <time>2026-06-17T22:41:35.000Z</time>
      </trkpt>
      <trkpt lat="40.784007" lon="-73.965485">
        <ele>37.2</ele>
        <time>2026-06-17T22:41:36.000Z</time>
      </trkpt>
      <trkpt lat="40.784012" lon="-73.965473">
        <ele>37.2</ele>
        <time>2026-06-17T22:41:37.000Z</time>
      </trkpt>
      <trkpt lat="40.784015" lon="-73.96546">
        <ele>37.2</ele>
        <time>2026-06-17T22:41:38.000Z</time>
      </trkpt>
      <trkpt lat="40.784016" lon="-73.965447">
        <ele>37.2</ele>
        <time>2026-06-17T22:41:39.000Z</time>
      </trkpt>
      <trkpt lat="40.784015" lon="-73.965434">
        <ele>37.2</ele>
        <time>2026-06-17T22:41:40.000Z</time>
      </trkpt>
      <trkpt lat="40.784012" lon="-73.965421">
        <ele>37.2</ele>
        <time>2026-06-17T22:41:41.000Z</time>
      </trkpt>
      <trkpt lat="40.784007" lon="-73.965409">
        <ele>37.2</ele>
        <time>2026-06-17T22:41:42.000Z</time>
      </trkpt>
      <trkpt lat="40.784003" lon="-73.965397">
        <ele>37.2</ele>
        <time>2026-06-17T22:41:43.000Z</time>
      </trkpt>
      <trkpt lat="40.783997" lon="-73.965385">
        <ele>37.2</ele>
        <time>2026-06-17T22:41:44.000Z</time>
      </trkpt>
      <trkpt lat="40.783992" lon="-73.965373">
        <ele>37.2</ele>
        <time>2026-06-17T22:41:45.000Z</time>
      </trkpt>
      <trkpt lat="40.783986" lon="-73.965359">
        <ele>37.2</ele>
        <time>2026-06-17T22:41:46.000Z</time>
      </trkpt>
      <trkpt lat="40.783981" lon="-73.965345">
        <ele>37.2</ele>
        <time>2026-06-17T22:41:47.000Z</time>
      </trkpt>
      <trkpt lat="40.783977" lon="-73.965332">
        <ele>37.2</ele>
        <time>2026-06-17T22:41:48.000Z</time>
      </trkpt>
      <trkpt lat="40.783973" lon="-73.965319">
        <ele>37.4</ele>
        <time>2026-06-17T22:41:49.000Z</time>
      </trkpt>
      <trkpt lat="40.783969" lon="-73.965306">
        <ele>37.4</ele>
        <time>2026-06-17T22:41:50.000Z</time>
      </trkpt>
      <trkpt lat="40.783965" lon="-73.965294">
        <ele>37.4</ele>
        <time>2026-06-17T22:41:51.000Z</time>
      </trkpt>
      <trkpt lat="40.783961" lon="-73.965281">
        <ele>37.4</ele>
        <time>2026-06-17T22:41:52.000Z</time>
      </trkpt>
      <trkpt lat="40.783957" lon="-73.965269">
        <ele>37.4</ele>
        <time>2026-06-17T22:41:53.000Z</time>
      </trkpt>
      <trkpt lat="40.783953" lon="-73.965257">
        <ele>37.6</ele>
        <time>2026-06-17T22:41:54.000Z</time>
      </trkpt>
      <trkpt lat="40.783948" lon="-73.965245">
        <ele>37.6</ele>
        <time>2026-06-17T22:41:55.000Z</time>
      </trkpt>
      <trkpt lat="40.783944" lon="-73.965233">
        <ele>37.6</ele>
        <time>2026-06-17T22:41:56.000Z</time>
      </trkpt>
      <trkpt lat="40.78394" lon="-73.965221">
        <ele>37.6</ele>
        <time>2026-06-17T22:41:57.000Z</time>
      </trkpt>
      <trkpt lat="40.783936" lon="-73.965209">
        <ele>37.6</ele>
        <time>2026-06-17T22:41:58.000Z</time>
      </trkpt>
      <trkpt lat="40.783933" lon="-73.965195">
        <ele>37.6</ele>
        <time>2026-06-17T22:41:59.000Z</time>
      </trkpt>
      <trkpt lat="40.78393" lon="-73.965182">
        <ele>37.8</ele>
        <time>2026-06-17T22:42:00.000Z</time>
      </trkpt>
      <trkpt lat="40.783927" lon="-73.965169">
        <ele>37.8</ele>
        <time>2026-06-17T22:42:01.000Z</time>
      </trkpt>
      <trkpt lat="40.783924" lon="-73.965156">
        <ele>37.8</ele>
        <time>2026-06-17T22:42:02.000Z</time>
      </trkpt>
      <trkpt lat="40.783922" lon="-73.965143">
        <ele>37.8</ele>
        <time>2026-06-17T22:42:03.000Z</time>
      </trkpt>
      <trkpt lat="40.783919" lon="-73.96513">
        <ele>37.8</ele>
        <time>2026-06-17T22:42:04.000Z</time>
      </trkpt>
      <trkpt lat="40.783916" lon="-73.965118">
        <ele>37.8</ele>
        <time>2026-06-17T22:42:05.000Z</time>
      </trkpt>
      <trkpt lat="40.783914" lon="-73.965106">
        <ele>37.8</ele>
        <time>2026-06-17T22:42:06.000Z</time>
      </trkpt>
      <trkpt lat="40.783911" lon="-73.965093">
        <ele>37.8</ele>
        <time>2026-06-17T22:42:07.000Z</time>
      </trkpt>
      <trkpt lat="40.783908" lon="-73.965081">
        <ele>37.8</ele>
        <time>2026-06-17T22:42:08.000Z</time>
      </trkpt>
      <trkpt lat="40.783905" lon="-73.965068">
        <ele>38</ele>
        <time>2026-06-17T22:42:09.000Z</time>
      </trkpt>
      <trkpt lat="40.783902" lon="-73.965056">
        <ele>38</ele>
        <time>2026-06-17T22:42:10.000Z</time>
      </trkpt>
      <trkpt lat="40.783898" lon="-73.965044">
        <ele>38</ele>
        <time>2026-06-17T22:42:11.000Z</time>
      </trkpt>
      <trkpt lat="40.783894" lon="-73.965032">
        <ele>38</ele>
        <time>2026-06-17T22:42:12.000Z</time>
      </trkpt>
      <trkpt lat="40.783889" lon="-73.96502">
        <ele>38</ele>
        <time>2026-06-17T22:42:13.000Z</time>
      </trkpt>
      <trkpt lat="40.783884" lon="-73.965008">
        <ele>38</ele>
        <time>2026-06-17T22:42:14.000Z</time>
      </trkpt>
      <trkpt lat="40.78388" lon="-73.964996">
        <ele>38.2</ele>
        <time>2026-06-17T22:42:15.000Z</time>
      </trkpt>
      <trkpt lat="40.783876" lon="-73.964984">
        <ele>38.2</ele>
        <time>2026-06-17T22:42:16.000Z</time>
      </trkpt>
      <trkpt lat="40.783872" lon="-73.964972">
        <ele>38.2</ele>
        <time>2026-06-17T22:42:17.000Z</time>
      </trkpt>
      <trkpt lat="40.783868" lon="-73.96496">
        <ele>38.2</ele>
        <time>2026-06-17T22:42:18.000Z</time>
      </trkpt>
      <trkpt lat="40.783865" lon="-73.964947">
        <ele>38.2</ele>
        <time>2026-06-17T22:42:19.000Z</time>
      </trkpt>
      <trkpt lat="40.783863" lon="-73.964935">
        <ele>38.2</ele>
        <time>2026-06-17T22:42:20.000Z</time>
      </trkpt>
      <trkpt lat="40.78386" lon="-73.964922">
        <ele>38.2</ele>
        <time>2026-06-17T22:42:21.000Z</time>
      </trkpt>
      <trkpt lat="40.783858" lon="-73.964909">
        <ele>38.2</ele>
        <time>2026-06-17T22:42:22.000Z</time>
      </trkpt>
      <trkpt lat="40.783854" lon="-73.964897">
        <ele>38.2</ele>
        <time>2026-06-17T22:42:23.000Z</time>
      </trkpt>
      <trkpt lat="40.78385" lon="-73.964885">
        <ele>38.2</ele>
        <time>2026-06-17T22:42:24.000Z</time>
      </trkpt>
      <trkpt lat="40.783845" lon="-73.964874">
        <ele>38.4</ele>
        <time>2026-06-17T22:42:25.000Z</time>
      </trkpt>
      <trkpt lat="40.783841" lon="-73.964863">
        <ele>38.4</ele>
        <time>2026-06-17T22:42:26.000Z</time>
      </trkpt>
      <trkpt lat="40.783837" lon="-73.964852">
        <ele>38.4</ele>
        <time>2026-06-17T22:42:27.000Z</time>
      </trkpt>
      <trkpt lat="40.783833" lon="-73.96484">
        <ele>38.4</ele>
        <time>2026-06-17T22:42:28.000Z</time>
      </trkpt>
      <trkpt lat="40.783829" lon="-73.964829">
        <ele>38.4</ele>
        <time>2026-06-17T22:42:29.000Z</time>
      </trkpt>
      <trkpt lat="40.783826" lon="-73.964818">
        <ele>38.4</ele>
        <time>2026-06-17T22:42:30.000Z</time>
      </trkpt>
      <trkpt lat="40.783823" lon="-73.964806">
        <ele>38.4</ele>
        <time>2026-06-17T22:42:31.000Z</time>
      </trkpt>
      <trkpt lat="40.783821" lon="-73.964794">
        <ele>38.4</ele>
        <time>2026-06-17T22:42:32.000Z</time>
      </trkpt>
      <trkpt lat="40.783819" lon="-73.964781">
        <ele>38.6</ele>
        <time>2026-06-17T22:42:33.000Z</time>
      </trkpt>
      <trkpt lat="40.783817" lon="-73.964767">
        <ele>38.6</ele>
        <time>2026-06-17T22:42:34.000Z</time>
      </trkpt>
      <trkpt lat="40.783816" lon="-73.964754">
        <ele>38.6</ele>
        <time>2026-06-17T22:42:35.000Z</time>
      </trkpt>
      <trkpt lat="40.783814" lon="-73.96474">
        <ele>38.6</ele>
        <time>2026-06-17T22:42:36.000Z</time>
      </trkpt>
      <trkpt lat="40.783812" lon="-73.964727">
        <ele>38.6</ele>
        <time>2026-06-17T22:42:37.000Z</time>
      </trkpt>
      <trkpt lat="40.78381" lon="-73.964715">
        <ele>38.6</ele>
        <time>2026-06-17T22:42:38.000Z</time>
      </trkpt>
      <trkpt lat="40.783806" lon="-73.964702">
        <ele>38.6</ele>
        <time>2026-06-17T22:42:39.000Z</time>
      </trkpt>
      <trkpt lat="40.783803" lon="-73.964689">
        <ele>38.4</ele>
        <time>2026-06-17T22:42:40.000Z</time>
      </trkpt>
      <trkpt lat="40.7838" lon="-73.964677">
        <ele>38.4</ele>
        <time>2026-06-17T22:42:41.000Z</time>
      </trkpt>
      <trkpt lat="40.783797" lon="-73.964665">
        <ele>38.4</ele>
        <time>2026-06-17T22:42:42.000Z</time>
      </trkpt>
      <trkpt lat="40.783794" lon="-73.964652">
        <ele>38.4</ele>
        <time>2026-06-17T22:42:43.000Z</time>
      </trkpt>
      <trkpt lat="40.783792" lon="-73.96464">
        <ele>38.4</ele>
        <time>2026-06-17T22:42:44.000Z</time>
      </trkpt>
      <trkpt lat="40.78379" lon="-73.964627">
        <ele>38.4</ele>
        <time>2026-06-17T22:42:45.000Z</time>
      </trkpt>
      <trkpt lat="40.783788" lon="-73.964614">
        <ele>38.4</ele>
        <time>2026-06-17T22:42:46.000Z</time>
      </trkpt>
      <trkpt lat="40.783785" lon="-73.964602">
        <ele>38.2</ele>
        <time>2026-06-17T22:42:47.000Z</time>
      </trkpt>
      <trkpt lat="40.783782" lon="-73.96459">
        <ele>38.2</ele>
        <time>2026-06-17T22:42:48.000Z</time>
      </trkpt>
      <trkpt lat="40.783778" lon="-73.964579">
        <ele>38.2</ele>
        <time>2026-06-17T22:42:49.000Z</time>
      </trkpt>
      <trkpt lat="40.783775" lon="-73.964568">
        <ele>38.2</ele>
        <time>2026-06-17T22:42:50.000Z</time>
      </trkpt>
      <trkpt lat="40.783772" lon="-73.964556">
        <ele>38.2</ele>
        <time>2026-06-17T22:42:51.000Z</time>
      </trkpt>
      <trkpt lat="40.783768" lon="-73.964545">
        <ele>38.2</ele>
        <time>2026-06-17T22:42:52.000Z</time>
      </trkpt>
      <trkpt lat="40.783765" lon="-73.964533">
        <ele>38.2</ele>
        <time>2026-06-17T22:42:53.000Z</time>
      </trkpt>
      <trkpt lat="40.783761" lon="-73.964521">
        <ele>38.2</ele>
        <time>2026-06-17T22:42:54.000Z</time>
      </trkpt>
      <trkpt lat="40.783758" lon="-73.96451">
        <ele>38.2</ele>
        <time>2026-06-17T22:42:55.000Z</time>
      </trkpt>
      <trkpt lat="40.783755" lon="-73.964498">
        <ele>38.2</ele>
        <time>2026-06-17T22:42:56.000Z</time>
      </trkpt>
      <trkpt lat="40.783754" lon="-73.964487">
        <ele>38.2</ele>
        <time>2026-06-17T22:42:57.000Z</time>
      </trkpt>
      <trkpt lat="40.783753" lon="-73.964475">
        <ele>38.2</ele>
        <time>2026-06-17T22:42:58.000Z</time>
      </trkpt>
      <trkpt lat="40.783752" lon="-73.964464">
        <ele>38.2</ele>
        <time>2026-06-17T22:42:59.000Z</time>
      </trkpt>
      <trkpt lat="40.783754" lon="-73.964452">
        <ele>38.2</ele>
        <time>2026-06-17T22:43:00.000Z</time>
      </trkpt>
      <trkpt lat="40.783755" lon="-73.96444">
        <ele>38</ele>
        <time>2026-06-17T22:43:01.000Z</time>
      </trkpt>
      <trkpt lat="40.783756" lon="-73.964428">
        <ele>38</ele>
        <time>2026-06-17T22:43:02.000Z</time>
      </trkpt>
      <trkpt lat="40.783754" lon="-73.964415">
        <ele>38</ele>
        <time>2026-06-17T22:43:03.000Z</time>
      </trkpt>
      <trkpt lat="40.783751" lon="-73.964402">
        <ele>38</ele>
        <time>2026-06-17T22:43:04.000Z</time>
      </trkpt>
      <trkpt lat="40.783747" lon="-73.96439">
        <ele>38</ele>
        <time>2026-06-17T22:43:05.000Z</time>
      </trkpt>
      <trkpt lat="40.783743" lon="-73.964379">
        <ele>38</ele>
        <time>2026-06-17T22:43:06.000Z</time>
      </trkpt>
      <trkpt lat="40.783739" lon="-73.964368">
        <ele>37.8</ele>
        <time>2026-06-17T22:43:07.000Z</time>
      </trkpt>
      <trkpt lat="40.783736" lon="-73.964357">
        <ele>37.8</ele>
        <time>2026-06-17T22:43:08.000Z</time>
      </trkpt>
      <trkpt lat="40.783732" lon="-73.964346">
        <ele>37.8</ele>
        <time>2026-06-17T22:43:09.000Z</time>
      </trkpt>
      <trkpt lat="40.783729" lon="-73.964334">
        <ele>37.8</ele>
        <time>2026-06-17T22:43:10.000Z</time>
      </trkpt>
      <trkpt lat="40.783724" lon="-73.964321">
        <ele>37.8</ele>
        <time>2026-06-17T22:43:11.000Z</time>
      </trkpt>
      <trkpt lat="40.78372" lon="-73.964309">
        <ele>37.6</ele>
        <time>2026-06-17T22:43:12.000Z</time>
      </trkpt>
      <trkpt lat="40.783715" lon="-73.964297">
        <ele>37.6</ele>
        <time>2026-06-17T22:43:13.000Z</time>
      </trkpt>
      <trkpt lat="40.78371" lon="-73.964285">
        <ele>37.6</ele>
        <time>2026-06-17T22:43:14.000Z</time>
      </trkpt>
      <trkpt lat="40.783705" lon="-73.964275">
        <ele>37.6</ele>
        <time>2026-06-17T22:43:15.000Z</time>
      </trkpt>
      <trkpt lat="40.7837" lon="-73.964264">
        <ele>37.6</ele>
        <time>2026-06-17T22:43:16.000Z</time>
      </trkpt>
      <trkpt lat="40.783694" lon="-73.964253">
        <ele>37.4</ele>
        <time>2026-06-17T22:43:17.000Z</time>
      </trkpt>
      <trkpt lat="40.783689" lon="-73.964242">
        <ele>37.4</ele>
        <time>2026-06-17T22:43:18.000Z</time>
      </trkpt>
      <trkpt lat="40.783684" lon="-73.964231">
        <ele>37.4</ele>
        <time>2026-06-17T22:43:19.000Z</time>
      </trkpt>
      <trkpt lat="40.783679" lon="-73.964219">
        <ele>37.4</ele>
        <time>2026-06-17T22:43:20.000Z</time>
      </trkpt>
      <trkpt lat="40.783674" lon="-73.964208">
        <ele>37.4</ele>
        <time>2026-06-17T22:43:21.000Z</time>
      </trkpt>
      <trkpt lat="40.78367" lon="-73.964196">
        <ele>37.4</ele>
        <time>2026-06-17T22:43:22.000Z</time>
      </trkpt>
      <trkpt lat="40.783664" lon="-73.964184">
        <ele>37.4</ele>
        <time>2026-06-17T22:43:23.000Z</time>
      </trkpt>
      <trkpt lat="40.783659" lon="-73.964173">
        <ele>37.4</ele>
        <time>2026-06-17T22:43:24.000Z</time>
      </trkpt>
      <trkpt lat="40.783654" lon="-73.964162">
        <ele>37.4</ele>
        <time>2026-06-17T22:43:25.000Z</time>
      </trkpt>
      <trkpt lat="40.783649" lon="-73.964151">
        <ele>37.4</ele>
        <time>2026-06-17T22:43:26.000Z</time>
      </trkpt>
      <trkpt lat="40.783645" lon="-73.964139">
        <ele>37.4</ele>
        <time>2026-06-17T22:43:27.000Z</time>
      </trkpt>
      <trkpt lat="40.78364" lon="-73.964127">
        <ele>37.4</ele>
        <time>2026-06-17T22:43:28.000Z</time>
      </trkpt>
      <trkpt lat="40.783636" lon="-73.964115">
        <ele>37.4</ele>
        <time>2026-06-17T22:43:29.000Z</time>
      </trkpt>
      <trkpt lat="40.783631" lon="-73.964103">
        <ele>37.4</ele>
        <time>2026-06-17T22:43:30.000Z</time>
      </trkpt>
      <trkpt lat="40.783626" lon="-73.964091">
        <ele>37.4</ele>
        <time>2026-06-17T22:43:31.000Z</time>
      </trkpt>
      <trkpt lat="40.783621" lon="-73.96408">
        <ele>37.4</ele>
        <time>2026-06-17T22:43:32.000Z</time>
      </trkpt>
      <trkpt lat="40.783615" lon="-73.964069">
        <ele>37.4</ele>
        <time>2026-06-17T22:43:33.000Z</time>
      </trkpt>
      <trkpt lat="40.783609" lon="-73.964058">
        <ele>37.4</ele>
        <time>2026-06-17T22:43:34.000Z</time>
      </trkpt>
      <trkpt lat="40.783603" lon="-73.964047">
        <ele>37.4</ele>
        <time>2026-06-17T22:43:35.000Z</time>
      </trkpt>
      <trkpt lat="40.783596" lon="-73.964036">
        <ele>37.4</ele>
        <time>2026-06-17T22:43:36.000Z</time>
      </trkpt>
      <trkpt lat="40.78359" lon="-73.964024">
        <ele>37.4</ele>
        <time>2026-06-17T22:43:37.000Z</time>
      </trkpt>
      <trkpt lat="40.783584" lon="-73.964013">
        <ele>37.4</ele>
        <time>2026-06-17T22:43:38.000Z</time>
      </trkpt>
      <trkpt lat="40.783577" lon="-73.964003">
        <ele>37.4</ele>
        <time>2026-06-17T22:43:39.000Z</time>
      </trkpt>
      <trkpt lat="40.783572" lon="-73.963992">
        <ele>37.4</ele>
        <time>2026-06-17T22:43:40.000Z</time>
      </trkpt>
      <trkpt lat="40.783566" lon="-73.963983">
        <ele>37.4</ele>
        <time>2026-06-17T22:43:41.000Z</time>
      </trkpt>
      <trkpt lat="40.783561" lon="-73.963973">
        <ele>37.4</ele>
        <time>2026-06-17T22:43:42.000Z</time>
      </trkpt>
      <trkpt lat="40.783556" lon="-73.963963">
        <ele>37.4</ele>
        <time>2026-06-17T22:43:43.000Z</time>
      </trkpt>
      <trkpt lat="40.783551" lon="-73.963953">
        <ele>37.2</ele>
        <time>2026-06-17T22:43:44.000Z</time>
      </trkpt>
      <trkpt lat="40.783545" lon="-73.963943">
        <ele>37.2</ele>
        <time>2026-06-17T22:43:45.000Z</time>
      </trkpt>
      <trkpt lat="40.78354" lon="-73.963933">
        <ele>37.2</ele>
        <time>2026-06-17T22:43:46.000Z</time>
      </trkpt>
      <trkpt lat="40.783535" lon="-73.963922">
        <ele>37.2</ele>
        <time>2026-06-17T22:43:47.000Z</time>
      </trkpt>
      <trkpt lat="40.78353" lon="-73.963912">
        <ele>37.2</ele>
        <time>2026-06-17T22:43:48.000Z</time>
      </trkpt>
      <trkpt lat="40.783524" lon="-73.963902">
        <ele>37.2</ele>
        <time>2026-06-17T22:43:49.000Z</time>
      </trkpt>
      <trkpt lat="40.783519" lon="-73.963893">
        <ele>37</ele>
        <time>2026-06-17T22:43:50.000Z</time>
      </trkpt>
      <trkpt lat="40.783513" lon="-73.963883">
        <ele>37</ele>
        <time>2026-06-17T22:43:51.000Z</time>
      </trkpt>
      <trkpt lat="40.783507" lon="-73.963874">
        <ele>37</ele>
        <time>2026-06-17T22:43:52.000Z</time>
      </trkpt>
      <trkpt lat="40.783502" lon="-73.963864">
        <ele>37</ele>
        <time>2026-06-17T22:43:53.000Z</time>
      </trkpt>
      <trkpt lat="40.783496" lon="-73.963855">
        <ele>37</ele>
        <time>2026-06-17T22:43:54.000Z</time>
      </trkpt>
      <trkpt lat="40.78349" lon="-73.963846">
        <ele>37</ele>
        <time>2026-06-17T22:43:55.000Z</time>
      </trkpt>
      <trkpt lat="40.783484" lon="-73.963837">
        <ele>37</ele>
        <time>2026-06-17T22:43:56.000Z</time>
      </trkpt>
      <trkpt lat="40.783478" lon="-73.963827">
        <ele>37</ele>
        <time>2026-06-17T22:43:57.000Z</time>
      </trkpt>
      <trkpt lat="40.783472" lon="-73.963817">
        <ele>37</ele>
        <time>2026-06-17T22:43:58.000Z</time>
      </trkpt>
      <trkpt lat="40.783466" lon="-73.963807">
        <ele>37</ele>
        <time>2026-06-17T22:43:59.000Z</time>
      </trkpt>
      <trkpt lat="40.78346" lon="-73.963797">
        <ele>37</ele>
        <time>2026-06-17T22:44:00.000Z</time>
      </trkpt>
      <trkpt lat="40.783455" lon="-73.963788">
        <ele>37</ele>
        <time>2026-06-17T22:44:01.000Z</time>
      </trkpt>
      <trkpt lat="40.783449" lon="-73.963779">
        <ele>37</ele>
        <time>2026-06-17T22:44:02.000Z</time>
      </trkpt>
      <trkpt lat="40.783442" lon="-73.96377">
        <ele>36.8</ele>
        <time>2026-06-17T22:44:03.000Z</time>
      </trkpt>
      <trkpt lat="40.783436" lon="-73.963761">
        <ele>36.8</ele>
        <time>2026-06-17T22:44:04.000Z</time>
      </trkpt>
      <trkpt lat="40.78343" lon="-73.963753">
        <ele>36.8</ele>
        <time>2026-06-17T22:44:05.000Z</time>
      </trkpt>
      <trkpt lat="40.783423" lon="-73.963745">
        <ele>36.8</ele>
        <time>2026-06-17T22:44:06.000Z</time>
      </trkpt>
      <trkpt lat="40.783415" lon="-73.963736">
        <ele>36.8</ele>
        <time>2026-06-17T22:44:07.000Z</time>
      </trkpt>
      <trkpt lat="40.783407" lon="-73.963728">
        <ele>36.8</ele>
        <time>2026-06-17T22:44:08.000Z</time>
      </trkpt>
      <trkpt lat="40.783399" lon="-73.963719">
        <ele>36.8</ele>
        <time>2026-06-17T22:44:09.000Z</time>
      </trkpt>
      <trkpt lat="40.783391" lon="-73.963711">
        <ele>36.8</ele>
        <time>2026-06-17T22:44:10.000Z</time>
      </trkpt>
      <trkpt lat="40.783383" lon="-73.963703">
        <ele>36.8</ele>
        <time>2026-06-17T22:44:11.000Z</time>
      </trkpt>
      <trkpt lat="40.783375" lon="-73.963696">
        <ele>36.8</ele>
        <time>2026-06-17T22:44:12.000Z</time>
      </trkpt>
      <trkpt lat="40.783367" lon="-73.963689">
        <ele>36.8</ele>
        <time>2026-06-17T22:44:13.000Z</time>
      </trkpt>
      <trkpt lat="40.783358" lon="-73.963682">
        <ele>36.8</ele>
        <time>2026-06-17T22:44:14.000Z</time>
      </trkpt>
      <trkpt lat="40.783349" lon="-73.963674">
        <ele>36.8</ele>
        <time>2026-06-17T22:44:15.000Z</time>
      </trkpt>
      <trkpt lat="40.783341" lon="-73.963668">
        <ele>36.8</ele>
        <time>2026-06-17T22:44:16.000Z</time>
      </trkpt>
      <trkpt lat="40.783332" lon="-73.963663">
        <ele>36.8</ele>
        <time>2026-06-17T22:44:17.000Z</time>
      </trkpt>
      <trkpt lat="40.783324" lon="-73.963657">
        <ele>36.8</ele>
        <time>2026-06-17T22:44:18.000Z</time>
      </trkpt>
      <trkpt lat="40.783315" lon="-73.963652">
        <ele>36.8</ele>
        <time>2026-06-17T22:44:19.000Z</time>
      </trkpt>
      <trkpt lat="40.783306" lon="-73.963646">
        <ele>36.8</ele>
        <time>2026-06-17T22:44:20.000Z</time>
      </trkpt>
      <trkpt lat="40.783297" lon="-73.963639">
        <ele>36.8</ele>
        <time>2026-06-17T22:44:21.000Z</time>
      </trkpt>
      <trkpt lat="40.783288" lon="-73.963632">
        <ele>36.6</ele>
        <time>2026-06-17T22:44:22.000Z</time>
      </trkpt>
      <trkpt lat="40.783279" lon="-73.963625">
        <ele>36.6</ele>
        <time>2026-06-17T22:44:23.000Z</time>
      </trkpt>
      <trkpt lat="40.78327" lon="-73.963619">
        <ele>36.6</ele>
        <time>2026-06-17T22:44:24.000Z</time>
      </trkpt>
      <trkpt lat="40.78326" lon="-73.963613">
        <ele>36.6</ele>
        <time>2026-06-17T22:44:25.000Z</time>
      </trkpt>
      <trkpt lat="40.783251" lon="-73.963607">
        <ele>36.8</ele>
        <time>2026-06-17T22:44:26.000Z</time>
      </trkpt>
      <trkpt lat="40.783241" lon="-73.963602">
        <ele>36.8</ele>
        <time>2026-06-17T22:44:27.000Z</time>
      </trkpt>
      <trkpt lat="40.783232" lon="-73.963597">
        <ele>36.8</ele>
        <time>2026-06-17T22:44:28.000Z</time>
      </trkpt>
      <trkpt lat="40.783223" lon="-73.963594">
        <ele>36.8</ele>
        <time>2026-06-17T22:44:29.000Z</time>
      </trkpt>
      <trkpt lat="40.783215" lon="-73.96359">
        <ele>36.8</ele>
        <time>2026-06-17T22:44:30.000Z</time>
      </trkpt>
      <trkpt lat="40.783205" lon="-73.963587">
        <ele>36.8</ele>
        <time>2026-06-17T22:44:31.000Z</time>
      </trkpt>
      <trkpt lat="40.783196" lon="-73.963584">
        <ele>36.8</ele>
        <time>2026-06-17T22:44:32.000Z</time>
      </trkpt>
      <trkpt lat="40.783188" lon="-73.96358">
        <ele>36.8</ele>
        <time>2026-06-17T22:44:33.000Z</time>
      </trkpt>
      <trkpt lat="40.78318" lon="-73.963576">
        <ele>36.8</ele>
        <time>2026-06-17T22:44:34.000Z</time>
      </trkpt>
      <trkpt lat="40.783172" lon="-73.963572">
        <ele>36.8</ele>
        <time>2026-06-17T22:44:35.000Z</time>
      </trkpt>
      <trkpt lat="40.783165" lon="-73.963569">
        <ele>36.8</ele>
        <time>2026-06-17T22:44:36.000Z</time>
      </trkpt>
      <trkpt lat="40.783158" lon="-73.963565">
        <ele>36.8</ele>
        <time>2026-06-17T22:44:37.000Z</time>
      </trkpt>
      <trkpt lat="40.783151" lon="-73.963562">
        <ele>36.8</ele>
        <time>2026-06-17T22:44:38.000Z</time>
      </trkpt>
      <trkpt lat="40.783143" lon="-73.963558">
        <ele>36.8</ele>
        <time>2026-06-17T22:44:39.000Z</time>
      </trkpt>
      <trkpt lat="40.783134" lon="-73.963552">
        <ele>36.6</ele>
        <time>2026-06-17T22:44:40.000Z</time>
      </trkpt>
      <trkpt lat="40.783124" lon="-73.963547">
        <ele>36.6</ele>
        <time>2026-06-17T22:44:41.000Z</time>
      </trkpt>
      <trkpt lat="40.783113" lon="-73.963541">
        <ele>36.6</ele>
        <time>2026-06-17T22:44:42.000Z</time>
      </trkpt>
      <trkpt lat="40.783102" lon="-73.963535">
        <ele>36.6</ele>
        <time>2026-06-17T22:44:43.000Z</time>
      </trkpt>
      <trkpt lat="40.783093" lon="-73.963531">
        <ele>36.6</ele>
        <time>2026-06-17T22:44:44.000Z</time>
      </trkpt>
      <trkpt lat="40.783083" lon="-73.963527">
        <ele>36.6</ele>
        <time>2026-06-17T22:44:45.000Z</time>
      </trkpt>
      <trkpt lat="40.783074" lon="-73.963522">
        <ele>36.6</ele>
        <time>2026-06-17T22:44:46.000Z</time>
      </trkpt>
      <trkpt lat="40.783064" lon="-73.963517">
        <ele>36.6</ele>
        <time>2026-06-17T22:44:47.000Z</time>
      </trkpt>
      <trkpt lat="40.783054" lon="-73.963513">
        <ele>36.6</ele>
        <time>2026-06-17T22:44:48.000Z</time>
      </trkpt>
      <trkpt lat="40.783044" lon="-73.963508">
        <ele>36.6</ele>
        <time>2026-06-17T22:44:49.000Z</time>
      </trkpt>
      <trkpt lat="40.783034" lon="-73.963503">
        <ele>36.6</ele>
        <time>2026-06-17T22:44:50.000Z</time>
      </trkpt>
      <trkpt lat="40.783023" lon="-73.963499">
        <ele>36.6</ele>
        <time>2026-06-17T22:44:51.000Z</time>
      </trkpt>
      <trkpt lat="40.783013" lon="-73.963495">
        <ele>36.6</ele>
        <time>2026-06-17T22:44:52.000Z</time>
      </trkpt>
      <trkpt lat="40.783004" lon="-73.963491">
        <ele>36.6</ele>
        <time>2026-06-17T22:44:53.000Z</time>
      </trkpt>
      <trkpt lat="40.782995" lon="-73.963487">
        <ele>36.6</ele>
        <time>2026-06-17T22:44:54.000Z</time>
      </trkpt>
      <trkpt lat="40.782987" lon="-73.963483">
        <ele>36.6</ele>
        <time>2026-06-17T22:44:55.000Z</time>
      </trkpt>
      <trkpt lat="40.782979" lon="-73.96348">
        <ele>36.4</ele>
        <time>2026-06-17T22:44:56.000Z</time>
      </trkpt>
      <trkpt lat="40.782971" lon="-73.963476">
        <ele>36.4</ele>
        <time>2026-06-17T22:44:57.000Z</time>
      </trkpt>
      <trkpt lat="40.782963" lon="-73.963473">
        <ele>36.4</ele>
        <time>2026-06-17T22:44:58.000Z</time>
      </trkpt>
      <trkpt lat="40.782955" lon="-73.963468">
        <ele>36.4</ele>
        <time>2026-06-17T22:44:59.000Z</time>
      </trkpt>
      <trkpt lat="40.782946" lon="-73.963464">
        <ele>36.4</ele>
        <time>2026-06-17T22:45:00.000Z</time>
      </trkpt>
      <trkpt lat="40.782939" lon="-73.963459">
        <ele>36.4</ele>
        <time>2026-06-17T22:45:01.000Z</time>
      </trkpt>
      <trkpt lat="40.782931" lon="-73.963454">
        <ele>36.4</ele>
        <time>2026-06-17T22:45:02.000Z</time>
      </trkpt>
      <trkpt lat="40.782922" lon="-73.963449">
        <ele>36.4</ele>
        <time>2026-06-17T22:45:03.000Z</time>
      </trkpt>
      <trkpt lat="40.782913" lon="-73.963445">
        <ele>36.4</ele>
        <time>2026-06-17T22:45:04.000Z</time>
      </trkpt>
      <trkpt lat="40.782903" lon="-73.963441">
        <ele>36.4</ele>
        <time>2026-06-17T22:45:05.000Z</time>
      </trkpt>
      <trkpt lat="40.782893" lon="-73.963437">
        <ele>36.4</ele>
        <time>2026-06-17T22:45:06.000Z</time>
      </trkpt>
      <trkpt lat="40.782883" lon="-73.963434">
        <ele>36.4</ele>
        <time>2026-06-17T22:45:07.000Z</time>
      </trkpt>
      <trkpt lat="40.782874" lon="-73.963431">
        <ele>36.2</ele>
        <time>2026-06-17T22:45:08.000Z</time>
      </trkpt>
      <trkpt lat="40.782865" lon="-73.963428">
        <ele>36.2</ele>
        <time>2026-06-17T22:45:09.000Z</time>
      </trkpt>
      <trkpt lat="40.782856" lon="-73.963426">
        <ele>36.2</ele>
        <time>2026-06-17T22:45:10.000Z</time>
      </trkpt>
      <trkpt lat="40.782848" lon="-73.963423">
        <ele>36.2</ele>
        <time>2026-06-17T22:45:11.000Z</time>
      </trkpt>
      <trkpt lat="40.782839" lon="-73.963422">
        <ele>36.2</ele>
        <time>2026-06-17T22:45:12.000Z</time>
      </trkpt>
      <trkpt lat="40.78283" lon="-73.963421">
        <ele>36.2</ele>
        <time>2026-06-17T22:45:13.000Z</time>
      </trkpt>
      <trkpt lat="40.782821" lon="-73.96342">
        <ele>36.2</ele>
        <time>2026-06-17T22:45:14.000Z</time>
      </trkpt>
      <trkpt lat="40.782811" lon="-73.96342">
        <ele>36.2</ele>
        <time>2026-06-17T22:45:15.000Z</time>
      </trkpt>
      <trkpt lat="40.782801" lon="-73.96342">
        <ele>36.2</ele>
        <time>2026-06-17T22:45:16.000Z</time>
      </trkpt>
      <trkpt lat="40.782792" lon="-73.96342">
        <ele>36.2</ele>
        <time>2026-06-17T22:45:17.000Z</time>
      </trkpt>
      <trkpt lat="40.782782" lon="-73.963419">
        <ele>36.2</ele>
        <time>2026-06-17T22:45:18.000Z</time>
      </trkpt>
      <trkpt lat="40.782772" lon="-73.963419">
        <ele>36.2</ele>
        <time>2026-06-17T22:45:19.000Z</time>
      </trkpt>
      <trkpt lat="40.782763" lon="-73.963417">
        <ele>36.2</ele>
        <time>2026-06-17T22:45:20.000Z</time>
      </trkpt>
      <trkpt lat="40.782754" lon="-73.963415">
        <ele>36.2</ele>
        <time>2026-06-17T22:45:21.000Z</time>
      </trkpt>
      <trkpt lat="40.782744" lon="-73.963412">
        <ele>36.2</ele>
        <time>2026-06-17T22:45:22.000Z</time>
      </trkpt>
      <trkpt lat="40.782734" lon="-73.963407">
        <ele>36.2</ele>
        <time>2026-06-17T22:45:23.000Z</time>
      </trkpt>
      <trkpt lat="40.782725" lon="-73.963403">
        <ele>36.2</ele>
        <time>2026-06-17T22:45:24.000Z</time>
      </trkpt>
      <trkpt lat="40.782715" lon="-73.963399">
        <ele>36.2</ele>
        <time>2026-06-17T22:45:25.000Z</time>
      </trkpt>
      <trkpt lat="40.782706" lon="-73.963395">
        <ele>36.2</ele>
        <time>2026-06-17T22:45:26.000Z</time>
      </trkpt>
      <trkpt lat="40.782697" lon="-73.963391">
        <ele>36.2</ele>
        <time>2026-06-17T22:45:27.000Z</time>
      </trkpt>
      <trkpt lat="40.782688" lon="-73.963389">
        <ele>36</ele>
        <time>2026-06-17T22:45:28.000Z</time>
      </trkpt>
      <trkpt lat="40.78268" lon="-73.963387">
        <ele>36</ele>
        <time>2026-06-17T22:45:29.000Z</time>
      </trkpt>
      <trkpt lat="40.782671" lon="-73.963386">
        <ele>36</ele>
        <time>2026-06-17T22:45:30.000Z</time>
      </trkpt>
      <trkpt lat="40.782662" lon="-73.963385">
        <ele>36</ele>
        <time>2026-06-17T22:45:31.000Z</time>
      </trkpt>
      <trkpt lat="40.782653" lon="-73.963384">
        <ele>36</ele>
        <time>2026-06-17T22:45:32.000Z</time>
      </trkpt>
      <trkpt lat="40.782645" lon="-73.963383">
        <ele>36</ele>
        <time>2026-06-17T22:45:33.000Z</time>
      </trkpt>
      <trkpt lat="40.782637" lon="-73.963381">
        <ele>36</ele>
        <time>2026-06-17T22:45:34.000Z</time>
      </trkpt>
      <trkpt lat="40.782629" lon="-73.963379">
        <ele>36</ele>
        <time>2026-06-17T22:45:35.000Z</time>
      </trkpt>
      <trkpt lat="40.782621" lon="-73.963377">
        <ele>36</ele>
        <time>2026-06-17T22:45:36.000Z</time>
      </trkpt>
      <trkpt lat="40.782613" lon="-73.963375">
        <ele>36</ele>
        <time>2026-06-17T22:45:37.000Z</time>
      </trkpt>
      <trkpt lat="40.782606" lon="-73.963373">
        <ele>36</ele>
        <time>2026-06-17T22:45:38.000Z</time>
      </trkpt>
      <trkpt lat="40.782598" lon="-73.96337">
        <ele>36</ele>
        <time>2026-06-17T22:45:39.000Z</time>
      </trkpt>
      <trkpt lat="40.78259" lon="-73.963367">
        <ele>36</ele>
        <time>2026-06-17T22:45:40.000Z</time>
      </trkpt>
      <trkpt lat="40.782581" lon="-73.963363">
        <ele>36</ele>
        <time>2026-06-17T22:45:41.000Z</time>
      </trkpt>
      <trkpt lat="40.782574" lon="-73.963359">
        <ele>36</ele>
        <time>2026-06-17T22:45:42.000Z</time>
      </trkpt>
      <trkpt lat="40.782566" lon="-73.963354">
        <ele>36</ele>
        <time>2026-06-17T22:45:43.000Z</time>
      </trkpt>
      <trkpt lat="40.782559" lon="-73.963349">
        <ele>35.8</ele>
        <time>2026-06-17T22:45:44.000Z</time>
      </trkpt>
      <trkpt lat="40.782553" lon="-73.963344">
        <ele>35.8</ele>
        <time>2026-06-17T22:45:45.000Z</time>
      </trkpt>
      <trkpt lat="40.782548" lon="-73.963339">
        <ele>35.8</ele>
        <time>2026-06-17T22:45:46.000Z</time>
      </trkpt>
      <trkpt lat="40.782545" lon="-73.963334">
        <ele>35.8</ele>
        <time>2026-06-17T22:45:47.000Z</time>
      </trkpt>
      <trkpt lat="40.782542" lon="-73.963329">
        <ele>35.8</ele>
        <time>2026-06-17T22:45:48.000Z</time>
      </trkpt>
      <trkpt lat="40.782541" lon="-73.963324">
        <ele>35.8</ele>
        <time>2026-06-17T22:45:49.000Z</time>
      </trkpt>
      <trkpt lat="40.782541" lon="-73.963319">
        <ele>35.8</ele>
        <time>2026-06-17T22:45:50.000Z</time>
      </trkpt>
      <trkpt lat="40.782542" lon="-73.963316">
        <ele>35.8</ele>
        <time>2026-06-17T22:45:51.000Z</time>
      </trkpt>
      <trkpt lat="40.782544" lon="-73.963313">
        <ele>35.8</ele>
        <time>2026-06-17T22:45:52.000Z</time>
      </trkpt>
      <trkpt lat="40.782551" lon="-73.963314">
        <ele>35.8</ele>
        <time>2026-06-17T22:45:53.000Z</time>
      </trkpt>
      <trkpt lat="40.782562" lon="-73.963316">
        <ele>35.8</ele>
        <time>2026-06-17T22:45:54.000Z</time>
      </trkpt>
      <trkpt lat="40.782574" lon="-73.963319">
        <ele>35.8</ele>
        <time>2026-06-17T22:45:55.000Z</time>
      </trkpt>
      <trkpt lat="40.782586" lon="-73.963323">
        <ele>35.8</ele>
        <time>2026-06-17T22:45:56.000Z</time>
      </trkpt>
      <trkpt lat="40.782599" lon="-73.963327">
        <ele>35.8</ele>
        <time>2026-06-17T22:45:57.000Z</time>
      </trkpt>
      <trkpt lat="40.78261" lon="-73.96333">
        <ele>35.8</ele>
        <time>2026-06-17T22:45:58.000Z</time>
      </trkpt>
      <trkpt lat="40.782621" lon="-73.963333">
        <ele>35.8</ele>
        <time>2026-06-17T22:45:59.000Z</time>
      </trkpt>
      <trkpt lat="40.782632" lon="-73.963336">
        <ele>35.8</ele>
        <time>2026-06-17T22:46:00.000Z</time>
      </trkpt>
      <trkpt lat="40.782644" lon="-73.96334">
        <ele>35.8</ele>
        <time>2026-06-17T22:46:01.000Z</time>
      </trkpt>
      <trkpt lat="40.782655" lon="-73.963343">
        <ele>35.8</ele>
        <time>2026-06-17T22:46:02.000Z</time>
      </trkpt>
      <trkpt lat="40.782666" lon="-73.963346">
        <ele>35.8</ele>
        <time>2026-06-17T22:46:03.000Z</time>
      </trkpt>
      <trkpt lat="40.782676" lon="-73.963349">
        <ele>35.8</ele>
        <time>2026-06-17T22:46:04.000Z</time>
      </trkpt>
      <trkpt lat="40.782686" lon="-73.963352">
        <ele>35.8</ele>
        <time>2026-06-17T22:46:05.000Z</time>
      </trkpt>
      <trkpt lat="40.782697" lon="-73.963354">
        <ele>35.8</ele>
        <time>2026-06-17T22:46:06.000Z</time>
      </trkpt>
      <trkpt lat="40.782707" lon="-73.963356">
        <ele>35.8</ele>
        <time>2026-06-17T22:46:07.000Z</time>
      </trkpt>
      <trkpt lat="40.782717" lon="-73.963359">
        <ele>35.8</ele>
        <time>2026-06-17T22:46:08.000Z</time>
      </trkpt>
      <trkpt lat="40.782727" lon="-73.963361">
        <ele>35.8</ele>
        <time>2026-06-17T22:46:09.000Z</time>
      </trkpt>
      <trkpt lat="40.782737" lon="-73.963363">
        <ele>35.8</ele>
        <time>2026-06-17T22:46:10.000Z</time>
      </trkpt>
      <trkpt lat="40.782748" lon="-73.963365">
        <ele>35.8</ele>
        <time>2026-06-17T22:46:11.000Z</time>
      </trkpt>
      <trkpt lat="40.782758" lon="-73.963367">
        <ele>36</ele>
        <time>2026-06-17T22:46:12.000Z</time>
      </trkpt>
      <trkpt lat="40.782768" lon="-73.963369">
        <ele>36</ele>
        <time>2026-06-17T22:46:13.000Z</time>
      </trkpt>
      <trkpt lat="40.782778" lon="-73.963371">
        <ele>36</ele>
        <time>2026-06-17T22:46:14.000Z</time>
      </trkpt>
      <trkpt lat="40.782788" lon="-73.963372">
        <ele>36</ele>
        <time>2026-06-17T22:46:15.000Z</time>
      </trkpt>
      <trkpt lat="40.782798" lon="-73.963374">
        <ele>36</ele>
        <time>2026-06-17T22:46:16.000Z</time>
      </trkpt>
      <trkpt lat="40.782807" lon="-73.963376">
        <ele>36</ele>
        <time>2026-06-17T22:46:17.000Z</time>
      </trkpt>
      <trkpt lat="40.782816" lon="-73.963377">
        <ele>36</ele>
        <time>2026-06-17T22:46:18.000Z</time>
      </trkpt>
      <trkpt lat="40.782825" lon="-73.963379">
        <ele>36</ele>
        <time>2026-06-17T22:46:19.000Z</time>
      </trkpt>
      <trkpt lat="40.782834" lon="-73.963381">
        <ele>36</ele>
        <time>2026-06-17T22:46:20.000Z</time>
      </trkpt>
      <trkpt lat="40.782843" lon="-73.963384">
        <ele>36</ele>
        <time>2026-06-17T22:46:21.000Z</time>
      </trkpt>
      <trkpt lat="40.782853" lon="-73.963389">
        <ele>36.2</ele>
        <time>2026-06-17T22:46:22.000Z</time>
      </trkpt>
      <trkpt lat="40.782862" lon="-73.963393">
        <ele>36.2</ele>
        <time>2026-06-17T22:46:23.000Z</time>
      </trkpt>
      <trkpt lat="40.78287" lon="-73.963398">
        <ele>36.2</ele>
        <time>2026-06-17T22:46:24.000Z</time>
      </trkpt>
      <trkpt lat="40.782879" lon="-73.963403">
        <ele>36.2</ele>
        <time>2026-06-17T22:46:25.000Z</time>
      </trkpt>
      <trkpt lat="40.782889" lon="-73.963409">
        <ele>36.2</ele>
        <time>2026-06-17T22:46:26.000Z</time>
      </trkpt>
      <trkpt lat="40.7829" lon="-73.963414">
        <ele>36.2</ele>
        <time>2026-06-17T22:46:27.000Z</time>
      </trkpt>
      <trkpt lat="40.782909" lon="-73.96342">
        <ele>36.2</ele>
        <time>2026-06-17T22:46:28.000Z</time>
      </trkpt>
      <trkpt lat="40.782918" lon="-73.963425">
        <ele>36.2</ele>
        <time>2026-06-17T22:46:29.000Z</time>
      </trkpt>
      <trkpt lat="40.782927" lon="-73.963431">
        <ele>36.2</ele>
        <time>2026-06-17T22:46:30.000Z</time>
      </trkpt>
      <trkpt lat="40.782936" lon="-73.963436">
        <ele>36.2</ele>
        <time>2026-06-17T22:46:31.000Z</time>
      </trkpt>
      <trkpt lat="40.782945" lon="-73.963442">
        <ele>36.2</ele>
        <time>2026-06-17T22:46:32.000Z</time>
      </trkpt>
      <trkpt lat="40.782954" lon="-73.963449">
        <ele>36.2</ele>
        <time>2026-06-17T22:46:33.000Z</time>
      </trkpt>
      <trkpt lat="40.782962" lon="-73.963456">
        <ele>36.2</ele>
        <time>2026-06-17T22:46:34.000Z</time>
      </trkpt>
      <trkpt lat="40.782971" lon="-73.963462">
        <ele>36.2</ele>
        <time>2026-06-17T22:46:35.000Z</time>
      </trkpt>
      <trkpt lat="40.782981" lon="-73.963469">
        <ele>36.2</ele>
        <time>2026-06-17T22:46:36.000Z</time>
      </trkpt>
      <trkpt lat="40.782991" lon="-73.963474">
        <ele>36.2</ele>
        <time>2026-06-17T22:46:37.000Z</time>
      </trkpt>
      <trkpt lat="40.783" lon="-73.963479">
        <ele>36.2</ele>
        <time>2026-06-17T22:46:38.000Z</time>
      </trkpt>
      <trkpt lat="40.783009" lon="-73.963483">
        <ele>36.2</ele>
        <time>2026-06-17T22:46:39.000Z</time>
      </trkpt>
      <trkpt lat="40.783018" lon="-73.963487">
        <ele>36.2</ele>
        <time>2026-06-17T22:46:40.000Z</time>
      </trkpt>
      <trkpt lat="40.783035" lon="-73.963495">
        <ele>36.2</ele>
        <time>2026-06-17T22:46:41.000Z</time>
      </trkpt>
      <trkpt lat="40.783043" lon="-73.963499">
        <ele>36.2</ele>
        <time>2026-06-17T22:46:42.000Z</time>
      </trkpt>
      <trkpt lat="40.78305" lon="-73.963502">
        <ele>36.2</ele>
        <time>2026-06-17T22:46:43.000Z</time>
      </trkpt>
      <trkpt lat="40.783058" lon="-73.963506">
        <ele>36.2</ele>
        <time>2026-06-17T22:46:44.000Z</time>
      </trkpt>
      <trkpt lat="40.783066" lon="-73.963509">
        <ele>36.2</ele>
        <time>2026-06-17T22:46:45.000Z</time>
      </trkpt>
      <trkpt lat="40.783077" lon="-73.963514">
        <ele>36.2</ele>
        <time>2026-06-17T22:46:46.000Z</time>
      </trkpt>
      <trkpt lat="40.783086" lon="-73.96352">
        <ele>36.2</ele>
        <time>2026-06-17T22:46:47.000Z</time>
      </trkpt>
      <trkpt lat="40.783095" lon="-73.963526">
        <ele>36.2</ele>
        <time>2026-06-17T22:46:48.000Z</time>
      </trkpt>
      <trkpt lat="40.783103" lon="-73.963531">
        <ele>36.2</ele>
        <time>2026-06-17T22:46:49.000Z</time>
      </trkpt>
      <trkpt lat="40.783112" lon="-73.963537">
        <ele>36.2</ele>
        <time>2026-06-17T22:46:50.000Z</time>
      </trkpt>
      <trkpt lat="40.783121" lon="-73.963542">
        <ele>36.2</ele>
        <time>2026-06-17T22:46:51.000Z</time>
      </trkpt>
      <trkpt lat="40.783131" lon="-73.963549">
        <ele>36.2</ele>
        <time>2026-06-17T22:46:52.000Z</time>
      </trkpt>
      <trkpt lat="40.783141" lon="-73.963554">
        <ele>36.2</ele>
        <time>2026-06-17T22:46:53.000Z</time>
      </trkpt>
      <trkpt lat="40.783151" lon="-73.963559">
        <ele>36.2</ele>
        <time>2026-06-17T22:46:54.000Z</time>
      </trkpt>
      <trkpt lat="40.783161" lon="-73.963564">
        <ele>36.4</ele>
        <time>2026-06-17T22:46:55.000Z</time>
      </trkpt>
      <trkpt lat="40.783171" lon="-73.963568">
        <ele>36.4</ele>
        <time>2026-06-17T22:46:56.000Z</time>
      </trkpt>
      <trkpt lat="40.783181" lon="-73.963574">
        <ele>36.4</ele>
        <time>2026-06-17T22:46:57.000Z</time>
      </trkpt>
      <trkpt lat="40.783191" lon="-73.963581">
        <ele>36.4</ele>
        <time>2026-06-17T22:46:58.000Z</time>
      </trkpt>
      <trkpt lat="40.783201" lon="-73.963589">
        <ele>36.4</ele>
        <time>2026-06-17T22:46:59.000Z</time>
      </trkpt>
      <trkpt lat="40.783211" lon="-73.963597">
        <ele>36.4</ele>
        <time>2026-06-17T22:47:00.000Z</time>
      </trkpt>
      <trkpt lat="40.78322" lon="-73.963605">
        <ele>36.6</ele>
        <time>2026-06-17T22:47:01.000Z</time>
      </trkpt>
      <trkpt lat="40.78323" lon="-73.963612">
        <ele>36.6</ele>
        <time>2026-06-17T22:47:02.000Z</time>
      </trkpt>
      <trkpt lat="40.78324" lon="-73.963618">
        <ele>36.6</ele>
        <time>2026-06-17T22:47:03.000Z</time>
      </trkpt>
      <trkpt lat="40.78325" lon="-73.963623">
        <ele>36.6</ele>
        <time>2026-06-17T22:47:04.000Z</time>
      </trkpt>
      <trkpt lat="40.78326" lon="-73.963627">
        <ele>36.6</ele>
        <time>2026-06-17T22:47:05.000Z</time>
      </trkpt>
      <trkpt lat="40.783271" lon="-73.963631">
        <ele>36.6</ele>
        <time>2026-06-17T22:47:06.000Z</time>
      </trkpt>
      <trkpt lat="40.783282" lon="-73.963634">
        <ele>36.8</ele>
        <time>2026-06-17T22:47:07.000Z</time>
      </trkpt>
      <trkpt lat="40.783293" lon="-73.963638">
        <ele>36.8</ele>
        <time>2026-06-17T22:47:08.000Z</time>
      </trkpt>
      <trkpt lat="40.783303" lon="-73.963641">
        <ele>36.8</ele>
        <time>2026-06-17T22:47:09.000Z</time>
      </trkpt>
      <trkpt lat="40.783313" lon="-73.963645">
        <ele>36.8</ele>
        <time>2026-06-17T22:47:10.000Z</time>
      </trkpt>
      <trkpt lat="40.783322" lon="-73.963649">
        <ele>36.8</ele>
        <time>2026-06-17T22:47:11.000Z</time>
      </trkpt>
      <trkpt lat="40.783331" lon="-73.963655">
        <ele>36.8</ele>
        <time>2026-06-17T22:47:12.000Z</time>
      </trkpt>
      <trkpt lat="40.783339" lon="-73.963661">
        <ele>36.8</ele>
        <time>2026-06-17T22:47:13.000Z</time>
      </trkpt>
      <trkpt lat="40.783346" lon="-73.963667">
        <ele>36.8</ele>
        <time>2026-06-17T22:47:14.000Z</time>
      </trkpt>
      <trkpt lat="40.783354" lon="-73.963675">
        <ele>36.8</ele>
        <time>2026-06-17T22:47:15.000Z</time>
      </trkpt>
      <trkpt lat="40.783361" lon="-73.963683">
        <ele>37</ele>
        <time>2026-06-17T22:47:16.000Z</time>
      </trkpt>
      <trkpt lat="40.783368" lon="-73.963691">
        <ele>37</ele>
        <time>2026-06-17T22:47:17.000Z</time>
      </trkpt>
      <trkpt lat="40.783376" lon="-73.963701">
        <ele>37</ele>
        <time>2026-06-17T22:47:18.000Z</time>
      </trkpt>
      <trkpt lat="40.783383" lon="-73.96371">
        <ele>37</ele>
        <time>2026-06-17T22:47:19.000Z</time>
      </trkpt>
      <trkpt lat="40.78339" lon="-73.96372">
        <ele>37</ele>
        <time>2026-06-17T22:47:20.000Z</time>
      </trkpt>
      <trkpt lat="40.783397" lon="-73.96373">
        <ele>37</ele>
        <time>2026-06-17T22:47:21.000Z</time>
      </trkpt>
      <trkpt lat="40.783403" lon="-73.96374">
        <ele>37</ele>
        <time>2026-06-17T22:47:22.000Z</time>
      </trkpt>
      <trkpt lat="40.783408" lon="-73.96375">
        <ele>37</ele>
        <time>2026-06-17T22:47:23.000Z</time>
      </trkpt>
      <trkpt lat="40.783414" lon="-73.96376">
        <ele>37</ele>
        <time>2026-06-17T22:47:24.000Z</time>
      </trkpt>
      <trkpt lat="40.78342" lon="-73.963769">
        <ele>37</ele>
        <time>2026-06-17T22:47:25.000Z</time>
      </trkpt>
      <trkpt lat="40.783426" lon="-73.963777">
        <ele>37</ele>
        <time>2026-06-17T22:47:26.000Z</time>
      </trkpt>
      <trkpt lat="40.783432" lon="-73.963785">
        <ele>37</ele>
        <time>2026-06-17T22:47:27.000Z</time>
      </trkpt>
      <trkpt lat="40.783438" lon="-73.963793">
        <ele>37</ele>
        <time>2026-06-17T22:47:28.000Z</time>
      </trkpt>
      <trkpt lat="40.783443" lon="-73.963801">
        <ele>37</ele>
        <time>2026-06-17T22:47:29.000Z</time>
      </trkpt>
      <trkpt lat="40.783449" lon="-73.96381">
        <ele>37</ele>
        <time>2026-06-17T22:47:30.000Z</time>
      </trkpt>
      <trkpt lat="40.783456" lon="-73.96382">
        <ele>37</ele>
        <time>2026-06-17T22:47:31.000Z</time>
      </trkpt>
      <trkpt lat="40.783461" lon="-73.96383">
        <ele>37</ele>
        <time>2026-06-17T22:47:32.000Z</time>
      </trkpt>
      <trkpt lat="40.783466" lon="-73.96384">
        <ele>37</ele>
        <time>2026-06-17T22:47:33.000Z</time>
      </trkpt>
      <trkpt lat="40.783471" lon="-73.963851">
        <ele>37.2</ele>
        <time>2026-06-17T22:47:34.000Z</time>
      </trkpt>
      <trkpt lat="40.783476" lon="-73.963862">
        <ele>37.2</ele>
        <time>2026-06-17T22:47:35.000Z</time>
      </trkpt>
      <trkpt lat="40.783481" lon="-73.963874">
        <ele>37.2</ele>
        <time>2026-06-17T22:47:36.000Z</time>
      </trkpt>
      <trkpt lat="40.783487" lon="-73.963885">
        <ele>37.2</ele>
        <time>2026-06-17T22:47:37.000Z</time>
      </trkpt>
      <trkpt lat="40.783492" lon="-73.963896">
        <ele>37.2</ele>
        <time>2026-06-17T22:47:38.000Z</time>
      </trkpt>
      <trkpt lat="40.783498" lon="-73.963906">
        <ele>37.2</ele>
        <time>2026-06-17T22:47:39.000Z</time>
      </trkpt>
      <trkpt lat="40.783504" lon="-73.963915">
        <ele>37.2</ele>
        <time>2026-06-17T22:47:40.000Z</time>
      </trkpt>
      <trkpt lat="40.78351" lon="-73.963924">
        <ele>37.4</ele>
        <time>2026-06-17T22:47:41.000Z</time>
      </trkpt>
      <trkpt lat="40.783516" lon="-73.963935">
        <ele>37.4</ele>
        <time>2026-06-17T22:47:42.000Z</time>
      </trkpt>
      <trkpt lat="40.783522" lon="-73.963944">
        <ele>37.4</ele>
        <time>2026-06-17T22:47:43.000Z</time>
      </trkpt>
      <trkpt lat="40.783528" lon="-73.963954">
        <ele>37.4</ele>
        <time>2026-06-17T22:47:44.000Z</time>
      </trkpt>
      <trkpt lat="40.783534" lon="-73.963963">
        <ele>37.4</ele>
        <time>2026-06-17T22:47:45.000Z</time>
      </trkpt>
      <trkpt lat="40.783539" lon="-73.963972">
        <ele>37.4</ele>
        <time>2026-06-17T22:47:46.000Z</time>
      </trkpt>
      <trkpt lat="40.783543" lon="-73.963981">
        <ele>37.4</ele>
        <time>2026-06-17T22:47:47.000Z</time>
      </trkpt>
      <trkpt lat="40.783547" lon="-73.963991">
        <ele>37.4</ele>
        <time>2026-06-17T22:47:48.000Z</time>
      </trkpt>
      <trkpt lat="40.783551" lon="-73.964002">
        <ele>37.6</ele>
        <time>2026-06-17T22:47:49.000Z</time>
      </trkpt>
      <trkpt lat="40.783555" lon="-73.964013">
        <ele>37.6</ele>
        <time>2026-06-17T22:47:50.000Z</time>
      </trkpt>
      <trkpt lat="40.783558" lon="-73.964024">
        <ele>37.6</ele>
        <time>2026-06-17T22:47:51.000Z</time>
      </trkpt>
      <trkpt lat="40.783561" lon="-73.964036">
        <ele>37.6</ele>
        <time>2026-06-17T22:47:52.000Z</time>
      </trkpt>
      <trkpt lat="40.783564" lon="-73.964049">
        <ele>37.6</ele>
        <time>2026-06-17T22:47:53.000Z</time>
      </trkpt>
      <trkpt lat="40.783569" lon="-73.964062">
        <ele>37.6</ele>
        <time>2026-06-17T22:47:54.000Z</time>
      </trkpt>
      <trkpt lat="40.783574" lon="-73.964076">
        <ele>37.6</ele>
        <time>2026-06-17T22:47:55.000Z</time>
      </trkpt>
      <trkpt lat="40.78358" lon="-73.964089">
        <ele>37.8</ele>
        <time>2026-06-17T22:47:56.000Z</time>
      </trkpt>
      <trkpt lat="40.783586" lon="-73.964102">
        <ele>37.8</ele>
        <time>2026-06-17T22:47:57.000Z</time>
      </trkpt>
      <trkpt lat="40.783592" lon="-73.964116">
        <ele>37.8</ele>
        <time>2026-06-17T22:47:58.000Z</time>
      </trkpt>
      <trkpt lat="40.783599" lon="-73.964129">
        <ele>37.8</ele>
        <time>2026-06-17T22:47:59.000Z</time>
      </trkpt>
      <trkpt lat="40.783606" lon="-73.964142">
        <ele>37.8</ele>
        <time>2026-06-17T22:48:00.000Z</time>
      </trkpt>
      <trkpt lat="40.783612" lon="-73.964153">
        <ele>37.8</ele>
        <time>2026-06-17T22:48:01.000Z</time>
      </trkpt>
      <trkpt lat="40.783618" lon="-73.964164">
        <ele>37.8</ele>
        <time>2026-06-17T22:48:02.000Z</time>
      </trkpt>
      <trkpt lat="40.783624" lon="-73.964175">
        <ele>37.8</ele>
        <time>2026-06-17T22:48:03.000Z</time>
      </trkpt>
      <trkpt lat="40.78363" lon="-73.964186">
        <ele>37.8</ele>
        <time>2026-06-17T22:48:04.000Z</time>
      </trkpt>
      <trkpt lat="40.783634" lon="-73.964197">
        <ele>37.8</ele>
        <time>2026-06-17T22:48:05.000Z</time>
      </trkpt>
      <trkpt lat="40.783639" lon="-73.964209">
        <ele>37.8</ele>
        <time>2026-06-17T22:48:06.000Z</time>
      </trkpt>
      <trkpt lat="40.783642" lon="-73.96422">
        <ele>38</ele>
        <time>2026-06-17T22:48:07.000Z</time>
      </trkpt>
      <trkpt lat="40.783646" lon="-73.964232">
        <ele>38</ele>
        <time>2026-06-17T22:48:08.000Z</time>
      </trkpt>
      <trkpt lat="40.783651" lon="-73.964243">
        <ele>38</ele>
        <time>2026-06-17T22:48:09.000Z</time>
      </trkpt>
      <trkpt lat="40.783654" lon="-73.964255">
        <ele>38</ele>
        <time>2026-06-17T22:48:10.000Z</time>
      </trkpt>
      <trkpt lat="40.783658" lon="-73.964267">
        <ele>38</ele>
        <time>2026-06-17T22:48:11.000Z</time>
      </trkpt>
      <trkpt lat="40.783662" lon="-73.964278">
        <ele>38</ele>
        <time>2026-06-17T22:48:12.000Z</time>
      </trkpt>
      <trkpt lat="40.783666" lon="-73.964289">
        <ele>38</ele>
        <time>2026-06-17T22:48:13.000Z</time>
      </trkpt>
      <trkpt lat="40.78367" lon="-73.964299">
        <ele>38</ele>
        <time>2026-06-17T22:48:14.000Z</time>
      </trkpt>
      <trkpt lat="40.783674" lon="-73.964309">
        <ele>38.2</ele>
        <time>2026-06-17T22:48:15.000Z</time>
      </trkpt>
      <trkpt lat="40.783679" lon="-73.96432">
        <ele>38.2</ele>
        <time>2026-06-17T22:48:16.000Z</time>
      </trkpt>
      <trkpt lat="40.783683" lon="-73.964331">
        <ele>38.2</ele>
        <time>2026-06-17T22:48:17.000Z</time>
      </trkpt>
      <trkpt lat="40.783688" lon="-73.964343">
        <ele>38.2</ele>
        <time>2026-06-17T22:48:18.000Z</time>
      </trkpt>
      <trkpt lat="40.783693" lon="-73.964354">
        <ele>38.2</ele>
        <time>2026-06-17T22:48:19.000Z</time>
      </trkpt>
      <trkpt lat="40.783697" lon="-73.964367">
        <ele>38.2</ele>
        <time>2026-06-17T22:48:20.000Z</time>
      </trkpt>
      <trkpt lat="40.7837" lon="-73.96438">
        <ele>38.2</ele>
        <time>2026-06-17T22:48:21.000Z</time>
      </trkpt>
      <trkpt lat="40.783703" lon="-73.964392">
        <ele>38.2</ele>
        <time>2026-06-17T22:48:22.000Z</time>
      </trkpt>
      <trkpt lat="40.783706" lon="-73.964404">
        <ele>38.2</ele>
        <time>2026-06-17T22:48:23.000Z</time>
      </trkpt>
      <trkpt lat="40.783708" lon="-73.964416">
        <ele>38.2</ele>
        <time>2026-06-17T22:48:24.000Z</time>
      </trkpt>
      <trkpt lat="40.783711" lon="-73.964429">
        <ele>38.2</ele>
        <time>2026-06-17T22:48:25.000Z</time>
      </trkpt>
      <trkpt lat="40.783713" lon="-73.964442">
        <ele>38.2</ele>
        <time>2026-06-17T22:48:26.000Z</time>
      </trkpt>
      <trkpt lat="40.783716" lon="-73.964456">
        <ele>38.2</ele>
        <time>2026-06-17T22:48:27.000Z</time>
      </trkpt>
      <trkpt lat="40.783719" lon="-73.96447">
        <ele>38.2</ele>
        <time>2026-06-17T22:48:28.000Z</time>
      </trkpt>
      <trkpt lat="40.783721" lon="-73.964483">
        <ele>38.2</ele>
        <time>2026-06-17T22:48:29.000Z</time>
      </trkpt>
      <trkpt lat="40.783725" lon="-73.964496">
        <ele>38.2</ele>
        <time>2026-06-17T22:48:30.000Z</time>
      </trkpt>
      <trkpt lat="40.783728" lon="-73.964509">
        <ele>38.2</ele>
        <time>2026-06-17T22:48:31.000Z</time>
      </trkpt>
      <trkpt lat="40.783732" lon="-73.964521">
        <ele>38.2</ele>
        <time>2026-06-17T22:48:32.000Z</time>
      </trkpt>
      <trkpt lat="40.783737" lon="-73.964533">
        <ele>38.4</ele>
        <time>2026-06-17T22:48:33.000Z</time>
      </trkpt>
      <trkpt lat="40.783742" lon="-73.964545">
        <ele>38.4</ele>
        <time>2026-06-17T22:48:34.000Z</time>
      </trkpt>
      <trkpt lat="40.783746" lon="-73.964557">
        <ele>38.4</ele>
        <time>2026-06-17T22:48:35.000Z</time>
      </trkpt>
      <trkpt lat="40.783751" lon="-73.964568">
        <ele>38.4</ele>
        <time>2026-06-17T22:48:36.000Z</time>
      </trkpt>
      <trkpt lat="40.783756" lon="-73.964579">
        <ele>38.4</ele>
        <time>2026-06-17T22:48:37.000Z</time>
      </trkpt>
      <trkpt lat="40.783761" lon="-73.964591">
        <ele>38.4</ele>
        <time>2026-06-17T22:48:38.000Z</time>
      </trkpt>
      <trkpt lat="40.783766" lon="-73.964602">
        <ele>38.4</ele>
        <time>2026-06-17T22:48:39.000Z</time>
      </trkpt>
      <trkpt lat="40.78377" lon="-73.964614">
        <ele>38.4</ele>
        <time>2026-06-17T22:48:40.000Z</time>
      </trkpt>
      <trkpt lat="40.783773" lon="-73.964626">
        <ele>38.4</ele>
        <time>2026-06-17T22:48:41.000Z</time>
      </trkpt>
      <trkpt lat="40.783777" lon="-73.964638">
        <ele>38.6</ele>
        <time>2026-06-17T22:48:42.000Z</time>
      </trkpt>
      <trkpt lat="40.78378" lon="-73.96465">
        <ele>38.6</ele>
        <time>2026-06-17T22:48:43.000Z</time>
      </trkpt>
      <trkpt lat="40.783783" lon="-73.964662">
        <ele>38.6</ele>
        <time>2026-06-17T22:48:44.000Z</time>
      </trkpt>
      <trkpt lat="40.783787" lon="-73.964674">
        <ele>38.6</ele>
        <time>2026-06-17T22:48:45.000Z</time>
      </trkpt>
      <trkpt lat="40.78379" lon="-73.964687">
        <ele>38.6</ele>
        <time>2026-06-17T22:48:46.000Z</time>
      </trkpt>
      <trkpt lat="40.783793" lon="-73.9647">
        <ele>38.8</ele>
        <time>2026-06-17T22:48:47.000Z</time>
      </trkpt>
      <trkpt lat="40.783797" lon="-73.964713">
        <ele>38.8</ele>
        <time>2026-06-17T22:48:48.000Z</time>
      </trkpt>
      <trkpt lat="40.7838" lon="-73.964726">
        <ele>38.8</ele>
        <time>2026-06-17T22:48:49.000Z</time>
      </trkpt>
      <trkpt lat="40.783803" lon="-73.964739">
        <ele>38.8</ele>
        <time>2026-06-17T22:48:50.000Z</time>
      </trkpt>
      <trkpt lat="40.783806" lon="-73.964751">
        <ele>38.8</ele>
        <time>2026-06-17T22:48:51.000Z</time>
      </trkpt>
      <trkpt lat="40.78381" lon="-73.964764">
        <ele>38.8</ele>
        <time>2026-06-17T22:48:52.000Z</time>
      </trkpt>
      <trkpt lat="40.783813" lon="-73.964777">
        <ele>39</ele>
        <time>2026-06-17T22:48:53.000Z</time>
      </trkpt>
      <trkpt lat="40.783816" lon="-73.964789">
        <ele>39</ele>
        <time>2026-06-17T22:48:54.000Z</time>
      </trkpt>
      <trkpt lat="40.783819" lon="-73.964801">
        <ele>39</ele>
        <time>2026-06-17T22:48:55.000Z</time>
      </trkpt>
      <trkpt lat="40.783823" lon="-73.964813">
        <ele>39</ele>
        <time>2026-06-17T22:48:56.000Z</time>
      </trkpt>
      <trkpt lat="40.783826" lon="-73.964825">
        <ele>39</ele>
        <time>2026-06-17T22:48:57.000Z</time>
      </trkpt>
      <trkpt lat="40.783829" lon="-73.964838">
        <ele>39</ele>
        <time>2026-06-17T22:48:58.000Z</time>
      </trkpt>
      <trkpt lat="40.783832" lon="-73.96485">
        <ele>39</ele>
        <time>2026-06-17T22:48:59.000Z</time>
      </trkpt>
      <trkpt lat="40.783835" lon="-73.964863">
        <ele>39</ele>
        <time>2026-06-17T22:49:00.000Z</time>
      </trkpt>
      <trkpt lat="40.783838" lon="-73.964875">
        <ele>38.8</ele>
        <time>2026-06-17T22:49:01.000Z</time>
      </trkpt>
      <trkpt lat="40.783842" lon="-73.964888">
        <ele>38.8</ele>
        <time>2026-06-17T22:49:02.000Z</time>
      </trkpt>
      <trkpt lat="40.783845" lon="-73.9649">
        <ele>38.8</ele>
        <time>2026-06-17T22:49:03.000Z</time>
      </trkpt>
      <trkpt lat="40.783848" lon="-73.964912">
        <ele>38.8</ele>
        <time>2026-06-17T22:49:04.000Z</time>
      </trkpt>
      <trkpt lat="40.783852" lon="-73.964924">
        <ele>38.8</ele>
        <time>2026-06-17T22:49:05.000Z</time>
      </trkpt>
      <trkpt lat="40.783855" lon="-73.964937">
        <ele>38.8</ele>
        <time>2026-06-17T22:49:06.000Z</time>
      </trkpt>
      <trkpt lat="40.783859" lon="-73.964951">
        <ele>38.8</ele>
        <time>2026-06-17T22:49:07.000Z</time>
      </trkpt>
      <trkpt lat="40.783863" lon="-73.964964">
        <ele>38.8</ele>
        <time>2026-06-17T22:49:08.000Z</time>
      </trkpt>
      <trkpt lat="40.783867" lon="-73.964978">
        <ele>38.8</ele>
        <time>2026-06-17T22:49:09.000Z</time>
      </trkpt>
      <trkpt lat="40.783871" lon="-73.964991">
        <ele>38.8</ele>
        <time>2026-06-17T22:49:10.000Z</time>
      </trkpt>
      <trkpt lat="40.783875" lon="-73.965004">
        <ele>38.6</ele>
        <time>2026-06-17T22:49:11.000Z</time>
      </trkpt>
      <trkpt lat="40.783878" lon="-73.965016">
        <ele>38.6</ele>
        <time>2026-06-17T22:49:12.000Z</time>
      </trkpt>
      <trkpt lat="40.783882" lon="-73.965028">
        <ele>38.6</ele>
        <time>2026-06-17T22:49:13.000Z</time>
      </trkpt>
      <trkpt lat="40.783886" lon="-73.965041">
        <ele>38.6</ele>
        <time>2026-06-17T22:49:14.000Z</time>
      </trkpt>
      <trkpt lat="40.783889" lon="-73.965053">
        <ele>38.6</ele>
        <time>2026-06-17T22:49:15.000Z</time>
      </trkpt>
      <trkpt lat="40.783893" lon="-73.965066">
        <ele>38.6</ele>
        <time>2026-06-17T22:49:16.000Z</time>
      </trkpt>
      <trkpt lat="40.783898" lon="-73.965078">
        <ele>38.6</ele>
        <time>2026-06-17T22:49:17.000Z</time>
      </trkpt>
      <trkpt lat="40.783902" lon="-73.96509">
        <ele>38.4</ele>
        <time>2026-06-17T22:49:18.000Z</time>
      </trkpt>
      <trkpt lat="40.783906" lon="-73.965102">
        <ele>38.4</ele>
        <time>2026-06-17T22:49:19.000Z</time>
      </trkpt>
      <trkpt lat="40.78391" lon="-73.965113">
        <ele>38.4</ele>
        <time>2026-06-17T22:49:20.000Z</time>
      </trkpt>
      <trkpt lat="40.783915" lon="-73.965125">
        <ele>38.4</ele>
        <time>2026-06-17T22:49:21.000Z</time>
      </trkpt>
      <trkpt lat="40.783919" lon="-73.965137">
        <ele>38.4</ele>
        <time>2026-06-17T22:49:22.000Z</time>
      </trkpt>
      <trkpt lat="40.783924" lon="-73.965149">
        <ele>38.4</ele>
        <time>2026-06-17T22:49:23.000Z</time>
      </trkpt>
      <trkpt lat="40.783929" lon="-73.965161">
        <ele>38.4</ele>
        <time>2026-06-17T22:49:24.000Z</time>
      </trkpt>
      <trkpt lat="40.783933" lon="-73.965173">
        <ele>38.4</ele>
        <time>2026-06-17T22:49:25.000Z</time>
      </trkpt>
      <trkpt lat="40.783938" lon="-73.965186">
        <ele>38.2</ele>
        <time>2026-06-17T22:49:26.000Z</time>
      </trkpt>
      <trkpt lat="40.783942" lon="-73.965199">
        <ele>38.2</ele>
        <time>2026-06-17T22:49:27.000Z</time>
      </trkpt>
      <trkpt lat="40.783946" lon="-73.965211">
        <ele>38.2</ele>
        <time>2026-06-17T22:49:28.000Z</time>
      </trkpt>
      <trkpt lat="40.78395" lon="-73.965223">
        <ele>38.2</ele>
        <time>2026-06-17T22:49:29.000Z</time>
      </trkpt>
      <trkpt lat="40.783954" lon="-73.965235">
        <ele>38.2</ele>
        <time>2026-06-17T22:49:30.000Z</time>
      </trkpt>
      <trkpt lat="40.783958" lon="-73.965246">
        <ele>38.2</ele>
        <time>2026-06-17T22:49:31.000Z</time>
      </trkpt>
      <trkpt lat="40.783963" lon="-73.965258">
        <ele>38.2</ele>
        <time>2026-06-17T22:49:32.000Z</time>
      </trkpt>
      <trkpt lat="40.783968" lon="-73.96527">
        <ele>38</ele>
        <time>2026-06-17T22:49:33.000Z</time>
      </trkpt>
      <trkpt lat="40.783972" lon="-73.965282">
        <ele>38</ele>
        <time>2026-06-17T22:49:34.000Z</time>
      </trkpt>
      <trkpt lat="40.783977" lon="-73.965294">
        <ele>38</ele>
        <time>2026-06-17T22:49:35.000Z</time>
      </trkpt>
      <trkpt lat="40.783981" lon="-73.965306">
        <ele>38</ele>
        <time>2026-06-17T22:49:36.000Z</time>
      </trkpt>
      <trkpt lat="40.783986" lon="-73.965318">
        <ele>38</ele>
        <time>2026-06-17T22:49:37.000Z</time>
      </trkpt>
      <trkpt lat="40.78399" lon="-73.96533">
        <ele>38</ele>
        <time>2026-06-17T22:49:38.000Z</time>
      </trkpt>
      <trkpt lat="40.783994" lon="-73.965342">
        <ele>38</ele>
        <time>2026-06-17T22:49:39.000Z</time>
      </trkpt>
      <trkpt lat="40.783999" lon="-73.965354">
        <ele>38</ele>
        <time>2026-06-17T22:49:40.000Z</time>
      </trkpt>
      <trkpt lat="40.784003" lon="-73.965366">
        <ele>38</ele>
        <time>2026-06-17T22:49:41.000Z</time>
      </trkpt>
      <trkpt lat="40.784008" lon="-73.965379">
        <ele>38</ele>
        <time>2026-06-17T22:49:42.000Z</time>
      </trkpt>
      <trkpt lat="40.784012" lon="-73.965391">
        <ele>38</ele>
        <time>2026-06-17T22:49:43.000Z</time>
      </trkpt>
      <trkpt lat="40.784016" lon="-73.965404">
        <ele>38</ele>
        <time>2026-06-17T22:49:44.000Z</time>
      </trkpt>
      <trkpt lat="40.784021" lon="-73.965416">
        <ele>37.8</ele>
        <time>2026-06-17T22:49:45.000Z</time>
      </trkpt>
      <trkpt lat="40.784025" lon="-73.965428">
        <ele>37.8</ele>
        <time>2026-06-17T22:49:46.000Z</time>
      </trkpt>
      <trkpt lat="40.784029" lon="-73.965441">
        <ele>37.8</ele>
        <time>2026-06-17T22:49:47.000Z</time>
      </trkpt>
      <trkpt lat="40.784034" lon="-73.965453">
        <ele>37.8</ele>
        <time>2026-06-17T22:49:48.000Z</time>
      </trkpt>
      <trkpt lat="40.784038" lon="-73.965465">
        <ele>37.8</ele>
        <time>2026-06-17T22:49:49.000Z</time>
      </trkpt>
      <trkpt lat="40.784043" lon="-73.965477">
        <ele>37.8</ele>
        <time>2026-06-17T22:49:50.000Z</time>
      </trkpt>
      <trkpt lat="40.784048" lon="-73.965489">
        <ele>37.8</ele>
        <time>2026-06-17T22:49:51.000Z</time>
      </trkpt>
      <trkpt lat="40.784053" lon="-73.965501">
        <ele>37.8</ele>
        <time>2026-06-17T22:49:52.000Z</time>
      </trkpt>
      <trkpt lat="40.784058" lon="-73.965513">
        <ele>37.8</ele>
        <time>2026-06-17T22:49:53.000Z</time>
      </trkpt>
      <trkpt lat="40.784062" lon="-73.965525">
        <ele>37.8</ele>
        <time>2026-06-17T22:49:54.000Z</time>
      </trkpt>
      <trkpt lat="40.784067" lon="-73.965536">
        <ele>37.8</ele>
        <time>2026-06-17T22:49:55.000Z</time>
      </trkpt>
      <trkpt lat="40.784071" lon="-73.965548">
        <ele>37.8</ele>
        <time>2026-06-17T22:49:56.000Z</time>
      </trkpt>
      <trkpt lat="40.784075" lon="-73.96556">
        <ele>37.8</ele>
        <time>2026-06-17T22:49:57.000Z</time>
      </trkpt>
      <trkpt lat="40.78408" lon="-73.965571">
        <ele>37.8</ele>
        <time>2026-06-17T22:49:58.000Z</time>
      </trkpt>
      <trkpt lat="40.784084" lon="-73.965582">
        <ele>37.8</ele>
        <time>2026-06-17T22:49:59.000Z</time>
      </trkpt>
      <trkpt lat="40.784089" lon="-73.965593">
        <ele>37.8</ele>
        <time>2026-06-17T22:50:00.000Z</time>
      </trkpt>
      <trkpt lat="40.784094" lon="-73.965605">
        <ele>37.8</ele>
        <time>2026-06-17T22:50:01.000Z</time>
      </trkpt>
      <trkpt lat="40.7841" lon="-73.965617">
        <ele>37.8</ele>
        <time>2026-06-17T22:50:02.000Z</time>
      </trkpt>
      <trkpt lat="40.784106" lon="-73.965628">
        <ele>37.8</ele>
        <time>2026-06-17T22:50:03.000Z</time>
      </trkpt>
      <trkpt lat="40.784111" lon="-73.96564">
        <ele>37.8</ele>
        <time>2026-06-17T22:50:04.000Z</time>
      </trkpt>
      <trkpt lat="40.784117" lon="-73.965652">
        <ele>37.8</ele>
        <time>2026-06-17T22:50:05.000Z</time>
      </trkpt>
      <trkpt lat="40.784122" lon="-73.965664">
        <ele>37.8</ele>
        <time>2026-06-17T22:50:06.000Z</time>
      </trkpt>
      <trkpt lat="40.784128" lon="-73.965676">
        <ele>37.8</ele>
        <time>2026-06-17T22:50:07.000Z</time>
      </trkpt>
      <trkpt lat="40.784134" lon="-73.965688">
        <ele>37.8</ele>
        <time>2026-06-17T22:50:08.000Z</time>
      </trkpt>
      <trkpt lat="40.78414" lon="-73.965701">
        <ele>37.8</ele>
        <time>2026-06-17T22:50:09.000Z</time>
      </trkpt>
      <trkpt lat="40.784146" lon="-73.965712">
        <ele>37.8</ele>
        <time>2026-06-17T22:50:10.000Z</time>
      </trkpt>
      <trkpt lat="40.784152" lon="-73.965724">
        <ele>37.8</ele>
        <time>2026-06-17T22:50:11.000Z</time>
      </trkpt>
      <trkpt lat="40.784158" lon="-73.965735">
        <ele>37.8</ele>
        <time>2026-06-17T22:50:12.000Z</time>
      </trkpt>
      <trkpt lat="40.784163" lon="-73.965747">
        <ele>38</ele>
        <time>2026-06-17T22:50:13.000Z</time>
      </trkpt>
      <trkpt lat="40.784169" lon="-73.965758">
        <ele>38</ele>
        <time>2026-06-17T22:50:14.000Z</time>
      </trkpt>
      <trkpt lat="40.784175" lon="-73.96577">
        <ele>38</ele>
        <time>2026-06-17T22:50:15.000Z</time>
      </trkpt>
      <trkpt lat="40.78418" lon="-73.965781">
        <ele>38</ele>
        <time>2026-06-17T22:50:16.000Z</time>
      </trkpt>
      <trkpt lat="40.784185" lon="-73.965792">
        <ele>38</ele>
        <time>2026-06-17T22:50:17.000Z</time>
      </trkpt>
      <trkpt lat="40.784191" lon="-73.965803">
        <ele>38</ele>
        <time>2026-06-17T22:50:18.000Z</time>
      </trkpt>
      <trkpt lat="40.784196" lon="-73.965812">
        <ele>38</ele>
        <time>2026-06-17T22:50:19.000Z</time>
      </trkpt>
      <trkpt lat="40.784201" lon="-73.965821">
        <ele>38</ele>
        <time>2026-06-17T22:50:20.000Z</time>
      </trkpt>
      <trkpt lat="40.784206" lon="-73.96583">
        <ele>38</ele>
        <time>2026-06-17T22:50:21.000Z</time>
      </trkpt>
      <trkpt lat="40.784211" lon="-73.965838">
        <ele>38</ele>
        <time>2026-06-17T22:50:22.000Z</time>
      </trkpt>
      <trkpt lat="40.784215" lon="-73.965846">
        <ele>38</ele>
        <time>2026-06-17T22:50:23.000Z</time>
      </trkpt>
      <trkpt lat="40.78422" lon="-73.965856">
        <ele>38</ele>
        <time>2026-06-17T22:50:24.000Z</time>
      </trkpt>
      <trkpt lat="40.784225" lon="-73.965866">
        <ele>37.8</ele>
        <time>2026-06-17T22:50:25.000Z</time>
      </trkpt>
      <trkpt lat="40.78423" lon="-73.965878">
        <ele>37.8</ele>
        <time>2026-06-17T22:50:26.000Z</time>
      </trkpt>
      <trkpt lat="40.784236" lon="-73.96589">
        <ele>37.8</ele>
        <time>2026-06-17T22:50:27.000Z</time>
      </trkpt>
      <trkpt lat="40.78424" lon="-73.965903">
        <ele>37.8</ele>
        <time>2026-06-17T22:50:28.000Z</time>
      </trkpt>
      <trkpt lat="40.784245" lon="-73.965915">
        <ele>37.8</ele>
        <time>2026-06-17T22:50:29.000Z</time>
      </trkpt>
      <trkpt lat="40.78425" lon="-73.965927">
        <ele>37.8</ele>
        <time>2026-06-17T22:50:30.000Z</time>
      </trkpt>
      <trkpt lat="40.784255" lon="-73.965939">
        <ele>37.8</ele>
        <time>2026-06-17T22:50:31.000Z</time>
      </trkpt>
      <trkpt lat="40.784261" lon="-73.96595">
        <ele>37.8</ele>
        <time>2026-06-17T22:50:32.000Z</time>
      </trkpt>
      <trkpt lat="40.784266" lon="-73.965961">
        <ele>37.8</ele>
        <time>2026-06-17T22:50:33.000Z</time>
      </trkpt>
      <trkpt lat="40.784272" lon="-73.965971">
        <ele>37.8</ele>
        <time>2026-06-17T22:50:34.000Z</time>
      </trkpt>
      <trkpt lat="40.784278" lon="-73.965982">
        <ele>37.8</ele>
        <time>2026-06-17T22:50:35.000Z</time>
      </trkpt>
      <trkpt lat="40.784284" lon="-73.965992">
        <ele>37.8</ele>
        <time>2026-06-17T22:50:36.000Z</time>
      </trkpt>
      <trkpt lat="40.784291" lon="-73.966003">
        <ele>37.8</ele>
        <time>2026-06-17T22:50:37.000Z</time>
      </trkpt>
      <trkpt lat="40.784298" lon="-73.966014">
        <ele>37.8</ele>
        <time>2026-06-17T22:50:38.000Z</time>
      </trkpt>
      <trkpt lat="40.784305" lon="-73.966025">
        <ele>37.8</ele>
        <time>2026-06-17T22:50:39.000Z</time>
      </trkpt>
      <trkpt lat="40.784312" lon="-73.966036">
        <ele>37.8</ele>
        <time>2026-06-17T22:50:40.000Z</time>
      </trkpt>
      <trkpt lat="40.784319" lon="-73.966047">
        <ele>37.8</ele>
        <time>2026-06-17T22:50:41.000Z</time>
      </trkpt>
      <trkpt lat="40.784326" lon="-73.966057">
        <ele>37.8</ele>
        <time>2026-06-17T22:50:42.000Z</time>
      </trkpt>
      <trkpt lat="40.784333" lon="-73.966068">
        <ele>37.8</ele>
        <time>2026-06-17T22:50:43.000Z</time>
      </trkpt>
      <trkpt lat="40.784339" lon="-73.966078">
        <ele>37.8</ele>
        <time>2026-06-17T22:50:44.000Z</time>
      </trkpt>
      <trkpt lat="40.784345" lon="-73.966089">
        <ele>37.8</ele>
        <time>2026-06-17T22:50:45.000Z</time>
      </trkpt>
      <trkpt lat="40.784352" lon="-73.966099">
        <ele>37.8</ele>
        <time>2026-06-17T22:50:46.000Z</time>
      </trkpt>
      <trkpt lat="40.784358" lon="-73.966109">
        <ele>37.8</ele>
        <time>2026-06-17T22:50:47.000Z</time>
      </trkpt>
      <trkpt lat="40.784363" lon="-73.966118">
        <ele>37.8</ele>
        <time>2026-06-17T22:50:48.000Z</time>
      </trkpt>
      <trkpt lat="40.784369" lon="-73.966128">
        <ele>37.8</ele>
        <time>2026-06-17T22:50:49.000Z</time>
      </trkpt>
      <trkpt lat="40.784375" lon="-73.966138">
        <ele>37.8</ele>
        <time>2026-06-17T22:50:50.000Z</time>
      </trkpt>
      <trkpt lat="40.784381" lon="-73.966148">
        <ele>38</ele>
        <time>2026-06-17T22:50:51.000Z</time>
      </trkpt>
      <trkpt lat="40.784387" lon="-73.966158">
        <ele>38</ele>
        <time>2026-06-17T22:50:52.000Z</time>
      </trkpt>
      <trkpt lat="40.784393" lon="-73.966168">
        <ele>38</ele>
        <time>2026-06-17T22:50:53.000Z</time>
      </trkpt>
      <trkpt lat="40.784399" lon="-73.966177">
        <ele>38</ele>
        <time>2026-06-17T22:50:54.000Z</time>
      </trkpt>
      <trkpt lat="40.784405" lon="-73.966186">
        <ele>38</ele>
        <time>2026-06-17T22:50:55.000Z</time>
      </trkpt>
      <trkpt lat="40.78441" lon="-73.966196">
        <ele>38</ele>
        <time>2026-06-17T22:50:56.000Z</time>
      </trkpt>
      <trkpt lat="40.784416" lon="-73.966206">
        <ele>38</ele>
        <time>2026-06-17T22:50:57.000Z</time>
      </trkpt>
      <trkpt lat="40.784422" lon="-73.966217">
        <ele>38</ele>
        <time>2026-06-17T22:50:58.000Z</time>
      </trkpt>
      <trkpt lat="40.784427" lon="-73.966227">
        <ele>38</ele>
        <time>2026-06-17T22:50:59.000Z</time>
      </trkpt>
      <trkpt lat="40.784433" lon="-73.966239">
        <ele>38</ele>
        <time>2026-06-17T22:51:00.000Z</time>
      </trkpt>
      <trkpt lat="40.784439" lon="-73.96625">
        <ele>38</ele>
        <time>2026-06-17T22:51:01.000Z</time>
      </trkpt>
      <trkpt lat="40.784445" lon="-73.966261">
        <ele>38</ele>
        <time>2026-06-17T22:51:02.000Z</time>
      </trkpt>
      <trkpt lat="40.784451" lon="-73.966271">
        <ele>38</ele>
        <time>2026-06-17T22:51:03.000Z</time>
      </trkpt>
      <trkpt lat="40.784457" lon="-73.966281">
        <ele>38</ele>
        <time>2026-06-17T22:51:04.000Z</time>
      </trkpt>
      <trkpt lat="40.784464" lon="-73.966292">
        <ele>38.2</ele>
        <time>2026-06-17T22:51:05.000Z</time>
      </trkpt>
      <trkpt lat="40.784477" lon="-73.96631">
        <ele>38.2</ele>
        <time>2026-06-17T22:51:06.000Z</time>
      </trkpt>
      <trkpt lat="40.784482" lon="-73.966318">
        <ele>38.2</ele>
        <time>2026-06-17T22:51:07.000Z</time>
      </trkpt>
      <trkpt lat="40.784488" lon="-73.966325">
        <ele>38.2</ele>
        <time>2026-06-17T22:51:08.000Z</time>
      </trkpt>
      <trkpt lat="40.784495" lon="-73.966335">
        <ele>38.2</ele>
        <time>2026-06-17T22:51:09.000Z</time>
      </trkpt>
      <trkpt lat="40.784503" lon="-73.966345">
        <ele>38.2</ele>
        <time>2026-06-17T22:51:10.000Z</time>
      </trkpt>
      <trkpt lat="40.784511" lon="-73.966353">
        <ele>38.2</ele>
        <time>2026-06-17T22:51:11.000Z</time>
      </trkpt>
      <trkpt lat="40.784519" lon="-73.966361">
        <ele>38.2</ele>
        <time>2026-06-17T22:51:12.000Z</time>
      </trkpt>
      <trkpt lat="40.784526" lon="-73.966369">
        <ele>38.2</ele>
        <time>2026-06-17T22:51:13.000Z</time>
      </trkpt>
      <trkpt lat="40.784533" lon="-73.966378">
        <ele>38.2</ele>
        <time>2026-06-17T22:51:14.000Z</time>
      </trkpt>
      <trkpt lat="40.78454" lon="-73.966386">
        <ele>38.2</ele>
        <time>2026-06-17T22:51:15.000Z</time>
      </trkpt>
      <trkpt lat="40.784547" lon="-73.966396">
        <ele>38.2</ele>
        <time>2026-06-17T22:51:16.000Z</time>
      </trkpt>
      <trkpt lat="40.784554" lon="-73.966406">
        <ele>38.4</ele>
        <time>2026-06-17T22:51:17.000Z</time>
      </trkpt>
      <trkpt lat="40.784561" lon="-73.966416">
        <ele>38.4</ele>
        <time>2026-06-17T22:51:18.000Z</time>
      </trkpt>
      <trkpt lat="40.784568" lon="-73.966426">
        <ele>38.4</ele>
        <time>2026-06-17T22:51:19.000Z</time>
      </trkpt>
      <trkpt lat="40.784575" lon="-73.966436">
        <ele>38.4</ele>
        <time>2026-06-17T22:51:20.000Z</time>
      </trkpt>
      <trkpt lat="40.784583" lon="-73.966445">
        <ele>38.4</ele>
        <time>2026-06-17T22:51:21.000Z</time>
      </trkpt>
      <trkpt lat="40.78459" lon="-73.966455">
        <ele>38.4</ele>
        <time>2026-06-17T22:51:22.000Z</time>
      </trkpt>
      <trkpt lat="40.784598" lon="-73.966463">
        <ele>38.4</ele>
        <time>2026-06-17T22:51:23.000Z</time>
      </trkpt>
      <trkpt lat="40.784607" lon="-73.966471">
        <ele>38.4</ele>
        <time>2026-06-17T22:51:24.000Z</time>
      </trkpt>
      <trkpt lat="40.784616" lon="-73.966479">
        <ele>38.6</ele>
        <time>2026-06-17T22:51:25.000Z</time>
      </trkpt>
      <trkpt lat="40.784626" lon="-73.966485">
        <ele>38.6</ele>
        <time>2026-06-17T22:51:26.000Z</time>
      </trkpt>
      <trkpt lat="40.784635" lon="-73.966492">
        <ele>38.6</ele>
        <time>2026-06-17T22:51:27.000Z</time>
      </trkpt>
      <trkpt lat="40.784644" lon="-73.9665">
        <ele>38.6</ele>
        <time>2026-06-17T22:51:28.000Z</time>
      </trkpt>
      <trkpt lat="40.784652" lon="-73.966508">
        <ele>38.6</ele>
        <time>2026-06-17T22:51:29.000Z</time>
      </trkpt>
      <trkpt lat="40.78466" lon="-73.966518">
        <ele>38.6</ele>
        <time>2026-06-17T22:51:30.000Z</time>
      </trkpt>
      <trkpt lat="40.784667" lon="-73.966527">
        <ele>38.6</ele>
        <time>2026-06-17T22:51:31.000Z</time>
      </trkpt>
      <trkpt lat="40.784674" lon="-73.966537">
        <ele>38.6</ele>
        <time>2026-06-17T22:51:32.000Z</time>
      </trkpt>
      <trkpt lat="40.784681" lon="-73.966547">
        <ele>38.8</ele>
        <time>2026-06-17T22:51:33.000Z</time>
      </trkpt>
      <trkpt lat="40.784689" lon="-73.966556">
        <ele>38.8</ele>
        <time>2026-06-17T22:51:34.000Z</time>
      </trkpt>
      <trkpt lat="40.784697" lon="-73.966565">
        <ele>38.8</ele>
        <time>2026-06-17T22:51:35.000Z</time>
      </trkpt>
      <trkpt lat="40.784704" lon="-73.966574">
        <ele>38.8</ele>
        <time>2026-06-17T22:51:36.000Z</time>
      </trkpt>
      <trkpt lat="40.784712" lon="-73.966582">
        <ele>38.8</ele>
        <time>2026-06-17T22:51:37.000Z</time>
      </trkpt>
      <trkpt lat="40.784719" lon="-73.966591">
        <ele>38.8</ele>
        <time>2026-06-17T22:51:38.000Z</time>
      </trkpt>
      <trkpt lat="40.784726" lon="-73.966599">
        <ele>38.8</ele>
        <time>2026-06-17T22:51:39.000Z</time>
      </trkpt>
      <trkpt lat="40.784733" lon="-73.966608">
        <ele>39</ele>
        <time>2026-06-17T22:51:40.000Z</time>
      </trkpt>
      <trkpt lat="40.784741" lon="-73.966616">
        <ele>39</ele>
        <time>2026-06-17T22:51:41.000Z</time>
      </trkpt>
      <trkpt lat="40.784749" lon="-73.966622">
        <ele>39</ele>
        <time>2026-06-17T22:51:42.000Z</time>
      </trkpt>
      <trkpt lat="40.784757" lon="-73.966626">
        <ele>39</ele>
        <time>2026-06-17T22:51:43.000Z</time>
      </trkpt>
      <trkpt lat="40.784765" lon="-73.96663">
        <ele>39</ele>
        <time>2026-06-17T22:51:44.000Z</time>
      </trkpt>
      <trkpt lat="40.784773" lon="-73.966635">
        <ele>39</ele>
        <time>2026-06-17T22:51:45.000Z</time>
      </trkpt>
      <trkpt lat="40.784782" lon="-73.966642">
        <ele>39.2</ele>
        <time>2026-06-17T22:51:46.000Z</time>
      </trkpt>
      <trkpt lat="40.784791" lon="-73.966649">
        <ele>39.2</ele>
        <time>2026-06-17T22:51:47.000Z</time>
      </trkpt>
      <trkpt lat="40.7848" lon="-73.966656">
        <ele>39.2</ele>
        <time>2026-06-17T22:51:48.000Z</time>
      </trkpt>
      <trkpt lat="40.784809" lon="-73.966662">
        <ele>39.2</ele>
        <time>2026-06-17T22:51:49.000Z</time>
      </trkpt>
      <trkpt lat="40.784816" lon="-73.966668">
        <ele>39.2</ele>
        <time>2026-06-17T22:51:50.000Z</time>
      </trkpt>
      <trkpt lat="40.784825" lon="-73.966675">
        <ele>39.4</ele>
        <time>2026-06-17T22:51:51.000Z</time>
      </trkpt>
      <trkpt lat="40.784833" lon="-73.966684">
        <ele>39.4</ele>
        <time>2026-06-17T22:51:52.000Z</time>
      </trkpt>
      <trkpt lat="40.784842" lon="-73.966692">
        <ele>39.4</ele>
        <time>2026-06-17T22:51:53.000Z</time>
      </trkpt>
      <trkpt lat="40.784852" lon="-73.966701">
        <ele>39.4</ele>
        <time>2026-06-17T22:51:54.000Z</time>
      </trkpt>
      <trkpt lat="40.78486" lon="-73.966709">
        <ele>39.6</ele>
        <time>2026-06-17T22:51:55.000Z</time>
      </trkpt>
      <trkpt lat="40.784869" lon="-73.966717">
        <ele>39.6</ele>
        <time>2026-06-17T22:51:56.000Z</time>
      </trkpt>
      <trkpt lat="40.784878" lon="-73.966726">
        <ele>39.6</ele>
        <time>2026-06-17T22:51:57.000Z</time>
      </trkpt>
      <trkpt lat="40.784887" lon="-73.966735">
        <ele>39.6</ele>
        <time>2026-06-17T22:51:58.000Z</time>
      </trkpt>
      <trkpt lat="40.784895" lon="-73.966745">
        <ele>39.8</ele>
        <time>2026-06-17T22:51:59.000Z</time>
      </trkpt>
      <trkpt lat="40.784904" lon="-73.966756">
        <ele>39.8</ele>
        <time>2026-06-17T22:52:00.000Z</time>
      </trkpt>
      <trkpt lat="40.784913" lon="-73.966766">
        <ele>39.8</ele>
        <time>2026-06-17T22:52:01.000Z</time>
      </trkpt>
      <trkpt lat="40.784923" lon="-73.966775">
        <ele>39.8</ele>
        <time>2026-06-17T22:52:02.000Z</time>
      </trkpt>
      <trkpt lat="40.784933" lon="-73.966783">
        <ele>39.8</ele>
        <time>2026-06-17T22:52:03.000Z</time>
      </trkpt>
      <trkpt lat="40.784943" lon="-73.96679">
        <ele>40</ele>
        <time>2026-06-17T22:52:04.000Z</time>
      </trkpt>
      <trkpt lat="40.784954" lon="-73.966796">
        <ele>40</ele>
        <time>2026-06-17T22:52:05.000Z</time>
      </trkpt>
      <trkpt lat="40.784965" lon="-73.966803">
        <ele>40</ele>
        <time>2026-06-17T22:52:06.000Z</time>
      </trkpt>
      <trkpt lat="40.784975" lon="-73.966809">
        <ele>40</ele>
        <time>2026-06-17T22:52:07.000Z</time>
      </trkpt>
      <trkpt lat="40.784986" lon="-73.966814">
        <ele>40</ele>
        <time>2026-06-17T22:52:08.000Z</time>
      </trkpt>
      <trkpt lat="40.784996" lon="-73.966819">
        <ele>40</ele>
        <time>2026-06-17T22:52:09.000Z</time>
      </trkpt>
      <trkpt lat="40.785006" lon="-73.966822">
        <ele>40.2</ele>
        <time>2026-06-17T22:52:10.000Z</time>
      </trkpt>
      <trkpt lat="40.785016" lon="-73.966826">
        <ele>40.2</ele>
        <time>2026-06-17T22:52:11.000Z</time>
      </trkpt>
      <trkpt lat="40.785026" lon="-73.966829">
        <ele>40.2</ele>
        <time>2026-06-17T22:52:12.000Z</time>
      </trkpt>
      <trkpt lat="40.785036" lon="-73.966833">
        <ele>40.2</ele>
        <time>2026-06-17T22:52:13.000Z</time>
      </trkpt>
      <trkpt lat="40.785045" lon="-73.966836">
        <ele>40.2</ele>
        <time>2026-06-17T22:52:14.000Z</time>
      </trkpt>
      <trkpt lat="40.785054" lon="-73.966838">
        <ele>40.2</ele>
        <time>2026-06-17T22:52:15.000Z</time>
      </trkpt>
      <trkpt lat="40.785064" lon="-73.966841">
        <ele>40.2</ele>
        <time>2026-06-17T22:52:16.000Z</time>
      </trkpt>
      <trkpt lat="40.785073" lon="-73.966843">
        <ele>40.2</ele>
        <time>2026-06-17T22:52:17.000Z</time>
      </trkpt>
      <trkpt lat="40.785082" lon="-73.966845">
        <ele>40.2</ele>
        <time>2026-06-17T22:52:18.000Z</time>
      </trkpt>
      <trkpt lat="40.785091" lon="-73.966848">
        <ele>40.2</ele>
        <time>2026-06-17T22:52:19.000Z</time>
      </trkpt>
      <trkpt lat="40.785101" lon="-73.966852">
        <ele>40.2</ele>
        <time>2026-06-17T22:52:20.000Z</time>
      </trkpt>
      <trkpt lat="40.785111" lon="-73.966856">
        <ele>40.2</ele>
        <time>2026-06-17T22:52:21.000Z</time>
      </trkpt>
      <trkpt lat="40.785122" lon="-73.966861">
        <ele>40.2</ele>
        <time>2026-06-17T22:52:22.000Z</time>
      </trkpt>
      <trkpt lat="40.785132" lon="-73.966865">
        <ele>40.2</ele>
        <time>2026-06-17T22:52:23.000Z</time>
      </trkpt>
      <trkpt lat="40.785142" lon="-73.96687">
        <ele>40.2</ele>
        <time>2026-06-17T22:52:24.000Z</time>
      </trkpt>
      <trkpt lat="40.785152" lon="-73.966875">
        <ele>40.2</ele>
        <time>2026-06-17T22:52:25.000Z</time>
      </trkpt>
      <trkpt lat="40.785162" lon="-73.96688">
        <ele>40.2</ele>
        <time>2026-06-17T22:52:26.000Z</time>
      </trkpt>
      <trkpt lat="40.785171" lon="-73.966885">
        <ele>40.2</ele>
        <time>2026-06-17T22:52:27.000Z</time>
      </trkpt>
      <trkpt lat="40.78518" lon="-73.96689">
        <ele>40.2</ele>
        <time>2026-06-17T22:52:28.000Z</time>
      </trkpt>
      <trkpt lat="40.785189" lon="-73.966895">
        <ele>40.2</ele>
        <time>2026-06-17T22:52:29.000Z</time>
      </trkpt>
      <trkpt lat="40.785197" lon="-73.9669">
        <ele>40.2</ele>
        <time>2026-06-17T22:52:30.000Z</time>
      </trkpt>
      <trkpt lat="40.785206" lon="-73.966904">
        <ele>40.2</ele>
        <time>2026-06-17T22:52:31.000Z</time>
      </trkpt>
      <trkpt lat="40.785216" lon="-73.966908">
        <ele>40.2</ele>
        <time>2026-06-17T22:52:32.000Z</time>
      </trkpt>
      <trkpt lat="40.785225" lon="-73.966912">
        <ele>40.4</ele>
        <time>2026-06-17T22:52:33.000Z</time>
      </trkpt>
      <trkpt lat="40.785235" lon="-73.966917">
        <ele>40.4</ele>
        <time>2026-06-17T22:52:34.000Z</time>
      </trkpt>
      <trkpt lat="40.785245" lon="-73.966923">
        <ele>40.4</ele>
        <time>2026-06-17T22:52:35.000Z</time>
      </trkpt>
      <trkpt lat="40.785255" lon="-73.966928">
        <ele>40.4</ele>
        <time>2026-06-17T22:52:36.000Z</time>
      </trkpt>
      <trkpt lat="40.785265" lon="-73.966933">
        <ele>40.4</ele>
        <time>2026-06-17T22:52:37.000Z</time>
      </trkpt>
      <trkpt lat="40.785274" lon="-73.966937">
        <ele>40.4</ele>
        <time>2026-06-17T22:52:38.000Z</time>
      </trkpt>
      <trkpt lat="40.785284" lon="-73.96694">
        <ele>40.4</ele>
        <time>2026-06-17T22:52:39.000Z</time>
      </trkpt>
      <trkpt lat="40.785294" lon="-73.966944">
        <ele>40.4</ele>
        <time>2026-06-17T22:52:40.000Z</time>
      </trkpt>
      <trkpt lat="40.785305" lon="-73.966947">
        <ele>40.4</ele>
        <time>2026-06-17T22:52:41.000Z</time>
      </trkpt>
      <trkpt lat="40.785315" lon="-73.96695">
        <ele>40.4</ele>
        <time>2026-06-17T22:52:42.000Z</time>
      </trkpt>
      <trkpt lat="40.785325" lon="-73.966952">
        <ele>40.4</ele>
        <time>2026-06-17T22:52:43.000Z</time>
      </trkpt>
      <trkpt lat="40.785335" lon="-73.966954">
        <ele>40.4</ele>
        <time>2026-06-17T22:52:44.000Z</time>
      </trkpt>
      <trkpt lat="40.785345" lon="-73.966956">
        <ele>40.4</ele>
        <time>2026-06-17T22:52:45.000Z</time>
      </trkpt>
      <trkpt lat="40.785355" lon="-73.966958">
        <ele>40.4</ele>
        <time>2026-06-17T22:52:46.000Z</time>
      </trkpt>
      <trkpt lat="40.785365" lon="-73.966959">
        <ele>40.4</ele>
        <time>2026-06-17T22:52:47.000Z</time>
      </trkpt>
      <trkpt lat="40.785375" lon="-73.966959">
        <ele>40.4</ele>
        <time>2026-06-17T22:52:48.000Z</time>
      </trkpt>
      <trkpt lat="40.785385" lon="-73.96696">
        <ele>40.4</ele>
        <time>2026-06-17T22:52:49.000Z</time>
      </trkpt>
      <trkpt lat="40.785395" lon="-73.96696">
        <ele>40.4</ele>
        <time>2026-06-17T22:52:50.000Z</time>
      </trkpt>
      <trkpt lat="40.785406" lon="-73.96696">
        <ele>40.4</ele>
        <time>2026-06-17T22:52:51.000Z</time>
      </trkpt>
      <trkpt lat="40.785422" lon="-73.96696">
        <ele>40.4</ele>
        <time>2026-06-17T22:52:52.000Z</time>
      </trkpt>
      <trkpt lat="40.785427" lon="-73.966959">
        <ele>40.2</ele>
        <time>2026-06-17T22:52:53.000Z</time>
      </trkpt>
      <trkpt lat="40.785438" lon="-73.96696">
        <ele>40.2</ele>
        <time>2026-06-17T22:52:54.000Z</time>
      </trkpt>
      <trkpt lat="40.785448" lon="-73.966961">
        <ele>40.2</ele>
        <time>2026-06-17T22:52:55.000Z</time>
      </trkpt>
      <trkpt lat="40.785458" lon="-73.966962">
        <ele>40.2</ele>
        <time>2026-06-17T22:52:56.000Z</time>
      </trkpt>
      <trkpt lat="40.785467" lon="-73.966963">
        <ele>40.2</ele>
        <time>2026-06-17T22:52:57.000Z</time>
      </trkpt>
      <trkpt lat="40.785475" lon="-73.966964">
        <ele>40.2</ele>
        <time>2026-06-17T22:52:58.000Z</time>
      </trkpt>
      <trkpt lat="40.785485" lon="-73.966965">
        <ele>40.2</ele>
        <time>2026-06-17T22:52:59.000Z</time>
      </trkpt>
      <trkpt lat="40.785494" lon="-73.966966">
        <ele>40.2</ele>
        <time>2026-06-17T22:53:00.000Z</time>
      </trkpt>
      <trkpt lat="40.785505" lon="-73.966966">
        <ele>40.2</ele>
        <time>2026-06-17T22:53:01.000Z</time>
      </trkpt>
      <trkpt lat="40.785515" lon="-73.966967">
        <ele>40</ele>
        <time>2026-06-17T22:53:02.000Z</time>
      </trkpt>
      <trkpt lat="40.785525" lon="-73.966966">
        <ele>40</ele>
        <time>2026-06-17T22:53:03.000Z</time>
      </trkpt>
      <trkpt lat="40.785535" lon="-73.966966">
        <ele>40</ele>
        <time>2026-06-17T22:53:04.000Z</time>
      </trkpt>
      <trkpt lat="40.785546" lon="-73.966964">
        <ele>40</ele>
        <time>2026-06-17T22:53:05.000Z</time>
      </trkpt>
      <trkpt lat="40.785556" lon="-73.966963">
        <ele>39.8</ele>
        <time>2026-06-17T22:53:06.000Z</time>
      </trkpt>
      <trkpt lat="40.785567" lon="-73.966961">
        <ele>39.8</ele>
        <time>2026-06-17T22:53:07.000Z</time>
      </trkpt>
      <trkpt lat="40.785577" lon="-73.96696">
        <ele>39.8</ele>
        <time>2026-06-17T22:53:08.000Z</time>
      </trkpt>
      <trkpt lat="40.785587" lon="-73.966961">
        <ele>39.8</ele>
        <time>2026-06-17T22:53:09.000Z</time>
      </trkpt>
      <trkpt lat="40.785598" lon="-73.966964">
        <ele>39.8</ele>
        <time>2026-06-17T22:53:10.000Z</time>
      </trkpt>
      <trkpt lat="40.785608" lon="-73.966967">
        <ele>39.8</ele>
        <time>2026-06-17T22:53:11.000Z</time>
      </trkpt>
      <trkpt lat="40.785619" lon="-73.966971">
        <ele>39.8</ele>
        <time>2026-06-17T22:53:12.000Z</time>
      </trkpt>
      <trkpt lat="40.78563" lon="-73.966974">
        <ele>39.6</ele>
        <time>2026-06-17T22:53:13.000Z</time>
      </trkpt>
      <trkpt lat="40.785641" lon="-73.966978">
        <ele>39.6</ele>
        <time>2026-06-17T22:53:14.000Z</time>
      </trkpt>
      <trkpt lat="40.785652" lon="-73.966982">
        <ele>39.6</ele>
        <time>2026-06-17T22:53:15.000Z</time>
      </trkpt>
      <trkpt lat="40.785662" lon="-73.966986">
        <ele>39.6</ele>
        <time>2026-06-17T22:53:16.000Z</time>
      </trkpt>
      <trkpt lat="40.785673" lon="-73.96699">
        <ele>39.6</ele>
        <time>2026-06-17T22:53:17.000Z</time>
      </trkpt>
      <trkpt lat="40.785683" lon="-73.966993">
        <ele>39.6</ele>
        <time>2026-06-17T22:53:18.000Z</time>
      </trkpt>
      <trkpt lat="40.785693" lon="-73.966997">
        <ele>39.6</ele>
        <time>2026-06-17T22:53:19.000Z</time>
      </trkpt>
      <trkpt lat="40.785704" lon="-73.967">
        <ele>39.6</ele>
        <time>2026-06-17T22:53:20.000Z</time>
      </trkpt>
      <trkpt lat="40.785714" lon="-73.967003">
        <ele>39.6</ele>
        <time>2026-06-17T22:53:21.000Z</time>
      </trkpt>
      <trkpt lat="40.785725" lon="-73.967006">
        <ele>39.4</ele>
        <time>2026-06-17T22:53:22.000Z</time>
      </trkpt>
      <trkpt lat="40.785735" lon="-73.967008">
        <ele>39.4</ele>
        <time>2026-06-17T22:53:23.000Z</time>
      </trkpt>
      <trkpt lat="40.785746" lon="-73.967011">
        <ele>39.4</ele>
        <time>2026-06-17T22:53:24.000Z</time>
      </trkpt>
      <trkpt lat="40.785756" lon="-73.967013">
        <ele>39.4</ele>
        <time>2026-06-17T22:53:25.000Z</time>
      </trkpt>
      <trkpt lat="40.785765" lon="-73.967015">
        <ele>39.4</ele>
        <time>2026-06-17T22:53:26.000Z</time>
      </trkpt>
      <trkpt lat="40.785774" lon="-73.967017">
        <ele>39.4</ele>
        <time>2026-06-17T22:53:27.000Z</time>
      </trkpt>
      <trkpt lat="40.785784" lon="-73.967019">
        <ele>39.4</ele>
        <time>2026-06-17T22:53:28.000Z</time>
      </trkpt>
      <trkpt lat="40.785793" lon="-73.967021">
        <ele>39.4</ele>
        <time>2026-06-17T22:53:29.000Z</time>
      </trkpt>
      <trkpt lat="40.785802" lon="-73.967023">
        <ele>39.4</ele>
        <time>2026-06-17T22:53:30.000Z</time>
      </trkpt>
      <trkpt lat="40.785812" lon="-73.967024">
        <ele>39.4</ele>
        <time>2026-06-17T22:53:31.000Z</time>
      </trkpt>
      <trkpt lat="40.785821" lon="-73.967026">
        <ele>39.4</ele>
        <time>2026-06-17T22:53:32.000Z</time>
      </trkpt>
      <trkpt lat="40.785831" lon="-73.967027">
        <ele>39.4</ele>
        <time>2026-06-17T22:53:33.000Z</time>
      </trkpt>
      <trkpt lat="40.785841" lon="-73.967029">
        <ele>39.2</ele>
        <time>2026-06-17T22:53:34.000Z</time>
      </trkpt>
      <trkpt lat="40.785852" lon="-73.967031">
        <ele>39.2</ele>
        <time>2026-06-17T22:53:35.000Z</time>
      </trkpt>
      <trkpt lat="40.785862" lon="-73.967032">
        <ele>39.2</ele>
        <time>2026-06-17T22:53:36.000Z</time>
      </trkpt>
      <trkpt lat="40.785872" lon="-73.967034">
        <ele>39.2</ele>
        <time>2026-06-17T22:53:37.000Z</time>
      </trkpt>
      <trkpt lat="40.785882" lon="-73.967035">
        <ele>39.2</ele>
        <time>2026-06-17T22:53:38.000Z</time>
      </trkpt>
      <trkpt lat="40.785891" lon="-73.967037">
        <ele>39.2</ele>
        <time>2026-06-17T22:53:39.000Z</time>
      </trkpt>
      <trkpt lat="40.7859" lon="-73.967038">
        <ele>39</ele>
        <time>2026-06-17T22:53:40.000Z</time>
      </trkpt>
      <trkpt lat="40.785909" lon="-73.96704">
        <ele>39</ele>
        <time>2026-06-17T22:53:41.000Z</time>
      </trkpt>
      <trkpt lat="40.785919" lon="-73.967042">
        <ele>39</ele>
        <time>2026-06-17T22:53:42.000Z</time>
      </trkpt>
      <trkpt lat="40.785929" lon="-73.967043">
        <ele>39</ele>
        <time>2026-06-17T22:53:43.000Z</time>
      </trkpt>
      <trkpt lat="40.785939" lon="-73.967044">
        <ele>39</ele>
        <time>2026-06-17T22:53:44.000Z</time>
      </trkpt>
      <trkpt lat="40.785949" lon="-73.967046">
        <ele>38.8</ele>
        <time>2026-06-17T22:53:45.000Z</time>
      </trkpt>
      <trkpt lat="40.78596" lon="-73.967047">
        <ele>38.8</ele>
        <time>2026-06-17T22:53:46.000Z</time>
      </trkpt>
      <trkpt lat="40.78597" lon="-73.967049">
        <ele>38.8</ele>
        <time>2026-06-17T22:53:47.000Z</time>
      </trkpt>
      <trkpt lat="40.785981" lon="-73.96705">
        <ele>38.8</ele>
        <time>2026-06-17T22:53:48.000Z</time>
      </trkpt>
      <trkpt lat="40.785991" lon="-73.967052">
        <ele>38.8</ele>
        <time>2026-06-17T22:53:49.000Z</time>
      </trkpt>
      <trkpt lat="40.786" lon="-73.967053">
        <ele>38.6</ele>
        <time>2026-06-17T22:53:50.000Z</time>
      </trkpt>
      <trkpt lat="40.78601" lon="-73.967053">
        <ele>38.6</ele>
        <time>2026-06-17T22:53:51.000Z</time>
      </trkpt>
      <trkpt lat="40.78602" lon="-73.967054">
        <ele>38.6</ele>
        <time>2026-06-17T22:53:52.000Z</time>
      </trkpt>
      <trkpt lat="40.786031" lon="-73.967054">
        <ele>38.6</ele>
        <time>2026-06-17T22:53:53.000Z</time>
      </trkpt>
      <trkpt lat="40.786042" lon="-73.967054">
        <ele>38.6</ele>
        <time>2026-06-17T22:53:54.000Z</time>
      </trkpt>
      <trkpt lat="40.786053" lon="-73.967055">
        <ele>38.4</ele>
        <time>2026-06-17T22:53:55.000Z</time>
      </trkpt>
      <trkpt lat="40.786063" lon="-73.967055">
        <ele>38.4</ele>
        <time>2026-06-17T22:53:56.000Z</time>
      </trkpt>
      <trkpt lat="40.786074" lon="-73.967056">
        <ele>38.4</ele>
        <time>2026-06-17T22:53:57.000Z</time>
      </trkpt>
      <trkpt lat="40.786085" lon="-73.967056">
        <ele>38.4</ele>
        <time>2026-06-17T22:53:58.000Z</time>
      </trkpt>
      <trkpt lat="40.786097" lon="-73.967057">
        <ele>38.4</ele>
        <time>2026-06-17T22:53:59.000Z</time>
      </trkpt>
      <trkpt lat="40.786108" lon="-73.967057">
        <ele>38.2</ele>
        <time>2026-06-17T22:54:00.000Z</time>
      </trkpt>
      <trkpt lat="40.786118" lon="-73.967057">
        <ele>38.2</ele>
        <time>2026-06-17T22:54:01.000Z</time>
      </trkpt>
      <trkpt lat="40.786128" lon="-73.967058">
        <ele>38.2</ele>
        <time>2026-06-17T22:54:02.000Z</time>
      </trkpt>
      <trkpt lat="40.786139" lon="-73.967058">
        <ele>38.2</ele>
        <time>2026-06-17T22:54:03.000Z</time>
      </trkpt>
      <trkpt lat="40.78615" lon="-73.967059">
        <ele>38.2</ele>
        <time>2026-06-17T22:54:04.000Z</time>
      </trkpt>
      <trkpt lat="40.786161" lon="-73.967059">
        <ele>38.2</ele>
        <time>2026-06-17T22:54:05.000Z</time>
      </trkpt>
      <trkpt lat="40.786172" lon="-73.967059">
        <ele>38.2</ele>
        <time>2026-06-17T22:54:06.000Z</time>
      </trkpt>
      <trkpt lat="40.786183" lon="-73.96706">
        <ele>38.2</ele>
        <time>2026-06-17T22:54:07.000Z</time>
      </trkpt>
      <trkpt lat="40.786194" lon="-73.96706">
        <ele>38.2</ele>
        <time>2026-06-17T22:54:08.000Z</time>
      </trkpt>
      <trkpt lat="40.786206" lon="-73.967061">
        <ele>38</ele>
        <time>2026-06-17T22:54:09.000Z</time>
      </trkpt>
      <trkpt lat="40.786216" lon="-73.967061">
        <ele>38</ele>
        <time>2026-06-17T22:54:10.000Z</time>
      </trkpt>
      <trkpt lat="40.786227" lon="-73.967061">
        <ele>38</ele>
        <time>2026-06-17T22:54:11.000Z</time>
      </trkpt>
      <trkpt lat="40.786237" lon="-73.967062">
        <ele>38</ele>
        <time>2026-06-17T22:54:12.000Z</time>
      </trkpt>
      <trkpt lat="40.786248" lon="-73.967062">
        <ele>38</ele>
        <time>2026-06-17T22:54:13.000Z</time>
      </trkpt>
      <trkpt lat="40.786258" lon="-73.967063">
        <ele>38</ele>
        <time>2026-06-17T22:54:14.000Z</time>
      </trkpt>
      <trkpt lat="40.786268" lon="-73.967063">
        <ele>37.8</ele>
        <time>2026-06-17T22:54:15.000Z</time>
      </trkpt>
      <trkpt lat="40.786278" lon="-73.967063">
        <ele>37.8</ele>
        <time>2026-06-17T22:54:16.000Z</time>
      </trkpt>
      <trkpt lat="40.786288" lon="-73.967064">
        <ele>37.8</ele>
        <time>2026-06-17T22:54:17.000Z</time>
      </trkpt>
      <trkpt lat="40.786298" lon="-73.967064">
        <ele>37.8</ele>
        <time>2026-06-17T22:54:18.000Z</time>
      </trkpt>
      <trkpt lat="40.786308" lon="-73.967064">
        <ele>37.6</ele>
        <time>2026-06-17T22:54:19.000Z</time>
      </trkpt>
      <trkpt lat="40.786317" lon="-73.967065">
        <ele>37.6</ele>
        <time>2026-06-17T22:54:20.000Z</time>
      </trkpt>
      <trkpt lat="40.786327" lon="-73.967065">
        <ele>37.6</ele>
        <time>2026-06-17T22:54:21.000Z</time>
      </trkpt>
      <trkpt lat="40.786336" lon="-73.967065">
        <ele>37.4</ele>
        <time>2026-06-17T22:54:22.000Z</time>
      </trkpt>
      <trkpt lat="40.786345" lon="-73.967066">
        <ele>37.4</ele>
        <time>2026-06-17T22:54:23.000Z</time>
      </trkpt>
      <trkpt lat="40.786355" lon="-73.967066">
        <ele>37.4</ele>
        <time>2026-06-17T22:54:24.000Z</time>
      </trkpt>
      <trkpt lat="40.786364" lon="-73.967066">
        <ele>37.4</ele>
        <time>2026-06-17T22:54:25.000Z</time>
      </trkpt>
      <trkpt lat="40.786374" lon="-73.967066">
        <ele>37.4</ele>
        <time>2026-06-17T22:54:26.000Z</time>
      </trkpt>
      <trkpt lat="40.786384" lon="-73.967066">
        <ele>37.2</ele>
        <time>2026-06-17T22:54:27.000Z</time>
      </trkpt>
      <trkpt lat="40.786394" lon="-73.967066">
        <ele>37.2</ele>
        <time>2026-06-17T22:54:28.000Z</time>
      </trkpt>
      <trkpt lat="40.786404" lon="-73.967065">
        <ele>37.2</ele>
        <time>2026-06-17T22:54:29.000Z</time>
      </trkpt>
      <trkpt lat="40.786415" lon="-73.967065">
        <ele>37.2</ele>
        <time>2026-06-17T22:54:30.000Z</time>
      </trkpt>
      <trkpt lat="40.786425" lon="-73.967065">
        <ele>37.2</ele>
        <time>2026-06-17T22:54:31.000Z</time>
      </trkpt>
      <trkpt lat="40.786435" lon="-73.967064">
        <ele>37.2</ele>
        <time>2026-06-17T22:54:32.000Z</time>
      </trkpt>
      <trkpt lat="40.786446" lon="-73.967064">
        <ele>37</ele>
        <time>2026-06-17T22:54:33.000Z</time>
      </trkpt>
      <trkpt lat="40.786456" lon="-73.967063">
        <ele>37</ele>
        <time>2026-06-17T22:54:34.000Z</time>
      </trkpt>
      <trkpt lat="40.786466" lon="-73.967062">
        <ele>37</ele>
        <time>2026-06-17T22:54:35.000Z</time>
      </trkpt>
      <trkpt lat="40.786477" lon="-73.967061">
        <ele>37</ele>
        <time>2026-06-17T22:54:36.000Z</time>
      </trkpt>
      <trkpt lat="40.786487" lon="-73.96706">
        <ele>37</ele>
        <time>2026-06-17T22:54:37.000Z</time>
      </trkpt>
      <trkpt lat="40.786497" lon="-73.967059">
        <ele>37</ele>
        <time>2026-06-17T22:54:38.000Z</time>
      </trkpt>
      <trkpt lat="40.786507" lon="-73.967057">
        <ele>37</ele>
        <time>2026-06-17T22:54:39.000Z</time>
      </trkpt>
      <trkpt lat="40.786518" lon="-73.967056">
        <ele>36.8</ele>
        <time>2026-06-17T22:54:40.000Z</time>
      </trkpt>
      <trkpt lat="40.786529" lon="-73.967055">
        <ele>36.8</ele>
        <time>2026-06-17T22:54:41.000Z</time>
      </trkpt>
      <trkpt lat="40.78654" lon="-73.967053">
        <ele>36.8</ele>
        <time>2026-06-17T22:54:42.000Z</time>
      </trkpt>
      <trkpt lat="40.786551" lon="-73.967052">
        <ele>36.8</ele>
        <time>2026-06-17T22:54:43.000Z</time>
      </trkpt>
      <trkpt lat="40.786561" lon="-73.96705">
        <ele>36.8</ele>
        <time>2026-06-17T22:54:44.000Z</time>
      </trkpt>
      <trkpt lat="40.786572" lon="-73.967049">
        <ele>36.8</ele>
        <time>2026-06-17T22:54:45.000Z</time>
      </trkpt>
      <trkpt lat="40.786582" lon="-73.967047">
        <ele>36.8</ele>
        <time>2026-06-17T22:54:46.000Z</time>
      </trkpt>
      <trkpt lat="40.786593" lon="-73.967045">
        <ele>36.8</ele>
        <time>2026-06-17T22:54:47.000Z</time>
      </trkpt>
      <trkpt lat="40.786604" lon="-73.967044">
        <ele>36.6</ele>
        <time>2026-06-17T22:54:48.000Z</time>
      </trkpt>
      <trkpt lat="40.786614" lon="-73.967042">
        <ele>36.6</ele>
        <time>2026-06-17T22:54:49.000Z</time>
      </trkpt>
      <trkpt lat="40.786625" lon="-73.96704">
        <ele>36.6</ele>
        <time>2026-06-17T22:54:50.000Z</time>
      </trkpt>
      <trkpt lat="40.786635" lon="-73.967038">
        <ele>36.6</ele>
        <time>2026-06-17T22:54:51.000Z</time>
      </trkpt>
      <trkpt lat="40.786645" lon="-73.967036">
        <ele>36.6</ele>
        <time>2026-06-17T22:54:52.000Z</time>
      </trkpt>
      <trkpt lat="40.786655" lon="-73.967034">
        <ele>36.6</ele>
        <time>2026-06-17T22:54:53.000Z</time>
      </trkpt>
      <trkpt lat="40.786665" lon="-73.967032">
        <ele>36.6</ele>
        <time>2026-06-17T22:54:54.000Z</time>
      </trkpt>
      <trkpt lat="40.786675" lon="-73.96703">
        <ele>36.4</ele>
        <time>2026-06-17T22:54:55.000Z</time>
      </trkpt>
      <trkpt lat="40.786685" lon="-73.967028">
        <ele>36.4</ele>
        <time>2026-06-17T22:54:56.000Z</time>
      </trkpt>
      <trkpt lat="40.786695" lon="-73.967026">
        <ele>36.4</ele>
        <time>2026-06-17T22:54:57.000Z</time>
      </trkpt>
      <trkpt lat="40.786705" lon="-73.967024">
        <ele>36.4</ele>
        <time>2026-06-17T22:54:58.000Z</time>
      </trkpt>
      <trkpt lat="40.786715" lon="-73.967022">
        <ele>36.4</ele>
        <time>2026-06-17T22:54:59.000Z</time>
      </trkpt>
      <trkpt lat="40.786724" lon="-73.96702">
        <ele>36.4</ele>
        <time>2026-06-17T22:55:00.000Z</time>
      </trkpt>
      <trkpt lat="40.786734" lon="-73.967017">
        <ele>36.4</ele>
        <time>2026-06-17T22:55:01.000Z</time>
      </trkpt>
      <trkpt lat="40.786745" lon="-73.967015">
        <ele>36.4</ele>
        <time>2026-06-17T22:55:02.000Z</time>
      </trkpt>
      <trkpt lat="40.786755" lon="-73.967012">
        <ele>36.4</ele>
        <time>2026-06-17T22:55:03.000Z</time>
      </trkpt>
      <trkpt lat="40.786765" lon="-73.967009">
        <ele>36.4</ele>
        <time>2026-06-17T22:55:04.000Z</time>
      </trkpt>
      <trkpt lat="40.786775" lon="-73.967007">
        <ele>36.4</ele>
        <time>2026-06-17T22:55:05.000Z</time>
      </trkpt>
      <trkpt lat="40.786785" lon="-73.967004">
        <ele>36.4</ele>
        <time>2026-06-17T22:55:06.000Z</time>
      </trkpt>
      <trkpt lat="40.786795" lon="-73.967002">
        <ele>36.4</ele>
        <time>2026-06-17T22:55:07.000Z</time>
      </trkpt>
      <trkpt lat="40.786805" lon="-73.966999">
        <ele>36.4</ele>
        <time>2026-06-17T22:55:08.000Z</time>
      </trkpt>
      <trkpt lat="40.786815" lon="-73.966997">
        <ele>36.4</ele>
        <time>2026-06-17T22:55:09.000Z</time>
      </trkpt>
      <trkpt lat="40.786824" lon="-73.966994">
        <ele>36.4</ele>
        <time>2026-06-17T22:55:10.000Z</time>
      </trkpt>
      <trkpt lat="40.786833" lon="-73.966992">
        <ele>36.4</ele>
        <time>2026-06-17T22:55:11.000Z</time>
      </trkpt>
      <trkpt lat="40.786843" lon="-73.966989">
        <ele>36.4</ele>
        <time>2026-06-17T22:55:12.000Z</time>
      </trkpt>
      <trkpt lat="40.786852" lon="-73.966987">
        <ele>36.4</ele>
        <time>2026-06-17T22:55:13.000Z</time>
      </trkpt>
      <trkpt lat="40.786863" lon="-73.966984">
        <ele>36.4</ele>
        <time>2026-06-17T22:55:14.000Z</time>
      </trkpt>
      <trkpt lat="40.786873" lon="-73.966981">
        <ele>36.4</ele>
        <time>2026-06-17T22:55:15.000Z</time>
      </trkpt>
      <trkpt lat="40.786884" lon="-73.966978">
        <ele>36.4</ele>
        <time>2026-06-17T22:55:16.000Z</time>
      </trkpt>
      <trkpt lat="40.786893" lon="-73.966974">
        <ele>36.4</ele>
        <time>2026-06-17T22:55:17.000Z</time>
      </trkpt>
      <trkpt lat="40.786903" lon="-73.966971">
        <ele>36.4</ele>
        <time>2026-06-17T22:55:18.000Z</time>
      </trkpt>
      <trkpt lat="40.786913" lon="-73.966968">
        <ele>36.4</ele>
        <time>2026-06-17T22:55:19.000Z</time>
      </trkpt>
      <trkpt lat="40.786922" lon="-73.966965">
        <ele>36.4</ele>
        <time>2026-06-17T22:55:20.000Z</time>
      </trkpt>
      <trkpt lat="40.786932" lon="-73.966962">
        <ele>36.4</ele>
        <time>2026-06-17T22:55:21.000Z</time>
      </trkpt>
      <trkpt lat="40.786942" lon="-73.966959">
        <ele>36.4</ele>
        <time>2026-06-17T22:55:22.000Z</time>
      </trkpt>
      <trkpt lat="40.786952" lon="-73.966956">
        <ele>36.4</ele>
        <time>2026-06-17T22:55:23.000Z</time>
      </trkpt>
      <trkpt lat="40.786962" lon="-73.966953">
        <ele>36.2</ele>
        <time>2026-06-17T22:55:24.000Z</time>
      </trkpt>
      <trkpt lat="40.786971" lon="-73.96695">
        <ele>36.2</ele>
        <time>2026-06-17T22:55:25.000Z</time>
      </trkpt>
      <trkpt lat="40.786981" lon="-73.966947">
        <ele>36.2</ele>
        <time>2026-06-17T22:55:26.000Z</time>
      </trkpt>
      <trkpt lat="40.786991" lon="-73.966944">
        <ele>36.2</ele>
        <time>2026-06-17T22:55:27.000Z</time>
      </trkpt>
      <trkpt lat="40.787" lon="-73.966941">
        <ele>36.4</ele>
        <time>2026-06-17T22:55:28.000Z</time>
      </trkpt>
      <trkpt lat="40.787009" lon="-73.966938">
        <ele>36.4</ele>
        <time>2026-06-17T22:55:29.000Z</time>
      </trkpt>
      <trkpt lat="40.787018" lon="-73.966935">
        <ele>36.4</ele>
        <time>2026-06-17T22:55:30.000Z</time>
      </trkpt>
      <trkpt lat="40.787027" lon="-73.966932">
        <ele>36.4</ele>
        <time>2026-06-17T22:55:31.000Z</time>
      </trkpt>
      <trkpt lat="40.787036" lon="-73.966929">
        <ele>36.4</ele>
        <time>2026-06-17T22:55:32.000Z</time>
      </trkpt>
      <trkpt lat="40.787045" lon="-73.966926">
        <ele>36.4</ele>
        <time>2026-06-17T22:55:33.000Z</time>
      </trkpt>
      <trkpt lat="40.787055" lon="-73.966923">
        <ele>36.4</ele>
        <time>2026-06-17T22:55:34.000Z</time>
      </trkpt>
      <trkpt lat="40.787064" lon="-73.966919">
        <ele>36.4</ele>
        <time>2026-06-17T22:55:35.000Z</time>
      </trkpt>
      <trkpt lat="40.787073" lon="-73.966916">
        <ele>36.4</ele>
        <time>2026-06-17T22:55:36.000Z</time>
      </trkpt>
      <trkpt lat="40.787082" lon="-73.966913">
        <ele>36.4</ele>
        <time>2026-06-17T22:55:37.000Z</time>
      </trkpt>
      <trkpt lat="40.78709" lon="-73.96691">
        <ele>36.4</ele>
        <time>2026-06-17T22:55:38.000Z</time>
      </trkpt>
      <trkpt lat="40.787099" lon="-73.966906">
        <ele>36.4</ele>
        <time>2026-06-17T22:55:39.000Z</time>
      </trkpt>
      <trkpt lat="40.787109" lon="-73.966902">
        <ele>36.4</ele>
        <time>2026-06-17T22:55:40.000Z</time>
      </trkpt>
      <trkpt lat="40.787118" lon="-73.966898">
        <ele>36.4</ele>
        <time>2026-06-17T22:55:41.000Z</time>
      </trkpt>
      <trkpt lat="40.787127" lon="-73.966894">
        <ele>36.6</ele>
        <time>2026-06-17T22:55:42.000Z</time>
      </trkpt>
      <trkpt lat="40.787136" lon="-73.966891">
        <ele>36.6</ele>
        <time>2026-06-17T22:55:43.000Z</time>
      </trkpt>
      <trkpt lat="40.787144" lon="-73.966887">
        <ele>36.6</ele>
        <time>2026-06-17T22:55:44.000Z</time>
      </trkpt>
      <trkpt lat="40.787152" lon="-73.966883">
        <ele>36.6</ele>
        <time>2026-06-17T22:55:45.000Z</time>
      </trkpt>
      <trkpt lat="40.787161" lon="-73.966878">
        <ele>36.6</ele>
        <time>2026-06-17T22:55:46.000Z</time>
      </trkpt>
      <trkpt lat="40.787171" lon="-73.966872">
        <ele>36.6</ele>
        <time>2026-06-17T22:55:47.000Z</time>
      </trkpt>
      <trkpt lat="40.787181" lon="-73.966865">
        <ele>36.8</ele>
        <time>2026-06-17T22:55:48.000Z</time>
      </trkpt>
      <trkpt lat="40.78719" lon="-73.966859">
        <ele>36.8</ele>
        <time>2026-06-17T22:55:49.000Z</time>
      </trkpt>
      <trkpt lat="40.787199" lon="-73.966853">
        <ele>36.8</ele>
        <time>2026-06-17T22:55:50.000Z</time>
      </trkpt>
      <trkpt lat="40.787208" lon="-73.966846">
        <ele>36.8</ele>
        <time>2026-06-17T22:55:51.000Z</time>
      </trkpt>
      <trkpt lat="40.787217" lon="-73.966839">
        <ele>36.8</ele>
        <time>2026-06-17T22:55:52.000Z</time>
      </trkpt>
      <trkpt lat="40.787226" lon="-73.966831">
        <ele>37</ele>
        <time>2026-06-17T22:55:53.000Z</time>
      </trkpt>
      <trkpt lat="40.787234" lon="-73.966824">
        <ele>37</ele>
        <time>2026-06-17T22:55:54.000Z</time>
      </trkpt>
      <trkpt lat="40.787243" lon="-73.966816">
        <ele>37</ele>
        <time>2026-06-17T22:55:55.000Z</time>
      </trkpt>
      <trkpt lat="40.787251" lon="-73.966808">
        <ele>37</ele>
        <time>2026-06-17T22:55:56.000Z</time>
      </trkpt>
      <trkpt lat="40.787259" lon="-73.9668">
        <ele>37</ele>
        <time>2026-06-17T22:55:57.000Z</time>
      </trkpt>
      <trkpt lat="40.787267" lon="-73.966792">
        <ele>37</ele>
        <time>2026-06-17T22:55:58.000Z</time>
      </trkpt>
      <trkpt lat="40.787276" lon="-73.966785">
        <ele>37</ele>
        <time>2026-06-17T22:55:59.000Z</time>
      </trkpt>
      <trkpt lat="40.787286" lon="-73.966778">
        <ele>37</ele>
        <time>2026-06-17T22:56:00.000Z</time>
      </trkpt>
      <trkpt lat="40.787295" lon="-73.96677">
        <ele>37</ele>
        <time>2026-06-17T22:56:01.000Z</time>
      </trkpt>
      <trkpt lat="40.787305" lon="-73.966762">
        <ele>37</ele>
        <time>2026-06-17T22:56:02.000Z</time>
      </trkpt>
      <trkpt lat="40.787315" lon="-73.966755">
        <ele>37</ele>
        <time>2026-06-17T22:56:03.000Z</time>
      </trkpt>
      <trkpt lat="40.787324" lon="-73.966747">
        <ele>37</ele>
        <time>2026-06-17T22:56:04.000Z</time>
      </trkpt>
      <trkpt lat="40.787332" lon="-73.966741">
        <ele>37</ele>
        <time>2026-06-17T22:56:05.000Z</time>
      </trkpt>
      <trkpt lat="40.78734" lon="-73.966734">
        <ele>37</ele>
        <time>2026-06-17T22:56:06.000Z</time>
      </trkpt>
      <trkpt lat="40.787349" lon="-73.966728">
        <ele>37</ele>
        <time>2026-06-17T22:56:07.000Z</time>
      </trkpt>
      <trkpt lat="40.787356" lon="-73.966723">
        <ele>37</ele>
        <time>2026-06-17T22:56:08.000Z</time>
      </trkpt>
      <trkpt lat="40.787364" lon="-73.966717">
        <ele>37.2</ele>
        <time>2026-06-17T22:56:09.000Z</time>
      </trkpt>
      <trkpt lat="40.787372" lon="-73.966713">
        <ele>37.2</ele>
        <time>2026-06-17T22:56:10.000Z</time>
      </trkpt>
      <trkpt lat="40.787381" lon="-73.966709">
        <ele>37.2</ele>
        <time>2026-06-17T22:56:11.000Z</time>
      </trkpt>
      <trkpt lat="40.78739" lon="-73.966706">
        <ele>37.2</ele>
        <time>2026-06-17T22:56:12.000Z</time>
      </trkpt>
      <trkpt lat="40.787399" lon="-73.966704">
        <ele>37.2</ele>
        <time>2026-06-17T22:56:13.000Z</time>
      </trkpt>
      <trkpt lat="40.78741" lon="-73.966701">
        <ele>37.2</ele>
        <time>2026-06-17T22:56:14.000Z</time>
      </trkpt>
      <trkpt lat="40.78742" lon="-73.966698">
        <ele>37.2</ele>
        <time>2026-06-17T22:56:15.000Z</time>
      </trkpt>
      <trkpt lat="40.78743" lon="-73.966695">
        <ele>37.2</ele>
        <time>2026-06-17T22:56:16.000Z</time>
      </trkpt>
      <trkpt lat="40.787439" lon="-73.966691">
        <ele>37.2</ele>
        <time>2026-06-17T22:56:17.000Z</time>
      </trkpt>
      <trkpt lat="40.78745" lon="-73.966687">
        <ele>37.4</ele>
        <time>2026-06-17T22:56:18.000Z</time>
      </trkpt>
      <trkpt lat="40.78746" lon="-73.966681">
        <ele>37.4</ele>
        <time>2026-06-17T22:56:19.000Z</time>
      </trkpt>
      <trkpt lat="40.787471" lon="-73.966675">
        <ele>37.4</ele>
        <time>2026-06-17T22:56:20.000Z</time>
      </trkpt>
      <trkpt lat="40.787483" lon="-73.966668">
        <ele>37.4</ele>
        <time>2026-06-17T22:56:21.000Z</time>
      </trkpt>
      <trkpt lat="40.787494" lon="-73.96666">
        <ele>37.6</ele>
        <time>2026-06-17T22:56:22.000Z</time>
      </trkpt>
      <trkpt lat="40.787504" lon="-73.966651">
        <ele>37.6</ele>
        <time>2026-06-17T22:56:23.000Z</time>
      </trkpt>
      <trkpt lat="40.787513" lon="-73.966642">
        <ele>37.6</ele>
        <time>2026-06-17T22:56:24.000Z</time>
      </trkpt>
      <trkpt lat="40.787522" lon="-73.966631">
        <ele>37.6</ele>
        <time>2026-06-17T22:56:25.000Z</time>
      </trkpt>
      <trkpt lat="40.787531" lon="-73.96662">
        <ele>37.8</ele>
        <time>2026-06-17T22:56:26.000Z</time>
      </trkpt>
      <trkpt lat="40.78754" lon="-73.966609">
        <ele>37.8</ele>
        <time>2026-06-17T22:56:27.000Z</time>
      </trkpt>
      <trkpt lat="40.787549" lon="-73.966597">
        <ele>37.8</ele>
        <time>2026-06-17T22:56:28.000Z</time>
      </trkpt>
      <trkpt lat="40.787558" lon="-73.966586">
        <ele>37.6</ele>
        <time>2026-06-17T22:56:29.000Z</time>
      </trkpt>
      <trkpt lat="40.787566" lon="-73.966577">
        <ele>37.6</ele>
        <time>2026-06-17T22:56:30.000Z</time>
      </trkpt>
      <trkpt lat="40.787575" lon="-73.966568">
        <ele>37.6</ele>
        <time>2026-06-17T22:56:31.000Z</time>
      </trkpt>
      <trkpt lat="40.787584" lon="-73.96656">
        <ele>37.4</ele>
        <time>2026-06-17T22:56:32.000Z</time>
      </trkpt>
      <trkpt lat="40.787593" lon="-73.966552">
        <ele>37.4</ele>
        <time>2026-06-17T22:56:33.000Z</time>
      </trkpt>
      <trkpt lat="40.787602" lon="-73.966546">
        <ele>37.4</ele>
        <time>2026-06-17T22:56:34.000Z</time>
      </trkpt>
      <trkpt lat="40.787611" lon="-73.96654">
        <ele>37.4</ele>
        <time>2026-06-17T22:56:35.000Z</time>
      </trkpt>
      <trkpt lat="40.78762" lon="-73.966534">
        <ele>37.2</ele>
        <time>2026-06-17T22:56:36.000Z</time>
      </trkpt>
      <trkpt lat="40.787628" lon="-73.966529">
        <ele>37.2</ele>
        <time>2026-06-17T22:56:37.000Z</time>
      </trkpt>
      <trkpt lat="40.787637" lon="-73.966524">
        <ele>37.2</ele>
        <time>2026-06-17T22:56:38.000Z</time>
      </trkpt>
      <trkpt lat="40.787645" lon="-73.96652">
        <ele>37.2</ele>
        <time>2026-06-17T22:56:39.000Z</time>
      </trkpt>
      <trkpt lat="40.787654" lon="-73.966517">
        <ele>37.2</ele>
        <time>2026-06-17T22:56:40.000Z</time>
      </trkpt>
      <trkpt lat="40.787663" lon="-73.966515">
        <ele>37.2</ele>
        <time>2026-06-17T22:56:41.000Z</time>
      </trkpt>
      <trkpt lat="40.787672" lon="-73.966514">
        <ele>37.2</ele>
        <time>2026-06-17T22:56:42.000Z</time>
      </trkpt>
      <trkpt lat="40.787681" lon="-73.966513">
        <ele>37.4</ele>
        <time>2026-06-17T22:56:43.000Z</time>
      </trkpt>
      <trkpt lat="40.787688" lon="-73.966512">
        <ele>37.4</ele>
        <time>2026-06-17T22:56:44.000Z</time>
      </trkpt>
      <trkpt lat="40.787695" lon="-73.966512">
        <ele>37.4</ele>
        <time>2026-06-17T22:56:45.000Z</time>
      </trkpt>
      <trkpt lat="40.787703" lon="-73.966513">
        <ele>37.4</ele>
        <time>2026-06-17T22:56:46.000Z</time>
      </trkpt>
      <trkpt lat="40.787712" lon="-73.966514">
        <ele>37.4</ele>
        <time>2026-06-17T22:56:47.000Z</time>
      </trkpt>
      <trkpt lat="40.78772" lon="-73.966514">
        <ele>37.4</ele>
        <time>2026-06-17T22:56:48.000Z</time>
      </trkpt>
      <trkpt lat="40.787729" lon="-73.966513">
        <ele>37.4</ele>
        <time>2026-06-17T22:56:49.000Z</time>
      </trkpt>
      <trkpt lat="40.787736" lon="-73.966513">
        <ele>37.4</ele>
        <time>2026-06-17T22:56:50.000Z</time>
      </trkpt>
      <trkpt lat="40.787744" lon="-73.966513">
        <ele>37.4</ele>
        <time>2026-06-17T22:56:51.000Z</time>
      </trkpt>
      <trkpt lat="40.787753" lon="-73.966513">
        <ele>37.4</ele>
        <time>2026-06-17T22:56:52.000Z</time>
      </trkpt>
      <trkpt lat="40.787762" lon="-73.966514">
        <ele>37.4</ele>
        <time>2026-06-17T22:56:53.000Z</time>
      </trkpt>
      <trkpt lat="40.78777" lon="-73.966516">
        <ele>37.4</ele>
        <time>2026-06-17T22:56:54.000Z</time>
      </trkpt>
      <trkpt lat="40.787778" lon="-73.96652">
        <ele>37.4</ele>
        <time>2026-06-17T22:56:55.000Z</time>
      </trkpt>
      <trkpt lat="40.787785" lon="-73.966525">
        <ele>37.4</ele>
        <time>2026-06-17T22:56:56.000Z</time>
      </trkpt>
      <trkpt lat="40.787792" lon="-73.966532">
        <ele>37.4</ele>
        <time>2026-06-17T22:56:57.000Z</time>
      </trkpt>
      <trkpt lat="40.787798" lon="-73.966539">
        <ele>37.4</ele>
        <time>2026-06-17T22:56:58.000Z</time>
      </trkpt>
      <trkpt lat="40.787803" lon="-73.966548">
        <ele>37.4</ele>
        <time>2026-06-17T22:56:59.000Z</time>
      </trkpt>
      <trkpt lat="40.787809" lon="-73.966556">
        <ele>37.4</ele>
        <time>2026-06-17T22:57:00.000Z</time>
      </trkpt>
      <trkpt lat="40.787815" lon="-73.966565">
        <ele>37.4</ele>
        <time>2026-06-17T22:57:01.000Z</time>
      </trkpt>
      <trkpt lat="40.787822" lon="-73.966575">
        <ele>37.4</ele>
        <time>2026-06-17T22:57:02.000Z</time>
      </trkpt>
      <trkpt lat="40.787828" lon="-73.966585">
        <ele>37.6</ele>
        <time>2026-06-17T22:57:03.000Z</time>
      </trkpt>
      <trkpt lat="40.787834" lon="-73.966594">
        <ele>37.6</ele>
        <time>2026-06-17T22:57:04.000Z</time>
      </trkpt>
      <trkpt lat="40.787841" lon="-73.966603">
        <ele>37.6</ele>
        <time>2026-06-17T22:57:05.000Z</time>
      </trkpt>
      <trkpt lat="40.787847" lon="-73.966611">
        <ele>37.8</ele>
        <time>2026-06-17T22:57:06.000Z</time>
      </trkpt>
      <trkpt lat="40.787853" lon="-73.966619">
        <ele>37.8</ele>
        <time>2026-06-17T22:57:07.000Z</time>
      </trkpt>
      <trkpt lat="40.78786" lon="-73.966626">
        <ele>37.8</ele>
        <time>2026-06-17T22:57:08.000Z</time>
      </trkpt>
      <trkpt lat="40.787866" lon="-73.966633">
        <ele>38</ele>
        <time>2026-06-17T22:57:09.000Z</time>
      </trkpt>
      <trkpt lat="40.787874" lon="-73.966641">
        <ele>38</ele>
        <time>2026-06-17T22:57:10.000Z</time>
      </trkpt>
      <trkpt lat="40.787881" lon="-73.966648">
        <ele>38.2</ele>
        <time>2026-06-17T22:57:11.000Z</time>
      </trkpt>
      <trkpt lat="40.787889" lon="-73.966656">
        <ele>38.2</ele>
        <time>2026-06-17T22:57:12.000Z</time>
      </trkpt>
      <trkpt lat="40.787897" lon="-73.966663">
        <ele>38.4</ele>
        <time>2026-06-17T22:57:13.000Z</time>
      </trkpt>
      <trkpt lat="40.787905" lon="-73.966671">
        <ele>38.4</ele>
        <time>2026-06-17T22:57:14.000Z</time>
      </trkpt>
      <trkpt lat="40.787914" lon="-73.966679">
        <ele>38.6</ele>
        <time>2026-06-17T22:57:15.000Z</time>
      </trkpt>
      <trkpt lat="40.787923" lon="-73.966688">
        <ele>38.6</ele>
        <time>2026-06-17T22:57:16.000Z</time>
      </trkpt>
      <trkpt lat="40.787931" lon="-73.966696">
        <ele>38.6</ele>
        <time>2026-06-17T22:57:17.000Z</time>
      </trkpt>
      <trkpt lat="40.787939" lon="-73.966704">
        <ele>38.6</ele>
        <time>2026-06-17T22:57:18.000Z</time>
      </trkpt>
      <trkpt lat="40.787947" lon="-73.966712">
        <ele>38.8</ele>
        <time>2026-06-17T22:57:19.000Z</time>
      </trkpt>
      <trkpt lat="40.787956" lon="-73.966719">
        <ele>38.8</ele>
        <time>2026-06-17T22:57:20.000Z</time>
      </trkpt>
      <trkpt lat="40.787964" lon="-73.966725">
        <ele>38.8</ele>
        <time>2026-06-17T22:57:21.000Z</time>
      </trkpt>
      <trkpt lat="40.787973" lon="-73.96673">
        <ele>38.8</ele>
        <time>2026-06-17T22:57:22.000Z</time>
      </trkpt>
      <trkpt lat="40.787983" lon="-73.966732">
        <ele>38.8</ele>
        <time>2026-06-17T22:57:23.000Z</time>
      </trkpt>
      <trkpt lat="40.787991" lon="-73.966731">
        <ele>38.8</ele>
        <time>2026-06-17T22:57:24.000Z</time>
      </trkpt>
      <trkpt lat="40.788" lon="-73.966727">
        <ele>38.8</ele>
        <time>2026-06-17T22:57:25.000Z</time>
      </trkpt>
      <trkpt lat="40.788008" lon="-73.966722">
        <ele>38.8</ele>
        <time>2026-06-17T22:57:26.000Z</time>
      </trkpt>
      <trkpt lat="40.788017" lon="-73.96672">
        <ele>38.8</ele>
        <time>2026-06-17T22:57:27.000Z</time>
      </trkpt>
      <trkpt lat="40.788025" lon="-73.966721">
        <ele>38.8</ele>
        <time>2026-06-17T22:57:28.000Z</time>
      </trkpt>
      <trkpt lat="40.788033" lon="-73.966727">
        <ele>38.8</ele>
        <time>2026-06-17T22:57:29.000Z</time>
      </trkpt>
      <trkpt lat="40.78804" lon="-73.966736">
        <ele>38.8</ele>
        <time>2026-06-17T22:57:30.000Z</time>
      </trkpt>
      <trkpt lat="40.788047" lon="-73.966748">
        <ele>38.8</ele>
        <time>2026-06-17T22:57:31.000Z</time>
      </trkpt>
      <trkpt lat="40.788053" lon="-73.966762">
        <ele>38.8</ele>
        <time>2026-06-17T22:57:32.000Z</time>
      </trkpt>
      <trkpt lat="40.788057" lon="-73.966776">
        <ele>39</ele>
        <time>2026-06-17T22:57:33.000Z</time>
      </trkpt>
      <trkpt lat="40.788062" lon="-73.966789">
        <ele>39</ele>
        <time>2026-06-17T22:57:34.000Z</time>
      </trkpt>
      <trkpt lat="40.788068" lon="-73.966802">
        <ele>39</ele>
        <time>2026-06-17T22:57:35.000Z</time>
      </trkpt>
      <trkpt lat="40.788073" lon="-73.966813">
        <ele>39</ele>
        <time>2026-06-17T22:57:36.000Z</time>
      </trkpt>
      <trkpt lat="40.78808" lon="-73.966823">
        <ele>39</ele>
        <time>2026-06-17T22:57:37.000Z</time>
      </trkpt>
      <trkpt lat="40.788088" lon="-73.966832">
        <ele>39</ele>
        <time>2026-06-17T22:57:38.000Z</time>
      </trkpt>
      <trkpt lat="40.788096" lon="-73.96684">
        <ele>39</ele>
        <time>2026-06-17T22:57:39.000Z</time>
      </trkpt>
      <trkpt lat="40.788105" lon="-73.966846">
        <ele>39.2</ele>
        <time>2026-06-17T22:57:40.000Z</time>
      </trkpt>
      <trkpt lat="40.788115" lon="-73.966851">
        <ele>39.2</ele>
        <time>2026-06-17T22:57:41.000Z</time>
      </trkpt>
      <trkpt lat="40.788124" lon="-73.966854">
        <ele>39.2</ele>
        <time>2026-06-17T22:57:42.000Z</time>
      </trkpt>
      <trkpt lat="40.788134" lon="-73.966855">
        <ele>39.4</ele>
        <time>2026-06-17T22:57:43.000Z</time>
      </trkpt>
      <trkpt lat="40.788144" lon="-73.966855">
        <ele>39.4</ele>
        <time>2026-06-17T22:57:44.000Z</time>
      </trkpt>
      <trkpt lat="40.788154" lon="-73.966853">
        <ele>39.6</ele>
        <time>2026-06-17T22:57:45.000Z</time>
      </trkpt>
      <trkpt lat="40.788164" lon="-73.966851">
        <ele>39.8</ele>
        <time>2026-06-17T22:57:46.000Z</time>
      </trkpt>
      <trkpt lat="40.788173" lon="-73.966847">
        <ele>39.8</ele>
        <time>2026-06-17T22:57:47.000Z</time>
      </trkpt>
      <trkpt lat="40.788182" lon="-73.966843">
        <ele>40</ele>
        <time>2026-06-17T22:57:48.000Z</time>
      </trkpt>
      <trkpt lat="40.78819" lon="-73.966838">
        <ele>40.2</ele>
        <time>2026-06-17T22:57:49.000Z</time>
      </trkpt>
      <trkpt lat="40.788204" lon="-73.966823">
        <ele>40.2</ele>
        <time>2026-06-17T22:57:50.000Z</time>
      </trkpt>
      <trkpt lat="40.788209" lon="-73.966815">
        <ele>40.4</ele>
        <time>2026-06-17T22:57:51.000Z</time>
      </trkpt>
      <trkpt lat="40.788215" lon="-73.966808">
        <ele>40.6</ele>
        <time>2026-06-17T22:57:52.000Z</time>
      </trkpt>
      <trkpt lat="40.788223" lon="-73.966795">
        <ele>40.8</ele>
        <time>2026-06-17T22:57:53.000Z</time>
      </trkpt>
      <trkpt lat="40.78823" lon="-73.966781">
        <ele>40.8</ele>
        <time>2026-06-17T22:57:54.000Z</time>
      </trkpt>
      <trkpt lat="40.788236" lon="-73.966766">
        <ele>41</ele>
        <time>2026-06-17T22:57:55.000Z</time>
      </trkpt>
      <trkpt lat="40.788242" lon="-73.966752">
        <ele>41</ele>
        <time>2026-06-17T22:57:56.000Z</time>
      </trkpt>
      <trkpt lat="40.788247" lon="-73.966736">
        <ele>41.2</ele>
        <time>2026-06-17T22:57:57.000Z</time>
      </trkpt>
      <trkpt lat="40.788253" lon="-73.966709">
        <ele>41.2</ele>
        <time>2026-06-17T22:57:58.000Z</time>
      </trkpt>
      <trkpt lat="40.788256" lon="-73.966699">
        <ele>41.4</ele>
        <time>2026-06-17T22:57:59.000Z</time>
      </trkpt>
      <trkpt lat="40.788258" lon="-73.966688">
        <ele>41.4</ele>
        <time>2026-06-17T22:58:00.000Z</time>
      </trkpt>
      <trkpt lat="40.788258" lon="-73.966671">
        <ele>41.4</ele>
        <time>2026-06-17T22:58:01.000Z</time>
      </trkpt>
      <trkpt lat="40.788257" lon="-73.966655">
        <ele>41.4</ele>
        <time>2026-06-17T22:58:02.000Z</time>
      </trkpt>
      <trkpt lat="40.788255" lon="-73.966639">
        <ele>41.6</ele>
        <time>2026-06-17T22:58:03.000Z</time>
      </trkpt>
      <trkpt lat="40.788251" lon="-73.966624">
        <ele>41.6</ele>
        <time>2026-06-17T22:58:04.000Z</time>
      </trkpt>
      <trkpt lat="40.788248" lon="-73.966609">
        <ele>41.6</ele>
        <time>2026-06-17T22:58:05.000Z</time>
      </trkpt>
      <trkpt lat="40.788244" lon="-73.966595">
        <ele>41.6</ele>
        <time>2026-06-17T22:58:06.000Z</time>
      </trkpt>
      <trkpt lat="40.788239" lon="-73.966581">
        <ele>41.8</ele>
        <time>2026-06-17T22:58:07.000Z</time>
      </trkpt>
      <trkpt lat="40.788236" lon="-73.966568">
        <ele>41.8</ele>
        <time>2026-06-17T22:58:08.000Z</time>
      </trkpt>
      <trkpt lat="40.788232" lon="-73.966554">
        <ele>41.8</ele>
        <time>2026-06-17T22:58:09.000Z</time>
      </trkpt>
      <trkpt lat="40.78823" lon="-73.966541">
        <ele>41.8</ele>
        <time>2026-06-17T22:58:10.000Z</time>
      </trkpt>
      <trkpt lat="40.78823" lon="-73.966528">
        <ele>42</ele>
        <time>2026-06-17T22:58:11.000Z</time>
      </trkpt>
      <trkpt lat="40.788231" lon="-73.966514">
        <ele>42</ele>
        <time>2026-06-17T22:58:12.000Z</time>
      </trkpt>
      <trkpt lat="40.788234" lon="-73.966502">
        <ele>42</ele>
        <time>2026-06-17T22:58:13.000Z</time>
      </trkpt>
      <trkpt lat="40.788239" lon="-73.96649">
        <ele>42</ele>
        <time>2026-06-17T22:58:14.000Z</time>
      </trkpt>
      <trkpt lat="40.788245" lon="-73.966479">
        <ele>42</ele>
        <time>2026-06-17T22:58:15.000Z</time>
      </trkpt>
      <trkpt lat="40.78825" lon="-73.966468">
        <ele>42</ele>
        <time>2026-06-17T22:58:16.000Z</time>
      </trkpt>
      <trkpt lat="40.788256" lon="-73.966458">
        <ele>42</ele>
        <time>2026-06-17T22:58:17.000Z</time>
      </trkpt>
      <trkpt lat="40.788261" lon="-73.966446">
        <ele>42</ele>
        <time>2026-06-17T22:58:18.000Z</time>
      </trkpt>
      <trkpt lat="40.788266" lon="-73.966435">
        <ele>42.2</ele>
        <time>2026-06-17T22:58:19.000Z</time>
      </trkpt>
      <trkpt lat="40.788272" lon="-73.966422">
        <ele>42.2</ele>
        <time>2026-06-17T22:58:20.000Z</time>
      </trkpt>
      <trkpt lat="40.788278" lon="-73.966411">
        <ele>42.2</ele>
        <time>2026-06-17T22:58:21.000Z</time>
      </trkpt>
      <trkpt lat="40.788284" lon="-73.966399">
        <ele>42.2</ele>
        <time>2026-06-17T22:58:22.000Z</time>
      </trkpt>
      <trkpt lat="40.788291" lon="-73.966388">
        <ele>42.2</ele>
        <time>2026-06-17T22:58:23.000Z</time>
      </trkpt>
      <trkpt lat="40.788297" lon="-73.966377">
        <ele>42.2</ele>
        <time>2026-06-17T22:58:24.000Z</time>
      </trkpt>
      <trkpt lat="40.788304" lon="-73.966367">
        <ele>42.2</ele>
        <time>2026-06-17T22:58:25.000Z</time>
      </trkpt>
      <trkpt lat="40.788311" lon="-73.966357">
        <ele>42.4</ele>
        <time>2026-06-17T22:58:26.000Z</time>
      </trkpt>
      <trkpt lat="40.788318" lon="-73.966348">
        <ele>42.4</ele>
        <time>2026-06-17T22:58:27.000Z</time>
      </trkpt>
      <trkpt lat="40.788325" lon="-73.966339">
        <ele>42.4</ele>
        <time>2026-06-17T22:58:28.000Z</time>
      </trkpt>
      <trkpt lat="40.788333" lon="-73.96633">
        <ele>42.4</ele>
        <time>2026-06-17T22:58:29.000Z</time>
      </trkpt>
      <trkpt lat="40.78834" lon="-73.966321">
        <ele>42.4</ele>
        <time>2026-06-17T22:58:30.000Z</time>
      </trkpt>
      <trkpt lat="40.788348" lon="-73.966313">
        <ele>42.4</ele>
        <time>2026-06-17T22:58:31.000Z</time>
      </trkpt>
      <trkpt lat="40.788355" lon="-73.966305">
        <ele>42.4</ele>
        <time>2026-06-17T22:58:32.000Z</time>
      </trkpt>
      <trkpt lat="40.788362" lon="-73.966297">
        <ele>42.4</ele>
        <time>2026-06-17T22:58:33.000Z</time>
      </trkpt>
      <trkpt lat="40.78837" lon="-73.966289">
        <ele>42.4</ele>
        <time>2026-06-17T22:58:34.000Z</time>
      </trkpt>
      <trkpt lat="40.788377" lon="-73.966281">
        <ele>42.4</ele>
        <time>2026-06-17T22:58:35.000Z</time>
      </trkpt>
      <trkpt lat="40.788385" lon="-73.966272">
        <ele>42.2</ele>
        <time>2026-06-17T22:58:36.000Z</time>
      </trkpt>
      <trkpt lat="40.788392" lon="-73.966264">
        <ele>42.2</ele>
        <time>2026-06-17T22:58:37.000Z</time>
      </trkpt>
      <trkpt lat="40.788399" lon="-73.966257">
        <ele>42.2</ele>
        <time>2026-06-17T22:58:38.000Z</time>
      </trkpt>
      <trkpt lat="40.788406" lon="-73.966249">
        <ele>42.2</ele>
        <time>2026-06-17T22:58:39.000Z</time>
      </trkpt>
      <trkpt lat="40.788413" lon="-73.966241">
        <ele>42.2</ele>
        <time>2026-06-17T22:58:40.000Z</time>
      </trkpt>
      <trkpt lat="40.788419" lon="-73.966233">
        <ele>42.2</ele>
        <time>2026-06-17T22:58:41.000Z</time>
      </trkpt>
      <trkpt lat="40.788426" lon="-73.966225">
        <ele>42</ele>
        <time>2026-06-17T22:58:42.000Z</time>
      </trkpt>
      <trkpt lat="40.788434" lon="-73.966216">
        <ele>42</ele>
        <time>2026-06-17T22:58:43.000Z</time>
      </trkpt>
      <trkpt lat="40.788442" lon="-73.966207">
        <ele>42</ele>
        <time>2026-06-17T22:58:44.000Z</time>
      </trkpt>
      <trkpt lat="40.788449" lon="-73.966198">
        <ele>42</ele>
        <time>2026-06-17T22:58:45.000Z</time>
      </trkpt>
      <trkpt lat="40.788457" lon="-73.966189">
        <ele>42</ele>
        <time>2026-06-17T22:58:46.000Z</time>
      </trkpt>
      <trkpt lat="40.788464" lon="-73.96618">
        <ele>42</ele>
        <time>2026-06-17T22:58:47.000Z</time>
      </trkpt>
      <trkpt lat="40.788472" lon="-73.966171">
        <ele>41.8</ele>
        <time>2026-06-17T22:58:48.000Z</time>
      </trkpt>
      <trkpt lat="40.78848" lon="-73.966162">
        <ele>41.8</ele>
        <time>2026-06-17T22:58:49.000Z</time>
      </trkpt>
      <trkpt lat="40.788488" lon="-73.966153">
        <ele>41.8</ele>
        <time>2026-06-17T22:58:50.000Z</time>
      </trkpt>
      <trkpt lat="40.788496" lon="-73.966144">
        <ele>41.8</ele>
        <time>2026-06-17T22:58:51.000Z</time>
      </trkpt>
      <trkpt lat="40.788505" lon="-73.966135">
        <ele>41.8</ele>
        <time>2026-06-17T22:58:52.000Z</time>
      </trkpt>
      <trkpt lat="40.788513" lon="-73.966126">
        <ele>41.8</ele>
        <time>2026-06-17T22:58:53.000Z</time>
      </trkpt>
      <trkpt lat="40.788522" lon="-73.966118">
        <ele>41.8</ele>
        <time>2026-06-17T22:58:54.000Z</time>
      </trkpt>
      <trkpt lat="40.788531" lon="-73.96611">
        <ele>41.8</ele>
        <time>2026-06-17T22:58:55.000Z</time>
      </trkpt>
      <trkpt lat="40.788539" lon="-73.966103">
        <ele>41.8</ele>
        <time>2026-06-17T22:58:56.000Z</time>
      </trkpt>
      <trkpt lat="40.788547" lon="-73.966096">
        <ele>41.8</ele>
        <time>2026-06-17T22:58:57.000Z</time>
      </trkpt>
      <trkpt lat="40.788555" lon="-73.96609">
        <ele>41.8</ele>
        <time>2026-06-17T22:58:58.000Z</time>
      </trkpt>
      <trkpt lat="40.788562" lon="-73.966083">
        <ele>41.8</ele>
        <time>2026-06-17T22:58:59.000Z</time>
      </trkpt>
      <trkpt lat="40.788569" lon="-73.966078">
        <ele>41.6</ele>
        <time>2026-06-17T22:59:00.000Z</time>
      </trkpt>
      <trkpt lat="40.788577" lon="-73.966072">
        <ele>41.6</ele>
        <time>2026-06-17T22:59:01.000Z</time>
      </trkpt>
      <trkpt lat="40.788584" lon="-73.966066">
        <ele>41.6</ele>
        <time>2026-06-17T22:59:02.000Z</time>
      </trkpt>
      <trkpt lat="40.788592" lon="-73.96606">
        <ele>41.6</ele>
        <time>2026-06-17T22:59:03.000Z</time>
      </trkpt>
      <trkpt lat="40.788599" lon="-73.966055">
        <ele>41.6</ele>
        <time>2026-06-17T22:59:04.000Z</time>
      </trkpt>
      <trkpt lat="40.788606" lon="-73.966049">
        <ele>41.6</ele>
        <time>2026-06-17T22:59:05.000Z</time>
      </trkpt>
      <trkpt lat="40.788614" lon="-73.966044">
        <ele>41.6</ele>
        <time>2026-06-17T22:59:06.000Z</time>
      </trkpt>
      <trkpt lat="40.788621" lon="-73.966038">
        <ele>41.6</ele>
        <time>2026-06-17T22:59:07.000Z</time>
      </trkpt>
      <trkpt lat="40.788629" lon="-73.966032">
        <ele>41.6</ele>
        <time>2026-06-17T22:59:08.000Z</time>
      </trkpt>
      <trkpt lat="40.788638" lon="-73.966025">
        <ele>41.4</ele>
        <time>2026-06-17T22:59:09.000Z</time>
      </trkpt>
      <trkpt lat="40.788646" lon="-73.966019">
        <ele>41.4</ele>
        <time>2026-06-17T22:59:10.000Z</time>
      </trkpt>
      <trkpt lat="40.788654" lon="-73.966013">
        <ele>41.4</ele>
        <time>2026-06-17T22:59:11.000Z</time>
      </trkpt>
      <trkpt lat="40.788661" lon="-73.966007">
        <ele>41.4</ele>
        <time>2026-06-17T22:59:12.000Z</time>
      </trkpt>
      <trkpt lat="40.788668" lon="-73.966002">
        <ele>41.4</ele>
        <time>2026-06-17T22:59:13.000Z</time>
      </trkpt>
      <trkpt lat="40.788676" lon="-73.965996">
        <ele>41.4</ele>
        <time>2026-06-17T22:59:14.000Z</time>
      </trkpt>
      <trkpt lat="40.788684" lon="-73.96599">
        <ele>41.4</ele>
        <time>2026-06-17T22:59:15.000Z</time>
      </trkpt>
      <trkpt lat="40.788691" lon="-73.965984">
        <ele>41.2</ele>
        <time>2026-06-17T22:59:16.000Z</time>
      </trkpt>
      <trkpt lat="40.788699" lon="-73.965978">
        <ele>41.2</ele>
        <time>2026-06-17T22:59:17.000Z</time>
      </trkpt>
      <trkpt lat="40.788706" lon="-73.965972">
        <ele>41.2</ele>
        <time>2026-06-17T22:59:18.000Z</time>
      </trkpt>
      <trkpt lat="40.788713" lon="-73.965966">
        <ele>41.2</ele>
        <time>2026-06-17T22:59:19.000Z</time>
      </trkpt>
      <trkpt lat="40.78872" lon="-73.96596">
        <ele>41.2</ele>
        <time>2026-06-17T22:59:20.000Z</time>
      </trkpt>
      <trkpt lat="40.788727" lon="-73.965954">
        <ele>41</ele>
        <time>2026-06-17T22:59:21.000Z</time>
      </trkpt>
      <trkpt lat="40.788734" lon="-73.965948">
        <ele>41</ele>
        <time>2026-06-17T22:59:22.000Z</time>
      </trkpt>
      <trkpt lat="40.788741" lon="-73.965942">
        <ele>41</ele>
        <time>2026-06-17T22:59:23.000Z</time>
      </trkpt>
      <trkpt lat="40.788749" lon="-73.965935">
        <ele>40.8</ele>
        <time>2026-06-17T22:59:24.000Z</time>
      </trkpt>
      <trkpt lat="40.788756" lon="-73.965929">
        <ele>40.8</ele>
        <time>2026-06-17T22:59:25.000Z</time>
      </trkpt>
      <trkpt lat="40.788764" lon="-73.965921">
        <ele>40.6</ele>
        <time>2026-06-17T22:59:26.000Z</time>
      </trkpt>
      <trkpt lat="40.788772" lon="-73.965914">
        <ele>40.6</ele>
        <time>2026-06-17T22:59:27.000Z</time>
      </trkpt>
      <trkpt lat="40.78878" lon="-73.965906">
        <ele>40.6</ele>
        <time>2026-06-17T22:59:28.000Z</time>
      </trkpt>
      <trkpt lat="40.788788" lon="-73.965899">
        <ele>40.4</ele>
        <time>2026-06-17T22:59:29.000Z</time>
      </trkpt>
      <trkpt lat="40.788796" lon="-73.965892">
        <ele>40.4</ele>
        <time>2026-06-17T22:59:30.000Z</time>
      </trkpt>
      <trkpt lat="40.788803" lon="-73.965885">
        <ele>40.2</ele>
        <time>2026-06-17T22:59:31.000Z</time>
      </trkpt>
      <trkpt lat="40.78881" lon="-73.965878">
        <ele>40.2</ele>
        <time>2026-06-17T22:59:32.000Z</time>
      </trkpt>
      <trkpt lat="40.788817" lon="-73.965871">
        <ele>40</ele>
        <time>2026-06-17T22:59:33.000Z</time>
      </trkpt>
      <trkpt lat="40.788825" lon="-73.965864">
        <ele>40</ele>
        <time>2026-06-17T22:59:34.000Z</time>
      </trkpt>
      <trkpt lat="40.788832" lon="-73.965857">
        <ele>39.8</ele>
        <time>2026-06-17T22:59:35.000Z</time>
      </trkpt>
      <trkpt lat="40.788839" lon="-73.96585">
        <ele>39.8</ele>
        <time>2026-06-17T22:59:36.000Z</time>
      </trkpt>
      <trkpt lat="40.788847" lon="-73.965843">
        <ele>39.6</ele>
        <time>2026-06-17T22:59:37.000Z</time>
      </trkpt>
      <trkpt lat="40.788854" lon="-73.965835">
        <ele>39.6</ele>
        <time>2026-06-17T22:59:38.000Z</time>
      </trkpt>
      <trkpt lat="40.788861" lon="-73.965827">
        <ele>39.4</ele>
        <time>2026-06-17T22:59:39.000Z</time>
      </trkpt>
      <trkpt lat="40.788868" lon="-73.965819">
        <ele>39.4</ele>
        <time>2026-06-17T22:59:40.000Z</time>
      </trkpt>
      <trkpt lat="40.788874" lon="-73.965809">
        <ele>39.2</ele>
        <time>2026-06-17T22:59:41.000Z</time>
      </trkpt>
      <trkpt lat="40.788879" lon="-73.9658">
        <ele>39.2</ele>
        <time>2026-06-17T22:59:42.000Z</time>
      </trkpt>
      <trkpt lat="40.788885" lon="-73.96579">
        <ele>39.2</ele>
        <time>2026-06-17T22:59:43.000Z</time>
      </trkpt>
      <trkpt lat="40.78889" lon="-73.96578">
        <ele>39</ele>
        <time>2026-06-17T22:59:44.000Z</time>
      </trkpt>
      <trkpt lat="40.788895" lon="-73.965769">
        <ele>39</ele>
        <time>2026-06-17T22:59:45.000Z</time>
      </trkpt>
      <trkpt lat="40.7889" lon="-73.965757">
        <ele>39</ele>
        <time>2026-06-17T22:59:46.000Z</time>
      </trkpt>
      <trkpt lat="40.788904" lon="-73.965744">
        <ele>39</ele>
        <time>2026-06-17T22:59:47.000Z</time>
      </trkpt>
      <trkpt lat="40.788907" lon="-73.965731">
        <ele>38.8</ele>
        <time>2026-06-17T22:59:48.000Z</time>
      </trkpt>
      <trkpt lat="40.788911" lon="-73.965718">
        <ele>38.8</ele>
        <time>2026-06-17T22:59:49.000Z</time>
      </trkpt>
      <trkpt lat="40.788914" lon="-73.965704">
        <ele>38.8</ele>
        <time>2026-06-17T22:59:50.000Z</time>
      </trkpt>
      <trkpt lat="40.788916" lon="-73.96569">
        <ele>38.6</ele>
        <time>2026-06-17T22:59:51.000Z</time>
      </trkpt>
      <trkpt lat="40.788919" lon="-73.965676">
        <ele>38.6</ele>
        <time>2026-06-17T22:59:52.000Z</time>
      </trkpt>
      <trkpt lat="40.788921" lon="-73.965662">
        <ele>38.6</ele>
        <time>2026-06-17T22:59:53.000Z</time>
      </trkpt>
      <trkpt lat="40.788924" lon="-73.965648">
        <ele>38.6</ele>
        <time>2026-06-17T22:59:54.000Z</time>
      </trkpt>
      <trkpt lat="40.788927" lon="-73.965634">
        <ele>38.6</ele>
        <time>2026-06-17T22:59:55.000Z</time>
      </trkpt>
      <trkpt lat="40.788929" lon="-73.96562">
        <ele>38.4</ele>
        <time>2026-06-17T22:59:56.000Z</time>
      </trkpt>
      <trkpt lat="40.788932" lon="-73.965606">
        <ele>38.4</ele>
        <time>2026-06-17T22:59:57.000Z</time>
      </trkpt>
      <trkpt lat="40.788936" lon="-73.965592">
        <ele>38.4</ele>
        <time>2026-06-17T22:59:58.000Z</time>
      </trkpt>
      <trkpt lat="40.788939" lon="-73.965577">
        <ele>38.4</ele>
        <time>2026-06-17T22:59:59.000Z</time>
      </trkpt>
      <trkpt lat="40.788943" lon="-73.965563">
        <ele>38.2</ele>
        <time>2026-06-17T23:00:00.000Z</time>
      </trkpt>
      <trkpt lat="40.788948" lon="-73.965548">
        <ele>38.2</ele>
        <time>2026-06-17T23:00:01.000Z</time>
      </trkpt>
      <trkpt lat="40.788953" lon="-73.965533">
        <ele>38.2</ele>
        <time>2026-06-17T23:00:02.000Z</time>
      </trkpt>
      <trkpt lat="40.788958" lon="-73.965519">
        <ele>38.2</ele>
        <time>2026-06-17T23:00:03.000Z</time>
      </trkpt>
      <trkpt lat="40.788963" lon="-73.965504">
        <ele>38.2</ele>
        <time>2026-06-17T23:00:04.000Z</time>
      </trkpt>
      <trkpt lat="40.788967" lon="-73.96549">
        <ele>38</ele>
        <time>2026-06-17T23:00:05.000Z</time>
      </trkpt>
      <trkpt lat="40.788971" lon="-73.965475">
        <ele>38</ele>
        <time>2026-06-17T23:00:06.000Z</time>
      </trkpt>
      <trkpt lat="40.788975" lon="-73.965461">
        <ele>38</ele>
        <time>2026-06-17T23:00:07.000Z</time>
      </trkpt>
      <trkpt lat="40.788979" lon="-73.965446">
        <ele>38</ele>
        <time>2026-06-17T23:00:08.000Z</time>
      </trkpt>
      <trkpt lat="40.788983" lon="-73.965433">
        <ele>38</ele>
        <time>2026-06-17T23:00:09.000Z</time>
      </trkpt>
      <trkpt lat="40.788986" lon="-73.965419">
        <ele>38</ele>
        <time>2026-06-17T23:00:10.000Z</time>
      </trkpt>
      <trkpt lat="40.78899" lon="-73.965405">
        <ele>38</ele>
        <time>2026-06-17T23:00:11.000Z</time>
      </trkpt>
      <trkpt lat="40.788992" lon="-73.965391">
        <ele>38</ele>
        <time>2026-06-17T23:00:12.000Z</time>
      </trkpt>
      <trkpt lat="40.788994" lon="-73.965377">
        <ele>38</ele>
        <time>2026-06-17T23:00:13.000Z</time>
      </trkpt>
      <trkpt lat="40.788995" lon="-73.965363">
        <ele>38</ele>
        <time>2026-06-17T23:00:14.000Z</time>
      </trkpt>
      <trkpt lat="40.788997" lon="-73.96535">
        <ele>38</ele>
        <time>2026-06-17T23:00:15.000Z</time>
      </trkpt>
      <trkpt lat="40.788999" lon="-73.965337">
        <ele>38</ele>
        <time>2026-06-17T23:00:16.000Z</time>
      </trkpt>
      <trkpt lat="40.789002" lon="-73.965326">
        <ele>38</ele>
        <time>2026-06-17T23:00:17.000Z</time>
      </trkpt>
      <trkpt lat="40.789005" lon="-73.965315">
        <ele>38</ele>
        <time>2026-06-17T23:00:18.000Z</time>
      </trkpt>
      <trkpt lat="40.789009" lon="-73.965305">
        <ele>38</ele>
        <time>2026-06-17T23:00:19.000Z</time>
      </trkpt>
      <trkpt lat="40.789013" lon="-73.965296">
        <ele>38</ele>
        <time>2026-06-17T23:00:20.000Z</time>
      </trkpt>
      <trkpt lat="40.789017" lon="-73.965288">
        <ele>38</ele>
        <time>2026-06-17T23:00:21.000Z</time>
      </trkpt>
      <trkpt lat="40.789022" lon="-73.965282">
        <ele>38</ele>
        <time>2026-06-17T23:00:22.000Z</time>
      </trkpt>
      <trkpt lat="40.789026" lon="-73.965278">
        <ele>38</ele>
        <time>2026-06-17T23:00:23.000Z</time>
      </trkpt>
      <trkpt lat="40.789029" lon="-73.965278">
        <ele>38</ele>
        <time>2026-06-17T23:00:24.000Z</time>
      </trkpt>
      <trkpt lat="40.789033" lon="-73.965281">
        <ele>38.2</ele>
        <time>2026-06-17T23:00:25.000Z</time>
      </trkpt>
      <trkpt lat="40.789037" lon="-73.965288">
        <ele>38.2</ele>
        <time>2026-06-17T23:00:26.000Z</time>
      </trkpt>
      <trkpt lat="40.789042" lon="-73.965297">
        <ele>38.2</ele>
        <time>2026-06-17T23:00:27.000Z</time>
      </trkpt>
      <trkpt lat="40.789048" lon="-73.965309">
        <ele>38.2</ele>
        <time>2026-06-17T23:00:28.000Z</time>
      </trkpt>
      <trkpt lat="40.789052" lon="-73.965322">
        <ele>38.2</ele>
        <time>2026-06-17T23:00:29.000Z</time>
      </trkpt>
      <trkpt lat="40.789056" lon="-73.965335">
        <ele>38.2</ele>
        <time>2026-06-17T23:00:30.000Z</time>
      </trkpt>
      <trkpt lat="40.78906" lon="-73.965348">
        <ele>38.2</ele>
        <time>2026-06-17T23:00:31.000Z</time>
      </trkpt>
      <trkpt lat="40.789063" lon="-73.965361">
        <ele>38.2</ele>
        <time>2026-06-17T23:00:32.000Z</time>
      </trkpt>
      <trkpt lat="40.789067" lon="-73.965373">
        <ele>38.2</ele>
        <time>2026-06-17T23:00:33.000Z</time>
      </trkpt>
      <trkpt lat="40.78907" lon="-73.965385">
        <ele>38.4</ele>
        <time>2026-06-17T23:00:34.000Z</time>
      </trkpt>
      <trkpt lat="40.789074" lon="-73.965397">
        <ele>38.4</ele>
        <time>2026-06-17T23:00:35.000Z</time>
      </trkpt>
      <trkpt lat="40.789077" lon="-73.965409">
        <ele>38.4</ele>
        <time>2026-06-17T23:00:36.000Z</time>
      </trkpt>
      <trkpt lat="40.789081" lon="-73.965421">
        <ele>38.4</ele>
        <time>2026-06-17T23:00:37.000Z</time>
      </trkpt>
      <trkpt lat="40.789085" lon="-73.965431">
        <ele>38.4</ele>
        <time>2026-06-17T23:00:38.000Z</time>
      </trkpt>
      <trkpt lat="40.78909" lon="-73.965442">
        <ele>38.4</ele>
        <time>2026-06-17T23:00:39.000Z</time>
      </trkpt>
      <trkpt lat="40.789094" lon="-73.965452">
        <ele>38.4</ele>
        <time>2026-06-17T23:00:40.000Z</time>
      </trkpt>
      <trkpt lat="40.789099" lon="-73.965463">
        <ele>38.4</ele>
        <time>2026-06-17T23:00:41.000Z</time>
      </trkpt>
      <trkpt lat="40.789105" lon="-73.965474">
        <ele>38.4</ele>
        <time>2026-06-17T23:00:42.000Z</time>
      </trkpt>
      <trkpt lat="40.78911" lon="-73.965485">
        <ele>38.4</ele>
        <time>2026-06-17T23:00:43.000Z</time>
      </trkpt>
      <trkpt lat="40.789115" lon="-73.965496">
        <ele>38.4</ele>
        <time>2026-06-17T23:00:44.000Z</time>
      </trkpt>
      <trkpt lat="40.789122" lon="-73.965508">
        <ele>38.4</ele>
        <time>2026-06-17T23:00:45.000Z</time>
      </trkpt>
      <trkpt lat="40.789128" lon="-73.96552">
        <ele>38.4</ele>
        <time>2026-06-17T23:00:46.000Z</time>
      </trkpt>
      <trkpt lat="40.789136" lon="-73.965532">
        <ele>38.4</ele>
        <time>2026-06-17T23:00:47.000Z</time>
      </trkpt>
      <trkpt lat="40.789143" lon="-73.965545">
        <ele>38.2</ele>
        <time>2026-06-17T23:00:48.000Z</time>
      </trkpt>
      <trkpt lat="40.78915" lon="-73.965557">
        <ele>38.2</ele>
        <time>2026-06-17T23:00:49.000Z</time>
      </trkpt>
      <trkpt lat="40.789158" lon="-73.96557">
        <ele>38.2</ele>
        <time>2026-06-17T23:00:50.000Z</time>
      </trkpt>
      <trkpt lat="40.789166" lon="-73.965582">
        <ele>38</ele>
        <time>2026-06-17T23:00:51.000Z</time>
      </trkpt>
      <trkpt lat="40.789173" lon="-73.965593">
        <ele>38</ele>
        <time>2026-06-17T23:00:52.000Z</time>
      </trkpt>
      <trkpt lat="40.78918" lon="-73.965605">
        <ele>38</ele>
        <time>2026-06-17T23:00:53.000Z</time>
      </trkpt>
      <trkpt lat="40.789187" lon="-73.965615">
        <ele>38</ele>
        <time>2026-06-17T23:00:54.000Z</time>
      </trkpt>
      <trkpt lat="40.789194" lon="-73.965624">
        <ele>37.8</ele>
        <time>2026-06-17T23:00:55.000Z</time>
      </trkpt>
      <trkpt lat="40.789202" lon="-73.965632">
        <ele>37.8</ele>
        <time>2026-06-17T23:00:56.000Z</time>
      </trkpt>
      <trkpt lat="40.789211" lon="-73.965641">
        <ele>37.8</ele>
        <time>2026-06-17T23:00:57.000Z</time>
      </trkpt>
      <trkpt lat="40.78922" lon="-73.96565">
        <ele>37.8</ele>
        <time>2026-06-17T23:00:58.000Z</time>
      </trkpt>
      <trkpt lat="40.789228" lon="-73.965659">
        <ele>37.8</ele>
        <time>2026-06-17T23:00:59.000Z</time>
      </trkpt>
      <trkpt lat="40.789237" lon="-73.965666">
        <ele>37.8</ele>
        <time>2026-06-17T23:01:00.000Z</time>
      </trkpt>
      <trkpt lat="40.789246" lon="-73.965674">
        <ele>37.8</ele>
        <time>2026-06-17T23:01:01.000Z</time>
      </trkpt>
      <trkpt lat="40.789255" lon="-73.965681">
        <ele>37.8</ele>
        <time>2026-06-17T23:01:02.000Z</time>
      </trkpt>
      <trkpt lat="40.789263" lon="-73.965688">
        <ele>37.8</ele>
        <time>2026-06-17T23:01:03.000Z</time>
      </trkpt>
      <trkpt lat="40.789271" lon="-73.965696">
        <ele>37.8</ele>
        <time>2026-06-17T23:01:04.000Z</time>
      </trkpt>
      <trkpt lat="40.789279" lon="-73.965703">
        <ele>37.8</ele>
        <time>2026-06-17T23:01:05.000Z</time>
      </trkpt>
      <trkpt lat="40.789287" lon="-73.96571">
        <ele>37.8</ele>
        <time>2026-06-17T23:01:06.000Z</time>
      </trkpt>
      <trkpt lat="40.789295" lon="-73.965717">
        <ele>37.8</ele>
        <time>2026-06-17T23:01:07.000Z</time>
      </trkpt>
      <trkpt lat="40.789303" lon="-73.965725">
        <ele>37.8</ele>
        <time>2026-06-17T23:01:08.000Z</time>
      </trkpt>
      <trkpt lat="40.789311" lon="-73.965733">
        <ele>37.8</ele>
        <time>2026-06-17T23:01:09.000Z</time>
      </trkpt>
      <trkpt lat="40.789319" lon="-73.965741">
        <ele>37.8</ele>
        <time>2026-06-17T23:01:10.000Z</time>
      </trkpt>
      <trkpt lat="40.789327" lon="-73.965749">
        <ele>37.8</ele>
        <time>2026-06-17T23:01:11.000Z</time>
      </trkpt>
      <trkpt lat="40.789335" lon="-73.965757">
        <ele>37.8</ele>
        <time>2026-06-17T23:01:12.000Z</time>
      </trkpt>
      <trkpt lat="40.789343" lon="-73.965765">
        <ele>37.8</ele>
        <time>2026-06-17T23:01:13.000Z</time>
      </trkpt>
      <trkpt lat="40.78935" lon="-73.965774">
        <ele>37.6</ele>
        <time>2026-06-17T23:01:14.000Z</time>
      </trkpt>
      <trkpt lat="40.789357" lon="-73.965783">
        <ele>37.6</ele>
        <time>2026-06-17T23:01:15.000Z</time>
      </trkpt>
      <trkpt lat="40.789365" lon="-73.965793">
        <ele>37.6</ele>
        <time>2026-06-17T23:01:16.000Z</time>
      </trkpt>
      <trkpt lat="40.789372" lon="-73.965803">
        <ele>37.6</ele>
        <time>2026-06-17T23:01:17.000Z</time>
      </trkpt>
      <trkpt lat="40.789379" lon="-73.965812">
        <ele>37.4</ele>
        <time>2026-06-17T23:01:18.000Z</time>
      </trkpt>
      <trkpt lat="40.789387" lon="-73.96582">
        <ele>37.4</ele>
        <time>2026-06-17T23:01:19.000Z</time>
      </trkpt>
      <trkpt lat="40.789395" lon="-73.965829">
        <ele>37.4</ele>
        <time>2026-06-17T23:01:20.000Z</time>
      </trkpt>
      <trkpt lat="40.789404" lon="-73.965838">
        <ele>37.2</ele>
        <time>2026-06-17T23:01:21.000Z</time>
      </trkpt>
      <trkpt lat="40.789412" lon="-73.965847">
        <ele>37.2</ele>
        <time>2026-06-17T23:01:22.000Z</time>
      </trkpt>
      <trkpt lat="40.789421" lon="-73.965855">
        <ele>37.2</ele>
        <time>2026-06-17T23:01:23.000Z</time>
      </trkpt>
      <trkpt lat="40.789429" lon="-73.965863">
        <ele>37</ele>
        <time>2026-06-17T23:01:24.000Z</time>
      </trkpt>
      <trkpt lat="40.789438" lon="-73.965871">
        <ele>37</ele>
        <time>2026-06-17T23:01:25.000Z</time>
      </trkpt>
      <trkpt lat="40.789447" lon="-73.965878">
        <ele>37</ele>
        <time>2026-06-17T23:01:26.000Z</time>
      </trkpt>
      <trkpt lat="40.789456" lon="-73.965886">
        <ele>37</ele>
        <time>2026-06-17T23:01:27.000Z</time>
      </trkpt>
      <trkpt lat="40.789465" lon="-73.965893">
        <ele>36.8</ele>
        <time>2026-06-17T23:01:28.000Z</time>
      </trkpt>
      <trkpt lat="40.789474" lon="-73.965902">
        <ele>36.8</ele>
        <time>2026-06-17T23:01:29.000Z</time>
      </trkpt>
      <trkpt lat="40.789482" lon="-73.965912">
        <ele>36.8</ele>
        <time>2026-06-17T23:01:30.000Z</time>
      </trkpt>
      <trkpt lat="40.789489" lon="-73.965922">
        <ele>36.8</ele>
        <time>2026-06-17T23:01:31.000Z</time>
      </trkpt>
      <trkpt lat="40.789495" lon="-73.965933">
        <ele>36.8</ele>
        <time>2026-06-17T23:01:32.000Z</time>
      </trkpt>
      <trkpt lat="40.7895" lon="-73.965944">
        <ele>36.8</ele>
        <time>2026-06-17T23:01:33.000Z</time>
      </trkpt>
      <trkpt lat="40.789505" lon="-73.965954">
        <ele>36.8</ele>
        <time>2026-06-17T23:01:34.000Z</time>
      </trkpt>
      <trkpt lat="40.78951" lon="-73.965964">
        <ele>36.8</ele>
        <time>2026-06-17T23:01:35.000Z</time>
      </trkpt>
      <trkpt lat="40.789515" lon="-73.965974">
        <ele>36.8</ele>
        <time>2026-06-17T23:01:36.000Z</time>
      </trkpt>
      <trkpt lat="40.78952" lon="-73.965984">
        <ele>36.8</ele>
        <time>2026-06-17T23:01:37.000Z</time>
      </trkpt>
      <trkpt lat="40.789526" lon="-73.965993">
        <ele>36.8</ele>
        <time>2026-06-17T23:01:38.000Z</time>
      </trkpt>
      <trkpt lat="40.789532" lon="-73.966003">
        <ele>36.6</ele>
        <time>2026-06-17T23:01:39.000Z</time>
      </trkpt>
      <trkpt lat="40.789538" lon="-73.966012">
        <ele>36.6</ele>
        <time>2026-06-17T23:01:40.000Z</time>
      </trkpt>
      <trkpt lat="40.789544" lon="-73.966022">
        <ele>36.6</ele>
        <time>2026-06-17T23:01:41.000Z</time>
      </trkpt>
      <trkpt lat="40.78955" lon="-73.966032">
        <ele>36.6</ele>
        <time>2026-06-17T23:01:42.000Z</time>
      </trkpt>
      <trkpt lat="40.789557" lon="-73.966041">
        <ele>36.6</ele>
        <time>2026-06-17T23:01:43.000Z</time>
      </trkpt>
      <trkpt lat="40.789563" lon="-73.96605">
        <ele>36.6</ele>
        <time>2026-06-17T23:01:44.000Z</time>
      </trkpt>
      <trkpt lat="40.789571" lon="-73.966057">
        <ele>36.6</ele>
        <time>2026-06-17T23:01:45.000Z</time>
      </trkpt>
      <trkpt lat="40.789579" lon="-73.966061">
        <ele>36.6</ele>
        <time>2026-06-17T23:01:46.000Z</time>
      </trkpt>
      <trkpt lat="40.789587" lon="-73.966062">
        <ele>36.6</ele>
        <time>2026-06-17T23:01:47.000Z</time>
      </trkpt>
      <trkpt lat="40.789595" lon="-73.966062">
        <ele>36.6</ele>
        <time>2026-06-17T23:01:48.000Z</time>
      </trkpt>
      <trkpt lat="40.789602" lon="-73.966062">
        <ele>36.6</ele>
        <time>2026-06-17T23:01:49.000Z</time>
      </trkpt>
      <trkpt lat="40.78961" lon="-73.966064">
        <ele>36.6</ele>
        <time>2026-06-17T23:01:50.000Z</time>
      </trkpt>
      <trkpt lat="40.789614" lon="-73.966067">
        <ele>36.6</ele>
        <time>2026-06-17T23:01:51.000Z</time>
      </trkpt>
      <trkpt lat="40.789617" lon="-73.966069">
        <ele>36.6</ele>
        <time>2026-06-17T23:01:52.000Z</time>
      </trkpt>
      <trkpt lat="40.78962" lon="-73.966072">
        <ele>36.8</ele>
        <time>2026-06-17T23:01:53.000Z</time>
      </trkpt>
      <trkpt lat="40.789624" lon="-73.966074">
        <ele>36.8</ele>
        <time>2026-06-17T23:01:54.000Z</time>
      </trkpt>
      <trkpt lat="40.789627" lon="-73.966077">
        <ele>36.8</ele>
        <time>2026-06-17T23:01:55.000Z</time>
      </trkpt>
      <trkpt lat="40.78963" lon="-73.966079">
        <ele>36.8</ele>
        <time>2026-06-17T23:01:56.000Z</time>
      </trkpt>
      <trkpt lat="40.789634" lon="-73.966082">
        <ele>36.8</ele>
        <time>2026-06-17T23:01:57.000Z</time>
      </trkpt>
      <trkpt lat="40.789637" lon="-73.966084">
        <ele>36.8</ele>
        <time>2026-06-17T23:01:58.000Z</time>
      </trkpt>
      <trkpt lat="40.789641" lon="-73.966086">
        <ele>37</ele>
        <time>2026-06-17T23:01:59.000Z</time>
      </trkpt>
      <trkpt lat="40.789644" lon="-73.966089">
        <ele>37</ele>
        <time>2026-06-17T23:02:00.000Z</time>
      </trkpt>
      <trkpt lat="40.789647" lon="-73.966091">
        <ele>37</ele>
        <time>2026-06-17T23:02:01.000Z</time>
      </trkpt>
      <trkpt lat="40.789651" lon="-73.966094">
        <ele>37</ele>
        <time>2026-06-17T23:02:02.000Z</time>
      </trkpt>
      <trkpt lat="40.789654" lon="-73.966096">
        <ele>36.8</ele>
        <time>2026-06-17T23:02:03.000Z</time>
      </trkpt>
      <trkpt lat="40.789657" lon="-73.966099">
        <ele>36.8</ele>
        <time>2026-06-17T23:02:04.000Z</time>
      </trkpt>
      <trkpt lat="40.789661" lon="-73.966101">
        <ele>36.8</ele>
        <time>2026-06-17T23:02:05.000Z</time>
      </trkpt>
      <trkpt lat="40.789664" lon="-73.966104">
        <ele>36.8</ele>
        <time>2026-06-17T23:02:06.000Z</time>
      </trkpt>
      <trkpt lat="40.789667" lon="-73.966106">
        <ele>36.8</ele>
        <time>2026-06-17T23:02:07.000Z</time>
      </trkpt>
      <trkpt lat="40.789671" lon="-73.966109">
        <ele>36.6</ele>
        <time>2026-06-17T23:02:08.000Z</time>
      </trkpt>
      <trkpt lat="40.789674" lon="-73.966111">
        <ele>36.6</ele>
        <time>2026-06-17T23:02:09.000Z</time>
      </trkpt>
      <trkpt lat="40.78968" lon="-73.966121">
        <ele>36.6</ele>
        <time>2026-06-17T23:02:10.000Z</time>
      </trkpt>
      <trkpt lat="40.789687" lon="-73.96613">
        <ele>36.6</ele>
        <time>2026-06-17T23:02:11.000Z</time>
      </trkpt>
      <trkpt lat="40.789694" lon="-73.96614">
        <ele>36.6</ele>
        <time>2026-06-17T23:02:12.000Z</time>
      </trkpt>
      <trkpt lat="40.789701" lon="-73.966149">
        <ele>36.6</ele>
        <time>2026-06-17T23:02:13.000Z</time>
      </trkpt>
      <trkpt lat="40.789707" lon="-73.966159">
        <ele>36.6</ele>
        <time>2026-06-17T23:02:14.000Z</time>
      </trkpt>
      <trkpt lat="40.789714" lon="-73.966169">
        <ele>36.6</ele>
        <time>2026-06-17T23:02:15.000Z</time>
      </trkpt>
      <trkpt lat="40.789719" lon="-73.966179">
        <ele>36.6</ele>
        <time>2026-06-17T23:02:16.000Z</time>
      </trkpt>
      <trkpt lat="40.789725" lon="-73.96619">
        <ele>36.6</ele>
        <time>2026-06-17T23:02:17.000Z</time>
      </trkpt>
      <trkpt lat="40.78973" lon="-73.966201">
        <ele>36.6</ele>
        <time>2026-06-17T23:02:18.000Z</time>
      </trkpt>
      <trkpt lat="40.789735" lon="-73.966213">
        <ele>36.8</ele>
        <time>2026-06-17T23:02:19.000Z</time>
      </trkpt>
      <trkpt lat="40.78974" lon="-73.966225">
        <ele>36.8</ele>
        <time>2026-06-17T23:02:20.000Z</time>
      </trkpt>
      <trkpt lat="40.789745" lon="-73.966237">
        <ele>36.8</ele>
        <time>2026-06-17T23:02:21.000Z</time>
      </trkpt>
      <trkpt lat="40.789749" lon="-73.96625">
        <ele>36.8</ele>
        <time>2026-06-17T23:02:22.000Z</time>
      </trkpt>
      <trkpt lat="40.789754" lon="-73.966263">
        <ele>36.8</ele>
        <time>2026-06-17T23:02:23.000Z</time>
      </trkpt>
      <trkpt lat="40.789759" lon="-73.966277">
        <ele>36.8</ele>
        <time>2026-06-17T23:02:24.000Z</time>
      </trkpt>
      <trkpt lat="40.789764" lon="-73.96629">
        <ele>37</ele>
        <time>2026-06-17T23:02:25.000Z</time>
      </trkpt>
      <trkpt lat="40.789769" lon="-73.966303">
        <ele>37</ele>
        <time>2026-06-17T23:02:26.000Z</time>
      </trkpt>
      <trkpt lat="40.789773" lon="-73.966317">
        <ele>37</ele>
        <time>2026-06-17T23:02:27.000Z</time>
      </trkpt>
      <trkpt lat="40.789778" lon="-73.96633">
        <ele>37.2</ele>
        <time>2026-06-17T23:02:28.000Z</time>
      </trkpt>
      <trkpt lat="40.789782" lon="-73.966343">
        <ele>37.2</ele>
        <time>2026-06-17T23:02:29.000Z</time>
      </trkpt>
      <trkpt lat="40.789787" lon="-73.966356">
        <ele>37.2</ele>
        <time>2026-06-17T23:02:30.000Z</time>
      </trkpt>
      <trkpt lat="40.789791" lon="-73.966369">
        <ele>37.2</ele>
        <time>2026-06-17T23:02:31.000Z</time>
      </trkpt>
      <trkpt lat="40.789796" lon="-73.966382">
        <ele>37.4</ele>
        <time>2026-06-17T23:02:32.000Z</time>
      </trkpt>
      <trkpt lat="40.7898" lon="-73.966394">
        <ele>37.4</ele>
        <time>2026-06-17T23:02:33.000Z</time>
      </trkpt>
      <trkpt lat="40.789804" lon="-73.966407">
        <ele>37.4</ele>
        <time>2026-06-17T23:02:34.000Z</time>
      </trkpt>
      <trkpt lat="40.789809" lon="-73.966419">
        <ele>37.4</ele>
        <time>2026-06-17T23:02:35.000Z</time>
      </trkpt>
      <trkpt lat="40.789813" lon="-73.966431">
        <ele>37.4</ele>
        <time>2026-06-17T23:02:36.000Z</time>
      </trkpt>
      <trkpt lat="40.789817" lon="-73.966443">
        <ele>37.2</ele>
        <time>2026-06-17T23:02:37.000Z</time>
      </trkpt>
      <trkpt lat="40.789822" lon="-73.966455">
        <ele>37.2</ele>
        <time>2026-06-17T23:02:38.000Z</time>
      </trkpt>
      <trkpt lat="40.789826" lon="-73.966467">
        <ele>37.2</ele>
        <time>2026-06-17T23:02:39.000Z</time>
      </trkpt>
      <trkpt lat="40.78983" lon="-73.966478">
        <ele>37.2</ele>
        <time>2026-06-17T23:02:40.000Z</time>
      </trkpt>
      <trkpt lat="40.789835" lon="-73.96649">
        <ele>37.2</ele>
        <time>2026-06-17T23:02:41.000Z</time>
      </trkpt>
      <trkpt lat="40.78984" lon="-73.966503">
        <ele>37</ele>
        <time>2026-06-17T23:02:42.000Z</time>
      </trkpt>
      <trkpt lat="40.789845" lon="-73.966515">
        <ele>37</ele>
        <time>2026-06-17T23:02:43.000Z</time>
      </trkpt>
      <trkpt lat="40.78985" lon="-73.966527">
        <ele>37</ele>
        <time>2026-06-17T23:02:44.000Z</time>
      </trkpt>
      <trkpt lat="40.789855" lon="-73.966539">
        <ele>37</ele>
        <time>2026-06-17T23:02:45.000Z</time>
      </trkpt>
      <trkpt lat="40.78986" lon="-73.966551">
        <ele>37</ele>
        <time>2026-06-17T23:02:46.000Z</time>
      </trkpt>
      <trkpt lat="40.789865" lon="-73.966563">
        <ele>37</ele>
        <time>2026-06-17T23:02:47.000Z</time>
      </trkpt>
      <trkpt lat="40.78987" lon="-73.966575">
        <ele>37</ele>
        <time>2026-06-17T23:02:48.000Z</time>
      </trkpt>
      <trkpt lat="40.789875" lon="-73.966586">
        <ele>37</ele>
        <time>2026-06-17T23:02:49.000Z</time>
      </trkpt>
      <trkpt lat="40.78988" lon="-73.966597">
        <ele>37</ele>
        <time>2026-06-17T23:02:50.000Z</time>
      </trkpt>
      <trkpt lat="40.789885" lon="-73.966609">
        <ele>37</ele>
        <time>2026-06-17T23:02:51.000Z</time>
      </trkpt>
      <trkpt lat="40.789889" lon="-73.96662">
        <ele>37</ele>
        <time>2026-06-17T23:02:52.000Z</time>
      </trkpt>
      <trkpt lat="40.789895" lon="-73.966632">
        <ele>37</ele>
        <time>2026-06-17T23:02:53.000Z</time>
      </trkpt>
      <trkpt lat="40.7899" lon="-73.966644">
        <ele>37</ele>
        <time>2026-06-17T23:02:54.000Z</time>
      </trkpt>
      <trkpt lat="40.789905" lon="-73.966655">
        <ele>37</ele>
        <time>2026-06-17T23:02:55.000Z</time>
      </trkpt>
      <trkpt lat="40.78991" lon="-73.966667">
        <ele>37</ele>
        <time>2026-06-17T23:02:56.000Z</time>
      </trkpt>
      <trkpt lat="40.789916" lon="-73.966679">
        <ele>37.2</ele>
        <time>2026-06-17T23:02:57.000Z</time>
      </trkpt>
      <trkpt lat="40.789921" lon="-73.966691">
        <ele>37.2</ele>
        <time>2026-06-17T23:02:58.000Z</time>
      </trkpt>
      <trkpt lat="40.789926" lon="-73.966703">
        <ele>37.2</ele>
        <time>2026-06-17T23:02:59.000Z</time>
      </trkpt>
      <trkpt lat="40.789932" lon="-73.966715">
        <ele>37.2</ele>
        <time>2026-06-17T23:03:00.000Z</time>
      </trkpt>
      <trkpt lat="40.789937" lon="-73.966727">
        <ele>37.2</ele>
        <time>2026-06-17T23:03:01.000Z</time>
      </trkpt>
      <trkpt lat="40.789942" lon="-73.966739">
        <ele>37.2</ele>
        <time>2026-06-17T23:03:02.000Z</time>
      </trkpt>
      <trkpt lat="40.789947" lon="-73.966751">
        <ele>37.2</ele>
        <time>2026-06-17T23:03:03.000Z</time>
      </trkpt>
      <trkpt lat="40.789953" lon="-73.966763">
        <ele>37.2</ele>
        <time>2026-06-17T23:03:04.000Z</time>
      </trkpt>
      <trkpt lat="40.789958" lon="-73.966775">
        <ele>37.2</ele>
        <time>2026-06-17T23:03:05.000Z</time>
      </trkpt>
      <trkpt lat="40.789963" lon="-73.966787">
        <ele>37.2</ele>
        <time>2026-06-17T23:03:06.000Z</time>
      </trkpt>
      <trkpt lat="40.789968" lon="-73.966798">
        <ele>37.2</ele>
        <time>2026-06-17T23:03:07.000Z</time>
      </trkpt>
      <trkpt lat="40.789973" lon="-73.96681">
        <ele>37.2</ele>
        <time>2026-06-17T23:03:08.000Z</time>
      </trkpt>
      <trkpt lat="40.789978" lon="-73.966822">
        <ele>37.2</ele>
        <time>2026-06-17T23:03:09.000Z</time>
      </trkpt>
      <trkpt lat="40.789983" lon="-73.966833">
        <ele>37.2</ele>
        <time>2026-06-17T23:03:10.000Z</time>
      </trkpt>
      <trkpt lat="40.789988" lon="-73.966845">
        <ele>37.2</ele>
        <time>2026-06-17T23:03:11.000Z</time>
      </trkpt>
      <trkpt lat="40.789992" lon="-73.966856">
        <ele>37.2</ele>
        <time>2026-06-17T23:03:12.000Z</time>
      </trkpt>
      <trkpt lat="40.789997" lon="-73.966868">
        <ele>37.2</ele>
        <time>2026-06-17T23:03:13.000Z</time>
      </trkpt>
      <trkpt lat="40.790002" lon="-73.96688">
        <ele>37.2</ele>
        <time>2026-06-17T23:03:14.000Z</time>
      </trkpt>
      <trkpt lat="40.790007" lon="-73.966892">
        <ele>37.2</ele>
        <time>2026-06-17T23:03:15.000Z</time>
      </trkpt>
      <trkpt lat="40.790012" lon="-73.966903">
        <ele>37.2</ele>
        <time>2026-06-17T23:03:16.000Z</time>
      </trkpt>
      <trkpt lat="40.790017" lon="-73.966915">
        <ele>37.2</ele>
        <time>2026-06-17T23:03:17.000Z</time>
      </trkpt>
      <trkpt lat="40.790022" lon="-73.966927">
        <ele>37.2</ele>
        <time>2026-06-17T23:03:18.000Z</time>
      </trkpt>
      <trkpt lat="40.790027" lon="-73.96694">
        <ele>37.2</ele>
        <time>2026-06-17T23:03:19.000Z</time>
      </trkpt>
      <trkpt lat="40.790032" lon="-73.966952">
        <ele>37.2</ele>
        <time>2026-06-17T23:03:20.000Z</time>
      </trkpt>
      <trkpt lat="40.790037" lon="-73.966964">
        <ele>37.2</ele>
        <time>2026-06-17T23:03:21.000Z</time>
      </trkpt>
      <trkpt lat="40.790042" lon="-73.966976">
        <ele>37.2</ele>
        <time>2026-06-17T23:03:22.000Z</time>
      </trkpt>
      <trkpt lat="40.790047" lon="-73.966988">
        <ele>37.2</ele>
        <time>2026-06-17T23:03:23.000Z</time>
      </trkpt>
      <trkpt lat="40.790053" lon="-73.967001">
        <ele>37.4</ele>
        <time>2026-06-17T23:03:24.000Z</time>
      </trkpt>
      <trkpt lat="40.790058" lon="-73.967013">
        <ele>37.4</ele>
        <time>2026-06-17T23:03:25.000Z</time>
      </trkpt>
      <trkpt lat="40.790063" lon="-73.967025">
        <ele>37.4</ele>
        <time>2026-06-17T23:03:26.000Z</time>
      </trkpt>
      <trkpt lat="40.790068" lon="-73.967037">
        <ele>37.4</ele>
        <time>2026-06-17T23:03:27.000Z</time>
      </trkpt>
      <trkpt lat="40.790073" lon="-73.967049">
        <ele>37.4</ele>
        <time>2026-06-17T23:03:28.000Z</time>
      </trkpt>
      <trkpt lat="40.790078" lon="-73.967061">
        <ele>37.4</ele>
        <time>2026-06-17T23:03:29.000Z</time>
      </trkpt>
      <trkpt lat="40.790082" lon="-73.967073">
        <ele>37.6</ele>
        <time>2026-06-17T23:03:30.000Z</time>
      </trkpt>
      <trkpt lat="40.790087" lon="-73.967084">
        <ele>37.6</ele>
        <time>2026-06-17T23:03:31.000Z</time>
      </trkpt>
      <trkpt lat="40.790092" lon="-73.967095">
        <ele>37.6</ele>
        <time>2026-06-17T23:03:32.000Z</time>
      </trkpt>
      <trkpt lat="40.790097" lon="-73.967107">
        <ele>37.6</ele>
        <time>2026-06-17T23:03:33.000Z</time>
      </trkpt>
      <trkpt lat="40.790101" lon="-73.967118">
        <ele>37.6</ele>
        <time>2026-06-17T23:03:34.000Z</time>
      </trkpt>
      <trkpt lat="40.790106" lon="-73.967129">
        <ele>37.8</ele>
        <time>2026-06-17T23:03:35.000Z</time>
      </trkpt>
      <trkpt lat="40.790111" lon="-73.96714">
        <ele>37.8</ele>
        <time>2026-06-17T23:03:36.000Z</time>
      </trkpt>
      <trkpt lat="40.790115" lon="-73.967152">
        <ele>37.8</ele>
        <time>2026-06-17T23:03:37.000Z</time>
      </trkpt>
      <trkpt lat="40.79012" lon="-73.967163">
        <ele>37.8</ele>
        <time>2026-06-17T23:03:38.000Z</time>
      </trkpt>
      <trkpt lat="40.790125" lon="-73.967174">
        <ele>37.8</ele>
        <time>2026-06-17T23:03:39.000Z</time>
      </trkpt>
      <trkpt lat="40.79013" lon="-73.967185">
        <ele>37.8</ele>
        <time>2026-06-17T23:03:40.000Z</time>
      </trkpt>
      <trkpt lat="40.790134" lon="-73.967197">
        <ele>37.8</ele>
        <time>2026-06-17T23:03:41.000Z</time>
      </trkpt>
      <trkpt lat="40.790139" lon="-73.967208">
        <ele>37.8</ele>
        <time>2026-06-17T23:03:42.000Z</time>
      </trkpt>
      <trkpt lat="40.790144" lon="-73.967219">
        <ele>37.8</ele>
        <time>2026-06-17T23:03:43.000Z</time>
      </trkpt>
      <trkpt lat="40.790148" lon="-73.967231">
        <ele>38</ele>
        <time>2026-06-17T23:03:44.000Z</time>
      </trkpt>
      <trkpt lat="40.790153" lon="-73.967242">
        <ele>38</ele>
        <time>2026-06-17T23:03:45.000Z</time>
      </trkpt>
      <trkpt lat="40.790158" lon="-73.967253">
        <ele>38</ele>
        <time>2026-06-17T23:03:46.000Z</time>
      </trkpt>
      <trkpt lat="40.790163" lon="-73.967265">
        <ele>38</ele>
        <time>2026-06-17T23:03:47.000Z</time>
      </trkpt>
      <trkpt lat="40.790168" lon="-73.967276">
        <ele>38</ele>
        <time>2026-06-17T23:03:48.000Z</time>
      </trkpt>
      <trkpt lat="40.790172" lon="-73.967288">
        <ele>38</ele>
        <time>2026-06-17T23:03:49.000Z</time>
      </trkpt>
      <trkpt lat="40.790177" lon="-73.967299">
        <ele>38</ele>
        <time>2026-06-17T23:03:50.000Z</time>
      </trkpt>
      <trkpt lat="40.790182" lon="-73.967311">
        <ele>38</ele>
        <time>2026-06-17T23:03:51.000Z</time>
      </trkpt>
      <trkpt lat="40.790187" lon="-73.967323">
        <ele>38</ele>
        <time>2026-06-17T23:03:52.000Z</time>
      </trkpt>
      <trkpt lat="40.790192" lon="-73.967335">
        <ele>38</ele>
        <time>2026-06-17T23:03:53.000Z</time>
      </trkpt>
      <trkpt lat="40.790197" lon="-73.967347">
        <ele>38</ele>
        <time>2026-06-17T23:03:54.000Z</time>
      </trkpt>
      <trkpt lat="40.790202" lon="-73.967359">
        <ele>38</ele>
        <time>2026-06-17T23:03:55.000Z</time>
      </trkpt>
      <trkpt lat="40.790207" lon="-73.967371">
        <ele>38</ele>
        <time>2026-06-17T23:03:56.000Z</time>
      </trkpt>
      <trkpt lat="40.790212" lon="-73.967382">
        <ele>38</ele>
        <time>2026-06-17T23:03:57.000Z</time>
      </trkpt>
      <trkpt lat="40.790217" lon="-73.967394">
        <ele>38</ele>
        <time>2026-06-17T23:03:58.000Z</time>
      </trkpt>
      <trkpt lat="40.790222" lon="-73.967406">
        <ele>37.8</ele>
        <time>2026-06-17T23:03:59.000Z</time>
      </trkpt>
      <trkpt lat="40.790227" lon="-73.967417">
        <ele>37.8</ele>
        <time>2026-06-17T23:04:00.000Z</time>
      </trkpt>
      <trkpt lat="40.790232" lon="-73.967429">
        <ele>37.8</ele>
        <time>2026-06-17T23:04:01.000Z</time>
      </trkpt>
      <trkpt lat="40.790237" lon="-73.967441">
        <ele>37.8</ele>
        <time>2026-06-17T23:04:02.000Z</time>
      </trkpt>
      <trkpt lat="40.790242" lon="-73.967453">
        <ele>37.8</ele>
        <time>2026-06-17T23:04:03.000Z</time>
      </trkpt>
      <trkpt lat="40.790247" lon="-73.967465">
        <ele>37.8</ele>
        <time>2026-06-17T23:04:04.000Z</time>
      </trkpt>
      <trkpt lat="40.790252" lon="-73.967477">
        <ele>37.8</ele>
        <time>2026-06-17T23:04:05.000Z</time>
      </trkpt>
      <trkpt lat="40.790257" lon="-73.96749">
        <ele>37.8</ele>
        <time>2026-06-17T23:04:06.000Z</time>
      </trkpt>
      <trkpt lat="40.790263" lon="-73.967502">
        <ele>37.8</ele>
        <time>2026-06-17T23:04:07.000Z</time>
      </trkpt>
      <trkpt lat="40.790268" lon="-73.967514">
        <ele>37.8</ele>
        <time>2026-06-17T23:04:08.000Z</time>
      </trkpt>
      <trkpt lat="40.790273" lon="-73.967527">
        <ele>37.8</ele>
        <time>2026-06-17T23:04:09.000Z</time>
      </trkpt>
      <trkpt lat="40.790278" lon="-73.967539">
        <ele>37.8</ele>
        <time>2026-06-17T23:04:10.000Z</time>
      </trkpt>
      <trkpt lat="40.790283" lon="-73.967552">
        <ele>38</ele>
        <time>2026-06-17T23:04:11.000Z</time>
      </trkpt>
      <trkpt lat="40.790288" lon="-73.967564">
        <ele>38</ele>
        <time>2026-06-17T23:04:12.000Z</time>
      </trkpt>
      <trkpt lat="40.790294" lon="-73.967576">
        <ele>38</ele>
        <time>2026-06-17T23:04:13.000Z</time>
      </trkpt>
      <trkpt lat="40.790299" lon="-73.967588">
        <ele>38</ele>
        <time>2026-06-17T23:04:14.000Z</time>
      </trkpt>
      <trkpt lat="40.790304" lon="-73.967601">
        <ele>38</ele>
        <time>2026-06-17T23:04:15.000Z</time>
      </trkpt>
      <trkpt lat="40.790309" lon="-73.967613">
        <ele>38</ele>
        <time>2026-06-17T23:04:16.000Z</time>
      </trkpt>
      <trkpt lat="40.790313" lon="-73.967625">
        <ele>38</ele>
        <time>2026-06-17T23:04:17.000Z</time>
      </trkpt>
      <trkpt lat="40.790318" lon="-73.967636">
        <ele>38</ele>
        <time>2026-06-17T23:04:18.000Z</time>
      </trkpt>
      <trkpt lat="40.790323" lon="-73.967648">
        <ele>38</ele>
        <time>2026-06-17T23:04:19.000Z</time>
      </trkpt>
      <trkpt lat="40.790328" lon="-73.96766">
        <ele>38.2</ele>
        <time>2026-06-17T23:04:20.000Z</time>
      </trkpt>
      <trkpt lat="40.790332" lon="-73.967671">
        <ele>38.2</ele>
        <time>2026-06-17T23:04:21.000Z</time>
      </trkpt>
      <trkpt lat="40.790337" lon="-73.967683">
        <ele>38.2</ele>
        <time>2026-06-17T23:04:22.000Z</time>
      </trkpt>
      <trkpt lat="40.790341" lon="-73.967694">
        <ele>38.2</ele>
        <time>2026-06-17T23:04:23.000Z</time>
      </trkpt>
      <trkpt lat="40.790345" lon="-73.967705">
        <ele>38.2</ele>
        <time>2026-06-17T23:04:24.000Z</time>
      </trkpt>
      <trkpt lat="40.79035" lon="-73.967716">
        <ele>38.2</ele>
        <time>2026-06-17T23:04:25.000Z</time>
      </trkpt>
      <trkpt lat="40.790354" lon="-73.967727">
        <ele>38.2</ele>
        <time>2026-06-17T23:04:26.000Z</time>
      </trkpt>
      <trkpt lat="40.790358" lon="-73.967738">
        <ele>38.4</ele>
        <time>2026-06-17T23:04:27.000Z</time>
      </trkpt>
      <trkpt lat="40.790362" lon="-73.967749">
        <ele>38.4</ele>
        <time>2026-06-17T23:04:28.000Z</time>
      </trkpt>
      <trkpt lat="40.790367" lon="-73.967759">
        <ele>38.4</ele>
        <time>2026-06-17T23:04:29.000Z</time>
      </trkpt>
      <trkpt lat="40.790371" lon="-73.96777">
        <ele>38.4</ele>
        <time>2026-06-17T23:04:30.000Z</time>
      </trkpt>
      <trkpt lat="40.790375" lon="-73.967781">
        <ele>38.4</ele>
        <time>2026-06-17T23:04:31.000Z</time>
      </trkpt>
      <trkpt lat="40.790379" lon="-73.967792">
        <ele>38.6</ele>
        <time>2026-06-17T23:04:32.000Z</time>
      </trkpt>
      <trkpt lat="40.790384" lon="-73.967803">
        <ele>38.6</ele>
        <time>2026-06-17T23:04:33.000Z</time>
      </trkpt>
      <trkpt lat="40.790388" lon="-73.967814">
        <ele>38.6</ele>
        <time>2026-06-17T23:04:34.000Z</time>
      </trkpt>
      <trkpt lat="40.790392" lon="-73.967824">
        <ele>38.6</ele>
        <time>2026-06-17T23:04:35.000Z</time>
      </trkpt>
      <trkpt lat="40.790396" lon="-73.967835">
        <ele>38.6</ele>
        <time>2026-06-17T23:04:36.000Z</time>
      </trkpt>
      <trkpt lat="40.7904" lon="-73.967845">
        <ele>38.6</ele>
        <time>2026-06-17T23:04:37.000Z</time>
      </trkpt>
      <trkpt lat="40.790404" lon="-73.967856">
        <ele>38.8</ele>
        <time>2026-06-17T23:04:38.000Z</time>
      </trkpt>
      <trkpt lat="40.790408" lon="-73.967866">
        <ele>38.8</ele>
        <time>2026-06-17T23:04:39.000Z</time>
      </trkpt>
      <trkpt lat="40.790412" lon="-73.967877">
        <ele>38.8</ele>
        <time>2026-06-17T23:04:40.000Z</time>
      </trkpt>
      <trkpt lat="40.790417" lon="-73.967888">
        <ele>38.8</ele>
        <time>2026-06-17T23:04:41.000Z</time>
      </trkpt>
      <trkpt lat="40.790421" lon="-73.967898">
        <ele>38.8</ele>
        <time>2026-06-17T23:04:42.000Z</time>
      </trkpt>
      <trkpt lat="40.790425" lon="-73.967909">
        <ele>38.8</ele>
        <time>2026-06-17T23:04:43.000Z</time>
      </trkpt>
      <trkpt lat="40.790429" lon="-73.96792">
        <ele>38.8</ele>
        <time>2026-06-17T23:04:44.000Z</time>
      </trkpt>
      <trkpt lat="40.790434" lon="-73.967931">
        <ele>38.8</ele>
        <time>2026-06-17T23:04:45.000Z</time>
      </trkpt>
      <trkpt lat="40.790438" lon="-73.967942">
        <ele>39</ele>
        <time>2026-06-17T23:04:46.000Z</time>
      </trkpt>
      <trkpt lat="40.790443" lon="-73.967953">
        <ele>39</ele>
        <time>2026-06-17T23:04:47.000Z</time>
      </trkpt>
      <trkpt lat="40.790447" lon="-73.967964">
        <ele>39</ele>
        <time>2026-06-17T23:04:48.000Z</time>
      </trkpt>
      <trkpt lat="40.790452" lon="-73.967976">
        <ele>39</ele>
        <time>2026-06-17T23:04:49.000Z</time>
      </trkpt>
      <trkpt lat="40.790457" lon="-73.967987">
        <ele>39</ele>
        <time>2026-06-17T23:04:50.000Z</time>
      </trkpt>
      <trkpt lat="40.790462" lon="-73.967999">
        <ele>39</ele>
        <time>2026-06-17T23:04:51.000Z</time>
      </trkpt>
      <trkpt lat="40.790467" lon="-73.96801">
        <ele>39</ele>
        <time>2026-06-17T23:04:52.000Z</time>
      </trkpt>
      <trkpt lat="40.790472" lon="-73.968022">
        <ele>39</ele>
        <time>2026-06-17T23:04:53.000Z</time>
      </trkpt>
      <trkpt lat="40.790477" lon="-73.968034">
        <ele>39</ele>
        <time>2026-06-17T23:04:54.000Z</time>
      </trkpt>
      <trkpt lat="40.790481" lon="-73.968045">
        <ele>39</ele>
        <time>2026-06-17T23:04:55.000Z</time>
      </trkpt>
      <trkpt lat="40.790486" lon="-73.968057">
        <ele>39</ele>
        <time>2026-06-17T23:04:56.000Z</time>
      </trkpt>
      <trkpt lat="40.790491" lon="-73.968068">
        <ele>39</ele>
        <time>2026-06-17T23:04:57.000Z</time>
      </trkpt>
      <trkpt lat="40.790496" lon="-73.96808">
        <ele>39</ele>
        <time>2026-06-17T23:04:58.000Z</time>
      </trkpt>
      <trkpt lat="40.790502" lon="-73.968092">
        <ele>39</ele>
        <time>2026-06-17T23:04:59.000Z</time>
      </trkpt>
      <trkpt lat="40.790507" lon="-73.968103">
        <ele>39</ele>
        <time>2026-06-17T23:05:00.000Z</time>
      </trkpt>
      <trkpt lat="40.790512" lon="-73.968115">
        <ele>39</ele>
        <time>2026-06-17T23:05:01.000Z</time>
      </trkpt>
      <trkpt lat="40.790517" lon="-73.968127">
        <ele>39</ele>
        <time>2026-06-17T23:05:02.000Z</time>
      </trkpt>
      <trkpt lat="40.790522" lon="-73.968139">
        <ele>39</ele>
        <time>2026-06-17T23:05:03.000Z</time>
      </trkpt>
      <trkpt lat="40.790527" lon="-73.968151">
        <ele>39</ele>
        <time>2026-06-17T23:05:04.000Z</time>
      </trkpt>
      <trkpt lat="40.790533" lon="-73.968163">
        <ele>39</ele>
        <time>2026-06-17T23:05:05.000Z</time>
      </trkpt>
      <trkpt lat="40.790538" lon="-73.968174">
        <ele>39</ele>
        <time>2026-06-17T23:05:06.000Z</time>
      </trkpt>
      <trkpt lat="40.790543" lon="-73.968186">
        <ele>39</ele>
        <time>2026-06-17T23:05:07.000Z</time>
      </trkpt>
      <trkpt lat="40.790548" lon="-73.968197">
        <ele>39</ele>
        <time>2026-06-17T23:05:08.000Z</time>
      </trkpt>
      <trkpt lat="40.790553" lon="-73.968208">
        <ele>39</ele>
        <time>2026-06-17T23:05:09.000Z</time>
      </trkpt>
      <trkpt lat="40.790558" lon="-73.96822">
        <ele>39</ele>
        <time>2026-06-17T23:05:10.000Z</time>
      </trkpt>
      <trkpt lat="40.790563" lon="-73.968231">
        <ele>39</ele>
        <time>2026-06-17T23:05:11.000Z</time>
      </trkpt>
      <trkpt lat="40.790568" lon="-73.968242">
        <ele>39</ele>
        <time>2026-06-17T23:05:12.000Z</time>
      </trkpt>
      <trkpt lat="40.790573" lon="-73.968253">
        <ele>39</ele>
        <time>2026-06-17T23:05:13.000Z</time>
      </trkpt>
      <trkpt lat="40.790578" lon="-73.968263">
        <ele>39</ele>
        <time>2026-06-17T23:05:14.000Z</time>
      </trkpt>
      <trkpt lat="40.790582" lon="-73.968275">
        <ele>39</ele>
        <time>2026-06-17T23:05:15.000Z</time>
      </trkpt>
      <trkpt lat="40.790587" lon="-73.968286">
        <ele>39</ele>
        <time>2026-06-17T23:05:16.000Z</time>
      </trkpt>
      <trkpt lat="40.790592" lon="-73.968297">
        <ele>39</ele>
        <time>2026-06-17T23:05:17.000Z</time>
      </trkpt>
      <trkpt lat="40.790597" lon="-73.968308">
        <ele>39</ele>
        <time>2026-06-17T23:05:18.000Z</time>
      </trkpt>
      <trkpt lat="40.790602" lon="-73.96832">
        <ele>39</ele>
        <time>2026-06-17T23:05:19.000Z</time>
      </trkpt>
      <trkpt lat="40.790607" lon="-73.968332">
        <ele>38.8</ele>
        <time>2026-06-17T23:05:20.000Z</time>
      </trkpt>
      <trkpt lat="40.790612" lon="-73.968343">
        <ele>38.8</ele>
        <time>2026-06-17T23:05:21.000Z</time>
      </trkpt>
      <trkpt lat="40.790617" lon="-73.968355">
        <ele>38.8</ele>
        <time>2026-06-17T23:05:22.000Z</time>
      </trkpt>
      <trkpt lat="40.790622" lon="-73.968367">
        <ele>38.8</ele>
        <time>2026-06-17T23:05:23.000Z</time>
      </trkpt>
      <trkpt lat="40.790627" lon="-73.968379">
        <ele>38.8</ele>
        <time>2026-06-17T23:05:24.000Z</time>
      </trkpt>
      <trkpt lat="40.790632" lon="-73.968391">
        <ele>38.8</ele>
        <time>2026-06-17T23:05:25.000Z</time>
      </trkpt>
      <trkpt lat="40.790637" lon="-73.968403">
        <ele>39</ele>
        <time>2026-06-17T23:05:26.000Z</time>
      </trkpt>
      <trkpt lat="40.790642" lon="-73.968414">
        <ele>39</ele>
        <time>2026-06-17T23:05:27.000Z</time>
      </trkpt>
      <trkpt lat="40.790647" lon="-73.968426">
        <ele>39</ele>
        <time>2026-06-17T23:05:28.000Z</time>
      </trkpt>
      <trkpt lat="40.790652" lon="-73.968438">
        <ele>39</ele>
        <time>2026-06-17T23:05:29.000Z</time>
      </trkpt>
      <trkpt lat="40.790657" lon="-73.968449">
        <ele>39</ele>
        <time>2026-06-17T23:05:30.000Z</time>
      </trkpt>
      <trkpt lat="40.790661" lon="-73.968461">
        <ele>39</ele>
        <time>2026-06-17T23:05:31.000Z</time>
      </trkpt>
      <trkpt lat="40.790666" lon="-73.968473">
        <ele>39</ele>
        <time>2026-06-17T23:05:32.000Z</time>
      </trkpt>
      <trkpt lat="40.790671" lon="-73.968484">
        <ele>39.2</ele>
        <time>2026-06-17T23:05:33.000Z</time>
      </trkpt>
      <trkpt lat="40.790675" lon="-73.968496">
        <ele>39.2</ele>
        <time>2026-06-17T23:05:34.000Z</time>
      </trkpt>
      <trkpt lat="40.79068" lon="-73.968508">
        <ele>39.2</ele>
        <time>2026-06-17T23:05:35.000Z</time>
      </trkpt>
      <trkpt lat="40.790685" lon="-73.96852">
        <ele>39.2</ele>
        <time>2026-06-17T23:05:36.000Z</time>
      </trkpt>
      <trkpt lat="40.79069" lon="-73.968531">
        <ele>39.2</ele>
        <time>2026-06-17T23:05:37.000Z</time>
      </trkpt>
      <trkpt lat="40.790694" lon="-73.968543">
        <ele>39.2</ele>
        <time>2026-06-17T23:05:38.000Z</time>
      </trkpt>
      <trkpt lat="40.790699" lon="-73.968555">
        <ele>39.2</ele>
        <time>2026-06-17T23:05:39.000Z</time>
      </trkpt>
      <trkpt lat="40.790704" lon="-73.968567">
        <ele>39.2</ele>
        <time>2026-06-17T23:05:40.000Z</time>
      </trkpt>
      <trkpt lat="40.790708" lon="-73.968578">
        <ele>39.4</ele>
        <time>2026-06-17T23:05:41.000Z</time>
      </trkpt>
      <trkpt lat="40.790713" lon="-73.96859">
        <ele>39.4</ele>
        <time>2026-06-17T23:05:42.000Z</time>
      </trkpt>
      <trkpt lat="40.790718" lon="-73.968602">
        <ele>39.4</ele>
        <time>2026-06-17T23:05:43.000Z</time>
      </trkpt>
      <trkpt lat="40.790722" lon="-73.968613">
        <ele>39.4</ele>
        <time>2026-06-17T23:05:44.000Z</time>
      </trkpt>
      <trkpt lat="40.790727" lon="-73.968625">
        <ele>39.4</ele>
        <time>2026-06-17T23:05:45.000Z</time>
      </trkpt>
      <trkpt lat="40.790732" lon="-73.968637">
        <ele>39.4</ele>
        <time>2026-06-17T23:05:46.000Z</time>
      </trkpt>
      <trkpt lat="40.790737" lon="-73.968649">
        <ele>39.4</ele>
        <time>2026-06-17T23:05:47.000Z</time>
      </trkpt>
      <trkpt lat="40.790742" lon="-73.968661">
        <ele>39.4</ele>
        <time>2026-06-17T23:05:48.000Z</time>
      </trkpt>
      <trkpt lat="40.790747" lon="-73.968673">
        <ele>39.4</ele>
        <time>2026-06-17T23:05:49.000Z</time>
      </trkpt>
      <trkpt lat="40.790751" lon="-73.968684">
        <ele>39.4</ele>
        <time>2026-06-17T23:05:50.000Z</time>
      </trkpt>
      <trkpt lat="40.790756" lon="-73.968696">
        <ele>39.4</ele>
        <time>2026-06-17T23:05:51.000Z</time>
      </trkpt>
      <trkpt lat="40.790761" lon="-73.968707">
        <ele>39.4</ele>
        <time>2026-06-17T23:05:52.000Z</time>
      </trkpt>
      <trkpt lat="40.790765" lon="-73.968719">
        <ele>39.4</ele>
        <time>2026-06-17T23:05:53.000Z</time>
      </trkpt>
      <trkpt lat="40.79077" lon="-73.96873">
        <ele>39.4</ele>
        <time>2026-06-17T23:05:54.000Z</time>
      </trkpt>
      <trkpt lat="40.790775" lon="-73.968741">
        <ele>39.4</ele>
        <time>2026-06-17T23:05:55.000Z</time>
      </trkpt>
      <trkpt lat="40.790779" lon="-73.968753">
        <ele>39.4</ele>
        <time>2026-06-17T23:05:56.000Z</time>
      </trkpt>
      <trkpt lat="40.790784" lon="-73.968764">
        <ele>39.4</ele>
        <time>2026-06-17T23:05:57.000Z</time>
      </trkpt>
      <trkpt lat="40.790789" lon="-73.968776">
        <ele>39.4</ele>
        <time>2026-06-17T23:05:58.000Z</time>
      </trkpt>
      <trkpt lat="40.790794" lon="-73.968788">
        <ele>39.4</ele>
        <time>2026-06-17T23:05:59.000Z</time>
      </trkpt>
      <trkpt lat="40.790799" lon="-73.968799">
        <ele>39.4</ele>
        <time>2026-06-17T23:06:00.000Z</time>
      </trkpt>
      <trkpt lat="40.790803" lon="-73.968811">
        <ele>39.4</ele>
        <time>2026-06-17T23:06:01.000Z</time>
      </trkpt>
      <trkpt lat="40.790808" lon="-73.968822">
        <ele>39.4</ele>
        <time>2026-06-17T23:06:02.000Z</time>
      </trkpt>
      <trkpt lat="40.790813" lon="-73.968834">
        <ele>39.4</ele>
        <time>2026-06-17T23:06:03.000Z</time>
      </trkpt>
      <trkpt lat="40.790818" lon="-73.968845">
        <ele>39.4</ele>
        <time>2026-06-17T23:06:04.000Z</time>
      </trkpt>
      <trkpt lat="40.790822" lon="-73.968857">
        <ele>39.4</ele>
        <time>2026-06-17T23:06:05.000Z</time>
      </trkpt>
      <trkpt lat="40.790827" lon="-73.968868">
        <ele>39.4</ele>
        <time>2026-06-17T23:06:06.000Z</time>
      </trkpt>
      <trkpt lat="40.790832" lon="-73.96888">
        <ele>39.4</ele>
        <time>2026-06-17T23:06:07.000Z</time>
      </trkpt>
      <trkpt lat="40.790837" lon="-73.968891">
        <ele>39.4</ele>
        <time>2026-06-17T23:06:08.000Z</time>
      </trkpt>
      <trkpt lat="40.790841" lon="-73.968903">
        <ele>39.4</ele>
        <time>2026-06-17T23:06:09.000Z</time>
      </trkpt>
      <trkpt lat="40.790846" lon="-73.968914">
        <ele>39.4</ele>
        <time>2026-06-17T23:06:10.000Z</time>
      </trkpt>
      <trkpt lat="40.790851" lon="-73.968926">
        <ele>39.4</ele>
        <time>2026-06-17T23:06:11.000Z</time>
      </trkpt>
      <trkpt lat="40.790855" lon="-73.968937">
        <ele>39.4</ele>
        <time>2026-06-17T23:06:12.000Z</time>
      </trkpt>
      <trkpt lat="40.79086" lon="-73.968949">
        <ele>39.4</ele>
        <time>2026-06-17T23:06:13.000Z</time>
      </trkpt>
      <trkpt lat="40.790865" lon="-73.96896">
        <ele>39.4</ele>
        <time>2026-06-17T23:06:14.000Z</time>
      </trkpt>
      <trkpt lat="40.790869" lon="-73.968971">
        <ele>39.6</ele>
        <time>2026-06-17T23:06:15.000Z</time>
      </trkpt>
      <trkpt lat="40.790874" lon="-73.968982">
        <ele>39.6</ele>
        <time>2026-06-17T23:06:16.000Z</time>
      </trkpt>
      <trkpt lat="40.790879" lon="-73.968994">
        <ele>39.6</ele>
        <time>2026-06-17T23:06:17.000Z</time>
      </trkpt>
      <trkpt lat="40.790883" lon="-73.969005">
        <ele>39.8</ele>
        <time>2026-06-17T23:06:18.000Z</time>
      </trkpt>
      <trkpt lat="40.790888" lon="-73.969016">
        <ele>39.8</ele>
        <time>2026-06-17T23:06:19.000Z</time>
      </trkpt>
      <trkpt lat="40.790893" lon="-73.969028">
        <ele>40</ele>
        <time>2026-06-17T23:06:20.000Z</time>
      </trkpt>
      <trkpt lat="40.790898" lon="-73.969039">
        <ele>40</ele>
        <time>2026-06-17T23:06:21.000Z</time>
      </trkpt>
      <trkpt lat="40.790903" lon="-73.969051">
        <ele>40.2</ele>
        <time>2026-06-17T23:06:22.000Z</time>
      </trkpt>
      <trkpt lat="40.790907" lon="-73.969062">
        <ele>40.2</ele>
        <time>2026-06-17T23:06:23.000Z</time>
      </trkpt>
      <trkpt lat="40.790912" lon="-73.969074">
        <ele>40.2</ele>
        <time>2026-06-17T23:06:24.000Z</time>
      </trkpt>
      <trkpt lat="40.790917" lon="-73.969086">
        <ele>40.4</ele>
        <time>2026-06-17T23:06:25.000Z</time>
      </trkpt>
      <trkpt lat="40.790923" lon="-73.969097">
        <ele>40.4</ele>
        <time>2026-06-17T23:06:26.000Z</time>
      </trkpt>
      <trkpt lat="40.790928" lon="-73.969109">
        <ele>40.4</ele>
        <time>2026-06-17T23:06:27.000Z</time>
      </trkpt>
      <trkpt lat="40.790933" lon="-73.969121">
        <ele>40.2</ele>
        <time>2026-06-17T23:06:28.000Z</time>
      </trkpt>
      <trkpt lat="40.790938" lon="-73.969133">
        <ele>40.2</ele>
        <time>2026-06-17T23:06:29.000Z</time>
      </trkpt>
      <trkpt lat="40.790943" lon="-73.969145">
        <ele>40.2</ele>
        <time>2026-06-17T23:06:30.000Z</time>
      </trkpt>
      <trkpt lat="40.790949" lon="-73.969157">
        <ele>40.2</ele>
        <time>2026-06-17T23:06:31.000Z</time>
      </trkpt>
      <trkpt lat="40.790954" lon="-73.969169">
        <ele>40.2</ele>
        <time>2026-06-17T23:06:32.000Z</time>
      </trkpt>
      <trkpt lat="40.79096" lon="-73.969181">
        <ele>40.2</ele>
        <time>2026-06-17T23:06:33.000Z</time>
      </trkpt>
      <trkpt lat="40.790966" lon="-73.969193">
        <ele>40.2</ele>
        <time>2026-06-17T23:06:34.000Z</time>
      </trkpt>
      <trkpt lat="40.790971" lon="-73.969205">
        <ele>40.2</ele>
        <time>2026-06-17T23:06:35.000Z</time>
      </trkpt>
      <trkpt lat="40.790977" lon="-73.969217">
        <ele>40.2</ele>
        <time>2026-06-17T23:06:36.000Z</time>
      </trkpt>
      <trkpt lat="40.790982" lon="-73.969229">
        <ele>40.2</ele>
        <time>2026-06-17T23:06:37.000Z</time>
      </trkpt>
      <trkpt lat="40.790988" lon="-73.969241">
        <ele>40.2</ele>
        <time>2026-06-17T23:06:38.000Z</time>
      </trkpt>
      <trkpt lat="40.790993" lon="-73.969253">
        <ele>40.2</ele>
        <time>2026-06-17T23:06:39.000Z</time>
      </trkpt>
      <trkpt lat="40.790998" lon="-73.969265">
        <ele>40.2</ele>
        <time>2026-06-17T23:06:40.000Z</time>
      </trkpt>
      <trkpt lat="40.791004" lon="-73.969278">
        <ele>40.2</ele>
        <time>2026-06-17T23:06:41.000Z</time>
      </trkpt>
      <trkpt lat="40.791009" lon="-73.96929">
        <ele>40.2</ele>
        <time>2026-06-17T23:06:42.000Z</time>
      </trkpt>
      <trkpt lat="40.791014" lon="-73.969302">
        <ele>40.4</ele>
        <time>2026-06-17T23:06:43.000Z</time>
      </trkpt>
      <trkpt lat="40.79102" lon="-73.969314">
        <ele>40.4</ele>
        <time>2026-06-17T23:06:44.000Z</time>
      </trkpt>
      <trkpt lat="40.791025" lon="-73.969326">
        <ele>40.4</ele>
        <time>2026-06-17T23:06:45.000Z</time>
      </trkpt>
      <trkpt lat="40.79103" lon="-73.969338">
        <ele>40.4</ele>
        <time>2026-06-17T23:06:46.000Z</time>
      </trkpt>
      <trkpt lat="40.791035" lon="-73.969349">
        <ele>40.4</ele>
        <time>2026-06-17T23:06:47.000Z</time>
      </trkpt>
      <trkpt lat="40.79104" lon="-73.96936">
        <ele>40.6</ele>
        <time>2026-06-17T23:06:48.000Z</time>
      </trkpt>
      <trkpt lat="40.791045" lon="-73.969372">
        <ele>40.6</ele>
        <time>2026-06-17T23:06:49.000Z</time>
      </trkpt>
      <trkpt lat="40.79105" lon="-73.969384">
        <ele>40.6</ele>
        <time>2026-06-17T23:06:50.000Z</time>
      </trkpt>
      <trkpt lat="40.791055" lon="-73.969396">
        <ele>40.6</ele>
        <time>2026-06-17T23:06:51.000Z</time>
      </trkpt>
      <trkpt lat="40.791061" lon="-73.969408">
        <ele>40.6</ele>
        <time>2026-06-17T23:06:52.000Z</time>
      </trkpt>
      <trkpt lat="40.791066" lon="-73.96942">
        <ele>40.6</ele>
        <time>2026-06-17T23:06:53.000Z</time>
      </trkpt>
      <trkpt lat="40.791071" lon="-73.969432">
        <ele>40.6</ele>
        <time>2026-06-17T23:06:54.000Z</time>
      </trkpt>
      <trkpt lat="40.791076" lon="-73.969444">
        <ele>40.6</ele>
        <time>2026-06-17T23:06:55.000Z</time>
      </trkpt>
      <trkpt lat="40.791082" lon="-73.969456">
        <ele>40.8</ele>
        <time>2026-06-17T23:06:56.000Z</time>
      </trkpt>
      <trkpt lat="40.791087" lon="-73.969468">
        <ele>40.8</ele>
        <time>2026-06-17T23:06:57.000Z</time>
      </trkpt>
      <trkpt lat="40.791092" lon="-73.96948">
        <ele>40.8</ele>
        <time>2026-06-17T23:06:58.000Z</time>
      </trkpt>
      <trkpt lat="40.791097" lon="-73.969492">
        <ele>40.8</ele>
        <time>2026-06-17T23:06:59.000Z</time>
      </trkpt>
      <trkpt lat="40.791103" lon="-73.969503">
        <ele>40.8</ele>
        <time>2026-06-17T23:07:00.000Z</time>
      </trkpt>
      <trkpt lat="40.791108" lon="-73.969515">
        <ele>40.8</ele>
        <time>2026-06-17T23:07:01.000Z</time>
      </trkpt>
      <trkpt lat="40.791113" lon="-73.969527">
        <ele>40.8</ele>
        <time>2026-06-17T23:07:02.000Z</time>
      </trkpt>
      <trkpt lat="40.791118" lon="-73.969539">
        <ele>40.8</ele>
        <time>2026-06-17T23:07:03.000Z</time>
      </trkpt>
      <trkpt lat="40.791124" lon="-73.969552">
        <ele>40.8</ele>
        <time>2026-06-17T23:07:04.000Z</time>
      </trkpt>
      <trkpt lat="40.791129" lon="-73.969564">
        <ele>40.8</ele>
        <time>2026-06-17T23:07:05.000Z</time>
      </trkpt>
      <trkpt lat="40.791134" lon="-73.969576">
        <ele>40.8</ele>
        <time>2026-06-17T23:07:06.000Z</time>
      </trkpt>
      <trkpt lat="40.79114" lon="-73.969588">
        <ele>40.8</ele>
        <time>2026-06-17T23:07:07.000Z</time>
      </trkpt>
      <trkpt lat="40.791145" lon="-73.969601">
        <ele>40.8</ele>
        <time>2026-06-17T23:07:08.000Z</time>
      </trkpt>
      <trkpt lat="40.791155" lon="-73.969621">
        <ele>40.8</ele>
        <time>2026-06-17T23:07:09.000Z</time>
      </trkpt>
      <trkpt lat="40.791158" lon="-73.96963">
        <ele>40.8</ele>
        <time>2026-06-17T23:07:10.000Z</time>
      </trkpt>
      <trkpt lat="40.791162" lon="-73.969638">
        <ele>40.8</ele>
        <time>2026-06-17T23:07:11.000Z</time>
      </trkpt>
      <trkpt lat="40.791167" lon="-73.96965">
        <ele>40.8</ele>
        <time>2026-06-17T23:07:12.000Z</time>
      </trkpt>
      <trkpt lat="40.791173" lon="-73.969663">
        <ele>40.8</ele>
        <time>2026-06-17T23:07:13.000Z</time>
      </trkpt>
      <trkpt lat="40.791179" lon="-73.969675">
        <ele>40.8</ele>
        <time>2026-06-17T23:07:14.000Z</time>
      </trkpt>
      <trkpt lat="40.791184" lon="-73.969688">
        <ele>40.8</ele>
        <time>2026-06-17T23:07:15.000Z</time>
      </trkpt>
      <trkpt lat="40.79119" lon="-73.969701">
        <ele>40.8</ele>
        <time>2026-06-17T23:07:16.000Z</time>
      </trkpt>
      <trkpt lat="40.791199" lon="-73.96972">
        <ele>40.8</ele>
        <time>2026-06-17T23:07:17.000Z</time>
      </trkpt>
      <trkpt lat="40.791202" lon="-73.969727">
        <ele>40.8</ele>
        <time>2026-06-17T23:07:18.000Z</time>
      </trkpt>
      <trkpt lat="40.791207" lon="-73.96974">
        <ele>40.8</ele>
        <time>2026-06-17T23:07:19.000Z</time>
      </trkpt>
      <trkpt lat="40.791213" lon="-73.969753">
        <ele>40.8</ele>
        <time>2026-06-17T23:07:20.000Z</time>
      </trkpt>
      <trkpt lat="40.791219" lon="-73.969767">
        <ele>40.6</ele>
        <time>2026-06-17T23:07:21.000Z</time>
      </trkpt>
      <trkpt lat="40.791224" lon="-73.96978">
        <ele>40.6</ele>
        <time>2026-06-17T23:07:22.000Z</time>
      </trkpt>
      <trkpt lat="40.79123" lon="-73.969793">
        <ele>40.6</ele>
        <time>2026-06-17T23:07:23.000Z</time>
      </trkpt>
      <trkpt lat="40.791235" lon="-73.969805">
        <ele>40.6</ele>
        <time>2026-06-17T23:07:24.000Z</time>
      </trkpt>
      <trkpt lat="40.79124" lon="-73.969818">
        <ele>40.6</ele>
        <time>2026-06-17T23:07:25.000Z</time>
      </trkpt>
      <trkpt lat="40.791245" lon="-73.96983">
        <ele>40.6</ele>
        <time>2026-06-17T23:07:26.000Z</time>
      </trkpt>
      <trkpt lat="40.79125" lon="-73.969843">
        <ele>40.4</ele>
        <time>2026-06-17T23:07:27.000Z</time>
      </trkpt>
      <trkpt lat="40.791255" lon="-73.969855">
        <ele>40.4</ele>
        <time>2026-06-17T23:07:28.000Z</time>
      </trkpt>
      <trkpt lat="40.79126" lon="-73.969868">
        <ele>40.4</ele>
        <time>2026-06-17T23:07:29.000Z</time>
      </trkpt>
      <trkpt lat="40.791265" lon="-73.96988">
        <ele>40.4</ele>
        <time>2026-06-17T23:07:30.000Z</time>
      </trkpt>
      <trkpt lat="40.79127" lon="-73.969892">
        <ele>40.4</ele>
        <time>2026-06-17T23:07:31.000Z</time>
      </trkpt>
      <trkpt lat="40.791275" lon="-73.969905">
        <ele>40.2</ele>
        <time>2026-06-17T23:07:32.000Z</time>
      </trkpt>
      <trkpt lat="40.79128" lon="-73.969917">
        <ele>40.2</ele>
        <time>2026-06-17T23:07:33.000Z</time>
      </trkpt>
      <trkpt lat="40.791285" lon="-73.969929">
        <ele>40.2</ele>
        <time>2026-06-17T23:07:34.000Z</time>
      </trkpt>
      <trkpt lat="40.791289" lon="-73.969941">
        <ele>40.2</ele>
        <time>2026-06-17T23:07:35.000Z</time>
      </trkpt>
      <trkpt lat="40.791294" lon="-73.969953">
        <ele>40</ele>
        <time>2026-06-17T23:07:36.000Z</time>
      </trkpt>
      <trkpt lat="40.791299" lon="-73.969964">
        <ele>40</ele>
        <time>2026-06-17T23:07:37.000Z</time>
      </trkpt>
      <trkpt lat="40.791304" lon="-73.969976">
        <ele>40</ele>
        <time>2026-06-17T23:07:38.000Z</time>
      </trkpt>
      <trkpt lat="40.791308" lon="-73.969988">
        <ele>40</ele>
        <time>2026-06-17T23:07:39.000Z</time>
      </trkpt>
      <trkpt lat="40.791313" lon="-73.97">
        <ele>39.8</ele>
        <time>2026-06-17T23:07:40.000Z</time>
      </trkpt>
      <trkpt lat="40.791318" lon="-73.970012">
        <ele>39.8</ele>
        <time>2026-06-17T23:07:41.000Z</time>
      </trkpt>
      <trkpt lat="40.791323" lon="-73.970024">
        <ele>39.8</ele>
        <time>2026-06-17T23:07:42.000Z</time>
      </trkpt>
      <trkpt lat="40.791327" lon="-73.970035">
        <ele>39.8</ele>
        <time>2026-06-17T23:07:43.000Z</time>
      </trkpt>
      <trkpt lat="40.791332" lon="-73.970047">
        <ele>39.6</ele>
        <time>2026-06-17T23:07:44.000Z</time>
      </trkpt>
      <trkpt lat="40.791337" lon="-73.970058">
        <ele>39.6</ele>
        <time>2026-06-17T23:07:45.000Z</time>
      </trkpt>
      <trkpt lat="40.791342" lon="-73.97007">
        <ele>39.6</ele>
        <time>2026-06-17T23:07:46.000Z</time>
      </trkpt>
      <trkpt lat="40.791347" lon="-73.970081">
        <ele>39.6</ele>
        <time>2026-06-17T23:07:47.000Z</time>
      </trkpt>
      <trkpt lat="40.791351" lon="-73.970093">
        <ele>39.6</ele>
        <time>2026-06-17T23:07:48.000Z</time>
      </trkpt>
      <trkpt lat="40.791356" lon="-73.970104">
        <ele>39.4</ele>
        <time>2026-06-17T23:07:49.000Z</time>
      </trkpt>
      <trkpt lat="40.791361" lon="-73.970114">
        <ele>39.4</ele>
        <time>2026-06-17T23:07:50.000Z</time>
      </trkpt>
      <trkpt lat="40.791365" lon="-73.970125">
        <ele>39.4</ele>
        <time>2026-06-17T23:07:51.000Z</time>
      </trkpt>
      <trkpt lat="40.791369" lon="-73.970135">
        <ele>39.4</ele>
        <time>2026-06-17T23:07:52.000Z</time>
      </trkpt>
      <trkpt lat="40.791374" lon="-73.970145">
        <ele>39.4</ele>
        <time>2026-06-17T23:07:53.000Z</time>
      </trkpt>
      <trkpt lat="40.791378" lon="-73.970156">
        <ele>39.4</ele>
        <time>2026-06-17T23:07:54.000Z</time>
      </trkpt>
      <trkpt lat="40.791383" lon="-73.970166">
        <ele>39.4</ele>
        <time>2026-06-17T23:07:55.000Z</time>
      </trkpt>
      <trkpt lat="40.791388" lon="-73.970177">
        <ele>39.2</ele>
        <time>2026-06-17T23:07:56.000Z</time>
      </trkpt>
      <trkpt lat="40.791392" lon="-73.970188">
        <ele>39.2</ele>
        <time>2026-06-17T23:07:57.000Z</time>
      </trkpt>
      <trkpt lat="40.791397" lon="-73.970198">
        <ele>39.2</ele>
        <time>2026-06-17T23:07:58.000Z</time>
      </trkpt>
      <trkpt lat="40.791402" lon="-73.970209">
        <ele>39.2</ele>
        <time>2026-06-17T23:07:59.000Z</time>
      </trkpt>
      <trkpt lat="40.791407" lon="-73.97022">
        <ele>39.2</ele>
        <time>2026-06-17T23:08:00.000Z</time>
      </trkpt>
      <trkpt lat="40.791412" lon="-73.97023">
        <ele>39.2</ele>
        <time>2026-06-17T23:08:01.000Z</time>
      </trkpt>
      <trkpt lat="40.791416" lon="-73.970241">
        <ele>39.2</ele>
        <time>2026-06-17T23:08:02.000Z</time>
      </trkpt>
      <trkpt lat="40.791421" lon="-73.970251">
        <ele>39.2</ele>
        <time>2026-06-17T23:08:03.000Z</time>
      </trkpt>
      <trkpt lat="40.791426" lon="-73.970262">
        <ele>39.2</ele>
        <time>2026-06-17T23:08:04.000Z</time>
      </trkpt>
      <trkpt lat="40.791431" lon="-73.970272">
        <ele>39</ele>
        <time>2026-06-17T23:08:05.000Z</time>
      </trkpt>
      <trkpt lat="40.791436" lon="-73.970282">
        <ele>39</ele>
        <time>2026-06-17T23:08:06.000Z</time>
      </trkpt>
      <trkpt lat="40.791441" lon="-73.970292">
        <ele>39</ele>
        <time>2026-06-17T23:08:07.000Z</time>
      </trkpt>
      <trkpt lat="40.791446" lon="-73.970301">
        <ele>39</ele>
        <time>2026-06-17T23:08:08.000Z</time>
      </trkpt>
      <trkpt lat="40.791451" lon="-73.97031">
        <ele>39</ele>
        <time>2026-06-17T23:08:09.000Z</time>
      </trkpt>
      <trkpt lat="40.791456" lon="-73.97032">
        <ele>39</ele>
        <time>2026-06-17T23:08:10.000Z</time>
      </trkpt>
      <trkpt lat="40.791461" lon="-73.970329">
        <ele>38.8</ele>
        <time>2026-06-17T23:08:11.000Z</time>
      </trkpt>
      <trkpt lat="40.791466" lon="-73.970338">
        <ele>38.8</ele>
        <time>2026-06-17T23:08:12.000Z</time>
      </trkpt>
      <trkpt lat="40.791471" lon="-73.970348">
        <ele>38.8</ele>
        <time>2026-06-17T23:08:13.000Z</time>
      </trkpt>
      <trkpt lat="40.791476" lon="-73.970358">
        <ele>38.8</ele>
        <time>2026-06-17T23:08:14.000Z</time>
      </trkpt>
      <trkpt lat="40.791481" lon="-73.970368">
        <ele>38.8</ele>
        <time>2026-06-17T23:08:15.000Z</time>
      </trkpt>
      <trkpt lat="40.791487" lon="-73.970379">
        <ele>38.8</ele>
        <time>2026-06-17T23:08:16.000Z</time>
      </trkpt>
      <trkpt lat="40.791492" lon="-73.970391">
        <ele>38.6</ele>
        <time>2026-06-17T23:08:17.000Z</time>
      </trkpt>
      <trkpt lat="40.791498" lon="-73.970402">
        <ele>38.6</ele>
        <time>2026-06-17T23:08:18.000Z</time>
      </trkpt>
      <trkpt lat="40.791503" lon="-73.970414">
        <ele>38.6</ele>
        <time>2026-06-17T23:08:19.000Z</time>
      </trkpt>
      <trkpt lat="40.791508" lon="-73.970426">
        <ele>38.6</ele>
        <time>2026-06-17T23:08:20.000Z</time>
      </trkpt>
      <trkpt lat="40.791513" lon="-73.970437">
        <ele>38.6</ele>
        <time>2026-06-17T23:08:21.000Z</time>
      </trkpt>
      <trkpt lat="40.791518" lon="-73.970449">
        <ele>38.6</ele>
        <time>2026-06-17T23:08:22.000Z</time>
      </trkpt>
      <trkpt lat="40.791523" lon="-73.97046">
        <ele>38.6</ele>
        <time>2026-06-17T23:08:23.000Z</time>
      </trkpt>
      <trkpt lat="40.791527" lon="-73.970472">
        <ele>38.6</ele>
        <time>2026-06-17T23:08:24.000Z</time>
      </trkpt>
      <trkpt lat="40.791531" lon="-73.970483">
        <ele>38.6</ele>
        <time>2026-06-17T23:08:25.000Z</time>
      </trkpt>
      <trkpt lat="40.791536" lon="-73.970495">
        <ele>38.4</ele>
        <time>2026-06-17T23:08:26.000Z</time>
      </trkpt>
      <trkpt lat="40.79154" lon="-73.970506">
        <ele>38.4</ele>
        <time>2026-06-17T23:08:27.000Z</time>
      </trkpt>
      <trkpt lat="40.791544" lon="-73.970518">
        <ele>38.4</ele>
        <time>2026-06-17T23:08:28.000Z</time>
      </trkpt>
      <trkpt lat="40.791549" lon="-73.97053">
        <ele>38.4</ele>
        <time>2026-06-17T23:08:29.000Z</time>
      </trkpt>
      <trkpt lat="40.791553" lon="-73.970543">
        <ele>38.2</ele>
        <time>2026-06-17T23:08:30.000Z</time>
      </trkpt>
      <trkpt lat="40.791558" lon="-73.970555">
        <ele>38.2</ele>
        <time>2026-06-17T23:08:31.000Z</time>
      </trkpt>
      <trkpt lat="40.791562" lon="-73.970568">
        <ele>38.2</ele>
        <time>2026-06-17T23:08:32.000Z</time>
      </trkpt>
      <trkpt lat="40.791567" lon="-73.97058">
        <ele>38.2</ele>
        <time>2026-06-17T23:08:33.000Z</time>
      </trkpt>
      <trkpt lat="40.791571" lon="-73.970594">
        <ele>38</ele>
        <time>2026-06-17T23:08:34.000Z</time>
      </trkpt>
      <trkpt lat="40.791576" lon="-73.970607">
        <ele>38</ele>
        <time>2026-06-17T23:08:35.000Z</time>
      </trkpt>
      <trkpt lat="40.791581" lon="-73.970621">
        <ele>38</ele>
        <time>2026-06-17T23:08:36.000Z</time>
      </trkpt>
      <trkpt lat="40.791586" lon="-73.970635">
        <ele>37.8</ele>
        <time>2026-06-17T23:08:37.000Z</time>
      </trkpt>
      <trkpt lat="40.791592" lon="-73.970649">
        <ele>37.8</ele>
        <time>2026-06-17T23:08:38.000Z</time>
      </trkpt>
      <trkpt lat="40.791597" lon="-73.970662">
        <ele>37.8</ele>
        <time>2026-06-17T23:08:39.000Z</time>
      </trkpt>
      <trkpt lat="40.791602" lon="-73.970676">
        <ele>37.8</ele>
        <time>2026-06-17T23:08:40.000Z</time>
      </trkpt>
      <trkpt lat="40.791607" lon="-73.97069">
        <ele>37.8</ele>
        <time>2026-06-17T23:08:41.000Z</time>
      </trkpt>
      <trkpt lat="40.791612" lon="-73.970703">
        <ele>37.6</ele>
        <time>2026-06-17T23:08:42.000Z</time>
      </trkpt>
      <trkpt lat="40.791617" lon="-73.970717">
        <ele>37.6</ele>
        <time>2026-06-17T23:08:43.000Z</time>
      </trkpt>
      <trkpt lat="40.791623" lon="-73.97073">
        <ele>37.6</ele>
        <time>2026-06-17T23:08:44.000Z</time>
      </trkpt>
      <trkpt lat="40.791628" lon="-73.970743">
        <ele>37.6</ele>
        <time>2026-06-17T23:08:45.000Z</time>
      </trkpt>
      <trkpt lat="40.791633" lon="-73.970756">
        <ele>37.6</ele>
        <time>2026-06-17T23:08:46.000Z</time>
      </trkpt>
      <trkpt lat="40.791638" lon="-73.97077">
        <ele>37.6</ele>
        <time>2026-06-17T23:08:47.000Z</time>
      </trkpt>
      <trkpt lat="40.791643" lon="-73.970783">
        <ele>37.6</ele>
        <time>2026-06-17T23:08:48.000Z</time>
      </trkpt>
      <trkpt lat="40.791649" lon="-73.970796">
        <ele>37.4</ele>
        <time>2026-06-17T23:08:49.000Z</time>
      </trkpt>
      <trkpt lat="40.791654" lon="-73.970809">
        <ele>37.4</ele>
        <time>2026-06-17T23:08:50.000Z</time>
      </trkpt>
      <trkpt lat="40.791659" lon="-73.970822">
        <ele>37.4</ele>
        <time>2026-06-17T23:08:51.000Z</time>
      </trkpt>
      <trkpt lat="40.791664" lon="-73.970835">
        <ele>37.4</ele>
        <time>2026-06-17T23:08:52.000Z</time>
      </trkpt>
      <trkpt lat="40.79167" lon="-73.970847">
        <ele>37.4</ele>
        <time>2026-06-17T23:08:53.000Z</time>
      </trkpt>
      <trkpt lat="40.791675" lon="-73.97086">
        <ele>37.4</ele>
        <time>2026-06-17T23:08:54.000Z</time>
      </trkpt>
      <trkpt lat="40.79168" lon="-73.970873">
        <ele>37.4</ele>
        <time>2026-06-17T23:08:55.000Z</time>
      </trkpt>
      <trkpt lat="40.791685" lon="-73.970885">
        <ele>37.4</ele>
        <time>2026-06-17T23:08:56.000Z</time>
      </trkpt>
      <trkpt lat="40.79169" lon="-73.970898">
        <ele>37.4</ele>
        <time>2026-06-17T23:08:57.000Z</time>
      </trkpt>
      <trkpt lat="40.791695" lon="-73.97091">
        <ele>37.4</ele>
        <time>2026-06-17T23:08:58.000Z</time>
      </trkpt>
      <trkpt lat="40.791701" lon="-73.970923">
        <ele>37.4</ele>
        <time>2026-06-17T23:08:59.000Z</time>
      </trkpt>
      <trkpt lat="40.791706" lon="-73.970936">
        <ele>37.4</ele>
        <time>2026-06-17T23:09:00.000Z</time>
      </trkpt>
      <trkpt lat="40.791711" lon="-73.970948">
        <ele>37.2</ele>
        <time>2026-06-17T23:09:01.000Z</time>
      </trkpt>
      <trkpt lat="40.791716" lon="-73.97096">
        <ele>37.2</ele>
        <time>2026-06-17T23:09:02.000Z</time>
      </trkpt>
      <trkpt lat="40.791721" lon="-73.970973">
        <ele>37.2</ele>
        <time>2026-06-17T23:09:03.000Z</time>
      </trkpt>
      <trkpt lat="40.791726" lon="-73.970985">
        <ele>37.2</ele>
        <time>2026-06-17T23:09:04.000Z</time>
      </trkpt>
      <trkpt lat="40.791731" lon="-73.970997">
        <ele>37</ele>
        <time>2026-06-17T23:09:05.000Z</time>
      </trkpt>
      <trkpt lat="40.791737" lon="-73.971009">
        <ele>37</ele>
        <time>2026-06-17T23:09:06.000Z</time>
      </trkpt>
      <trkpt lat="40.791742" lon="-73.971021">
        <ele>37</ele>
        <time>2026-06-17T23:09:07.000Z</time>
      </trkpt>
      <trkpt lat="40.791746" lon="-73.971033">
        <ele>36.8</ele>
        <time>2026-06-17T23:09:08.000Z</time>
      </trkpt>
      <trkpt lat="40.791751" lon="-73.971044">
        <ele>36.8</ele>
        <time>2026-06-17T23:09:09.000Z</time>
      </trkpt>
      <trkpt lat="40.791756" lon="-73.971056">
        <ele>36.8</ele>
        <time>2026-06-17T23:09:10.000Z</time>
      </trkpt>
      <trkpt lat="40.791761" lon="-73.971068">
        <ele>36.6</ele>
        <time>2026-06-17T23:09:11.000Z</time>
      </trkpt>
      <trkpt lat="40.791766" lon="-73.971079">
        <ele>36.6</ele>
        <time>2026-06-17T23:09:12.000Z</time>
      </trkpt>
      <trkpt lat="40.791771" lon="-73.971091">
        <ele>36.6</ele>
        <time>2026-06-17T23:09:13.000Z</time>
      </trkpt>
      <trkpt lat="40.791776" lon="-73.971103">
        <ele>36.4</ele>
        <time>2026-06-17T23:09:14.000Z</time>
      </trkpt>
      <trkpt lat="40.791781" lon="-73.971114">
        <ele>36.4</ele>
        <time>2026-06-17T23:09:15.000Z</time>
      </trkpt>
      <trkpt lat="40.791786" lon="-73.971126">
        <ele>36.4</ele>
        <time>2026-06-17T23:09:16.000Z</time>
      </trkpt>
      <trkpt lat="40.791791" lon="-73.971137">
        <ele>36.2</ele>
        <time>2026-06-17T23:09:17.000Z</time>
      </trkpt>
      <trkpt lat="40.791796" lon="-73.971149">
        <ele>36.2</ele>
        <time>2026-06-17T23:09:18.000Z</time>
      </trkpt>
      <trkpt lat="40.7918" lon="-73.971161">
        <ele>36.2</ele>
        <time>2026-06-17T23:09:19.000Z</time>
      </trkpt>
      <trkpt lat="40.791805" lon="-73.971172">
        <ele>36.2</ele>
        <time>2026-06-17T23:09:20.000Z</time>
      </trkpt>
      <trkpt lat="40.79181" lon="-73.971184">
        <ele>36</ele>
        <time>2026-06-17T23:09:21.000Z</time>
      </trkpt>
      <trkpt lat="40.791815" lon="-73.971195">
        <ele>36</ele>
        <time>2026-06-17T23:09:22.000Z</time>
      </trkpt>
      <trkpt lat="40.79182" lon="-73.971207">
        <ele>36</ele>
        <time>2026-06-17T23:09:23.000Z</time>
      </trkpt>
      <trkpt lat="40.791825" lon="-73.971218">
        <ele>36</ele>
        <time>2026-06-17T23:09:24.000Z</time>
      </trkpt>
      <trkpt lat="40.79183" lon="-73.971229">
        <ele>35.8</ele>
        <time>2026-06-17T23:09:25.000Z</time>
      </trkpt>
      <trkpt lat="40.791834" lon="-73.97124">
        <ele>35.8</ele>
        <time>2026-06-17T23:09:26.000Z</time>
      </trkpt>
      <trkpt lat="40.791839" lon="-73.971251">
        <ele>35.8</ele>
        <time>2026-06-17T23:09:27.000Z</time>
      </trkpt>
      <trkpt lat="40.791844" lon="-73.971262">
        <ele>35.6</ele>
        <time>2026-06-17T23:09:28.000Z</time>
      </trkpt>
      <trkpt lat="40.791849" lon="-73.971274">
        <ele>35.6</ele>
        <time>2026-06-17T23:09:29.000Z</time>
      </trkpt>
      <trkpt lat="40.791853" lon="-73.971285">
        <ele>35.6</ele>
        <time>2026-06-17T23:09:30.000Z</time>
      </trkpt>
      <trkpt lat="40.791858" lon="-73.971296">
        <ele>35.4</ele>
        <time>2026-06-17T23:09:31.000Z</time>
      </trkpt>
      <trkpt lat="40.791863" lon="-73.971308">
        <ele>35.4</ele>
        <time>2026-06-17T23:09:32.000Z</time>
      </trkpt>
      <trkpt lat="40.791868" lon="-73.971319">
        <ele>35.4</ele>
        <time>2026-06-17T23:09:33.000Z</time>
      </trkpt>
      <trkpt lat="40.791873" lon="-73.971331">
        <ele>35.2</ele>
        <time>2026-06-17T23:09:34.000Z</time>
      </trkpt>
      <trkpt lat="40.791878" lon="-73.971343">
        <ele>35.2</ele>
        <time>2026-06-17T23:09:35.000Z</time>
      </trkpt>
      <trkpt lat="40.791883" lon="-73.971354">
        <ele>35.2</ele>
        <time>2026-06-17T23:09:36.000Z</time>
      </trkpt>
      <trkpt lat="40.791888" lon="-73.971366">
        <ele>35</ele>
        <time>2026-06-17T23:09:37.000Z</time>
      </trkpt>
      <trkpt lat="40.791893" lon="-73.971378">
        <ele>35</ele>
        <time>2026-06-17T23:09:38.000Z</time>
      </trkpt>
      <trkpt lat="40.791898" lon="-73.97139">
        <ele>35</ele>
        <time>2026-06-17T23:09:39.000Z</time>
      </trkpt>
      <trkpt lat="40.791903" lon="-73.971402">
        <ele>35</ele>
        <time>2026-06-17T23:09:40.000Z</time>
      </trkpt>
      <trkpt lat="40.791909" lon="-73.971415">
        <ele>34.8</ele>
        <time>2026-06-17T23:09:41.000Z</time>
      </trkpt>
      <trkpt lat="40.791914" lon="-73.971427">
        <ele>34.8</ele>
        <time>2026-06-17T23:09:42.000Z</time>
      </trkpt>
      <trkpt lat="40.791919" lon="-73.971439">
        <ele>34.8</ele>
        <time>2026-06-17T23:09:43.000Z</time>
      </trkpt>
      <trkpt lat="40.791924" lon="-73.971451">
        <ele>34.8</ele>
        <time>2026-06-17T23:09:44.000Z</time>
      </trkpt>
      <trkpt lat="40.791929" lon="-73.971463">
        <ele>34.8</ele>
        <time>2026-06-17T23:09:45.000Z</time>
      </trkpt>
      <trkpt lat="40.791934" lon="-73.971475">
        <ele>34.6</ele>
        <time>2026-06-17T23:09:46.000Z</time>
      </trkpt>
      <trkpt lat="40.791939" lon="-73.971486">
        <ele>34.6</ele>
        <time>2026-06-17T23:09:47.000Z</time>
      </trkpt>
      <trkpt lat="40.791944" lon="-73.971498">
        <ele>34.6</ele>
        <time>2026-06-17T23:09:48.000Z</time>
      </trkpt>
      <trkpt lat="40.79195" lon="-73.97151">
        <ele>34.6</ele>
        <time>2026-06-17T23:09:49.000Z</time>
      </trkpt>
      <trkpt lat="40.791955" lon="-73.971523">
        <ele>34.6</ele>
        <time>2026-06-17T23:09:50.000Z</time>
      </trkpt>
      <trkpt lat="40.79196" lon="-73.971535">
        <ele>34.4</ele>
        <time>2026-06-17T23:09:51.000Z</time>
      </trkpt>
      <trkpt lat="40.791965" lon="-73.971546">
        <ele>34.4</ele>
        <time>2026-06-17T23:09:52.000Z</time>
      </trkpt>
      <trkpt lat="40.79197" lon="-73.971558">
        <ele>34.4</ele>
        <time>2026-06-17T23:09:53.000Z</time>
      </trkpt>
      <trkpt lat="40.791975" lon="-73.97157">
        <ele>34.4</ele>
        <time>2026-06-17T23:09:54.000Z</time>
      </trkpt>
      <trkpt lat="40.791981" lon="-73.971582">
        <ele>34.4</ele>
        <time>2026-06-17T23:09:55.000Z</time>
      </trkpt>
      <trkpt lat="40.791986" lon="-73.971594">
        <ele>34.4</ele>
        <time>2026-06-17T23:09:56.000Z</time>
      </trkpt>
      <trkpt lat="40.791991" lon="-73.971606">
        <ele>34.2</ele>
        <time>2026-06-17T23:09:57.000Z</time>
      </trkpt>
      <trkpt lat="40.791996" lon="-73.971618">
        <ele>34.2</ele>
        <time>2026-06-17T23:09:58.000Z</time>
      </trkpt>
      <trkpt lat="40.792001" lon="-73.97163">
        <ele>34.2</ele>
        <time>2026-06-17T23:09:59.000Z</time>
      </trkpt>
      <trkpt lat="40.792007" lon="-73.971642">
        <ele>34.2</ele>
        <time>2026-06-17T23:10:00.000Z</time>
      </trkpt>
      <trkpt lat="40.792012" lon="-73.971654">
        <ele>34.2</ele>
        <time>2026-06-17T23:10:01.000Z</time>
      </trkpt>
      <trkpt lat="40.792017" lon="-73.971666">
        <ele>34.2</ele>
        <time>2026-06-17T23:10:02.000Z</time>
      </trkpt>
      <trkpt lat="40.792022" lon="-73.971678">
        <ele>34</ele>
        <time>2026-06-17T23:10:03.000Z</time>
      </trkpt>
      <trkpt lat="40.792028" lon="-73.97169">
        <ele>34</ele>
        <time>2026-06-17T23:10:04.000Z</time>
      </trkpt>
      <trkpt lat="40.792033" lon="-73.971701">
        <ele>34</ele>
        <time>2026-06-17T23:10:05.000Z</time>
      </trkpt>
      <trkpt lat="40.792038" lon="-73.971713">
        <ele>34</ele>
        <time>2026-06-17T23:10:06.000Z</time>
      </trkpt>
      <trkpt lat="40.792043" lon="-73.971725">
        <ele>34</ele>
        <time>2026-06-17T23:10:07.000Z</time>
      </trkpt>
      <trkpt lat="40.792048" lon="-73.971737">
        <ele>34</ele>
        <time>2026-06-17T23:10:08.000Z</time>
      </trkpt>
      <trkpt lat="40.792054" lon="-73.971748">
        <ele>34</ele>
        <time>2026-06-17T23:10:09.000Z</time>
      </trkpt>
      <trkpt lat="40.792059" lon="-73.97176">
        <ele>34.2</ele>
        <time>2026-06-17T23:10:10.000Z</time>
      </trkpt>
      <trkpt lat="40.792064" lon="-73.971771">
        <ele>34.2</ele>
        <time>2026-06-17T23:10:11.000Z</time>
      </trkpt>
      <trkpt lat="40.792068" lon="-73.971782">
        <ele>34.2</ele>
        <time>2026-06-17T23:10:12.000Z</time>
      </trkpt>
      <trkpt lat="40.792073" lon="-73.971793">
        <ele>34.2</ele>
        <time>2026-06-17T23:10:13.000Z</time>
      </trkpt>
      <trkpt lat="40.792078" lon="-73.971805">
        <ele>34.2</ele>
        <time>2026-06-17T23:10:14.000Z</time>
      </trkpt>
      <trkpt lat="40.792083" lon="-73.971816">
        <ele>34.2</ele>
        <time>2026-06-17T23:10:15.000Z</time>
      </trkpt>
      <trkpt lat="40.792088" lon="-73.971828">
        <ele>34.2</ele>
        <time>2026-06-17T23:10:16.000Z</time>
      </trkpt>
      <trkpt lat="40.792093" lon="-73.971839">
        <ele>34.4</ele>
        <time>2026-06-17T23:10:17.000Z</time>
      </trkpt>
      <trkpt lat="40.792098" lon="-73.971851">
        <ele>34.4</ele>
        <time>2026-06-17T23:10:18.000Z</time>
      </trkpt>
      <trkpt lat="40.792103" lon="-73.971862">
        <ele>34.4</ele>
        <time>2026-06-17T23:10:19.000Z</time>
      </trkpt>
      <trkpt lat="40.792107" lon="-73.971874">
        <ele>34.4</ele>
        <time>2026-06-17T23:10:20.000Z</time>
      </trkpt>
      <trkpt lat="40.792112" lon="-73.971886">
        <ele>34.2</ele>
        <time>2026-06-17T23:10:21.000Z</time>
      </trkpt>
      <trkpt lat="40.792117" lon="-73.971897">
        <ele>34.2</ele>
        <time>2026-06-17T23:10:22.000Z</time>
      </trkpt>
      <trkpt lat="40.792121" lon="-73.971909">
        <ele>34.2</ele>
        <time>2026-06-17T23:10:23.000Z</time>
      </trkpt>
      <trkpt lat="40.792126" lon="-73.97192">
        <ele>34.2</ele>
        <time>2026-06-17T23:10:24.000Z</time>
      </trkpt>
      <trkpt lat="40.79213" lon="-73.971931">
        <ele>34.2</ele>
        <time>2026-06-17T23:10:25.000Z</time>
      </trkpt>
      <trkpt lat="40.792135" lon="-73.971942">
        <ele>34.2</ele>
        <time>2026-06-17T23:10:26.000Z</time>
      </trkpt>
      <trkpt lat="40.792139" lon="-73.971952">
        <ele>34.2</ele>
        <time>2026-06-17T23:10:27.000Z</time>
      </trkpt>
      <trkpt lat="40.792143" lon="-73.971962">
        <ele>34.2</ele>
        <time>2026-06-17T23:10:28.000Z</time>
      </trkpt>
      <trkpt lat="40.792147" lon="-73.971972">
        <ele>34.2</ele>
        <time>2026-06-17T23:10:29.000Z</time>
      </trkpt>
      <trkpt lat="40.792151" lon="-73.971982">
        <ele>34</ele>
        <time>2026-06-17T23:10:30.000Z</time>
      </trkpt>
      <trkpt lat="40.792155" lon="-73.971991">
        <ele>34</ele>
        <time>2026-06-17T23:10:31.000Z</time>
      </trkpt>
      <trkpt lat="40.792159" lon="-73.972001">
        <ele>34</ele>
        <time>2026-06-17T23:10:32.000Z</time>
      </trkpt>
      <trkpt lat="40.792162" lon="-73.97201">
        <ele>34</ele>
        <time>2026-06-17T23:10:33.000Z</time>
      </trkpt>
      <trkpt lat="40.792166" lon="-73.972019">
        <ele>34</ele>
        <time>2026-06-17T23:10:34.000Z</time>
      </trkpt>
      <trkpt lat="40.79217" lon="-73.972027">
        <ele>34</ele>
        <time>2026-06-17T23:10:35.000Z</time>
      </trkpt>
      <trkpt lat="40.792173" lon="-73.972035">
        <ele>34</ele>
        <time>2026-06-17T23:10:36.000Z</time>
      </trkpt>
      <trkpt lat="40.792176" lon="-73.972044">
        <ele>34</ele>
        <time>2026-06-17T23:10:37.000Z</time>
      </trkpt>
      <trkpt lat="40.792179" lon="-73.972051">
        <ele>34</ele>
        <time>2026-06-17T23:10:38.000Z</time>
      </trkpt>
      <trkpt lat="40.792183" lon="-73.972059">
        <ele>34</ele>
        <time>2026-06-17T23:10:39.000Z</time>
      </trkpt>
      <trkpt lat="40.792186" lon="-73.972066">
        <ele>33.8</ele>
        <time>2026-06-17T23:10:40.000Z</time>
      </trkpt>
      <trkpt lat="40.792189" lon="-73.972074">
        <ele>33.8</ele>
        <time>2026-06-17T23:10:41.000Z</time>
      </trkpt>
      <trkpt lat="40.792192" lon="-73.972082">
        <ele>33.8</ele>
        <time>2026-06-17T23:10:42.000Z</time>
      </trkpt>
      <trkpt lat="40.792195" lon="-73.972089">
        <ele>33.6</ele>
        <time>2026-06-17T23:10:43.000Z</time>
      </trkpt>
      <trkpt lat="40.792198" lon="-73.972097">
        <ele>33.6</ele>
        <time>2026-06-17T23:10:44.000Z</time>
      </trkpt>
      <trkpt lat="40.792202" lon="-73.972105">
        <ele>33.4</ele>
        <time>2026-06-17T23:10:45.000Z</time>
      </trkpt>
      <trkpt lat="40.792205" lon="-73.972113">
        <ele>33.4</ele>
        <time>2026-06-17T23:10:46.000Z</time>
      </trkpt>
      <trkpt lat="40.792208" lon="-73.972121">
        <ele>33.4</ele>
        <time>2026-06-17T23:10:47.000Z</time>
      </trkpt>
      <trkpt lat="40.792212" lon="-73.972129">
        <ele>33.2</ele>
        <time>2026-06-17T23:10:48.000Z</time>
      </trkpt>
      <trkpt lat="40.792216" lon="-73.972138">
        <ele>33.2</ele>
        <time>2026-06-17T23:10:49.000Z</time>
      </trkpt>
      <trkpt lat="40.792219" lon="-73.972147">
        <ele>33.2</ele>
        <time>2026-06-17T23:10:50.000Z</time>
      </trkpt>
      <trkpt lat="40.792223" lon="-73.972155">
        <ele>33</ele>
        <time>2026-06-17T23:10:51.000Z</time>
      </trkpt>
      <trkpt lat="40.792227" lon="-73.972164">
        <ele>33</ele>
        <time>2026-06-17T23:10:52.000Z</time>
      </trkpt>
      <trkpt lat="40.792231" lon="-73.972173">
        <ele>33</ele>
        <time>2026-06-17T23:10:53.000Z</time>
      </trkpt>
      <trkpt lat="40.792235" lon="-73.972182">
        <ele>32.8</ele>
        <time>2026-06-17T23:10:54.000Z</time>
      </trkpt>
      <trkpt lat="40.792239" lon="-73.972191">
        <ele>32.8</ele>
        <time>2026-06-17T23:10:55.000Z</time>
      </trkpt>
      <trkpt lat="40.792243" lon="-73.9722">
        <ele>32.8</ele>
        <time>2026-06-17T23:10:56.000Z</time>
      </trkpt>
      <trkpt lat="40.792247" lon="-73.97221">
        <ele>32.6</ele>
        <time>2026-06-17T23:10:57.000Z</time>
      </trkpt>
      <trkpt lat="40.792251" lon="-73.97222">
        <ele>32.6</ele>
        <time>2026-06-17T23:10:58.000Z</time>
      </trkpt>
      <trkpt lat="40.792255" lon="-73.972229">
        <ele>32.6</ele>
        <time>2026-06-17T23:10:59.000Z</time>
      </trkpt>
      <trkpt lat="40.792259" lon="-73.972239">
        <ele>32.4</ele>
        <time>2026-06-17T23:11:00.000Z</time>
      </trkpt>
      <trkpt lat="40.792264" lon="-73.97225">
        <ele>32.4</ele>
        <time>2026-06-17T23:11:01.000Z</time>
      </trkpt>
      <trkpt lat="40.792268" lon="-73.97226">
        <ele>32.4</ele>
        <time>2026-06-17T23:11:02.000Z</time>
      </trkpt>
      <trkpt lat="40.792273" lon="-73.972271">
        <ele>32.2</ele>
        <time>2026-06-17T23:11:03.000Z</time>
      </trkpt>
      <trkpt lat="40.792278" lon="-73.972282">
        <ele>32.2</ele>
        <time>2026-06-17T23:11:04.000Z</time>
      </trkpt>
      <trkpt lat="40.792283" lon="-73.972293">
        <ele>32.2</ele>
        <time>2026-06-17T23:11:05.000Z</time>
      </trkpt>
      <trkpt lat="40.792288" lon="-73.972305">
        <ele>32.2</ele>
        <time>2026-06-17T23:11:06.000Z</time>
      </trkpt>
      <trkpt lat="40.792293" lon="-73.972318">
        <ele>32.2</ele>
        <time>2026-06-17T23:11:07.000Z</time>
      </trkpt>
      <trkpt lat="40.792298" lon="-73.97233">
        <ele>32.2</ele>
        <time>2026-06-17T23:11:08.000Z</time>
      </trkpt>
      <trkpt lat="40.792304" lon="-73.972344">
        <ele>32.2</ele>
        <time>2026-06-17T23:11:09.000Z</time>
      </trkpt>
      <trkpt lat="40.79231" lon="-73.972357">
        <ele>32.2</ele>
        <time>2026-06-17T23:11:10.000Z</time>
      </trkpt>
      <trkpt lat="40.792316" lon="-73.972371">
        <ele>32.2</ele>
        <time>2026-06-17T23:11:11.000Z</time>
      </trkpt>
      <trkpt lat="40.792322" lon="-73.972386">
        <ele>32.2</ele>
        <time>2026-06-17T23:11:12.000Z</time>
      </trkpt>
      <trkpt lat="40.792328" lon="-73.972401">
        <ele>32</ele>
        <time>2026-06-17T23:11:13.000Z</time>
      </trkpt>
      <trkpt lat="40.792335" lon="-73.972416">
        <ele>32</ele>
        <time>2026-06-17T23:11:14.000Z</time>
      </trkpt>
      <trkpt lat="40.792341" lon="-73.972432">
        <ele>32</ele>
        <time>2026-06-17T23:11:15.000Z</time>
      </trkpt>
      <trkpt lat="40.792353" lon="-73.972459">
        <ele>32</ele>
        <time>2026-06-17T23:11:16.000Z</time>
      </trkpt>
      <trkpt lat="40.792357" lon="-73.97247">
        <ele>31.8</ele>
        <time>2026-06-17T23:11:17.000Z</time>
      </trkpt>
      <trkpt lat="40.792362" lon="-73.972481">
        <ele>31.8</ele>
        <time>2026-06-17T23:11:18.000Z</time>
      </trkpt>
      <trkpt lat="40.792369" lon="-73.972497">
        <ele>31.8</ele>
        <time>2026-06-17T23:11:19.000Z</time>
      </trkpt>
      <trkpt lat="40.792376" lon="-73.972514">
        <ele>31.6</ele>
        <time>2026-06-17T23:11:20.000Z</time>
      </trkpt>
      <trkpt lat="40.792383" lon="-73.97253">
        <ele>31.6</ele>
        <time>2026-06-17T23:11:21.000Z</time>
      </trkpt>
      <trkpt lat="40.79239" lon="-73.972547">
        <ele>31.6</ele>
        <time>2026-06-17T23:11:22.000Z</time>
      </trkpt>
      <trkpt lat="40.792397" lon="-73.972563">
        <ele>31.6</ele>
        <time>2026-06-17T23:11:23.000Z</time>
      </trkpt>
      <trkpt lat="40.792403" lon="-73.972579">
        <ele>31.4</ele>
        <time>2026-06-17T23:11:24.000Z</time>
      </trkpt>
      <trkpt lat="40.79241" lon="-73.972595">
        <ele>31.4</ele>
        <time>2026-06-17T23:11:25.000Z</time>
      </trkpt>
      <trkpt lat="40.792417" lon="-73.972611">
        <ele>31.4</ele>
        <time>2026-06-17T23:11:26.000Z</time>
      </trkpt>
      <trkpt lat="40.792423" lon="-73.972627">
        <ele>31.4</ele>
        <time>2026-06-17T23:11:27.000Z</time>
      </trkpt>
      <trkpt lat="40.79243" lon="-73.972642">
        <ele>31.4</ele>
        <time>2026-06-17T23:11:28.000Z</time>
      </trkpt>
      <trkpt lat="40.792436" lon="-73.972658">
        <ele>31.4</ele>
        <time>2026-06-17T23:11:29.000Z</time>
      </trkpt>
      <trkpt lat="40.792443" lon="-73.972673">
        <ele>31.4</ele>
        <time>2026-06-17T23:11:30.000Z</time>
      </trkpt>
      <trkpt lat="40.792449" lon="-73.972688">
        <ele>31.4</ele>
        <time>2026-06-17T23:11:31.000Z</time>
      </trkpt>
      <trkpt lat="40.792455" lon="-73.972702">
        <ele>31.4</ele>
        <time>2026-06-17T23:11:32.000Z</time>
      </trkpt>
      <trkpt lat="40.792462" lon="-73.972717">
        <ele>31.4</ele>
        <time>2026-06-17T23:11:33.000Z</time>
      </trkpt>
      <trkpt lat="40.792468" lon="-73.972732">
        <ele>31.4</ele>
        <time>2026-06-17T23:11:34.000Z</time>
      </trkpt>
      <trkpt lat="40.792474" lon="-73.972747">
        <ele>31.4</ele>
        <time>2026-06-17T23:11:35.000Z</time>
      </trkpt>
      <trkpt lat="40.79248" lon="-73.972762">
        <ele>31.4</ele>
        <time>2026-06-17T23:11:36.000Z</time>
      </trkpt>
      <trkpt lat="40.792487" lon="-73.972776">
        <ele>31.4</ele>
        <time>2026-06-17T23:11:37.000Z</time>
      </trkpt>
      <trkpt lat="40.792493" lon="-73.972791">
        <ele>31.4</ele>
        <time>2026-06-17T23:11:38.000Z</time>
      </trkpt>
      <trkpt lat="40.792499" lon="-73.972805">
        <ele>31.4</ele>
        <time>2026-06-17T23:11:39.000Z</time>
      </trkpt>
      <trkpt lat="40.792505" lon="-73.972819">
        <ele>31.4</ele>
        <time>2026-06-17T23:11:40.000Z</time>
      </trkpt>
      <trkpt lat="40.792511" lon="-73.972833">
        <ele>31.4</ele>
        <time>2026-06-17T23:11:41.000Z</time>
      </trkpt>
      <trkpt lat="40.792516" lon="-73.972847">
        <ele>31.2</ele>
        <time>2026-06-17T23:11:42.000Z</time>
      </trkpt>
      <trkpt lat="40.792522" lon="-73.97286">
        <ele>31.2</ele>
        <time>2026-06-17T23:11:43.000Z</time>
      </trkpt>
      <trkpt lat="40.792532" lon="-73.972883">
        <ele>31.2</ele>
        <time>2026-06-17T23:11:44.000Z</time>
      </trkpt>
      <trkpt lat="40.792535" lon="-73.972891">
        <ele>31.2</ele>
        <time>2026-06-17T23:11:45.000Z</time>
      </trkpt>
      <trkpt lat="40.792539" lon="-73.9729">
        <ele>31</ele>
        <time>2026-06-17T23:11:46.000Z</time>
      </trkpt>
      <trkpt lat="40.792545" lon="-73.972913">
        <ele>31</ele>
        <time>2026-06-17T23:11:47.000Z</time>
      </trkpt>
      <trkpt lat="40.79255" lon="-73.972926">
        <ele>31</ele>
        <time>2026-06-17T23:11:48.000Z</time>
      </trkpt>
      <trkpt lat="40.792556" lon="-73.972938">
        <ele>30.8</ele>
        <time>2026-06-17T23:11:49.000Z</time>
      </trkpt>
      <trkpt lat="40.792561" lon="-73.972951">
        <ele>30.8</ele>
        <time>2026-06-17T23:11:50.000Z</time>
      </trkpt>
      <trkpt lat="40.792566" lon="-73.972964">
        <ele>30.8</ele>
        <time>2026-06-17T23:11:51.000Z</time>
      </trkpt>
      <trkpt lat="40.792572" lon="-73.972976">
        <ele>30.6</ele>
        <time>2026-06-17T23:11:52.000Z</time>
      </trkpt>
      <trkpt lat="40.792577" lon="-73.972989">
        <ele>30.6</ele>
        <time>2026-06-17T23:11:53.000Z</time>
      </trkpt>
      <trkpt lat="40.792582" lon="-73.973001">
        <ele>30.6</ele>
        <time>2026-06-17T23:11:54.000Z</time>
      </trkpt>
      <trkpt lat="40.792588" lon="-73.973014">
        <ele>30.4</ele>
        <time>2026-06-17T23:11:55.000Z</time>
      </trkpt>
      <trkpt lat="40.792593" lon="-73.973026">
        <ele>30.4</ele>
        <time>2026-06-17T23:11:56.000Z</time>
      </trkpt>
      <trkpt lat="40.792598" lon="-73.973038">
        <ele>30.2</ele>
        <time>2026-06-17T23:11:57.000Z</time>
      </trkpt>
      <trkpt lat="40.792603" lon="-73.97305">
        <ele>30.2</ele>
        <time>2026-06-17T23:11:58.000Z</time>
      </trkpt>
      <trkpt lat="40.792608" lon="-73.973063">
        <ele>30.2</ele>
        <time>2026-06-17T23:11:59.000Z</time>
      </trkpt>
      <trkpt lat="40.792614" lon="-73.973075">
        <ele>30</ele>
        <time>2026-06-17T23:12:00.000Z</time>
      </trkpt>
      <trkpt lat="40.792619" lon="-73.973088">
        <ele>30</ele>
        <time>2026-06-17T23:12:01.000Z</time>
      </trkpt>
      <trkpt lat="40.792624" lon="-73.9731">
        <ele>30</ele>
        <time>2026-06-17T23:12:02.000Z</time>
      </trkpt>
      <trkpt lat="40.79263" lon="-73.973113">
        <ele>30</ele>
        <time>2026-06-17T23:12:03.000Z</time>
      </trkpt>
      <trkpt lat="40.792635" lon="-73.973125">
        <ele>30</ele>
        <time>2026-06-17T23:12:04.000Z</time>
      </trkpt>
      <trkpt lat="40.79264" lon="-73.973138">
        <ele>29.8</ele>
        <time>2026-06-17T23:12:05.000Z</time>
      </trkpt>
      <trkpt lat="40.792646" lon="-73.97315">
        <ele>29.8</ele>
        <time>2026-06-17T23:12:06.000Z</time>
      </trkpt>
      <trkpt lat="40.792651" lon="-73.973162">
        <ele>29.8</ele>
        <time>2026-06-17T23:12:07.000Z</time>
      </trkpt>
      <trkpt lat="40.792656" lon="-73.973174">
        <ele>29.8</ele>
        <time>2026-06-17T23:12:08.000Z</time>
      </trkpt>
      <trkpt lat="40.792661" lon="-73.973186">
        <ele>30</ele>
        <time>2026-06-17T23:12:09.000Z</time>
      </trkpt>
      <trkpt lat="40.792666" lon="-73.973198">
        <ele>30</ele>
        <time>2026-06-17T23:12:10.000Z</time>
      </trkpt>
      <trkpt lat="40.792671" lon="-73.97321">
        <ele>30</ele>
        <time>2026-06-17T23:12:11.000Z</time>
      </trkpt>
      <trkpt lat="40.792676" lon="-73.973223">
        <ele>30</ele>
        <time>2026-06-17T23:12:12.000Z</time>
      </trkpt>
      <trkpt lat="40.792682" lon="-73.973235">
        <ele>30</ele>
        <time>2026-06-17T23:12:13.000Z</time>
      </trkpt>
      <trkpt lat="40.792687" lon="-73.973248">
        <ele>30</ele>
        <time>2026-06-17T23:12:14.000Z</time>
      </trkpt>
      <trkpt lat="40.792692" lon="-73.97326">
        <ele>30</ele>
        <time>2026-06-17T23:12:15.000Z</time>
      </trkpt>
      <trkpt lat="40.792697" lon="-73.973272">
        <ele>30</ele>
        <time>2026-06-17T23:12:16.000Z</time>
      </trkpt>
      <trkpt lat="40.792703" lon="-73.973285">
        <ele>30</ele>
        <time>2026-06-17T23:12:17.000Z</time>
      </trkpt>
      <trkpt lat="40.792708" lon="-73.973297">
        <ele>29.8</ele>
        <time>2026-06-17T23:12:18.000Z</time>
      </trkpt>
      <trkpt lat="40.792713" lon="-73.973309">
        <ele>29.8</ele>
        <time>2026-06-17T23:12:19.000Z</time>
      </trkpt>
      <trkpt lat="40.792718" lon="-73.973321">
        <ele>29.8</ele>
        <time>2026-06-17T23:12:20.000Z</time>
      </trkpt>
      <trkpt lat="40.792723" lon="-73.973334">
        <ele>29.8</ele>
        <time>2026-06-17T23:12:21.000Z</time>
      </trkpt>
      <trkpt lat="40.792729" lon="-73.973346">
        <ele>29.8</ele>
        <time>2026-06-17T23:12:22.000Z</time>
      </trkpt>
      <trkpt lat="40.792734" lon="-73.973358">
        <ele>29.8</ele>
        <time>2026-06-17T23:12:23.000Z</time>
      </trkpt>
      <trkpt lat="40.792739" lon="-73.97337">
        <ele>29.8</ele>
        <time>2026-06-17T23:12:24.000Z</time>
      </trkpt>
      <trkpt lat="40.792744" lon="-73.973382">
        <ele>29.8</ele>
        <time>2026-06-17T23:12:25.000Z</time>
      </trkpt>
      <trkpt lat="40.792749" lon="-73.973394">
        <ele>29.8</ele>
        <time>2026-06-17T23:12:26.000Z</time>
      </trkpt>
      <trkpt lat="40.792753" lon="-73.973405">
        <ele>29.8</ele>
        <time>2026-06-17T23:12:27.000Z</time>
      </trkpt>
      <trkpt lat="40.792758" lon="-73.973417">
        <ele>29.8</ele>
        <time>2026-06-17T23:12:28.000Z</time>
      </trkpt>
      <trkpt lat="40.792763" lon="-73.973428">
        <ele>29.8</ele>
        <time>2026-06-17T23:12:29.000Z</time>
      </trkpt>
      <trkpt lat="40.792768" lon="-73.97344">
        <ele>29.8</ele>
        <time>2026-06-17T23:12:30.000Z</time>
      </trkpt>
      <trkpt lat="40.792773" lon="-73.973452">
        <ele>29.8</ele>
        <time>2026-06-17T23:12:31.000Z</time>
      </trkpt>
      <trkpt lat="40.792778" lon="-73.973463">
        <ele>29.8</ele>
        <time>2026-06-17T23:12:32.000Z</time>
      </trkpt>
      <trkpt lat="40.792783" lon="-73.973475">
        <ele>29.8</ele>
        <time>2026-06-17T23:12:33.000Z</time>
      </trkpt>
      <trkpt lat="40.792788" lon="-73.973487">
        <ele>29.8</ele>
        <time>2026-06-17T23:12:34.000Z</time>
      </trkpt>
      <trkpt lat="40.792793" lon="-73.973499">
        <ele>29.8</ele>
        <time>2026-06-17T23:12:35.000Z</time>
      </trkpt>
      <trkpt lat="40.792798" lon="-73.973512">
        <ele>29.8</ele>
        <time>2026-06-17T23:12:36.000Z</time>
      </trkpt>
      <trkpt lat="40.792803" lon="-73.973524">
        <ele>30</ele>
        <time>2026-06-17T23:12:37.000Z</time>
      </trkpt>
      <trkpt lat="40.792808" lon="-73.973536">
        <ele>30</ele>
        <time>2026-06-17T23:12:38.000Z</time>
      </trkpt>
      <trkpt lat="40.792813" lon="-73.973548">
        <ele>30</ele>
        <time>2026-06-17T23:12:39.000Z</time>
      </trkpt>
      <trkpt lat="40.792818" lon="-73.97356">
        <ele>30</ele>
        <time>2026-06-17T23:12:40.000Z</time>
      </trkpt>
      <trkpt lat="40.792824" lon="-73.973573">
        <ele>29.8</ele>
        <time>2026-06-17T23:12:41.000Z</time>
      </trkpt>
      <trkpt lat="40.792829" lon="-73.973585">
        <ele>29.8</ele>
        <time>2026-06-17T23:12:42.000Z</time>
      </trkpt>
      <trkpt lat="40.792834" lon="-73.973597">
        <ele>29.8</ele>
        <time>2026-06-17T23:12:43.000Z</time>
      </trkpt>
      <trkpt lat="40.792839" lon="-73.97361">
        <ele>29.8</ele>
        <time>2026-06-17T23:12:44.000Z</time>
      </trkpt>
      <trkpt lat="40.792844" lon="-73.973622">
        <ele>29.8</ele>
        <time>2026-06-17T23:12:45.000Z</time>
      </trkpt>
      <trkpt lat="40.792849" lon="-73.973634">
        <ele>29.6</ele>
        <time>2026-06-17T23:12:46.000Z</time>
      </trkpt>
      <trkpt lat="40.792854" lon="-73.973646">
        <ele>29.6</ele>
        <time>2026-06-17T23:12:47.000Z</time>
      </trkpt>
      <trkpt lat="40.79286" lon="-73.973658">
        <ele>29.6</ele>
        <time>2026-06-17T23:12:48.000Z</time>
      </trkpt>
      <trkpt lat="40.792865" lon="-73.973671">
        <ele>29.4</ele>
        <time>2026-06-17T23:12:49.000Z</time>
      </trkpt>
      <trkpt lat="40.79287" lon="-73.973683">
        <ele>29.4</ele>
        <time>2026-06-17T23:12:50.000Z</time>
      </trkpt>
      <trkpt lat="40.792875" lon="-73.973695">
        <ele>29.4</ele>
        <time>2026-06-17T23:12:51.000Z</time>
      </trkpt>
      <trkpt lat="40.79288" lon="-73.973706">
        <ele>29.2</ele>
        <time>2026-06-17T23:12:52.000Z</time>
      </trkpt>
      <trkpt lat="40.792885" lon="-73.973718">
        <ele>29.2</ele>
        <time>2026-06-17T23:12:53.000Z</time>
      </trkpt>
      <trkpt lat="40.79289" lon="-73.973729">
        <ele>29.2</ele>
        <time>2026-06-17T23:12:54.000Z</time>
      </trkpt>
      <trkpt lat="40.792894" lon="-73.97374">
        <ele>29</ele>
        <time>2026-06-17T23:12:55.000Z</time>
      </trkpt>
      <trkpt lat="40.792899" lon="-73.973751">
        <ele>29</ele>
        <time>2026-06-17T23:12:56.000Z</time>
      </trkpt>
      <trkpt lat="40.792904" lon="-73.973762">
        <ele>29</ele>
        <time>2026-06-17T23:12:57.000Z</time>
      </trkpt>
      <trkpt lat="40.792909" lon="-73.973774">
        <ele>29</ele>
        <time>2026-06-17T23:12:58.000Z</time>
      </trkpt>
      <trkpt lat="40.792913" lon="-73.973785">
        <ele>28.8</ele>
        <time>2026-06-17T23:12:59.000Z</time>
      </trkpt>
      <trkpt lat="40.792918" lon="-73.973796">
        <ele>28.8</ele>
        <time>2026-06-17T23:13:00.000Z</time>
      </trkpt>
      <trkpt lat="40.792923" lon="-73.973807">
        <ele>28.8</ele>
        <time>2026-06-17T23:13:01.000Z</time>
      </trkpt>
      <trkpt lat="40.792928" lon="-73.973819">
        <ele>28.6</ele>
        <time>2026-06-17T23:13:02.000Z</time>
      </trkpt>
      <trkpt lat="40.792933" lon="-73.973831">
        <ele>28.6</ele>
        <time>2026-06-17T23:13:03.000Z</time>
      </trkpt>
      <trkpt lat="40.792938" lon="-73.973843">
        <ele>28.6</ele>
        <time>2026-06-17T23:13:04.000Z</time>
      </trkpt>
      <trkpt lat="40.792944" lon="-73.973855">
        <ele>28.4</ele>
        <time>2026-06-17T23:13:05.000Z</time>
      </trkpt>
      <trkpt lat="40.792949" lon="-73.973867">
        <ele>28.4</ele>
        <time>2026-06-17T23:13:06.000Z</time>
      </trkpt>
      <trkpt lat="40.792954" lon="-73.97388">
        <ele>28.2</ele>
        <time>2026-06-17T23:13:07.000Z</time>
      </trkpt>
      <trkpt lat="40.79296" lon="-73.973893">
        <ele>28.2</ele>
        <time>2026-06-17T23:13:08.000Z</time>
      </trkpt>
      <trkpt lat="40.792969" lon="-73.973915">
        <ele>28.2</ele>
        <time>2026-06-17T23:13:09.000Z</time>
      </trkpt>
      <trkpt lat="40.792973" lon="-73.973923">
        <ele>28</ele>
        <time>2026-06-17T23:13:10.000Z</time>
      </trkpt>
      <trkpt lat="40.792977" lon="-73.973932">
        <ele>28</ele>
        <time>2026-06-17T23:13:11.000Z</time>
      </trkpt>
      <trkpt lat="40.792982" lon="-73.973945">
        <ele>28</ele>
        <time>2026-06-17T23:13:12.000Z</time>
      </trkpt>
      <trkpt lat="40.792988" lon="-73.973958">
        <ele>28</ele>
        <time>2026-06-17T23:13:13.000Z</time>
      </trkpt>
      <trkpt lat="40.792994" lon="-73.973971">
        <ele>27.8</ele>
        <time>2026-06-17T23:13:14.000Z</time>
      </trkpt>
      <trkpt lat="40.792999" lon="-73.973984">
        <ele>27.8</ele>
        <time>2026-06-17T23:13:15.000Z</time>
      </trkpt>
      <trkpt lat="40.793005" lon="-73.973997">
        <ele>27.8</ele>
        <time>2026-06-17T23:13:16.000Z</time>
      </trkpt>
      <trkpt lat="40.793016" lon="-73.974022">
        <ele>27.6</ele>
        <time>2026-06-17T23:13:17.000Z</time>
      </trkpt>
      <trkpt lat="40.793021" lon="-73.974033">
        <ele>27.6</ele>
        <time>2026-06-17T23:13:18.000Z</time>
      </trkpt>
      <trkpt lat="40.793026" lon="-73.974044">
        <ele>27.6</ele>
        <time>2026-06-17T23:13:19.000Z</time>
      </trkpt>
      <trkpt lat="40.793031" lon="-73.974055">
        <ele>27.6</ele>
        <time>2026-06-17T23:13:20.000Z</time>
      </trkpt>
      <trkpt lat="40.793036" lon="-73.974066">
        <ele>27.4</ele>
        <time>2026-06-17T23:13:21.000Z</time>
      </trkpt>
      <trkpt lat="40.793042" lon="-73.97408">
        <ele>27.4</ele>
        <time>2026-06-17T23:13:22.000Z</time>
      </trkpt>
      <trkpt lat="40.793049" lon="-73.974094">
        <ele>27.4</ele>
        <time>2026-06-17T23:13:23.000Z</time>
      </trkpt>
      <trkpt lat="40.793055" lon="-73.974108">
        <ele>27.4</ele>
        <time>2026-06-17T23:13:24.000Z</time>
      </trkpt>
      <trkpt lat="40.793061" lon="-73.974122">
        <ele>27.4</ele>
        <time>2026-06-17T23:13:25.000Z</time>
      </trkpt>
      <trkpt lat="40.793068" lon="-73.974136">
        <ele>27.2</ele>
        <time>2026-06-17T23:13:26.000Z</time>
      </trkpt>
      <trkpt lat="40.793074" lon="-73.97415">
        <ele>27.2</ele>
        <time>2026-06-17T23:13:27.000Z</time>
      </trkpt>
      <trkpt lat="40.793081" lon="-73.974164">
        <ele>27.2</ele>
        <time>2026-06-17T23:13:28.000Z</time>
      </trkpt>
      <trkpt lat="40.793088" lon="-73.974177">
        <ele>27.2</ele>
        <time>2026-06-17T23:13:29.000Z</time>
      </trkpt>
      <trkpt lat="40.793094" lon="-73.974191">
        <ele>27</ele>
        <time>2026-06-17T23:13:30.000Z</time>
      </trkpt>
      <trkpt lat="40.793101" lon="-73.974205">
        <ele>27</ele>
        <time>2026-06-17T23:13:31.000Z</time>
      </trkpt>
      <trkpt lat="40.793107" lon="-73.974218">
        <ele>27</ele>
        <time>2026-06-17T23:13:32.000Z</time>
      </trkpt>
      <trkpt lat="40.793114" lon="-73.974231">
        <ele>27</ele>
        <time>2026-06-17T23:13:33.000Z</time>
      </trkpt>
      <trkpt lat="40.793121" lon="-73.974244">
        <ele>26.8</ele>
        <time>2026-06-17T23:13:34.000Z</time>
      </trkpt>
      <trkpt lat="40.793127" lon="-73.974258">
        <ele>26.8</ele>
        <time>2026-06-17T23:13:35.000Z</time>
      </trkpt>
      <trkpt lat="40.793134" lon="-73.974271">
        <ele>26.8</ele>
        <time>2026-06-17T23:13:36.000Z</time>
      </trkpt>
      <trkpt lat="40.793141" lon="-73.974284">
        <ele>26.6</ele>
        <time>2026-06-17T23:13:37.000Z</time>
      </trkpt>
      <trkpt lat="40.793148" lon="-73.974297">
        <ele>26.6</ele>
        <time>2026-06-17T23:13:38.000Z</time>
      </trkpt>
      <trkpt lat="40.793155" lon="-73.97431">
        <ele>26.6</ele>
        <time>2026-06-17T23:13:39.000Z</time>
      </trkpt>
      <trkpt lat="40.793161" lon="-73.974323">
        <ele>26.4</ele>
        <time>2026-06-17T23:13:40.000Z</time>
      </trkpt>
      <trkpt lat="40.793168" lon="-73.974337">
        <ele>26.4</ele>
        <time>2026-06-17T23:13:41.000Z</time>
      </trkpt>
      <trkpt lat="40.793175" lon="-73.97435">
        <ele>26.4</ele>
        <time>2026-06-17T23:13:42.000Z</time>
      </trkpt>
      <trkpt lat="40.793181" lon="-73.974363">
        <ele>26.2</ele>
        <time>2026-06-17T23:13:43.000Z</time>
      </trkpt>
      <trkpt lat="40.793188" lon="-73.974377">
        <ele>26.2</ele>
        <time>2026-06-17T23:13:44.000Z</time>
      </trkpt>
      <trkpt lat="40.793195" lon="-73.97439">
        <ele>26.2</ele>
        <time>2026-06-17T23:13:45.000Z</time>
      </trkpt>
      <trkpt lat="40.793201" lon="-73.974404">
        <ele>26</ele>
        <time>2026-06-17T23:13:46.000Z</time>
      </trkpt>
      <trkpt lat="40.793207" lon="-73.974418">
        <ele>25.8</ele>
        <time>2026-06-17T23:13:47.000Z</time>
      </trkpt>
      <trkpt lat="40.793213" lon="-73.974431">
        <ele>25.8</ele>
        <time>2026-06-17T23:13:48.000Z</time>
      </trkpt>
      <trkpt lat="40.793219" lon="-73.974445">
        <ele>25.6</ele>
        <time>2026-06-17T23:13:49.000Z</time>
      </trkpt>
      <trkpt lat="40.793225" lon="-73.974459">
        <ele>25.4</ele>
        <time>2026-06-17T23:13:50.000Z</time>
      </trkpt>
      <trkpt lat="40.793231" lon="-73.974473">
        <ele>25</ele>
        <time>2026-06-17T23:13:51.000Z</time>
      </trkpt>
      <trkpt lat="40.793237" lon="-73.974488">
        <ele>24.8</ele>
        <time>2026-06-17T23:13:52.000Z</time>
      </trkpt>
      <trkpt lat="40.793243" lon="-73.974502">
        <ele>24.6</ele>
        <time>2026-06-17T23:13:53.000Z</time>
      </trkpt>
      <trkpt lat="40.793248" lon="-73.974516">
        <ele>24.2</ele>
        <time>2026-06-17T23:13:54.000Z</time>
      </trkpt>
      <trkpt lat="40.793254" lon="-73.97453">
        <ele>24</ele>
        <time>2026-06-17T23:13:55.000Z</time>
      </trkpt>
      <trkpt lat="40.793259" lon="-73.974544">
        <ele>23.6</ele>
        <time>2026-06-17T23:13:56.000Z</time>
      </trkpt>
      <trkpt lat="40.793265" lon="-73.974558">
        <ele>23.4</ele>
        <time>2026-06-17T23:13:57.000Z</time>
      </trkpt>
      <trkpt lat="40.79327" lon="-73.974573">
        <ele>23</ele>
        <time>2026-06-17T23:13:58.000Z</time>
      </trkpt>
      <trkpt lat="40.793276" lon="-73.974587">
        <ele>22.6</ele>
        <time>2026-06-17T23:13:59.000Z</time>
      </trkpt>
      <trkpt lat="40.793281" lon="-73.9746">
        <ele>22.4</ele>
        <time>2026-06-17T23:14:00.000Z</time>
      </trkpt>
      <trkpt lat="40.793289" lon="-73.97462">
        <ele>22</ele>
        <time>2026-06-17T23:14:01.000Z</time>
      </trkpt>
      <trkpt lat="40.793292" lon="-73.974627">
        <ele>21.6</ele>
        <time>2026-06-17T23:14:02.000Z</time>
      </trkpt>
      <trkpt lat="40.793297" lon="-73.97464">
        <ele>21.2</ele>
        <time>2026-06-17T23:14:03.000Z</time>
      </trkpt>
      <trkpt lat="40.793302" lon="-73.974653">
        <ele>20.8</ele>
        <time>2026-06-17T23:14:04.000Z</time>
      </trkpt>
      <trkpt lat="40.793307" lon="-73.974666">
        <ele>20.4</ele>
        <time>2026-06-17T23:14:05.000Z</time>
      </trkpt>
      <trkpt lat="40.793311" lon="-73.974678">
        <ele>19.8</ele>
        <time>2026-06-17T23:14:06.000Z</time>
      </trkpt>
      <trkpt lat="40.793316" lon="-73.97469">
        <ele>19.4</ele>
        <time>2026-06-17T23:14:07.000Z</time>
      </trkpt>
      <trkpt lat="40.793321" lon="-73.974702">
        <ele>18.8</ele>
        <time>2026-06-17T23:14:08.000Z</time>
      </trkpt>
      <trkpt lat="40.793325" lon="-73.974713">
        <ele>18.4</ele>
        <time>2026-06-17T23:14:09.000Z</time>
      </trkpt>
      <trkpt lat="40.793329" lon="-73.974724">
        <ele>17.8</ele>
        <time>2026-06-17T23:14:10.000Z</time>
      </trkpt>
      <trkpt lat="40.793333" lon="-73.974734">
        <ele>17.2</ele>
        <time>2026-06-17T23:14:11.000Z</time>
      </trkpt>
      <trkpt lat="40.793337" lon="-73.974745">
        <ele>16.4</ele>
        <time>2026-06-17T23:14:12.000Z</time>
      </trkpt>
      <trkpt lat="40.793341" lon="-73.974755">
        <ele>15.8</ele>
        <time>2026-06-17T23:14:13.000Z</time>
      </trkpt>
      <trkpt lat="40.793345" lon="-73.974764">
        <ele>15</ele>
        <time>2026-06-17T23:14:14.000Z</time>
      </trkpt>
      <trkpt lat="40.793349" lon="-73.974774">
        <ele>14.4</ele>
        <time>2026-06-17T23:14:15.000Z</time>
      </trkpt>
      <trkpt lat="40.793352" lon="-73.974783">
        <ele>13.6</ele>
        <time>2026-06-17T23:14:16.000Z</time>
      </trkpt>
    </trkseg>
  </trk>
</gpx>
