<?xml version="1.0" encoding="UTF-8"?>
<gpx version="1.1" creator="sync-strava">
  <trk>
    <name>#MC</name>
    <trkseg>
      <trkpt lat="40.796465" lon="-73.974666">
        <ele>0</ele>
        <time>2026-04-26T16:47:20.000Z</time>
      </trkpt>
      <trkpt lat="40.796465" lon="-73.974666">
        <ele>0</ele>
        <time>2026-04-26T16:47:23.000Z</time>
      </trkpt>
      <trkpt lat="40.796465" lon="-73.974666">
        <ele>0</ele>
        <time>2026-04-26T16:47:28.000Z</time>
      </trkpt>
      <trkpt lat="40.796465" lon="-73.974666">
        <ele>0</ele>
        <time>2026-04-26T16:47:35.000Z</time>
      </trkpt>
      <trkpt lat="40.796465" lon="-73.974666">
        <ele>0</ele>
        <time>2026-04-26T16:47:39.000Z</time>
      </trkpt>
      <trkpt lat="40.796465" lon="-73.974666">
        <ele>0</ele>
        <time>2026-04-26T16:47:43.000Z</time>
      </trkpt>
      <trkpt lat="40.796465" lon="-73.974666">
        <ele>0</ele>
        <time>2026-04-26T16:47:52.000Z</time>
      </trkpt>
      <trkpt lat="40.796465" lon="-73.974666">
        <ele>0</ele>
        <time>2026-04-26T16:47:57.000Z</time>
      </trkpt>
      <trkpt lat="40.796465" lon="-73.974666">
        <ele>0</ele>
        <time>2026-04-26T16:47:59.000Z</time>
      </trkpt>
      <trkpt lat="40.796465" lon="-73.974666">
        <ele>0</ele>
        <time>2026-04-26T16:48:04.000Z</time>
      </trkpt>
      <trkpt lat="40.796465" lon="-73.974666">
        <ele>0</ele>
        <time>2026-04-26T16:48:11.000Z</time>
      </trkpt>
      <trkpt lat="40.796465" lon="-73.974666">
        <ele>0</ele>
        <time>2026-04-26T16:48:13.000Z</time>
      </trkpt>
      <trkpt lat="40.796465" lon="-73.974666">
        <ele>0</ele>
        <time>2026-04-26T16:48:21.000Z</time>
      </trkpt>
      <trkpt lat="40.796465" lon="-73.974666">
        <ele>0</ele>
        <time>2026-04-26T16:48:25.000Z</time>
      </trkpt>
      <trkpt lat="40.796465" lon="-73.974666">
        <ele>0</ele>
        <time>2026-04-26T16:48:26.000Z</time>
      </trkpt>
      <trkpt lat="40.796465" lon="-73.974666">
        <ele>0</ele>
        <time>2026-04-26T16:48:28.000Z</time>
      </trkpt>
      <trkpt lat="40.796465" lon="-73.974666">
        <ele>0</ele>
        <time>2026-04-26T16:48:36.000Z</time>
      </trkpt>
      <trkpt lat="40.796465" lon="-73.974666">
        <ele>0</ele>
        <time>2026-04-26T16:48:39.000Z</time>
      </trkpt>
      <trkpt lat="40.796465" lon="-73.974666">
        <ele>0</ele>
        <time>2026-04-26T16:48:47.000Z</time>
      </trkpt>
      <trkpt lat="40.796465" lon="-73.974666">
        <ele>0</ele>
        <time>2026-04-26T16:48:51.000Z</time>
      </trkpt>
      <trkpt lat="40.796465" lon="-73.974666">
        <ele>0</ele>
        <time>2026-04-26T16:48:54.000Z</time>
      </trkpt>
      <trkpt lat="40.796465" lon="-73.974666">
        <ele>0</ele>
        <time>2026-04-26T16:48:58.000Z</time>
      </trkpt>
      <trkpt lat="40.796465" lon="-73.974666">
        <ele>0</ele>
        <time>2026-04-26T16:49:04.000Z</time>
      </trkpt>
      <trkpt lat="40.796465" lon="-73.974666">
        <ele>0</ele>
        <time>2026-04-26T16:49:12.000Z</time>
      </trkpt>
      <trkpt lat="40.796465" lon="-73.974666">
        <ele>0</ele>
        <time>2026-04-26T16:49:15.000Z</time>
      </trkpt>
      <trkpt lat="40.796465" lon="-73.974666">
        <ele>0</ele>
        <time>2026-04-26T16:49:22.000Z</time>
      </trkpt>
      <trkpt lat="40.796465" lon="-73.974666">
        <ele>0</ele>
        <time>2026-04-26T16:49:23.000Z</time>
      </trkpt>
      <trkpt lat="40.796465" lon="-73.974666">
        <ele>0</ele>
        <time>2026-04-26T16:49:30.000Z</time>
      </trkpt>
      <trkpt lat="40.796465" lon="-73.974666">
        <ele>0</ele>
        <time>2026-04-26T16:49:32.000Z</time>
      </trkpt>
      <trkpt lat="40.796465" lon="-73.974666">
        <ele>0</ele>
        <time>2026-04-26T16:49:34.000Z</time>
      </trkpt>
      <trkpt lat="40.796465" lon="-73.974666">
        <ele>0</ele>
        <time>2026-04-26T16:49:42.000Z</time>
      </trkpt>
      <trkpt lat="40.796465" lon="-73.974666">
        <ele>0</ele>
        <time>2026-04-26T16:49:43.000Z</time>
      </trkpt>
      <trkpt lat="40.796465" lon="-73.974666">
        <ele>0</ele>
        <time>2026-04-26T16:49:50.000Z</time>
      </trkpt>
      <trkpt lat="40.796465" lon="-73.974666">
        <ele>0</ele>
        <time>2026-04-26T16:49:57.000Z</time>
      </trkpt>
      <trkpt lat="40.796465" lon="-73.974666">
        <ele>0</ele>
        <time>2026-04-26T16:49:59.000Z</time>
      </trkpt>
      <trkpt lat="40.796465" lon="-73.974666">
        <ele>0</ele>
        <time>2026-04-26T16:50:26.000Z</time>
      </trkpt>
      <trkpt lat="40.796465" lon="-73.974666">
        <ele>0</ele>
        <time>2026-04-26T16:51:00.000Z</time>
      </trkpt>
      <trkpt lat="40.796465" lon="-73.974666">
        <ele>0</ele>
        <time>2026-04-26T16:51:31.000Z</time>
      </trkpt>
      <trkpt lat="40.796465" lon="-73.974666">
        <ele>0</ele>
        <time>2026-04-26T16:51:57.000Z</time>
      </trkpt>
      <trkpt lat="40.796465" lon="-73.974666">
        <ele>0</ele>
        <time>2026-04-26T16:52:16.000Z</time>
      </trkpt>
      <trkpt lat="40.796465" lon="-73.974666">
        <ele>0</ele>
        <time>2026-04-26T16:53:17.000Z</time>
      </trkpt>
      <trkpt lat="40.796465" lon="-73.974666">
        <ele>0</ele>
        <time>2026-04-26T16:53:48.000Z</time>
      </trkpt>
      <trkpt lat="40.796465" lon="-73.974666">
        <ele>0</ele>
        <time>2026-04-26T16:53:55.000Z</time>
      </trkpt>
      <trkpt lat="40.796465" lon="-73.974666">
        <ele>0</ele>
        <time>2026-04-26T16:54:02.000Z</time>
      </trkpt>
      <trkpt lat="40.796465" lon="-73.974666">
        <ele>0</ele>
        <time>2026-04-26T16:54:07.000Z</time>
      </trkpt>
      <trkpt lat="40.796465" lon="-73.974666">
        <ele>0</ele>
        <time>2026-04-26T16:54:11.000Z</time>
      </trkpt>
      <trkpt lat="40.796465" lon="-73.974666">
        <ele>0</ele>
        <time>2026-04-26T16:54:14.000Z</time>
      </trkpt>
      <trkpt lat="40.796465" lon="-73.974666">
        <ele>0</ele>
        <time>2026-04-26T16:54:20.000Z</time>
      </trkpt>
      <trkpt lat="40.796465" lon="-73.974666">
        <ele>0</ele>
        <time>2026-04-26T16:54:24.000Z</time>
      </trkpt>
      <trkpt lat="40.796465" lon="-73.974666">
        <ele>0</ele>
        <time>2026-04-26T16:54:26.000Z</time>
      </trkpt>
      <trkpt lat="40.796465" lon="-73.974666">
        <ele>0</ele>
        <time>2026-04-26T16:54:29.000Z</time>
      </trkpt>
      <trkpt lat="40.796465" lon="-73.974666">
        <ele>0</ele>
        <time>2026-04-26T16:54:33.000Z</time>
      </trkpt>
      <trkpt lat="40.796465" lon="-73.974666">
        <ele>0</ele>
        <time>2026-04-26T16:54:38.000Z</time>
      </trkpt>
      <trkpt lat="40.796465" lon="-73.974666">
        <ele>0</ele>
        <time>2026-04-26T16:54:47.000Z</time>
      </trkpt>
      <trkpt lat="40.796465" lon="-73.974666">
        <ele>0</ele>
        <time>2026-04-26T16:54:49.000Z</time>
      </trkpt>
      <trkpt lat="40.796465" lon="-73.974666">
        <ele>0</ele>
        <time>2026-04-26T16:54:52.000Z</time>
      </trkpt>
      <trkpt lat="40.796465" lon="-73.974666">
        <ele>0</ele>
        <time>2026-04-26T16:54:53.000Z</time>
      </trkpt>
      <trkpt lat="40.796465" lon="-73.974666">
        <ele>0</ele>
        <time>2026-04-26T16:54:54.000Z</time>
      </trkpt>
      <trkpt lat="40.796469" lon="-73.974671">
        <ele>0</ele>
        <time>2026-04-26T16:54:59.000Z</time>
      </trkpt>
      <trkpt lat="40.796473" lon="-73.974677">
        <ele>0</ele>
        <time>2026-04-26T16:55:00.000Z</time>
      </trkpt>
      <trkpt lat="40.796477" lon="-73.974682">
        <ele>0</ele>
        <time>2026-04-26T16:55:01.000Z</time>
      </trkpt>
      <trkpt lat="40.796481" lon="-73.974687">
        <ele>0</ele>
        <time>2026-04-26T16:55:02.000Z</time>
      </trkpt>
      <trkpt lat="40.796485" lon="-73.974693">
        <ele>0</ele>
        <time>2026-04-26T16:55:03.000Z</time>
      </trkpt>
      <trkpt lat="40.796489" lon="-73.974698">
        <ele>0</ele>
        <time>2026-04-26T16:55:04.000Z</time>
      </trkpt>
      <trkpt lat="40.796492" lon="-73.974703">
        <ele>0</ele>
        <time>2026-04-26T16:55:05.000Z</time>
      </trkpt>
      <trkpt lat="40.796496" lon="-73.974709">
        <ele>0</ele>
        <time>2026-04-26T16:55:06.000Z</time>
      </trkpt>
      <trkpt lat="40.7965" lon="-73.974714">
        <ele>0</ele>
        <time>2026-04-26T16:55:07.000Z</time>
      </trkpt>
      <trkpt lat="40.796504" lon="-73.974719">
        <ele>0</ele>
        <time>2026-04-26T16:55:08.000Z</time>
      </trkpt>
      <trkpt lat="40.796508" lon="-73.974725">
        <ele>0</ele>
        <time>2026-04-26T16:55:09.000Z</time>
      </trkpt>
      <trkpt lat="40.796512" lon="-73.97473">
        <ele>0</ele>
        <time>2026-04-26T16:55:10.000Z</time>
      </trkpt>
      <trkpt lat="40.796516" lon="-73.974735">
        <ele>0</ele>
        <time>2026-04-26T16:55:11.000Z</time>
      </trkpt>
      <trkpt lat="40.79652" lon="-73.974741">
        <ele>0</ele>
        <time>2026-04-26T16:55:12.000Z</time>
      </trkpt>
      <trkpt lat="40.796524" lon="-73.974746">
        <ele>0</ele>
        <time>2026-04-26T16:55:13.000Z</time>
      </trkpt>
      <trkpt lat="40.796528" lon="-73.974751">
        <ele>0</ele>
        <time>2026-04-26T16:55:14.000Z</time>
      </trkpt>
      <trkpt lat="40.796532" lon="-73.974757">
        <ele>0</ele>
        <time>2026-04-26T16:55:15.000Z</time>
      </trkpt>
      <trkpt lat="40.796536" lon="-73.974762">
        <ele>0</ele>
        <time>2026-04-26T16:55:16.000Z</time>
      </trkpt>
      <trkpt lat="40.796539" lon="-73.974767">
        <ele>0</ele>
        <time>2026-04-26T16:55:17.000Z</time>
      </trkpt>
      <trkpt lat="40.796543" lon="-73.974773">
        <ele>0</ele>
        <time>2026-04-26T16:55:18.000Z</time>
      </trkpt>
      <trkpt lat="40.796547" lon="-73.974778">
        <ele>0</ele>
        <time>2026-04-26T16:55:19.000Z</time>
      </trkpt>
      <trkpt lat="40.796551" lon="-73.974783">
        <ele>0</ele>
        <time>2026-04-26T16:55:20.000Z</time>
      </trkpt>
      <trkpt lat="40.796555" lon="-73.974789">
        <ele>0</ele>
        <time>2026-04-26T16:55:21.000Z</time>
      </trkpt>
      <trkpt lat="40.796559" lon="-73.974794">
        <ele>0</ele>
        <time>2026-04-26T16:55:22.000Z</time>
      </trkpt>
      <trkpt lat="40.796563" lon="-73.974799">
        <ele>0</ele>
        <time>2026-04-26T16:55:23.000Z</time>
      </trkpt>
      <trkpt lat="40.796567" lon="-73.974805">
        <ele>0</ele>
        <time>2026-04-26T16:55:24.000Z</time>
      </trkpt>
      <trkpt lat="40.796571" lon="-73.97481">
        <ele>0</ele>
        <time>2026-04-26T16:55:25.000Z</time>
      </trkpt>
      <trkpt lat="40.796575" lon="-73.974815">
        <ele>0</ele>
        <time>2026-04-26T16:55:26.000Z</time>
      </trkpt>
      <trkpt lat="40.796579" lon="-73.974821">
        <ele>0</ele>
        <time>2026-04-26T16:55:27.000Z</time>
      </trkpt>
      <trkpt lat="40.796583" lon="-73.974826">
        <ele>0</ele>
        <time>2026-04-26T16:55:28.000Z</time>
      </trkpt>
      <trkpt lat="40.796586" lon="-73.974831">
        <ele>0</ele>
        <time>2026-04-26T16:55:29.000Z</time>
      </trkpt>
      <trkpt lat="40.79659" lon="-73.974825">
        <ele>0</ele>
        <time>2026-04-26T16:55:30.000Z</time>
      </trkpt>
      <trkpt lat="40.796594" lon="-73.974818">
        <ele>0</ele>
        <time>2026-04-26T16:55:31.000Z</time>
      </trkpt>
      <trkpt lat="40.796598" lon="-73.974812">
        <ele>0</ele>
        <time>2026-04-26T16:55:32.000Z</time>
      </trkpt>
      <trkpt lat="40.796601" lon="-73.974805">
        <ele>0</ele>
        <time>2026-04-26T16:55:33.000Z</time>
      </trkpt>
      <trkpt lat="40.796605" lon="-73.974799">
        <ele>0</ele>
        <time>2026-04-26T16:55:34.000Z</time>
      </trkpt>
      <trkpt lat="40.796609" lon="-73.974792">
        <ele>0</ele>
        <time>2026-04-26T16:55:35.000Z</time>
      </trkpt>
      <trkpt lat="40.796613" lon="-73.974786">
        <ele>0</ele>
        <time>2026-04-26T16:55:36.000Z</time>
      </trkpt>
      <trkpt lat="40.796617" lon="-73.974779">
        <ele>0</ele>
        <time>2026-04-26T16:55:37.000Z</time>
      </trkpt>
      <trkpt lat="40.796621" lon="-73.974773">
        <ele>0</ele>
        <time>2026-04-26T16:55:38.000Z</time>
      </trkpt>
      <trkpt lat="40.796625" lon="-73.974766">
        <ele>0</ele>
        <time>2026-04-26T16:55:39.000Z</time>
      </trkpt>
      <trkpt lat="40.796629" lon="-73.97476">
        <ele>0</ele>
        <time>2026-04-26T16:55:40.000Z</time>
      </trkpt>
      <trkpt lat="40.796633" lon="-73.974753">
        <ele>0</ele>
        <time>2026-04-26T16:55:41.000Z</time>
      </trkpt>
      <trkpt lat="40.796636" lon="-73.974747">
        <ele>0</ele>
        <time>2026-04-26T16:55:42.000Z</time>
      </trkpt>
      <trkpt lat="40.79664" lon="-73.97474">
        <ele>0</ele>
        <time>2026-04-26T16:55:43.000Z</time>
      </trkpt>
      <trkpt lat="40.796644" lon="-73.974734">
        <ele>0</ele>
        <time>2026-04-26T16:55:44.000Z</time>
      </trkpt>
      <trkpt lat="40.796648" lon="-73.974727">
        <ele>0</ele>
        <time>2026-04-26T16:55:45.000Z</time>
      </trkpt>
      <trkpt lat="40.796652" lon="-73.974721">
        <ele>0</ele>
        <time>2026-04-26T16:55:46.000Z</time>
      </trkpt>
      <trkpt lat="40.796656" lon="-73.974714">
        <ele>0</ele>
        <time>2026-04-26T16:55:47.000Z</time>
      </trkpt>
      <trkpt lat="40.79666" lon="-73.974708">
        <ele>0</ele>
        <time>2026-04-26T16:55:48.000Z</time>
      </trkpt>
      <trkpt lat="40.796664" lon="-73.974701">
        <ele>0</ele>
        <time>2026-04-26T16:55:49.000Z</time>
      </trkpt>
      <trkpt lat="40.796668" lon="-73.974695">
        <ele>0</ele>
        <time>2026-04-26T16:55:50.000Z</time>
      </trkpt>
      <trkpt lat="40.796671" lon="-73.974688">
        <ele>0</ele>
        <time>2026-04-26T16:55:51.000Z</time>
      </trkpt>
      <trkpt lat="40.796675" lon="-73.974682">
        <ele>0</ele>
        <time>2026-04-26T16:55:52.000Z</time>
      </trkpt>
      <trkpt lat="40.796679" lon="-73.974675">
        <ele>0</ele>
        <time>2026-04-26T16:55:53.000Z</time>
      </trkpt>
      <trkpt lat="40.796683" lon="-73.974669">
        <ele>0</ele>
        <time>2026-04-26T16:55:54.000Z</time>
      </trkpt>
      <trkpt lat="40.796687" lon="-73.974662">
        <ele>0</ele>
        <time>2026-04-26T16:55:55.000Z</time>
      </trkpt>
      <trkpt lat="40.796691" lon="-73.974656">
        <ele>0</ele>
        <time>2026-04-26T16:55:56.000Z</time>
      </trkpt>
      <trkpt lat="40.796695" lon="-73.974649">
        <ele>0</ele>
        <time>2026-04-26T16:55:57.000Z</time>
      </trkpt>
      <trkpt lat="40.796699" lon="-73.974643">
        <ele>0</ele>
        <time>2026-04-26T16:55:58.000Z</time>
      </trkpt>
      <trkpt lat="40.796703" lon="-73.974636">
        <ele>0</ele>
        <time>2026-04-26T16:55:59.000Z</time>
      </trkpt>
      <trkpt lat="40.796718" lon="-73.974628">
        <ele>0</ele>
        <time>2026-04-26T16:56:00.000Z</time>
      </trkpt>
      <trkpt lat="40.796726" lon="-73.974624">
        <ele>0</ele>
        <time>2026-04-26T16:56:01.000Z</time>
      </trkpt>
      <trkpt lat="40.796734" lon="-73.974621">
        <ele>0</ele>
        <time>2026-04-26T16:56:02.000Z</time>
      </trkpt>
      <trkpt lat="40.796742" lon="-73.974617">
        <ele>0</ele>
        <time>2026-04-26T16:56:03.000Z</time>
      </trkpt>
      <trkpt lat="40.796749" lon="-73.974614">
        <ele>0</ele>
        <time>2026-04-26T16:56:04.000Z</time>
      </trkpt>
      <trkpt lat="40.796757" lon="-73.97461">
        <ele>0</ele>
        <time>2026-04-26T16:56:05.000Z</time>
      </trkpt>
      <trkpt lat="40.796765" lon="-73.974607">
        <ele>0</ele>
        <time>2026-04-26T16:56:06.000Z</time>
      </trkpt>
      <trkpt lat="40.796773" lon="-73.974603">
        <ele>0</ele>
        <time>2026-04-26T16:56:07.000Z</time>
      </trkpt>
      <trkpt lat="40.796781" lon="-73.9746">
        <ele>0</ele>
        <time>2026-04-26T16:56:08.000Z</time>
      </trkpt>
      <trkpt lat="40.796789" lon="-73.974596">
        <ele>0</ele>
        <time>2026-04-26T16:56:09.000Z</time>
      </trkpt>
      <trkpt lat="40.796797" lon="-73.974593">
        <ele>0</ele>
        <time>2026-04-26T16:56:10.000Z</time>
      </trkpt>
      <trkpt lat="40.796805" lon="-73.974589">
        <ele>0</ele>
        <time>2026-04-26T16:56:11.000Z</time>
      </trkpt>
      <trkpt lat="40.796813" lon="-73.974586">
        <ele>0</ele>
        <time>2026-04-26T16:56:12.000Z</time>
      </trkpt>
      <trkpt lat="40.79682" lon="-73.974582">
        <ele>0</ele>
        <time>2026-04-26T16:56:13.000Z</time>
      </trkpt>
      <trkpt lat="40.796828" lon="-73.974579">
        <ele>0</ele>
        <time>2026-04-26T16:56:14.000Z</time>
      </trkpt>
      <trkpt lat="40.796836" lon="-73.974575">
        <ele>0</ele>
        <time>2026-04-26T16:56:15.000Z</time>
      </trkpt>
      <trkpt lat="40.796844" lon="-73.974572">
        <ele>0</ele>
        <time>2026-04-26T16:56:16.000Z</time>
      </trkpt>
      <trkpt lat="40.796852" lon="-73.974568">
        <ele>0</ele>
        <time>2026-04-26T16:56:17.000Z</time>
      </trkpt>
      <trkpt lat="40.79686" lon="-73.974565">
        <ele>0</ele>
        <time>2026-04-26T16:56:18.000Z</time>
      </trkpt>
      <trkpt lat="40.796868" lon="-73.974561">
        <ele>0</ele>
        <time>2026-04-26T16:56:19.000Z</time>
      </trkpt>
      <trkpt lat="40.796876" lon="-73.974558">
        <ele>0</ele>
        <time>2026-04-26T16:56:20.000Z</time>
      </trkpt>
      <trkpt lat="40.796884" lon="-73.974554">
        <ele>0</ele>
        <time>2026-04-26T16:56:21.000Z</time>
      </trkpt>
      <trkpt lat="40.796891" lon="-73.974551">
        <ele>0</ele>
        <time>2026-04-26T16:56:22.000Z</time>
      </trkpt>
      <trkpt lat="40.796899" lon="-73.974547">
        <ele>0</ele>
        <time>2026-04-26T16:56:23.000Z</time>
      </trkpt>
      <trkpt lat="40.796907" lon="-73.974544">
        <ele>0</ele>
        <time>2026-04-26T16:56:24.000Z</time>
      </trkpt>
      <trkpt lat="40.796915" lon="-73.97454">
        <ele>0</ele>
        <time>2026-04-26T16:56:25.000Z</time>
      </trkpt>
      <trkpt lat="40.796923" lon="-73.974537">
        <ele>0</ele>
        <time>2026-04-26T16:56:26.000Z</time>
      </trkpt>
      <trkpt lat="40.796931" lon="-73.974533">
        <ele>0</ele>
        <time>2026-04-26T16:56:27.000Z</time>
      </trkpt>
      <trkpt lat="40.796939" lon="-73.97453">
        <ele>0</ele>
        <time>2026-04-26T16:56:28.000Z</time>
      </trkpt>
      <trkpt lat="40.796947" lon="-73.974526">
        <ele>0</ele>
        <time>2026-04-26T16:56:29.000Z</time>
      </trkpt>
      <trkpt lat="40.796955" lon="-73.974523">
        <ele>0</ele>
        <time>2026-04-26T16:56:30.000Z</time>
      </trkpt>
      <trkpt lat="40.796971" lon="-73.974521">
        <ele>0</ele>
        <time>2026-04-26T16:56:31.000Z</time>
      </trkpt>
      <trkpt lat="40.79698" lon="-73.97452">
        <ele>0</ele>
        <time>2026-04-26T16:56:32.000Z</time>
      </trkpt>
      <trkpt lat="40.796988" lon="-73.97452">
        <ele>0</ele>
        <time>2026-04-26T16:56:33.000Z</time>
      </trkpt>
      <trkpt lat="40.796996" lon="-73.97452">
        <ele>0</ele>
        <time>2026-04-26T16:56:34.000Z</time>
      </trkpt>
      <trkpt lat="40.797004" lon="-73.97452">
        <ele>0</ele>
        <time>2026-04-26T16:56:35.000Z</time>
      </trkpt>
      <trkpt lat="40.797013" lon="-73.974519">
        <ele>0</ele>
        <time>2026-04-26T16:56:36.000Z</time>
      </trkpt>
      <trkpt lat="40.797021" lon="-73.974519">
        <ele>0</ele>
        <time>2026-04-26T16:56:37.000Z</time>
      </trkpt>
      <trkpt lat="40.797029" lon="-73.974519">
        <ele>0</ele>
        <time>2026-04-26T16:56:38.000Z</time>
      </trkpt>
      <trkpt lat="40.797037" lon="-73.974518">
        <ele>0</ele>
        <time>2026-04-26T16:56:39.000Z</time>
      </trkpt>
      <trkpt lat="40.797046" lon="-73.974518">
        <ele>0</ele>
        <time>2026-04-26T16:56:40.000Z</time>
      </trkpt>
      <trkpt lat="40.797054" lon="-73.974518">
        <ele>0</ele>
        <time>2026-04-26T16:56:41.000Z</time>
      </trkpt>
      <trkpt lat="40.797062" lon="-73.974518">
        <ele>0</ele>
        <time>2026-04-26T16:56:42.000Z</time>
      </trkpt>
      <trkpt lat="40.797071" lon="-73.974517">
        <ele>0</ele>
        <time>2026-04-26T16:56:43.000Z</time>
      </trkpt>
      <trkpt lat="40.797079" lon="-73.974517">
        <ele>0</ele>
        <time>2026-04-26T16:56:44.000Z</time>
      </trkpt>
      <trkpt lat="40.797087" lon="-73.974517">
        <ele>0</ele>
        <time>2026-04-26T16:56:45.000Z</time>
      </trkpt>
      <trkpt lat="40.797095" lon="-73.974516">
        <ele>0</ele>
        <time>2026-04-26T16:56:46.000Z</time>
      </trkpt>
      <trkpt lat="40.797104" lon="-73.974516">
        <ele>0</ele>
        <time>2026-04-26T16:56:47.000Z</time>
      </trkpt>
      <trkpt lat="40.797112" lon="-73.974516">
        <ele>0</ele>
        <time>2026-04-26T16:56:48.000Z</time>
      </trkpt>
      <trkpt lat="40.79712" lon="-73.974515">
        <ele>0</ele>
        <time>2026-04-26T16:56:49.000Z</time>
      </trkpt>
      <trkpt lat="40.797128" lon="-73.974515">
        <ele>0</ele>
        <time>2026-04-26T16:56:50.000Z</time>
      </trkpt>
      <trkpt lat="40.797137" lon="-73.974515">
        <ele>0</ele>
        <time>2026-04-26T16:56:51.000Z</time>
      </trkpt>
      <trkpt lat="40.797145" lon="-73.974515">
        <ele>0</ele>
        <time>2026-04-26T16:56:52.000Z</time>
      </trkpt>
      <trkpt lat="40.797153" lon="-73.974514">
        <ele>0</ele>
        <time>2026-04-26T16:56:53.000Z</time>
      </trkpt>
      <trkpt lat="40.797162" lon="-73.974514">
        <ele>0</ele>
        <time>2026-04-26T16:56:54.000Z</time>
      </trkpt>
      <trkpt lat="40.79717" lon="-73.974514">
        <ele>0</ele>
        <time>2026-04-26T16:56:55.000Z</time>
      </trkpt>
      <trkpt lat="40.797178" lon="-73.974513">
        <ele>0</ele>
        <time>2026-04-26T16:56:56.000Z</time>
      </trkpt>
      <trkpt lat="40.797186" lon="-73.974513">
        <ele>0</ele>
        <time>2026-04-26T16:56:57.000Z</time>
      </trkpt>
      <trkpt lat="40.797195" lon="-73.974513">
        <ele>0</ele>
        <time>2026-04-26T16:56:58.000Z</time>
      </trkpt>
      <trkpt lat="40.797203" lon="-73.974513">
        <ele>0</ele>
        <time>2026-04-26T16:56:59.000Z</time>
      </trkpt>
      <trkpt lat="40.797211" lon="-73.974512">
        <ele>0</ele>
        <time>2026-04-26T16:57:00.000Z</time>
      </trkpt>
      <trkpt lat="40.79722" lon="-73.974512">
        <ele>0</ele>
        <time>2026-04-26T16:57:01.000Z</time>
      </trkpt>
      <trkpt lat="40.797236" lon="-73.974514">
        <ele>0</ele>
        <time>2026-04-26T16:57:02.000Z</time>
      </trkpt>
      <trkpt lat="40.797244" lon="-73.974515">
        <ele>0</ele>
        <time>2026-04-26T16:57:03.000Z</time>
      </trkpt>
      <trkpt lat="40.797252" lon="-73.974515">
        <ele>0</ele>
        <time>2026-04-26T16:57:04.000Z</time>
      </trkpt>
      <trkpt lat="40.79726" lon="-73.974516">
        <ele>0</ele>
        <time>2026-04-26T16:57:05.000Z</time>
      </trkpt>
      <trkpt lat="40.797268" lon="-73.974517">
        <ele>0</ele>
        <time>2026-04-26T16:57:06.000Z</time>
      </trkpt>
      <trkpt lat="40.797276" lon="-73.974518">
        <ele>0</ele>
        <time>2026-04-26T16:57:07.000Z</time>
      </trkpt>
      <trkpt lat="40.797284" lon="-73.974519">
        <ele>0</ele>
        <time>2026-04-26T16:57:08.000Z</time>
      </trkpt>
      <trkpt lat="40.797292" lon="-73.97452">
        <ele>0</ele>
        <time>2026-04-26T16:57:09.000Z</time>
      </trkpt>
      <trkpt lat="40.7973" lon="-73.97452">
        <ele>0</ele>
        <time>2026-04-26T16:57:10.000Z</time>
      </trkpt>
      <trkpt lat="40.797308" lon="-73.974521">
        <ele>0</ele>
        <time>2026-04-26T16:57:11.000Z</time>
      </trkpt>
      <trkpt lat="40.797316" lon="-73.974522">
        <ele>0</ele>
        <time>2026-04-26T16:57:12.000Z</time>
      </trkpt>
      <trkpt lat="40.797324" lon="-73.974523">
        <ele>0</ele>
        <time>2026-04-26T16:57:13.000Z</time>
      </trkpt>
      <trkpt lat="40.797332" lon="-73.974524">
        <ele>0</ele>
        <time>2026-04-26T16:57:14.000Z</time>
      </trkpt>
      <trkpt lat="40.79734" lon="-73.974525">
        <ele>0</ele>
        <time>2026-04-26T16:57:15.000Z</time>
      </trkpt>
      <trkpt lat="40.797348" lon="-73.974525">
        <ele>0</ele>
        <time>2026-04-26T16:57:16.000Z</time>
      </trkpt>
      <trkpt lat="40.797356" lon="-73.974526">
        <ele>0</ele>
        <time>2026-04-26T16:57:17.000Z</time>
      </trkpt>
      <trkpt lat="40.797364" lon="-73.974527">
        <ele>0</ele>
        <time>2026-04-26T16:57:18.000Z</time>
      </trkpt>
      <trkpt lat="40.797373" lon="-73.974528">
        <ele>0</ele>
        <time>2026-04-26T16:57:19.000Z</time>
      </trkpt>
      <trkpt lat="40.797389" lon="-73.97453">
        <ele>0</ele>
        <time>2026-04-26T16:57:20.000Z</time>
      </trkpt>
      <trkpt lat="40.797397" lon="-73.974531">
        <ele>0</ele>
        <time>2026-04-26T16:57:21.000Z</time>
      </trkpt>
      <trkpt lat="40.797406" lon="-73.974532">
        <ele>0</ele>
        <time>2026-04-26T16:57:22.000Z</time>
      </trkpt>
      <trkpt lat="40.797414" lon="-73.974532">
        <ele>0</ele>
        <time>2026-04-26T16:57:23.000Z</time>
      </trkpt>
      <trkpt lat="40.797422" lon="-73.974533">
        <ele>0</ele>
        <time>2026-04-26T16:57:24.000Z</time>
      </trkpt>
      <trkpt lat="40.79743" lon="-73.974534">
        <ele>0</ele>
        <time>2026-04-26T16:57:25.000Z</time>
      </trkpt>
      <trkpt lat="40.797438" lon="-73.974535">
        <ele>0</ele>
        <time>2026-04-26T16:57:26.000Z</time>
      </trkpt>
      <trkpt lat="40.797447" lon="-73.974536">
        <ele>0</ele>
        <time>2026-04-26T16:57:27.000Z</time>
      </trkpt>
      <trkpt lat="40.797455" lon="-73.974537">
        <ele>0</ele>
        <time>2026-04-26T16:57:28.000Z</time>
      </trkpt>
      <trkpt lat="40.797463" lon="-73.974537">
        <ele>0</ele>
        <time>2026-04-26T16:57:29.000Z</time>
      </trkpt>
      <trkpt lat="40.797471" lon="-73.974538">
        <ele>0</ele>
        <time>2026-04-26T16:57:30.000Z</time>
      </trkpt>
      <trkpt lat="40.797479" lon="-73.974539">
        <ele>0</ele>
        <time>2026-04-26T16:57:31.000Z</time>
      </trkpt>
      <trkpt lat="40.797488" lon="-73.97454">
        <ele>0</ele>
        <time>2026-04-26T16:57:32.000Z</time>
      </trkpt>
      <trkpt lat="40.797496" lon="-73.974541">
        <ele>0</ele>
        <time>2026-04-26T16:57:33.000Z</time>
      </trkpt>
      <trkpt lat="40.797504" lon="-73.974542">
        <ele>0</ele>
        <time>2026-04-26T16:57:34.000Z</time>
      </trkpt>
      <trkpt lat="40.797512" lon="-73.974542">
        <ele>0</ele>
        <time>2026-04-26T16:57:35.000Z</time>
      </trkpt>
      <trkpt lat="40.79752" lon="-73.974543">
        <ele>0</ele>
        <time>2026-04-26T16:57:36.000Z</time>
      </trkpt>
      <trkpt lat="40.797529" lon="-73.974544">
        <ele>0</ele>
        <time>2026-04-26T16:57:37.000Z</time>
      </trkpt>
      <trkpt lat="40.797537" lon="-73.974545">
        <ele>0</ele>
        <time>2026-04-26T16:57:38.000Z</time>
      </trkpt>
      <trkpt lat="40.797545" lon="-73.974546">
        <ele>0</ele>
        <time>2026-04-26T16:57:39.000Z</time>
      </trkpt>
      <trkpt lat="40.797553" lon="-73.974547">
        <ele>0</ele>
        <time>2026-04-26T16:57:40.000Z</time>
      </trkpt>
      <trkpt lat="40.797561" lon="-73.974547">
        <ele>0</ele>
        <time>2026-04-26T16:57:41.000Z</time>
      </trkpt>
      <trkpt lat="40.79757" lon="-73.974548">
        <ele>0</ele>
        <time>2026-04-26T16:57:42.000Z</time>
      </trkpt>
      <trkpt lat="40.797578" lon="-73.974549">
        <ele>0</ele>
        <time>2026-04-26T16:57:43.000Z</time>
      </trkpt>
      <trkpt lat="40.797586" lon="-73.97455">
        <ele>0</ele>
        <time>2026-04-26T16:57:44.000Z</time>
      </trkpt>
      <trkpt lat="40.797594" lon="-73.974551">
        <ele>0</ele>
        <time>2026-04-26T16:57:45.000Z</time>
      </trkpt>
      <trkpt lat="40.797602" lon="-73.974552">
        <ele>0</ele>
        <time>2026-04-26T16:57:46.000Z</time>
      </trkpt>
      <trkpt lat="40.797611" lon="-73.974552">
        <ele>0</ele>
        <time>2026-04-26T16:57:47.000Z</time>
      </trkpt>
      <trkpt lat="40.797627" lon="-73.974553">
        <ele>0</ele>
        <time>2026-04-26T16:57:48.000Z</time>
      </trkpt>
      <trkpt lat="40.797635" lon="-73.974553">
        <ele>0</ele>
        <time>2026-04-26T16:57:49.000Z</time>
      </trkpt>
      <trkpt lat="40.797644" lon="-73.974553">
        <ele>0</ele>
        <time>2026-04-26T16:57:50.000Z</time>
      </trkpt>
      <trkpt lat="40.797652" lon="-73.974553">
        <ele>0</ele>
        <time>2026-04-26T16:57:51.000Z</time>
      </trkpt>
      <trkpt lat="40.79766" lon="-73.974553">
        <ele>0</ele>
        <time>2026-04-26T16:57:52.000Z</time>
      </trkpt>
      <trkpt lat="40.797668" lon="-73.974553">
        <ele>0</ele>
        <time>2026-04-26T16:57:53.000Z</time>
      </trkpt>
      <trkpt lat="40.797676" lon="-73.974553">
        <ele>0</ele>
        <time>2026-04-26T16:57:54.000Z</time>
      </trkpt>
      <trkpt lat="40.797685" lon="-73.974553">
        <ele>0</ele>
        <time>2026-04-26T16:57:55.000Z</time>
      </trkpt>
      <trkpt lat="40.797693" lon="-73.974553">
        <ele>0</ele>
        <time>2026-04-26T16:57:56.000Z</time>
      </trkpt>
      <trkpt lat="40.797701" lon="-73.974552">
        <ele>0</ele>
        <time>2026-04-26T16:57:57.000Z</time>
      </trkpt>
      <trkpt lat="40.797709" lon="-73.974552">
        <ele>0</ele>
        <time>2026-04-26T16:57:58.000Z</time>
      </trkpt>
      <trkpt lat="40.797717" lon="-73.974552">
        <ele>0</ele>
        <time>2026-04-26T16:57:59.000Z</time>
      </trkpt>
      <trkpt lat="40.797726" lon="-73.974552">
        <ele>0</ele>
        <time>2026-04-26T16:58:00.000Z</time>
      </trkpt>
      <trkpt lat="40.797734" lon="-73.974552">
        <ele>0</ele>
        <time>2026-04-26T16:58:01.000Z</time>
      </trkpt>
      <trkpt lat="40.797742" lon="-73.974552">
        <ele>0</ele>
        <time>2026-04-26T16:58:02.000Z</time>
      </trkpt>
      <trkpt lat="40.79775" lon="-73.974552">
        <ele>0</ele>
        <time>2026-04-26T16:58:03.000Z</time>
      </trkpt>
      <trkpt lat="40.797758" lon="-73.974552">
        <ele>0</ele>
        <time>2026-04-26T16:58:04.000Z</time>
      </trkpt>
      <trkpt lat="40.797767" lon="-73.974552">
        <ele>0</ele>
        <time>2026-04-26T16:58:05.000Z</time>
      </trkpt>
      <trkpt lat="40.797775" lon="-73.974552">
        <ele>0</ele>
        <time>2026-04-26T16:58:06.000Z</time>
      </trkpt>
      <trkpt lat="40.797783" lon="-73.974552">
        <ele>0</ele>
        <time>2026-04-26T16:58:07.000Z</time>
      </trkpt>
      <trkpt lat="40.797791" lon="-73.974552">
        <ele>0</ele>
        <time>2026-04-26T16:58:08.000Z</time>
      </trkpt>
      <trkpt lat="40.797799" lon="-73.974552">
        <ele>0</ele>
        <time>2026-04-26T16:58:09.000Z</time>
      </trkpt>
      <trkpt lat="40.797808" lon="-73.974552">
        <ele>0</ele>
        <time>2026-04-26T16:58:10.000Z</time>
      </trkpt>
      <trkpt lat="40.797816" lon="-73.974552">
        <ele>0</ele>
        <time>2026-04-26T16:58:11.000Z</time>
      </trkpt>
      <trkpt lat="40.797824" lon="-73.974552">
        <ele>0</ele>
        <time>2026-04-26T16:58:12.000Z</time>
      </trkpt>
      <trkpt lat="40.797832" lon="-73.974552">
        <ele>0</ele>
        <time>2026-04-26T16:58:13.000Z</time>
      </trkpt>
      <trkpt lat="40.79784" lon="-73.974552">
        <ele>0</ele>
        <time>2026-04-26T16:58:14.000Z</time>
      </trkpt>
      <trkpt lat="40.797849" lon="-73.974552">
        <ele>0</ele>
        <time>2026-04-26T16:58:15.000Z</time>
      </trkpt>
      <trkpt lat="40.797865" lon="-73.97455">
        <ele>0</ele>
        <time>2026-04-26T16:58:16.000Z</time>
      </trkpt>
      <trkpt lat="40.797873" lon="-73.97455">
        <ele>0</ele>
        <time>2026-04-26T16:58:17.000Z</time>
      </trkpt>
      <trkpt lat="40.797882" lon="-73.974549">
        <ele>0</ele>
        <time>2026-04-26T16:58:18.000Z</time>
      </trkpt>
      <trkpt lat="40.79789" lon="-73.974549">
        <ele>0</ele>
        <time>2026-04-26T16:58:19.000Z</time>
      </trkpt>
      <trkpt lat="40.797898" lon="-73.974548">
        <ele>0</ele>
        <time>2026-04-26T16:58:20.000Z</time>
      </trkpt>
      <trkpt lat="40.797906" lon="-73.974547">
        <ele>0</ele>
        <time>2026-04-26T16:58:21.000Z</time>
      </trkpt>
      <trkpt lat="40.797914" lon="-73.974547">
        <ele>0</ele>
        <time>2026-04-26T16:58:22.000Z</time>
      </trkpt>
      <trkpt lat="40.797923" lon="-73.974546">
        <ele>0</ele>
        <time>2026-04-26T16:58:23.000Z</time>
      </trkpt>
      <trkpt lat="40.797931" lon="-73.974546">
        <ele>0</ele>
        <time>2026-04-26T16:58:24.000Z</time>
      </trkpt>
      <trkpt lat="40.797939" lon="-73.974545">
        <ele>0</ele>
        <time>2026-04-26T16:58:25.000Z</time>
      </trkpt>
      <trkpt lat="40.797947" lon="-73.974545">
        <ele>0</ele>
        <time>2026-04-26T16:58:26.000Z</time>
      </trkpt>
      <trkpt lat="40.797955" lon="-73.974544">
        <ele>0</ele>
        <time>2026-04-26T16:58:27.000Z</time>
      </trkpt>
      <trkpt lat="40.797964" lon="-73.974543">
        <ele>0</ele>
        <time>2026-04-26T16:58:28.000Z</time>
      </trkpt>
      <trkpt lat="40.797972" lon="-73.974543">
        <ele>0</ele>
        <time>2026-04-26T16:58:29.000Z</time>
      </trkpt>
      <trkpt lat="40.79798" lon="-73.974542">
        <ele>0</ele>
        <time>2026-04-26T16:58:30.000Z</time>
      </trkpt>
      <trkpt lat="40.797988" lon="-73.974542">
        <ele>0</ele>
        <time>2026-04-26T16:58:31.000Z</time>
      </trkpt>
      <trkpt lat="40.797997" lon="-73.974541">
        <ele>0</ele>
        <time>2026-04-26T16:58:32.000Z</time>
      </trkpt>
      <trkpt lat="40.798005" lon="-73.97454">
        <ele>0</ele>
        <time>2026-04-26T16:58:33.000Z</time>
      </trkpt>
      <trkpt lat="40.798013" lon="-73.97454">
        <ele>0</ele>
        <time>2026-04-26T16:58:34.000Z</time>
      </trkpt>
      <trkpt lat="40.798021" lon="-73.974539">
        <ele>0</ele>
        <time>2026-04-26T16:58:35.000Z</time>
      </trkpt>
      <trkpt lat="40.798029" lon="-73.974539">
        <ele>0</ele>
        <time>2026-04-26T16:58:36.000Z</time>
      </trkpt>
      <trkpt lat="40.798038" lon="-73.974538">
        <ele>0</ele>
        <time>2026-04-26T16:58:37.000Z</time>
      </trkpt>
      <trkpt lat="40.798046" lon="-73.974538">
        <ele>0</ele>
        <time>2026-04-26T16:58:38.000Z</time>
      </trkpt>
      <trkpt lat="40.798054" lon="-73.974537">
        <ele>0</ele>
        <time>2026-04-26T16:58:39.000Z</time>
      </trkpt>
      <trkpt lat="40.798062" lon="-73.974536">
        <ele>0</ele>
        <time>2026-04-26T16:58:40.000Z</time>
      </trkpt>
      <trkpt lat="40.79807" lon="-73.974536">
        <ele>0</ele>
        <time>2026-04-26T16:58:41.000Z</time>
      </trkpt>
      <trkpt lat="40.798079" lon="-73.974535">
        <ele>0</ele>
        <time>2026-04-26T16:58:42.000Z</time>
      </trkpt>
      <trkpt lat="40.798087" lon="-73.974535">
        <ele>0</ele>
        <time>2026-04-26T16:58:43.000Z</time>
      </trkpt>
      <trkpt lat="40.798095" lon="-73.974534">
        <ele>0</ele>
        <time>2026-04-26T16:58:44.000Z</time>
      </trkpt>
      <trkpt lat="40.798111" lon="-73.974531">
        <ele>0</ele>
        <time>2026-04-26T16:58:45.000Z</time>
      </trkpt>
      <trkpt lat="40.79812" lon="-73.97453">
        <ele>0</ele>
        <time>2026-04-26T16:58:46.000Z</time>
      </trkpt>
      <trkpt lat="40.798128" lon="-73.974528">
        <ele>0</ele>
        <time>2026-04-26T16:58:47.000Z</time>
      </trkpt>
      <trkpt lat="40.798136" lon="-73.974526">
        <ele>0</ele>
        <time>2026-04-26T16:58:48.000Z</time>
      </trkpt>
      <trkpt lat="40.798145" lon="-73.974524">
        <ele>0</ele>
        <time>2026-04-26T16:58:49.000Z</time>
      </trkpt>
      <trkpt lat="40.798153" lon="-73.974523">
        <ele>0</ele>
        <time>2026-04-26T16:58:50.000Z</time>
      </trkpt>
      <trkpt lat="40.798161" lon="-73.974521">
        <ele>0</ele>
        <time>2026-04-26T16:58:51.000Z</time>
      </trkpt>
      <trkpt lat="40.798169" lon="-73.974519">
        <ele>0</ele>
        <time>2026-04-26T16:58:52.000Z</time>
      </trkpt>
      <trkpt lat="40.798178" lon="-73.974517">
        <ele>0</ele>
        <time>2026-04-26T16:58:53.000Z</time>
      </trkpt>
      <trkpt lat="40.798186" lon="-73.974516">
        <ele>0</ele>
        <time>2026-04-26T16:58:54.000Z</time>
      </trkpt>
      <trkpt lat="40.798194" lon="-73.974514">
        <ele>0</ele>
        <time>2026-04-26T16:58:55.000Z</time>
      </trkpt>
      <trkpt lat="40.798203" lon="-73.974512">
        <ele>0</ele>
        <time>2026-04-26T16:58:56.000Z</time>
      </trkpt>
      <trkpt lat="40.798211" lon="-73.97451">
        <ele>0</ele>
        <time>2026-04-26T16:58:57.000Z</time>
      </trkpt>
      <trkpt lat="40.798219" lon="-73.974509">
        <ele>0</ele>
        <time>2026-04-26T16:58:58.000Z</time>
      </trkpt>
      <trkpt lat="40.798228" lon="-73.974507">
        <ele>0</ele>
        <time>2026-04-26T16:58:59.000Z</time>
      </trkpt>
      <trkpt lat="40.798236" lon="-73.974505">
        <ele>0</ele>
        <time>2026-04-26T16:59:00.000Z</time>
      </trkpt>
      <trkpt lat="40.798244" lon="-73.974504">
        <ele>0</ele>
        <time>2026-04-26T16:59:01.000Z</time>
      </trkpt>
      <trkpt lat="40.798252" lon="-73.974502">
        <ele>0</ele>
        <time>2026-04-26T16:59:02.000Z</time>
      </trkpt>
      <trkpt lat="40.798261" lon="-73.9745">
        <ele>0</ele>
        <time>2026-04-26T16:59:03.000Z</time>
      </trkpt>
      <trkpt lat="40.798269" lon="-73.974498">
        <ele>0</ele>
        <time>2026-04-26T16:59:04.000Z</time>
      </trkpt>
      <trkpt lat="40.798277" lon="-73.974497">
        <ele>0</ele>
        <time>2026-04-26T16:59:05.000Z</time>
      </trkpt>
      <trkpt lat="40.798286" lon="-73.974495">
        <ele>0</ele>
        <time>2026-04-26T16:59:06.000Z</time>
      </trkpt>
      <trkpt lat="40.798294" lon="-73.974493">
        <ele>0</ele>
        <time>2026-04-26T16:59:07.000Z</time>
      </trkpt>
      <trkpt lat="40.798302" lon="-73.974491">
        <ele>0</ele>
        <time>2026-04-26T16:59:08.000Z</time>
      </trkpt>
      <trkpt lat="40.798311" lon="-73.97449">
        <ele>0</ele>
        <time>2026-04-26T16:59:09.000Z</time>
      </trkpt>
      <trkpt lat="40.798319" lon="-73.974488">
        <ele>0</ele>
        <time>2026-04-26T16:59:10.000Z</time>
      </trkpt>
      <trkpt lat="40.798327" lon="-73.974486">
        <ele>0</ele>
        <time>2026-04-26T16:59:11.000Z</time>
      </trkpt>
      <trkpt lat="40.798336" lon="-73.974485">
        <ele>0</ele>
        <time>2026-04-26T16:59:12.000Z</time>
      </trkpt>
      <trkpt lat="40.798358" lon="-73.97448">
        <ele>0</ele>
        <time>2026-04-26T16:59:13.000Z</time>
      </trkpt>
      <trkpt lat="40.79837" lon="-73.974477">
        <ele>0</ele>
        <time>2026-04-26T16:59:14.000Z</time>
      </trkpt>
      <trkpt lat="40.798382" lon="-73.974475">
        <ele>0</ele>
        <time>2026-04-26T16:59:15.000Z</time>
      </trkpt>
      <trkpt lat="40.798394" lon="-73.974472">
        <ele>0</ele>
        <time>2026-04-26T16:59:16.000Z</time>
      </trkpt>
      <trkpt lat="40.798406" lon="-73.97447">
        <ele>0</ele>
        <time>2026-04-26T16:59:17.000Z</time>
      </trkpt>
      <trkpt lat="40.798418" lon="-73.974468">
        <ele>0</ele>
        <time>2026-04-26T16:59:18.000Z</time>
      </trkpt>
      <trkpt lat="40.79843" lon="-73.974465">
        <ele>0</ele>
        <time>2026-04-26T16:59:19.000Z</time>
      </trkpt>
      <trkpt lat="40.798442" lon="-73.974463">
        <ele>0</ele>
        <time>2026-04-26T16:59:20.000Z</time>
      </trkpt>
      <trkpt lat="40.798454" lon="-73.974461">
        <ele>0</ele>
        <time>2026-04-26T16:59:21.000Z</time>
      </trkpt>
      <trkpt lat="40.798466" lon="-73.974458">
        <ele>0</ele>
        <time>2026-04-26T16:59:22.000Z</time>
      </trkpt>
      <trkpt lat="40.798478" lon="-73.974456">
        <ele>0</ele>
        <time>2026-04-26T16:59:23.000Z</time>
      </trkpt>
      <trkpt lat="40.79849" lon="-73.974453">
        <ele>0</ele>
        <time>2026-04-26T16:59:24.000Z</time>
      </trkpt>
      <trkpt lat="40.798502" lon="-73.974451">
        <ele>0</ele>
        <time>2026-04-26T16:59:25.000Z</time>
      </trkpt>
      <trkpt lat="40.798514" lon="-73.974449">
        <ele>0</ele>
        <time>2026-04-26T16:59:26.000Z</time>
      </trkpt>
      <trkpt lat="40.798526" lon="-73.974446">
        <ele>0</ele>
        <time>2026-04-26T16:59:27.000Z</time>
      </trkpt>
      <trkpt lat="40.798538" lon="-73.974444">
        <ele>0</ele>
        <time>2026-04-26T16:59:28.000Z</time>
      </trkpt>
      <trkpt lat="40.79855" lon="-73.974441">
        <ele>0</ele>
        <time>2026-04-26T16:59:29.000Z</time>
      </trkpt>
      <trkpt lat="40.798562" lon="-73.974439">
        <ele>0</ele>
        <time>2026-04-26T16:59:30.000Z</time>
      </trkpt>
      <trkpt lat="40.798574" lon="-73.974437">
        <ele>0</ele>
        <time>2026-04-26T16:59:31.000Z</time>
      </trkpt>
      <trkpt lat="40.798586" lon="-73.974434">
        <ele>0</ele>
        <time>2026-04-26T16:59:32.000Z</time>
      </trkpt>
      <trkpt lat="40.798598" lon="-73.974432">
        <ele>0</ele>
        <time>2026-04-26T16:59:33.000Z</time>
      </trkpt>
      <trkpt lat="40.79861" lon="-73.97443">
        <ele>0</ele>
        <time>2026-04-26T16:59:34.000Z</time>
      </trkpt>
      <trkpt lat="40.798622" lon="-73.974427">
        <ele>0</ele>
        <time>2026-04-26T16:59:35.000Z</time>
      </trkpt>
      <trkpt lat="40.798634" lon="-73.974425">
        <ele>0</ele>
        <time>2026-04-26T16:59:36.000Z</time>
      </trkpt>
      <trkpt lat="40.798646" lon="-73.974422">
        <ele>0</ele>
        <time>2026-04-26T16:59:37.000Z</time>
      </trkpt>
      <trkpt lat="40.798659" lon="-73.97442">
        <ele>0</ele>
        <time>2026-04-26T16:59:38.000Z</time>
      </trkpt>
      <trkpt lat="40.798679" lon="-73.974416">
        <ele>0</ele>
        <time>2026-04-26T16:59:39.000Z</time>
      </trkpt>
      <trkpt lat="40.798689" lon="-73.974413">
        <ele>0</ele>
        <time>2026-04-26T16:59:40.000Z</time>
      </trkpt>
      <trkpt lat="40.798699" lon="-73.97441">
        <ele>0</ele>
        <time>2026-04-26T16:59:41.000Z</time>
      </trkpt>
      <trkpt lat="40.798709" lon="-73.974407">
        <ele>0</ele>
        <time>2026-04-26T16:59:42.000Z</time>
      </trkpt>
      <trkpt lat="40.79872" lon="-73.974404">
        <ele>0</ele>
        <time>2026-04-26T16:59:43.000Z</time>
      </trkpt>
      <trkpt lat="40.79873" lon="-73.974401">
        <ele>0</ele>
        <time>2026-04-26T16:59:44.000Z</time>
      </trkpt>
      <trkpt lat="40.79874" lon="-73.974397">
        <ele>0</ele>
        <time>2026-04-26T16:59:45.000Z</time>
      </trkpt>
      <trkpt lat="40.79875" lon="-73.974394">
        <ele>0</ele>
        <time>2026-04-26T16:59:46.000Z</time>
      </trkpt>
      <trkpt lat="40.79876" lon="-73.974391">
        <ele>0</ele>
        <time>2026-04-26T16:59:47.000Z</time>
      </trkpt>
      <trkpt lat="40.79877" lon="-73.974388">
        <ele>0</ele>
        <time>2026-04-26T16:59:48.000Z</time>
      </trkpt>
      <trkpt lat="40.79878" lon="-73.974385">
        <ele>0</ele>
        <time>2026-04-26T16:59:49.000Z</time>
      </trkpt>
      <trkpt lat="40.79879" lon="-73.974382">
        <ele>0</ele>
        <time>2026-04-26T16:59:50.000Z</time>
      </trkpt>
      <trkpt lat="40.798801" lon="-73.974379">
        <ele>0</ele>
        <time>2026-04-26T16:59:51.000Z</time>
      </trkpt>
      <trkpt lat="40.798811" lon="-73.974376">
        <ele>0</ele>
        <time>2026-04-26T16:59:52.000Z</time>
      </trkpt>
      <trkpt lat="40.798821" lon="-73.974373">
        <ele>0</ele>
        <time>2026-04-26T16:59:53.000Z</time>
      </trkpt>
      <trkpt lat="40.798831" lon="-73.97437">
        <ele>0</ele>
        <time>2026-04-26T16:59:54.000Z</time>
      </trkpt>
      <trkpt lat="40.798841" lon="-73.974367">
        <ele>0</ele>
        <time>2026-04-26T16:59:55.000Z</time>
      </trkpt>
      <trkpt lat="40.798851" lon="-73.974364">
        <ele>0</ele>
        <time>2026-04-26T16:59:56.000Z</time>
      </trkpt>
      <trkpt lat="40.798861" lon="-73.97436">
        <ele>0</ele>
        <time>2026-04-26T16:59:57.000Z</time>
      </trkpt>
      <trkpt lat="40.798871" lon="-73.974357">
        <ele>0</ele>
        <time>2026-04-26T16:59:58.000Z</time>
      </trkpt>
      <trkpt lat="40.798882" lon="-73.974354">
        <ele>0</ele>
        <time>2026-04-26T16:59:59.000Z</time>
      </trkpt>
      <trkpt lat="40.798892" lon="-73.974351">
        <ele>0</ele>
        <time>2026-04-26T17:00:00.000Z</time>
      </trkpt>
      <trkpt lat="40.798902" lon="-73.974348">
        <ele>0</ele>
        <time>2026-04-26T17:00:01.000Z</time>
      </trkpt>
      <trkpt lat="40.798912" lon="-73.974345">
        <ele>0</ele>
        <time>2026-04-26T17:00:02.000Z</time>
      </trkpt>
      <trkpt lat="40.798922" lon="-73.974342">
        <ele>0</ele>
        <time>2026-04-26T17:00:03.000Z</time>
      </trkpt>
      <trkpt lat="40.798942" lon="-73.974338">
        <ele>0</ele>
        <time>2026-04-26T17:00:04.000Z</time>
      </trkpt>
      <trkpt lat="40.798952" lon="-73.974335">
        <ele>0</ele>
        <time>2026-04-26T17:00:05.000Z</time>
      </trkpt>
      <trkpt lat="40.798962" lon="-73.974333">
        <ele>0</ele>
        <time>2026-04-26T17:00:06.000Z</time>
      </trkpt>
      <trkpt lat="40.798972" lon="-73.974331">
        <ele>0</ele>
        <time>2026-04-26T17:00:07.000Z</time>
      </trkpt>
      <trkpt lat="40.798982" lon="-73.974329">
        <ele>0</ele>
        <time>2026-04-26T17:00:08.000Z</time>
      </trkpt>
      <trkpt lat="40.798992" lon="-73.974326">
        <ele>0</ele>
        <time>2026-04-26T17:00:09.000Z</time>
      </trkpt>
      <trkpt lat="40.799002" lon="-73.974324">
        <ele>0</ele>
        <time>2026-04-26T17:00:10.000Z</time>
      </trkpt>
      <trkpt lat="40.799012" lon="-73.974322">
        <ele>0</ele>
        <time>2026-04-26T17:00:11.000Z</time>
      </trkpt>
      <trkpt lat="40.799022" lon="-73.974319">
        <ele>0</ele>
        <time>2026-04-26T17:00:12.000Z</time>
      </trkpt>
      <trkpt lat="40.799032" lon="-73.974317">
        <ele>0</ele>
        <time>2026-04-26T17:00:13.000Z</time>
      </trkpt>
      <trkpt lat="40.799042" lon="-73.974315">
        <ele>0</ele>
        <time>2026-04-26T17:00:14.000Z</time>
      </trkpt>
      <trkpt lat="40.799052" lon="-73.974313">
        <ele>0</ele>
        <time>2026-04-26T17:00:15.000Z</time>
      </trkpt>
      <trkpt lat="40.799063" lon="-73.97431">
        <ele>0</ele>
        <time>2026-04-26T17:00:16.000Z</time>
      </trkpt>
      <trkpt lat="40.799073" lon="-73.974308">
        <ele>0</ele>
        <time>2026-04-26T17:00:17.000Z</time>
      </trkpt>
      <trkpt lat="40.799083" lon="-73.974306">
        <ele>0</ele>
        <time>2026-04-26T17:00:18.000Z</time>
      </trkpt>
      <trkpt lat="40.799093" lon="-73.974303">
        <ele>0</ele>
        <time>2026-04-26T17:00:19.000Z</time>
      </trkpt>
      <trkpt lat="40.799103" lon="-73.974301">
        <ele>0</ele>
        <time>2026-04-26T17:00:20.000Z</time>
      </trkpt>
      <trkpt lat="40.799113" lon="-73.974299">
        <ele>0</ele>
        <time>2026-04-26T17:00:21.000Z</time>
      </trkpt>
      <trkpt lat="40.799123" lon="-73.974297">
        <ele>0</ele>
        <time>2026-04-26T17:00:22.000Z</time>
      </trkpt>
      <trkpt lat="40.799133" lon="-73.974294">
        <ele>0</ele>
        <time>2026-04-26T17:00:23.000Z</time>
      </trkpt>
      <trkpt lat="40.799143" lon="-73.974292">
        <ele>0</ele>
        <time>2026-04-26T17:00:24.000Z</time>
      </trkpt>
      <trkpt lat="40.799153" lon="-73.97429">
        <ele>0</ele>
        <time>2026-04-26T17:00:25.000Z</time>
      </trkpt>
      <trkpt lat="40.799163" lon="-73.974287">
        <ele>0</ele>
        <time>2026-04-26T17:00:26.000Z</time>
      </trkpt>
      <trkpt lat="40.799173" lon="-73.974285">
        <ele>0</ele>
        <time>2026-04-26T17:00:27.000Z</time>
      </trkpt>
      <trkpt lat="40.799183" lon="-73.974283">
        <ele>0</ele>
        <time>2026-04-26T17:00:28.000Z</time>
      </trkpt>
      <trkpt lat="40.799193" lon="-73.974281">
        <ele>0</ele>
        <time>2026-04-26T17:00:29.000Z</time>
      </trkpt>
      <trkpt lat="40.799211" lon="-73.974267">
        <ele>0</ele>
        <time>2026-04-26T17:00:30.000Z</time>
      </trkpt>
      <trkpt lat="40.799219" lon="-73.974257">
        <ele>0</ele>
        <time>2026-04-26T17:00:31.000Z</time>
      </trkpt>
      <trkpt lat="40.799227" lon="-73.974248">
        <ele>0</ele>
        <time>2026-04-26T17:00:32.000Z</time>
      </trkpt>
      <trkpt lat="40.799235" lon="-73.974238">
        <ele>0</ele>
        <time>2026-04-26T17:00:33.000Z</time>
      </trkpt>
      <trkpt lat="40.799243" lon="-73.974229">
        <ele>0</ele>
        <time>2026-04-26T17:00:34.000Z</time>
      </trkpt>
      <trkpt lat="40.799251" lon="-73.97422">
        <ele>0</ele>
        <time>2026-04-26T17:00:35.000Z</time>
      </trkpt>
      <trkpt lat="40.799259" lon="-73.97421">
        <ele>0</ele>
        <time>2026-04-26T17:00:36.000Z</time>
      </trkpt>
      <trkpt lat="40.799267" lon="-73.974201">
        <ele>0</ele>
        <time>2026-04-26T17:00:37.000Z</time>
      </trkpt>
      <trkpt lat="40.799275" lon="-73.974192">
        <ele>0</ele>
        <time>2026-04-26T17:00:38.000Z</time>
      </trkpt>
      <trkpt lat="40.799283" lon="-73.974182">
        <ele>0</ele>
        <time>2026-04-26T17:00:39.000Z</time>
      </trkpt>
      <trkpt lat="40.799291" lon="-73.974173">
        <ele>0</ele>
        <time>2026-04-26T17:00:40.000Z</time>
      </trkpt>
      <trkpt lat="40.799299" lon="-73.974163">
        <ele>0</ele>
        <time>2026-04-26T17:00:41.000Z</time>
      </trkpt>
      <trkpt lat="40.799307" lon="-73.974154">
        <ele>0</ele>
        <time>2026-04-26T17:00:42.000Z</time>
      </trkpt>
      <trkpt lat="40.799314" lon="-73.974145">
        <ele>0</ele>
        <time>2026-04-26T17:00:43.000Z</time>
      </trkpt>
      <trkpt lat="40.799322" lon="-73.974135">
        <ele>0</ele>
        <time>2026-04-26T17:00:44.000Z</time>
      </trkpt>
      <trkpt lat="40.79933" lon="-73.974126">
        <ele>0</ele>
        <time>2026-04-26T17:00:45.000Z</time>
      </trkpt>
      <trkpt lat="40.799338" lon="-73.974116">
        <ele>0</ele>
        <time>2026-04-26T17:00:46.000Z</time>
      </trkpt>
      <trkpt lat="40.799346" lon="-73.974107">
        <ele>0</ele>
        <time>2026-04-26T17:00:47.000Z</time>
      </trkpt>
      <trkpt lat="40.799354" lon="-73.974098">
        <ele>0</ele>
        <time>2026-04-26T17:00:48.000Z</time>
      </trkpt>
      <trkpt lat="40.799362" lon="-73.974088">
        <ele>0</ele>
        <time>2026-04-26T17:00:49.000Z</time>
      </trkpt>
      <trkpt lat="40.79937" lon="-73.974079">
        <ele>0</ele>
        <time>2026-04-26T17:00:50.000Z</time>
      </trkpt>
      <trkpt lat="40.799378" lon="-73.97407">
        <ele>0</ele>
        <time>2026-04-26T17:00:51.000Z</time>
      </trkpt>
      <trkpt lat="40.799386" lon="-73.97406">
        <ele>0</ele>
        <time>2026-04-26T17:00:52.000Z</time>
      </trkpt>
      <trkpt lat="40.799394" lon="-73.974051">
        <ele>0</ele>
        <time>2026-04-26T17:00:53.000Z</time>
      </trkpt>
      <trkpt lat="40.799402" lon="-73.974041">
        <ele>0</ele>
        <time>2026-04-26T17:00:54.000Z</time>
      </trkpt>
      <trkpt lat="40.79941" lon="-73.974032">
        <ele>0</ele>
        <time>2026-04-26T17:00:55.000Z</time>
      </trkpt>
      <trkpt lat="40.799423" lon="-73.974011">
        <ele>0</ele>
        <time>2026-04-26T17:00:56.000Z</time>
      </trkpt>
      <trkpt lat="40.799429" lon="-73.974002">
        <ele>0</ele>
        <time>2026-04-26T17:00:57.000Z</time>
      </trkpt>
      <trkpt lat="40.799436" lon="-73.973993">
        <ele>0</ele>
        <time>2026-04-26T17:00:58.000Z</time>
      </trkpt>
      <trkpt lat="40.799443" lon="-73.973984">
        <ele>0</ele>
        <time>2026-04-26T17:00:59.000Z</time>
      </trkpt>
      <trkpt lat="40.799449" lon="-73.973975">
        <ele>0</ele>
        <time>2026-04-26T17:01:00.000Z</time>
      </trkpt>
      <trkpt lat="40.799456" lon="-73.973966">
        <ele>0</ele>
        <time>2026-04-26T17:01:01.000Z</time>
      </trkpt>
      <trkpt lat="40.799463" lon="-73.973957">
        <ele>0</ele>
        <time>2026-04-26T17:01:02.000Z</time>
      </trkpt>
      <trkpt lat="40.799469" lon="-73.973948">
        <ele>0</ele>
        <time>2026-04-26T17:01:03.000Z</time>
      </trkpt>
      <trkpt lat="40.799476" lon="-73.973939">
        <ele>0</ele>
        <time>2026-04-26T17:01:04.000Z</time>
      </trkpt>
      <trkpt lat="40.799483" lon="-73.97393">
        <ele>0</ele>
        <time>2026-04-26T17:01:05.000Z</time>
      </trkpt>
      <trkpt lat="40.799489" lon="-73.973921">
        <ele>0</ele>
        <time>2026-04-26T17:01:06.000Z</time>
      </trkpt>
      <trkpt lat="40.799496" lon="-73.973912">
        <ele>0</ele>
        <time>2026-04-26T17:01:07.000Z</time>
      </trkpt>
      <trkpt lat="40.799503" lon="-73.973903">
        <ele>0</ele>
        <time>2026-04-26T17:01:08.000Z</time>
      </trkpt>
      <trkpt lat="40.799509" lon="-73.973894">
        <ele>0</ele>
        <time>2026-04-26T17:01:09.000Z</time>
      </trkpt>
      <trkpt lat="40.799516" lon="-73.973885">
        <ele>0</ele>
        <time>2026-04-26T17:01:10.000Z</time>
      </trkpt>
      <trkpt lat="40.799523" lon="-73.973876">
        <ele>0</ele>
        <time>2026-04-26T17:01:11.000Z</time>
      </trkpt>
      <trkpt lat="40.799529" lon="-73.973867">
        <ele>0</ele>
        <time>2026-04-26T17:01:12.000Z</time>
      </trkpt>
      <trkpt lat="40.799536" lon="-73.973858">
        <ele>0</ele>
        <time>2026-04-26T17:01:13.000Z</time>
      </trkpt>
      <trkpt lat="40.799543" lon="-73.973849">
        <ele>0</ele>
        <time>2026-04-26T17:01:14.000Z</time>
      </trkpt>
      <trkpt lat="40.799549" lon="-73.97384">
        <ele>0</ele>
        <time>2026-04-26T17:01:15.000Z</time>
      </trkpt>
      <trkpt lat="40.799556" lon="-73.973831">
        <ele>0</ele>
        <time>2026-04-26T17:01:16.000Z</time>
      </trkpt>
      <trkpt lat="40.799563" lon="-73.973822">
        <ele>0</ele>
        <time>2026-04-26T17:01:17.000Z</time>
      </trkpt>
      <trkpt lat="40.799569" lon="-73.973813">
        <ele>0</ele>
        <time>2026-04-26T17:01:18.000Z</time>
      </trkpt>
      <trkpt lat="40.799576" lon="-73.973804">
        <ele>0</ele>
        <time>2026-04-26T17:01:19.000Z</time>
      </trkpt>
      <trkpt lat="40.799583" lon="-73.973795">
        <ele>0</ele>
        <time>2026-04-26T17:01:20.000Z</time>
      </trkpt>
      <trkpt lat="40.79959" lon="-73.973786">
        <ele>0</ele>
        <time>2026-04-26T17:01:21.000Z</time>
      </trkpt>
      <trkpt lat="40.799608" lon="-73.973771">
        <ele>0</ele>
        <time>2026-04-26T17:01:22.000Z</time>
      </trkpt>
      <trkpt lat="40.799618" lon="-73.973764">
        <ele>0</ele>
        <time>2026-04-26T17:01:23.000Z</time>
      </trkpt>
      <trkpt lat="40.799627" lon="-73.973757">
        <ele>0</ele>
        <time>2026-04-26T17:01:24.000Z</time>
      </trkpt>
      <trkpt lat="40.799637" lon="-73.973751">
        <ele>0</ele>
        <time>2026-04-26T17:01:25.000Z</time>
      </trkpt>
      <trkpt lat="40.799646" lon="-73.973744">
        <ele>0</ele>
        <time>2026-04-26T17:01:26.000Z</time>
      </trkpt>
      <trkpt lat="40.799656" lon="-73.973737">
        <ele>0</ele>
        <time>2026-04-26T17:01:27.000Z</time>
      </trkpt>
      <trkpt lat="40.799665" lon="-73.97373">
        <ele>0</ele>
        <time>2026-04-26T17:01:28.000Z</time>
      </trkpt>
      <trkpt lat="40.799674" lon="-73.973723">
        <ele>0</ele>
        <time>2026-04-26T17:01:29.000Z</time>
      </trkpt>
      <trkpt lat="40.799684" lon="-73.973716">
        <ele>0</ele>
        <time>2026-04-26T17:01:30.000Z</time>
      </trkpt>
      <trkpt lat="40.799693" lon="-73.97371">
        <ele>0</ele>
        <time>2026-04-26T17:01:31.000Z</time>
      </trkpt>
      <trkpt lat="40.799703" lon="-73.973703">
        <ele>0</ele>
        <time>2026-04-26T17:01:32.000Z</time>
      </trkpt>
      <trkpt lat="40.799712" lon="-73.973696">
        <ele>0</ele>
        <time>2026-04-26T17:01:33.000Z</time>
      </trkpt>
      <trkpt lat="40.799721" lon="-73.973689">
        <ele>0</ele>
        <time>2026-04-26T17:01:34.000Z</time>
      </trkpt>
      <trkpt lat="40.799731" lon="-73.973682">
        <ele>0</ele>
        <time>2026-04-26T17:01:35.000Z</time>
      </trkpt>
      <trkpt lat="40.79974" lon="-73.973675">
        <ele>0</ele>
        <time>2026-04-26T17:01:36.000Z</time>
      </trkpt>
      <trkpt lat="40.79975" lon="-73.973669">
        <ele>0</ele>
        <time>2026-04-26T17:01:37.000Z</time>
      </trkpt>
      <trkpt lat="40.799759" lon="-73.973662">
        <ele>0</ele>
        <time>2026-04-26T17:01:38.000Z</time>
      </trkpt>
      <trkpt lat="40.799769" lon="-73.973655">
        <ele>0</ele>
        <time>2026-04-26T17:01:39.000Z</time>
      </trkpt>
      <trkpt lat="40.799778" lon="-73.973648">
        <ele>0</ele>
        <time>2026-04-26T17:01:40.000Z</time>
      </trkpt>
      <trkpt lat="40.799787" lon="-73.973641">
        <ele>0</ele>
        <time>2026-04-26T17:01:41.000Z</time>
      </trkpt>
      <trkpt lat="40.799797" lon="-73.973634">
        <ele>0</ele>
        <time>2026-04-26T17:01:42.000Z</time>
      </trkpt>
      <trkpt lat="40.799806" lon="-73.973628">
        <ele>0</ele>
        <time>2026-04-26T17:01:43.000Z</time>
      </trkpt>
      <trkpt lat="40.799816" lon="-73.973621">
        <ele>0</ele>
        <time>2026-04-26T17:01:44.000Z</time>
      </trkpt>
      <trkpt lat="40.799825" lon="-73.973614">
        <ele>0</ele>
        <time>2026-04-26T17:01:45.000Z</time>
      </trkpt>
      <trkpt lat="40.799835" lon="-73.973607">
        <ele>0</ele>
        <time>2026-04-26T17:01:46.000Z</time>
      </trkpt>
      <trkpt lat="40.799853" lon="-73.973595">
        <ele>0</ele>
        <time>2026-04-26T17:01:47.000Z</time>
      </trkpt>
      <trkpt lat="40.799861" lon="-73.973589">
        <ele>0</ele>
        <time>2026-04-26T17:01:48.000Z</time>
      </trkpt>
      <trkpt lat="40.79987" lon="-73.973583">
        <ele>0</ele>
        <time>2026-04-26T17:01:49.000Z</time>
      </trkpt>
      <trkpt lat="40.799878" lon="-73.973577">
        <ele>0</ele>
        <time>2026-04-26T17:01:50.000Z</time>
      </trkpt>
      <trkpt lat="40.799887" lon="-73.973571">
        <ele>0</ele>
        <time>2026-04-26T17:01:51.000Z</time>
      </trkpt>
      <trkpt lat="40.799895" lon="-73.973565">
        <ele>0</ele>
        <time>2026-04-26T17:01:52.000Z</time>
      </trkpt>
      <trkpt lat="40.799904" lon="-73.973559">
        <ele>0</ele>
        <time>2026-04-26T17:01:53.000Z</time>
      </trkpt>
      <trkpt lat="40.799912" lon="-73.973553">
        <ele>0</ele>
        <time>2026-04-26T17:01:54.000Z</time>
      </trkpt>
      <trkpt lat="40.799922" lon="-73.973546">
        <ele>0</ele>
        <time>2026-04-26T17:01:55.000Z</time>
      </trkpt>
      <trkpt lat="40.799932" lon="-73.973539">
        <ele>0</ele>
        <time>2026-04-26T17:01:56.000Z</time>
      </trkpt>
      <trkpt lat="40.799943" lon="-73.973531">
        <ele>0</ele>
        <time>2026-04-26T17:01:57.000Z</time>
      </trkpt>
      <trkpt lat="40.799953" lon="-73.973523">
        <ele>0</ele>
        <time>2026-04-26T17:01:58.000Z</time>
      </trkpt>
      <trkpt lat="40.799964" lon="-73.973515">
        <ele>0</ele>
        <time>2026-04-26T17:01:59.000Z</time>
      </trkpt>
      <trkpt lat="40.799974" lon="-73.973506">
        <ele>0</ele>
        <time>2026-04-26T17:02:00.000Z</time>
      </trkpt>
      <trkpt lat="40.799983" lon="-73.973498">
        <ele>0</ele>
        <time>2026-04-26T17:02:01.000Z</time>
      </trkpt>
      <trkpt lat="40.799993" lon="-73.97349">
        <ele>15.4</ele>
        <time>2026-04-26T17:02:02.000Z</time>
      </trkpt>
      <trkpt lat="40.80001" lon="-73.973481">
        <ele>15.4</ele>
        <time>2026-04-26T17:02:03.000Z</time>
      </trkpt>
      <trkpt lat="40.800015" lon="-73.973477">
        <ele>15.6</ele>
        <time>2026-04-26T17:02:04.000Z</time>
      </trkpt>
      <trkpt lat="40.800025" lon="-73.973469">
        <ele>15.6</ele>
        <time>2026-04-26T17:02:05.000Z</time>
      </trkpt>
      <trkpt lat="40.800036" lon="-73.973462">
        <ele>15.6</ele>
        <time>2026-04-26T17:02:06.000Z</time>
      </trkpt>
      <trkpt lat="40.800045" lon="-73.973456">
        <ele>15.8</ele>
        <time>2026-04-26T17:02:07.000Z</time>
      </trkpt>
      <trkpt lat="40.800054" lon="-73.97345">
        <ele>15.8</ele>
        <time>2026-04-26T17:02:08.000Z</time>
      </trkpt>
      <trkpt lat="40.800062" lon="-73.973445">
        <ele>16</ele>
        <time>2026-04-26T17:02:09.000Z</time>
      </trkpt>
      <trkpt lat="40.800071" lon="-73.973439">
        <ele>16</ele>
        <time>2026-04-26T17:02:10.000Z</time>
      </trkpt>
      <trkpt lat="40.80008" lon="-73.973434">
        <ele>16</ele>
        <time>2026-04-26T17:02:11.000Z</time>
      </trkpt>
      <trkpt lat="40.800089" lon="-73.973428">
        <ele>16</ele>
        <time>2026-04-26T17:02:12.000Z</time>
      </trkpt>
      <trkpt lat="40.800098" lon="-73.973422">
        <ele>16</ele>
        <time>2026-04-26T17:02:13.000Z</time>
      </trkpt>
      <trkpt lat="40.800106" lon="-73.973416">
        <ele>16</ele>
        <time>2026-04-26T17:02:14.000Z</time>
      </trkpt>
      <trkpt lat="40.800115" lon="-73.973411">
        <ele>16</ele>
        <time>2026-04-26T17:02:15.000Z</time>
      </trkpt>
      <trkpt lat="40.800123" lon="-73.973405">
        <ele>16</ele>
        <time>2026-04-26T17:02:16.000Z</time>
      </trkpt>
      <trkpt lat="40.800132" lon="-73.973399">
        <ele>16</ele>
        <time>2026-04-26T17:02:17.000Z</time>
      </trkpt>
      <trkpt lat="40.800141" lon="-73.973393">
        <ele>16</ele>
        <time>2026-04-26T17:02:18.000Z</time>
      </trkpt>
      <trkpt lat="40.800149" lon="-73.973387">
        <ele>16</ele>
        <time>2026-04-26T17:02:19.000Z</time>
      </trkpt>
      <trkpt lat="40.800158" lon="-73.973381">
        <ele>16</ele>
        <time>2026-04-26T17:02:20.000Z</time>
      </trkpt>
      <trkpt lat="40.800166" lon="-73.973374">
        <ele>16</ele>
        <time>2026-04-26T17:02:21.000Z</time>
      </trkpt>
      <trkpt lat="40.800175" lon="-73.973368">
        <ele>16</ele>
        <time>2026-04-26T17:02:22.000Z</time>
      </trkpt>
      <trkpt lat="40.800183" lon="-73.973362">
        <ele>16.2</ele>
        <time>2026-04-26T17:02:23.000Z</time>
      </trkpt>
      <trkpt lat="40.800193" lon="-73.973355">
        <ele>16.2</ele>
        <time>2026-04-26T17:02:24.000Z</time>
      </trkpt>
      <trkpt lat="40.800193" lon="-73.973355">
        <ele>16.2</ele>
        <time>2026-04-26T17:02:25.000Z</time>
      </trkpt>
      <trkpt lat="40.800202" lon="-73.973348">
        <ele>16.2</ele>
        <time>2026-04-26T17:02:26.000Z</time>
      </trkpt>
      <trkpt lat="40.800211" lon="-73.973341">
        <ele>16.2</ele>
        <time>2026-04-26T17:02:27.000Z</time>
      </trkpt>
      <trkpt lat="40.800221" lon="-73.973335">
        <ele>16.2</ele>
        <time>2026-04-26T17:02:28.000Z</time>
      </trkpt>
      <trkpt lat="40.80023" lon="-73.973328">
        <ele>16.2</ele>
        <time>2026-04-26T17:02:29.000Z</time>
      </trkpt>
      <trkpt lat="40.80024" lon="-73.973321">
        <ele>16.2</ele>
        <time>2026-04-26T17:02:30.000Z</time>
      </trkpt>
      <trkpt lat="40.800249" lon="-73.973314">
        <ele>16.2</ele>
        <time>2026-04-26T17:02:31.000Z</time>
      </trkpt>
      <trkpt lat="40.800259" lon="-73.973306">
        <ele>16.2</ele>
        <time>2026-04-26T17:02:32.000Z</time>
      </trkpt>
      <trkpt lat="40.800269" lon="-73.973299">
        <ele>16.2</ele>
        <time>2026-04-26T17:02:33.000Z</time>
      </trkpt>
      <trkpt lat="40.800285" lon="-73.973288">
        <ele>16.2</ele>
        <time>2026-04-26T17:02:34.000Z</time>
      </trkpt>
      <trkpt lat="40.80029" lon="-73.973284">
        <ele>16.2</ele>
        <time>2026-04-26T17:02:35.000Z</time>
      </trkpt>
      <trkpt lat="40.800303" lon="-73.973276">
        <ele>16.2</ele>
        <time>2026-04-26T17:02:36.000Z</time>
      </trkpt>
      <trkpt lat="40.800316" lon="-73.973268">
        <ele>16.2</ele>
        <time>2026-04-26T17:02:37.000Z</time>
      </trkpt>
      <trkpt lat="40.800328" lon="-73.97326">
        <ele>16.2</ele>
        <time>2026-04-26T17:02:38.000Z</time>
      </trkpt>
      <trkpt lat="40.800339" lon="-73.973253">
        <ele>16.2</ele>
        <time>2026-04-26T17:02:39.000Z</time>
      </trkpt>
      <trkpt lat="40.800349" lon="-73.973246">
        <ele>16.2</ele>
        <time>2026-04-26T17:02:40.000Z</time>
      </trkpt>
      <trkpt lat="40.80036" lon="-73.973238">
        <ele>16.2</ele>
        <time>2026-04-26T17:02:41.000Z</time>
      </trkpt>
      <trkpt lat="40.80037" lon="-73.97323">
        <ele>16.2</ele>
        <time>2026-04-26T17:02:42.000Z</time>
      </trkpt>
      <trkpt lat="40.800381" lon="-73.973223">
        <ele>16.2</ele>
        <time>2026-04-26T17:02:43.000Z</time>
      </trkpt>
      <trkpt lat="40.800391" lon="-73.973215">
        <ele>16.2</ele>
        <time>2026-04-26T17:02:44.000Z</time>
      </trkpt>
      <trkpt lat="40.8004" lon="-73.973208">
        <ele>16.2</ele>
        <time>2026-04-26T17:02:45.000Z</time>
      </trkpt>
      <trkpt lat="40.80041" lon="-73.973201">
        <ele>16.2</ele>
        <time>2026-04-26T17:02:46.000Z</time>
      </trkpt>
      <trkpt lat="40.80042" lon="-73.973193">
        <ele>16.2</ele>
        <time>2026-04-26T17:02:47.000Z</time>
      </trkpt>
      <trkpt lat="40.800429" lon="-73.973186">
        <ele>16.2</ele>
        <time>2026-04-26T17:02:48.000Z</time>
      </trkpt>
      <trkpt lat="40.800439" lon="-73.973179">
        <ele>16.2</ele>
        <time>2026-04-26T17:02:49.000Z</time>
      </trkpt>
      <trkpt lat="40.800449" lon="-73.973172">
        <ele>16</ele>
        <time>2026-04-26T17:02:50.000Z</time>
      </trkpt>
      <trkpt lat="40.800459" lon="-73.973165">
        <ele>16</ele>
        <time>2026-04-26T17:02:51.000Z</time>
      </trkpt>
      <trkpt lat="40.800468" lon="-73.973158">
        <ele>16</ele>
        <time>2026-04-26T17:02:52.000Z</time>
      </trkpt>
      <trkpt lat="40.800478" lon="-73.973151">
        <ele>16</ele>
        <time>2026-04-26T17:02:53.000Z</time>
      </trkpt>
      <trkpt lat="40.800487" lon="-73.973145">
        <ele>16</ele>
        <time>2026-04-26T17:02:54.000Z</time>
      </trkpt>
      <trkpt lat="40.800497" lon="-73.973138">
        <ele>16</ele>
        <time>2026-04-26T17:02:55.000Z</time>
      </trkpt>
      <trkpt lat="40.800506" lon="-73.973131">
        <ele>16</ele>
        <time>2026-04-26T17:02:56.000Z</time>
      </trkpt>
      <trkpt lat="40.800516" lon="-73.973124">
        <ele>16</ele>
        <time>2026-04-26T17:02:57.000Z</time>
      </trkpt>
      <trkpt lat="40.800525" lon="-73.973117">
        <ele>16</ele>
        <time>2026-04-26T17:02:58.000Z</time>
      </trkpt>
      <trkpt lat="40.800534" lon="-73.973111">
        <ele>16</ele>
        <time>2026-04-26T17:02:59.000Z</time>
      </trkpt>
      <trkpt lat="40.800544" lon="-73.973104">
        <ele>16</ele>
        <time>2026-04-26T17:03:00.000Z</time>
      </trkpt>
      <trkpt lat="40.800552" lon="-73.973098">
        <ele>16</ele>
        <time>2026-04-26T17:03:01.000Z</time>
      </trkpt>
      <trkpt lat="40.800561" lon="-73.973092">
        <ele>16</ele>
        <time>2026-04-26T17:03:02.000Z</time>
      </trkpt>
      <trkpt lat="40.80057" lon="-73.973086">
        <ele>16</ele>
        <time>2026-04-26T17:03:03.000Z</time>
      </trkpt>
      <trkpt lat="40.800579" lon="-73.97308">
        <ele>16</ele>
        <time>2026-04-26T17:03:04.000Z</time>
      </trkpt>
      <trkpt lat="40.800588" lon="-73.973074">
        <ele>16</ele>
        <time>2026-04-26T17:03:05.000Z</time>
      </trkpt>
      <trkpt lat="40.800597" lon="-73.973068">
        <ele>16</ele>
        <time>2026-04-26T17:03:06.000Z</time>
      </trkpt>
      <trkpt lat="40.800607" lon="-73.973063">
        <ele>16</ele>
        <time>2026-04-26T17:03:07.000Z</time>
      </trkpt>
      <trkpt lat="40.800616" lon="-73.973056">
        <ele>16</ele>
        <time>2026-04-26T17:03:08.000Z</time>
      </trkpt>
      <trkpt lat="40.800626" lon="-73.97305">
        <ele>16</ele>
        <time>2026-04-26T17:03:09.000Z</time>
      </trkpt>
      <trkpt lat="40.800635" lon="-73.973044">
        <ele>16</ele>
        <time>2026-04-26T17:03:10.000Z</time>
      </trkpt>
      <trkpt lat="40.800645" lon="-73.973038">
        <ele>16</ele>
        <time>2026-04-26T17:03:11.000Z</time>
      </trkpt>
      <trkpt lat="40.800655" lon="-73.973032">
        <ele>16</ele>
        <time>2026-04-26T17:03:12.000Z</time>
      </trkpt>
      <trkpt lat="40.800664" lon="-73.973026">
        <ele>16</ele>
        <time>2026-04-26T17:03:13.000Z</time>
      </trkpt>
      <trkpt lat="40.800674" lon="-73.97302">
        <ele>16</ele>
        <time>2026-04-26T17:03:14.000Z</time>
      </trkpt>
      <trkpt lat="40.800683" lon="-73.973015">
        <ele>16</ele>
        <time>2026-04-26T17:03:15.000Z</time>
      </trkpt>
      <trkpt lat="40.800693" lon="-73.973009">
        <ele>16</ele>
        <time>2026-04-26T17:03:16.000Z</time>
      </trkpt>
      <trkpt lat="40.800703" lon="-73.973003">
        <ele>16</ele>
        <time>2026-04-26T17:03:17.000Z</time>
      </trkpt>
      <trkpt lat="40.800712" lon="-73.972998">
        <ele>16</ele>
        <time>2026-04-26T17:03:18.000Z</time>
      </trkpt>
      <trkpt lat="40.800722" lon="-73.972992">
        <ele>16</ele>
        <time>2026-04-26T17:03:19.000Z</time>
      </trkpt>
      <trkpt lat="40.800732" lon="-73.972986">
        <ele>16</ele>
        <time>2026-04-26T17:03:20.000Z</time>
      </trkpt>
      <trkpt lat="40.800742" lon="-73.972981">
        <ele>16</ele>
        <time>2026-04-26T17:03:21.000Z</time>
      </trkpt>
      <trkpt lat="40.800753" lon="-73.972974">
        <ele>16</ele>
        <time>2026-04-26T17:03:22.000Z</time>
      </trkpt>
      <trkpt lat="40.800763" lon="-73.972968">
        <ele>16</ele>
        <time>2026-04-26T17:03:23.000Z</time>
      </trkpt>
      <trkpt lat="40.800774" lon="-73.972962">
        <ele>16</ele>
        <time>2026-04-26T17:03:24.000Z</time>
      </trkpt>
      <trkpt lat="40.800785" lon="-73.972955">
        <ele>16</ele>
        <time>2026-04-26T17:03:25.000Z</time>
      </trkpt>
      <trkpt lat="40.800796" lon="-73.972949">
        <ele>16</ele>
        <time>2026-04-26T17:03:26.000Z</time>
      </trkpt>
      <trkpt lat="40.800806" lon="-73.972942">
        <ele>16</ele>
        <time>2026-04-26T17:03:27.000Z</time>
      </trkpt>
      <trkpt lat="40.800817" lon="-73.972936">
        <ele>16</ele>
        <time>2026-04-26T17:03:28.000Z</time>
      </trkpt>
      <trkpt lat="40.800827" lon="-73.972929">
        <ele>16</ele>
        <time>2026-04-26T17:03:29.000Z</time>
      </trkpt>
      <trkpt lat="40.800837" lon="-73.972923">
        <ele>16</ele>
        <time>2026-04-26T17:03:30.000Z</time>
      </trkpt>
      <trkpt lat="40.800847" lon="-73.972916">
        <ele>16</ele>
        <time>2026-04-26T17:03:31.000Z</time>
      </trkpt>
      <trkpt lat="40.800857" lon="-73.972909">
        <ele>15.8</ele>
        <time>2026-04-26T17:03:32.000Z</time>
      </trkpt>
      <trkpt lat="40.800867" lon="-73.972902">
        <ele>15.8</ele>
        <time>2026-04-26T17:03:33.000Z</time>
      </trkpt>
      <trkpt lat="40.800877" lon="-73.972895">
        <ele>15.8</ele>
        <time>2026-04-26T17:03:34.000Z</time>
      </trkpt>
      <trkpt lat="40.800887" lon="-73.972888">
        <ele>15.8</ele>
        <time>2026-04-26T17:03:35.000Z</time>
      </trkpt>
      <trkpt lat="40.800897" lon="-73.972881">
        <ele>15.8</ele>
        <time>2026-04-26T17:03:36.000Z</time>
      </trkpt>
      <trkpt lat="40.800906" lon="-73.972875">
        <ele>15.8</ele>
        <time>2026-04-26T17:03:37.000Z</time>
      </trkpt>
      <trkpt lat="40.800916" lon="-73.972868">
        <ele>15.8</ele>
        <time>2026-04-26T17:03:38.000Z</time>
      </trkpt>
      <trkpt lat="40.800925" lon="-73.972862">
        <ele>15.8</ele>
        <time>2026-04-26T17:03:39.000Z</time>
      </trkpt>
      <trkpt lat="40.800935" lon="-73.972856">
        <ele>15.8</ele>
        <time>2026-04-26T17:03:40.000Z</time>
      </trkpt>
      <trkpt lat="40.800944" lon="-73.97285">
        <ele>15.8</ele>
        <time>2026-04-26T17:03:41.000Z</time>
      </trkpt>
      <trkpt lat="40.800954" lon="-73.972844">
        <ele>15.8</ele>
        <time>2026-04-26T17:03:42.000Z</time>
      </trkpt>
      <trkpt lat="40.800964" lon="-73.972838">
        <ele>16</ele>
        <time>2026-04-26T17:03:43.000Z</time>
      </trkpt>
      <trkpt lat="40.800974" lon="-73.972832">
        <ele>16</ele>
        <time>2026-04-26T17:03:44.000Z</time>
      </trkpt>
      <trkpt lat="40.800985" lon="-73.972826">
        <ele>16</ele>
        <time>2026-04-26T17:03:45.000Z</time>
      </trkpt>
      <trkpt lat="40.800995" lon="-73.97282">
        <ele>16</ele>
        <time>2026-04-26T17:03:46.000Z</time>
      </trkpt>
      <trkpt lat="40.801004" lon="-73.972815">
        <ele>16</ele>
        <time>2026-04-26T17:03:47.000Z</time>
      </trkpt>
      <trkpt lat="40.801013" lon="-73.97281">
        <ele>16</ele>
        <time>2026-04-26T17:03:48.000Z</time>
      </trkpt>
      <trkpt lat="40.801022" lon="-73.972804">
        <ele>16</ele>
        <time>2026-04-26T17:03:49.000Z</time>
      </trkpt>
      <trkpt lat="40.801032" lon="-73.972798">
        <ele>16</ele>
        <time>2026-04-26T17:03:50.000Z</time>
      </trkpt>
      <trkpt lat="40.801041" lon="-73.972793">
        <ele>16</ele>
        <time>2026-04-26T17:03:51.000Z</time>
      </trkpt>
      <trkpt lat="40.801051" lon="-73.972787">
        <ele>16</ele>
        <time>2026-04-26T17:03:52.000Z</time>
      </trkpt>
      <trkpt lat="40.80106" lon="-73.972782">
        <ele>16</ele>
        <time>2026-04-26T17:03:53.000Z</time>
      </trkpt>
      <trkpt lat="40.801068" lon="-73.972776">
        <ele>16</ele>
        <time>2026-04-26T17:03:54.000Z</time>
      </trkpt>
      <trkpt lat="40.801077" lon="-73.972771">
        <ele>15.8</ele>
        <time>2026-04-26T17:03:55.000Z</time>
      </trkpt>
      <trkpt lat="40.801086" lon="-73.972765">
        <ele>15.8</ele>
        <time>2026-04-26T17:03:56.000Z</time>
      </trkpt>
      <trkpt lat="40.801095" lon="-73.972759">
        <ele>15.8</ele>
        <time>2026-04-26T17:03:57.000Z</time>
      </trkpt>
      <trkpt lat="40.801105" lon="-73.972753">
        <ele>15.8</ele>
        <time>2026-04-26T17:03:58.000Z</time>
      </trkpt>
      <trkpt lat="40.801115" lon="-73.972747">
        <ele>15.8</ele>
        <time>2026-04-26T17:03:59.000Z</time>
      </trkpt>
      <trkpt lat="40.801125" lon="-73.97274">
        <ele>15.8</ele>
        <time>2026-04-26T17:04:00.000Z</time>
      </trkpt>
      <trkpt lat="40.801134" lon="-73.972734">
        <ele>15.6</ele>
        <time>2026-04-26T17:04:01.000Z</time>
      </trkpt>
      <trkpt lat="40.801144" lon="-73.972727">
        <ele>15.6</ele>
        <time>2026-04-26T17:04:02.000Z</time>
      </trkpt>
      <trkpt lat="40.801153" lon="-73.972721">
        <ele>15.6</ele>
        <time>2026-04-26T17:04:03.000Z</time>
      </trkpt>
      <trkpt lat="40.801163" lon="-73.972714">
        <ele>15.6</ele>
        <time>2026-04-26T17:04:04.000Z</time>
      </trkpt>
      <trkpt lat="40.801173" lon="-73.972707">
        <ele>15.6</ele>
        <time>2026-04-26T17:04:05.000Z</time>
      </trkpt>
      <trkpt lat="40.801182" lon="-73.9727">
        <ele>15.6</ele>
        <time>2026-04-26T17:04:06.000Z</time>
      </trkpt>
      <trkpt lat="40.801192" lon="-73.972693">
        <ele>15.6</ele>
        <time>2026-04-26T17:04:07.000Z</time>
      </trkpt>
      <trkpt lat="40.801202" lon="-73.972686">
        <ele>15.6</ele>
        <time>2026-04-26T17:04:08.000Z</time>
      </trkpt>
      <trkpt lat="40.801212" lon="-73.972679">
        <ele>15.6</ele>
        <time>2026-04-26T17:04:09.000Z</time>
      </trkpt>
      <trkpt lat="40.801222" lon="-73.972671">
        <ele>15.6</ele>
        <time>2026-04-26T17:04:10.000Z</time>
      </trkpt>
      <trkpt lat="40.801241" lon="-73.972657">
        <ele>15.6</ele>
        <time>2026-04-26T17:04:11.000Z</time>
      </trkpt>
      <trkpt lat="40.80125" lon="-73.97265">
        <ele>15.6</ele>
        <time>2026-04-26T17:04:12.000Z</time>
      </trkpt>
      <trkpt lat="40.80126" lon="-73.972643">
        <ele>15.6</ele>
        <time>2026-04-26T17:04:13.000Z</time>
      </trkpt>
      <trkpt lat="40.801269" lon="-73.972636">
        <ele>15.6</ele>
        <time>2026-04-26T17:04:14.000Z</time>
      </trkpt>
      <trkpt lat="40.801279" lon="-73.972629">
        <ele>15.6</ele>
        <time>2026-04-26T17:04:15.000Z</time>
      </trkpt>
      <trkpt lat="40.801288" lon="-73.972622">
        <ele>15.6</ele>
        <time>2026-04-26T17:04:16.000Z</time>
      </trkpt>
      <trkpt lat="40.801298" lon="-73.972615">
        <ele>15.6</ele>
        <time>2026-04-26T17:04:17.000Z</time>
      </trkpt>
      <trkpt lat="40.801307" lon="-73.972608">
        <ele>15.4</ele>
        <time>2026-04-26T17:04:18.000Z</time>
      </trkpt>
      <trkpt lat="40.801316" lon="-73.972602">
        <ele>15.4</ele>
        <time>2026-04-26T17:04:19.000Z</time>
      </trkpt>
      <trkpt lat="40.801326" lon="-73.972595">
        <ele>15.4</ele>
        <time>2026-04-26T17:04:20.000Z</time>
      </trkpt>
      <trkpt lat="40.801335" lon="-73.972588">
        <ele>15.4</ele>
        <time>2026-04-26T17:04:21.000Z</time>
      </trkpt>
      <trkpt lat="40.801345" lon="-73.972581">
        <ele>15.4</ele>
        <time>2026-04-26T17:04:22.000Z</time>
      </trkpt>
      <trkpt lat="40.801354" lon="-73.972574">
        <ele>15.4</ele>
        <time>2026-04-26T17:04:23.000Z</time>
      </trkpt>
      <trkpt lat="40.801364" lon="-73.972568">
        <ele>15.4</ele>
        <time>2026-04-26T17:04:24.000Z</time>
      </trkpt>
      <trkpt lat="40.801373" lon="-73.972561">
        <ele>15.2</ele>
        <time>2026-04-26T17:04:25.000Z</time>
      </trkpt>
      <trkpt lat="40.801382" lon="-73.972554">
        <ele>15.2</ele>
        <time>2026-04-26T17:04:26.000Z</time>
      </trkpt>
      <trkpt lat="40.801392" lon="-73.972548">
        <ele>15.2</ele>
        <time>2026-04-26T17:04:27.000Z</time>
      </trkpt>
      <trkpt lat="40.801402" lon="-73.972541">
        <ele>15.4</ele>
        <time>2026-04-26T17:04:28.000Z</time>
      </trkpt>
      <trkpt lat="40.801412" lon="-73.972533">
        <ele>15.4</ele>
        <time>2026-04-26T17:04:29.000Z</time>
      </trkpt>
      <trkpt lat="40.801422" lon="-73.972526">
        <ele>15.4</ele>
        <time>2026-04-26T17:04:30.000Z</time>
      </trkpt>
      <trkpt lat="40.801432" lon="-73.972519">
        <ele>15.4</ele>
        <time>2026-04-26T17:04:31.000Z</time>
      </trkpt>
      <trkpt lat="40.801441" lon="-73.972513">
        <ele>15.4</ele>
        <time>2026-04-26T17:04:32.000Z</time>
      </trkpt>
      <trkpt lat="40.80145" lon="-73.972506">
        <ele>15.4</ele>
        <time>2026-04-26T17:04:33.000Z</time>
      </trkpt>
      <trkpt lat="40.801459" lon="-73.9725">
        <ele>15.4</ele>
        <time>2026-04-26T17:04:34.000Z</time>
      </trkpt>
      <trkpt lat="40.801469" lon="-73.972493">
        <ele>15.2</ele>
        <time>2026-04-26T17:04:35.000Z</time>
      </trkpt>
      <trkpt lat="40.801479" lon="-73.972486">
        <ele>15.2</ele>
        <time>2026-04-26T17:04:36.000Z</time>
      </trkpt>
      <trkpt lat="40.801488" lon="-73.972479">
        <ele>15.2</ele>
        <time>2026-04-26T17:04:37.000Z</time>
      </trkpt>
      <trkpt lat="40.801498" lon="-73.972472">
        <ele>15.2</ele>
        <time>2026-04-26T17:04:38.000Z</time>
      </trkpt>
      <trkpt lat="40.801508" lon="-73.972465">
        <ele>15.2</ele>
        <time>2026-04-26T17:04:39.000Z</time>
      </trkpt>
      <trkpt lat="40.801517" lon="-73.972458">
        <ele>15.2</ele>
        <time>2026-04-26T17:04:40.000Z</time>
      </trkpt>
      <trkpt lat="40.801527" lon="-73.972451">
        <ele>15.2</ele>
        <time>2026-04-26T17:04:41.000Z</time>
      </trkpt>
      <trkpt lat="40.801537" lon="-73.972444">
        <ele>15.2</ele>
        <time>2026-04-26T17:04:42.000Z</time>
      </trkpt>
      <trkpt lat="40.801547" lon="-73.972438">
        <ele>15.2</ele>
        <time>2026-04-26T17:04:43.000Z</time>
      </trkpt>
      <trkpt lat="40.801556" lon="-73.972431">
        <ele>15.4</ele>
        <time>2026-04-26T17:04:44.000Z</time>
      </trkpt>
      <trkpt lat="40.801566" lon="-73.972424">
        <ele>15.4</ele>
        <time>2026-04-26T17:04:45.000Z</time>
      </trkpt>
      <trkpt lat="40.801575" lon="-73.972418">
        <ele>15.4</ele>
        <time>2026-04-26T17:04:46.000Z</time>
      </trkpt>
      <trkpt lat="40.801584" lon="-73.972411">
        <ele>15.4</ele>
        <time>2026-04-26T17:04:47.000Z</time>
      </trkpt>
      <trkpt lat="40.801592" lon="-73.972405">
        <ele>15.6</ele>
        <time>2026-04-26T17:04:48.000Z</time>
      </trkpt>
      <trkpt lat="40.801601" lon="-73.972398">
        <ele>15.6</ele>
        <time>2026-04-26T17:04:49.000Z</time>
      </trkpt>
      <trkpt lat="40.80161" lon="-73.972392">
        <ele>15.6</ele>
        <time>2026-04-26T17:04:50.000Z</time>
      </trkpt>
      <trkpt lat="40.80162" lon="-73.972386">
        <ele>15.6</ele>
        <time>2026-04-26T17:04:51.000Z</time>
      </trkpt>
      <trkpt lat="40.801629" lon="-73.972379">
        <ele>15.6</ele>
        <time>2026-04-26T17:04:52.000Z</time>
      </trkpt>
      <trkpt lat="40.801638" lon="-73.972373">
        <ele>15.6</ele>
        <time>2026-04-26T17:04:53.000Z</time>
      </trkpt>
      <trkpt lat="40.801647" lon="-73.972367">
        <ele>15.6</ele>
        <time>2026-04-26T17:04:54.000Z</time>
      </trkpt>
      <trkpt lat="40.801656" lon="-73.97236">
        <ele>15.6</ele>
        <time>2026-04-26T17:04:55.000Z</time>
      </trkpt>
      <trkpt lat="40.801665" lon="-73.972354">
        <ele>15.6</ele>
        <time>2026-04-26T17:04:56.000Z</time>
      </trkpt>
      <trkpt lat="40.801674" lon="-73.972348">
        <ele>15.6</ele>
        <time>2026-04-26T17:04:57.000Z</time>
      </trkpt>
      <trkpt lat="40.801683" lon="-73.972341">
        <ele>15.6</ele>
        <time>2026-04-26T17:04:58.000Z</time>
      </trkpt>
      <trkpt lat="40.801692" lon="-73.972335">
        <ele>15.6</ele>
        <time>2026-04-26T17:04:59.000Z</time>
      </trkpt>
      <trkpt lat="40.801702" lon="-73.972328">
        <ele>15.6</ele>
        <time>2026-04-26T17:05:00.000Z</time>
      </trkpt>
      <trkpt lat="40.801711" lon="-73.972322">
        <ele>15.6</ele>
        <time>2026-04-26T17:05:01.000Z</time>
      </trkpt>
      <trkpt lat="40.80172" lon="-73.972315">
        <ele>15.6</ele>
        <time>2026-04-26T17:05:02.000Z</time>
      </trkpt>
      <trkpt lat="40.801728" lon="-73.972309">
        <ele>15.6</ele>
        <time>2026-04-26T17:05:03.000Z</time>
      </trkpt>
      <trkpt lat="40.801737" lon="-73.972303">
        <ele>15.6</ele>
        <time>2026-04-26T17:05:04.000Z</time>
      </trkpt>
      <trkpt lat="40.801746" lon="-73.972296">
        <ele>15.6</ele>
        <time>2026-04-26T17:05:05.000Z</time>
      </trkpt>
      <trkpt lat="40.801755" lon="-73.97229">
        <ele>15.6</ele>
        <time>2026-04-26T17:05:06.000Z</time>
      </trkpt>
      <trkpt lat="40.801764" lon="-73.972284">
        <ele>15.6</ele>
        <time>2026-04-26T17:05:07.000Z</time>
      </trkpt>
      <trkpt lat="40.801772" lon="-73.972277">
        <ele>15.6</ele>
        <time>2026-04-26T17:05:08.000Z</time>
      </trkpt>
      <trkpt lat="40.801781" lon="-73.97227">
        <ele>15.6</ele>
        <time>2026-04-26T17:05:09.000Z</time>
      </trkpt>
      <trkpt lat="40.80179" lon="-73.972264">
        <ele>15.6</ele>
        <time>2026-04-26T17:05:10.000Z</time>
      </trkpt>
      <trkpt lat="40.8018" lon="-73.972257">
        <ele>15.6</ele>
        <time>2026-04-26T17:05:11.000Z</time>
      </trkpt>
      <trkpt lat="40.8018" lon="-73.972257">
        <ele>15.6</ele>
        <time>2026-04-26T17:05:12.000Z</time>
      </trkpt>
      <trkpt lat="40.801809" lon="-73.97225">
        <ele>15.6</ele>
        <time>2026-04-26T17:05:13.000Z</time>
      </trkpt>
      <trkpt lat="40.801818" lon="-73.972243">
        <ele>15.6</ele>
        <time>2026-04-26T17:05:14.000Z</time>
      </trkpt>
      <trkpt lat="40.801828" lon="-73.972236">
        <ele>15.6</ele>
        <time>2026-04-26T17:05:15.000Z</time>
      </trkpt>
      <trkpt lat="40.801837" lon="-73.972229">
        <ele>15.6</ele>
        <time>2026-04-26T17:05:16.000Z</time>
      </trkpt>
      <trkpt lat="40.801845" lon="-73.972222">
        <ele>15.6</ele>
        <time>2026-04-26T17:05:17.000Z</time>
      </trkpt>
      <trkpt lat="40.801854" lon="-73.972216">
        <ele>15.6</ele>
        <time>2026-04-26T17:05:18.000Z</time>
      </trkpt>
      <trkpt lat="40.801862" lon="-73.97221">
        <ele>15.6</ele>
        <time>2026-04-26T17:05:19.000Z</time>
      </trkpt>
      <trkpt lat="40.801869" lon="-73.972204">
        <ele>15.6</ele>
        <time>2026-04-26T17:05:20.000Z</time>
      </trkpt>
      <trkpt lat="40.801877" lon="-73.972198">
        <ele>15.6</ele>
        <time>2026-04-26T17:05:21.000Z</time>
      </trkpt>
      <trkpt lat="40.801886" lon="-73.972192">
        <ele>15.6</ele>
        <time>2026-04-26T17:05:22.000Z</time>
      </trkpt>
      <trkpt lat="40.801894" lon="-73.972186">
        <ele>15.6</ele>
        <time>2026-04-26T17:05:23.000Z</time>
      </trkpt>
      <trkpt lat="40.801902" lon="-73.97218">
        <ele>15.6</ele>
        <time>2026-04-26T17:05:24.000Z</time>
      </trkpt>
      <trkpt lat="40.80191" lon="-73.972174">
        <ele>15.6</ele>
        <time>2026-04-26T17:05:25.000Z</time>
      </trkpt>
      <trkpt lat="40.801919" lon="-73.972168">
        <ele>15.6</ele>
        <time>2026-04-26T17:05:26.000Z</time>
      </trkpt>
      <trkpt lat="40.801929" lon="-73.972161">
        <ele>15.6</ele>
        <time>2026-04-26T17:05:27.000Z</time>
      </trkpt>
      <trkpt lat="40.801938" lon="-73.972155">
        <ele>15.6</ele>
        <time>2026-04-26T17:05:28.000Z</time>
      </trkpt>
      <trkpt lat="40.801947" lon="-73.972149">
        <ele>15.6</ele>
        <time>2026-04-26T17:05:29.000Z</time>
      </trkpt>
      <trkpt lat="40.801956" lon="-73.972143">
        <ele>15.6</ele>
        <time>2026-04-26T17:05:30.000Z</time>
      </trkpt>
      <trkpt lat="40.801964" lon="-73.972137">
        <ele>15.6</ele>
        <time>2026-04-26T17:05:31.000Z</time>
      </trkpt>
      <trkpt lat="40.801973" lon="-73.972131">
        <ele>15.6</ele>
        <time>2026-04-26T17:05:32.000Z</time>
      </trkpt>
      <trkpt lat="40.801982" lon="-73.972125">
        <ele>15.6</ele>
        <time>2026-04-26T17:05:33.000Z</time>
      </trkpt>
      <trkpt lat="40.801991" lon="-73.972119">
        <ele>15.6</ele>
        <time>2026-04-26T17:05:34.000Z</time>
      </trkpt>
      <trkpt lat="40.802001" lon="-73.972112">
        <ele>15.6</ele>
        <time>2026-04-26T17:05:35.000Z</time>
      </trkpt>
      <trkpt lat="40.802011" lon="-73.972106">
        <ele>15.6</ele>
        <time>2026-04-26T17:05:36.000Z</time>
      </trkpt>
      <trkpt lat="40.802021" lon="-73.972099">
        <ele>15.6</ele>
        <time>2026-04-26T17:05:37.000Z</time>
      </trkpt>
      <trkpt lat="40.802031" lon="-73.972091">
        <ele>15.6</ele>
        <time>2026-04-26T17:05:38.000Z</time>
      </trkpt>
      <trkpt lat="40.802041" lon="-73.972085">
        <ele>15.4</ele>
        <time>2026-04-26T17:05:39.000Z</time>
      </trkpt>
      <trkpt lat="40.802051" lon="-73.972078">
        <ele>15.4</ele>
        <time>2026-04-26T17:05:40.000Z</time>
      </trkpt>
      <trkpt lat="40.802061" lon="-73.972071">
        <ele>15.4</ele>
        <time>2026-04-26T17:05:41.000Z</time>
      </trkpt>
      <trkpt lat="40.80207" lon="-73.972064">
        <ele>15.4</ele>
        <time>2026-04-26T17:05:42.000Z</time>
      </trkpt>
      <trkpt lat="40.802079" lon="-73.972058">
        <ele>15.4</ele>
        <time>2026-04-26T17:05:43.000Z</time>
      </trkpt>
      <trkpt lat="40.802087" lon="-73.972052">
        <ele>15.4</ele>
        <time>2026-04-26T17:05:44.000Z</time>
      </trkpt>
      <trkpt lat="40.802096" lon="-73.972046">
        <ele>15.4</ele>
        <time>2026-04-26T17:05:45.000Z</time>
      </trkpt>
      <trkpt lat="40.802105" lon="-73.972039">
        <ele>15.4</ele>
        <time>2026-04-26T17:05:46.000Z</time>
      </trkpt>
      <trkpt lat="40.802114" lon="-73.972033">
        <ele>15.4</ele>
        <time>2026-04-26T17:05:47.000Z</time>
      </trkpt>
      <trkpt lat="40.802124" lon="-73.972026">
        <ele>15.4</ele>
        <time>2026-04-26T17:05:48.000Z</time>
      </trkpt>
      <trkpt lat="40.802143" lon="-73.972012">
        <ele>15.4</ele>
        <time>2026-04-26T17:05:49.000Z</time>
      </trkpt>
      <trkpt lat="40.802153" lon="-73.972006">
        <ele>15.4</ele>
        <time>2026-04-26T17:05:50.000Z</time>
      </trkpt>
      <trkpt lat="40.802163" lon="-73.971999">
        <ele>15.4</ele>
        <time>2026-04-26T17:05:51.000Z</time>
      </trkpt>
      <trkpt lat="40.802172" lon="-73.971993">
        <ele>15.4</ele>
        <time>2026-04-26T17:05:52.000Z</time>
      </trkpt>
      <trkpt lat="40.802182" lon="-73.971987">
        <ele>15.4</ele>
        <time>2026-04-26T17:05:53.000Z</time>
      </trkpt>
      <trkpt lat="40.802191" lon="-73.97198">
        <ele>15.4</ele>
        <time>2026-04-26T17:05:54.000Z</time>
      </trkpt>
      <trkpt lat="40.802201" lon="-73.971973">
        <ele>15.4</ele>
        <time>2026-04-26T17:05:55.000Z</time>
      </trkpt>
      <trkpt lat="40.802201" lon="-73.971973">
        <ele>15.4</ele>
        <time>2026-04-26T17:05:56.000Z</time>
      </trkpt>
      <trkpt lat="40.80221" lon="-73.971967">
        <ele>15.4</ele>
        <time>2026-04-26T17:05:57.000Z</time>
      </trkpt>
      <trkpt lat="40.802229" lon="-73.971954">
        <ele>15.4</ele>
        <time>2026-04-26T17:05:58.000Z</time>
      </trkpt>
      <trkpt lat="40.802238" lon="-73.971948">
        <ele>15.4</ele>
        <time>2026-04-26T17:05:59.000Z</time>
      </trkpt>
      <trkpt lat="40.802247" lon="-73.971941">
        <ele>15.4</ele>
        <time>2026-04-26T17:06:00.000Z</time>
      </trkpt>
      <trkpt lat="40.802257" lon="-73.971934">
        <ele>15.4</ele>
        <time>2026-04-26T17:06:01.000Z</time>
      </trkpt>
      <trkpt lat="40.802265" lon="-73.971925">
        <ele>15.4</ele>
        <time>2026-04-26T17:06:02.000Z</time>
      </trkpt>
      <trkpt lat="40.802272" lon="-73.971914">
        <ele>15.6</ele>
        <time>2026-04-26T17:06:03.000Z</time>
      </trkpt>
      <trkpt lat="40.802279" lon="-73.971903">
        <ele>15.6</ele>
        <time>2026-04-26T17:06:04.000Z</time>
      </trkpt>
      <trkpt lat="40.802285" lon="-73.971893">
        <ele>15.6</ele>
        <time>2026-04-26T17:06:05.000Z</time>
      </trkpt>
      <trkpt lat="40.802293" lon="-73.971887">
        <ele>15.6</ele>
        <time>2026-04-26T17:06:06.000Z</time>
      </trkpt>
      <trkpt lat="40.802302" lon="-73.971882">
        <ele>15.6</ele>
        <time>2026-04-26T17:06:07.000Z</time>
      </trkpt>
      <trkpt lat="40.802312" lon="-73.971878">
        <ele>15.6</ele>
        <time>2026-04-26T17:06:08.000Z</time>
      </trkpt>
      <trkpt lat="40.802322" lon="-73.971876">
        <ele>15.6</ele>
        <time>2026-04-26T17:06:09.000Z</time>
      </trkpt>
      <trkpt lat="40.802332" lon="-73.971874">
        <ele>15.6</ele>
        <time>2026-04-26T17:06:10.000Z</time>
      </trkpt>
      <trkpt lat="40.802341" lon="-73.971869">
        <ele>15.6</ele>
        <time>2026-04-26T17:06:11.000Z</time>
      </trkpt>
      <trkpt lat="40.80235" lon="-73.971863">
        <ele>15.6</ele>
        <time>2026-04-26T17:06:12.000Z</time>
      </trkpt>
      <trkpt lat="40.802359" lon="-73.971855">
        <ele>15.6</ele>
        <time>2026-04-26T17:06:13.000Z</time>
      </trkpt>
      <trkpt lat="40.802367" lon="-73.971847">
        <ele>15.6</ele>
        <time>2026-04-26T17:06:14.000Z</time>
      </trkpt>
      <trkpt lat="40.802376" lon="-73.971839">
        <ele>15.6</ele>
        <time>2026-04-26T17:06:15.000Z</time>
      </trkpt>
      <trkpt lat="40.802385" lon="-73.971831">
        <ele>15.6</ele>
        <time>2026-04-26T17:06:16.000Z</time>
      </trkpt>
      <trkpt lat="40.802394" lon="-73.971822">
        <ele>15.6</ele>
        <time>2026-04-26T17:06:17.000Z</time>
      </trkpt>
      <trkpt lat="40.802402" lon="-73.971814">
        <ele>15.6</ele>
        <time>2026-04-26T17:06:18.000Z</time>
      </trkpt>
      <trkpt lat="40.80241" lon="-73.971805">
        <ele>15.6</ele>
        <time>2026-04-26T17:06:19.000Z</time>
      </trkpt>
      <trkpt lat="40.802417" lon="-73.971796">
        <ele>15.6</ele>
        <time>2026-04-26T17:06:20.000Z</time>
      </trkpt>
      <trkpt lat="40.802425" lon="-73.971786">
        <ele>15.6</ele>
        <time>2026-04-26T17:06:21.000Z</time>
      </trkpt>
      <trkpt lat="40.802433" lon="-73.971777">
        <ele>15.6</ele>
        <time>2026-04-26T17:06:22.000Z</time>
      </trkpt>
      <trkpt lat="40.802442" lon="-73.97177">
        <ele>15.6</ele>
        <time>2026-04-26T17:06:23.000Z</time>
      </trkpt>
      <trkpt lat="40.802452" lon="-73.971764">
        <ele>15.6</ele>
        <time>2026-04-26T17:06:24.000Z</time>
      </trkpt>
      <trkpt lat="40.802462" lon="-73.971759">
        <ele>15.6</ele>
        <time>2026-04-26T17:06:25.000Z</time>
      </trkpt>
      <trkpt lat="40.802471" lon="-73.971754">
        <ele>15.8</ele>
        <time>2026-04-26T17:06:26.000Z</time>
      </trkpt>
      <trkpt lat="40.802481" lon="-73.971748">
        <ele>15.8</ele>
        <time>2026-04-26T17:06:27.000Z</time>
      </trkpt>
      <trkpt lat="40.802491" lon="-73.971742">
        <ele>15.8</ele>
        <time>2026-04-26T17:06:28.000Z</time>
      </trkpt>
      <trkpt lat="40.8025" lon="-73.971736">
        <ele>15.8</ele>
        <time>2026-04-26T17:06:29.000Z</time>
      </trkpt>
      <trkpt lat="40.80251" lon="-73.971729">
        <ele>15.8</ele>
        <time>2026-04-26T17:06:30.000Z</time>
      </trkpt>
      <trkpt lat="40.802519" lon="-73.971722">
        <ele>15.8</ele>
        <time>2026-04-26T17:06:31.000Z</time>
      </trkpt>
      <trkpt lat="40.802528" lon="-73.971714">
        <ele>15.8</ele>
        <time>2026-04-26T17:06:32.000Z</time>
      </trkpt>
      <trkpt lat="40.802537" lon="-73.971706">
        <ele>15.8</ele>
        <time>2026-04-26T17:06:33.000Z</time>
      </trkpt>
      <trkpt lat="40.802545" lon="-73.971697">
        <ele>15.8</ele>
        <time>2026-04-26T17:06:34.000Z</time>
      </trkpt>
      <trkpt lat="40.802554" lon="-73.971688">
        <ele>15.8</ele>
        <time>2026-04-26T17:06:35.000Z</time>
      </trkpt>
      <trkpt lat="40.802563" lon="-73.971681">
        <ele>15.8</ele>
        <time>2026-04-26T17:06:36.000Z</time>
      </trkpt>
      <trkpt lat="40.802571" lon="-73.971674">
        <ele>15.8</ele>
        <time>2026-04-26T17:06:37.000Z</time>
      </trkpt>
      <trkpt lat="40.80258" lon="-73.971669">
        <ele>15.8</ele>
        <time>2026-04-26T17:06:38.000Z</time>
      </trkpt>
      <trkpt lat="40.802589" lon="-73.971666">
        <ele>15.8</ele>
        <time>2026-04-26T17:06:39.000Z</time>
      </trkpt>
      <trkpt lat="40.802599" lon="-73.971663">
        <ele>15.8</ele>
        <time>2026-04-26T17:06:40.000Z</time>
      </trkpt>
      <trkpt lat="40.802609" lon="-73.971661">
        <ele>15.8</ele>
        <time>2026-04-26T17:06:41.000Z</time>
      </trkpt>
      <trkpt lat="40.802618" lon="-73.971658">
        <ele>15.8</ele>
        <time>2026-04-26T17:06:42.000Z</time>
      </trkpt>
      <trkpt lat="40.802628" lon="-73.971655">
        <ele>15.8</ele>
        <time>2026-04-26T17:06:43.000Z</time>
      </trkpt>
      <trkpt lat="40.802638" lon="-73.971652">
        <ele>15.6</ele>
        <time>2026-04-26T17:06:44.000Z</time>
      </trkpt>
      <trkpt lat="40.802648" lon="-73.971648">
        <ele>15.6</ele>
        <time>2026-04-26T17:06:45.000Z</time>
      </trkpt>
      <trkpt lat="40.802658" lon="-73.971643">
        <ele>15.6</ele>
        <time>2026-04-26T17:06:46.000Z</time>
      </trkpt>
      <trkpt lat="40.802668" lon="-73.971638">
        <ele>15.6</ele>
        <time>2026-04-26T17:06:47.000Z</time>
      </trkpt>
      <trkpt lat="40.802677" lon="-73.971632">
        <ele>15.6</ele>
        <time>2026-04-26T17:06:48.000Z</time>
      </trkpt>
      <trkpt lat="40.802686" lon="-73.971626">
        <ele>15.6</ele>
        <time>2026-04-26T17:06:49.000Z</time>
      </trkpt>
      <trkpt lat="40.802695" lon="-73.971619">
        <ele>15.6</ele>
        <time>2026-04-26T17:06:50.000Z</time>
      </trkpt>
      <trkpt lat="40.802704" lon="-73.971613">
        <ele>15.6</ele>
        <time>2026-04-26T17:06:51.000Z</time>
      </trkpt>
      <trkpt lat="40.802713" lon="-73.971606">
        <ele>15.6</ele>
        <time>2026-04-26T17:06:52.000Z</time>
      </trkpt>
      <trkpt lat="40.802721" lon="-73.971599">
        <ele>15.6</ele>
        <time>2026-04-26T17:06:53.000Z</time>
      </trkpt>
      <trkpt lat="40.80273" lon="-73.971591">
        <ele>15.6</ele>
        <time>2026-04-26T17:06:54.000Z</time>
      </trkpt>
      <trkpt lat="40.802739" lon="-73.971584">
        <ele>15.6</ele>
        <time>2026-04-26T17:06:55.000Z</time>
      </trkpt>
      <trkpt lat="40.802748" lon="-73.971577">
        <ele>15.6</ele>
        <time>2026-04-26T17:06:56.000Z</time>
      </trkpt>
      <trkpt lat="40.802757" lon="-73.97157">
        <ele>15.6</ele>
        <time>2026-04-26T17:06:57.000Z</time>
      </trkpt>
      <trkpt lat="40.802767" lon="-73.971563">
        <ele>15.6</ele>
        <time>2026-04-26T17:06:58.000Z</time>
      </trkpt>
      <trkpt lat="40.802776" lon="-73.971556">
        <ele>15.6</ele>
        <time>2026-04-26T17:06:59.000Z</time>
      </trkpt>
      <trkpt lat="40.802785" lon="-73.971548">
        <ele>15.6</ele>
        <time>2026-04-26T17:07:00.000Z</time>
      </trkpt>
      <trkpt lat="40.802795" lon="-73.971541">
        <ele>15.6</ele>
        <time>2026-04-26T17:07:01.000Z</time>
      </trkpt>
      <trkpt lat="40.802804" lon="-73.971535">
        <ele>15.6</ele>
        <time>2026-04-26T17:07:02.000Z</time>
      </trkpt>
      <trkpt lat="40.802814" lon="-73.971528">
        <ele>15.6</ele>
        <time>2026-04-26T17:07:03.000Z</time>
      </trkpt>
      <trkpt lat="40.802824" lon="-73.971522">
        <ele>15.6</ele>
        <time>2026-04-26T17:07:04.000Z</time>
      </trkpt>
      <trkpt lat="40.802833" lon="-73.971516">
        <ele>15.6</ele>
        <time>2026-04-26T17:07:05.000Z</time>
      </trkpt>
      <trkpt lat="40.802842" lon="-73.971509">
        <ele>15.4</ele>
        <time>2026-04-26T17:07:06.000Z</time>
      </trkpt>
      <trkpt lat="40.802851" lon="-73.971503">
        <ele>15.4</ele>
        <time>2026-04-26T17:07:07.000Z</time>
      </trkpt>
      <trkpt lat="40.80286" lon="-73.971497">
        <ele>15.4</ele>
        <time>2026-04-26T17:07:08.000Z</time>
      </trkpt>
      <trkpt lat="40.80287" lon="-73.971492">
        <ele>15.4</ele>
        <time>2026-04-26T17:07:09.000Z</time>
      </trkpt>
      <trkpt lat="40.802881" lon="-73.971487">
        <ele>15.4</ele>
        <time>2026-04-26T17:07:10.000Z</time>
      </trkpt>
      <trkpt lat="40.802891" lon="-73.971483">
        <ele>15.4</ele>
        <time>2026-04-26T17:07:11.000Z</time>
      </trkpt>
      <trkpt lat="40.802901" lon="-73.971479">
        <ele>15.4</ele>
        <time>2026-04-26T17:07:12.000Z</time>
      </trkpt>
      <trkpt lat="40.802911" lon="-73.971474">
        <ele>15.4</ele>
        <time>2026-04-26T17:07:13.000Z</time>
      </trkpt>
      <trkpt lat="40.802921" lon="-73.971469">
        <ele>15.4</ele>
        <time>2026-04-26T17:07:14.000Z</time>
      </trkpt>
      <trkpt lat="40.802931" lon="-73.971464">
        <ele>15.4</ele>
        <time>2026-04-26T17:07:15.000Z</time>
      </trkpt>
      <trkpt lat="40.80294" lon="-73.971457">
        <ele>15.4</ele>
        <time>2026-04-26T17:07:16.000Z</time>
      </trkpt>
      <trkpt lat="40.802949" lon="-73.971451">
        <ele>15.4</ele>
        <time>2026-04-26T17:07:17.000Z</time>
      </trkpt>
      <trkpt lat="40.802958" lon="-73.971443">
        <ele>15.4</ele>
        <time>2026-04-26T17:07:18.000Z</time>
      </trkpt>
      <trkpt lat="40.802967" lon="-73.971435">
        <ele>15.4</ele>
        <time>2026-04-26T17:07:19.000Z</time>
      </trkpt>
      <trkpt lat="40.802976" lon="-73.971427">
        <ele>15.4</ele>
        <time>2026-04-26T17:07:20.000Z</time>
      </trkpt>
      <trkpt lat="40.802985" lon="-73.97142">
        <ele>15.6</ele>
        <time>2026-04-26T17:07:21.000Z</time>
      </trkpt>
      <trkpt lat="40.802993" lon="-73.971412">
        <ele>15.6</ele>
        <time>2026-04-26T17:07:22.000Z</time>
      </trkpt>
      <trkpt lat="40.803002" lon="-73.971405">
        <ele>15.6</ele>
        <time>2026-04-26T17:07:23.000Z</time>
      </trkpt>
      <trkpt lat="40.80301" lon="-73.971398">
        <ele>15.6</ele>
        <time>2026-04-26T17:07:24.000Z</time>
      </trkpt>
      <trkpt lat="40.803019" lon="-73.971392">
        <ele>15.6</ele>
        <time>2026-04-26T17:07:25.000Z</time>
      </trkpt>
      <trkpt lat="40.803029" lon="-73.971385">
        <ele>15.6</ele>
        <time>2026-04-26T17:07:26.000Z</time>
      </trkpt>
      <trkpt lat="40.803037" lon="-73.971378">
        <ele>15.6</ele>
        <time>2026-04-26T17:07:27.000Z</time>
      </trkpt>
      <trkpt lat="40.803046" lon="-73.97137">
        <ele>15.6</ele>
        <time>2026-04-26T17:07:28.000Z</time>
      </trkpt>
      <trkpt lat="40.803054" lon="-73.971362">
        <ele>15.6</ele>
        <time>2026-04-26T17:07:29.000Z</time>
      </trkpt>
      <trkpt lat="40.803062" lon="-73.971355">
        <ele>15.6</ele>
        <time>2026-04-26T17:07:30.000Z</time>
      </trkpt>
      <trkpt lat="40.803071" lon="-73.971348">
        <ele>15.8</ele>
        <time>2026-04-26T17:07:31.000Z</time>
      </trkpt>
      <trkpt lat="40.803079" lon="-73.971342">
        <ele>15.8</ele>
        <time>2026-04-26T17:07:32.000Z</time>
      </trkpt>
      <trkpt lat="40.803089" lon="-73.971336">
        <ele>15.8</ele>
        <time>2026-04-26T17:07:33.000Z</time>
      </trkpt>
      <trkpt lat="40.803098" lon="-73.971331">
        <ele>15.8</ele>
        <time>2026-04-26T17:07:34.000Z</time>
      </trkpt>
      <trkpt lat="40.803106" lon="-73.971326">
        <ele>15.8</ele>
        <time>2026-04-26T17:07:35.000Z</time>
      </trkpt>
      <trkpt lat="40.803115" lon="-73.97132">
        <ele>15.8</ele>
        <time>2026-04-26T17:07:36.000Z</time>
      </trkpt>
      <trkpt lat="40.803124" lon="-73.971314">
        <ele>15.8</ele>
        <time>2026-04-26T17:07:37.000Z</time>
      </trkpt>
      <trkpt lat="40.803132" lon="-73.971308">
        <ele>15.8</ele>
        <time>2026-04-26T17:07:38.000Z</time>
      </trkpt>
      <trkpt lat="40.80314" lon="-73.971301">
        <ele>15.8</ele>
        <time>2026-04-26T17:07:39.000Z</time>
      </trkpt>
      <trkpt lat="40.803148" lon="-73.971295">
        <ele>15.8</ele>
        <time>2026-04-26T17:07:40.000Z</time>
      </trkpt>
      <trkpt lat="40.803156" lon="-73.971288">
        <ele>15.8</ele>
        <time>2026-04-26T17:07:41.000Z</time>
      </trkpt>
      <trkpt lat="40.803165" lon="-73.971281">
        <ele>15.8</ele>
        <time>2026-04-26T17:07:42.000Z</time>
      </trkpt>
      <trkpt lat="40.803174" lon="-73.971275">
        <ele>15.8</ele>
        <time>2026-04-26T17:07:43.000Z</time>
      </trkpt>
      <trkpt lat="40.803184" lon="-73.971269">
        <ele>15.8</ele>
        <time>2026-04-26T17:07:44.000Z</time>
      </trkpt>
      <trkpt lat="40.803193" lon="-73.971263">
        <ele>15.8</ele>
        <time>2026-04-26T17:07:45.000Z</time>
      </trkpt>
      <trkpt lat="40.803202" lon="-73.971257">
        <ele>15.8</ele>
        <time>2026-04-26T17:07:46.000Z</time>
      </trkpt>
      <trkpt lat="40.803211" lon="-73.97125">
        <ele>15.8</ele>
        <time>2026-04-26T17:07:47.000Z</time>
      </trkpt>
      <trkpt lat="40.80322" lon="-73.971243">
        <ele>15.8</ele>
        <time>2026-04-26T17:07:48.000Z</time>
      </trkpt>
      <trkpt lat="40.803228" lon="-73.971236">
        <ele>15.8</ele>
        <time>2026-04-26T17:07:49.000Z</time>
      </trkpt>
      <trkpt lat="40.803236" lon="-73.97123">
        <ele>15.8</ele>
        <time>2026-04-26T17:07:50.000Z</time>
      </trkpt>
      <trkpt lat="40.803244" lon="-73.971223">
        <ele>15.8</ele>
        <time>2026-04-26T17:07:51.000Z</time>
      </trkpt>
      <trkpt lat="40.803253" lon="-73.971217">
        <ele>16</ele>
        <time>2026-04-26T17:07:52.000Z</time>
      </trkpt>
      <trkpt lat="40.803262" lon="-73.971212">
        <ele>16</ele>
        <time>2026-04-26T17:07:53.000Z</time>
      </trkpt>
      <trkpt lat="40.803271" lon="-73.971207">
        <ele>16</ele>
        <time>2026-04-26T17:07:54.000Z</time>
      </trkpt>
      <trkpt lat="40.803281" lon="-73.971202">
        <ele>16</ele>
        <time>2026-04-26T17:07:55.000Z</time>
      </trkpt>
      <trkpt lat="40.80329" lon="-73.971196">
        <ele>16</ele>
        <time>2026-04-26T17:07:56.000Z</time>
      </trkpt>
      <trkpt lat="40.8033" lon="-73.971191">
        <ele>16</ele>
        <time>2026-04-26T17:07:57.000Z</time>
      </trkpt>
      <trkpt lat="40.803309" lon="-73.971186">
        <ele>16</ele>
        <time>2026-04-26T17:07:58.000Z</time>
      </trkpt>
      <trkpt lat="40.803319" lon="-73.971181">
        <ele>16</ele>
        <time>2026-04-26T17:07:59.000Z</time>
      </trkpt>
      <trkpt lat="40.803328" lon="-73.971176">
        <ele>16</ele>
        <time>2026-04-26T17:08:00.000Z</time>
      </trkpt>
      <trkpt lat="40.803337" lon="-73.971171">
        <ele>16</ele>
        <time>2026-04-26T17:08:01.000Z</time>
      </trkpt>
      <trkpt lat="40.803346" lon="-73.971165">
        <ele>16</ele>
        <time>2026-04-26T17:08:02.000Z</time>
      </trkpt>
      <trkpt lat="40.803355" lon="-73.971158">
        <ele>16</ele>
        <time>2026-04-26T17:08:03.000Z</time>
      </trkpt>
      <trkpt lat="40.803365" lon="-73.971151">
        <ele>16</ele>
        <time>2026-04-26T17:08:04.000Z</time>
      </trkpt>
      <trkpt lat="40.803374" lon="-73.971144">
        <ele>16</ele>
        <time>2026-04-26T17:08:05.000Z</time>
      </trkpt>
      <trkpt lat="40.803383" lon="-73.971137">
        <ele>16</ele>
        <time>2026-04-26T17:08:06.000Z</time>
      </trkpt>
      <trkpt lat="40.803391" lon="-73.97113">
        <ele>16</ele>
        <time>2026-04-26T17:08:07.000Z</time>
      </trkpt>
      <trkpt lat="40.8034" lon="-73.971124">
        <ele>16</ele>
        <time>2026-04-26T17:08:08.000Z</time>
      </trkpt>
      <trkpt lat="40.803409" lon="-73.971117">
        <ele>16</ele>
        <time>2026-04-26T17:08:09.000Z</time>
      </trkpt>
      <trkpt lat="40.803417" lon="-73.97111">
        <ele>16</ele>
        <time>2026-04-26T17:08:10.000Z</time>
      </trkpt>
      <trkpt lat="40.803427" lon="-73.971103">
        <ele>16</ele>
        <time>2026-04-26T17:08:11.000Z</time>
      </trkpt>
      <trkpt lat="40.803436" lon="-73.971096">
        <ele>16</ele>
        <time>2026-04-26T17:08:12.000Z</time>
      </trkpt>
      <trkpt lat="40.803445" lon="-73.971089">
        <ele>16</ele>
        <time>2026-04-26T17:08:13.000Z</time>
      </trkpt>
      <trkpt lat="40.803455" lon="-73.971083">
        <ele>16</ele>
        <time>2026-04-26T17:08:14.000Z</time>
      </trkpt>
      <trkpt lat="40.803464" lon="-73.971076">
        <ele>16</ele>
        <time>2026-04-26T17:08:15.000Z</time>
      </trkpt>
      <trkpt lat="40.803473" lon="-73.971069">
        <ele>16</ele>
        <time>2026-04-26T17:08:16.000Z</time>
      </trkpt>
      <trkpt lat="40.803482" lon="-73.971063">
        <ele>16</ele>
        <time>2026-04-26T17:08:17.000Z</time>
      </trkpt>
      <trkpt lat="40.803491" lon="-73.971056">
        <ele>16</ele>
        <time>2026-04-26T17:08:18.000Z</time>
      </trkpt>
      <trkpt lat="40.8035" lon="-73.97105">
        <ele>16</ele>
        <time>2026-04-26T17:08:19.000Z</time>
      </trkpt>
      <trkpt lat="40.80351" lon="-73.971043">
        <ele>16</ele>
        <time>2026-04-26T17:08:20.000Z</time>
      </trkpt>
      <trkpt lat="40.80352" lon="-73.971036">
        <ele>16</ele>
        <time>2026-04-26T17:08:21.000Z</time>
      </trkpt>
      <trkpt lat="40.803529" lon="-73.971029">
        <ele>16</ele>
        <time>2026-04-26T17:08:22.000Z</time>
      </trkpt>
      <trkpt lat="40.803539" lon="-73.971022">
        <ele>16</ele>
        <time>2026-04-26T17:08:23.000Z</time>
      </trkpt>
      <trkpt lat="40.803548" lon="-73.971014">
        <ele>16</ele>
        <time>2026-04-26T17:08:24.000Z</time>
      </trkpt>
      <trkpt lat="40.803558" lon="-73.971007">
        <ele>16</ele>
        <time>2026-04-26T17:08:25.000Z</time>
      </trkpt>
      <trkpt lat="40.803567" lon="-73.971">
        <ele>16</ele>
        <time>2026-04-26T17:08:26.000Z</time>
      </trkpt>
      <trkpt lat="40.803575" lon="-73.970994">
        <ele>16</ele>
        <time>2026-04-26T17:08:27.000Z</time>
      </trkpt>
      <trkpt lat="40.803584" lon="-73.970987">
        <ele>16</ele>
        <time>2026-04-26T17:08:28.000Z</time>
      </trkpt>
      <trkpt lat="40.803593" lon="-73.970981">
        <ele>16</ele>
        <time>2026-04-26T17:08:29.000Z</time>
      </trkpt>
      <trkpt lat="40.803603" lon="-73.970974">
        <ele>16</ele>
        <time>2026-04-26T17:08:30.000Z</time>
      </trkpt>
      <trkpt lat="40.803612" lon="-73.970968">
        <ele>16</ele>
        <time>2026-04-26T17:08:31.000Z</time>
      </trkpt>
      <trkpt lat="40.803621" lon="-73.970962">
        <ele>16</ele>
        <time>2026-04-26T17:08:32.000Z</time>
      </trkpt>
      <trkpt lat="40.80363" lon="-73.970956">
        <ele>16</ele>
        <time>2026-04-26T17:08:33.000Z</time>
      </trkpt>
      <trkpt lat="40.803639" lon="-73.970951">
        <ele>16</ele>
        <time>2026-04-26T17:08:34.000Z</time>
      </trkpt>
      <trkpt lat="40.803648" lon="-73.970945">
        <ele>16</ele>
        <time>2026-04-26T17:08:35.000Z</time>
      </trkpt>
      <trkpt lat="40.803657" lon="-73.970939">
        <ele>16</ele>
        <time>2026-04-26T17:08:36.000Z</time>
      </trkpt>
      <trkpt lat="40.803665" lon="-73.970933">
        <ele>16</ele>
        <time>2026-04-26T17:08:37.000Z</time>
      </trkpt>
      <trkpt lat="40.803674" lon="-73.970927">
        <ele>16</ele>
        <time>2026-04-26T17:08:38.000Z</time>
      </trkpt>
      <trkpt lat="40.803683" lon="-73.970921">
        <ele>15.8</ele>
        <time>2026-04-26T17:08:39.000Z</time>
      </trkpt>
      <trkpt lat="40.803693" lon="-73.970915">
        <ele>15.8</ele>
        <time>2026-04-26T17:08:40.000Z</time>
      </trkpt>
      <trkpt lat="40.803702" lon="-73.970909">
        <ele>15.8</ele>
        <time>2026-04-26T17:08:41.000Z</time>
      </trkpt>
      <trkpt lat="40.803711" lon="-73.970903">
        <ele>15.8</ele>
        <time>2026-04-26T17:08:42.000Z</time>
      </trkpt>
      <trkpt lat="40.803721" lon="-73.970896">
        <ele>15.8</ele>
        <time>2026-04-26T17:08:43.000Z</time>
      </trkpt>
      <trkpt lat="40.80373" lon="-73.97089">
        <ele>15.8</ele>
        <time>2026-04-26T17:08:44.000Z</time>
      </trkpt>
      <trkpt lat="40.803739" lon="-73.970884">
        <ele>15.8</ele>
        <time>2026-04-26T17:08:45.000Z</time>
      </trkpt>
      <trkpt lat="40.803748" lon="-73.970878">
        <ele>15.8</ele>
        <time>2026-04-26T17:08:46.000Z</time>
      </trkpt>
      <trkpt lat="40.803756" lon="-73.970872">
        <ele>15.8</ele>
        <time>2026-04-26T17:08:47.000Z</time>
      </trkpt>
      <trkpt lat="40.803765" lon="-73.970866">
        <ele>15.8</ele>
        <time>2026-04-26T17:08:48.000Z</time>
      </trkpt>
      <trkpt lat="40.803774" lon="-73.97086">
        <ele>15.8</ele>
        <time>2026-04-26T17:08:49.000Z</time>
      </trkpt>
      <trkpt lat="40.803783" lon="-73.970854">
        <ele>15.8</ele>
        <time>2026-04-26T17:08:50.000Z</time>
      </trkpt>
      <trkpt lat="40.803792" lon="-73.970848">
        <ele>15.6</ele>
        <time>2026-04-26T17:08:51.000Z</time>
      </trkpt>
      <trkpt lat="40.803801" lon="-73.970842">
        <ele>15.6</ele>
        <time>2026-04-26T17:08:52.000Z</time>
      </trkpt>
      <trkpt lat="40.80381" lon="-73.970836">
        <ele>15.6</ele>
        <time>2026-04-26T17:08:53.000Z</time>
      </trkpt>
      <trkpt lat="40.803819" lon="-73.97083">
        <ele>15.6</ele>
        <time>2026-04-26T17:08:54.000Z</time>
      </trkpt>
      <trkpt lat="40.803828" lon="-73.970824">
        <ele>15.6</ele>
        <time>2026-04-26T17:08:55.000Z</time>
      </trkpt>
      <trkpt lat="40.803837" lon="-73.970818">
        <ele>15.6</ele>
        <time>2026-04-26T17:08:56.000Z</time>
      </trkpt>
      <trkpt lat="40.803846" lon="-73.970811">
        <ele>15.6</ele>
        <time>2026-04-26T17:08:57.000Z</time>
      </trkpt>
      <trkpt lat="40.803855" lon="-73.970805">
        <ele>15.6</ele>
        <time>2026-04-26T17:08:58.000Z</time>
      </trkpt>
      <trkpt lat="40.803863" lon="-73.970799">
        <ele>15.6</ele>
        <time>2026-04-26T17:08:59.000Z</time>
      </trkpt>
      <trkpt lat="40.803873" lon="-73.970793">
        <ele>15.6</ele>
        <time>2026-04-26T17:09:00.000Z</time>
      </trkpt>
      <trkpt lat="40.803882" lon="-73.970787">
        <ele>15.6</ele>
        <time>2026-04-26T17:09:01.000Z</time>
      </trkpt>
      <trkpt lat="40.803891" lon="-73.970781">
        <ele>15.6</ele>
        <time>2026-04-26T17:09:02.000Z</time>
      </trkpt>
      <trkpt lat="40.8039" lon="-73.970775">
        <ele>15.6</ele>
        <time>2026-04-26T17:09:03.000Z</time>
      </trkpt>
      <trkpt lat="40.803909" lon="-73.970769">
        <ele>15.6</ele>
        <time>2026-04-26T17:09:04.000Z</time>
      </trkpt>
      <trkpt lat="40.803918" lon="-73.970763">
        <ele>15.6</ele>
        <time>2026-04-26T17:09:05.000Z</time>
      </trkpt>
      <trkpt lat="40.803928" lon="-73.970757">
        <ele>15.6</ele>
        <time>2026-04-26T17:09:06.000Z</time>
      </trkpt>
      <trkpt lat="40.803937" lon="-73.970751">
        <ele>15.6</ele>
        <time>2026-04-26T17:09:07.000Z</time>
      </trkpt>
      <trkpt lat="40.803946" lon="-73.970745">
        <ele>15.4</ele>
        <time>2026-04-26T17:09:08.000Z</time>
      </trkpt>
      <trkpt lat="40.803955" lon="-73.970738">
        <ele>15.4</ele>
        <time>2026-04-26T17:09:09.000Z</time>
      </trkpt>
      <trkpt lat="40.803965" lon="-73.970732">
        <ele>15.4</ele>
        <time>2026-04-26T17:09:10.000Z</time>
      </trkpt>
      <trkpt lat="40.803974" lon="-73.970726">
        <ele>15.4</ele>
        <time>2026-04-26T17:09:11.000Z</time>
      </trkpt>
      <trkpt lat="40.803984" lon="-73.970719">
        <ele>15.4</ele>
        <time>2026-04-26T17:09:12.000Z</time>
      </trkpt>
      <trkpt lat="40.803993" lon="-73.970713">
        <ele>15.4</ele>
        <time>2026-04-26T17:09:13.000Z</time>
      </trkpt>
      <trkpt lat="40.804002" lon="-73.970707">
        <ele>15.4</ele>
        <time>2026-04-26T17:09:14.000Z</time>
      </trkpt>
      <trkpt lat="40.804011" lon="-73.970701">
        <ele>15.6</ele>
        <time>2026-04-26T17:09:15.000Z</time>
      </trkpt>
      <trkpt lat="40.80402" lon="-73.970694">
        <ele>15.6</ele>
        <time>2026-04-26T17:09:16.000Z</time>
      </trkpt>
      <trkpt lat="40.804029" lon="-73.970688">
        <ele>15.6</ele>
        <time>2026-04-26T17:09:17.000Z</time>
      </trkpt>
      <trkpt lat="40.804038" lon="-73.970681">
        <ele>15.6</ele>
        <time>2026-04-26T17:09:18.000Z</time>
      </trkpt>
      <trkpt lat="40.804048" lon="-73.970675">
        <ele>15.6</ele>
        <time>2026-04-26T17:09:19.000Z</time>
      </trkpt>
      <trkpt lat="40.804058" lon="-73.970668">
        <ele>15.6</ele>
        <time>2026-04-26T17:09:20.000Z</time>
      </trkpt>
      <trkpt lat="40.804067" lon="-73.970661">
        <ele>15.6</ele>
        <time>2026-04-26T17:09:21.000Z</time>
      </trkpt>
      <trkpt lat="40.804077" lon="-73.970655">
        <ele>15.6</ele>
        <time>2026-04-26T17:09:22.000Z</time>
      </trkpt>
      <trkpt lat="40.804086" lon="-73.970648">
        <ele>15.6</ele>
        <time>2026-04-26T17:09:23.000Z</time>
      </trkpt>
      <trkpt lat="40.804095" lon="-73.970642">
        <ele>15.6</ele>
        <time>2026-04-26T17:09:24.000Z</time>
      </trkpt>
      <trkpt lat="40.804105" lon="-73.970635">
        <ele>15.6</ele>
        <time>2026-04-26T17:09:25.000Z</time>
      </trkpt>
      <trkpt lat="40.804114" lon="-73.970629">
        <ele>15.8</ele>
        <time>2026-04-26T17:09:26.000Z</time>
      </trkpt>
      <trkpt lat="40.804123" lon="-73.970622">
        <ele>15.8</ele>
        <time>2026-04-26T17:09:27.000Z</time>
      </trkpt>
      <trkpt lat="40.804133" lon="-73.970615">
        <ele>15.8</ele>
        <time>2026-04-26T17:09:28.000Z</time>
      </trkpt>
      <trkpt lat="40.804142" lon="-73.970609">
        <ele>16</ele>
        <time>2026-04-26T17:09:29.000Z</time>
      </trkpt>
      <trkpt lat="40.804151" lon="-73.970602">
        <ele>16</ele>
        <time>2026-04-26T17:09:30.000Z</time>
      </trkpt>
      <trkpt lat="40.804161" lon="-73.970596">
        <ele>16</ele>
        <time>2026-04-26T17:09:31.000Z</time>
      </trkpt>
      <trkpt lat="40.80417" lon="-73.97059">
        <ele>16</ele>
        <time>2026-04-26T17:09:32.000Z</time>
      </trkpt>
      <trkpt lat="40.804179" lon="-73.970583">
        <ele>16</ele>
        <time>2026-04-26T17:09:33.000Z</time>
      </trkpt>
      <trkpt lat="40.804188" lon="-73.970577">
        <ele>16.2</ele>
        <time>2026-04-26T17:09:34.000Z</time>
      </trkpt>
      <trkpt lat="40.804196" lon="-73.970571">
        <ele>16.2</ele>
        <time>2026-04-26T17:09:35.000Z</time>
      </trkpt>
      <trkpt lat="40.804205" lon="-73.970565">
        <ele>16.2</ele>
        <time>2026-04-26T17:09:36.000Z</time>
      </trkpt>
      <trkpt lat="40.804213" lon="-73.970559">
        <ele>16.2</ele>
        <time>2026-04-26T17:09:37.000Z</time>
      </trkpt>
      <trkpt lat="40.804222" lon="-73.970553">
        <ele>16</ele>
        <time>2026-04-26T17:09:38.000Z</time>
      </trkpt>
      <trkpt lat="40.804231" lon="-73.970547">
        <ele>16</ele>
        <time>2026-04-26T17:09:39.000Z</time>
      </trkpt>
      <trkpt lat="40.80424" lon="-73.970541">
        <ele>16</ele>
        <time>2026-04-26T17:09:40.000Z</time>
      </trkpt>
      <trkpt lat="40.804249" lon="-73.970535">
        <ele>16</ele>
        <time>2026-04-26T17:09:41.000Z</time>
      </trkpt>
      <trkpt lat="40.804257" lon="-73.970529">
        <ele>16</ele>
        <time>2026-04-26T17:09:42.000Z</time>
      </trkpt>
      <trkpt lat="40.804266" lon="-73.970523">
        <ele>16</ele>
        <time>2026-04-26T17:09:43.000Z</time>
      </trkpt>
      <trkpt lat="40.804275" lon="-73.970516">
        <ele>16</ele>
        <time>2026-04-26T17:09:44.000Z</time>
      </trkpt>
      <trkpt lat="40.804284" lon="-73.97051">
        <ele>16</ele>
        <time>2026-04-26T17:09:45.000Z</time>
      </trkpt>
      <trkpt lat="40.804292" lon="-73.970504">
        <ele>16</ele>
        <time>2026-04-26T17:09:46.000Z</time>
      </trkpt>
      <trkpt lat="40.804301" lon="-73.970497">
        <ele>16</ele>
        <time>2026-04-26T17:09:47.000Z</time>
      </trkpt>
      <trkpt lat="40.80431" lon="-73.970491">
        <ele>16</ele>
        <time>2026-04-26T17:09:48.000Z</time>
      </trkpt>
      <trkpt lat="40.804318" lon="-73.970485">
        <ele>16</ele>
        <time>2026-04-26T17:09:49.000Z</time>
      </trkpt>
      <trkpt lat="40.804326" lon="-73.970479">
        <ele>16</ele>
        <time>2026-04-26T17:09:50.000Z</time>
      </trkpt>
      <trkpt lat="40.804334" lon="-73.970473">
        <ele>16</ele>
        <time>2026-04-26T17:09:51.000Z</time>
      </trkpt>
      <trkpt lat="40.804342" lon="-73.970468">
        <ele>16</ele>
        <time>2026-04-26T17:09:52.000Z</time>
      </trkpt>
      <trkpt lat="40.804351" lon="-73.970462">
        <ele>16</ele>
        <time>2026-04-26T17:09:53.000Z</time>
      </trkpt>
      <trkpt lat="40.80436" lon="-73.970456">
        <ele>16</ele>
        <time>2026-04-26T17:09:54.000Z</time>
      </trkpt>
      <trkpt lat="40.804368" lon="-73.97045">
        <ele>16</ele>
        <time>2026-04-26T17:09:55.000Z</time>
      </trkpt>
      <trkpt lat="40.804377" lon="-73.970443">
        <ele>16</ele>
        <time>2026-04-26T17:09:56.000Z</time>
      </trkpt>
      <trkpt lat="40.804386" lon="-73.970437">
        <ele>16</ele>
        <time>2026-04-26T17:09:57.000Z</time>
      </trkpt>
      <trkpt lat="40.804396" lon="-73.970431">
        <ele>15.8</ele>
        <time>2026-04-26T17:09:58.000Z</time>
      </trkpt>
      <trkpt lat="40.804405" lon="-73.970424">
        <ele>15.8</ele>
        <time>2026-04-26T17:09:59.000Z</time>
      </trkpt>
      <trkpt lat="40.804414" lon="-73.970417">
        <ele>15.8</ele>
        <time>2026-04-26T17:10:00.000Z</time>
      </trkpt>
      <trkpt lat="40.804424" lon="-73.97041">
        <ele>15.8</ele>
        <time>2026-04-26T17:10:01.000Z</time>
      </trkpt>
      <trkpt lat="40.804434" lon="-73.970403">
        <ele>15.8</ele>
        <time>2026-04-26T17:10:02.000Z</time>
      </trkpt>
      <trkpt lat="40.804444" lon="-73.970396">
        <ele>15.8</ele>
        <time>2026-04-26T17:10:03.000Z</time>
      </trkpt>
      <trkpt lat="40.804453" lon="-73.970389">
        <ele>15.8</ele>
        <time>2026-04-26T17:10:04.000Z</time>
      </trkpt>
      <trkpt lat="40.804463" lon="-73.970383">
        <ele>15.8</ele>
        <time>2026-04-26T17:10:05.000Z</time>
      </trkpt>
      <trkpt lat="40.804473" lon="-73.970376">
        <ele>15.8</ele>
        <time>2026-04-26T17:10:06.000Z</time>
      </trkpt>
      <trkpt lat="40.804483" lon="-73.970369">
        <ele>15.8</ele>
        <time>2026-04-26T17:10:07.000Z</time>
      </trkpt>
      <trkpt lat="40.804492" lon="-73.970362">
        <ele>15.8</ele>
        <time>2026-04-26T17:10:08.000Z</time>
      </trkpt>
      <trkpt lat="40.804502" lon="-73.970355">
        <ele>15.8</ele>
        <time>2026-04-26T17:10:09.000Z</time>
      </trkpt>
      <trkpt lat="40.804511" lon="-73.970348">
        <ele>15.8</ele>
        <time>2026-04-26T17:10:10.000Z</time>
      </trkpt>
      <trkpt lat="40.804521" lon="-73.970342">
        <ele>15.8</ele>
        <time>2026-04-26T17:10:11.000Z</time>
      </trkpt>
      <trkpt lat="40.80453" lon="-73.970335">
        <ele>15.8</ele>
        <time>2026-04-26T17:10:12.000Z</time>
      </trkpt>
      <trkpt lat="40.80454" lon="-73.970328">
        <ele>15.8</ele>
        <time>2026-04-26T17:10:13.000Z</time>
      </trkpt>
      <trkpt lat="40.804549" lon="-73.970321">
        <ele>15.8</ele>
        <time>2026-04-26T17:10:14.000Z</time>
      </trkpt>
      <trkpt lat="40.804559" lon="-73.970315">
        <ele>15.8</ele>
        <time>2026-04-26T17:10:15.000Z</time>
      </trkpt>
      <trkpt lat="40.804568" lon="-73.970308">
        <ele>15.8</ele>
        <time>2026-04-26T17:10:16.000Z</time>
      </trkpt>
      <trkpt lat="40.804577" lon="-73.970302">
        <ele>15.8</ele>
        <time>2026-04-26T17:10:17.000Z</time>
      </trkpt>
      <trkpt lat="40.804585" lon="-73.970296">
        <ele>15.8</ele>
        <time>2026-04-26T17:10:18.000Z</time>
      </trkpt>
      <trkpt lat="40.804595" lon="-73.97029">
        <ele>15.8</ele>
        <time>2026-04-26T17:10:19.000Z</time>
      </trkpt>
      <trkpt lat="40.804604" lon="-73.970283">
        <ele>15.8</ele>
        <time>2026-04-26T17:10:20.000Z</time>
      </trkpt>
      <trkpt lat="40.804614" lon="-73.970277">
        <ele>15.8</ele>
        <time>2026-04-26T17:10:21.000Z</time>
      </trkpt>
      <trkpt lat="40.804623" lon="-73.97027">
        <ele>15.8</ele>
        <time>2026-04-26T17:10:22.000Z</time>
      </trkpt>
      <trkpt lat="40.804632" lon="-73.970264">
        <ele>15.8</ele>
        <time>2026-04-26T17:10:23.000Z</time>
      </trkpt>
      <trkpt lat="40.804641" lon="-73.970258">
        <ele>15.8</ele>
        <time>2026-04-26T17:10:24.000Z</time>
      </trkpt>
      <trkpt lat="40.80465" lon="-73.970252">
        <ele>15.8</ele>
        <time>2026-04-26T17:10:25.000Z</time>
      </trkpt>
      <trkpt lat="40.804659" lon="-73.970246">
        <ele>15.8</ele>
        <time>2026-04-26T17:10:26.000Z</time>
      </trkpt>
      <trkpt lat="40.804668" lon="-73.970239">
        <ele>16</ele>
        <time>2026-04-26T17:10:27.000Z</time>
      </trkpt>
      <trkpt lat="40.804675" lon="-73.970234">
        <ele>16</ele>
        <time>2026-04-26T17:10:28.000Z</time>
      </trkpt>
      <trkpt lat="40.804683" lon="-73.970229">
        <ele>16</ele>
        <time>2026-04-26T17:10:29.000Z</time>
      </trkpt>
      <trkpt lat="40.804691" lon="-73.970223">
        <ele>16</ele>
        <time>2026-04-26T17:10:30.000Z</time>
      </trkpt>
      <trkpt lat="40.804699" lon="-73.970217">
        <ele>16.2</ele>
        <time>2026-04-26T17:10:31.000Z</time>
      </trkpt>
      <trkpt lat="40.804708" lon="-73.970211">
        <ele>16.2</ele>
        <time>2026-04-26T17:10:32.000Z</time>
      </trkpt>
      <trkpt lat="40.804717" lon="-73.970204">
        <ele>16.2</ele>
        <time>2026-04-26T17:10:33.000Z</time>
      </trkpt>
      <trkpt lat="40.804726" lon="-73.970198">
        <ele>16.2</ele>
        <time>2026-04-26T17:10:34.000Z</time>
      </trkpt>
      <trkpt lat="40.804735" lon="-73.970191">
        <ele>16.2</ele>
        <time>2026-04-26T17:10:35.000Z</time>
      </trkpt>
      <trkpt lat="40.804745" lon="-73.970185">
        <ele>16.2</ele>
        <time>2026-04-26T17:10:36.000Z</time>
      </trkpt>
      <trkpt lat="40.804754" lon="-73.970178">
        <ele>16.2</ele>
        <time>2026-04-26T17:10:37.000Z</time>
      </trkpt>
      <trkpt lat="40.804764" lon="-73.970172">
        <ele>16.2</ele>
        <time>2026-04-26T17:10:38.000Z</time>
      </trkpt>
      <trkpt lat="40.804773" lon="-73.970165">
        <ele>16.2</ele>
        <time>2026-04-26T17:10:39.000Z</time>
      </trkpt>
      <trkpt lat="40.804782" lon="-73.970159">
        <ele>16.2</ele>
        <time>2026-04-26T17:10:40.000Z</time>
      </trkpt>
      <trkpt lat="40.804791" lon="-73.970153">
        <ele>16.2</ele>
        <time>2026-04-26T17:10:41.000Z</time>
      </trkpt>
      <trkpt lat="40.8048" lon="-73.970147">
        <ele>16.2</ele>
        <time>2026-04-26T17:10:42.000Z</time>
      </trkpt>
      <trkpt lat="40.804809" lon="-73.970141">
        <ele>16.2</ele>
        <time>2026-04-26T17:10:43.000Z</time>
      </trkpt>
      <trkpt lat="40.804819" lon="-73.970134">
        <ele>16.2</ele>
        <time>2026-04-26T17:10:44.000Z</time>
      </trkpt>
      <trkpt lat="40.804828" lon="-73.970128">
        <ele>16.2</ele>
        <time>2026-04-26T17:10:45.000Z</time>
      </trkpt>
      <trkpt lat="40.804836" lon="-73.970122">
        <ele>16.2</ele>
        <time>2026-04-26T17:10:46.000Z</time>
      </trkpt>
      <trkpt lat="40.804844" lon="-73.970116">
        <ele>16.2</ele>
        <time>2026-04-26T17:10:47.000Z</time>
      </trkpt>
      <trkpt lat="40.804853" lon="-73.97011">
        <ele>16.2</ele>
        <time>2026-04-26T17:10:48.000Z</time>
      </trkpt>
      <trkpt lat="40.804862" lon="-73.970104">
        <ele>16.2</ele>
        <time>2026-04-26T17:10:49.000Z</time>
      </trkpt>
      <trkpt lat="40.804871" lon="-73.970098">
        <ele>16.2</ele>
        <time>2026-04-26T17:10:50.000Z</time>
      </trkpt>
      <trkpt lat="40.804881" lon="-73.970091">
        <ele>16.2</ele>
        <time>2026-04-26T17:10:51.000Z</time>
      </trkpt>
      <trkpt lat="40.80489" lon="-73.970085">
        <ele>16.2</ele>
        <time>2026-04-26T17:10:52.000Z</time>
      </trkpt>
      <trkpt lat="40.804898" lon="-73.970079">
        <ele>16.2</ele>
        <time>2026-04-26T17:10:53.000Z</time>
      </trkpt>
      <trkpt lat="40.804907" lon="-73.970073">
        <ele>16.2</ele>
        <time>2026-04-26T17:10:54.000Z</time>
      </trkpt>
      <trkpt lat="40.804916" lon="-73.970066">
        <ele>16.2</ele>
        <time>2026-04-26T17:10:55.000Z</time>
      </trkpt>
      <trkpt lat="40.804931" lon="-73.970056">
        <ele>16.2</ele>
        <time>2026-04-26T17:10:56.000Z</time>
      </trkpt>
      <trkpt lat="40.804938" lon="-73.970051">
        <ele>16.2</ele>
        <time>2026-04-26T17:10:57.000Z</time>
      </trkpt>
      <trkpt lat="40.804946" lon="-73.970045">
        <ele>16.2</ele>
        <time>2026-04-26T17:10:58.000Z</time>
      </trkpt>
      <trkpt lat="40.804953" lon="-73.97004">
        <ele>16.2</ele>
        <time>2026-04-26T17:10:59.000Z</time>
      </trkpt>
      <trkpt lat="40.80496" lon="-73.970035">
        <ele>16.2</ele>
        <time>2026-04-26T17:11:00.000Z</time>
      </trkpt>
      <trkpt lat="40.80497" lon="-73.970029">
        <ele>16.2</ele>
        <time>2026-04-26T17:11:01.000Z</time>
      </trkpt>
      <trkpt lat="40.804979" lon="-73.970022">
        <ele>16.2</ele>
        <time>2026-04-26T17:11:02.000Z</time>
      </trkpt>
      <trkpt lat="40.804989" lon="-73.970015">
        <ele>16.2</ele>
        <time>2026-04-26T17:11:03.000Z</time>
      </trkpt>
      <trkpt lat="40.804999" lon="-73.970008">
        <ele>16.2</ele>
        <time>2026-04-26T17:11:04.000Z</time>
      </trkpt>
      <trkpt lat="40.805008" lon="-73.970001">
        <ele>16.2</ele>
        <time>2026-04-26T17:11:05.000Z</time>
      </trkpt>
      <trkpt lat="40.805017" lon="-73.969995">
        <ele>16.4</ele>
        <time>2026-04-26T17:11:06.000Z</time>
      </trkpt>
      <trkpt lat="40.805025" lon="-73.969989">
        <ele>16.4</ele>
        <time>2026-04-26T17:11:07.000Z</time>
      </trkpt>
      <trkpt lat="40.805035" lon="-73.969983">
        <ele>16.4</ele>
        <time>2026-04-26T17:11:08.000Z</time>
      </trkpt>
      <trkpt lat="40.805044" lon="-73.969976">
        <ele>16.4</ele>
        <time>2026-04-26T17:11:09.000Z</time>
      </trkpt>
      <trkpt lat="40.805054" lon="-73.96997">
        <ele>16.4</ele>
        <time>2026-04-26T17:11:10.000Z</time>
      </trkpt>
      <trkpt lat="40.805062" lon="-73.969964">
        <ele>16.4</ele>
        <time>2026-04-26T17:11:11.000Z</time>
      </trkpt>
      <trkpt lat="40.805071" lon="-73.969958">
        <ele>16.4</ele>
        <time>2026-04-26T17:11:12.000Z</time>
      </trkpt>
      <trkpt lat="40.80508" lon="-73.969952">
        <ele>16.4</ele>
        <time>2026-04-26T17:11:13.000Z</time>
      </trkpt>
      <trkpt lat="40.805089" lon="-73.969945">
        <ele>16.4</ele>
        <time>2026-04-26T17:11:14.000Z</time>
      </trkpt>
      <trkpt lat="40.805098" lon="-73.969939">
        <ele>16.4</ele>
        <time>2026-04-26T17:11:15.000Z</time>
      </trkpt>
      <trkpt lat="40.805108" lon="-73.969933">
        <ele>16.4</ele>
        <time>2026-04-26T17:11:16.000Z</time>
      </trkpt>
      <trkpt lat="40.805117" lon="-73.969926">
        <ele>16.4</ele>
        <time>2026-04-26T17:11:17.000Z</time>
      </trkpt>
      <trkpt lat="40.805126" lon="-73.96992">
        <ele>16.4</ele>
        <time>2026-04-26T17:11:18.000Z</time>
      </trkpt>
      <trkpt lat="40.805135" lon="-73.969914">
        <ele>16.4</ele>
        <time>2026-04-26T17:11:19.000Z</time>
      </trkpt>
      <trkpt lat="40.805144" lon="-73.969908">
        <ele>16.2</ele>
        <time>2026-04-26T17:11:20.000Z</time>
      </trkpt>
      <trkpt lat="40.805154" lon="-73.969902">
        <ele>16.2</ele>
        <time>2026-04-26T17:11:21.000Z</time>
      </trkpt>
      <trkpt lat="40.805163" lon="-73.969896">
        <ele>16.2</ele>
        <time>2026-04-26T17:11:22.000Z</time>
      </trkpt>
      <trkpt lat="40.805172" lon="-73.96989">
        <ele>16.2</ele>
        <time>2026-04-26T17:11:23.000Z</time>
      </trkpt>
      <trkpt lat="40.805181" lon="-73.969884">
        <ele>16.2</ele>
        <time>2026-04-26T17:11:24.000Z</time>
      </trkpt>
      <trkpt lat="40.805189" lon="-73.969879">
        <ele>16.2</ele>
        <time>2026-04-26T17:11:25.000Z</time>
      </trkpt>
      <trkpt lat="40.805197" lon="-73.969873">
        <ele>16.2</ele>
        <time>2026-04-26T17:11:26.000Z</time>
      </trkpt>
      <trkpt lat="40.805205" lon="-73.969867">
        <ele>16.2</ele>
        <time>2026-04-26T17:11:27.000Z</time>
      </trkpt>
      <trkpt lat="40.805213" lon="-73.969859">
        <ele>16.2</ele>
        <time>2026-04-26T17:11:28.000Z</time>
      </trkpt>
      <trkpt lat="40.80522" lon="-73.969852">
        <ele>16</ele>
        <time>2026-04-26T17:11:29.000Z</time>
      </trkpt>
      <trkpt lat="40.805228" lon="-73.969844">
        <ele>16</ele>
        <time>2026-04-26T17:11:30.000Z</time>
      </trkpt>
      <trkpt lat="40.805235" lon="-73.969835">
        <ele>16</ele>
        <time>2026-04-26T17:11:31.000Z</time>
      </trkpt>
      <trkpt lat="40.805243" lon="-73.969827">
        <ele>16</ele>
        <time>2026-04-26T17:11:32.000Z</time>
      </trkpt>
      <trkpt lat="40.805251" lon="-73.969818">
        <ele>16</ele>
        <time>2026-04-26T17:11:33.000Z</time>
      </trkpt>
      <trkpt lat="40.805259" lon="-73.969809">
        <ele>16</ele>
        <time>2026-04-26T17:11:34.000Z</time>
      </trkpt>
      <trkpt lat="40.805266" lon="-73.9698">
        <ele>16</ele>
        <time>2026-04-26T17:11:35.000Z</time>
      </trkpt>
      <trkpt lat="40.805274" lon="-73.969791">
        <ele>16</ele>
        <time>2026-04-26T17:11:36.000Z</time>
      </trkpt>
      <trkpt lat="40.805282" lon="-73.969782">
        <ele>16</ele>
        <time>2026-04-26T17:11:37.000Z</time>
      </trkpt>
      <trkpt lat="40.80529" lon="-73.969773">
        <ele>16</ele>
        <time>2026-04-26T17:11:38.000Z</time>
      </trkpt>
      <trkpt lat="40.805298" lon="-73.969764">
        <ele>16</ele>
        <time>2026-04-26T17:11:39.000Z</time>
      </trkpt>
      <trkpt lat="40.805305" lon="-73.969755">
        <ele>16</ele>
        <time>2026-04-26T17:11:40.000Z</time>
      </trkpt>
      <trkpt lat="40.805312" lon="-73.969746">
        <ele>16</ele>
        <time>2026-04-26T17:11:41.000Z</time>
      </trkpt>
      <trkpt lat="40.805319" lon="-73.969738">
        <ele>16</ele>
        <time>2026-04-26T17:11:42.000Z</time>
      </trkpt>
      <trkpt lat="40.805327" lon="-73.969728">
        <ele>16</ele>
        <time>2026-04-26T17:11:43.000Z</time>
      </trkpt>
      <trkpt lat="40.805335" lon="-73.969719">
        <ele>16</ele>
        <time>2026-04-26T17:11:44.000Z</time>
      </trkpt>
      <trkpt lat="40.805343" lon="-73.96971">
        <ele>16</ele>
        <time>2026-04-26T17:11:45.000Z</time>
      </trkpt>
      <trkpt lat="40.80535" lon="-73.969701">
        <ele>16</ele>
        <time>2026-04-26T17:11:46.000Z</time>
      </trkpt>
      <trkpt lat="40.805358" lon="-73.969691">
        <ele>16</ele>
        <time>2026-04-26T17:11:47.000Z</time>
      </trkpt>
      <trkpt lat="40.805366" lon="-73.969682">
        <ele>16</ele>
        <time>2026-04-26T17:11:48.000Z</time>
      </trkpt>
      <trkpt lat="40.805374" lon="-73.969672">
        <ele>16</ele>
        <time>2026-04-26T17:11:49.000Z</time>
      </trkpt>
      <trkpt lat="40.805381" lon="-73.969662">
        <ele>16</ele>
        <time>2026-04-26T17:11:50.000Z</time>
      </trkpt>
      <trkpt lat="40.805388" lon="-73.969653">
        <ele>16</ele>
        <time>2026-04-26T17:11:51.000Z</time>
      </trkpt>
      <trkpt lat="40.805396" lon="-73.969644">
        <ele>16</ele>
        <time>2026-04-26T17:11:52.000Z</time>
      </trkpt>
      <trkpt lat="40.805403" lon="-73.969634">
        <ele>16</ele>
        <time>2026-04-26T17:11:53.000Z</time>
      </trkpt>
      <trkpt lat="40.805412" lon="-73.969624">
        <ele>16</ele>
        <time>2026-04-26T17:11:54.000Z</time>
      </trkpt>
      <trkpt lat="40.80542" lon="-73.969614">
        <ele>16</ele>
        <time>2026-04-26T17:11:55.000Z</time>
      </trkpt>
      <trkpt lat="40.805428" lon="-73.969604">
        <ele>16</ele>
        <time>2026-04-26T17:11:56.000Z</time>
      </trkpt>
      <trkpt lat="40.805437" lon="-73.969594">
        <ele>16</ele>
        <time>2026-04-26T17:11:57.000Z</time>
      </trkpt>
      <trkpt lat="40.805445" lon="-73.969584">
        <ele>16</ele>
        <time>2026-04-26T17:11:58.000Z</time>
      </trkpt>
      <trkpt lat="40.805454" lon="-73.969575">
        <ele>16</ele>
        <time>2026-04-26T17:11:59.000Z</time>
      </trkpt>
      <trkpt lat="40.805463" lon="-73.969567">
        <ele>16</ele>
        <time>2026-04-26T17:12:00.000Z</time>
      </trkpt>
      <trkpt lat="40.805472" lon="-73.969559">
        <ele>16</ele>
        <time>2026-04-26T17:12:01.000Z</time>
      </trkpt>
      <trkpt lat="40.80548" lon="-73.969552">
        <ele>16</ele>
        <time>2026-04-26T17:12:02.000Z</time>
      </trkpt>
      <trkpt lat="40.805489" lon="-73.969546">
        <ele>16</ele>
        <time>2026-04-26T17:12:03.000Z</time>
      </trkpt>
      <trkpt lat="40.805497" lon="-73.96954">
        <ele>16</ele>
        <time>2026-04-26T17:12:04.000Z</time>
      </trkpt>
      <trkpt lat="40.805505" lon="-73.969535">
        <ele>16</ele>
        <time>2026-04-26T17:12:05.000Z</time>
      </trkpt>
      <trkpt lat="40.805513" lon="-73.969531">
        <ele>15.8</ele>
        <time>2026-04-26T17:12:06.000Z</time>
      </trkpt>
      <trkpt lat="40.805521" lon="-73.969527">
        <ele>15.8</ele>
        <time>2026-04-26T17:12:07.000Z</time>
      </trkpt>
      <trkpt lat="40.805532" lon="-73.969524">
        <ele>15.8</ele>
        <time>2026-04-26T17:12:08.000Z</time>
      </trkpt>
      <trkpt lat="40.805544" lon="-73.969523">
        <ele>15.8</ele>
        <time>2026-04-26T17:12:09.000Z</time>
      </trkpt>
      <trkpt lat="40.805557" lon="-73.969523">
        <ele>15.8</ele>
        <time>2026-04-26T17:12:10.000Z</time>
      </trkpt>
      <trkpt lat="40.805571" lon="-73.969524">
        <ele>15.8</ele>
        <time>2026-04-26T17:12:11.000Z</time>
      </trkpt>
      <trkpt lat="40.805585" lon="-73.969524">
        <ele>15.8</ele>
        <time>2026-04-26T17:12:12.000Z</time>
      </trkpt>
      <trkpt lat="40.8056" lon="-73.969525">
        <ele>15.8</ele>
        <time>2026-04-26T17:12:13.000Z</time>
      </trkpt>
      <trkpt lat="40.805614" lon="-73.969527">
        <ele>15.8</ele>
        <time>2026-04-26T17:12:14.000Z</time>
      </trkpt>
      <trkpt lat="40.805629" lon="-73.969528">
        <ele>15.8</ele>
        <time>2026-04-26T17:12:15.000Z</time>
      </trkpt>
      <trkpt lat="40.805644" lon="-73.969528">
        <ele>15.8</ele>
        <time>2026-04-26T17:12:16.000Z</time>
      </trkpt>
      <trkpt lat="40.805658" lon="-73.969527">
        <ele>15.8</ele>
        <time>2026-04-26T17:12:17.000Z</time>
      </trkpt>
      <trkpt lat="40.805671" lon="-73.969525">
        <ele>15.8</ele>
        <time>2026-04-26T17:12:18.000Z</time>
      </trkpt>
      <trkpt lat="40.805683" lon="-73.969523">
        <ele>15.8</ele>
        <time>2026-04-26T17:12:19.000Z</time>
      </trkpt>
      <trkpt lat="40.805694" lon="-73.96952">
        <ele>15.8</ele>
        <time>2026-04-26T17:12:20.000Z</time>
      </trkpt>
      <trkpt lat="40.805705" lon="-73.969518">
        <ele>15.8</ele>
        <time>2026-04-26T17:12:21.000Z</time>
      </trkpt>
      <trkpt lat="40.805715" lon="-73.969515">
        <ele>15.8</ele>
        <time>2026-04-26T17:12:22.000Z</time>
      </trkpt>
      <trkpt lat="40.805725" lon="-73.969512">
        <ele>15.8</ele>
        <time>2026-04-26T17:12:23.000Z</time>
      </trkpt>
      <trkpt lat="40.805735" lon="-73.969508">
        <ele>15.8</ele>
        <time>2026-04-26T17:12:24.000Z</time>
      </trkpt>
      <trkpt lat="40.805746" lon="-73.969504">
        <ele>15.8</ele>
        <time>2026-04-26T17:12:25.000Z</time>
      </trkpt>
      <trkpt lat="40.805756" lon="-73.9695">
        <ele>15.8</ele>
        <time>2026-04-26T17:12:26.000Z</time>
      </trkpt>
      <trkpt lat="40.805766" lon="-73.969496">
        <ele>15.8</ele>
        <time>2026-04-26T17:12:27.000Z</time>
      </trkpt>
      <trkpt lat="40.805775" lon="-73.969492">
        <ele>15.8</ele>
        <time>2026-04-26T17:12:28.000Z</time>
      </trkpt>
      <trkpt lat="40.805785" lon="-73.969488">
        <ele>15.8</ele>
        <time>2026-04-26T17:12:29.000Z</time>
      </trkpt>
      <trkpt lat="40.805794" lon="-73.969483">
        <ele>15.8</ele>
        <time>2026-04-26T17:12:30.000Z</time>
      </trkpt>
      <trkpt lat="40.805803" lon="-73.969479">
        <ele>15.8</ele>
        <time>2026-04-26T17:12:31.000Z</time>
      </trkpt>
      <trkpt lat="40.805811" lon="-73.969475">
        <ele>15.8</ele>
        <time>2026-04-26T17:12:32.000Z</time>
      </trkpt>
      <trkpt lat="40.80582" lon="-73.969473">
        <ele>15.8</ele>
        <time>2026-04-26T17:12:33.000Z</time>
      </trkpt>
      <trkpt lat="40.805829" lon="-73.969471">
        <ele>15.8</ele>
        <time>2026-04-26T17:12:34.000Z</time>
      </trkpt>
      <trkpt lat="40.805839" lon="-73.96947">
        <ele>15.8</ele>
        <time>2026-04-26T17:12:35.000Z</time>
      </trkpt>
      <trkpt lat="40.805849" lon="-73.969468">
        <ele>15.8</ele>
        <time>2026-04-26T17:12:36.000Z</time>
      </trkpt>
      <trkpt lat="40.805859" lon="-73.969465">
        <ele>15.8</ele>
        <time>2026-04-26T17:12:37.000Z</time>
      </trkpt>
      <trkpt lat="40.80587" lon="-73.969461">
        <ele>15.8</ele>
        <time>2026-04-26T17:12:38.000Z</time>
      </trkpt>
      <trkpt lat="40.805879" lon="-73.969456">
        <ele>15.8</ele>
        <time>2026-04-26T17:12:39.000Z</time>
      </trkpt>
      <trkpt lat="40.805888" lon="-73.969452">
        <ele>15.8</ele>
        <time>2026-04-26T17:12:40.000Z</time>
      </trkpt>
      <trkpt lat="40.805898" lon="-73.969448">
        <ele>15.8</ele>
        <time>2026-04-26T17:12:41.000Z</time>
      </trkpt>
      <trkpt lat="40.805908" lon="-73.969445">
        <ele>15.8</ele>
        <time>2026-04-26T17:12:42.000Z</time>
      </trkpt>
      <trkpt lat="40.805918" lon="-73.969442">
        <ele>15.8</ele>
        <time>2026-04-26T17:12:43.000Z</time>
      </trkpt>
      <trkpt lat="40.805928" lon="-73.969438">
        <ele>15.8</ele>
        <time>2026-04-26T17:12:44.000Z</time>
      </trkpt>
      <trkpt lat="40.805938" lon="-73.969435">
        <ele>15.8</ele>
        <time>2026-04-26T17:12:45.000Z</time>
      </trkpt>
      <trkpt lat="40.805948" lon="-73.969431">
        <ele>15.8</ele>
        <time>2026-04-26T17:12:46.000Z</time>
      </trkpt>
      <trkpt lat="40.805958" lon="-73.969426">
        <ele>15.8</ele>
        <time>2026-04-26T17:12:47.000Z</time>
      </trkpt>
      <trkpt lat="40.805967" lon="-73.96942">
        <ele>15.8</ele>
        <time>2026-04-26T17:12:48.000Z</time>
      </trkpt>
      <trkpt lat="40.805978" lon="-73.969413">
        <ele>15.8</ele>
        <time>2026-04-26T17:12:49.000Z</time>
      </trkpt>
      <trkpt lat="40.805988" lon="-73.969407">
        <ele>15.8</ele>
        <time>2026-04-26T17:12:50.000Z</time>
      </trkpt>
      <trkpt lat="40.805998" lon="-73.969401">
        <ele>15.8</ele>
        <time>2026-04-26T17:12:51.000Z</time>
      </trkpt>
      <trkpt lat="40.806008" lon="-73.969395">
        <ele>15.8</ele>
        <time>2026-04-26T17:12:52.000Z</time>
      </trkpt>
      <trkpt lat="40.806018" lon="-73.969388">
        <ele>15.8</ele>
        <time>2026-04-26T17:12:53.000Z</time>
      </trkpt>
      <trkpt lat="40.806028" lon="-73.969382">
        <ele>15.8</ele>
        <time>2026-04-26T17:12:54.000Z</time>
      </trkpt>
      <trkpt lat="40.806038" lon="-73.969376">
        <ele>15.8</ele>
        <time>2026-04-26T17:12:55.000Z</time>
      </trkpt>
      <trkpt lat="40.806048" lon="-73.969371">
        <ele>15.8</ele>
        <time>2026-04-26T17:12:56.000Z</time>
      </trkpt>
      <trkpt lat="40.806059" lon="-73.969366">
        <ele>15.8</ele>
        <time>2026-04-26T17:12:57.000Z</time>
      </trkpt>
      <trkpt lat="40.806069" lon="-73.969361">
        <ele>15.8</ele>
        <time>2026-04-26T17:12:58.000Z</time>
      </trkpt>
      <trkpt lat="40.80608" lon="-73.969356">
        <ele>15.8</ele>
        <time>2026-04-26T17:12:59.000Z</time>
      </trkpt>
      <trkpt lat="40.80609" lon="-73.96935">
        <ele>15.8</ele>
        <time>2026-04-26T17:13:00.000Z</time>
      </trkpt>
      <trkpt lat="40.8061" lon="-73.969344">
        <ele>15.8</ele>
        <time>2026-04-26T17:13:01.000Z</time>
      </trkpt>
      <trkpt lat="40.806109" lon="-73.969338">
        <ele>15.8</ele>
        <time>2026-04-26T17:13:02.000Z</time>
      </trkpt>
      <trkpt lat="40.806119" lon="-73.969331">
        <ele>15.8</ele>
        <time>2026-04-26T17:13:03.000Z</time>
      </trkpt>
      <trkpt lat="40.806129" lon="-73.969325">
        <ele>15.8</ele>
        <time>2026-04-26T17:13:04.000Z</time>
      </trkpt>
      <trkpt lat="40.806138" lon="-73.969319">
        <ele>15.8</ele>
        <time>2026-04-26T17:13:05.000Z</time>
      </trkpt>
      <trkpt lat="40.806147" lon="-73.969313">
        <ele>15.8</ele>
        <time>2026-04-26T17:13:06.000Z</time>
      </trkpt>
      <trkpt lat="40.806156" lon="-73.969307">
        <ele>15.8</ele>
        <time>2026-04-26T17:13:07.000Z</time>
      </trkpt>
      <trkpt lat="40.806166" lon="-73.969301">
        <ele>15.6</ele>
        <time>2026-04-26T17:13:08.000Z</time>
      </trkpt>
      <trkpt lat="40.806175" lon="-73.969295">
        <ele>15.6</ele>
        <time>2026-04-26T17:13:09.000Z</time>
      </trkpt>
      <trkpt lat="40.806184" lon="-73.969289">
        <ele>15.6</ele>
        <time>2026-04-26T17:13:10.000Z</time>
      </trkpt>
      <trkpt lat="40.806194" lon="-73.969282">
        <ele>15.6</ele>
        <time>2026-04-26T17:13:11.000Z</time>
      </trkpt>
      <trkpt lat="40.806204" lon="-73.969275">
        <ele>15.6</ele>
        <time>2026-04-26T17:13:12.000Z</time>
      </trkpt>
      <trkpt lat="40.806213" lon="-73.96927">
        <ele>15.6</ele>
        <time>2026-04-26T17:13:13.000Z</time>
      </trkpt>
      <trkpt lat="40.806223" lon="-73.969264">
        <ele>15.6</ele>
        <time>2026-04-26T17:13:14.000Z</time>
      </trkpt>
      <trkpt lat="40.806232" lon="-73.969257">
        <ele>15.6</ele>
        <time>2026-04-26T17:13:15.000Z</time>
      </trkpt>
      <trkpt lat="40.806241" lon="-73.96925">
        <ele>15.6</ele>
        <time>2026-04-26T17:13:16.000Z</time>
      </trkpt>
      <trkpt lat="40.80625" lon="-73.969244">
        <ele>15.4</ele>
        <time>2026-04-26T17:13:17.000Z</time>
      </trkpt>
      <trkpt lat="40.806259" lon="-73.969237">
        <ele>15.4</ele>
        <time>2026-04-26T17:13:18.000Z</time>
      </trkpt>
      <trkpt lat="40.806269" lon="-73.969231">
        <ele>15.4</ele>
        <time>2026-04-26T17:13:19.000Z</time>
      </trkpt>
      <trkpt lat="40.806279" lon="-73.969224">
        <ele>15.4</ele>
        <time>2026-04-26T17:13:20.000Z</time>
      </trkpt>
      <trkpt lat="40.806288" lon="-73.969218">
        <ele>15.4</ele>
        <time>2026-04-26T17:13:21.000Z</time>
      </trkpt>
      <trkpt lat="40.806298" lon="-73.969211">
        <ele>15.4</ele>
        <time>2026-04-26T17:13:22.000Z</time>
      </trkpt>
      <trkpt lat="40.806307" lon="-73.969205">
        <ele>15.4</ele>
        <time>2026-04-26T17:13:23.000Z</time>
      </trkpt>
      <trkpt lat="40.806316" lon="-73.969199">
        <ele>15.4</ele>
        <time>2026-04-26T17:13:24.000Z</time>
      </trkpt>
      <trkpt lat="40.806325" lon="-73.969194">
        <ele>15.4</ele>
        <time>2026-04-26T17:13:25.000Z</time>
      </trkpt>
      <trkpt lat="40.806333" lon="-73.969189">
        <ele>15.4</ele>
        <time>2026-04-26T17:13:26.000Z</time>
      </trkpt>
      <trkpt lat="40.806343" lon="-73.969184">
        <ele>15.4</ele>
        <time>2026-04-26T17:13:27.000Z</time>
      </trkpt>
      <trkpt lat="40.806354" lon="-73.969179">
        <ele>15.2</ele>
        <time>2026-04-26T17:13:28.000Z</time>
      </trkpt>
      <trkpt lat="40.806364" lon="-73.969174">
        <ele>15.2</ele>
        <time>2026-04-26T17:13:29.000Z</time>
      </trkpt>
      <trkpt lat="40.806374" lon="-73.96917">
        <ele>15.2</ele>
        <time>2026-04-26T17:13:30.000Z</time>
      </trkpt>
      <trkpt lat="40.806383" lon="-73.969166">
        <ele>15.2</ele>
        <time>2026-04-26T17:13:31.000Z</time>
      </trkpt>
      <trkpt lat="40.806393" lon="-73.969162">
        <ele>15.2</ele>
        <time>2026-04-26T17:13:32.000Z</time>
      </trkpt>
      <trkpt lat="40.806404" lon="-73.969158">
        <ele>15.2</ele>
        <time>2026-04-26T17:13:33.000Z</time>
      </trkpt>
      <trkpt lat="40.806413" lon="-73.969154">
        <ele>15.2</ele>
        <time>2026-04-26T17:13:34.000Z</time>
      </trkpt>
      <trkpt lat="40.806422" lon="-73.96915">
        <ele>15.2</ele>
        <time>2026-04-26T17:13:35.000Z</time>
      </trkpt>
      <trkpt lat="40.806431" lon="-73.969146">
        <ele>15.2</ele>
        <time>2026-04-26T17:13:36.000Z</time>
      </trkpt>
      <trkpt lat="40.80644" lon="-73.969142">
        <ele>15.2</ele>
        <time>2026-04-26T17:13:37.000Z</time>
      </trkpt>
      <trkpt lat="40.806449" lon="-73.969138">
        <ele>15.2</ele>
        <time>2026-04-26T17:13:38.000Z</time>
      </trkpt>
      <trkpt lat="40.806459" lon="-73.969133">
        <ele>15.2</ele>
        <time>2026-04-26T17:13:39.000Z</time>
      </trkpt>
      <trkpt lat="40.806468" lon="-73.969127">
        <ele>15.2</ele>
        <time>2026-04-26T17:13:40.000Z</time>
      </trkpt>
      <trkpt lat="40.806477" lon="-73.969118">
        <ele>15.2</ele>
        <time>2026-04-26T17:13:41.000Z</time>
      </trkpt>
      <trkpt lat="40.806485" lon="-73.969107">
        <ele>15.2</ele>
        <time>2026-04-26T17:13:42.000Z</time>
      </trkpt>
      <trkpt lat="40.806492" lon="-73.969095">
        <ele>15.2</ele>
        <time>2026-04-26T17:13:43.000Z</time>
      </trkpt>
      <trkpt lat="40.806499" lon="-73.969081">
        <ele>15.2</ele>
        <time>2026-04-26T17:13:44.000Z</time>
      </trkpt>
      <trkpt lat="40.806505" lon="-73.969068">
        <ele>15.2</ele>
        <time>2026-04-26T17:13:45.000Z</time>
      </trkpt>
      <trkpt lat="40.806512" lon="-73.969055">
        <ele>15.2</ele>
        <time>2026-04-26T17:13:46.000Z</time>
      </trkpt>
      <trkpt lat="40.806519" lon="-73.969043">
        <ele>15</ele>
        <time>2026-04-26T17:13:47.000Z</time>
      </trkpt>
      <trkpt lat="40.806526" lon="-73.969032">
        <ele>15</ele>
        <time>2026-04-26T17:13:48.000Z</time>
      </trkpt>
      <trkpt lat="40.806533" lon="-73.969022">
        <ele>15</ele>
        <time>2026-04-26T17:13:49.000Z</time>
      </trkpt>
      <trkpt lat="40.806541" lon="-73.969012">
        <ele>15</ele>
        <time>2026-04-26T17:13:50.000Z</time>
      </trkpt>
      <trkpt lat="40.806549" lon="-73.969004">
        <ele>15</ele>
        <time>2026-04-26T17:13:51.000Z</time>
      </trkpt>
      <trkpt lat="40.806558" lon="-73.968995">
        <ele>15</ele>
        <time>2026-04-26T17:13:52.000Z</time>
      </trkpt>
      <trkpt lat="40.806566" lon="-73.968988">
        <ele>15</ele>
        <time>2026-04-26T17:13:53.000Z</time>
      </trkpt>
      <trkpt lat="40.806572" lon="-73.968982">
        <ele>15</ele>
        <time>2026-04-26T17:13:54.000Z</time>
      </trkpt>
      <trkpt lat="40.806579" lon="-73.968976">
        <ele>15</ele>
        <time>2026-04-26T17:13:55.000Z</time>
      </trkpt>
      <trkpt lat="40.806587" lon="-73.96897">
        <ele>15</ele>
        <time>2026-04-26T17:13:56.000Z</time>
      </trkpt>
      <trkpt lat="40.806595" lon="-73.968965">
        <ele>15</ele>
        <time>2026-04-26T17:13:57.000Z</time>
      </trkpt>
      <trkpt lat="40.806604" lon="-73.96896">
        <ele>15</ele>
        <time>2026-04-26T17:13:58.000Z</time>
      </trkpt>
      <trkpt lat="40.806613" lon="-73.968956">
        <ele>15</ele>
        <time>2026-04-26T17:13:59.000Z</time>
      </trkpt>
      <trkpt lat="40.806621" lon="-73.968952">
        <ele>15</ele>
        <time>2026-04-26T17:14:00.000Z</time>
      </trkpt>
      <trkpt lat="40.80663" lon="-73.968947">
        <ele>15</ele>
        <time>2026-04-26T17:14:01.000Z</time>
      </trkpt>
      <trkpt lat="40.80664" lon="-73.968943">
        <ele>15</ele>
        <time>2026-04-26T17:14:02.000Z</time>
      </trkpt>
      <trkpt lat="40.806649" lon="-73.968938">
        <ele>15</ele>
        <time>2026-04-26T17:14:03.000Z</time>
      </trkpt>
      <trkpt lat="40.806659" lon="-73.968934">
        <ele>15</ele>
        <time>2026-04-26T17:14:04.000Z</time>
      </trkpt>
      <trkpt lat="40.806668" lon="-73.96893">
        <ele>15</ele>
        <time>2026-04-26T17:14:05.000Z</time>
      </trkpt>
      <trkpt lat="40.806678" lon="-73.968925">
        <ele>15</ele>
        <time>2026-04-26T17:14:06.000Z</time>
      </trkpt>
      <trkpt lat="40.806687" lon="-73.968921">
        <ele>15</ele>
        <time>2026-04-26T17:14:07.000Z</time>
      </trkpt>
      <trkpt lat="40.806697" lon="-73.968917">
        <ele>15</ele>
        <time>2026-04-26T17:14:08.000Z</time>
      </trkpt>
      <trkpt lat="40.806706" lon="-73.968913">
        <ele>15</ele>
        <time>2026-04-26T17:14:09.000Z</time>
      </trkpt>
      <trkpt lat="40.806715" lon="-73.968909">
        <ele>15</ele>
        <time>2026-04-26T17:14:10.000Z</time>
      </trkpt>
      <trkpt lat="40.806724" lon="-73.968905">
        <ele>15</ele>
        <time>2026-04-26T17:14:11.000Z</time>
      </trkpt>
      <trkpt lat="40.806732" lon="-73.968901">
        <ele>15</ele>
        <time>2026-04-26T17:14:12.000Z</time>
      </trkpt>
      <trkpt lat="40.806741" lon="-73.968897">
        <ele>15</ele>
        <time>2026-04-26T17:14:13.000Z</time>
      </trkpt>
      <trkpt lat="40.80675" lon="-73.968892">
        <ele>15</ele>
        <time>2026-04-26T17:14:14.000Z</time>
      </trkpt>
      <trkpt lat="40.806759" lon="-73.968888">
        <ele>15</ele>
        <time>2026-04-26T17:14:15.000Z</time>
      </trkpt>
      <trkpt lat="40.806768" lon="-73.968883">
        <ele>15</ele>
        <time>2026-04-26T17:14:16.000Z</time>
      </trkpt>
      <trkpt lat="40.806777" lon="-73.968879">
        <ele>15</ele>
        <time>2026-04-26T17:14:17.000Z</time>
      </trkpt>
      <trkpt lat="40.806786" lon="-73.968874">
        <ele>15</ele>
        <time>2026-04-26T17:14:18.000Z</time>
      </trkpt>
      <trkpt lat="40.806795" lon="-73.96887">
        <ele>15</ele>
        <time>2026-04-26T17:14:19.000Z</time>
      </trkpt>
      <trkpt lat="40.806805" lon="-73.968865">
        <ele>15</ele>
        <time>2026-04-26T17:14:20.000Z</time>
      </trkpt>
      <trkpt lat="40.806816" lon="-73.96886">
        <ele>15</ele>
        <time>2026-04-26T17:14:21.000Z</time>
      </trkpt>
      <trkpt lat="40.806826" lon="-73.968855">
        <ele>15</ele>
        <time>2026-04-26T17:14:22.000Z</time>
      </trkpt>
      <trkpt lat="40.806836" lon="-73.96885">
        <ele>15</ele>
        <time>2026-04-26T17:14:23.000Z</time>
      </trkpt>
      <trkpt lat="40.806846" lon="-73.968845">
        <ele>15</ele>
        <time>2026-04-26T17:14:24.000Z</time>
      </trkpt>
      <trkpt lat="40.806856" lon="-73.968839">
        <ele>15</ele>
        <time>2026-04-26T17:14:26.000Z</time>
      </trkpt>
      <trkpt lat="40.806866" lon="-73.968834">
        <ele>15</ele>
        <time>2026-04-26T17:14:27.000Z</time>
      </trkpt>
      <trkpt lat="40.806876" lon="-73.968829">
        <ele>15</ele>
        <time>2026-04-26T17:14:28.000Z</time>
      </trkpt>
      <trkpt lat="40.806886" lon="-73.968824">
        <ele>15</ele>
        <time>2026-04-26T17:14:29.000Z</time>
      </trkpt>
      <trkpt lat="40.806896" lon="-73.968819">
        <ele>15</ele>
        <time>2026-04-26T17:14:30.000Z</time>
      </trkpt>
      <trkpt lat="40.806905" lon="-73.968814">
        <ele>15</ele>
        <time>2026-04-26T17:14:31.000Z</time>
      </trkpt>
      <trkpt lat="40.806915" lon="-73.968809">
        <ele>15</ele>
        <time>2026-04-26T17:14:32.000Z</time>
      </trkpt>
      <trkpt lat="40.806924" lon="-73.968804">
        <ele>15</ele>
        <time>2026-04-26T17:14:33.000Z</time>
      </trkpt>
      <trkpt lat="40.806932" lon="-73.9688">
        <ele>15</ele>
        <time>2026-04-26T17:14:34.000Z</time>
      </trkpt>
      <trkpt lat="40.806941" lon="-73.968795">
        <ele>15</ele>
        <time>2026-04-26T17:14:35.000Z</time>
      </trkpt>
      <trkpt lat="40.80695" lon="-73.968791">
        <ele>15</ele>
        <time>2026-04-26T17:14:36.000Z</time>
      </trkpt>
      <trkpt lat="40.806959" lon="-73.968786">
        <ele>15</ele>
        <time>2026-04-26T17:14:37.000Z</time>
      </trkpt>
      <trkpt lat="40.806969" lon="-73.968781">
        <ele>15</ele>
        <time>2026-04-26T17:14:38.000Z</time>
      </trkpt>
      <trkpt lat="40.806979" lon="-73.968776">
        <ele>15</ele>
        <time>2026-04-26T17:14:39.000Z</time>
      </trkpt>
      <trkpt lat="40.806988" lon="-73.96877">
        <ele>15</ele>
        <time>2026-04-26T17:14:40.000Z</time>
      </trkpt>
      <trkpt lat="40.806998" lon="-73.968765">
        <ele>15</ele>
        <time>2026-04-26T17:14:41.000Z</time>
      </trkpt>
      <trkpt lat="40.807007" lon="-73.96876">
        <ele>15</ele>
        <time>2026-04-26T17:14:42.000Z</time>
      </trkpt>
      <trkpt lat="40.807016" lon="-73.968755">
        <ele>15</ele>
        <time>2026-04-26T17:14:43.000Z</time>
      </trkpt>
      <trkpt lat="40.807025" lon="-73.968751">
        <ele>15</ele>
        <time>2026-04-26T17:14:44.000Z</time>
      </trkpt>
      <trkpt lat="40.807033" lon="-73.968747">
        <ele>15</ele>
        <time>2026-04-26T17:14:45.000Z</time>
      </trkpt>
      <trkpt lat="40.807041" lon="-73.968742">
        <ele>15</ele>
        <time>2026-04-26T17:14:46.000Z</time>
      </trkpt>
      <trkpt lat="40.80705" lon="-73.968738">
        <ele>15</ele>
        <time>2026-04-26T17:14:47.000Z</time>
      </trkpt>
      <trkpt lat="40.807059" lon="-73.968733">
        <ele>15</ele>
        <time>2026-04-26T17:14:48.000Z</time>
      </trkpt>
      <trkpt lat="40.807068" lon="-73.968728">
        <ele>15</ele>
        <time>2026-04-26T17:14:49.000Z</time>
      </trkpt>
      <trkpt lat="40.807077" lon="-73.968723">
        <ele>15</ele>
        <time>2026-04-26T17:14:50.000Z</time>
      </trkpt>
      <trkpt lat="40.807085" lon="-73.968718">
        <ele>15</ele>
        <time>2026-04-26T17:14:51.000Z</time>
      </trkpt>
      <trkpt lat="40.807094" lon="-73.968713">
        <ele>15</ele>
        <time>2026-04-26T17:14:52.000Z</time>
      </trkpt>
      <trkpt lat="40.807103" lon="-73.968708">
        <ele>15</ele>
        <time>2026-04-26T17:14:53.000Z</time>
      </trkpt>
      <trkpt lat="40.807112" lon="-73.968704">
        <ele>14.8</ele>
        <time>2026-04-26T17:14:54.000Z</time>
      </trkpt>
      <trkpt lat="40.807121" lon="-73.968699">
        <ele>14.8</ele>
        <time>2026-04-26T17:14:55.000Z</time>
      </trkpt>
      <trkpt lat="40.807131" lon="-73.968694">
        <ele>14.8</ele>
        <time>2026-04-26T17:14:56.000Z</time>
      </trkpt>
      <trkpt lat="40.80714" lon="-73.968689">
        <ele>14.8</ele>
        <time>2026-04-26T17:14:57.000Z</time>
      </trkpt>
      <trkpt lat="40.80715" lon="-73.968683">
        <ele>14.8</ele>
        <time>2026-04-26T17:14:58.000Z</time>
      </trkpt>
      <trkpt lat="40.80716" lon="-73.968678">
        <ele>14.8</ele>
        <time>2026-04-26T17:14:59.000Z</time>
      </trkpt>
      <trkpt lat="40.80717" lon="-73.968673">
        <ele>14.8</ele>
        <time>2026-04-26T17:15:00.000Z</time>
      </trkpt>
      <trkpt lat="40.80718" lon="-73.968667">
        <ele>14.8</ele>
        <time>2026-04-26T17:15:01.000Z</time>
      </trkpt>
      <trkpt lat="40.807189" lon="-73.968662">
        <ele>14.8</ele>
        <time>2026-04-26T17:15:02.000Z</time>
      </trkpt>
      <trkpt lat="40.807198" lon="-73.968657">
        <ele>14.8</ele>
        <time>2026-04-26T17:15:03.000Z</time>
      </trkpt>
      <trkpt lat="40.807207" lon="-73.968652">
        <ele>14.8</ele>
        <time>2026-04-26T17:15:04.000Z</time>
      </trkpt>
      <trkpt lat="40.807216" lon="-73.968646">
        <ele>14.8</ele>
        <time>2026-04-26T17:15:05.000Z</time>
      </trkpt>
      <trkpt lat="40.807225" lon="-73.968641">
        <ele>14.8</ele>
        <time>2026-04-26T17:15:06.000Z</time>
      </trkpt>
      <trkpt lat="40.807235" lon="-73.968635">
        <ele>14.8</ele>
        <time>2026-04-26T17:15:07.000Z</time>
      </trkpt>
      <trkpt lat="40.807244" lon="-73.968629">
        <ele>14.8</ele>
        <time>2026-04-26T17:15:08.000Z</time>
      </trkpt>
      <trkpt lat="40.807253" lon="-73.968624">
        <ele>14.8</ele>
        <time>2026-04-26T17:15:09.000Z</time>
      </trkpt>
      <trkpt lat="40.807263" lon="-73.968618">
        <ele>14.8</ele>
        <time>2026-04-26T17:15:10.000Z</time>
      </trkpt>
      <trkpt lat="40.807273" lon="-73.968612">
        <ele>14.8</ele>
        <time>2026-04-26T17:15:11.000Z</time>
      </trkpt>
      <trkpt lat="40.807283" lon="-73.968606">
        <ele>14.8</ele>
        <time>2026-04-26T17:15:12.000Z</time>
      </trkpt>
      <trkpt lat="40.807293" lon="-73.9686">
        <ele>15</ele>
        <time>2026-04-26T17:15:13.000Z</time>
      </trkpt>
      <trkpt lat="40.807302" lon="-73.968594">
        <ele>15</ele>
        <time>2026-04-26T17:15:14.000Z</time>
      </trkpt>
      <trkpt lat="40.807311" lon="-73.968588">
        <ele>15</ele>
        <time>2026-04-26T17:15:15.000Z</time>
      </trkpt>
      <trkpt lat="40.807321" lon="-73.968582">
        <ele>15</ele>
        <time>2026-04-26T17:15:16.000Z</time>
      </trkpt>
      <trkpt lat="40.80733" lon="-73.968576">
        <ele>15</ele>
        <time>2026-04-26T17:15:17.000Z</time>
      </trkpt>
      <trkpt lat="40.80734" lon="-73.968571">
        <ele>15.2</ele>
        <time>2026-04-26T17:15:18.000Z</time>
      </trkpt>
      <trkpt lat="40.807348" lon="-73.968565">
        <ele>15.2</ele>
        <time>2026-04-26T17:15:19.000Z</time>
      </trkpt>
      <trkpt lat="40.807357" lon="-73.96856">
        <ele>15.2</ele>
        <time>2026-04-26T17:15:20.000Z</time>
      </trkpt>
      <trkpt lat="40.807366" lon="-73.968554">
        <ele>15.2</ele>
        <time>2026-04-26T17:15:21.000Z</time>
      </trkpt>
      <trkpt lat="40.807376" lon="-73.968548">
        <ele>15.2</ele>
        <time>2026-04-26T17:15:22.000Z</time>
      </trkpt>
      <trkpt lat="40.807385" lon="-73.968543">
        <ele>15.4</ele>
        <time>2026-04-26T17:15:23.000Z</time>
      </trkpt>
      <trkpt lat="40.807394" lon="-73.968537">
        <ele>15.4</ele>
        <time>2026-04-26T17:15:24.000Z</time>
      </trkpt>
      <trkpt lat="40.807402" lon="-73.968532">
        <ele>15.4</ele>
        <time>2026-04-26T17:15:25.000Z</time>
      </trkpt>
      <trkpt lat="40.80741" lon="-73.968527">
        <ele>15.4</ele>
        <time>2026-04-26T17:15:26.000Z</time>
      </trkpt>
      <trkpt lat="40.807419" lon="-73.968521">
        <ele>15.4</ele>
        <time>2026-04-26T17:15:27.000Z</time>
      </trkpt>
      <trkpt lat="40.807428" lon="-73.968516">
        <ele>15.4</ele>
        <time>2026-04-26T17:15:28.000Z</time>
      </trkpt>
      <trkpt lat="40.807438" lon="-73.96851">
        <ele>15.4</ele>
        <time>2026-04-26T17:15:29.000Z</time>
      </trkpt>
      <trkpt lat="40.807447" lon="-73.968504">
        <ele>15.2</ele>
        <time>2026-04-26T17:15:30.000Z</time>
      </trkpt>
      <trkpt lat="40.807455" lon="-73.968499">
        <ele>15.2</ele>
        <time>2026-04-26T17:15:31.000Z</time>
      </trkpt>
      <trkpt lat="40.807464" lon="-73.968493">
        <ele>15.2</ele>
        <time>2026-04-26T17:15:32.000Z</time>
      </trkpt>
      <trkpt lat="40.807474" lon="-73.968487">
        <ele>15.2</ele>
        <time>2026-04-26T17:15:33.000Z</time>
      </trkpt>
      <trkpt lat="40.807484" lon="-73.968481">
        <ele>15.2</ele>
        <time>2026-04-26T17:15:34.000Z</time>
      </trkpt>
      <trkpt lat="40.807493" lon="-73.968475">
        <ele>15.2</ele>
        <time>2026-04-26T17:15:35.000Z</time>
      </trkpt>
      <trkpt lat="40.807502" lon="-73.968469">
        <ele>15.2</ele>
        <time>2026-04-26T17:15:36.000Z</time>
      </trkpt>
      <trkpt lat="40.807511" lon="-73.968464">
        <ele>15.2</ele>
        <time>2026-04-26T17:15:37.000Z</time>
      </trkpt>
      <trkpt lat="40.80752" lon="-73.968458">
        <ele>15.2</ele>
        <time>2026-04-26T17:15:38.000Z</time>
      </trkpt>
      <trkpt lat="40.807529" lon="-73.968452">
        <ele>15.2</ele>
        <time>2026-04-26T17:15:39.000Z</time>
      </trkpt>
      <trkpt lat="40.807539" lon="-73.968446">
        <ele>15.2</ele>
        <time>2026-04-26T17:15:40.000Z</time>
      </trkpt>
      <trkpt lat="40.807548" lon="-73.96844">
        <ele>15.2</ele>
        <time>2026-04-26T17:15:41.000Z</time>
      </trkpt>
      <trkpt lat="40.807557" lon="-73.968435">
        <ele>15.2</ele>
        <time>2026-04-26T17:15:42.000Z</time>
      </trkpt>
      <trkpt lat="40.807566" lon="-73.968429">
        <ele>15.2</ele>
        <time>2026-04-26T17:15:43.000Z</time>
      </trkpt>
      <trkpt lat="40.807576" lon="-73.968423">
        <ele>15.2</ele>
        <time>2026-04-26T17:15:44.000Z</time>
      </trkpt>
      <trkpt lat="40.807586" lon="-73.968417">
        <ele>15.2</ele>
        <time>2026-04-26T17:15:45.000Z</time>
      </trkpt>
      <trkpt lat="40.807596" lon="-73.96841">
        <ele>15.2</ele>
        <time>2026-04-26T17:15:46.000Z</time>
      </trkpt>
      <trkpt lat="40.807606" lon="-73.968404">
        <ele>15.2</ele>
        <time>2026-04-26T17:15:47.000Z</time>
      </trkpt>
      <trkpt lat="40.807615" lon="-73.968398">
        <ele>15.2</ele>
        <time>2026-04-26T17:15:48.000Z</time>
      </trkpt>
      <trkpt lat="40.807624" lon="-73.968392">
        <ele>15.2</ele>
        <time>2026-04-26T17:15:49.000Z</time>
      </trkpt>
      <trkpt lat="40.807633" lon="-73.968386">
        <ele>15.2</ele>
        <time>2026-04-26T17:15:50.000Z</time>
      </trkpt>
      <trkpt lat="40.807642" lon="-73.96838">
        <ele>15.2</ele>
        <time>2026-04-26T17:15:51.000Z</time>
      </trkpt>
      <trkpt lat="40.80765" lon="-73.968375">
        <ele>15.2</ele>
        <time>2026-04-26T17:15:52.000Z</time>
      </trkpt>
      <trkpt lat="40.807658" lon="-73.968369">
        <ele>15.2</ele>
        <time>2026-04-26T17:15:53.000Z</time>
      </trkpt>
      <trkpt lat="40.807668" lon="-73.968363">
        <ele>15.2</ele>
        <time>2026-04-26T17:15:54.000Z</time>
      </trkpt>
      <trkpt lat="40.807678" lon="-73.968356">
        <ele>15.2</ele>
        <time>2026-04-26T17:15:55.000Z</time>
      </trkpt>
      <trkpt lat="40.807688" lon="-73.968349">
        <ele>15.2</ele>
        <time>2026-04-26T17:15:56.000Z</time>
      </trkpt>
      <trkpt lat="40.807698" lon="-73.968342">
        <ele>15.2</ele>
        <time>2026-04-26T17:15:57.000Z</time>
      </trkpt>
      <trkpt lat="40.807707" lon="-73.968336">
        <ele>15.2</ele>
        <time>2026-04-26T17:15:58.000Z</time>
      </trkpt>
      <trkpt lat="40.807717" lon="-73.968329">
        <ele>15.2</ele>
        <time>2026-04-26T17:15:59.000Z</time>
      </trkpt>
      <trkpt lat="40.807726" lon="-73.968323">
        <ele>15.2</ele>
        <time>2026-04-26T17:16:00.000Z</time>
      </trkpt>
      <trkpt lat="40.807736" lon="-73.968316">
        <ele>15.2</ele>
        <time>2026-04-26T17:16:01.000Z</time>
      </trkpt>
      <trkpt lat="40.807746" lon="-73.968309">
        <ele>15.2</ele>
        <time>2026-04-26T17:16:02.000Z</time>
      </trkpt>
      <trkpt lat="40.807755" lon="-73.968303">
        <ele>15.2</ele>
        <time>2026-04-26T17:16:03.000Z</time>
      </trkpt>
      <trkpt lat="40.807764" lon="-73.968296">
        <ele>15.2</ele>
        <time>2026-04-26T17:16:04.000Z</time>
      </trkpt>
      <trkpt lat="40.807774" lon="-73.96829">
        <ele>15.2</ele>
        <time>2026-04-26T17:16:05.000Z</time>
      </trkpt>
      <trkpt lat="40.807784" lon="-73.968282">
        <ele>15.2</ele>
        <time>2026-04-26T17:16:06.000Z</time>
      </trkpt>
      <trkpt lat="40.807794" lon="-73.968275">
        <ele>15.2</ele>
        <time>2026-04-26T17:16:07.000Z</time>
      </trkpt>
      <trkpt lat="40.807804" lon="-73.968268">
        <ele>15.2</ele>
        <time>2026-04-26T17:16:08.000Z</time>
      </trkpt>
      <trkpt lat="40.807814" lon="-73.968262">
        <ele>15.2</ele>
        <time>2026-04-26T17:16:09.000Z</time>
      </trkpt>
      <trkpt lat="40.807822" lon="-73.968256">
        <ele>15.2</ele>
        <time>2026-04-26T17:16:10.000Z</time>
      </trkpt>
      <trkpt lat="40.807832" lon="-73.968249">
        <ele>15.2</ele>
        <time>2026-04-26T17:16:11.000Z</time>
      </trkpt>
      <trkpt lat="40.80784" lon="-73.968243">
        <ele>15.2</ele>
        <time>2026-04-26T17:16:12.000Z</time>
      </trkpt>
      <trkpt lat="40.80785" lon="-73.968236">
        <ele>15.2</ele>
        <time>2026-04-26T17:16:13.000Z</time>
      </trkpt>
      <trkpt lat="40.807859" lon="-73.96823">
        <ele>15.2</ele>
        <time>2026-04-26T17:16:14.000Z</time>
      </trkpt>
      <trkpt lat="40.807868" lon="-73.968223">
        <ele>15.2</ele>
        <time>2026-04-26T17:16:15.000Z</time>
      </trkpt>
      <trkpt lat="40.807877" lon="-73.968216">
        <ele>15.2</ele>
        <time>2026-04-26T17:16:16.000Z</time>
      </trkpt>
      <trkpt lat="40.807886" lon="-73.96821">
        <ele>15.2</ele>
        <time>2026-04-26T17:16:17.000Z</time>
      </trkpt>
      <trkpt lat="40.807895" lon="-73.968204">
        <ele>15.2</ele>
        <time>2026-04-26T17:16:18.000Z</time>
      </trkpt>
      <trkpt lat="40.807904" lon="-73.968197">
        <ele>15.2</ele>
        <time>2026-04-26T17:16:19.000Z</time>
      </trkpt>
      <trkpt lat="40.807912" lon="-73.968192">
        <ele>15.2</ele>
        <time>2026-04-26T17:16:20.000Z</time>
      </trkpt>
      <trkpt lat="40.807919" lon="-73.968187">
        <ele>15</ele>
        <time>2026-04-26T17:16:21.000Z</time>
      </trkpt>
      <trkpt lat="40.807926" lon="-73.968182">
        <ele>15</ele>
        <time>2026-04-26T17:16:22.000Z</time>
      </trkpt>
      <trkpt lat="40.807935" lon="-73.968176">
        <ele>15</ele>
        <time>2026-04-26T17:16:23.000Z</time>
      </trkpt>
      <trkpt lat="40.807943" lon="-73.96817">
        <ele>15</ele>
        <time>2026-04-26T17:16:24.000Z</time>
      </trkpt>
      <trkpt lat="40.807951" lon="-73.968164">
        <ele>15</ele>
        <time>2026-04-26T17:16:25.000Z</time>
      </trkpt>
      <trkpt lat="40.80796" lon="-73.968158">
        <ele>15</ele>
        <time>2026-04-26T17:16:26.000Z</time>
      </trkpt>
      <trkpt lat="40.807968" lon="-73.968152">
        <ele>15</ele>
        <time>2026-04-26T17:16:27.000Z</time>
      </trkpt>
      <trkpt lat="40.807976" lon="-73.968147">
        <ele>15</ele>
        <time>2026-04-26T17:16:28.000Z</time>
      </trkpt>
      <trkpt lat="40.807984" lon="-73.968141">
        <ele>15</ele>
        <time>2026-04-26T17:16:29.000Z</time>
      </trkpt>
      <trkpt lat="40.807993" lon="-73.968135">
        <ele>15</ele>
        <time>2026-04-26T17:16:30.000Z</time>
      </trkpt>
      <trkpt lat="40.808002" lon="-73.968128">
        <ele>15</ele>
        <time>2026-04-26T17:16:31.000Z</time>
      </trkpt>
      <trkpt lat="40.80801" lon="-73.968122">
        <ele>15</ele>
        <time>2026-04-26T17:16:32.000Z</time>
      </trkpt>
      <trkpt lat="40.808018" lon="-73.968117">
        <ele>15</ele>
        <time>2026-04-26T17:16:33.000Z</time>
      </trkpt>
      <trkpt lat="40.808027" lon="-73.968111">
        <ele>14.8</ele>
        <time>2026-04-26T17:16:34.000Z</time>
      </trkpt>
      <trkpt lat="40.808035" lon="-73.968105">
        <ele>14.8</ele>
        <time>2026-04-26T17:16:35.000Z</time>
      </trkpt>
      <trkpt lat="40.808044" lon="-73.968099">
        <ele>14.8</ele>
        <time>2026-04-26T17:16:36.000Z</time>
      </trkpt>
      <trkpt lat="40.808052" lon="-73.968092">
        <ele>14.8</ele>
        <time>2026-04-26T17:16:37.000Z</time>
      </trkpt>
      <trkpt lat="40.808061" lon="-73.968086">
        <ele>14.8</ele>
        <time>2026-04-26T17:16:38.000Z</time>
      </trkpt>
      <trkpt lat="40.80807" lon="-73.968079">
        <ele>14.8</ele>
        <time>2026-04-26T17:16:39.000Z</time>
      </trkpt>
      <trkpt lat="40.808078" lon="-73.968072">
        <ele>14.8</ele>
        <time>2026-04-26T17:16:40.000Z</time>
      </trkpt>
      <trkpt lat="40.808087" lon="-73.968065">
        <ele>14.8</ele>
        <time>2026-04-26T17:16:41.000Z</time>
      </trkpt>
      <trkpt lat="40.808095" lon="-73.968059">
        <ele>14.8</ele>
        <time>2026-04-26T17:16:42.000Z</time>
      </trkpt>
      <trkpt lat="40.808103" lon="-73.968052">
        <ele>14.8</ele>
        <time>2026-04-26T17:16:43.000Z</time>
      </trkpt>
      <trkpt lat="40.808112" lon="-73.968045">
        <ele>14.8</ele>
        <time>2026-04-26T17:16:44.000Z</time>
      </trkpt>
      <trkpt lat="40.80812" lon="-73.968037">
        <ele>14.8</ele>
        <time>2026-04-26T17:16:45.000Z</time>
      </trkpt>
      <trkpt lat="40.808129" lon="-73.96803">
        <ele>14.8</ele>
        <time>2026-04-26T17:16:46.000Z</time>
      </trkpt>
      <trkpt lat="40.808137" lon="-73.968022">
        <ele>14.8</ele>
        <time>2026-04-26T17:16:47.000Z</time>
      </trkpt>
      <trkpt lat="40.808145" lon="-73.968015">
        <ele>14.8</ele>
        <time>2026-04-26T17:16:48.000Z</time>
      </trkpt>
      <trkpt lat="40.808153" lon="-73.968007">
        <ele>14.8</ele>
        <time>2026-04-26T17:16:49.000Z</time>
      </trkpt>
      <trkpt lat="40.808161" lon="-73.967999">
        <ele>14.8</ele>
        <time>2026-04-26T17:16:50.000Z</time>
      </trkpt>
      <trkpt lat="40.808169" lon="-73.967991">
        <ele>14.8</ele>
        <time>2026-04-26T17:16:51.000Z</time>
      </trkpt>
      <trkpt lat="40.808178" lon="-73.967983">
        <ele>14.8</ele>
        <time>2026-04-26T17:16:52.000Z</time>
      </trkpt>
      <trkpt lat="40.808186" lon="-73.967974">
        <ele>14.8</ele>
        <time>2026-04-26T17:16:53.000Z</time>
      </trkpt>
      <trkpt lat="40.808195" lon="-73.967966">
        <ele>14.8</ele>
        <time>2026-04-26T17:16:54.000Z</time>
      </trkpt>
      <trkpt lat="40.808203" lon="-73.967958">
        <ele>14.8</ele>
        <time>2026-04-26T17:16:55.000Z</time>
      </trkpt>
      <trkpt lat="40.808211" lon="-73.96795">
        <ele>14.8</ele>
        <time>2026-04-26T17:16:56.000Z</time>
      </trkpt>
      <trkpt lat="40.808219" lon="-73.967943">
        <ele>14.8</ele>
        <time>2026-04-26T17:16:57.000Z</time>
      </trkpt>
      <trkpt lat="40.808227" lon="-73.967935">
        <ele>14.8</ele>
        <time>2026-04-26T17:16:58.000Z</time>
      </trkpt>
      <trkpt lat="40.808235" lon="-73.967927">
        <ele>14.6</ele>
        <time>2026-04-26T17:16:59.000Z</time>
      </trkpt>
      <trkpt lat="40.808243" lon="-73.967919">
        <ele>14.6</ele>
        <time>2026-04-26T17:17:00.000Z</time>
      </trkpt>
      <trkpt lat="40.808252" lon="-73.967911">
        <ele>14.6</ele>
        <time>2026-04-26T17:17:01.000Z</time>
      </trkpt>
      <trkpt lat="40.808261" lon="-73.967903">
        <ele>14.6</ele>
        <time>2026-04-26T17:17:02.000Z</time>
      </trkpt>
      <trkpt lat="40.80827" lon="-73.967895">
        <ele>14.6</ele>
        <time>2026-04-26T17:17:03.000Z</time>
      </trkpt>
      <trkpt lat="40.808279" lon="-73.967887">
        <ele>14.6</ele>
        <time>2026-04-26T17:17:04.000Z</time>
      </trkpt>
      <trkpt lat="40.808288" lon="-73.967879">
        <ele>14.6</ele>
        <time>2026-04-26T17:17:05.000Z</time>
      </trkpt>
      <trkpt lat="40.808297" lon="-73.967871">
        <ele>14.6</ele>
        <time>2026-04-26T17:17:06.000Z</time>
      </trkpt>
      <trkpt lat="40.808305" lon="-73.967864">
        <ele>14.6</ele>
        <time>2026-04-26T17:17:07.000Z</time>
      </trkpt>
      <trkpt lat="40.808313" lon="-73.967857">
        <ele>14.8</ele>
        <time>2026-04-26T17:17:08.000Z</time>
      </trkpt>
      <trkpt lat="40.808321" lon="-73.96785">
        <ele>14.8</ele>
        <time>2026-04-26T17:17:09.000Z</time>
      </trkpt>
      <trkpt lat="40.808329" lon="-73.967843">
        <ele>14.8</ele>
        <time>2026-04-26T17:17:10.000Z</time>
      </trkpt>
      <trkpt lat="40.808338" lon="-73.967836">
        <ele>14.8</ele>
        <time>2026-04-26T17:17:11.000Z</time>
      </trkpt>
      <trkpt lat="40.808347" lon="-73.967829">
        <ele>14.8</ele>
        <time>2026-04-26T17:17:12.000Z</time>
      </trkpt>
      <trkpt lat="40.808355" lon="-73.967821">
        <ele>14.8</ele>
        <time>2026-04-26T17:17:13.000Z</time>
      </trkpt>
      <trkpt lat="40.808364" lon="-73.967814">
        <ele>14.8</ele>
        <time>2026-04-26T17:17:14.000Z</time>
      </trkpt>
      <trkpt lat="40.808373" lon="-73.967807">
        <ele>14.8</ele>
        <time>2026-04-26T17:17:15.000Z</time>
      </trkpt>
      <trkpt lat="40.808382" lon="-73.967799">
        <ele>15</ele>
        <time>2026-04-26T17:17:16.000Z</time>
      </trkpt>
      <trkpt lat="40.808392" lon="-73.967792">
        <ele>15</ele>
        <time>2026-04-26T17:17:17.000Z</time>
      </trkpt>
      <trkpt lat="40.808401" lon="-73.967784">
        <ele>15</ele>
        <time>2026-04-26T17:17:18.000Z</time>
      </trkpt>
      <trkpt lat="40.808411" lon="-73.967777">
        <ele>15</ele>
        <time>2026-04-26T17:17:19.000Z</time>
      </trkpt>
      <trkpt lat="40.80842" lon="-73.967769">
        <ele>15</ele>
        <time>2026-04-26T17:17:20.000Z</time>
      </trkpt>
      <trkpt lat="40.808428" lon="-73.967762">
        <ele>15</ele>
        <time>2026-04-26T17:17:21.000Z</time>
      </trkpt>
      <trkpt lat="40.808437" lon="-73.967755">
        <ele>15</ele>
        <time>2026-04-26T17:17:22.000Z</time>
      </trkpt>
      <trkpt lat="40.808445" lon="-73.967749">
        <ele>15</ele>
        <time>2026-04-26T17:17:23.000Z</time>
      </trkpt>
      <trkpt lat="40.808453" lon="-73.967742">
        <ele>15</ele>
        <time>2026-04-26T17:17:24.000Z</time>
      </trkpt>
      <trkpt lat="40.808461" lon="-73.967736">
        <ele>15</ele>
        <time>2026-04-26T17:17:25.000Z</time>
      </trkpt>
      <trkpt lat="40.808469" lon="-73.967729">
        <ele>15</ele>
        <time>2026-04-26T17:17:26.000Z</time>
      </trkpt>
      <trkpt lat="40.808478" lon="-73.967722">
        <ele>15</ele>
        <time>2026-04-26T17:17:27.000Z</time>
      </trkpt>
      <trkpt lat="40.808486" lon="-73.967716">
        <ele>15</ele>
        <time>2026-04-26T17:17:28.000Z</time>
      </trkpt>
      <trkpt lat="40.808495" lon="-73.967709">
        <ele>15</ele>
        <time>2026-04-26T17:17:29.000Z</time>
      </trkpt>
      <trkpt lat="40.808503" lon="-73.967702">
        <ele>15</ele>
        <time>2026-04-26T17:17:30.000Z</time>
      </trkpt>
      <trkpt lat="40.808511" lon="-73.967695">
        <ele>15</ele>
        <time>2026-04-26T17:17:31.000Z</time>
      </trkpt>
      <trkpt lat="40.80852" lon="-73.967688">
        <ele>15</ele>
        <time>2026-04-26T17:17:32.000Z</time>
      </trkpt>
      <trkpt lat="40.808529" lon="-73.967681">
        <ele>15</ele>
        <time>2026-04-26T17:17:33.000Z</time>
      </trkpt>
      <trkpt lat="40.808538" lon="-73.967673">
        <ele>15</ele>
        <time>2026-04-26T17:17:34.000Z</time>
      </trkpt>
      <trkpt lat="40.808547" lon="-73.967665">
        <ele>15</ele>
        <time>2026-04-26T17:17:35.000Z</time>
      </trkpt>
      <trkpt lat="40.808557" lon="-73.967657">
        <ele>15</ele>
        <time>2026-04-26T17:17:36.000Z</time>
      </trkpt>
      <trkpt lat="40.808566" lon="-73.967649">
        <ele>15</ele>
        <time>2026-04-26T17:17:37.000Z</time>
      </trkpt>
      <trkpt lat="40.808576" lon="-73.967641">
        <ele>14.8</ele>
        <time>2026-04-26T17:17:38.000Z</time>
      </trkpt>
      <trkpt lat="40.808585" lon="-73.967633">
        <ele>14.8</ele>
        <time>2026-04-26T17:17:39.000Z</time>
      </trkpt>
      <trkpt lat="40.808594" lon="-73.967625">
        <ele>14.8</ele>
        <time>2026-04-26T17:17:40.000Z</time>
      </trkpt>
      <trkpt lat="40.808603" lon="-73.967617">
        <ele>14.8</ele>
        <time>2026-04-26T17:17:41.000Z</time>
      </trkpt>
      <trkpt lat="40.808611" lon="-73.967609">
        <ele>14.8</ele>
        <time>2026-04-26T17:17:42.000Z</time>
      </trkpt>
      <trkpt lat="40.808619" lon="-73.967601">
        <ele>14.8</ele>
        <time>2026-04-26T17:17:43.000Z</time>
      </trkpt>
      <trkpt lat="40.808627" lon="-73.967593">
        <ele>14.8</ele>
        <time>2026-04-26T17:17:44.000Z</time>
      </trkpt>
      <trkpt lat="40.808636" lon="-73.967585">
        <ele>14.8</ele>
        <time>2026-04-26T17:17:45.000Z</time>
      </trkpt>
      <trkpt lat="40.808644" lon="-73.967576">
        <ele>14.8</ele>
        <time>2026-04-26T17:17:46.000Z</time>
      </trkpt>
      <trkpt lat="40.808653" lon="-73.967567">
        <ele>14.8</ele>
        <time>2026-04-26T17:17:47.000Z</time>
      </trkpt>
      <trkpt lat="40.808662" lon="-73.967557">
        <ele>14.8</ele>
        <time>2026-04-26T17:17:48.000Z</time>
      </trkpt>
      <trkpt lat="40.808671" lon="-73.967548">
        <ele>14.8</ele>
        <time>2026-04-26T17:17:49.000Z</time>
      </trkpt>
      <trkpt lat="40.808679" lon="-73.96754">
        <ele>14.8</ele>
        <time>2026-04-26T17:17:50.000Z</time>
      </trkpt>
      <trkpt lat="40.808686" lon="-73.967532">
        <ele>14.8</ele>
        <time>2026-04-26T17:17:51.000Z</time>
      </trkpt>
      <trkpt lat="40.808693" lon="-73.967525">
        <ele>14.8</ele>
        <time>2026-04-26T17:17:52.000Z</time>
      </trkpt>
      <trkpt lat="40.808701" lon="-73.967518">
        <ele>14.8</ele>
        <time>2026-04-26T17:17:53.000Z</time>
      </trkpt>
      <trkpt lat="40.808708" lon="-73.96751">
        <ele>14.8</ele>
        <time>2026-04-26T17:17:54.000Z</time>
      </trkpt>
      <trkpt lat="40.808715" lon="-73.967504">
        <ele>15</ele>
        <time>2026-04-26T17:17:55.000Z</time>
      </trkpt>
      <trkpt lat="40.808722" lon="-73.967498">
        <ele>15</ele>
        <time>2026-04-26T17:17:56.000Z</time>
      </trkpt>
      <trkpt lat="40.808728" lon="-73.967493">
        <ele>15</ele>
        <time>2026-04-26T17:17:57.000Z</time>
      </trkpt>
      <trkpt lat="40.808734" lon="-73.967489">
        <ele>15</ele>
        <time>2026-04-26T17:17:58.000Z</time>
      </trkpt>
      <trkpt lat="40.80874" lon="-73.967485">
        <ele>15</ele>
        <time>2026-04-26T17:17:59.000Z</time>
      </trkpt>
      <trkpt lat="40.808746" lon="-73.96748">
        <ele>15</ele>
        <time>2026-04-26T17:18:00.000Z</time>
      </trkpt>
      <trkpt lat="40.808754" lon="-73.967473">
        <ele>15</ele>
        <time>2026-04-26T17:18:01.000Z</time>
      </trkpt>
      <trkpt lat="40.808762" lon="-73.967466">
        <ele>15</ele>
        <time>2026-04-26T17:18:02.000Z</time>
      </trkpt>
      <trkpt lat="40.80877" lon="-73.967459">
        <ele>15</ele>
        <time>2026-04-26T17:18:03.000Z</time>
      </trkpt>
      <trkpt lat="40.808778" lon="-73.967451">
        <ele>15</ele>
        <time>2026-04-26T17:18:04.000Z</time>
      </trkpt>
      <trkpt lat="40.808786" lon="-73.967443">
        <ele>15</ele>
        <time>2026-04-26T17:18:05.000Z</time>
      </trkpt>
      <trkpt lat="40.808794" lon="-73.967435">
        <ele>15</ele>
        <time>2026-04-26T17:18:06.000Z</time>
      </trkpt>
      <trkpt lat="40.808802" lon="-73.967428">
        <ele>15</ele>
        <time>2026-04-26T17:18:07.000Z</time>
      </trkpt>
      <trkpt lat="40.80881" lon="-73.96742">
        <ele>15</ele>
        <time>2026-04-26T17:18:08.000Z</time>
      </trkpt>
      <trkpt lat="40.808817" lon="-73.967413">
        <ele>15</ele>
        <time>2026-04-26T17:18:09.000Z</time>
      </trkpt>
      <trkpt lat="40.808824" lon="-73.967406">
        <ele>15</ele>
        <time>2026-04-26T17:18:10.000Z</time>
      </trkpt>
      <trkpt lat="40.80883" lon="-73.967399">
        <ele>15</ele>
        <time>2026-04-26T17:18:11.000Z</time>
      </trkpt>
      <trkpt lat="40.808837" lon="-73.967392">
        <ele>15</ele>
        <time>2026-04-26T17:18:12.000Z</time>
      </trkpt>
      <trkpt lat="40.808843" lon="-73.967386">
        <ele>15</ele>
        <time>2026-04-26T17:18:13.000Z</time>
      </trkpt>
      <trkpt lat="40.80885" lon="-73.967381">
        <ele>15</ele>
        <time>2026-04-26T17:18:14.000Z</time>
      </trkpt>
      <trkpt lat="40.808856" lon="-73.967376">
        <ele>15</ele>
        <time>2026-04-26T17:18:15.000Z</time>
      </trkpt>
      <trkpt lat="40.808863" lon="-73.967372">
        <ele>15</ele>
        <time>2026-04-26T17:18:16.000Z</time>
      </trkpt>
      <trkpt lat="40.808869" lon="-73.967369">
        <ele>15</ele>
        <time>2026-04-26T17:18:17.000Z</time>
      </trkpt>
      <trkpt lat="40.808876" lon="-73.967367">
        <ele>15</ele>
        <time>2026-04-26T17:18:18.000Z</time>
      </trkpt>
      <trkpt lat="40.808884" lon="-73.967368">
        <ele>15</ele>
        <time>2026-04-26T17:18:19.000Z</time>
      </trkpt>
      <trkpt lat="40.808893" lon="-73.967374">
        <ele>14.8</ele>
        <time>2026-04-26T17:18:20.000Z</time>
      </trkpt>
      <trkpt lat="40.808902" lon="-73.967385">
        <ele>14.8</ele>
        <time>2026-04-26T17:18:21.000Z</time>
      </trkpt>
      <trkpt lat="40.808913" lon="-73.967397">
        <ele>14.8</ele>
        <time>2026-04-26T17:18:22.000Z</time>
      </trkpt>
      <trkpt lat="40.808926" lon="-73.967408">
        <ele>14.8</ele>
        <time>2026-04-26T17:18:23.000Z</time>
      </trkpt>
      <trkpt lat="40.808938" lon="-73.967418">
        <ele>14.8</ele>
        <time>2026-04-26T17:18:24.000Z</time>
      </trkpt>
      <trkpt lat="40.80895" lon="-73.967428">
        <ele>14.6</ele>
        <time>2026-04-26T17:18:25.000Z</time>
      </trkpt>
      <trkpt lat="40.808961" lon="-73.967438">
        <ele>14.6</ele>
        <time>2026-04-26T17:18:26.000Z</time>
      </trkpt>
      <trkpt lat="40.80897" lon="-73.967447">
        <ele>14.6</ele>
        <time>2026-04-26T17:18:27.000Z</time>
      </trkpt>
      <trkpt lat="40.808979" lon="-73.967457">
        <ele>14.6</ele>
        <time>2026-04-26T17:18:28.000Z</time>
      </trkpt>
      <trkpt lat="40.808987" lon="-73.967467">
        <ele>14.6</ele>
        <time>2026-04-26T17:18:29.000Z</time>
      </trkpt>
      <trkpt lat="40.808993" lon="-73.967477">
        <ele>14.6</ele>
        <time>2026-04-26T17:18:30.000Z</time>
      </trkpt>
      <trkpt lat="40.808998" lon="-73.967489">
        <ele>14.6</ele>
        <time>2026-04-26T17:18:31.000Z</time>
      </trkpt>
      <trkpt lat="40.809002" lon="-73.967501">
        <ele>14.6</ele>
        <time>2026-04-26T17:18:32.000Z</time>
      </trkpt>
      <trkpt lat="40.809007" lon="-73.967514">
        <ele>14.6</ele>
        <time>2026-04-26T17:18:33.000Z</time>
      </trkpt>
      <trkpt lat="40.809012" lon="-73.967526">
        <ele>14.6</ele>
        <time>2026-04-26T17:18:34.000Z</time>
      </trkpt>
      <trkpt lat="40.809018" lon="-73.967539">
        <ele>14.6</ele>
        <time>2026-04-26T17:18:35.000Z</time>
      </trkpt>
      <trkpt lat="40.809025" lon="-73.967551">
        <ele>14.6</ele>
        <time>2026-04-26T17:18:36.000Z</time>
      </trkpt>
      <trkpt lat="40.809032" lon="-73.967563">
        <ele>14.6</ele>
        <time>2026-04-26T17:18:37.000Z</time>
      </trkpt>
      <trkpt lat="40.80904" lon="-73.967574">
        <ele>14.6</ele>
        <time>2026-04-26T17:18:38.000Z</time>
      </trkpt>
      <trkpt lat="40.809049" lon="-73.967585">
        <ele>14.6</ele>
        <time>2026-04-26T17:18:39.000Z</time>
      </trkpt>
      <trkpt lat="40.809058" lon="-73.967595">
        <ele>14.6</ele>
        <time>2026-04-26T17:18:40.000Z</time>
      </trkpt>
      <trkpt lat="40.809068" lon="-73.967604">
        <ele>14.6</ele>
        <time>2026-04-26T17:18:41.000Z</time>
      </trkpt>
      <trkpt lat="40.80908" lon="-73.967609">
        <ele>14.6</ele>
        <time>2026-04-26T17:18:42.000Z</time>
      </trkpt>
      <trkpt lat="40.809092" lon="-73.967612">
        <ele>14.4</ele>
        <time>2026-04-26T17:18:43.000Z</time>
      </trkpt>
      <trkpt lat="40.809106" lon="-73.967612">
        <ele>14.4</ele>
        <time>2026-04-26T17:18:44.000Z</time>
      </trkpt>
      <trkpt lat="40.80912" lon="-73.967612">
        <ele>14.4</ele>
        <time>2026-04-26T17:18:45.000Z</time>
      </trkpt>
      <trkpt lat="40.809132" lon="-73.96761">
        <ele>14.4</ele>
        <time>2026-04-26T17:18:46.000Z</time>
      </trkpt>
      <trkpt lat="40.809152" lon="-73.967607">
        <ele>14.4</ele>
        <time>2026-04-26T17:18:47.000Z</time>
      </trkpt>
      <trkpt lat="40.809159" lon="-73.967605">
        <ele>14.4</ele>
        <time>2026-04-26T17:18:48.000Z</time>
      </trkpt>
      <trkpt lat="40.809172" lon="-73.9676">
        <ele>14.4</ele>
        <time>2026-04-26T17:18:49.000Z</time>
      </trkpt>
      <trkpt lat="40.809184" lon="-73.967596">
        <ele>14.4</ele>
        <time>2026-04-26T17:18:50.000Z</time>
      </trkpt>
      <trkpt lat="40.809196" lon="-73.967592">
        <ele>14.4</ele>
        <time>2026-04-26T17:18:51.000Z</time>
      </trkpt>
      <trkpt lat="40.809215" lon="-73.967583">
        <ele>14.4</ele>
        <time>2026-04-26T17:18:52.000Z</time>
      </trkpt>
      <trkpt lat="40.809221" lon="-73.96758">
        <ele>14.4</ele>
        <time>2026-04-26T17:18:53.000Z</time>
      </trkpt>
      <trkpt lat="40.809242" lon="-73.967567">
        <ele>14.4</ele>
        <time>2026-04-26T17:18:54.000Z</time>
      </trkpt>
      <trkpt lat="40.809251" lon="-73.967562">
        <ele>14.4</ele>
        <time>2026-04-26T17:18:55.000Z</time>
      </trkpt>
      <trkpt lat="40.809259" lon="-73.967556">
        <ele>14.4</ele>
        <time>2026-04-26T17:18:56.000Z</time>
      </trkpt>
      <trkpt lat="40.809272" lon="-73.967547">
        <ele>14.4</ele>
        <time>2026-04-26T17:18:57.000Z</time>
      </trkpt>
      <trkpt lat="40.809284" lon="-73.96754">
        <ele>14.4</ele>
        <time>2026-04-26T17:18:58.000Z</time>
      </trkpt>
      <trkpt lat="40.809296" lon="-73.967532">
        <ele>14.4</ele>
        <time>2026-04-26T17:18:59.000Z</time>
      </trkpt>
      <trkpt lat="40.809307" lon="-73.967525">
        <ele>14.4</ele>
        <time>2026-04-26T17:19:00.000Z</time>
      </trkpt>
      <trkpt lat="40.809318" lon="-73.967517">
        <ele>14.4</ele>
        <time>2026-04-26T17:19:01.000Z</time>
      </trkpt>
      <trkpt lat="40.809329" lon="-73.967509">
        <ele>14.4</ele>
        <time>2026-04-26T17:19:02.000Z</time>
      </trkpt>
      <trkpt lat="40.80934" lon="-73.967501">
        <ele>14.4</ele>
        <time>2026-04-26T17:19:03.000Z</time>
      </trkpt>
      <trkpt lat="40.80935" lon="-73.967495">
        <ele>14.4</ele>
        <time>2026-04-26T17:19:04.000Z</time>
      </trkpt>
      <trkpt lat="40.80936" lon="-73.967489">
        <ele>14.4</ele>
        <time>2026-04-26T17:19:05.000Z</time>
      </trkpt>
      <trkpt lat="40.80937" lon="-73.967482">
        <ele>14.4</ele>
        <time>2026-04-26T17:19:06.000Z</time>
      </trkpt>
      <trkpt lat="40.80938" lon="-73.967475">
        <ele>14.4</ele>
        <time>2026-04-26T17:19:07.000Z</time>
      </trkpt>
      <trkpt lat="40.809389" lon="-73.967469">
        <ele>14.4</ele>
        <time>2026-04-26T17:19:08.000Z</time>
      </trkpt>
      <trkpt lat="40.809399" lon="-73.967462">
        <ele>14.4</ele>
        <time>2026-04-26T17:19:09.000Z</time>
      </trkpt>
      <trkpt lat="40.809409" lon="-73.967455">
        <ele>14.4</ele>
        <time>2026-04-26T17:19:10.000Z</time>
      </trkpt>
      <trkpt lat="40.809419" lon="-73.967447">
        <ele>14.4</ele>
        <time>2026-04-26T17:19:11.000Z</time>
      </trkpt>
      <trkpt lat="40.809428" lon="-73.967439">
        <ele>14.4</ele>
        <time>2026-04-26T17:19:12.000Z</time>
      </trkpt>
      <trkpt lat="40.809437" lon="-73.967429">
        <ele>14.4</ele>
        <time>2026-04-26T17:19:13.000Z</time>
      </trkpt>
      <trkpt lat="40.809446" lon="-73.967419">
        <ele>14.4</ele>
        <time>2026-04-26T17:19:14.000Z</time>
      </trkpt>
      <trkpt lat="40.809454" lon="-73.967409">
        <ele>14.4</ele>
        <time>2026-04-26T17:19:15.000Z</time>
      </trkpt>
      <trkpt lat="40.809463" lon="-73.9674">
        <ele>14.4</ele>
        <time>2026-04-26T17:19:16.000Z</time>
      </trkpt>
      <trkpt lat="40.809472" lon="-73.967393">
        <ele>14.4</ele>
        <time>2026-04-26T17:19:17.000Z</time>
      </trkpt>
      <trkpt lat="40.809482" lon="-73.967385">
        <ele>14.4</ele>
        <time>2026-04-26T17:19:18.000Z</time>
      </trkpt>
      <trkpt lat="40.809492" lon="-73.967378">
        <ele>14.4</ele>
        <time>2026-04-26T17:19:19.000Z</time>
      </trkpt>
      <trkpt lat="40.809501" lon="-73.967371">
        <ele>14.4</ele>
        <time>2026-04-26T17:19:20.000Z</time>
      </trkpt>
      <trkpt lat="40.809511" lon="-73.967363">
        <ele>14.4</ele>
        <time>2026-04-26T17:19:21.000Z</time>
      </trkpt>
      <trkpt lat="40.80952" lon="-73.967355">
        <ele>14.4</ele>
        <time>2026-04-26T17:19:22.000Z</time>
      </trkpt>
      <trkpt lat="40.809529" lon="-73.967347">
        <ele>14.4</ele>
        <time>2026-04-26T17:19:23.000Z</time>
      </trkpt>
      <trkpt lat="40.809538" lon="-73.967339">
        <ele>14.4</ele>
        <time>2026-04-26T17:19:24.000Z</time>
      </trkpt>
      <trkpt lat="40.809547" lon="-73.967333">
        <ele>14.4</ele>
        <time>2026-04-26T17:19:25.000Z</time>
      </trkpt>
      <trkpt lat="40.809556" lon="-73.967326">
        <ele>14.4</ele>
        <time>2026-04-26T17:19:26.000Z</time>
      </trkpt>
      <trkpt lat="40.809566" lon="-73.967319">
        <ele>14.4</ele>
        <time>2026-04-26T17:19:27.000Z</time>
      </trkpt>
      <trkpt lat="40.809576" lon="-73.967313">
        <ele>14.4</ele>
        <time>2026-04-26T17:19:28.000Z</time>
      </trkpt>
      <trkpt lat="40.809586" lon="-73.967306">
        <ele>14.4</ele>
        <time>2026-04-26T17:19:29.000Z</time>
      </trkpt>
      <trkpt lat="40.809596" lon="-73.967298">
        <ele>14.4</ele>
        <time>2026-04-26T17:19:30.000Z</time>
      </trkpt>
      <trkpt lat="40.809605" lon="-73.967291">
        <ele>14.4</ele>
        <time>2026-04-26T17:19:31.000Z</time>
      </trkpt>
      <trkpt lat="40.809614" lon="-73.967284">
        <ele>14.2</ele>
        <time>2026-04-26T17:19:32.000Z</time>
      </trkpt>
      <trkpt lat="40.809624" lon="-73.967277">
        <ele>14.2</ele>
        <time>2026-04-26T17:19:33.000Z</time>
      </trkpt>
      <trkpt lat="40.809633" lon="-73.96727">
        <ele>14.2</ele>
        <time>2026-04-26T17:19:34.000Z</time>
      </trkpt>
      <trkpt lat="40.809643" lon="-73.967262">
        <ele>14.2</ele>
        <time>2026-04-26T17:19:35.000Z</time>
      </trkpt>
      <trkpt lat="40.809653" lon="-73.967255">
        <ele>14.2</ele>
        <time>2026-04-26T17:19:36.000Z</time>
      </trkpt>
      <trkpt lat="40.809662" lon="-73.967248">
        <ele>14.2</ele>
        <time>2026-04-26T17:19:37.000Z</time>
      </trkpt>
      <trkpt lat="40.809671" lon="-73.967241">
        <ele>14.2</ele>
        <time>2026-04-26T17:19:38.000Z</time>
      </trkpt>
      <trkpt lat="40.80968" lon="-73.967234">
        <ele>14.2</ele>
        <time>2026-04-26T17:19:39.000Z</time>
      </trkpt>
      <trkpt lat="40.80969" lon="-73.967228">
        <ele>14.2</ele>
        <time>2026-04-26T17:19:40.000Z</time>
      </trkpt>
      <trkpt lat="40.8097" lon="-73.967221">
        <ele>14.2</ele>
        <time>2026-04-26T17:19:41.000Z</time>
      </trkpt>
      <trkpt lat="40.809709" lon="-73.967215">
        <ele>14.2</ele>
        <time>2026-04-26T17:19:42.000Z</time>
      </trkpt>
      <trkpt lat="40.809719" lon="-73.967209">
        <ele>14.2</ele>
        <time>2026-04-26T17:19:43.000Z</time>
      </trkpt>
      <trkpt lat="40.80973" lon="-73.967202">
        <ele>14.2</ele>
        <time>2026-04-26T17:19:44.000Z</time>
      </trkpt>
      <trkpt lat="40.809739" lon="-73.967196">
        <ele>14.4</ele>
        <time>2026-04-26T17:19:45.000Z</time>
      </trkpt>
      <trkpt lat="40.809749" lon="-73.967189">
        <ele>14.4</ele>
        <time>2026-04-26T17:19:46.000Z</time>
      </trkpt>
      <trkpt lat="40.809758" lon="-73.967182">
        <ele>14.4</ele>
        <time>2026-04-26T17:19:47.000Z</time>
      </trkpt>
      <trkpt lat="40.809768" lon="-73.967175">
        <ele>14.4</ele>
        <time>2026-04-26T17:19:48.000Z</time>
      </trkpt>
      <trkpt lat="40.809777" lon="-73.967168">
        <ele>14.4</ele>
        <time>2026-04-26T17:19:49.000Z</time>
      </trkpt>
      <trkpt lat="40.809786" lon="-73.967162">
        <ele>14.4</ele>
        <time>2026-04-26T17:19:50.000Z</time>
      </trkpt>
      <trkpt lat="40.809796" lon="-73.967156">
        <ele>14.6</ele>
        <time>2026-04-26T17:19:51.000Z</time>
      </trkpt>
      <trkpt lat="40.809806" lon="-73.967149">
        <ele>14.6</ele>
        <time>2026-04-26T17:19:52.000Z</time>
      </trkpt>
      <trkpt lat="40.809814" lon="-73.967142">
        <ele>14.6</ele>
        <time>2026-04-26T17:19:53.000Z</time>
      </trkpt>
      <trkpt lat="40.809822" lon="-73.967136">
        <ele>14.6</ele>
        <time>2026-04-26T17:19:54.000Z</time>
      </trkpt>
      <trkpt lat="40.809831" lon="-73.967129">
        <ele>14.6</ele>
        <time>2026-04-26T17:19:55.000Z</time>
      </trkpt>
      <trkpt lat="40.80984" lon="-73.967121">
        <ele>14.6</ele>
        <time>2026-04-26T17:19:56.000Z</time>
      </trkpt>
      <trkpt lat="40.809849" lon="-73.967112">
        <ele>14.6</ele>
        <time>2026-04-26T17:19:57.000Z</time>
      </trkpt>
      <trkpt lat="40.809858" lon="-73.967104">
        <ele>14.6</ele>
        <time>2026-04-26T17:19:58.000Z</time>
      </trkpt>
      <trkpt lat="40.809866" lon="-73.967097">
        <ele>14.6</ele>
        <time>2026-04-26T17:19:59.000Z</time>
      </trkpt>
      <trkpt lat="40.809875" lon="-73.967088">
        <ele>14.6</ele>
        <time>2026-04-26T17:20:00.000Z</time>
      </trkpt>
      <trkpt lat="40.809884" lon="-73.96708">
        <ele>14.6</ele>
        <time>2026-04-26T17:20:01.000Z</time>
      </trkpt>
      <trkpt lat="40.809893" lon="-73.96707">
        <ele>14.6</ele>
        <time>2026-04-26T17:20:02.000Z</time>
      </trkpt>
      <trkpt lat="40.809902" lon="-73.96706">
        <ele>14.6</ele>
        <time>2026-04-26T17:20:03.000Z</time>
      </trkpt>
      <trkpt lat="40.809911" lon="-73.967051">
        <ele>14.6</ele>
        <time>2026-04-26T17:20:04.000Z</time>
      </trkpt>
      <trkpt lat="40.80992" lon="-73.967042">
        <ele>14.6</ele>
        <time>2026-04-26T17:20:05.000Z</time>
      </trkpt>
      <trkpt lat="40.809928" lon="-73.967034">
        <ele>14.6</ele>
        <time>2026-04-26T17:20:06.000Z</time>
      </trkpt>
      <trkpt lat="40.809936" lon="-73.967027">
        <ele>14.6</ele>
        <time>2026-04-26T17:20:07.000Z</time>
      </trkpt>
      <trkpt lat="40.809945" lon="-73.967018">
        <ele>14.6</ele>
        <time>2026-04-26T17:20:08.000Z</time>
      </trkpt>
      <trkpt lat="40.809955" lon="-73.96701">
        <ele>14.6</ele>
        <time>2026-04-26T17:20:09.000Z</time>
      </trkpt>
      <trkpt lat="40.809964" lon="-73.967002">
        <ele>14.6</ele>
        <time>2026-04-26T17:20:10.000Z</time>
      </trkpt>
      <trkpt lat="40.809973" lon="-73.966994">
        <ele>14.6</ele>
        <time>2026-04-26T17:20:11.000Z</time>
      </trkpt>
      <trkpt lat="40.809981" lon="-73.966987">
        <ele>14.6</ele>
        <time>2026-04-26T17:20:12.000Z</time>
      </trkpt>
      <trkpt lat="40.80999" lon="-73.966978">
        <ele>14.6</ele>
        <time>2026-04-26T17:20:13.000Z</time>
      </trkpt>
      <trkpt lat="40.81" lon="-73.966969">
        <ele>14.6</ele>
        <time>2026-04-26T17:20:14.000Z</time>
      </trkpt>
      <trkpt lat="40.810009" lon="-73.96696">
        <ele>14.6</ele>
        <time>2026-04-26T17:20:15.000Z</time>
      </trkpt>
      <trkpt lat="40.810018" lon="-73.96695">
        <ele>14.6</ele>
        <time>2026-04-26T17:20:16.000Z</time>
      </trkpt>
      <trkpt lat="40.810027" lon="-73.966939">
        <ele>14.6</ele>
        <time>2026-04-26T17:20:17.000Z</time>
      </trkpt>
      <trkpt lat="40.810035" lon="-73.966928">
        <ele>14.6</ele>
        <time>2026-04-26T17:20:18.000Z</time>
      </trkpt>
      <trkpt lat="40.810043" lon="-73.966917">
        <ele>14.6</ele>
        <time>2026-04-26T17:20:19.000Z</time>
      </trkpt>
      <trkpt lat="40.810051" lon="-73.966906">
        <ele>14.6</ele>
        <time>2026-04-26T17:20:20.000Z</time>
      </trkpt>
      <trkpt lat="40.81006" lon="-73.966895">
        <ele>14.6</ele>
        <time>2026-04-26T17:20:21.000Z</time>
      </trkpt>
      <trkpt lat="40.810072" lon="-73.96688">
        <ele>14.4</ele>
        <time>2026-04-26T17:20:22.000Z</time>
      </trkpt>
      <trkpt lat="40.810076" lon="-73.966875">
        <ele>14.4</ele>
        <time>2026-04-26T17:20:23.000Z</time>
      </trkpt>
      <trkpt lat="40.810084" lon="-73.966865">
        <ele>14.4</ele>
        <time>2026-04-26T17:20:24.000Z</time>
      </trkpt>
      <trkpt lat="40.810091" lon="-73.966854">
        <ele>14.4</ele>
        <time>2026-04-26T17:20:25.000Z</time>
      </trkpt>
      <trkpt lat="40.810097" lon="-73.966844">
        <ele>14.4</ele>
        <time>2026-04-26T17:20:26.000Z</time>
      </trkpt>
      <trkpt lat="40.810103" lon="-73.966835">
        <ele>14.4</ele>
        <time>2026-04-26T17:20:27.000Z</time>
      </trkpt>
      <trkpt lat="40.810109" lon="-73.966825">
        <ele>14.4</ele>
        <time>2026-04-26T17:20:28.000Z</time>
      </trkpt>
      <trkpt lat="40.810117" lon="-73.966815">
        <ele>14.4</ele>
        <time>2026-04-26T17:20:29.000Z</time>
      </trkpt>
      <trkpt lat="40.810126" lon="-73.966806">
        <ele>14.4</ele>
        <time>2026-04-26T17:20:30.000Z</time>
      </trkpt>
      <trkpt lat="40.810134" lon="-73.966797">
        <ele>14.4</ele>
        <time>2026-04-26T17:20:31.000Z</time>
      </trkpt>
      <trkpt lat="40.810143" lon="-73.966789">
        <ele>14.4</ele>
        <time>2026-04-26T17:20:32.000Z</time>
      </trkpt>
      <trkpt lat="40.810151" lon="-73.966781">
        <ele>14.4</ele>
        <time>2026-04-26T17:20:33.000Z</time>
      </trkpt>
      <trkpt lat="40.810159" lon="-73.966774">
        <ele>14.4</ele>
        <time>2026-04-26T17:20:34.000Z</time>
      </trkpt>
      <trkpt lat="40.810166" lon="-73.966767">
        <ele>14.4</ele>
        <time>2026-04-26T17:20:35.000Z</time>
      </trkpt>
      <trkpt lat="40.810174" lon="-73.966761">
        <ele>14.4</ele>
        <time>2026-04-26T17:20:36.000Z</time>
      </trkpt>
      <trkpt lat="40.810182" lon="-73.966755">
        <ele>14.4</ele>
        <time>2026-04-26T17:20:37.000Z</time>
      </trkpt>
      <trkpt lat="40.81019" lon="-73.966748">
        <ele>14.4</ele>
        <time>2026-04-26T17:20:38.000Z</time>
      </trkpt>
      <trkpt lat="40.810198" lon="-73.966742">
        <ele>14.4</ele>
        <time>2026-04-26T17:20:39.000Z</time>
      </trkpt>
      <trkpt lat="40.810206" lon="-73.966736">
        <ele>14.6</ele>
        <time>2026-04-26T17:20:40.000Z</time>
      </trkpt>
      <trkpt lat="40.810214" lon="-73.96673">
        <ele>14.6</ele>
        <time>2026-04-26T17:20:41.000Z</time>
      </trkpt>
      <trkpt lat="40.810222" lon="-73.966724">
        <ele>14.6</ele>
        <time>2026-04-26T17:20:42.000Z</time>
      </trkpt>
      <trkpt lat="40.81023" lon="-73.966719">
        <ele>14.6</ele>
        <time>2026-04-26T17:20:43.000Z</time>
      </trkpt>
      <trkpt lat="40.81024" lon="-73.966713">
        <ele>14.6</ele>
        <time>2026-04-26T17:20:44.000Z</time>
      </trkpt>
      <trkpt lat="40.810248" lon="-73.966708">
        <ele>14.6</ele>
        <time>2026-04-26T17:20:45.000Z</time>
      </trkpt>
      <trkpt lat="40.810257" lon="-73.966703">
        <ele>14.6</ele>
        <time>2026-04-26T17:20:46.000Z</time>
      </trkpt>
      <trkpt lat="40.810267" lon="-73.966698">
        <ele>14.6</ele>
        <time>2026-04-26T17:20:47.000Z</time>
      </trkpt>
      <trkpt lat="40.810277" lon="-73.966693">
        <ele>14.8</ele>
        <time>2026-04-26T17:20:48.000Z</time>
      </trkpt>
      <trkpt lat="40.810287" lon="-73.966689">
        <ele>14.8</ele>
        <time>2026-04-26T17:20:49.000Z</time>
      </trkpt>
      <trkpt lat="40.810296" lon="-73.966685">
        <ele>14.8</ele>
        <time>2026-04-26T17:20:50.000Z</time>
      </trkpt>
      <trkpt lat="40.810305" lon="-73.966682">
        <ele>14.8</ele>
        <time>2026-04-26T17:20:51.000Z</time>
      </trkpt>
      <trkpt lat="40.810315" lon="-73.966678">
        <ele>14.8</ele>
        <time>2026-04-26T17:20:52.000Z</time>
      </trkpt>
      <trkpt lat="40.810325" lon="-73.966675">
        <ele>15</ele>
        <time>2026-04-26T17:20:53.000Z</time>
      </trkpt>
      <trkpt lat="40.810336" lon="-73.966671">
        <ele>15</ele>
        <time>2026-04-26T17:20:54.000Z</time>
      </trkpt>
      <trkpt lat="40.810346" lon="-73.966667">
        <ele>15</ele>
        <time>2026-04-26T17:20:55.000Z</time>
      </trkpt>
      <trkpt lat="40.810356" lon="-73.966663">
        <ele>15</ele>
        <time>2026-04-26T17:20:56.000Z</time>
      </trkpt>
      <trkpt lat="40.810367" lon="-73.96666">
        <ele>15.2</ele>
        <time>2026-04-26T17:20:57.000Z</time>
      </trkpt>
      <trkpt lat="40.810385" lon="-73.966652">
        <ele>15.2</ele>
        <time>2026-04-26T17:20:58.000Z</time>
      </trkpt>
      <trkpt lat="40.810393" lon="-73.96665">
        <ele>15.2</ele>
        <time>2026-04-26T17:20:59.000Z</time>
      </trkpt>
      <trkpt lat="40.8104" lon="-73.966647">
        <ele>15.2</ele>
        <time>2026-04-26T17:21:00.000Z</time>
      </trkpt>
      <trkpt lat="40.81041" lon="-73.966643">
        <ele>15.4</ele>
        <time>2026-04-26T17:21:01.000Z</time>
      </trkpt>
      <trkpt lat="40.810419" lon="-73.966639">
        <ele>15.4</ele>
        <time>2026-04-26T17:21:02.000Z</time>
      </trkpt>
      <trkpt lat="40.810428" lon="-73.966634">
        <ele>15.4</ele>
        <time>2026-04-26T17:21:03.000Z</time>
      </trkpt>
      <trkpt lat="40.810437" lon="-73.966629">
        <ele>15.4</ele>
        <time>2026-04-26T17:21:04.000Z</time>
      </trkpt>
      <trkpt lat="40.810445" lon="-73.966624">
        <ele>15.4</ele>
        <time>2026-04-26T17:21:05.000Z</time>
      </trkpt>
      <trkpt lat="40.810454" lon="-73.966618">
        <ele>15.4</ele>
        <time>2026-04-26T17:21:06.000Z</time>
      </trkpt>
      <trkpt lat="40.810462" lon="-73.966613">
        <ele>15.4</ele>
        <time>2026-04-26T17:21:07.000Z</time>
      </trkpt>
      <trkpt lat="40.81047" lon="-73.966608">
        <ele>15.4</ele>
        <time>2026-04-26T17:21:08.000Z</time>
      </trkpt>
      <trkpt lat="40.810479" lon="-73.966601">
        <ele>15.4</ele>
        <time>2026-04-26T17:21:09.000Z</time>
      </trkpt>
      <trkpt lat="40.810489" lon="-73.966594">
        <ele>15.4</ele>
        <time>2026-04-26T17:21:10.000Z</time>
      </trkpt>
      <trkpt lat="40.810499" lon="-73.966586">
        <ele>15.4</ele>
        <time>2026-04-26T17:21:11.000Z</time>
      </trkpt>
      <trkpt lat="40.810508" lon="-73.966578">
        <ele>15.4</ele>
        <time>2026-04-26T17:21:12.000Z</time>
      </trkpt>
      <trkpt lat="40.810518" lon="-73.96657">
        <ele>15.4</ele>
        <time>2026-04-26T17:21:13.000Z</time>
      </trkpt>
      <trkpt lat="40.810528" lon="-73.966562">
        <ele>15.4</ele>
        <time>2026-04-26T17:21:14.000Z</time>
      </trkpt>
      <trkpt lat="40.810538" lon="-73.966554">
        <ele>15.4</ele>
        <time>2026-04-26T17:21:15.000Z</time>
      </trkpt>
      <trkpt lat="40.810547" lon="-73.966546">
        <ele>15.4</ele>
        <time>2026-04-26T17:21:16.000Z</time>
      </trkpt>
      <trkpt lat="40.810555" lon="-73.966538">
        <ele>15.4</ele>
        <time>2026-04-26T17:21:17.000Z</time>
      </trkpt>
      <trkpt lat="40.810564" lon="-73.966531">
        <ele>15.4</ele>
        <time>2026-04-26T17:21:18.000Z</time>
      </trkpt>
      <trkpt lat="40.810572" lon="-73.966523">
        <ele>15.4</ele>
        <time>2026-04-26T17:21:19.000Z</time>
      </trkpt>
      <trkpt lat="40.810581" lon="-73.966514">
        <ele>15.4</ele>
        <time>2026-04-26T17:21:20.000Z</time>
      </trkpt>
      <trkpt lat="40.81059" lon="-73.966506">
        <ele>15.4</ele>
        <time>2026-04-26T17:21:21.000Z</time>
      </trkpt>
      <trkpt lat="40.810599" lon="-73.966497">
        <ele>15.4</ele>
        <time>2026-04-26T17:21:22.000Z</time>
      </trkpt>
      <trkpt lat="40.810608" lon="-73.966488">
        <ele>15.4</ele>
        <time>2026-04-26T17:21:23.000Z</time>
      </trkpt>
      <trkpt lat="40.810616" lon="-73.96648">
        <ele>15.4</ele>
        <time>2026-04-26T17:21:24.000Z</time>
      </trkpt>
      <trkpt lat="40.810625" lon="-73.966473">
        <ele>15.4</ele>
        <time>2026-04-26T17:21:25.000Z</time>
      </trkpt>
      <trkpt lat="40.810632" lon="-73.966465">
        <ele>15.4</ele>
        <time>2026-04-26T17:21:26.000Z</time>
      </trkpt>
      <trkpt lat="40.810639" lon="-73.966459">
        <ele>15.4</ele>
        <time>2026-04-26T17:21:27.000Z</time>
      </trkpt>
      <trkpt lat="40.810647" lon="-73.966451">
        <ele>15.4</ele>
        <time>2026-04-26T17:21:28.000Z</time>
      </trkpt>
      <trkpt lat="40.810655" lon="-73.966442">
        <ele>15.4</ele>
        <time>2026-04-26T17:21:29.000Z</time>
      </trkpt>
      <trkpt lat="40.810663" lon="-73.966434">
        <ele>15.4</ele>
        <time>2026-04-26T17:21:30.000Z</time>
      </trkpt>
      <trkpt lat="40.810671" lon="-73.966426">
        <ele>15.4</ele>
        <time>2026-04-26T17:21:31.000Z</time>
      </trkpt>
      <trkpt lat="40.810678" lon="-73.966418">
        <ele>15.4</ele>
        <time>2026-04-26T17:21:32.000Z</time>
      </trkpt>
      <trkpt lat="40.810686" lon="-73.96641">
        <ele>15.4</ele>
        <time>2026-04-26T17:21:33.000Z</time>
      </trkpt>
      <trkpt lat="40.810694" lon="-73.966402">
        <ele>15.4</ele>
        <time>2026-04-26T17:21:34.000Z</time>
      </trkpt>
      <trkpt lat="40.810703" lon="-73.966393">
        <ele>15.4</ele>
        <time>2026-04-26T17:21:35.000Z</time>
      </trkpt>
      <trkpt lat="40.810712" lon="-73.966384">
        <ele>15.4</ele>
        <time>2026-04-26T17:21:36.000Z</time>
      </trkpt>
      <trkpt lat="40.810721" lon="-73.966374">
        <ele>15.4</ele>
        <time>2026-04-26T17:21:37.000Z</time>
      </trkpt>
      <trkpt lat="40.810729" lon="-73.966366">
        <ele>15.4</ele>
        <time>2026-04-26T17:21:38.000Z</time>
      </trkpt>
      <trkpt lat="40.810738" lon="-73.966357">
        <ele>15.6</ele>
        <time>2026-04-26T17:21:39.000Z</time>
      </trkpt>
      <trkpt lat="40.810746" lon="-73.966348">
        <ele>15.6</ele>
        <time>2026-04-26T17:21:40.000Z</time>
      </trkpt>
      <trkpt lat="40.810754" lon="-73.96634">
        <ele>15.6</ele>
        <time>2026-04-26T17:21:41.000Z</time>
      </trkpt>
      <trkpt lat="40.810763" lon="-73.96633">
        <ele>15.6</ele>
        <time>2026-04-26T17:21:42.000Z</time>
      </trkpt>
      <trkpt lat="40.810772" lon="-73.966321">
        <ele>15.6</ele>
        <time>2026-04-26T17:21:43.000Z</time>
      </trkpt>
      <trkpt lat="40.81078" lon="-73.966311">
        <ele>15.6</ele>
        <time>2026-04-26T17:21:44.000Z</time>
      </trkpt>
      <trkpt lat="40.810789" lon="-73.966302">
        <ele>15.6</ele>
        <time>2026-04-26T17:21:45.000Z</time>
      </trkpt>
      <trkpt lat="40.810798" lon="-73.966292">
        <ele>15.6</ele>
        <time>2026-04-26T17:21:46.000Z</time>
      </trkpt>
      <trkpt lat="40.810807" lon="-73.966282">
        <ele>15.6</ele>
        <time>2026-04-26T17:21:47.000Z</time>
      </trkpt>
      <trkpt lat="40.810815" lon="-73.966274">
        <ele>15.6</ele>
        <time>2026-04-26T17:21:48.000Z</time>
      </trkpt>
      <trkpt lat="40.810823" lon="-73.966265">
        <ele>15.6</ele>
        <time>2026-04-26T17:21:49.000Z</time>
      </trkpt>
      <trkpt lat="40.810831" lon="-73.966256">
        <ele>15.6</ele>
        <time>2026-04-26T17:21:50.000Z</time>
      </trkpt>
      <trkpt lat="40.810839" lon="-73.966247">
        <ele>15.6</ele>
        <time>2026-04-26T17:21:51.000Z</time>
      </trkpt>
      <trkpt lat="40.810847" lon="-73.966238">
        <ele>15.6</ele>
        <time>2026-04-26T17:21:52.000Z</time>
      </trkpt>
      <trkpt lat="40.810855" lon="-73.966228">
        <ele>15.6</ele>
        <time>2026-04-26T17:21:53.000Z</time>
      </trkpt>
      <trkpt lat="40.810863" lon="-73.966219">
        <ele>15.6</ele>
        <time>2026-04-26T17:21:54.000Z</time>
      </trkpt>
      <trkpt lat="40.810871" lon="-73.966209">
        <ele>15.6</ele>
        <time>2026-04-26T17:21:55.000Z</time>
      </trkpt>
      <trkpt lat="40.810879" lon="-73.9662">
        <ele>15.6</ele>
        <time>2026-04-26T17:21:56.000Z</time>
      </trkpt>
      <trkpt lat="40.810886" lon="-73.966191">
        <ele>15.6</ele>
        <time>2026-04-26T17:21:57.000Z</time>
      </trkpt>
      <trkpt lat="40.810894" lon="-73.966182">
        <ele>15.6</ele>
        <time>2026-04-26T17:21:58.000Z</time>
      </trkpt>
      <trkpt lat="40.810901" lon="-73.966173">
        <ele>15.6</ele>
        <time>2026-04-26T17:21:59.000Z</time>
      </trkpt>
      <trkpt lat="40.810909" lon="-73.966164">
        <ele>15.6</ele>
        <time>2026-04-26T17:22:00.000Z</time>
      </trkpt>
      <trkpt lat="40.810917" lon="-73.966154">
        <ele>15.6</ele>
        <time>2026-04-26T17:22:01.000Z</time>
      </trkpt>
      <trkpt lat="40.810924" lon="-73.966144">
        <ele>15.6</ele>
        <time>2026-04-26T17:22:02.000Z</time>
      </trkpt>
      <trkpt lat="40.810932" lon="-73.966133">
        <ele>15.6</ele>
        <time>2026-04-26T17:22:03.000Z</time>
      </trkpt>
      <trkpt lat="40.81094" lon="-73.966123">
        <ele>15.6</ele>
        <time>2026-04-26T17:22:04.000Z</time>
      </trkpt>
      <trkpt lat="40.810947" lon="-73.966113">
        <ele>15.6</ele>
        <time>2026-04-26T17:22:05.000Z</time>
      </trkpt>
      <trkpt lat="40.810954" lon="-73.966104">
        <ele>15.6</ele>
        <time>2026-04-26T17:22:06.000Z</time>
      </trkpt>
      <trkpt lat="40.810962" lon="-73.966094">
        <ele>15.6</ele>
        <time>2026-04-26T17:22:07.000Z</time>
      </trkpt>
      <trkpt lat="40.810969" lon="-73.966085">
        <ele>15.6</ele>
        <time>2026-04-26T17:22:08.000Z</time>
      </trkpt>
      <trkpt lat="40.810976" lon="-73.966076">
        <ele>15.6</ele>
        <time>2026-04-26T17:22:09.000Z</time>
      </trkpt>
      <trkpt lat="40.810984" lon="-73.966066">
        <ele>15.6</ele>
        <time>2026-04-26T17:22:10.000Z</time>
      </trkpt>
      <trkpt lat="40.810991" lon="-73.966056">
        <ele>15.6</ele>
        <time>2026-04-26T17:22:11.000Z</time>
      </trkpt>
      <trkpt lat="40.810999" lon="-73.966045">
        <ele>15.6</ele>
        <time>2026-04-26T17:22:12.000Z</time>
      </trkpt>
      <trkpt lat="40.811006" lon="-73.966035">
        <ele>15.6</ele>
        <time>2026-04-26T17:22:13.000Z</time>
      </trkpt>
      <trkpt lat="40.811014" lon="-73.966024">
        <ele>15.8</ele>
        <time>2026-04-26T17:22:14.000Z</time>
      </trkpt>
      <trkpt lat="40.811022" lon="-73.966013">
        <ele>15.8</ele>
        <time>2026-04-26T17:22:15.000Z</time>
      </trkpt>
      <trkpt lat="40.811029" lon="-73.966002">
        <ele>15.8</ele>
        <time>2026-04-26T17:22:16.000Z</time>
      </trkpt>
      <trkpt lat="40.811036" lon="-73.965992">
        <ele>15.8</ele>
        <time>2026-04-26T17:22:17.000Z</time>
      </trkpt>
      <trkpt lat="40.811043" lon="-73.965982">
        <ele>15.8</ele>
        <time>2026-04-26T17:22:18.000Z</time>
      </trkpt>
      <trkpt lat="40.81105" lon="-73.965971">
        <ele>15.8</ele>
        <time>2026-04-26T17:22:19.000Z</time>
      </trkpt>
      <trkpt lat="40.811057" lon="-73.965961">
        <ele>15.8</ele>
        <time>2026-04-26T17:22:20.000Z</time>
      </trkpt>
      <trkpt lat="40.811064" lon="-73.96595">
        <ele>15.8</ele>
        <time>2026-04-26T17:22:21.000Z</time>
      </trkpt>
      <trkpt lat="40.81107" lon="-73.96594">
        <ele>15.8</ele>
        <time>2026-04-26T17:22:22.000Z</time>
      </trkpt>
      <trkpt lat="40.811076" lon="-73.96593">
        <ele>15.8</ele>
        <time>2026-04-26T17:22:23.000Z</time>
      </trkpt>
      <trkpt lat="40.811082" lon="-73.965921">
        <ele>15.8</ele>
        <time>2026-04-26T17:22:24.000Z</time>
      </trkpt>
      <trkpt lat="40.811087" lon="-73.965912">
        <ele>15.8</ele>
        <time>2026-04-26T17:22:25.000Z</time>
      </trkpt>
      <trkpt lat="40.811093" lon="-73.965902">
        <ele>15.8</ele>
        <time>2026-04-26T17:22:26.000Z</time>
      </trkpt>
      <trkpt lat="40.811099" lon="-73.965893">
        <ele>15.8</ele>
        <time>2026-04-26T17:22:27.000Z</time>
      </trkpt>
      <trkpt lat="40.811105" lon="-73.965883">
        <ele>16</ele>
        <time>2026-04-26T17:22:28.000Z</time>
      </trkpt>
      <trkpt lat="40.811111" lon="-73.965872">
        <ele>16</ele>
        <time>2026-04-26T17:22:29.000Z</time>
      </trkpt>
      <trkpt lat="40.811117" lon="-73.965862">
        <ele>16</ele>
        <time>2026-04-26T17:22:30.000Z</time>
      </trkpt>
      <trkpt lat="40.811123" lon="-73.965852">
        <ele>16</ele>
        <time>2026-04-26T17:22:31.000Z</time>
      </trkpt>
      <trkpt lat="40.811128" lon="-73.965843">
        <ele>16</ele>
        <time>2026-04-26T17:22:32.000Z</time>
      </trkpt>
      <trkpt lat="40.811133" lon="-73.965835">
        <ele>15.8</ele>
        <time>2026-04-26T17:22:33.000Z</time>
      </trkpt>
      <trkpt lat="40.811138" lon="-73.965826">
        <ele>15.8</ele>
        <time>2026-04-26T17:22:34.000Z</time>
      </trkpt>
      <trkpt lat="40.811144" lon="-73.965816">
        <ele>15.8</ele>
        <time>2026-04-26T17:22:35.000Z</time>
      </trkpt>
      <trkpt lat="40.81115" lon="-73.965806">
        <ele>15.8</ele>
        <time>2026-04-26T17:22:36.000Z</time>
      </trkpt>
      <trkpt lat="40.811156" lon="-73.965797">
        <ele>16</ele>
        <time>2026-04-26T17:22:37.000Z</time>
      </trkpt>
      <trkpt lat="40.811161" lon="-73.965789">
        <ele>16</ele>
        <time>2026-04-26T17:22:38.000Z</time>
      </trkpt>
      <trkpt lat="40.811167" lon="-73.965782">
        <ele>16</ele>
        <time>2026-04-26T17:22:39.000Z</time>
      </trkpt>
      <trkpt lat="40.811174" lon="-73.965774">
        <ele>16</ele>
        <time>2026-04-26T17:22:40.000Z</time>
      </trkpt>
      <trkpt lat="40.811182" lon="-73.965767">
        <ele>16</ele>
        <time>2026-04-26T17:22:41.000Z</time>
      </trkpt>
      <trkpt lat="40.811192" lon="-73.965762">
        <ele>16</ele>
        <time>2026-04-26T17:22:42.000Z</time>
      </trkpt>
      <trkpt lat="40.811204" lon="-73.96576">
        <ele>16</ele>
        <time>2026-04-26T17:22:43.000Z</time>
      </trkpt>
      <trkpt lat="40.811217" lon="-73.965758">
        <ele>16</ele>
        <time>2026-04-26T17:22:44.000Z</time>
      </trkpt>
      <trkpt lat="40.811231" lon="-73.965757">
        <ele>16</ele>
        <time>2026-04-26T17:22:45.000Z</time>
      </trkpt>
      <trkpt lat="40.811245" lon="-73.965755">
        <ele>16</ele>
        <time>2026-04-26T17:22:46.000Z</time>
      </trkpt>
      <trkpt lat="40.811259" lon="-73.965754">
        <ele>16</ele>
        <time>2026-04-26T17:22:47.000Z</time>
      </trkpt>
      <trkpt lat="40.811287" lon="-73.965749">
        <ele>16</ele>
        <time>2026-04-26T17:22:48.000Z</time>
      </trkpt>
      <trkpt lat="40.8113" lon="-73.965745">
        <ele>16</ele>
        <time>2026-04-26T17:22:49.000Z</time>
      </trkpt>
      <trkpt lat="40.81131" lon="-73.96574">
        <ele>16</ele>
        <time>2026-04-26T17:22:50.000Z</time>
      </trkpt>
      <trkpt lat="40.811318" lon="-73.965733">
        <ele>16.2</ele>
        <time>2026-04-26T17:22:51.000Z</time>
      </trkpt>
      <trkpt lat="40.811317" lon="-73.965733">
        <ele>16.2</ele>
        <time>2026-04-26T17:22:52.000Z</time>
      </trkpt>
      <trkpt lat="40.811316" lon="-73.965732">
        <ele>16.2</ele>
        <time>2026-04-26T17:22:53.000Z</time>
      </trkpt>
      <trkpt lat="40.811315" lon="-73.965732">
        <ele>16.2</ele>
        <time>2026-04-26T17:22:54.000Z</time>
      </trkpt>
      <trkpt lat="40.811315" lon="-73.965731">
        <ele>16.2</ele>
        <time>2026-04-26T17:22:55.000Z</time>
      </trkpt>
      <trkpt lat="40.811314" lon="-73.965731">
        <ele>16.2</ele>
        <time>2026-04-26T17:22:56.000Z</time>
      </trkpt>
      <trkpt lat="40.811313" lon="-73.96573">
        <ele>16.2</ele>
        <time>2026-04-26T17:22:57.000Z</time>
      </trkpt>
      <trkpt lat="40.811312" lon="-73.965729">
        <ele>16.2</ele>
        <time>2026-04-26T17:22:58.000Z</time>
      </trkpt>
      <trkpt lat="40.811311" lon="-73.965729">
        <ele>16.2</ele>
        <time>2026-04-26T17:22:59.000Z</time>
      </trkpt>
      <trkpt lat="40.81131" lon="-73.965728">
        <ele>16.2</ele>
        <time>2026-04-26T17:23:00.000Z</time>
      </trkpt>
      <trkpt lat="40.811309" lon="-73.965728">
        <ele>16.2</ele>
        <time>2026-04-26T17:23:01.000Z</time>
      </trkpt>
      <trkpt lat="40.811308" lon="-73.965727">
        <ele>16.2</ele>
        <time>2026-04-26T17:23:02.000Z</time>
      </trkpt>
      <trkpt lat="40.811307" lon="-73.965727">
        <ele>16.2</ele>
        <time>2026-04-26T17:23:03.000Z</time>
      </trkpt>
      <trkpt lat="40.811306" lon="-73.965726">
        <ele>16.4</ele>
        <time>2026-04-26T17:23:04.000Z</time>
      </trkpt>
      <trkpt lat="40.811306" lon="-73.965725">
        <ele>16.4</ele>
        <time>2026-04-26T17:23:05.000Z</time>
      </trkpt>
      <trkpt lat="40.811305" lon="-73.965725">
        <ele>16.4</ele>
        <time>2026-04-26T17:23:06.000Z</time>
      </trkpt>
      <trkpt lat="40.811304" lon="-73.965724">
        <ele>16.4</ele>
        <time>2026-04-26T17:23:07.000Z</time>
      </trkpt>
      <trkpt lat="40.811303" lon="-73.965724">
        <ele>16.4</ele>
        <time>2026-04-26T17:23:08.000Z</time>
      </trkpt>
      <trkpt lat="40.811302" lon="-73.965723">
        <ele>16.4</ele>
        <time>2026-04-26T17:23:09.000Z</time>
      </trkpt>
      <trkpt lat="40.811301" lon="-73.965722">
        <ele>16.4</ele>
        <time>2026-04-26T17:23:10.000Z</time>
      </trkpt>
      <trkpt lat="40.8113" lon="-73.965722">
        <ele>16.4</ele>
        <time>2026-04-26T17:23:11.000Z</time>
      </trkpt>
      <trkpt lat="40.811299" lon="-73.965721">
        <ele>16.4</ele>
        <time>2026-04-26T17:23:12.000Z</time>
      </trkpt>
      <trkpt lat="40.811298" lon="-73.965721">
        <ele>16.4</ele>
        <time>2026-04-26T17:23:13.000Z</time>
      </trkpt>
      <trkpt lat="40.811297" lon="-73.96572">
        <ele>16.4</ele>
        <time>2026-04-26T17:23:14.000Z</time>
      </trkpt>
      <trkpt lat="40.811297" lon="-73.96572">
        <ele>16.4</ele>
        <time>2026-04-26T17:23:15.000Z</time>
      </trkpt>
      <trkpt lat="40.811296" lon="-73.965719">
        <ele>16.4</ele>
        <time>2026-04-26T17:23:16.000Z</time>
      </trkpt>
      <trkpt lat="40.811295" lon="-73.965718">
        <ele>16.4</ele>
        <time>2026-04-26T17:23:17.000Z</time>
      </trkpt>
      <trkpt lat="40.811294" lon="-73.965718">
        <ele>16.4</ele>
        <time>2026-04-26T17:23:18.000Z</time>
      </trkpt>
      <trkpt lat="40.811293" lon="-73.965717">
        <ele>16.4</ele>
        <time>2026-04-26T17:23:19.000Z</time>
      </trkpt>
      <trkpt lat="40.811292" lon="-73.965717">
        <ele>16.4</ele>
        <time>2026-04-26T17:23:20.000Z</time>
      </trkpt>
      <trkpt lat="40.811291" lon="-73.965716">
        <ele>16.4</ele>
        <time>2026-04-26T17:23:21.000Z</time>
      </trkpt>
      <trkpt lat="40.81129" lon="-73.965716">
        <ele>16.4</ele>
        <time>2026-04-26T17:23:22.000Z</time>
      </trkpt>
      <trkpt lat="40.811289" lon="-73.965715">
        <ele>16.4</ele>
        <time>2026-04-26T17:23:23.000Z</time>
      </trkpt>
      <trkpt lat="40.811288" lon="-73.965714">
        <ele>16.4</ele>
        <time>2026-04-26T17:23:24.000Z</time>
      </trkpt>
      <trkpt lat="40.811288" lon="-73.965714">
        <ele>16.4</ele>
        <time>2026-04-26T17:23:25.000Z</time>
      </trkpt>
      <trkpt lat="40.811287" lon="-73.965713">
        <ele>16.4</ele>
        <time>2026-04-26T17:23:26.000Z</time>
      </trkpt>
      <trkpt lat="40.811286" lon="-73.965713">
        <ele>16.4</ele>
        <time>2026-04-26T17:23:27.000Z</time>
      </trkpt>
      <trkpt lat="40.811285" lon="-73.965712">
        <ele>16.4</ele>
        <time>2026-04-26T17:23:28.000Z</time>
      </trkpt>
      <trkpt lat="40.811284" lon="-73.965712">
        <ele>16.4</ele>
        <time>2026-04-26T17:23:29.000Z</time>
      </trkpt>
      <trkpt lat="40.811283" lon="-73.965711">
        <ele>16.4</ele>
        <time>2026-04-26T17:23:30.000Z</time>
      </trkpt>
      <trkpt lat="40.811282" lon="-73.96571">
        <ele>16.4</ele>
        <time>2026-04-26T17:23:31.000Z</time>
      </trkpt>
      <trkpt lat="40.811281" lon="-73.96571">
        <ele>16.4</ele>
        <time>2026-04-26T17:23:32.000Z</time>
      </trkpt>
      <trkpt lat="40.81128" lon="-73.965709">
        <ele>16.4</ele>
        <time>2026-04-26T17:23:33.000Z</time>
      </trkpt>
      <trkpt lat="40.811279" lon="-73.965709">
        <ele>16.4</ele>
        <time>2026-04-26T17:23:34.000Z</time>
      </trkpt>
      <trkpt lat="40.811279" lon="-73.965708">
        <ele>16.4</ele>
        <time>2026-04-26T17:23:35.000Z</time>
      </trkpt>
      <trkpt lat="40.811278" lon="-73.965707">
        <ele>16.4</ele>
        <time>2026-04-26T17:23:36.000Z</time>
      </trkpt>
      <trkpt lat="40.811277" lon="-73.965707">
        <ele>16.4</ele>
        <time>2026-04-26T17:23:37.000Z</time>
      </trkpt>
      <trkpt lat="40.811276" lon="-73.965706">
        <ele>16.4</ele>
        <time>2026-04-26T17:23:38.000Z</time>
      </trkpt>
      <trkpt lat="40.811275" lon="-73.965706">
        <ele>16.4</ele>
        <time>2026-04-26T17:23:39.000Z</time>
      </trkpt>
      <trkpt lat="40.811274" lon="-73.965705">
        <ele>16.4</ele>
        <time>2026-04-26T17:23:40.000Z</time>
      </trkpt>
      <trkpt lat="40.811273" lon="-73.965705">
        <ele>16.4</ele>
        <time>2026-04-26T17:23:41.000Z</time>
      </trkpt>
      <trkpt lat="40.811272" lon="-73.965704">
        <ele>16.4</ele>
        <time>2026-04-26T17:23:42.000Z</time>
      </trkpt>
      <trkpt lat="40.811271" lon="-73.965703">
        <ele>16.4</ele>
        <time>2026-04-26T17:23:43.000Z</time>
      </trkpt>
      <trkpt lat="40.81127" lon="-73.965703">
        <ele>16.4</ele>
        <time>2026-04-26T17:23:44.000Z</time>
      </trkpt>
      <trkpt lat="40.81127" lon="-73.965702">
        <ele>16.4</ele>
        <time>2026-04-26T17:23:45.000Z</time>
      </trkpt>
      <trkpt lat="40.811269" lon="-73.965702">
        <ele>16.4</ele>
        <time>2026-04-26T17:23:46.000Z</time>
      </trkpt>
      <trkpt lat="40.811268" lon="-73.965701">
        <ele>16.4</ele>
        <time>2026-04-26T17:23:47.000Z</time>
      </trkpt>
      <trkpt lat="40.811267" lon="-73.965701">
        <ele>16.4</ele>
        <time>2026-04-26T17:23:48.000Z</time>
      </trkpt>
      <trkpt lat="40.811266" lon="-73.9657">
        <ele>16.4</ele>
        <time>2026-04-26T17:23:49.000Z</time>
      </trkpt>
      <trkpt lat="40.811257" lon="-73.965698">
        <ele>16.4</ele>
        <time>2026-04-26T17:23:50.000Z</time>
      </trkpt>
      <trkpt lat="40.811247" lon="-73.965702">
        <ele>16.4</ele>
        <time>2026-04-26T17:23:51.000Z</time>
      </trkpt>
      <trkpt lat="40.811238" lon="-73.965706">
        <ele>16.4</ele>
        <time>2026-04-26T17:23:52.000Z</time>
      </trkpt>
      <trkpt lat="40.811229" lon="-73.965709">
        <ele>16.4</ele>
        <time>2026-04-26T17:23:53.000Z</time>
      </trkpt>
      <trkpt lat="40.811222" lon="-73.965712">
        <ele>16.4</ele>
        <time>2026-04-26T17:23:54.000Z</time>
      </trkpt>
      <trkpt lat="40.811214" lon="-73.965716">
        <ele>16.2</ele>
        <time>2026-04-26T17:23:55.000Z</time>
      </trkpt>
      <trkpt lat="40.811207" lon="-73.96572">
        <ele>16.2</ele>
        <time>2026-04-26T17:23:56.000Z</time>
      </trkpt>
      <trkpt lat="40.811201" lon="-73.965724">
        <ele>16.2</ele>
        <time>2026-04-26T17:23:57.000Z</time>
      </trkpt>
      <trkpt lat="40.811196" lon="-73.965727">
        <ele>16.2</ele>
        <time>2026-04-26T17:23:58.000Z</time>
      </trkpt>
      <trkpt lat="40.811191" lon="-73.96573">
        <ele>16.2</ele>
        <time>2026-04-26T17:23:59.000Z</time>
      </trkpt>
      <trkpt lat="40.811187" lon="-73.965733">
        <ele>16.2</ele>
        <time>2026-04-26T17:24:00.000Z</time>
      </trkpt>
      <trkpt lat="40.811183" lon="-73.965736">
        <ele>16.2</ele>
        <time>2026-04-26T17:24:01.000Z</time>
      </trkpt>
      <trkpt lat="40.811179" lon="-73.96574">
        <ele>16.2</ele>
        <time>2026-04-26T17:24:02.000Z</time>
      </trkpt>
      <trkpt lat="40.811175" lon="-73.965745">
        <ele>16.2</ele>
        <time>2026-04-26T17:24:03.000Z</time>
      </trkpt>
      <trkpt lat="40.811171" lon="-73.96575">
        <ele>16</ele>
        <time>2026-04-26T17:24:04.000Z</time>
      </trkpt>
      <trkpt lat="40.811167" lon="-73.965756">
        <ele>16</ele>
        <time>2026-04-26T17:24:05.000Z</time>
      </trkpt>
      <trkpt lat="40.811164" lon="-73.96576">
        <ele>16</ele>
        <time>2026-04-26T17:24:06.000Z</time>
      </trkpt>
      <trkpt lat="40.81116" lon="-73.965765">
        <ele>16</ele>
        <time>2026-04-26T17:24:07.000Z</time>
      </trkpt>
      <trkpt lat="40.811157" lon="-73.965772">
        <ele>16</ele>
        <time>2026-04-26T17:24:08.000Z</time>
      </trkpt>
      <trkpt lat="40.811154" lon="-73.965776">
        <ele>16</ele>
        <time>2026-04-26T17:24:09.000Z</time>
      </trkpt>
      <trkpt lat="40.811153" lon="-73.965778">
        <ele>16</ele>
        <time>2026-04-26T17:24:10.000Z</time>
      </trkpt>
      <trkpt lat="40.811153" lon="-73.965779">
        <ele>16</ele>
        <time>2026-04-26T17:24:11.000Z</time>
      </trkpt>
      <trkpt lat="40.811153" lon="-73.965778">
        <ele>16</ele>
        <time>2026-04-26T17:24:12.000Z</time>
      </trkpt>
      <trkpt lat="40.811156" lon="-73.965772">
        <ele>16</ele>
        <time>2026-04-26T17:24:13.000Z</time>
      </trkpt>
      <trkpt lat="40.811161" lon="-73.96576">
        <ele>16</ele>
        <time>2026-04-26T17:24:14.000Z</time>
      </trkpt>
      <trkpt lat="40.811167" lon="-73.965747">
        <ele>16</ele>
        <time>2026-04-26T17:24:15.000Z</time>
      </trkpt>
      <trkpt lat="40.811172" lon="-73.965735">
        <ele>16</ele>
        <time>2026-04-26T17:24:16.000Z</time>
      </trkpt>
      <trkpt lat="40.811178" lon="-73.965723">
        <ele>16</ele>
        <time>2026-04-26T17:24:17.000Z</time>
      </trkpt>
      <trkpt lat="40.811182" lon="-73.965712">
        <ele>16.2</ele>
        <time>2026-04-26T17:24:18.000Z</time>
      </trkpt>
      <trkpt lat="40.811187" lon="-73.965703">
        <ele>16.2</ele>
        <time>2026-04-26T17:24:19.000Z</time>
      </trkpt>
      <trkpt lat="40.811191" lon="-73.965694">
        <ele>16.2</ele>
        <time>2026-04-26T17:24:20.000Z</time>
      </trkpt>
      <trkpt lat="40.811195" lon="-73.965685">
        <ele>16.4</ele>
        <time>2026-04-26T17:24:21.000Z</time>
      </trkpt>
      <trkpt lat="40.811199" lon="-73.965676">
        <ele>16.6</ele>
        <time>2026-04-26T17:24:22.000Z</time>
      </trkpt>
      <trkpt lat="40.811203" lon="-73.965666">
        <ele>16.6</ele>
        <time>2026-04-26T17:24:23.000Z</time>
      </trkpt>
      <trkpt lat="40.811207" lon="-73.965656">
        <ele>16.8</ele>
        <time>2026-04-26T17:24:24.000Z</time>
      </trkpt>
      <trkpt lat="40.81121" lon="-73.965645">
        <ele>17</ele>
        <time>2026-04-26T17:24:25.000Z</time>
      </trkpt>
      <trkpt lat="40.811214" lon="-73.965633">
        <ele>17.2</ele>
        <time>2026-04-26T17:24:26.000Z</time>
      </trkpt>
      <trkpt lat="40.811217" lon="-73.965622">
        <ele>17.4</ele>
        <time>2026-04-26T17:24:27.000Z</time>
      </trkpt>
      <trkpt lat="40.81122" lon="-73.965611">
        <ele>17.6</ele>
        <time>2026-04-26T17:24:28.000Z</time>
      </trkpt>
      <trkpt lat="40.811222" lon="-73.9656">
        <ele>17.8</ele>
        <time>2026-04-26T17:24:29.000Z</time>
      </trkpt>
      <trkpt lat="40.811225" lon="-73.965588">
        <ele>18</ele>
        <time>2026-04-26T17:24:30.000Z</time>
      </trkpt>
      <trkpt lat="40.811227" lon="-73.965576">
        <ele>18.2</ele>
        <time>2026-04-26T17:24:31.000Z</time>
      </trkpt>
      <trkpt lat="40.811229" lon="-73.965564">
        <ele>18.4</ele>
        <time>2026-04-26T17:24:32.000Z</time>
      </trkpt>
      <trkpt lat="40.811231" lon="-73.965553">
        <ele>18.6</ele>
        <time>2026-04-26T17:24:33.000Z</time>
      </trkpt>
      <trkpt lat="40.811233" lon="-73.96554">
        <ele>18.8</ele>
        <time>2026-04-26T17:24:34.000Z</time>
      </trkpt>
      <trkpt lat="40.811234" lon="-73.965527">
        <ele>19</ele>
        <time>2026-04-26T17:24:35.000Z</time>
      </trkpt>
      <trkpt lat="40.811236" lon="-73.965514">
        <ele>19.2</ele>
        <time>2026-04-26T17:24:36.000Z</time>
      </trkpt>
      <trkpt lat="40.811237" lon="-73.965502">
        <ele>19.4</ele>
        <time>2026-04-26T17:24:37.000Z</time>
      </trkpt>
      <trkpt lat="40.811238" lon="-73.96549">
        <ele>19.6</ele>
        <time>2026-04-26T17:24:38.000Z</time>
      </trkpt>
      <trkpt lat="40.81124" lon="-73.965476">
        <ele>19.8</ele>
        <time>2026-04-26T17:24:39.000Z</time>
      </trkpt>
      <trkpt lat="40.81124" lon="-73.965463">
        <ele>20</ele>
        <time>2026-04-26T17:24:40.000Z</time>
      </trkpt>
      <trkpt lat="40.811241" lon="-73.965451">
        <ele>20.2</ele>
        <time>2026-04-26T17:24:41.000Z</time>
      </trkpt>
      <trkpt lat="40.811241" lon="-73.965439">
        <ele>20.4</ele>
        <time>2026-04-26T17:24:42.000Z</time>
      </trkpt>
      <trkpt lat="40.811242" lon="-73.965427">
        <ele>20.6</ele>
        <time>2026-04-26T17:24:43.000Z</time>
      </trkpt>
      <trkpt lat="40.811242" lon="-73.965415">
        <ele>20.8</ele>
        <time>2026-04-26T17:24:44.000Z</time>
      </trkpt>
      <trkpt lat="40.811242" lon="-73.965405">
        <ele>21</ele>
        <time>2026-04-26T17:24:45.000Z</time>
      </trkpt>
      <trkpt lat="40.811241" lon="-73.965394">
        <ele>21.2</ele>
        <time>2026-04-26T17:24:46.000Z</time>
      </trkpt>
      <trkpt lat="40.811241" lon="-73.965384">
        <ele>21.4</ele>
        <time>2026-04-26T17:24:47.000Z</time>
      </trkpt>
      <trkpt lat="40.81124" lon="-73.965372">
        <ele>21.6</ele>
        <time>2026-04-26T17:24:48.000Z</time>
      </trkpt>
      <trkpt lat="40.811239" lon="-73.965361">
        <ele>21.8</ele>
        <time>2026-04-26T17:24:49.000Z</time>
      </trkpt>
      <trkpt lat="40.811238" lon="-73.96535">
        <ele>22</ele>
        <time>2026-04-26T17:24:50.000Z</time>
      </trkpt>
      <trkpt lat="40.811237" lon="-73.96534">
        <ele>22.2</ele>
        <time>2026-04-26T17:24:51.000Z</time>
      </trkpt>
      <trkpt lat="40.811235" lon="-73.96533">
        <ele>22.4</ele>
        <time>2026-04-26T17:24:52.000Z</time>
      </trkpt>
      <trkpt lat="40.811234" lon="-73.96532">
        <ele>22.6</ele>
        <time>2026-04-26T17:24:53.000Z</time>
      </trkpt>
      <trkpt lat="40.811232" lon="-73.965309">
        <ele>22.8</ele>
        <time>2026-04-26T17:24:54.000Z</time>
      </trkpt>
      <trkpt lat="40.81123" lon="-73.965298">
        <ele>23</ele>
        <time>2026-04-26T17:24:55.000Z</time>
      </trkpt>
      <trkpt lat="40.811227" lon="-73.965288">
        <ele>23.2</ele>
        <time>2026-04-26T17:24:56.000Z</time>
      </trkpt>
      <trkpt lat="40.811225" lon="-73.965277">
        <ele>23.4</ele>
        <time>2026-04-26T17:24:57.000Z</time>
      </trkpt>
      <trkpt lat="40.811222" lon="-73.965267">
        <ele>23.6</ele>
        <time>2026-04-26T17:24:58.000Z</time>
      </trkpt>
      <trkpt lat="40.811219" lon="-73.965257">
        <ele>23.8</ele>
        <time>2026-04-26T17:24:59.000Z</time>
      </trkpt>
      <trkpt lat="40.811216" lon="-73.965246">
        <ele>24</ele>
        <time>2026-04-26T17:25:00.000Z</time>
      </trkpt>
      <trkpt lat="40.811212" lon="-73.965235">
        <ele>24.2</ele>
        <time>2026-04-26T17:25:01.000Z</time>
      </trkpt>
      <trkpt lat="40.811209" lon="-73.965225">
        <ele>24.4</ele>
        <time>2026-04-26T17:25:02.000Z</time>
      </trkpt>
      <trkpt lat="40.811205" lon="-73.965215">
        <ele>24.6</ele>
        <time>2026-04-26T17:25:03.000Z</time>
      </trkpt>
      <trkpt lat="40.811201" lon="-73.965207">
        <ele>24.8</ele>
        <time>2026-04-26T17:25:04.000Z</time>
      </trkpt>
      <trkpt lat="40.811197" lon="-73.965199">
        <ele>25</ele>
        <time>2026-04-26T17:25:05.000Z</time>
      </trkpt>
      <trkpt lat="40.811193" lon="-73.965191">
        <ele>25.2</ele>
        <time>2026-04-26T17:25:06.000Z</time>
      </trkpt>
      <trkpt lat="40.811188" lon="-73.965184">
        <ele>25.2</ele>
        <time>2026-04-26T17:25:07.000Z</time>
      </trkpt>
      <trkpt lat="40.811184" lon="-73.965177">
        <ele>25.4</ele>
        <time>2026-04-26T17:25:08.000Z</time>
      </trkpt>
      <trkpt lat="40.811181" lon="-73.965171">
        <ele>25.6</ele>
        <time>2026-04-26T17:25:09.000Z</time>
      </trkpt>
      <trkpt lat="40.811177" lon="-73.965164">
        <ele>25.8</ele>
        <time>2026-04-26T17:25:10.000Z</time>
      </trkpt>
      <trkpt lat="40.811172" lon="-73.965158">
        <ele>26</ele>
        <time>2026-04-26T17:25:11.000Z</time>
      </trkpt>
      <trkpt lat="40.811167" lon="-73.96515">
        <ele>26.2</ele>
        <time>2026-04-26T17:25:12.000Z</time>
      </trkpt>
      <trkpt lat="40.811161" lon="-73.965142">
        <ele>26.4</ele>
        <time>2026-04-26T17:25:13.000Z</time>
      </trkpt>
      <trkpt lat="40.811155" lon="-73.965133">
        <ele>26.6</ele>
        <time>2026-04-26T17:25:14.000Z</time>
      </trkpt>
      <trkpt lat="40.81115" lon="-73.965124">
        <ele>26.8</ele>
        <time>2026-04-26T17:25:15.000Z</time>
      </trkpt>
      <trkpt lat="40.811145" lon="-73.965116">
        <ele>27</ele>
        <time>2026-04-26T17:25:16.000Z</time>
      </trkpt>
      <trkpt lat="40.811142" lon="-73.965107">
        <ele>27</ele>
        <time>2026-04-26T17:25:17.000Z</time>
      </trkpt>
      <trkpt lat="40.811139" lon="-73.965097">
        <ele>27.2</ele>
        <time>2026-04-26T17:25:18.000Z</time>
      </trkpt>
      <trkpt lat="40.811137" lon="-73.965082">
        <ele>27.4</ele>
        <time>2026-04-26T17:25:19.000Z</time>
      </trkpt>
      <trkpt lat="40.811139" lon="-73.965065">
        <ele>27.6</ele>
        <time>2026-04-26T17:25:20.000Z</time>
      </trkpt>
      <trkpt lat="40.811142" lon="-73.965047">
        <ele>27.6</ele>
        <time>2026-04-26T17:25:21.000Z</time>
      </trkpt>
      <trkpt lat="40.811146" lon="-73.965028">
        <ele>27.8</ele>
        <time>2026-04-26T17:25:22.000Z</time>
      </trkpt>
      <trkpt lat="40.81115" lon="-73.965009">
        <ele>28</ele>
        <time>2026-04-26T17:25:23.000Z</time>
      </trkpt>
      <trkpt lat="40.811154" lon="-73.964992">
        <ele>28</ele>
        <time>2026-04-26T17:25:24.000Z</time>
      </trkpt>
      <trkpt lat="40.811158" lon="-73.964974">
        <ele>28.2</ele>
        <time>2026-04-26T17:25:25.000Z</time>
      </trkpt>
      <trkpt lat="40.811161" lon="-73.964956">
        <ele>28.2</ele>
        <time>2026-04-26T17:25:26.000Z</time>
      </trkpt>
      <trkpt lat="40.811167" lon="-73.96494">
        <ele>28.4</ele>
        <time>2026-04-26T17:25:27.000Z</time>
      </trkpt>
      <trkpt lat="40.811174" lon="-73.964924">
        <ele>28.4</ele>
        <time>2026-04-26T17:25:28.000Z</time>
      </trkpt>
      <trkpt lat="40.811184" lon="-73.96491">
        <ele>28.6</ele>
        <time>2026-04-26T17:25:29.000Z</time>
      </trkpt>
      <trkpt lat="40.811194" lon="-73.964896">
        <ele>28.6</ele>
        <time>2026-04-26T17:25:30.000Z</time>
      </trkpt>
      <trkpt lat="40.811204" lon="-73.964884">
        <ele>28.6</ele>
        <time>2026-04-26T17:25:31.000Z</time>
      </trkpt>
      <trkpt lat="40.811214" lon="-73.964873">
        <ele>28.8</ele>
        <time>2026-04-26T17:25:32.000Z</time>
      </trkpt>
      <trkpt lat="40.811223" lon="-73.964863">
        <ele>28.8</ele>
        <time>2026-04-26T17:25:33.000Z</time>
      </trkpt>
      <trkpt lat="40.811231" lon="-73.964854">
        <ele>28.8</ele>
        <time>2026-04-26T17:25:34.000Z</time>
      </trkpt>
      <trkpt lat="40.811239" lon="-73.964845">
        <ele>28.8</ele>
        <time>2026-04-26T17:25:35.000Z</time>
      </trkpt>
      <trkpt lat="40.811248" lon="-73.964836">
        <ele>29</ele>
        <time>2026-04-26T17:25:36.000Z</time>
      </trkpt>
      <trkpt lat="40.811256" lon="-73.964827">
        <ele>29</ele>
        <time>2026-04-26T17:25:37.000Z</time>
      </trkpt>
      <trkpt lat="40.811263" lon="-73.964819">
        <ele>29</ele>
        <time>2026-04-26T17:25:38.000Z</time>
      </trkpt>
      <trkpt lat="40.811271" lon="-73.964811">
        <ele>29.2</ele>
        <time>2026-04-26T17:25:39.000Z</time>
      </trkpt>
      <trkpt lat="40.811278" lon="-73.964804">
        <ele>29.2</ele>
        <time>2026-04-26T17:25:40.000Z</time>
      </trkpt>
      <trkpt lat="40.811285" lon="-73.964797">
        <ele>29.2</ele>
        <time>2026-04-26T17:25:41.000Z</time>
      </trkpt>
      <trkpt lat="40.811292" lon="-73.96479">
        <ele>29.4</ele>
        <time>2026-04-26T17:25:42.000Z</time>
      </trkpt>
      <trkpt lat="40.8113" lon="-73.964782">
        <ele>29.4</ele>
        <time>2026-04-26T17:25:43.000Z</time>
      </trkpt>
      <trkpt lat="40.811308" lon="-73.964775">
        <ele>29.4</ele>
        <time>2026-04-26T17:25:44.000Z</time>
      </trkpt>
      <trkpt lat="40.811316" lon="-73.964767">
        <ele>29.6</ele>
        <time>2026-04-26T17:25:45.000Z</time>
      </trkpt>
      <trkpt lat="40.811324" lon="-73.964759">
        <ele>29.6</ele>
        <time>2026-04-26T17:25:46.000Z</time>
      </trkpt>
      <trkpt lat="40.811332" lon="-73.964752">
        <ele>29.6</ele>
        <time>2026-04-26T17:25:47.000Z</time>
      </trkpt>
      <trkpt lat="40.811339" lon="-73.964745">
        <ele>29.8</ele>
        <time>2026-04-26T17:25:48.000Z</time>
      </trkpt>
      <trkpt lat="40.811346" lon="-73.964739">
        <ele>29.8</ele>
        <time>2026-04-26T17:25:49.000Z</time>
      </trkpt>
      <trkpt lat="40.811353" lon="-73.964732">
        <ele>30</ele>
        <time>2026-04-26T17:25:50.000Z</time>
      </trkpt>
      <trkpt lat="40.81136" lon="-73.964725">
        <ele>30</ele>
        <time>2026-04-26T17:25:51.000Z</time>
      </trkpt>
      <trkpt lat="40.811369" lon="-73.964717">
        <ele>30</ele>
        <time>2026-04-26T17:25:52.000Z</time>
      </trkpt>
      <trkpt lat="40.811377" lon="-73.964709">
        <ele>30.2</ele>
        <time>2026-04-26T17:25:53.000Z</time>
      </trkpt>
      <trkpt lat="40.811385" lon="-73.964702">
        <ele>30.2</ele>
        <time>2026-04-26T17:25:54.000Z</time>
      </trkpt>
      <trkpt lat="40.811393" lon="-73.964694">
        <ele>30.2</ele>
        <time>2026-04-26T17:25:55.000Z</time>
      </trkpt>
      <trkpt lat="40.811402" lon="-73.964685">
        <ele>30.4</ele>
        <time>2026-04-26T17:25:56.000Z</time>
      </trkpt>
      <trkpt lat="40.811411" lon="-73.964677">
        <ele>30.4</ele>
        <time>2026-04-26T17:25:57.000Z</time>
      </trkpt>
      <trkpt lat="40.811419" lon="-73.964669">
        <ele>30.4</ele>
        <time>2026-04-26T17:25:58.000Z</time>
      </trkpt>
      <trkpt lat="40.811427" lon="-73.964661">
        <ele>30.6</ele>
        <time>2026-04-26T17:25:59.000Z</time>
      </trkpt>
      <trkpt lat="40.811434" lon="-73.964654">
        <ele>30.6</ele>
        <time>2026-04-26T17:26:00.000Z</time>
      </trkpt>
      <trkpt lat="40.811442" lon="-73.964647">
        <ele>30.6</ele>
        <time>2026-04-26T17:26:01.000Z</time>
      </trkpt>
      <trkpt lat="40.81145" lon="-73.964639">
        <ele>30.8</ele>
        <time>2026-04-26T17:26:02.000Z</time>
      </trkpt>
      <trkpt lat="40.811458" lon="-73.964632">
        <ele>30.8</ele>
        <time>2026-04-26T17:26:03.000Z</time>
      </trkpt>
      <trkpt lat="40.811466" lon="-73.964624">
        <ele>30.8</ele>
        <time>2026-04-26T17:26:04.000Z</time>
      </trkpt>
      <trkpt lat="40.811474" lon="-73.964616">
        <ele>31</ele>
        <time>2026-04-26T17:26:05.000Z</time>
      </trkpt>
      <trkpt lat="40.811482" lon="-73.964608">
        <ele>31</ele>
        <time>2026-04-26T17:26:06.000Z</time>
      </trkpt>
      <trkpt lat="40.81149" lon="-73.9646">
        <ele>31</ele>
        <time>2026-04-26T17:26:07.000Z</time>
      </trkpt>
      <trkpt lat="40.811498" lon="-73.964591">
        <ele>31.2</ele>
        <time>2026-04-26T17:26:08.000Z</time>
      </trkpt>
      <trkpt lat="40.811506" lon="-73.964583">
        <ele>31.2</ele>
        <time>2026-04-26T17:26:09.000Z</time>
      </trkpt>
      <trkpt lat="40.811514" lon="-73.964575">
        <ele>31.4</ele>
        <time>2026-04-26T17:26:10.000Z</time>
      </trkpt>
      <trkpt lat="40.811522" lon="-73.964567">
        <ele>31.6</ele>
        <time>2026-04-26T17:26:11.000Z</time>
      </trkpt>
      <trkpt lat="40.811529" lon="-73.964559">
        <ele>31.6</ele>
        <time>2026-04-26T17:26:12.000Z</time>
      </trkpt>
      <trkpt lat="40.811536" lon="-73.964551">
        <ele>31.8</ele>
        <time>2026-04-26T17:26:13.000Z</time>
      </trkpt>
      <trkpt lat="40.811544" lon="-73.964543">
        <ele>32</ele>
        <time>2026-04-26T17:26:14.000Z</time>
      </trkpt>
      <trkpt lat="40.811552" lon="-73.964535">
        <ele>32.2</ele>
        <time>2026-04-26T17:26:15.000Z</time>
      </trkpt>
      <trkpt lat="40.81156" lon="-73.964527">
        <ele>32.4</ele>
        <time>2026-04-26T17:26:16.000Z</time>
      </trkpt>
      <trkpt lat="40.811567" lon="-73.964519">
        <ele>32.6</ele>
        <time>2026-04-26T17:26:17.000Z</time>
      </trkpt>
      <trkpt lat="40.811575" lon="-73.964512">
        <ele>32.8</ele>
        <time>2026-04-26T17:26:18.000Z</time>
      </trkpt>
      <trkpt lat="40.811583" lon="-73.964504">
        <ele>33</ele>
        <time>2026-04-26T17:26:19.000Z</time>
      </trkpt>
      <trkpt lat="40.81159" lon="-73.964497">
        <ele>33.2</ele>
        <time>2026-04-26T17:26:20.000Z</time>
      </trkpt>
      <trkpt lat="40.811598" lon="-73.96449">
        <ele>33.4</ele>
        <time>2026-04-26T17:26:21.000Z</time>
      </trkpt>
      <trkpt lat="40.811606" lon="-73.964482">
        <ele>33.6</ele>
        <time>2026-04-26T17:26:22.000Z</time>
      </trkpt>
      <trkpt lat="40.811614" lon="-73.964475">
        <ele>33.8</ele>
        <time>2026-04-26T17:26:23.000Z</time>
      </trkpt>
      <trkpt lat="40.811623" lon="-73.964468">
        <ele>34</ele>
        <time>2026-04-26T17:26:24.000Z</time>
      </trkpt>
      <trkpt lat="40.811632" lon="-73.964461">
        <ele>34.2</ele>
        <time>2026-04-26T17:26:25.000Z</time>
      </trkpt>
      <trkpt lat="40.811641" lon="-73.964453">
        <ele>34.4</ele>
        <time>2026-04-26T17:26:26.000Z</time>
      </trkpt>
      <trkpt lat="40.811649" lon="-73.964447">
        <ele>34.6</ele>
        <time>2026-04-26T17:26:27.000Z</time>
      </trkpt>
      <trkpt lat="40.811657" lon="-73.964441">
        <ele>34.8</ele>
        <time>2026-04-26T17:26:28.000Z</time>
      </trkpt>
      <trkpt lat="40.811666" lon="-73.964436">
        <ele>35</ele>
        <time>2026-04-26T17:26:29.000Z</time>
      </trkpt>
      <trkpt lat="40.811675" lon="-73.964431">
        <ele>35</ele>
        <time>2026-04-26T17:26:30.000Z</time>
      </trkpt>
      <trkpt lat="40.811684" lon="-73.964425">
        <ele>35.2</ele>
        <time>2026-04-26T17:26:31.000Z</time>
      </trkpt>
      <trkpt lat="40.811692" lon="-73.964419">
        <ele>35.4</ele>
        <time>2026-04-26T17:26:32.000Z</time>
      </trkpt>
      <trkpt lat="40.8117" lon="-73.964412">
        <ele>35.6</ele>
        <time>2026-04-26T17:26:33.000Z</time>
      </trkpt>
      <trkpt lat="40.811707" lon="-73.964405">
        <ele>35.8</ele>
        <time>2026-04-26T17:26:34.000Z</time>
      </trkpt>
      <trkpt lat="40.811714" lon="-73.9644">
        <ele>36</ele>
        <time>2026-04-26T17:26:35.000Z</time>
      </trkpt>
      <trkpt lat="40.81172" lon="-73.964394">
        <ele>36.2</ele>
        <time>2026-04-26T17:26:36.000Z</time>
      </trkpt>
      <trkpt lat="40.811727" lon="-73.964387">
        <ele>36.4</ele>
        <time>2026-04-26T17:26:37.000Z</time>
      </trkpt>
      <trkpt lat="40.811733" lon="-73.964381">
        <ele>36.6</ele>
        <time>2026-04-26T17:26:38.000Z</time>
      </trkpt>
      <trkpt lat="40.81174" lon="-73.964374">
        <ele>36.8</ele>
        <time>2026-04-26T17:26:39.000Z</time>
      </trkpt>
      <trkpt lat="40.811747" lon="-73.964366">
        <ele>37</ele>
        <time>2026-04-26T17:26:40.000Z</time>
      </trkpt>
      <trkpt lat="40.811754" lon="-73.964355">
        <ele>37.2</ele>
        <time>2026-04-26T17:26:41.000Z</time>
      </trkpt>
      <trkpt lat="40.81176" lon="-73.964344">
        <ele>37.4</ele>
        <time>2026-04-26T17:26:42.000Z</time>
      </trkpt>
      <trkpt lat="40.811766" lon="-73.964334">
        <ele>37.6</ele>
        <time>2026-04-26T17:26:43.000Z</time>
      </trkpt>
      <trkpt lat="40.811773" lon="-73.964323">
        <ele>37.8</ele>
        <time>2026-04-26T17:26:44.000Z</time>
      </trkpt>
      <trkpt lat="40.811778" lon="-73.964313">
        <ele>38</ele>
        <time>2026-04-26T17:26:45.000Z</time>
      </trkpt>
      <trkpt lat="40.811782" lon="-73.964303">
        <ele>38.2</ele>
        <time>2026-04-26T17:26:46.000Z</time>
      </trkpt>
      <trkpt lat="40.811786" lon="-73.964292">
        <ele>38.2</ele>
        <time>2026-04-26T17:26:47.000Z</time>
      </trkpt>
      <trkpt lat="40.811791" lon="-73.964281">
        <ele>38.4</ele>
        <time>2026-04-26T17:26:48.000Z</time>
      </trkpt>
      <trkpt lat="40.811795" lon="-73.964269">
        <ele>38.6</ele>
        <time>2026-04-26T17:26:49.000Z</time>
      </trkpt>
      <trkpt lat="40.8118" lon="-73.964257">
        <ele>38.8</ele>
        <time>2026-04-26T17:26:50.000Z</time>
      </trkpt>
      <trkpt lat="40.811805" lon="-73.964246">
        <ele>39</ele>
        <time>2026-04-26T17:26:51.000Z</time>
      </trkpt>
      <trkpt lat="40.811809" lon="-73.964234">
        <ele>39.2</ele>
        <time>2026-04-26T17:26:52.000Z</time>
      </trkpt>
      <trkpt lat="40.811811" lon="-73.964223">
        <ele>39.4</ele>
        <time>2026-04-26T17:26:53.000Z</time>
      </trkpt>
      <trkpt lat="40.81181" lon="-73.964212">
        <ele>39.6</ele>
        <time>2026-04-26T17:26:54.000Z</time>
      </trkpt>
      <trkpt lat="40.811806" lon="-73.964202">
        <ele>39.6</ele>
        <time>2026-04-26T17:26:55.000Z</time>
      </trkpt>
      <trkpt lat="40.811797" lon="-73.964195">
        <ele>39.8</ele>
        <time>2026-04-26T17:26:56.000Z</time>
      </trkpt>
      <trkpt lat="40.811785" lon="-73.964191">
        <ele>40</ele>
        <time>2026-04-26T17:26:57.000Z</time>
      </trkpt>
      <trkpt lat="40.811762" lon="-73.964187">
        <ele>40</ele>
        <time>2026-04-26T17:26:58.000Z</time>
      </trkpt>
      <trkpt lat="40.811754" lon="-73.964186">
        <ele>40.2</ele>
        <time>2026-04-26T17:26:59.000Z</time>
      </trkpt>
      <trkpt lat="40.811745" lon="-73.964185">
        <ele>40.2</ele>
        <time>2026-04-26T17:27:00.000Z</time>
      </trkpt>
      <trkpt lat="40.811732" lon="-73.964184">
        <ele>40.2</ele>
        <time>2026-04-26T17:27:01.000Z</time>
      </trkpt>
      <trkpt lat="40.81172" lon="-73.964184">
        <ele>40.4</ele>
        <time>2026-04-26T17:27:02.000Z</time>
      </trkpt>
      <trkpt lat="40.811708" lon="-73.964183">
        <ele>40.4</ele>
        <time>2026-04-26T17:27:03.000Z</time>
      </trkpt>
      <trkpt lat="40.811696" lon="-73.964184">
        <ele>40.4</ele>
        <time>2026-04-26T17:27:04.000Z</time>
      </trkpt>
      <trkpt lat="40.811685" lon="-73.964185">
        <ele>40.4</ele>
        <time>2026-04-26T17:27:05.000Z</time>
      </trkpt>
      <trkpt lat="40.811673" lon="-73.964186">
        <ele>40.4</ele>
        <time>2026-04-26T17:27:06.000Z</time>
      </trkpt>
      <trkpt lat="40.811661" lon="-73.964187">
        <ele>40.4</ele>
        <time>2026-04-26T17:27:07.000Z</time>
      </trkpt>
      <trkpt lat="40.811649" lon="-73.964188">
        <ele>40.4</ele>
        <time>2026-04-26T17:27:08.000Z</time>
      </trkpt>
      <trkpt lat="40.811638" lon="-73.964188">
        <ele>40.4</ele>
        <time>2026-04-26T17:27:09.000Z</time>
      </trkpt>
      <trkpt lat="40.811627" lon="-73.964189">
        <ele>40.4</ele>
        <time>2026-04-26T17:27:10.000Z</time>
      </trkpt>
      <trkpt lat="40.811617" lon="-73.96419">
        <ele>40.4</ele>
        <time>2026-04-26T17:27:11.000Z</time>
      </trkpt>
      <trkpt lat="40.811606" lon="-73.964192">
        <ele>40.4</ele>
        <time>2026-04-26T17:27:12.000Z</time>
      </trkpt>
      <trkpt lat="40.811596" lon="-73.964195">
        <ele>40.4</ele>
        <time>2026-04-26T17:27:13.000Z</time>
      </trkpt>
      <trkpt lat="40.811585" lon="-73.964199">
        <ele>40.4</ele>
        <time>2026-04-26T17:27:14.000Z</time>
      </trkpt>
      <trkpt lat="40.811575" lon="-73.964204">
        <ele>40.4</ele>
        <time>2026-04-26T17:27:15.000Z</time>
      </trkpt>
      <trkpt lat="40.811564" lon="-73.964209">
        <ele>40.4</ele>
        <time>2026-04-26T17:27:16.000Z</time>
      </trkpt>
      <trkpt lat="40.811554" lon="-73.964214">
        <ele>40.4</ele>
        <time>2026-04-26T17:27:17.000Z</time>
      </trkpt>
      <trkpt lat="40.811544" lon="-73.964219">
        <ele>40.4</ele>
        <time>2026-04-26T17:27:18.000Z</time>
      </trkpt>
      <trkpt lat="40.811534" lon="-73.964225">
        <ele>40.2</ele>
        <time>2026-04-26T17:27:19.000Z</time>
      </trkpt>
      <trkpt lat="40.811524" lon="-73.964231">
        <ele>40.2</ele>
        <time>2026-04-26T17:27:20.000Z</time>
      </trkpt>
      <trkpt lat="40.811515" lon="-73.964237">
        <ele>40.2</ele>
        <time>2026-04-26T17:27:21.000Z</time>
      </trkpt>
      <trkpt lat="40.811505" lon="-73.964242">
        <ele>40.2</ele>
        <time>2026-04-26T17:27:22.000Z</time>
      </trkpt>
      <trkpt lat="40.811496" lon="-73.964248">
        <ele>40.2</ele>
        <time>2026-04-26T17:27:23.000Z</time>
      </trkpt>
      <trkpt lat="40.811485" lon="-73.964252">
        <ele>40.2</ele>
        <time>2026-04-26T17:27:24.000Z</time>
      </trkpt>
      <trkpt lat="40.811476" lon="-73.964256">
        <ele>40.2</ele>
        <time>2026-04-26T17:27:25.000Z</time>
      </trkpt>
      <trkpt lat="40.811467" lon="-73.96426">
        <ele>40.2</ele>
        <time>2026-04-26T17:27:26.000Z</time>
      </trkpt>
      <trkpt lat="40.811458" lon="-73.964263">
        <ele>40.2</ele>
        <time>2026-04-26T17:27:27.000Z</time>
      </trkpt>
      <trkpt lat="40.811449" lon="-73.964266">
        <ele>40.2</ele>
        <time>2026-04-26T17:27:28.000Z</time>
      </trkpt>
      <trkpt lat="40.81144" lon="-73.964269">
        <ele>40</ele>
        <time>2026-04-26T17:27:29.000Z</time>
      </trkpt>
      <trkpt lat="40.811429" lon="-73.964272">
        <ele>40</ele>
        <time>2026-04-26T17:27:30.000Z</time>
      </trkpt>
      <trkpt lat="40.811418" lon="-73.964276">
        <ele>40</ele>
        <time>2026-04-26T17:27:31.000Z</time>
      </trkpt>
      <trkpt lat="40.811408" lon="-73.96428">
        <ele>40</ele>
        <time>2026-04-26T17:27:32.000Z</time>
      </trkpt>
      <trkpt lat="40.811398" lon="-73.964284">
        <ele>40</ele>
        <time>2026-04-26T17:27:33.000Z</time>
      </trkpt>
      <trkpt lat="40.811381" lon="-73.964291">
        <ele>40</ele>
        <time>2026-04-26T17:27:34.000Z</time>
      </trkpt>
      <trkpt lat="40.811373" lon="-73.964295">
        <ele>40</ele>
        <time>2026-04-26T17:27:35.000Z</time>
      </trkpt>
      <trkpt lat="40.811366" lon="-73.964298">
        <ele>39.8</ele>
        <time>2026-04-26T17:27:36.000Z</time>
      </trkpt>
      <trkpt lat="40.811355" lon="-73.964304">
        <ele>39.8</ele>
        <time>2026-04-26T17:27:37.000Z</time>
      </trkpt>
      <trkpt lat="40.811345" lon="-73.964309">
        <ele>39.8</ele>
        <time>2026-04-26T17:27:38.000Z</time>
      </trkpt>
      <trkpt lat="40.811334" lon="-73.964314">
        <ele>39.8</ele>
        <time>2026-04-26T17:27:39.000Z</time>
      </trkpt>
      <trkpt lat="40.811324" lon="-73.96432">
        <ele>39.8</ele>
        <time>2026-04-26T17:27:40.000Z</time>
      </trkpt>
      <trkpt lat="40.811314" lon="-73.964326">
        <ele>39.8</ele>
        <time>2026-04-26T17:27:41.000Z</time>
      </trkpt>
      <trkpt lat="40.811304" lon="-73.964332">
        <ele>39.6</ele>
        <time>2026-04-26T17:27:42.000Z</time>
      </trkpt>
      <trkpt lat="40.811294" lon="-73.964338">
        <ele>39.6</ele>
        <time>2026-04-26T17:27:43.000Z</time>
      </trkpt>
      <trkpt lat="40.811284" lon="-73.964345">
        <ele>39.6</ele>
        <time>2026-04-26T17:27:44.000Z</time>
      </trkpt>
      <trkpt lat="40.811275" lon="-73.964352">
        <ele>39.6</ele>
        <time>2026-04-26T17:27:45.000Z</time>
      </trkpt>
      <trkpt lat="40.811265" lon="-73.964359">
        <ele>39.6</ele>
        <time>2026-04-26T17:27:46.000Z</time>
      </trkpt>
      <trkpt lat="40.811255" lon="-73.964367">
        <ele>39.6</ele>
        <time>2026-04-26T17:27:47.000Z</time>
      </trkpt>
      <trkpt lat="40.811245" lon="-73.964375">
        <ele>39.4</ele>
        <time>2026-04-26T17:27:48.000Z</time>
      </trkpt>
      <trkpt lat="40.811236" lon="-73.964383">
        <ele>39.4</ele>
        <time>2026-04-26T17:27:49.000Z</time>
      </trkpt>
      <trkpt lat="40.811227" lon="-73.964392">
        <ele>39.4</ele>
        <time>2026-04-26T17:27:50.000Z</time>
      </trkpt>
      <trkpt lat="40.811219" lon="-73.9644">
        <ele>39.4</ele>
        <time>2026-04-26T17:27:51.000Z</time>
      </trkpt>
      <trkpt lat="40.811211" lon="-73.964408">
        <ele>39.4</ele>
        <time>2026-04-26T17:27:52.000Z</time>
      </trkpt>
      <trkpt lat="40.811201" lon="-73.964416">
        <ele>39.4</ele>
        <time>2026-04-26T17:27:53.000Z</time>
      </trkpt>
      <trkpt lat="40.811192" lon="-73.964424">
        <ele>39.4</ele>
        <time>2026-04-26T17:27:54.000Z</time>
      </trkpt>
      <trkpt lat="40.811182" lon="-73.964432">
        <ele>39.4</ele>
        <time>2026-04-26T17:27:55.000Z</time>
      </trkpt>
      <trkpt lat="40.811173" lon="-73.96444">
        <ele>39.2</ele>
        <time>2026-04-26T17:27:56.000Z</time>
      </trkpt>
      <trkpt lat="40.811164" lon="-73.964447">
        <ele>39.2</ele>
        <time>2026-04-26T17:27:57.000Z</time>
      </trkpt>
      <trkpt lat="40.811155" lon="-73.964453">
        <ele>39.2</ele>
        <time>2026-04-26T17:27:58.000Z</time>
      </trkpt>
      <trkpt lat="40.811146" lon="-73.96446">
        <ele>39.2</ele>
        <time>2026-04-26T17:27:59.000Z</time>
      </trkpt>
      <trkpt lat="40.811137" lon="-73.964467">
        <ele>39.2</ele>
        <time>2026-04-26T17:28:00.000Z</time>
      </trkpt>
      <trkpt lat="40.811127" lon="-73.964473">
        <ele>39.2</ele>
        <time>2026-04-26T17:28:01.000Z</time>
      </trkpt>
      <trkpt lat="40.811118" lon="-73.96448">
        <ele>39.2</ele>
        <time>2026-04-26T17:28:02.000Z</time>
      </trkpt>
      <trkpt lat="40.811109" lon="-73.964486">
        <ele>39.2</ele>
        <time>2026-04-26T17:28:03.000Z</time>
      </trkpt>
      <trkpt lat="40.8111" lon="-73.964494">
        <ele>39.2</ele>
        <time>2026-04-26T17:28:04.000Z</time>
      </trkpt>
      <trkpt lat="40.811091" lon="-73.964502">
        <ele>39</ele>
        <time>2026-04-26T17:28:05.000Z</time>
      </trkpt>
      <trkpt lat="40.811082" lon="-73.964509">
        <ele>39</ele>
        <time>2026-04-26T17:28:06.000Z</time>
      </trkpt>
      <trkpt lat="40.811073" lon="-73.964517">
        <ele>39</ele>
        <time>2026-04-26T17:28:07.000Z</time>
      </trkpt>
      <trkpt lat="40.811064" lon="-73.964525">
        <ele>39</ele>
        <time>2026-04-26T17:28:08.000Z</time>
      </trkpt>
      <trkpt lat="40.811056" lon="-73.964533">
        <ele>39</ele>
        <time>2026-04-26T17:28:09.000Z</time>
      </trkpt>
      <trkpt lat="40.811047" lon="-73.964541">
        <ele>39</ele>
        <time>2026-04-26T17:28:10.000Z</time>
      </trkpt>
      <trkpt lat="40.811038" lon="-73.964548">
        <ele>39</ele>
        <time>2026-04-26T17:28:11.000Z</time>
      </trkpt>
      <trkpt lat="40.811029" lon="-73.964556">
        <ele>39</ele>
        <time>2026-04-26T17:28:12.000Z</time>
      </trkpt>
      <trkpt lat="40.811019" lon="-73.964564">
        <ele>38.8</ele>
        <time>2026-04-26T17:28:13.000Z</time>
      </trkpt>
      <trkpt lat="40.811011" lon="-73.964572">
        <ele>38.8</ele>
        <time>2026-04-26T17:28:14.000Z</time>
      </trkpt>
      <trkpt lat="40.811003" lon="-73.96458">
        <ele>38.8</ele>
        <time>2026-04-26T17:28:15.000Z</time>
      </trkpt>
      <trkpt lat="40.810996" lon="-73.964589">
        <ele>38.8</ele>
        <time>2026-04-26T17:28:16.000Z</time>
      </trkpt>
      <trkpt lat="40.810989" lon="-73.964597">
        <ele>38.8</ele>
        <time>2026-04-26T17:28:17.000Z</time>
      </trkpt>
      <trkpt lat="40.810982" lon="-73.964604">
        <ele>38.8</ele>
        <time>2026-04-26T17:28:18.000Z</time>
      </trkpt>
      <trkpt lat="40.810973" lon="-73.96461">
        <ele>38.6</ele>
        <time>2026-04-26T17:28:19.000Z</time>
      </trkpt>
      <trkpt lat="40.810964" lon="-73.964616">
        <ele>38.6</ele>
        <time>2026-04-26T17:28:20.000Z</time>
      </trkpt>
      <trkpt lat="40.810954" lon="-73.964622">
        <ele>38.6</ele>
        <time>2026-04-26T17:28:21.000Z</time>
      </trkpt>
      <trkpt lat="40.810943" lon="-73.964627">
        <ele>38.6</ele>
        <time>2026-04-26T17:28:22.000Z</time>
      </trkpt>
      <trkpt lat="40.810934" lon="-73.964633">
        <ele>38.6</ele>
        <time>2026-04-26T17:28:23.000Z</time>
      </trkpt>
      <trkpt lat="40.810925" lon="-73.964639">
        <ele>38.6</ele>
        <time>2026-04-26T17:28:24.000Z</time>
      </trkpt>
      <trkpt lat="40.810917" lon="-73.964645">
        <ele>38.4</ele>
        <time>2026-04-26T17:28:25.000Z</time>
      </trkpt>
      <trkpt lat="40.810909" lon="-73.96465">
        <ele>38.4</ele>
        <time>2026-04-26T17:28:26.000Z</time>
      </trkpt>
      <trkpt lat="40.810902" lon="-73.964655">
        <ele>38.4</ele>
        <time>2026-04-26T17:28:27.000Z</time>
      </trkpt>
      <trkpt lat="40.810894" lon="-73.96466">
        <ele>38.4</ele>
        <time>2026-04-26T17:28:28.000Z</time>
      </trkpt>
      <trkpt lat="40.810884" lon="-73.964665">
        <ele>38.4</ele>
        <time>2026-04-26T17:28:29.000Z</time>
      </trkpt>
      <trkpt lat="40.810876" lon="-73.96467">
        <ele>38.4</ele>
        <time>2026-04-26T17:28:30.000Z</time>
      </trkpt>
      <trkpt lat="40.810868" lon="-73.964674">
        <ele>38.2</ele>
        <time>2026-04-26T17:28:31.000Z</time>
      </trkpt>
      <trkpt lat="40.810859" lon="-73.964678">
        <ele>38.2</ele>
        <time>2026-04-26T17:28:32.000Z</time>
      </trkpt>
      <trkpt lat="40.81085" lon="-73.964683">
        <ele>38.2</ele>
        <time>2026-04-26T17:28:33.000Z</time>
      </trkpt>
      <trkpt lat="40.810841" lon="-73.964688">
        <ele>38.2</ele>
        <time>2026-04-26T17:28:34.000Z</time>
      </trkpt>
      <trkpt lat="40.810831" lon="-73.964694">
        <ele>38.2</ele>
        <time>2026-04-26T17:28:35.000Z</time>
      </trkpt>
      <trkpt lat="40.810822" lon="-73.9647">
        <ele>38.2</ele>
        <time>2026-04-26T17:28:36.000Z</time>
      </trkpt>
      <trkpt lat="40.810813" lon="-73.964707">
        <ele>38.2</ele>
        <time>2026-04-26T17:28:37.000Z</time>
      </trkpt>
      <trkpt lat="40.810803" lon="-73.964714">
        <ele>38</ele>
        <time>2026-04-26T17:28:38.000Z</time>
      </trkpt>
      <trkpt lat="40.810794" lon="-73.96472">
        <ele>38</ele>
        <time>2026-04-26T17:28:39.000Z</time>
      </trkpt>
      <trkpt lat="40.810785" lon="-73.964725">
        <ele>38</ele>
        <time>2026-04-26T17:28:40.000Z</time>
      </trkpt>
      <trkpt lat="40.810776" lon="-73.96473">
        <ele>38</ele>
        <time>2026-04-26T17:28:41.000Z</time>
      </trkpt>
      <trkpt lat="40.810767" lon="-73.964736">
        <ele>38</ele>
        <time>2026-04-26T17:28:42.000Z</time>
      </trkpt>
      <trkpt lat="40.810758" lon="-73.964741">
        <ele>38</ele>
        <time>2026-04-26T17:28:43.000Z</time>
      </trkpt>
      <trkpt lat="40.81075" lon="-73.964746">
        <ele>38</ele>
        <time>2026-04-26T17:28:44.000Z</time>
      </trkpt>
      <trkpt lat="40.810742" lon="-73.964751">
        <ele>37.8</ele>
        <time>2026-04-26T17:28:45.000Z</time>
      </trkpt>
      <trkpt lat="40.810732" lon="-73.964755">
        <ele>37.8</ele>
        <time>2026-04-26T17:28:46.000Z</time>
      </trkpt>
      <trkpt lat="40.810723" lon="-73.964758">
        <ele>37.8</ele>
        <time>2026-04-26T17:28:47.000Z</time>
      </trkpt>
      <trkpt lat="40.810714" lon="-73.964762">
        <ele>37.8</ele>
        <time>2026-04-26T17:28:48.000Z</time>
      </trkpt>
      <trkpt lat="40.810705" lon="-73.964767">
        <ele>37.8</ele>
        <time>2026-04-26T17:28:49.000Z</time>
      </trkpt>
      <trkpt lat="40.810696" lon="-73.964773">
        <ele>37.8</ele>
        <time>2026-04-26T17:28:50.000Z</time>
      </trkpt>
      <trkpt lat="40.810687" lon="-73.964781">
        <ele>37.8</ele>
        <time>2026-04-26T17:28:51.000Z</time>
      </trkpt>
      <trkpt lat="40.810678" lon="-73.964789">
        <ele>37.8</ele>
        <time>2026-04-26T17:28:52.000Z</time>
      </trkpt>
      <trkpt lat="40.810669" lon="-73.964798">
        <ele>37.8</ele>
        <time>2026-04-26T17:28:53.000Z</time>
      </trkpt>
      <trkpt lat="40.81066" lon="-73.964806">
        <ele>37.8</ele>
        <time>2026-04-26T17:28:54.000Z</time>
      </trkpt>
      <trkpt lat="40.810651" lon="-73.964814">
        <ele>37.6</ele>
        <time>2026-04-26T17:28:55.000Z</time>
      </trkpt>
      <trkpt lat="40.810643" lon="-73.964823">
        <ele>37.6</ele>
        <time>2026-04-26T17:28:56.000Z</time>
      </trkpt>
      <trkpt lat="40.810634" lon="-73.964831">
        <ele>37.6</ele>
        <time>2026-04-26T17:28:57.000Z</time>
      </trkpt>
      <trkpt lat="40.810626" lon="-73.964838">
        <ele>37.6</ele>
        <time>2026-04-26T17:28:58.000Z</time>
      </trkpt>
      <trkpt lat="40.810617" lon="-73.964847">
        <ele>37.6</ele>
        <time>2026-04-26T17:28:59.000Z</time>
      </trkpt>
      <trkpt lat="40.810609" lon="-73.964855">
        <ele>37.6</ele>
        <time>2026-04-26T17:29:00.000Z</time>
      </trkpt>
      <trkpt lat="40.810601" lon="-73.964864">
        <ele>37.6</ele>
        <time>2026-04-26T17:29:01.000Z</time>
      </trkpt>
      <trkpt lat="40.810593" lon="-73.964874">
        <ele>37.4</ele>
        <time>2026-04-26T17:29:02.000Z</time>
      </trkpt>
      <trkpt lat="40.810585" lon="-73.964884">
        <ele>37.4</ele>
        <time>2026-04-26T17:29:03.000Z</time>
      </trkpt>
      <trkpt lat="40.810578" lon="-73.964893">
        <ele>37.4</ele>
        <time>2026-04-26T17:29:04.000Z</time>
      </trkpt>
      <trkpt lat="40.810571" lon="-73.964903">
        <ele>37.4</ele>
        <time>2026-04-26T17:29:05.000Z</time>
      </trkpt>
      <trkpt lat="40.810564" lon="-73.964913">
        <ele>37.4</ele>
        <time>2026-04-26T17:29:06.000Z</time>
      </trkpt>
      <trkpt lat="40.810556" lon="-73.964924">
        <ele>37.4</ele>
        <time>2026-04-26T17:29:07.000Z</time>
      </trkpt>
      <trkpt lat="40.810548" lon="-73.964937">
        <ele>37.4</ele>
        <time>2026-04-26T17:29:08.000Z</time>
      </trkpt>
      <trkpt lat="40.810541" lon="-73.964949">
        <ele>37.2</ele>
        <time>2026-04-26T17:29:09.000Z</time>
      </trkpt>
      <trkpt lat="40.810532" lon="-73.964967">
        <ele>37.2</ele>
        <time>2026-04-26T17:29:10.000Z</time>
      </trkpt>
      <trkpt lat="40.810529" lon="-73.964973">
        <ele>37.2</ele>
        <time>2026-04-26T17:29:11.000Z</time>
      </trkpt>
      <trkpt lat="40.810523" lon="-73.964986">
        <ele>37.2</ele>
        <time>2026-04-26T17:29:12.000Z</time>
      </trkpt>
      <trkpt lat="40.810515" lon="-73.964997">
        <ele>37.2</ele>
        <time>2026-04-26T17:29:13.000Z</time>
      </trkpt>
      <trkpt lat="40.810508" lon="-73.965008">
        <ele>37</ele>
        <time>2026-04-26T17:29:14.000Z</time>
      </trkpt>
      <trkpt lat="40.810502" lon="-73.965017">
        <ele>37</ele>
        <time>2026-04-26T17:29:15.000Z</time>
      </trkpt>
      <trkpt lat="40.810495" lon="-73.965027">
        <ele>37</ele>
        <time>2026-04-26T17:29:16.000Z</time>
      </trkpt>
      <trkpt lat="40.810489" lon="-73.965036">
        <ele>37</ele>
        <time>2026-04-26T17:29:17.000Z</time>
      </trkpt>
      <trkpt lat="40.810481" lon="-73.965044">
        <ele>36.8</ele>
        <time>2026-04-26T17:29:18.000Z</time>
      </trkpt>
      <trkpt lat="40.810472" lon="-73.965052">
        <ele>36.8</ele>
        <time>2026-04-26T17:29:19.000Z</time>
      </trkpt>
      <trkpt lat="40.810463" lon="-73.96506">
        <ele>36.8</ele>
        <time>2026-04-26T17:29:20.000Z</time>
      </trkpt>
      <trkpt lat="40.810453" lon="-73.965068">
        <ele>36.8</ele>
        <time>2026-04-26T17:29:21.000Z</time>
      </trkpt>
      <trkpt lat="40.810443" lon="-73.965075">
        <ele>36.8</ele>
        <time>2026-04-26T17:29:22.000Z</time>
      </trkpt>
      <trkpt lat="40.810434" lon="-73.965082">
        <ele>36.6</ele>
        <time>2026-04-26T17:29:23.000Z</time>
      </trkpt>
      <trkpt lat="40.810424" lon="-73.965088">
        <ele>36.6</ele>
        <time>2026-04-26T17:29:24.000Z</time>
      </trkpt>
      <trkpt lat="40.810415" lon="-73.965095">
        <ele>36.6</ele>
        <time>2026-04-26T17:29:25.000Z</time>
      </trkpt>
      <trkpt lat="40.810405" lon="-73.965101">
        <ele>36.6</ele>
        <time>2026-04-26T17:29:26.000Z</time>
      </trkpt>
      <trkpt lat="40.810395" lon="-73.965108">
        <ele>36.6</ele>
        <time>2026-04-26T17:29:27.000Z</time>
      </trkpt>
      <trkpt lat="40.810384" lon="-73.965114">
        <ele>36.6</ele>
        <time>2026-04-26T17:29:28.000Z</time>
      </trkpt>
      <trkpt lat="40.810374" lon="-73.965121">
        <ele>36.4</ele>
        <time>2026-04-26T17:29:29.000Z</time>
      </trkpt>
      <trkpt lat="40.810365" lon="-73.965127">
        <ele>36.4</ele>
        <time>2026-04-26T17:29:30.000Z</time>
      </trkpt>
      <trkpt lat="40.810355" lon="-73.965132">
        <ele>36.4</ele>
        <time>2026-04-26T17:29:31.000Z</time>
      </trkpt>
      <trkpt lat="40.810346" lon="-73.965138">
        <ele>36.4</ele>
        <time>2026-04-26T17:29:32.000Z</time>
      </trkpt>
      <trkpt lat="40.810336" lon="-73.965144">
        <ele>36.4</ele>
        <time>2026-04-26T17:29:33.000Z</time>
      </trkpt>
      <trkpt lat="40.810326" lon="-73.96515">
        <ele>36.4</ele>
        <time>2026-04-26T17:29:34.000Z</time>
      </trkpt>
      <trkpt lat="40.810317" lon="-73.965156">
        <ele>36.2</ele>
        <time>2026-04-26T17:29:35.000Z</time>
      </trkpt>
      <trkpt lat="40.810307" lon="-73.965162">
        <ele>36.2</ele>
        <time>2026-04-26T17:29:36.000Z</time>
      </trkpt>
      <trkpt lat="40.810297" lon="-73.965168">
        <ele>36.2</ele>
        <time>2026-04-26T17:29:37.000Z</time>
      </trkpt>
      <trkpt lat="40.810287" lon="-73.965175">
        <ele>36.2</ele>
        <time>2026-04-26T17:29:38.000Z</time>
      </trkpt>
      <trkpt lat="40.810277" lon="-73.965181">
        <ele>36.2</ele>
        <time>2026-04-26T17:29:39.000Z</time>
      </trkpt>
      <trkpt lat="40.810267" lon="-73.965188">
        <ele>36.2</ele>
        <time>2026-04-26T17:29:40.000Z</time>
      </trkpt>
      <trkpt lat="40.810257" lon="-73.965194">
        <ele>36</ele>
        <time>2026-04-26T17:29:41.000Z</time>
      </trkpt>
      <trkpt lat="40.810247" lon="-73.9652">
        <ele>36</ele>
        <time>2026-04-26T17:29:42.000Z</time>
      </trkpt>
      <trkpt lat="40.810237" lon="-73.965206">
        <ele>36</ele>
        <time>2026-04-26T17:29:43.000Z</time>
      </trkpt>
      <trkpt lat="40.810227" lon="-73.965212">
        <ele>36</ele>
        <time>2026-04-26T17:29:44.000Z</time>
      </trkpt>
      <trkpt lat="40.810217" lon="-73.965219">
        <ele>36</ele>
        <time>2026-04-26T17:29:45.000Z</time>
      </trkpt>
      <trkpt lat="40.810208" lon="-73.965225">
        <ele>35.8</ele>
        <time>2026-04-26T17:29:46.000Z</time>
      </trkpt>
      <trkpt lat="40.810199" lon="-73.965231">
        <ele>35.8</ele>
        <time>2026-04-26T17:29:47.000Z</time>
      </trkpt>
      <trkpt lat="40.81019" lon="-73.965237">
        <ele>35.8</ele>
        <time>2026-04-26T17:29:48.000Z</time>
      </trkpt>
      <trkpt lat="40.810181" lon="-73.965242">
        <ele>35.8</ele>
        <time>2026-04-26T17:29:49.000Z</time>
      </trkpt>
      <trkpt lat="40.810171" lon="-73.965248">
        <ele>35.8</ele>
        <time>2026-04-26T17:29:50.000Z</time>
      </trkpt>
      <trkpt lat="40.810162" lon="-73.965254">
        <ele>35.8</ele>
        <time>2026-04-26T17:29:51.000Z</time>
      </trkpt>
      <trkpt lat="40.810153" lon="-73.96526">
        <ele>35.6</ele>
        <time>2026-04-26T17:29:52.000Z</time>
      </trkpt>
      <trkpt lat="40.810144" lon="-73.965266">
        <ele>35.6</ele>
        <time>2026-04-26T17:29:53.000Z</time>
      </trkpt>
      <trkpt lat="40.810135" lon="-73.965272">
        <ele>35.6</ele>
        <time>2026-04-26T17:29:54.000Z</time>
      </trkpt>
      <trkpt lat="40.810126" lon="-73.965278">
        <ele>35.6</ele>
        <time>2026-04-26T17:29:55.000Z</time>
      </trkpt>
      <trkpt lat="40.810117" lon="-73.965283">
        <ele>35.6</ele>
        <time>2026-04-26T17:29:56.000Z</time>
      </trkpt>
      <trkpt lat="40.810108" lon="-73.965289">
        <ele>35.6</ele>
        <time>2026-04-26T17:29:57.000Z</time>
      </trkpt>
      <trkpt lat="40.810099" lon="-73.965295">
        <ele>35.6</ele>
        <time>2026-04-26T17:29:58.000Z</time>
      </trkpt>
      <trkpt lat="40.81009" lon="-73.965301">
        <ele>35.6</ele>
        <time>2026-04-26T17:29:59.000Z</time>
      </trkpt>
      <trkpt lat="40.810081" lon="-73.965306">
        <ele>35.4</ele>
        <time>2026-04-26T17:30:00.000Z</time>
      </trkpt>
      <trkpt lat="40.810072" lon="-73.965312">
        <ele>35.4</ele>
        <time>2026-04-26T17:30:01.000Z</time>
      </trkpt>
      <trkpt lat="40.810063" lon="-73.965318">
        <ele>35.4</ele>
        <time>2026-04-26T17:30:02.000Z</time>
      </trkpt>
      <trkpt lat="40.810054" lon="-73.965324">
        <ele>35.4</ele>
        <time>2026-04-26T17:30:03.000Z</time>
      </trkpt>
      <trkpt lat="40.810045" lon="-73.96533">
        <ele>35.4</ele>
        <time>2026-04-26T17:30:04.000Z</time>
      </trkpt>
      <trkpt lat="40.810036" lon="-73.965336">
        <ele>35.2</ele>
        <time>2026-04-26T17:30:05.000Z</time>
      </trkpt>
      <trkpt lat="40.810027" lon="-73.965341">
        <ele>35.2</ele>
        <time>2026-04-26T17:30:06.000Z</time>
      </trkpt>
      <trkpt lat="40.810018" lon="-73.965347">
        <ele>35.2</ele>
        <time>2026-04-26T17:30:07.000Z</time>
      </trkpt>
      <trkpt lat="40.810008" lon="-73.965353">
        <ele>35.2</ele>
        <time>2026-04-26T17:30:08.000Z</time>
      </trkpt>
      <trkpt lat="40.809999" lon="-73.965359">
        <ele>35.2</ele>
        <time>2026-04-26T17:30:09.000Z</time>
      </trkpt>
      <trkpt lat="40.809989" lon="-73.965365">
        <ele>35</ele>
        <time>2026-04-26T17:30:10.000Z</time>
      </trkpt>
      <trkpt lat="40.80998" lon="-73.965371">
        <ele>35</ele>
        <time>2026-04-26T17:30:11.000Z</time>
      </trkpt>
      <trkpt lat="40.809972" lon="-73.965377">
        <ele>35</ele>
        <time>2026-04-26T17:30:12.000Z</time>
      </trkpt>
      <trkpt lat="40.809962" lon="-73.965383">
        <ele>35</ele>
        <time>2026-04-26T17:30:13.000Z</time>
      </trkpt>
      <trkpt lat="40.809953" lon="-73.965389">
        <ele>35</ele>
        <time>2026-04-26T17:30:14.000Z</time>
      </trkpt>
      <trkpt lat="40.809944" lon="-73.965395">
        <ele>34.8</ele>
        <time>2026-04-26T17:30:15.000Z</time>
      </trkpt>
      <trkpt lat="40.809935" lon="-73.9654">
        <ele>34.8</ele>
        <time>2026-04-26T17:30:16.000Z</time>
      </trkpt>
      <trkpt lat="40.809927" lon="-73.965406">
        <ele>34.8</ele>
        <time>2026-04-26T17:30:17.000Z</time>
      </trkpt>
      <trkpt lat="40.809917" lon="-73.965412">
        <ele>34.8</ele>
        <time>2026-04-26T17:30:18.000Z</time>
      </trkpt>
      <trkpt lat="40.809908" lon="-73.965417">
        <ele>34.6</ele>
        <time>2026-04-26T17:30:19.000Z</time>
      </trkpt>
      <trkpt lat="40.809898" lon="-73.965423">
        <ele>34.6</ele>
        <time>2026-04-26T17:30:20.000Z</time>
      </trkpt>
      <trkpt lat="40.809888" lon="-73.965428">
        <ele>34.6</ele>
        <time>2026-04-26T17:30:21.000Z</time>
      </trkpt>
      <trkpt lat="40.809878" lon="-73.965432">
        <ele>34.6</ele>
        <time>2026-04-26T17:30:22.000Z</time>
      </trkpt>
      <trkpt lat="40.809868" lon="-73.965436">
        <ele>34.6</ele>
        <time>2026-04-26T17:30:23.000Z</time>
      </trkpt>
      <trkpt lat="40.809859" lon="-73.965439">
        <ele>34.4</ele>
        <time>2026-04-26T17:30:24.000Z</time>
      </trkpt>
      <trkpt lat="40.80985" lon="-73.965442">
        <ele>34.4</ele>
        <time>2026-04-26T17:30:25.000Z</time>
      </trkpt>
      <trkpt lat="40.809839" lon="-73.965444">
        <ele>34.4</ele>
        <time>2026-04-26T17:30:26.000Z</time>
      </trkpt>
      <trkpt lat="40.809829" lon="-73.965445">
        <ele>34.4</ele>
        <time>2026-04-26T17:30:27.000Z</time>
      </trkpt>
      <trkpt lat="40.80982" lon="-73.965446">
        <ele>34.4</ele>
        <time>2026-04-26T17:30:28.000Z</time>
      </trkpt>
      <trkpt lat="40.80981" lon="-73.965446">
        <ele>34.2</ele>
        <time>2026-04-26T17:30:29.000Z</time>
      </trkpt>
      <trkpt lat="40.809799" lon="-73.965448">
        <ele>34.2</ele>
        <time>2026-04-26T17:30:30.000Z</time>
      </trkpt>
      <trkpt lat="40.809789" lon="-73.965451">
        <ele>34.2</ele>
        <time>2026-04-26T17:30:31.000Z</time>
      </trkpt>
      <trkpt lat="40.809778" lon="-73.965453">
        <ele>34.2</ele>
        <time>2026-04-26T17:30:32.000Z</time>
      </trkpt>
      <trkpt lat="40.809768" lon="-73.965456">
        <ele>34.2</ele>
        <time>2026-04-26T17:30:33.000Z</time>
      </trkpt>
      <trkpt lat="40.809758" lon="-73.96546">
        <ele>34</ele>
        <time>2026-04-26T17:30:34.000Z</time>
      </trkpt>
      <trkpt lat="40.809748" lon="-73.965465">
        <ele>34</ele>
        <time>2026-04-26T17:30:35.000Z</time>
      </trkpt>
      <trkpt lat="40.809738" lon="-73.96547">
        <ele>34</ele>
        <time>2026-04-26T17:30:36.000Z</time>
      </trkpt>
      <trkpt lat="40.809728" lon="-73.965475">
        <ele>34</ele>
        <time>2026-04-26T17:30:37.000Z</time>
      </trkpt>
      <trkpt lat="40.809718" lon="-73.965479">
        <ele>34</ele>
        <time>2026-04-26T17:30:38.000Z</time>
      </trkpt>
      <trkpt lat="40.809708" lon="-73.965485">
        <ele>33.8</ele>
        <time>2026-04-26T17:30:39.000Z</time>
      </trkpt>
      <trkpt lat="40.809698" lon="-73.96549">
        <ele>33.8</ele>
        <time>2026-04-26T17:30:40.000Z</time>
      </trkpt>
      <trkpt lat="40.809688" lon="-73.965497">
        <ele>33.8</ele>
        <time>2026-04-26T17:30:41.000Z</time>
      </trkpt>
      <trkpt lat="40.809679" lon="-73.965504">
        <ele>33.8</ele>
        <time>2026-04-26T17:30:42.000Z</time>
      </trkpt>
      <trkpt lat="40.80967" lon="-73.965511">
        <ele>33.8</ele>
        <time>2026-04-26T17:30:43.000Z</time>
      </trkpt>
      <trkpt lat="40.809661" lon="-73.965519">
        <ele>33.6</ele>
        <time>2026-04-26T17:30:44.000Z</time>
      </trkpt>
      <trkpt lat="40.809651" lon="-73.965527">
        <ele>33.6</ele>
        <time>2026-04-26T17:30:45.000Z</time>
      </trkpt>
      <trkpt lat="40.809641" lon="-73.965535">
        <ele>33.6</ele>
        <time>2026-04-26T17:30:46.000Z</time>
      </trkpt>
      <trkpt lat="40.809632" lon="-73.965544">
        <ele>33.6</ele>
        <time>2026-04-26T17:30:47.000Z</time>
      </trkpt>
      <trkpt lat="40.809622" lon="-73.965552">
        <ele>33.6</ele>
        <time>2026-04-26T17:30:48.000Z</time>
      </trkpt>
      <trkpt lat="40.809614" lon="-73.96556">
        <ele>33.6</ele>
        <time>2026-04-26T17:30:49.000Z</time>
      </trkpt>
      <trkpt lat="40.809605" lon="-73.965566">
        <ele>33.4</ele>
        <time>2026-04-26T17:30:50.000Z</time>
      </trkpt>
      <trkpt lat="40.809595" lon="-73.965572">
        <ele>33.4</ele>
        <time>2026-04-26T17:30:51.000Z</time>
      </trkpt>
      <trkpt lat="40.809585" lon="-73.965578">
        <ele>33.4</ele>
        <time>2026-04-26T17:30:52.000Z</time>
      </trkpt>
      <trkpt lat="40.809575" lon="-73.965584">
        <ele>33.4</ele>
        <time>2026-04-26T17:30:53.000Z</time>
      </trkpt>
      <trkpt lat="40.809566" lon="-73.965591">
        <ele>33.4</ele>
        <time>2026-04-26T17:30:54.000Z</time>
      </trkpt>
      <trkpt lat="40.809556" lon="-73.9656">
        <ele>33.4</ele>
        <time>2026-04-26T17:30:55.000Z</time>
      </trkpt>
      <trkpt lat="40.809547" lon="-73.965609">
        <ele>33.4</ele>
        <time>2026-04-26T17:30:56.000Z</time>
      </trkpt>
      <trkpt lat="40.809538" lon="-73.965619">
        <ele>33.2</ele>
        <time>2026-04-26T17:30:57.000Z</time>
      </trkpt>
      <trkpt lat="40.809529" lon="-73.965629">
        <ele>33.2</ele>
        <time>2026-04-26T17:30:58.000Z</time>
      </trkpt>
      <trkpt lat="40.80952" lon="-73.965638">
        <ele>33.2</ele>
        <time>2026-04-26T17:30:59.000Z</time>
      </trkpt>
      <trkpt lat="40.809511" lon="-73.965648">
        <ele>33.2</ele>
        <time>2026-04-26T17:31:00.000Z</time>
      </trkpt>
      <trkpt lat="40.809503" lon="-73.965656">
        <ele>33.2</ele>
        <time>2026-04-26T17:31:01.000Z</time>
      </trkpt>
      <trkpt lat="40.809494" lon="-73.965664">
        <ele>33.2</ele>
        <time>2026-04-26T17:31:02.000Z</time>
      </trkpt>
      <trkpt lat="40.809485" lon="-73.965671">
        <ele>33.2</ele>
        <time>2026-04-26T17:31:03.000Z</time>
      </trkpt>
      <trkpt lat="40.809475" lon="-73.965679">
        <ele>33.2</ele>
        <time>2026-04-26T17:31:04.000Z</time>
      </trkpt>
      <trkpt lat="40.809467" lon="-73.965686">
        <ele>33</ele>
        <time>2026-04-26T17:31:05.000Z</time>
      </trkpt>
      <trkpt lat="40.809458" lon="-73.965693">
        <ele>33</ele>
        <time>2026-04-26T17:31:06.000Z</time>
      </trkpt>
      <trkpt lat="40.809449" lon="-73.9657">
        <ele>33</ele>
        <time>2026-04-26T17:31:07.000Z</time>
      </trkpt>
      <trkpt lat="40.809441" lon="-73.965707">
        <ele>33</ele>
        <time>2026-04-26T17:31:08.000Z</time>
      </trkpt>
      <trkpt lat="40.809432" lon="-73.965713">
        <ele>33</ele>
        <time>2026-04-26T17:31:09.000Z</time>
      </trkpt>
      <trkpt lat="40.809423" lon="-73.965719">
        <ele>33</ele>
        <time>2026-04-26T17:31:10.000Z</time>
      </trkpt>
      <trkpt lat="40.809414" lon="-73.965724">
        <ele>33</ele>
        <time>2026-04-26T17:31:11.000Z</time>
      </trkpt>
      <trkpt lat="40.809406" lon="-73.965729">
        <ele>33</ele>
        <time>2026-04-26T17:31:12.000Z</time>
      </trkpt>
      <trkpt lat="40.809397" lon="-73.965734">
        <ele>32.8</ele>
        <time>2026-04-26T17:31:13.000Z</time>
      </trkpt>
      <trkpt lat="40.809387" lon="-73.965739">
        <ele>32.8</ele>
        <time>2026-04-26T17:31:14.000Z</time>
      </trkpt>
      <trkpt lat="40.809378" lon="-73.965745">
        <ele>32.8</ele>
        <time>2026-04-26T17:31:15.000Z</time>
      </trkpt>
      <trkpt lat="40.80937" lon="-73.965752">
        <ele>32.8</ele>
        <time>2026-04-26T17:31:16.000Z</time>
      </trkpt>
      <trkpt lat="40.809361" lon="-73.965759">
        <ele>32.8</ele>
        <time>2026-04-26T17:31:17.000Z</time>
      </trkpt>
      <trkpt lat="40.809352" lon="-73.965765">
        <ele>32.8</ele>
        <time>2026-04-26T17:31:18.000Z</time>
      </trkpt>
      <trkpt lat="40.809343" lon="-73.965771">
        <ele>32.8</ele>
        <time>2026-04-26T17:31:19.000Z</time>
      </trkpt>
      <trkpt lat="40.809333" lon="-73.965777">
        <ele>32.8</ele>
        <time>2026-04-26T17:31:20.000Z</time>
      </trkpt>
      <trkpt lat="40.809324" lon="-73.965782">
        <ele>32.6</ele>
        <time>2026-04-26T17:31:21.000Z</time>
      </trkpt>
      <trkpt lat="40.809314" lon="-73.965788">
        <ele>32.6</ele>
        <time>2026-04-26T17:31:22.000Z</time>
      </trkpt>
      <trkpt lat="40.809305" lon="-73.965794">
        <ele>32.6</ele>
        <time>2026-04-26T17:31:23.000Z</time>
      </trkpt>
      <trkpt lat="40.809296" lon="-73.9658">
        <ele>32.6</ele>
        <time>2026-04-26T17:31:24.000Z</time>
      </trkpt>
      <trkpt lat="40.809288" lon="-73.965806">
        <ele>32.6</ele>
        <time>2026-04-26T17:31:25.000Z</time>
      </trkpt>
      <trkpt lat="40.809279" lon="-73.965812">
        <ele>32.6</ele>
        <time>2026-04-26T17:31:26.000Z</time>
      </trkpt>
      <trkpt lat="40.80927" lon="-73.965819">
        <ele>32.6</ele>
        <time>2026-04-26T17:31:27.000Z</time>
      </trkpt>
      <trkpt lat="40.809262" lon="-73.965825">
        <ele>32.6</ele>
        <time>2026-04-26T17:31:28.000Z</time>
      </trkpt>
      <trkpt lat="40.809253" lon="-73.965832">
        <ele>32.4</ele>
        <time>2026-04-26T17:31:29.000Z</time>
      </trkpt>
      <trkpt lat="40.809244" lon="-73.965838">
        <ele>32.4</ele>
        <time>2026-04-26T17:31:30.000Z</time>
      </trkpt>
      <trkpt lat="40.809235" lon="-73.965844">
        <ele>32.4</ele>
        <time>2026-04-26T17:31:31.000Z</time>
      </trkpt>
      <trkpt lat="40.809226" lon="-73.965851">
        <ele>32.4</ele>
        <time>2026-04-26T17:31:32.000Z</time>
      </trkpt>
      <trkpt lat="40.809216" lon="-73.965857">
        <ele>32.4</ele>
        <time>2026-04-26T17:31:33.000Z</time>
      </trkpt>
      <trkpt lat="40.809206" lon="-73.965863">
        <ele>32.4</ele>
        <time>2026-04-26T17:31:34.000Z</time>
      </trkpt>
      <trkpt lat="40.809197" lon="-73.965869">
        <ele>32.2</ele>
        <time>2026-04-26T17:31:35.000Z</time>
      </trkpt>
      <trkpt lat="40.809188" lon="-73.965875">
        <ele>32.2</ele>
        <time>2026-04-26T17:31:36.000Z</time>
      </trkpt>
      <trkpt lat="40.809178" lon="-73.965882">
        <ele>32.2</ele>
        <time>2026-04-26T17:31:37.000Z</time>
      </trkpt>
      <trkpt lat="40.809169" lon="-73.96589">
        <ele>32.2</ele>
        <time>2026-04-26T17:31:38.000Z</time>
      </trkpt>
      <trkpt lat="40.809159" lon="-73.965898">
        <ele>32.2</ele>
        <time>2026-04-26T17:31:39.000Z</time>
      </trkpt>
      <trkpt lat="40.80915" lon="-73.965907">
        <ele>32</ele>
        <time>2026-04-26T17:31:40.000Z</time>
      </trkpt>
      <trkpt lat="40.80914" lon="-73.965915">
        <ele>32</ele>
        <time>2026-04-26T17:31:41.000Z</time>
      </trkpt>
      <trkpt lat="40.80913" lon="-73.965923">
        <ele>32</ele>
        <time>2026-04-26T17:31:42.000Z</time>
      </trkpt>
      <trkpt lat="40.80912" lon="-73.965929">
        <ele>32</ele>
        <time>2026-04-26T17:31:43.000Z</time>
      </trkpt>
      <trkpt lat="40.809111" lon="-73.965936">
        <ele>32</ele>
        <time>2026-04-26T17:31:44.000Z</time>
      </trkpt>
      <trkpt lat="40.809102" lon="-73.965944">
        <ele>32</ele>
        <time>2026-04-26T17:31:45.000Z</time>
      </trkpt>
      <trkpt lat="40.809095" lon="-73.965952">
        <ele>32</ele>
        <time>2026-04-26T17:31:46.000Z</time>
      </trkpt>
      <trkpt lat="40.809083" lon="-73.965963">
        <ele>32</ele>
        <time>2026-04-26T17:31:47.000Z</time>
      </trkpt>
      <trkpt lat="40.809078" lon="-73.965967">
        <ele>31.8</ele>
        <time>2026-04-26T17:31:48.000Z</time>
      </trkpt>
      <trkpt lat="40.809068" lon="-73.965975">
        <ele>31.8</ele>
        <time>2026-04-26T17:31:49.000Z</time>
      </trkpt>
      <trkpt lat="40.809058" lon="-73.965982">
        <ele>31.8</ele>
        <time>2026-04-26T17:31:50.000Z</time>
      </trkpt>
      <trkpt lat="40.809049" lon="-73.965988">
        <ele>31.8</ele>
        <time>2026-04-26T17:31:51.000Z</time>
      </trkpt>
      <trkpt lat="40.80904" lon="-73.965995">
        <ele>31.6</ele>
        <time>2026-04-26T17:31:52.000Z</time>
      </trkpt>
      <trkpt lat="40.80903" lon="-73.966002">
        <ele>31.6</ele>
        <time>2026-04-26T17:31:53.000Z</time>
      </trkpt>
      <trkpt lat="40.809021" lon="-73.966009">
        <ele>31.4</ele>
        <time>2026-04-26T17:31:54.000Z</time>
      </trkpt>
      <trkpt lat="40.809012" lon="-73.966017">
        <ele>31.4</ele>
        <time>2026-04-26T17:31:55.000Z</time>
      </trkpt>
      <trkpt lat="40.809003" lon="-73.966024">
        <ele>31.4</ele>
        <time>2026-04-26T17:31:56.000Z</time>
      </trkpt>
      <trkpt lat="40.808994" lon="-73.966032">
        <ele>31.2</ele>
        <time>2026-04-26T17:31:57.000Z</time>
      </trkpt>
      <trkpt lat="40.808985" lon="-73.966041">
        <ele>31.2</ele>
        <time>2026-04-26T17:31:58.000Z</time>
      </trkpt>
      <trkpt lat="40.808977" lon="-73.966049">
        <ele>31.2</ele>
        <time>2026-04-26T17:31:59.000Z</time>
      </trkpt>
      <trkpt lat="40.808968" lon="-73.966056">
        <ele>31.2</ele>
        <time>2026-04-26T17:32:00.000Z</time>
      </trkpt>
      <trkpt lat="40.80896" lon="-73.966063">
        <ele>31.2</ele>
        <time>2026-04-26T17:32:01.000Z</time>
      </trkpt>
      <trkpt lat="40.808951" lon="-73.966071">
        <ele>31.2</ele>
        <time>2026-04-26T17:32:02.000Z</time>
      </trkpt>
      <trkpt lat="40.808942" lon="-73.966079">
        <ele>31.2</ele>
        <time>2026-04-26T17:32:03.000Z</time>
      </trkpt>
      <trkpt lat="40.808933" lon="-73.966088">
        <ele>31.2</ele>
        <time>2026-04-26T17:32:04.000Z</time>
      </trkpt>
      <trkpt lat="40.808925" lon="-73.966097">
        <ele>31</ele>
        <time>2026-04-26T17:32:05.000Z</time>
      </trkpt>
      <trkpt lat="40.808916" lon="-73.966106">
        <ele>31</ele>
        <time>2026-04-26T17:32:06.000Z</time>
      </trkpt>
      <trkpt lat="40.808908" lon="-73.966115">
        <ele>31</ele>
        <time>2026-04-26T17:32:07.000Z</time>
      </trkpt>
      <trkpt lat="40.8089" lon="-73.966125">
        <ele>31</ele>
        <time>2026-04-26T17:32:08.000Z</time>
      </trkpt>
      <trkpt lat="40.808892" lon="-73.966135">
        <ele>31</ele>
        <time>2026-04-26T17:32:09.000Z</time>
      </trkpt>
      <trkpt lat="40.808884" lon="-73.966145">
        <ele>31</ele>
        <time>2026-04-26T17:32:10.000Z</time>
      </trkpt>
      <trkpt lat="40.808877" lon="-73.966154">
        <ele>30.8</ele>
        <time>2026-04-26T17:32:11.000Z</time>
      </trkpt>
      <trkpt lat="40.808871" lon="-73.966162">
        <ele>30.8</ele>
        <time>2026-04-26T17:32:12.000Z</time>
      </trkpt>
      <trkpt lat="40.808863" lon="-73.966171">
        <ele>30.8</ele>
        <time>2026-04-26T17:32:13.000Z</time>
      </trkpt>
      <trkpt lat="40.808855" lon="-73.966179">
        <ele>30.8</ele>
        <time>2026-04-26T17:32:14.000Z</time>
      </trkpt>
      <trkpt lat="40.808847" lon="-73.966187">
        <ele>30.8</ele>
        <time>2026-04-26T17:32:15.000Z</time>
      </trkpt>
      <trkpt lat="40.808838" lon="-73.966194">
        <ele>30.8</ele>
        <time>2026-04-26T17:32:16.000Z</time>
      </trkpt>
      <trkpt lat="40.808829" lon="-73.9662">
        <ele>30.8</ele>
        <time>2026-04-26T17:32:17.000Z</time>
      </trkpt>
      <trkpt lat="40.808821" lon="-73.966207">
        <ele>30.8</ele>
        <time>2026-04-26T17:32:18.000Z</time>
      </trkpt>
      <trkpt lat="40.808813" lon="-73.966214">
        <ele>30.8</ele>
        <time>2026-04-26T17:32:19.000Z</time>
      </trkpt>
      <trkpt lat="40.808804" lon="-73.966222">
        <ele>30.8</ele>
        <time>2026-04-26T17:32:20.000Z</time>
      </trkpt>
      <trkpt lat="40.808796" lon="-73.96623">
        <ele>30.6</ele>
        <time>2026-04-26T17:32:21.000Z</time>
      </trkpt>
      <trkpt lat="40.808787" lon="-73.966239">
        <ele>30.6</ele>
        <time>2026-04-26T17:32:22.000Z</time>
      </trkpt>
      <trkpt lat="40.808779" lon="-73.966247">
        <ele>30.6</ele>
        <time>2026-04-26T17:32:23.000Z</time>
      </trkpt>
      <trkpt lat="40.80877" lon="-73.966255">
        <ele>30.6</ele>
        <time>2026-04-26T17:32:24.000Z</time>
      </trkpt>
      <trkpt lat="40.808762" lon="-73.966264">
        <ele>30.6</ele>
        <time>2026-04-26T17:32:25.000Z</time>
      </trkpt>
      <trkpt lat="40.808754" lon="-73.966273">
        <ele>30.6</ele>
        <time>2026-04-26T17:32:26.000Z</time>
      </trkpt>
      <trkpt lat="40.808746" lon="-73.966282">
        <ele>30.6</ele>
        <time>2026-04-26T17:32:27.000Z</time>
      </trkpt>
      <trkpt lat="40.808738" lon="-73.966292">
        <ele>30.4</ele>
        <time>2026-04-26T17:32:28.000Z</time>
      </trkpt>
      <trkpt lat="40.808731" lon="-73.966302">
        <ele>30.4</ele>
        <time>2026-04-26T17:32:29.000Z</time>
      </trkpt>
      <trkpt lat="40.808724" lon="-73.966312">
        <ele>30.4</ele>
        <time>2026-04-26T17:32:30.000Z</time>
      </trkpt>
      <trkpt lat="40.808718" lon="-73.966322">
        <ele>30.4</ele>
        <time>2026-04-26T17:32:31.000Z</time>
      </trkpt>
      <trkpt lat="40.808705" lon="-73.966343">
        <ele>30.4</ele>
        <time>2026-04-26T17:32:32.000Z</time>
      </trkpt>
      <trkpt lat="40.808698" lon="-73.966354">
        <ele>30.2</ele>
        <time>2026-04-26T17:32:33.000Z</time>
      </trkpt>
      <trkpt lat="40.808691" lon="-73.966364">
        <ele>30.2</ele>
        <time>2026-04-26T17:32:34.000Z</time>
      </trkpt>
      <trkpt lat="40.808685" lon="-73.966375">
        <ele>30.2</ele>
        <time>2026-04-26T17:32:35.000Z</time>
      </trkpt>
      <trkpt lat="40.808679" lon="-73.966385">
        <ele>30.2</ele>
        <time>2026-04-26T17:32:36.000Z</time>
      </trkpt>
      <trkpt lat="40.808672" lon="-73.966394">
        <ele>30</ele>
        <time>2026-04-26T17:32:37.000Z</time>
      </trkpt>
      <trkpt lat="40.808666" lon="-73.966404">
        <ele>30</ele>
        <time>2026-04-26T17:32:38.000Z</time>
      </trkpt>
      <trkpt lat="40.80866" lon="-73.966414">
        <ele>30</ele>
        <time>2026-04-26T17:32:39.000Z</time>
      </trkpt>
      <trkpt lat="40.808654" lon="-73.966423">
        <ele>30</ele>
        <time>2026-04-26T17:32:40.000Z</time>
      </trkpt>
      <trkpt lat="40.808647" lon="-73.966433">
        <ele>30</ele>
        <time>2026-04-26T17:32:41.000Z</time>
      </trkpt>
      <trkpt lat="40.80864" lon="-73.966442">
        <ele>29.8</ele>
        <time>2026-04-26T17:32:42.000Z</time>
      </trkpt>
      <trkpt lat="40.808633" lon="-73.966451">
        <ele>29.8</ele>
        <time>2026-04-26T17:32:43.000Z</time>
      </trkpt>
      <trkpt lat="40.808625" lon="-73.96646">
        <ele>29.8</ele>
        <time>2026-04-26T17:32:44.000Z</time>
      </trkpt>
      <trkpt lat="40.808618" lon="-73.966469">
        <ele>29.8</ele>
        <time>2026-04-26T17:32:45.000Z</time>
      </trkpt>
      <trkpt lat="40.808611" lon="-73.966478">
        <ele>29.6</ele>
        <time>2026-04-26T17:32:46.000Z</time>
      </trkpt>
      <trkpt lat="40.808603" lon="-73.966487">
        <ele>29.6</ele>
        <time>2026-04-26T17:32:47.000Z</time>
      </trkpt>
      <trkpt lat="40.808596" lon="-73.966497">
        <ele>29.6</ele>
        <time>2026-04-26T17:32:48.000Z</time>
      </trkpt>
      <trkpt lat="40.808588" lon="-73.966506">
        <ele>29.4</ele>
        <time>2026-04-26T17:32:49.000Z</time>
      </trkpt>
      <trkpt lat="40.808581" lon="-73.966515">
        <ele>29.4</ele>
        <time>2026-04-26T17:32:50.000Z</time>
      </trkpt>
      <trkpt lat="40.808573" lon="-73.966525">
        <ele>29.4</ele>
        <time>2026-04-26T17:32:51.000Z</time>
      </trkpt>
      <trkpt lat="40.808566" lon="-73.966535">
        <ele>29.2</ele>
        <time>2026-04-26T17:32:52.000Z</time>
      </trkpt>
      <trkpt lat="40.808558" lon="-73.966545">
        <ele>29.2</ele>
        <time>2026-04-26T17:32:53.000Z</time>
      </trkpt>
      <trkpt lat="40.80855" lon="-73.966554">
        <ele>29.2</ele>
        <time>2026-04-26T17:32:54.000Z</time>
      </trkpt>
      <trkpt lat="40.808542" lon="-73.966564">
        <ele>29</ele>
        <time>2026-04-26T17:32:55.000Z</time>
      </trkpt>
      <trkpt lat="40.808535" lon="-73.966573">
        <ele>29</ele>
        <time>2026-04-26T17:32:56.000Z</time>
      </trkpt>
      <trkpt lat="40.808528" lon="-73.966582">
        <ele>29</ele>
        <time>2026-04-26T17:32:57.000Z</time>
      </trkpt>
      <trkpt lat="40.808521" lon="-73.96659">
        <ele>29</ele>
        <time>2026-04-26T17:32:58.000Z</time>
      </trkpt>
      <trkpt lat="40.808515" lon="-73.966599">
        <ele>29</ele>
        <time>2026-04-26T17:32:59.000Z</time>
      </trkpt>
      <trkpt lat="40.808508" lon="-73.966608">
        <ele>28.8</ele>
        <time>2026-04-26T17:33:00.000Z</time>
      </trkpt>
      <trkpt lat="40.808501" lon="-73.966617">
        <ele>28.8</ele>
        <time>2026-04-26T17:33:01.000Z</time>
      </trkpt>
      <trkpt lat="40.808494" lon="-73.966626">
        <ele>28.8</ele>
        <time>2026-04-26T17:33:02.000Z</time>
      </trkpt>
      <trkpt lat="40.808487" lon="-73.966635">
        <ele>28.8</ele>
        <time>2026-04-26T17:33:03.000Z</time>
      </trkpt>
      <trkpt lat="40.80848" lon="-73.966644">
        <ele>28.8</ele>
        <time>2026-04-26T17:33:04.000Z</time>
      </trkpt>
      <trkpt lat="40.808473" lon="-73.966654">
        <ele>28.8</ele>
        <time>2026-04-26T17:33:05.000Z</time>
      </trkpt>
      <trkpt lat="40.808465" lon="-73.966664">
        <ele>28.8</ele>
        <time>2026-04-26T17:33:06.000Z</time>
      </trkpt>
      <trkpt lat="40.808457" lon="-73.966675">
        <ele>28.6</ele>
        <time>2026-04-26T17:33:07.000Z</time>
      </trkpt>
      <trkpt lat="40.808449" lon="-73.966685">
        <ele>28.6</ele>
        <time>2026-04-26T17:33:08.000Z</time>
      </trkpt>
      <trkpt lat="40.808442" lon="-73.966695">
        <ele>28.6</ele>
        <time>2026-04-26T17:33:09.000Z</time>
      </trkpt>
      <trkpt lat="40.808434" lon="-73.966704">
        <ele>28.6</ele>
        <time>2026-04-26T17:33:10.000Z</time>
      </trkpt>
      <trkpt lat="40.808427" lon="-73.966714">
        <ele>28.6</ele>
        <time>2026-04-26T17:33:11.000Z</time>
      </trkpt>
      <trkpt lat="40.80842" lon="-73.966724">
        <ele>28.4</ele>
        <time>2026-04-26T17:33:12.000Z</time>
      </trkpt>
      <trkpt lat="40.808412" lon="-73.966733">
        <ele>28.4</ele>
        <time>2026-04-26T17:33:13.000Z</time>
      </trkpt>
      <trkpt lat="40.808405" lon="-73.966743">
        <ele>28.4</ele>
        <time>2026-04-26T17:33:14.000Z</time>
      </trkpt>
      <trkpt lat="40.808398" lon="-73.966752">
        <ele>28.4</ele>
        <time>2026-04-26T17:33:15.000Z</time>
      </trkpt>
      <trkpt lat="40.808391" lon="-73.966761">
        <ele>28.4</ele>
        <time>2026-04-26T17:33:16.000Z</time>
      </trkpt>
      <trkpt lat="40.808384" lon="-73.966771">
        <ele>28.4</ele>
        <time>2026-04-26T17:33:17.000Z</time>
      </trkpt>
      <trkpt lat="40.808377" lon="-73.966781">
        <ele>28.4</ele>
        <time>2026-04-26T17:33:18.000Z</time>
      </trkpt>
      <trkpt lat="40.80837" lon="-73.966791">
        <ele>28.4</ele>
        <time>2026-04-26T17:33:19.000Z</time>
      </trkpt>
      <trkpt lat="40.808363" lon="-73.9668">
        <ele>28.4</ele>
        <time>2026-04-26T17:33:20.000Z</time>
      </trkpt>
      <trkpt lat="40.808356" lon="-73.96681">
        <ele>28.4</ele>
        <time>2026-04-26T17:33:21.000Z</time>
      </trkpt>
      <trkpt lat="40.808349" lon="-73.96682">
        <ele>28.4</ele>
        <time>2026-04-26T17:33:22.000Z</time>
      </trkpt>
      <trkpt lat="40.808342" lon="-73.96683">
        <ele>28.4</ele>
        <time>2026-04-26T17:33:23.000Z</time>
      </trkpt>
      <trkpt lat="40.808335" lon="-73.966839">
        <ele>28.6</ele>
        <time>2026-04-26T17:33:24.000Z</time>
      </trkpt>
      <trkpt lat="40.808328" lon="-73.966849">
        <ele>28.6</ele>
        <time>2026-04-26T17:33:25.000Z</time>
      </trkpt>
      <trkpt lat="40.80832" lon="-73.966858">
        <ele>28.6</ele>
        <time>2026-04-26T17:33:26.000Z</time>
      </trkpt>
      <trkpt lat="40.808312" lon="-73.966867">
        <ele>28.6</ele>
        <time>2026-04-26T17:33:27.000Z</time>
      </trkpt>
      <trkpt lat="40.808304" lon="-73.966876">
        <ele>28.6</ele>
        <time>2026-04-26T17:33:28.000Z</time>
      </trkpt>
      <trkpt lat="40.808295" lon="-73.966884">
        <ele>28.6</ele>
        <time>2026-04-26T17:33:29.000Z</time>
      </trkpt>
      <trkpt lat="40.808286" lon="-73.966893">
        <ele>28.6</ele>
        <time>2026-04-26T17:33:30.000Z</time>
      </trkpt>
      <trkpt lat="40.808276" lon="-73.966902">
        <ele>28.6</ele>
        <time>2026-04-26T17:33:31.000Z</time>
      </trkpt>
      <trkpt lat="40.808266" lon="-73.96691">
        <ele>28.8</ele>
        <time>2026-04-26T17:33:32.000Z</time>
      </trkpt>
      <trkpt lat="40.808255" lon="-73.966918">
        <ele>28.8</ele>
        <time>2026-04-26T17:33:33.000Z</time>
      </trkpt>
      <trkpt lat="40.808244" lon="-73.966926">
        <ele>28.8</ele>
        <time>2026-04-26T17:33:34.000Z</time>
      </trkpt>
      <trkpt lat="40.808234" lon="-73.966933">
        <ele>28.8</ele>
        <time>2026-04-26T17:33:35.000Z</time>
      </trkpt>
      <trkpt lat="40.808224" lon="-73.96694">
        <ele>28.8</ele>
        <time>2026-04-26T17:33:36.000Z</time>
      </trkpt>
      <trkpt lat="40.808213" lon="-73.966946">
        <ele>28.8</ele>
        <time>2026-04-26T17:33:37.000Z</time>
      </trkpt>
      <trkpt lat="40.808203" lon="-73.966953">
        <ele>28.8</ele>
        <time>2026-04-26T17:33:38.000Z</time>
      </trkpt>
      <trkpt lat="40.808192" lon="-73.96696">
        <ele>28.8</ele>
        <time>2026-04-26T17:33:39.000Z</time>
      </trkpt>
      <trkpt lat="40.808181" lon="-73.966966">
        <ele>28.8</ele>
        <time>2026-04-26T17:33:40.000Z</time>
      </trkpt>
      <trkpt lat="40.808171" lon="-73.966972">
        <ele>28.8</ele>
        <time>2026-04-26T17:33:41.000Z</time>
      </trkpt>
      <trkpt lat="40.808162" lon="-73.966978">
        <ele>29</ele>
        <time>2026-04-26T17:33:42.000Z</time>
      </trkpt>
      <trkpt lat="40.808152" lon="-73.966983">
        <ele>29</ele>
        <time>2026-04-26T17:33:43.000Z</time>
      </trkpt>
      <trkpt lat="40.808142" lon="-73.966989">
        <ele>29</ele>
        <time>2026-04-26T17:33:44.000Z</time>
      </trkpt>
      <trkpt lat="40.808133" lon="-73.966995">
        <ele>29</ele>
        <time>2026-04-26T17:33:45.000Z</time>
      </trkpt>
      <trkpt lat="40.808123" lon="-73.967001">
        <ele>29</ele>
        <time>2026-04-26T17:33:46.000Z</time>
      </trkpt>
      <trkpt lat="40.808113" lon="-73.967007">
        <ele>29</ele>
        <time>2026-04-26T17:33:47.000Z</time>
      </trkpt>
      <trkpt lat="40.808104" lon="-73.967012">
        <ele>29</ele>
        <time>2026-04-26T17:33:48.000Z</time>
      </trkpt>
      <trkpt lat="40.808094" lon="-73.967018">
        <ele>29</ele>
        <time>2026-04-26T17:33:49.000Z</time>
      </trkpt>
      <trkpt lat="40.808085" lon="-73.967023">
        <ele>29.2</ele>
        <time>2026-04-26T17:33:50.000Z</time>
      </trkpt>
      <trkpt lat="40.808076" lon="-73.967029">
        <ele>29.2</ele>
        <time>2026-04-26T17:33:51.000Z</time>
      </trkpt>
      <trkpt lat="40.808067" lon="-73.967034">
        <ele>29.2</ele>
        <time>2026-04-26T17:33:52.000Z</time>
      </trkpt>
      <trkpt lat="40.808059" lon="-73.967039">
        <ele>29.2</ele>
        <time>2026-04-26T17:33:53.000Z</time>
      </trkpt>
      <trkpt lat="40.80805" lon="-73.967044">
        <ele>29.2</ele>
        <time>2026-04-26T17:33:54.000Z</time>
      </trkpt>
      <trkpt lat="40.808041" lon="-73.967049">
        <ele>29.2</ele>
        <time>2026-04-26T17:33:55.000Z</time>
      </trkpt>
      <trkpt lat="40.808032" lon="-73.967054">
        <ele>29.2</ele>
        <time>2026-04-26T17:33:56.000Z</time>
      </trkpt>
      <trkpt lat="40.808024" lon="-73.967059">
        <ele>29.2</ele>
        <time>2026-04-26T17:33:57.000Z</time>
      </trkpt>
      <trkpt lat="40.808015" lon="-73.967065">
        <ele>29.2</ele>
        <time>2026-04-26T17:33:58.000Z</time>
      </trkpt>
      <trkpt lat="40.808006" lon="-73.967071">
        <ele>29.2</ele>
        <time>2026-04-26T17:33:59.000Z</time>
      </trkpt>
      <trkpt lat="40.807996" lon="-73.967076">
        <ele>29.2</ele>
        <time>2026-04-26T17:34:00.000Z</time>
      </trkpt>
      <trkpt lat="40.807988" lon="-73.967082">
        <ele>29.2</ele>
        <time>2026-04-26T17:34:01.000Z</time>
      </trkpt>
      <trkpt lat="40.807979" lon="-73.967088">
        <ele>29.4</ele>
        <time>2026-04-26T17:34:02.000Z</time>
      </trkpt>
      <trkpt lat="40.807971" lon="-73.967093">
        <ele>29.4</ele>
        <time>2026-04-26T17:34:03.000Z</time>
      </trkpt>
      <trkpt lat="40.807962" lon="-73.967099">
        <ele>29.4</ele>
        <time>2026-04-26T17:34:04.000Z</time>
      </trkpt>
      <trkpt lat="40.807953" lon="-73.967105">
        <ele>29.4</ele>
        <time>2026-04-26T17:34:05.000Z</time>
      </trkpt>
      <trkpt lat="40.807944" lon="-73.967111">
        <ele>29.4</ele>
        <time>2026-04-26T17:34:06.000Z</time>
      </trkpt>
      <trkpt lat="40.807935" lon="-73.967117">
        <ele>29.4</ele>
        <time>2026-04-26T17:34:07.000Z</time>
      </trkpt>
      <trkpt lat="40.807926" lon="-73.967123">
        <ele>29.4</ele>
        <time>2026-04-26T17:34:08.000Z</time>
      </trkpt>
      <trkpt lat="40.807917" lon="-73.967129">
        <ele>29.4</ele>
        <time>2026-04-26T17:34:09.000Z</time>
      </trkpt>
      <trkpt lat="40.807909" lon="-73.967134">
        <ele>29.4</ele>
        <time>2026-04-26T17:34:10.000Z</time>
      </trkpt>
      <trkpt lat="40.8079" lon="-73.96714">
        <ele>29.4</ele>
        <time>2026-04-26T17:34:11.000Z</time>
      </trkpt>
      <trkpt lat="40.807891" lon="-73.967146">
        <ele>29.4</ele>
        <time>2026-04-26T17:34:12.000Z</time>
      </trkpt>
      <trkpt lat="40.807882" lon="-73.967152">
        <ele>29.4</ele>
        <time>2026-04-26T17:34:13.000Z</time>
      </trkpt>
      <trkpt lat="40.807873" lon="-73.967158">
        <ele>29.4</ele>
        <time>2026-04-26T17:34:14.000Z</time>
      </trkpt>
      <trkpt lat="40.807863" lon="-73.967165">
        <ele>29.4</ele>
        <time>2026-04-26T17:34:15.000Z</time>
      </trkpt>
      <trkpt lat="40.807853" lon="-73.967171">
        <ele>29.4</ele>
        <time>2026-04-26T17:34:16.000Z</time>
      </trkpt>
      <trkpt lat="40.807843" lon="-73.967178">
        <ele>29.4</ele>
        <time>2026-04-26T17:34:17.000Z</time>
      </trkpt>
      <trkpt lat="40.807834" lon="-73.967184">
        <ele>29.4</ele>
        <time>2026-04-26T17:34:18.000Z</time>
      </trkpt>
      <trkpt lat="40.807824" lon="-73.96719">
        <ele>29.4</ele>
        <time>2026-04-26T17:34:19.000Z</time>
      </trkpt>
      <trkpt lat="40.807815" lon="-73.967196">
        <ele>29.4</ele>
        <time>2026-04-26T17:34:20.000Z</time>
      </trkpt>
      <trkpt lat="40.807806" lon="-73.967202">
        <ele>29.4</ele>
        <time>2026-04-26T17:34:21.000Z</time>
      </trkpt>
      <trkpt lat="40.807797" lon="-73.967209">
        <ele>29.4</ele>
        <time>2026-04-26T17:34:22.000Z</time>
      </trkpt>
      <trkpt lat="40.807787" lon="-73.967215">
        <ele>29.4</ele>
        <time>2026-04-26T17:34:23.000Z</time>
      </trkpt>
      <trkpt lat="40.807778" lon="-73.967222">
        <ele>29.4</ele>
        <time>2026-04-26T17:34:24.000Z</time>
      </trkpt>
      <trkpt lat="40.807768" lon="-73.967228">
        <ele>29.4</ele>
        <time>2026-04-26T17:34:25.000Z</time>
      </trkpt>
      <trkpt lat="40.807759" lon="-73.967235">
        <ele>29.4</ele>
        <time>2026-04-26T17:34:26.000Z</time>
      </trkpt>
      <trkpt lat="40.807749" lon="-73.967241">
        <ele>29.4</ele>
        <time>2026-04-26T17:34:27.000Z</time>
      </trkpt>
      <trkpt lat="40.80774" lon="-73.967247">
        <ele>29.4</ele>
        <time>2026-04-26T17:34:28.000Z</time>
      </trkpt>
      <trkpt lat="40.807732" lon="-73.967253">
        <ele>29.6</ele>
        <time>2026-04-26T17:34:29.000Z</time>
      </trkpt>
      <trkpt lat="40.807723" lon="-73.967259">
        <ele>29.6</ele>
        <time>2026-04-26T17:34:30.000Z</time>
      </trkpt>
      <trkpt lat="40.807715" lon="-73.967265">
        <ele>29.6</ele>
        <time>2026-04-26T17:34:31.000Z</time>
      </trkpt>
      <trkpt lat="40.807706" lon="-73.96727">
        <ele>29.6</ele>
        <time>2026-04-26T17:34:32.000Z</time>
      </trkpt>
      <trkpt lat="40.807697" lon="-73.967277">
        <ele>29.6</ele>
        <time>2026-04-26T17:34:33.000Z</time>
      </trkpt>
      <trkpt lat="40.807687" lon="-73.967283">
        <ele>29.6</ele>
        <time>2026-04-26T17:34:34.000Z</time>
      </trkpt>
      <trkpt lat="40.807678" lon="-73.967289">
        <ele>29.6</ele>
        <time>2026-04-26T17:34:35.000Z</time>
      </trkpt>
      <trkpt lat="40.807669" lon="-73.967296">
        <ele>29.6</ele>
        <time>2026-04-26T17:34:36.000Z</time>
      </trkpt>
      <trkpt lat="40.80766" lon="-73.967302">
        <ele>29.6</ele>
        <time>2026-04-26T17:34:37.000Z</time>
      </trkpt>
      <trkpt lat="40.807651" lon="-73.967307">
        <ele>29.8</ele>
        <time>2026-04-26T17:34:38.000Z</time>
      </trkpt>
      <trkpt lat="40.807643" lon="-73.967313">
        <ele>29.8</ele>
        <time>2026-04-26T17:34:39.000Z</time>
      </trkpt>
      <trkpt lat="40.807634" lon="-73.967319">
        <ele>29.8</ele>
        <time>2026-04-26T17:34:40.000Z</time>
      </trkpt>
      <trkpt lat="40.807625" lon="-73.967326">
        <ele>29.8</ele>
        <time>2026-04-26T17:34:41.000Z</time>
      </trkpt>
      <trkpt lat="40.807616" lon="-73.967332">
        <ele>29.8</ele>
        <time>2026-04-26T17:34:42.000Z</time>
      </trkpt>
      <trkpt lat="40.807606" lon="-73.967338">
        <ele>29.8</ele>
        <time>2026-04-26T17:34:43.000Z</time>
      </trkpt>
      <trkpt lat="40.807598" lon="-73.967344">
        <ele>30</ele>
        <time>2026-04-26T17:34:44.000Z</time>
      </trkpt>
      <trkpt lat="40.807589" lon="-73.96735">
        <ele>30</ele>
        <time>2026-04-26T17:34:45.000Z</time>
      </trkpt>
      <trkpt lat="40.80758" lon="-73.967356">
        <ele>30</ele>
        <time>2026-04-26T17:34:46.000Z</time>
      </trkpt>
      <trkpt lat="40.807571" lon="-73.967361">
        <ele>30</ele>
        <time>2026-04-26T17:34:47.000Z</time>
      </trkpt>
      <trkpt lat="40.807562" lon="-73.967368">
        <ele>30</ele>
        <time>2026-04-26T17:34:48.000Z</time>
      </trkpt>
      <trkpt lat="40.807552" lon="-73.967374">
        <ele>30</ele>
        <time>2026-04-26T17:34:49.000Z</time>
      </trkpt>
      <trkpt lat="40.807543" lon="-73.96738">
        <ele>30.2</ele>
        <time>2026-04-26T17:34:50.000Z</time>
      </trkpt>
      <trkpt lat="40.807533" lon="-73.967386">
        <ele>30.2</ele>
        <time>2026-04-26T17:34:51.000Z</time>
      </trkpt>
      <trkpt lat="40.807523" lon="-73.967392">
        <ele>30.2</ele>
        <time>2026-04-26T17:34:52.000Z</time>
      </trkpt>
      <trkpt lat="40.807514" lon="-73.967398">
        <ele>30.2</ele>
        <time>2026-04-26T17:34:53.000Z</time>
      </trkpt>
      <trkpt lat="40.807504" lon="-73.967404">
        <ele>30.2</ele>
        <time>2026-04-26T17:34:54.000Z</time>
      </trkpt>
      <trkpt lat="40.807495" lon="-73.96741">
        <ele>30.2</ele>
        <time>2026-04-26T17:34:55.000Z</time>
      </trkpt>
      <trkpt lat="40.807485" lon="-73.967416">
        <ele>30.2</ele>
        <time>2026-04-26T17:34:56.000Z</time>
      </trkpt>
      <trkpt lat="40.807476" lon="-73.967422">
        <ele>30.4</ele>
        <time>2026-04-26T17:34:57.000Z</time>
      </trkpt>
      <trkpt lat="40.807467" lon="-73.967428">
        <ele>30.4</ele>
        <time>2026-04-26T17:34:58.000Z</time>
      </trkpt>
      <trkpt lat="40.807457" lon="-73.967434">
        <ele>30.4</ele>
        <time>2026-04-26T17:34:59.000Z</time>
      </trkpt>
      <trkpt lat="40.807448" lon="-73.96744">
        <ele>30.4</ele>
        <time>2026-04-26T17:35:00.000Z</time>
      </trkpt>
      <trkpt lat="40.807438" lon="-73.967446">
        <ele>30.4</ele>
        <time>2026-04-26T17:35:01.000Z</time>
      </trkpt>
      <trkpt lat="40.807428" lon="-73.967452">
        <ele>30.4</ele>
        <time>2026-04-26T17:35:02.000Z</time>
      </trkpt>
      <trkpt lat="40.807418" lon="-73.967458">
        <ele>30.4</ele>
        <time>2026-04-26T17:35:03.000Z</time>
      </trkpt>
      <trkpt lat="40.807408" lon="-73.967465">
        <ele>30.4</ele>
        <time>2026-04-26T17:35:04.000Z</time>
      </trkpt>
      <trkpt lat="40.807399" lon="-73.967471">
        <ele>30.4</ele>
        <time>2026-04-26T17:35:05.000Z</time>
      </trkpt>
      <trkpt lat="40.807389" lon="-73.967477">
        <ele>30.4</ele>
        <time>2026-04-26T17:35:06.000Z</time>
      </trkpt>
      <trkpt lat="40.807379" lon="-73.967483">
        <ele>30.4</ele>
        <time>2026-04-26T17:35:07.000Z</time>
      </trkpt>
      <trkpt lat="40.807369" lon="-73.967489">
        <ele>30.4</ele>
        <time>2026-04-26T17:35:08.000Z</time>
      </trkpt>
      <trkpt lat="40.80736" lon="-73.967495">
        <ele>30.4</ele>
        <time>2026-04-26T17:35:09.000Z</time>
      </trkpt>
      <trkpt lat="40.80735" lon="-73.967501">
        <ele>30.4</ele>
        <time>2026-04-26T17:35:10.000Z</time>
      </trkpt>
      <trkpt lat="40.80734" lon="-73.967507">
        <ele>30.4</ele>
        <time>2026-04-26T17:35:11.000Z</time>
      </trkpt>
      <trkpt lat="40.807331" lon="-73.967513">
        <ele>30.4</ele>
        <time>2026-04-26T17:35:12.000Z</time>
      </trkpt>
      <trkpt lat="40.807321" lon="-73.967519">
        <ele>30.4</ele>
        <time>2026-04-26T17:35:13.000Z</time>
      </trkpt>
      <trkpt lat="40.807312" lon="-73.967526">
        <ele>30.4</ele>
        <time>2026-04-26T17:35:14.000Z</time>
      </trkpt>
      <trkpt lat="40.807303" lon="-73.967531">
        <ele>30.4</ele>
        <time>2026-04-26T17:35:15.000Z</time>
      </trkpt>
      <trkpt lat="40.807294" lon="-73.967537">
        <ele>30.4</ele>
        <time>2026-04-26T17:35:16.000Z</time>
      </trkpt>
      <trkpt lat="40.807285" lon="-73.967542">
        <ele>30.4</ele>
        <time>2026-04-26T17:35:17.000Z</time>
      </trkpt>
      <trkpt lat="40.807275" lon="-73.967547">
        <ele>30.4</ele>
        <time>2026-04-26T17:35:18.000Z</time>
      </trkpt>
      <trkpt lat="40.807265" lon="-73.967553">
        <ele>30.4</ele>
        <time>2026-04-26T17:35:19.000Z</time>
      </trkpt>
      <trkpt lat="40.807256" lon="-73.967558">
        <ele>30.4</ele>
        <time>2026-04-26T17:35:20.000Z</time>
      </trkpt>
      <trkpt lat="40.807246" lon="-73.967562">
        <ele>30.4</ele>
        <time>2026-04-26T17:35:21.000Z</time>
      </trkpt>
      <trkpt lat="40.807236" lon="-73.967567">
        <ele>30.4</ele>
        <time>2026-04-26T17:35:22.000Z</time>
      </trkpt>
      <trkpt lat="40.807226" lon="-73.967572">
        <ele>30.4</ele>
        <time>2026-04-26T17:35:23.000Z</time>
      </trkpt>
      <trkpt lat="40.807216" lon="-73.967576">
        <ele>30.6</ele>
        <time>2026-04-26T17:35:24.000Z</time>
      </trkpt>
      <trkpt lat="40.807205" lon="-73.967579">
        <ele>30.6</ele>
        <time>2026-04-26T17:35:25.000Z</time>
      </trkpt>
      <trkpt lat="40.807195" lon="-73.967582">
        <ele>30.6</ele>
        <time>2026-04-26T17:35:26.000Z</time>
      </trkpt>
      <trkpt lat="40.807185" lon="-73.967584">
        <ele>30.6</ele>
        <time>2026-04-26T17:35:27.000Z</time>
      </trkpt>
      <trkpt lat="40.807176" lon="-73.967586">
        <ele>30.6</ele>
        <time>2026-04-26T17:35:28.000Z</time>
      </trkpt>
      <trkpt lat="40.807166" lon="-73.967589">
        <ele>30.6</ele>
        <time>2026-04-26T17:35:29.000Z</time>
      </trkpt>
      <trkpt lat="40.807156" lon="-73.967592">
        <ele>30.6</ele>
        <time>2026-04-26T17:35:30.000Z</time>
      </trkpt>
      <trkpt lat="40.807146" lon="-73.967597">
        <ele>30.6</ele>
        <time>2026-04-26T17:35:31.000Z</time>
      </trkpt>
      <trkpt lat="40.807136" lon="-73.967602">
        <ele>30.6</ele>
        <time>2026-04-26T17:35:32.000Z</time>
      </trkpt>
      <trkpt lat="40.807126" lon="-73.967608">
        <ele>30.8</ele>
        <time>2026-04-26T17:35:33.000Z</time>
      </trkpt>
      <trkpt lat="40.807116" lon="-73.967614">
        <ele>30.8</ele>
        <time>2026-04-26T17:35:34.000Z</time>
      </trkpt>
      <trkpt lat="40.807107" lon="-73.967619">
        <ele>30.8</ele>
        <time>2026-04-26T17:35:35.000Z</time>
      </trkpt>
      <trkpt lat="40.807097" lon="-73.967624">
        <ele>30.8</ele>
        <time>2026-04-26T17:35:36.000Z</time>
      </trkpt>
      <trkpt lat="40.807088" lon="-73.967629">
        <ele>30.8</ele>
        <time>2026-04-26T17:35:37.000Z</time>
      </trkpt>
      <trkpt lat="40.807078" lon="-73.967634">
        <ele>30.8</ele>
        <time>2026-04-26T17:35:38.000Z</time>
      </trkpt>
      <trkpt lat="40.807069" lon="-73.96764">
        <ele>30.8</ele>
        <time>2026-04-26T17:35:39.000Z</time>
      </trkpt>
      <trkpt lat="40.807061" lon="-73.967647">
        <ele>30.8</ele>
        <time>2026-04-26T17:35:40.000Z</time>
      </trkpt>
      <trkpt lat="40.807053" lon="-73.967654">
        <ele>31</ele>
        <time>2026-04-26T17:35:41.000Z</time>
      </trkpt>
      <trkpt lat="40.807045" lon="-73.96766">
        <ele>31</ele>
        <time>2026-04-26T17:35:42.000Z</time>
      </trkpt>
      <trkpt lat="40.807036" lon="-73.967665">
        <ele>31</ele>
        <time>2026-04-26T17:35:43.000Z</time>
      </trkpt>
      <trkpt lat="40.807026" lon="-73.96767">
        <ele>31</ele>
        <time>2026-04-26T17:35:44.000Z</time>
      </trkpt>
      <trkpt lat="40.807016" lon="-73.967674">
        <ele>31</ele>
        <time>2026-04-26T17:35:45.000Z</time>
      </trkpt>
      <trkpt lat="40.807007" lon="-73.967679">
        <ele>31</ele>
        <time>2026-04-26T17:35:46.000Z</time>
      </trkpt>
      <trkpt lat="40.806998" lon="-73.967684">
        <ele>31</ele>
        <time>2026-04-26T17:35:47.000Z</time>
      </trkpt>
      <trkpt lat="40.806989" lon="-73.967689">
        <ele>31</ele>
        <time>2026-04-26T17:35:48.000Z</time>
      </trkpt>
      <trkpt lat="40.80698" lon="-73.967694">
        <ele>31</ele>
        <time>2026-04-26T17:35:49.000Z</time>
      </trkpt>
      <trkpt lat="40.806971" lon="-73.967699">
        <ele>31</ele>
        <time>2026-04-26T17:35:50.000Z</time>
      </trkpt>
      <trkpt lat="40.806961" lon="-73.967705">
        <ele>31</ele>
        <time>2026-04-26T17:35:51.000Z</time>
      </trkpt>
      <trkpt lat="40.806953" lon="-73.967712">
        <ele>31</ele>
        <time>2026-04-26T17:35:52.000Z</time>
      </trkpt>
      <trkpt lat="40.806944" lon="-73.96772">
        <ele>31</ele>
        <time>2026-04-26T17:35:53.000Z</time>
      </trkpt>
      <trkpt lat="40.806935" lon="-73.967727">
        <ele>31</ele>
        <time>2026-04-26T17:35:54.000Z</time>
      </trkpt>
      <trkpt lat="40.806927" lon="-73.967735">
        <ele>31</ele>
        <time>2026-04-26T17:35:55.000Z</time>
      </trkpt>
      <trkpt lat="40.806918" lon="-73.967744">
        <ele>31</ele>
        <time>2026-04-26T17:35:56.000Z</time>
      </trkpt>
      <trkpt lat="40.806909" lon="-73.967753">
        <ele>31</ele>
        <time>2026-04-26T17:35:57.000Z</time>
      </trkpt>
      <trkpt lat="40.8069" lon="-73.96776">
        <ele>31</ele>
        <time>2026-04-26T17:35:58.000Z</time>
      </trkpt>
      <trkpt lat="40.806892" lon="-73.967765">
        <ele>31</ele>
        <time>2026-04-26T17:35:59.000Z</time>
      </trkpt>
      <trkpt lat="40.806882" lon="-73.967771">
        <ele>31</ele>
        <time>2026-04-26T17:36:00.000Z</time>
      </trkpt>
      <trkpt lat="40.806872" lon="-73.967776">
        <ele>31</ele>
        <time>2026-04-26T17:36:01.000Z</time>
      </trkpt>
      <trkpt lat="40.806863" lon="-73.96778">
        <ele>31</ele>
        <time>2026-04-26T17:36:02.000Z</time>
      </trkpt>
      <trkpt lat="40.806853" lon="-73.967783">
        <ele>31</ele>
        <time>2026-04-26T17:36:03.000Z</time>
      </trkpt>
      <trkpt lat="40.806844" lon="-73.967786">
        <ele>31</ele>
        <time>2026-04-26T17:36:04.000Z</time>
      </trkpt>
      <trkpt lat="40.806834" lon="-73.967789">
        <ele>31</ele>
        <time>2026-04-26T17:36:05.000Z</time>
      </trkpt>
      <trkpt lat="40.806825" lon="-73.967793">
        <ele>31</ele>
        <time>2026-04-26T17:36:06.000Z</time>
      </trkpt>
      <trkpt lat="40.806815" lon="-73.967798">
        <ele>31</ele>
        <time>2026-04-26T17:36:07.000Z</time>
      </trkpt>
      <trkpt lat="40.806806" lon="-73.967804">
        <ele>31</ele>
        <time>2026-04-26T17:36:08.000Z</time>
      </trkpt>
      <trkpt lat="40.806796" lon="-73.96781">
        <ele>31</ele>
        <time>2026-04-26T17:36:09.000Z</time>
      </trkpt>
      <trkpt lat="40.806786" lon="-73.967815">
        <ele>31</ele>
        <time>2026-04-26T17:36:10.000Z</time>
      </trkpt>
      <trkpt lat="40.806776" lon="-73.967821">
        <ele>31</ele>
        <time>2026-04-26T17:36:11.000Z</time>
      </trkpt>
      <trkpt lat="40.806766" lon="-73.967828">
        <ele>31</ele>
        <time>2026-04-26T17:36:12.000Z</time>
      </trkpt>
      <trkpt lat="40.806757" lon="-73.967834">
        <ele>31</ele>
        <time>2026-04-26T17:36:13.000Z</time>
      </trkpt>
      <trkpt lat="40.806748" lon="-73.96784">
        <ele>31</ele>
        <time>2026-04-26T17:36:14.000Z</time>
      </trkpt>
      <trkpt lat="40.80674" lon="-73.967846">
        <ele>31</ele>
        <time>2026-04-26T17:36:15.000Z</time>
      </trkpt>
      <trkpt lat="40.806731" lon="-73.967852">
        <ele>31</ele>
        <time>2026-04-26T17:36:16.000Z</time>
      </trkpt>
      <trkpt lat="40.806723" lon="-73.967859">
        <ele>31</ele>
        <time>2026-04-26T17:36:17.000Z</time>
      </trkpt>
      <trkpt lat="40.806713" lon="-73.967866">
        <ele>31</ele>
        <time>2026-04-26T17:36:18.000Z</time>
      </trkpt>
      <trkpt lat="40.806704" lon="-73.967873">
        <ele>31</ele>
        <time>2026-04-26T17:36:19.000Z</time>
      </trkpt>
      <trkpt lat="40.806694" lon="-73.96788">
        <ele>31</ele>
        <time>2026-04-26T17:36:20.000Z</time>
      </trkpt>
      <trkpt lat="40.806685" lon="-73.967887">
        <ele>31</ele>
        <time>2026-04-26T17:36:21.000Z</time>
      </trkpt>
      <trkpt lat="40.806676" lon="-73.967893">
        <ele>31</ele>
        <time>2026-04-26T17:36:22.000Z</time>
      </trkpt>
      <trkpt lat="40.806667" lon="-73.967899">
        <ele>31</ele>
        <time>2026-04-26T17:36:23.000Z</time>
      </trkpt>
      <trkpt lat="40.806657" lon="-73.967904">
        <ele>31</ele>
        <time>2026-04-26T17:36:24.000Z</time>
      </trkpt>
      <trkpt lat="40.806648" lon="-73.967909">
        <ele>31</ele>
        <time>2026-04-26T17:36:25.000Z</time>
      </trkpt>
      <trkpt lat="40.806639" lon="-73.967913">
        <ele>31</ele>
        <time>2026-04-26T17:36:26.000Z</time>
      </trkpt>
      <trkpt lat="40.806629" lon="-73.967916">
        <ele>31</ele>
        <time>2026-04-26T17:36:27.000Z</time>
      </trkpt>
      <trkpt lat="40.80662" lon="-73.96792">
        <ele>30.8</ele>
        <time>2026-04-26T17:36:28.000Z</time>
      </trkpt>
      <trkpt lat="40.80661" lon="-73.967924">
        <ele>30.8</ele>
        <time>2026-04-26T17:36:29.000Z</time>
      </trkpt>
      <trkpt lat="40.806601" lon="-73.967929">
        <ele>30.8</ele>
        <time>2026-04-26T17:36:30.000Z</time>
      </trkpt>
      <trkpt lat="40.806592" lon="-73.967934">
        <ele>30.8</ele>
        <time>2026-04-26T17:36:31.000Z</time>
      </trkpt>
      <trkpt lat="40.806583" lon="-73.967939">
        <ele>30.8</ele>
        <time>2026-04-26T17:36:32.000Z</time>
      </trkpt>
      <trkpt lat="40.806575" lon="-73.967944">
        <ele>30.8</ele>
        <time>2026-04-26T17:36:33.000Z</time>
      </trkpt>
      <trkpt lat="40.806566" lon="-73.967949">
        <ele>30.8</ele>
        <time>2026-04-26T17:36:34.000Z</time>
      </trkpt>
      <trkpt lat="40.806557" lon="-73.967954">
        <ele>30.8</ele>
        <time>2026-04-26T17:36:35.000Z</time>
      </trkpt>
      <trkpt lat="40.806548" lon="-73.967958">
        <ele>30.8</ele>
        <time>2026-04-26T17:36:36.000Z</time>
      </trkpt>
      <trkpt lat="40.806538" lon="-73.967962">
        <ele>30.8</ele>
        <time>2026-04-26T17:36:37.000Z</time>
      </trkpt>
      <trkpt lat="40.806529" lon="-73.967966">
        <ele>30.8</ele>
        <time>2026-04-26T17:36:38.000Z</time>
      </trkpt>
      <trkpt lat="40.806519" lon="-73.96797">
        <ele>30.8</ele>
        <time>2026-04-26T17:36:39.000Z</time>
      </trkpt>
      <trkpt lat="40.806509" lon="-73.967974">
        <ele>30.8</ele>
        <time>2026-04-26T17:36:40.000Z</time>
      </trkpt>
      <trkpt lat="40.806499" lon="-73.967977">
        <ele>30.8</ele>
        <time>2026-04-26T17:36:41.000Z</time>
      </trkpt>
      <trkpt lat="40.80649" lon="-73.96798">
        <ele>30.8</ele>
        <time>2026-04-26T17:36:42.000Z</time>
      </trkpt>
      <trkpt lat="40.80648" lon="-73.967983">
        <ele>30.8</ele>
        <time>2026-04-26T17:36:43.000Z</time>
      </trkpt>
      <trkpt lat="40.80647" lon="-73.967987">
        <ele>30.8</ele>
        <time>2026-04-26T17:36:44.000Z</time>
      </trkpt>
      <trkpt lat="40.80646" lon="-73.967992">
        <ele>30.8</ele>
        <time>2026-04-26T17:36:45.000Z</time>
      </trkpt>
      <trkpt lat="40.80645" lon="-73.967998">
        <ele>30.8</ele>
        <time>2026-04-26T17:36:46.000Z</time>
      </trkpt>
      <trkpt lat="40.806441" lon="-73.968003">
        <ele>30.8</ele>
        <time>2026-04-26T17:36:47.000Z</time>
      </trkpt>
      <trkpt lat="40.806431" lon="-73.968009">
        <ele>30.8</ele>
        <time>2026-04-26T17:36:48.000Z</time>
      </trkpt>
      <trkpt lat="40.806422" lon="-73.968015">
        <ele>30.8</ele>
        <time>2026-04-26T17:36:49.000Z</time>
      </trkpt>
      <trkpt lat="40.806412" lon="-73.96802">
        <ele>30.8</ele>
        <time>2026-04-26T17:36:50.000Z</time>
      </trkpt>
      <trkpt lat="40.806402" lon="-73.968026">
        <ele>30.8</ele>
        <time>2026-04-26T17:36:51.000Z</time>
      </trkpt>
      <trkpt lat="40.806393" lon="-73.968032">
        <ele>30.8</ele>
        <time>2026-04-26T17:36:52.000Z</time>
      </trkpt>
      <trkpt lat="40.806383" lon="-73.968038">
        <ele>30.8</ele>
        <time>2026-04-26T17:36:53.000Z</time>
      </trkpt>
      <trkpt lat="40.806374" lon="-73.968045">
        <ele>30.8</ele>
        <time>2026-04-26T17:36:54.000Z</time>
      </trkpt>
      <trkpt lat="40.806365" lon="-73.968052">
        <ele>30.8</ele>
        <time>2026-04-26T17:36:55.000Z</time>
      </trkpt>
      <trkpt lat="40.806356" lon="-73.968059">
        <ele>30.8</ele>
        <time>2026-04-26T17:36:56.000Z</time>
      </trkpt>
      <trkpt lat="40.806347" lon="-73.968065">
        <ele>30.8</ele>
        <time>2026-04-26T17:36:57.000Z</time>
      </trkpt>
      <trkpt lat="40.806337" lon="-73.96807">
        <ele>30.8</ele>
        <time>2026-04-26T17:36:58.000Z</time>
      </trkpt>
      <trkpt lat="40.806327" lon="-73.968075">
        <ele>30.8</ele>
        <time>2026-04-26T17:36:59.000Z</time>
      </trkpt>
      <trkpt lat="40.806318" lon="-73.968079">
        <ele>30.8</ele>
        <time>2026-04-26T17:37:00.000Z</time>
      </trkpt>
      <trkpt lat="40.806308" lon="-73.968084">
        <ele>30.8</ele>
        <time>2026-04-26T17:37:01.000Z</time>
      </trkpt>
      <trkpt lat="40.806298" lon="-73.968089">
        <ele>30.8</ele>
        <time>2026-04-26T17:37:02.000Z</time>
      </trkpt>
      <trkpt lat="40.806287" lon="-73.968094">
        <ele>30.8</ele>
        <time>2026-04-26T17:37:03.000Z</time>
      </trkpt>
      <trkpt lat="40.806277" lon="-73.968099">
        <ele>30.8</ele>
        <time>2026-04-26T17:37:04.000Z</time>
      </trkpt>
      <trkpt lat="40.806266" lon="-73.968105">
        <ele>30.8</ele>
        <time>2026-04-26T17:37:05.000Z</time>
      </trkpt>
      <trkpt lat="40.806256" lon="-73.968111">
        <ele>30.8</ele>
        <time>2026-04-26T17:37:06.000Z</time>
      </trkpt>
      <trkpt lat="40.806246" lon="-73.968117">
        <ele>30.8</ele>
        <time>2026-04-26T17:37:07.000Z</time>
      </trkpt>
      <trkpt lat="40.806237" lon="-73.968123">
        <ele>30.8</ele>
        <time>2026-04-26T17:37:08.000Z</time>
      </trkpt>
      <trkpt lat="40.806227" lon="-73.968128">
        <ele>30.8</ele>
        <time>2026-04-26T17:37:09.000Z</time>
      </trkpt>
      <trkpt lat="40.806218" lon="-73.968133">
        <ele>30.8</ele>
        <time>2026-04-26T17:37:10.000Z</time>
      </trkpt>
      <trkpt lat="40.806209" lon="-73.968137">
        <ele>30.8</ele>
        <time>2026-04-26T17:37:11.000Z</time>
      </trkpt>
      <trkpt lat="40.806199" lon="-73.968141">
        <ele>30.8</ele>
        <time>2026-04-26T17:37:12.000Z</time>
      </trkpt>
      <trkpt lat="40.806189" lon="-73.968146">
        <ele>30.8</ele>
        <time>2026-04-26T17:37:13.000Z</time>
      </trkpt>
      <trkpt lat="40.806179" lon="-73.968151">
        <ele>30.8</ele>
        <time>2026-04-26T17:37:14.000Z</time>
      </trkpt>
      <trkpt lat="40.80617" lon="-73.968156">
        <ele>30.8</ele>
        <time>2026-04-26T17:37:15.000Z</time>
      </trkpt>
      <trkpt lat="40.806161" lon="-73.968161">
        <ele>30.8</ele>
        <time>2026-04-26T17:37:16.000Z</time>
      </trkpt>
      <trkpt lat="40.806152" lon="-73.968166">
        <ele>30.8</ele>
        <time>2026-04-26T17:37:17.000Z</time>
      </trkpt>
      <trkpt lat="40.806143" lon="-73.968171">
        <ele>30.8</ele>
        <time>2026-04-26T17:37:18.000Z</time>
      </trkpt>
      <trkpt lat="40.806134" lon="-73.968176">
        <ele>30.8</ele>
        <time>2026-04-26T17:37:19.000Z</time>
      </trkpt>
      <trkpt lat="40.806125" lon="-73.968182">
        <ele>31</ele>
        <time>2026-04-26T17:37:20.000Z</time>
      </trkpt>
      <trkpt lat="40.806115" lon="-73.968187">
        <ele>31</ele>
        <time>2026-04-26T17:37:21.000Z</time>
      </trkpt>
      <trkpt lat="40.806106" lon="-73.968191">
        <ele>31</ele>
        <time>2026-04-26T17:37:22.000Z</time>
      </trkpt>
      <trkpt lat="40.806097" lon="-73.968196">
        <ele>31</ele>
        <time>2026-04-26T17:37:23.000Z</time>
      </trkpt>
      <trkpt lat="40.806089" lon="-73.968202">
        <ele>31</ele>
        <time>2026-04-26T17:37:24.000Z</time>
      </trkpt>
      <trkpt lat="40.806081" lon="-73.968208">
        <ele>31</ele>
        <time>2026-04-26T17:37:25.000Z</time>
      </trkpt>
      <trkpt lat="40.806073" lon="-73.968216">
        <ele>31</ele>
        <time>2026-04-26T17:37:26.000Z</time>
      </trkpt>
      <trkpt lat="40.806065" lon="-73.968224">
        <ele>31</ele>
        <time>2026-04-26T17:37:27.000Z</time>
      </trkpt>
      <trkpt lat="40.806057" lon="-73.968232">
        <ele>31</ele>
        <time>2026-04-26T17:37:28.000Z</time>
      </trkpt>
      <trkpt lat="40.806049" lon="-73.968239">
        <ele>31</ele>
        <time>2026-04-26T17:37:29.000Z</time>
      </trkpt>
      <trkpt lat="40.806041" lon="-73.968247">
        <ele>31</ele>
        <time>2026-04-26T17:37:30.000Z</time>
      </trkpt>
      <trkpt lat="40.806032" lon="-73.968255">
        <ele>31</ele>
        <time>2026-04-26T17:37:31.000Z</time>
      </trkpt>
      <trkpt lat="40.806024" lon="-73.968263">
        <ele>31</ele>
        <time>2026-04-26T17:37:32.000Z</time>
      </trkpt>
      <trkpt lat="40.806016" lon="-73.968271">
        <ele>31</ele>
        <time>2026-04-26T17:37:33.000Z</time>
      </trkpt>
      <trkpt lat="40.806008" lon="-73.968279">
        <ele>31</ele>
        <time>2026-04-26T17:37:34.000Z</time>
      </trkpt>
      <trkpt lat="40.806" lon="-73.968287">
        <ele>31</ele>
        <time>2026-04-26T17:37:35.000Z</time>
      </trkpt>
      <trkpt lat="40.805992" lon="-73.968294">
        <ele>31</ele>
        <time>2026-04-26T17:37:36.000Z</time>
      </trkpt>
      <trkpt lat="40.805984" lon="-73.968301">
        <ele>31</ele>
        <time>2026-04-26T17:37:37.000Z</time>
      </trkpt>
      <trkpt lat="40.805976" lon="-73.968307">
        <ele>31</ele>
        <time>2026-04-26T17:37:38.000Z</time>
      </trkpt>
      <trkpt lat="40.805967" lon="-73.968313">
        <ele>31</ele>
        <time>2026-04-26T17:37:39.000Z</time>
      </trkpt>
      <trkpt lat="40.805957" lon="-73.96832">
        <ele>31</ele>
        <time>2026-04-26T17:37:40.000Z</time>
      </trkpt>
      <trkpt lat="40.805948" lon="-73.968326">
        <ele>31</ele>
        <time>2026-04-26T17:37:41.000Z</time>
      </trkpt>
      <trkpt lat="40.805938" lon="-73.968332">
        <ele>31</ele>
        <time>2026-04-26T17:37:42.000Z</time>
      </trkpt>
      <trkpt lat="40.805928" lon="-73.968339">
        <ele>30.8</ele>
        <time>2026-04-26T17:37:43.000Z</time>
      </trkpt>
      <trkpt lat="40.805918" lon="-73.968345">
        <ele>30.8</ele>
        <time>2026-04-26T17:37:44.000Z</time>
      </trkpt>
      <trkpt lat="40.805909" lon="-73.96835">
        <ele>30.8</ele>
        <time>2026-04-26T17:37:45.000Z</time>
      </trkpt>
      <trkpt lat="40.8059" lon="-73.968356">
        <ele>30.8</ele>
        <time>2026-04-26T17:37:46.000Z</time>
      </trkpt>
      <trkpt lat="40.80589" lon="-73.968362">
        <ele>30.8</ele>
        <time>2026-04-26T17:37:47.000Z</time>
      </trkpt>
      <trkpt lat="40.805881" lon="-73.968367">
        <ele>30.8</ele>
        <time>2026-04-26T17:37:48.000Z</time>
      </trkpt>
      <trkpt lat="40.805871" lon="-73.968373">
        <ele>30.8</ele>
        <time>2026-04-26T17:37:49.000Z</time>
      </trkpt>
      <trkpt lat="40.805862" lon="-73.968379">
        <ele>30.8</ele>
        <time>2026-04-26T17:37:50.000Z</time>
      </trkpt>
      <trkpt lat="40.805853" lon="-73.968384">
        <ele>30.8</ele>
        <time>2026-04-26T17:37:51.000Z</time>
      </trkpt>
      <trkpt lat="40.805844" lon="-73.96839">
        <ele>30.8</ele>
        <time>2026-04-26T17:37:52.000Z</time>
      </trkpt>
      <trkpt lat="40.805834" lon="-73.968395">
        <ele>30.8</ele>
        <time>2026-04-26T17:37:53.000Z</time>
      </trkpt>
      <trkpt lat="40.805825" lon="-73.968401">
        <ele>30.8</ele>
        <time>2026-04-26T17:37:54.000Z</time>
      </trkpt>
      <trkpt lat="40.805815" lon="-73.968407">
        <ele>30.8</ele>
        <time>2026-04-26T17:37:55.000Z</time>
      </trkpt>
      <trkpt lat="40.805806" lon="-73.968412">
        <ele>30.8</ele>
        <time>2026-04-26T17:37:56.000Z</time>
      </trkpt>
      <trkpt lat="40.805796" lon="-73.968418">
        <ele>30.8</ele>
        <time>2026-04-26T17:37:57.000Z</time>
      </trkpt>
      <trkpt lat="40.805787" lon="-73.968423">
        <ele>30.8</ele>
        <time>2026-04-26T17:37:58.000Z</time>
      </trkpt>
      <trkpt lat="40.805778" lon="-73.968429">
        <ele>30.8</ele>
        <time>2026-04-26T17:37:59.000Z</time>
      </trkpt>
      <trkpt lat="40.805768" lon="-73.968434">
        <ele>30.8</ele>
        <time>2026-04-26T17:38:00.000Z</time>
      </trkpt>
      <trkpt lat="40.805758" lon="-73.96844">
        <ele>30.6</ele>
        <time>2026-04-26T17:38:01.000Z</time>
      </trkpt>
      <trkpt lat="40.805748" lon="-73.968446">
        <ele>30.6</ele>
        <time>2026-04-26T17:38:02.000Z</time>
      </trkpt>
      <trkpt lat="40.805739" lon="-73.968451">
        <ele>30.6</ele>
        <time>2026-04-26T17:38:03.000Z</time>
      </trkpt>
      <trkpt lat="40.80573" lon="-73.968457">
        <ele>30.6</ele>
        <time>2026-04-26T17:38:04.000Z</time>
      </trkpt>
      <trkpt lat="40.80572" lon="-73.968462">
        <ele>30.6</ele>
        <time>2026-04-26T17:38:05.000Z</time>
      </trkpt>
      <trkpt lat="40.805711" lon="-73.968467">
        <ele>30.6</ele>
        <time>2026-04-26T17:38:06.000Z</time>
      </trkpt>
      <trkpt lat="40.805703" lon="-73.968473">
        <ele>30.6</ele>
        <time>2026-04-26T17:38:07.000Z</time>
      </trkpt>
      <trkpt lat="40.805694" lon="-73.968478">
        <ele>30.6</ele>
        <time>2026-04-26T17:38:08.000Z</time>
      </trkpt>
      <trkpt lat="40.805685" lon="-73.968483">
        <ele>30.6</ele>
        <time>2026-04-26T17:38:09.000Z</time>
      </trkpt>
      <trkpt lat="40.805676" lon="-73.968488">
        <ele>30.6</ele>
        <time>2026-04-26T17:38:10.000Z</time>
      </trkpt>
      <trkpt lat="40.805666" lon="-73.968493">
        <ele>30.6</ele>
        <time>2026-04-26T17:38:11.000Z</time>
      </trkpt>
      <trkpt lat="40.805657" lon="-73.968499">
        <ele>30.6</ele>
        <time>2026-04-26T17:38:12.000Z</time>
      </trkpt>
      <trkpt lat="40.805647" lon="-73.968505">
        <ele>30.6</ele>
        <time>2026-04-26T17:38:13.000Z</time>
      </trkpt>
      <trkpt lat="40.805638" lon="-73.96851">
        <ele>30.8</ele>
        <time>2026-04-26T17:38:14.000Z</time>
      </trkpt>
      <trkpt lat="40.805628" lon="-73.968516">
        <ele>30.8</ele>
        <time>2026-04-26T17:38:15.000Z</time>
      </trkpt>
      <trkpt lat="40.805619" lon="-73.968522">
        <ele>30.8</ele>
        <time>2026-04-26T17:38:16.000Z</time>
      </trkpt>
      <trkpt lat="40.80561" lon="-73.968527">
        <ele>30.8</ele>
        <time>2026-04-26T17:38:17.000Z</time>
      </trkpt>
      <trkpt lat="40.805601" lon="-73.968532">
        <ele>30.8</ele>
        <time>2026-04-26T17:38:18.000Z</time>
      </trkpt>
      <trkpt lat="40.805592" lon="-73.968537">
        <ele>30.8</ele>
        <time>2026-04-26T17:38:19.000Z</time>
      </trkpt>
      <trkpt lat="40.805583" lon="-73.968542">
        <ele>31</ele>
        <time>2026-04-26T17:38:20.000Z</time>
      </trkpt>
      <trkpt lat="40.805574" lon="-73.968548">
        <ele>31</ele>
        <time>2026-04-26T17:38:21.000Z</time>
      </trkpt>
      <trkpt lat="40.805564" lon="-73.968553">
        <ele>31</ele>
        <time>2026-04-26T17:38:22.000Z</time>
      </trkpt>
      <trkpt lat="40.805555" lon="-73.968559">
        <ele>31</ele>
        <time>2026-04-26T17:38:23.000Z</time>
      </trkpt>
      <trkpt lat="40.805547" lon="-73.968564">
        <ele>31</ele>
        <time>2026-04-26T17:38:24.000Z</time>
      </trkpt>
      <trkpt lat="40.805538" lon="-73.968569">
        <ele>31</ele>
        <time>2026-04-26T17:38:25.000Z</time>
      </trkpt>
      <trkpt lat="40.805529" lon="-73.968574">
        <ele>31.2</ele>
        <time>2026-04-26T17:38:26.000Z</time>
      </trkpt>
      <trkpt lat="40.80552" lon="-73.96858">
        <ele>31.2</ele>
        <time>2026-04-26T17:38:27.000Z</time>
      </trkpt>
      <trkpt lat="40.80551" lon="-73.968586">
        <ele>31.2</ele>
        <time>2026-04-26T17:38:28.000Z</time>
      </trkpt>
      <trkpt lat="40.8055" lon="-73.968591">
        <ele>31.2</ele>
        <time>2026-04-26T17:38:29.000Z</time>
      </trkpt>
      <trkpt lat="40.805491" lon="-73.968596">
        <ele>31.2</ele>
        <time>2026-04-26T17:38:30.000Z</time>
      </trkpt>
      <trkpt lat="40.805482" lon="-73.968601">
        <ele>31.2</ele>
        <time>2026-04-26T17:38:31.000Z</time>
      </trkpt>
      <trkpt lat="40.805473" lon="-73.968606">
        <ele>31.2</ele>
        <time>2026-04-26T17:38:32.000Z</time>
      </trkpt>
      <trkpt lat="40.805463" lon="-73.968611">
        <ele>31.4</ele>
        <time>2026-04-26T17:38:33.000Z</time>
      </trkpt>
      <trkpt lat="40.805454" lon="-73.968616">
        <ele>31.4</ele>
        <time>2026-04-26T17:38:34.000Z</time>
      </trkpt>
      <trkpt lat="40.805444" lon="-73.96862">
        <ele>31.4</ele>
        <time>2026-04-26T17:38:35.000Z</time>
      </trkpt>
      <trkpt lat="40.805435" lon="-73.968625">
        <ele>31.4</ele>
        <time>2026-04-26T17:38:36.000Z</time>
      </trkpt>
      <trkpt lat="40.805426" lon="-73.96863">
        <ele>31.4</ele>
        <time>2026-04-26T17:38:37.000Z</time>
      </trkpt>
      <trkpt lat="40.805416" lon="-73.968635">
        <ele>31.4</ele>
        <time>2026-04-26T17:38:38.000Z</time>
      </trkpt>
      <trkpt lat="40.805407" lon="-73.96864">
        <ele>31.4</ele>
        <time>2026-04-26T17:38:39.000Z</time>
      </trkpt>
      <trkpt lat="40.805397" lon="-73.968645">
        <ele>31.4</ele>
        <time>2026-04-26T17:38:40.000Z</time>
      </trkpt>
      <trkpt lat="40.805387" lon="-73.96865">
        <ele>31.4</ele>
        <time>2026-04-26T17:38:41.000Z</time>
      </trkpt>
      <trkpt lat="40.805377" lon="-73.968655">
        <ele>31.4</ele>
        <time>2026-04-26T17:38:42.000Z</time>
      </trkpt>
      <trkpt lat="40.805367" lon="-73.96866">
        <ele>31.4</ele>
        <time>2026-04-26T17:38:43.000Z</time>
      </trkpt>
      <trkpt lat="40.805358" lon="-73.968665">
        <ele>31.4</ele>
        <time>2026-04-26T17:38:44.000Z</time>
      </trkpt>
      <trkpt lat="40.805348" lon="-73.96867">
        <ele>31.4</ele>
        <time>2026-04-26T17:38:45.000Z</time>
      </trkpt>
      <trkpt lat="40.805338" lon="-73.968675">
        <ele>31.4</ele>
        <time>2026-04-26T17:38:46.000Z</time>
      </trkpt>
      <trkpt lat="40.805329" lon="-73.96868">
        <ele>31.4</ele>
        <time>2026-04-26T17:38:47.000Z</time>
      </trkpt>
      <trkpt lat="40.80532" lon="-73.968684">
        <ele>31.4</ele>
        <time>2026-04-26T17:38:48.000Z</time>
      </trkpt>
      <trkpt lat="40.805311" lon="-73.968689">
        <ele>31.6</ele>
        <time>2026-04-26T17:38:49.000Z</time>
      </trkpt>
      <trkpt lat="40.805302" lon="-73.968694">
        <ele>31.6</ele>
        <time>2026-04-26T17:38:50.000Z</time>
      </trkpt>
      <trkpt lat="40.805293" lon="-73.968698">
        <ele>31.6</ele>
        <time>2026-04-26T17:38:51.000Z</time>
      </trkpt>
      <trkpt lat="40.805283" lon="-73.968703">
        <ele>31.6</ele>
        <time>2026-04-26T17:38:52.000Z</time>
      </trkpt>
      <trkpt lat="40.805274" lon="-73.968708">
        <ele>31.6</ele>
        <time>2026-04-26T17:38:53.000Z</time>
      </trkpt>
      <trkpt lat="40.805264" lon="-73.968713">
        <ele>31.6</ele>
        <time>2026-04-26T17:38:54.000Z</time>
      </trkpt>
      <trkpt lat="40.805254" lon="-73.968718">
        <ele>31.6</ele>
        <time>2026-04-26T17:38:55.000Z</time>
      </trkpt>
      <trkpt lat="40.805244" lon="-73.968723">
        <ele>31.6</ele>
        <time>2026-04-26T17:38:56.000Z</time>
      </trkpt>
      <trkpt lat="40.805235" lon="-73.968728">
        <ele>31.6</ele>
        <time>2026-04-26T17:38:57.000Z</time>
      </trkpt>
      <trkpt lat="40.805226" lon="-73.968732">
        <ele>31.6</ele>
        <time>2026-04-26T17:38:58.000Z</time>
      </trkpt>
      <trkpt lat="40.805216" lon="-73.968738">
        <ele>31.6</ele>
        <time>2026-04-26T17:38:59.000Z</time>
      </trkpt>
      <trkpt lat="40.805206" lon="-73.968743">
        <ele>31.6</ele>
        <time>2026-04-26T17:39:00.000Z</time>
      </trkpt>
      <trkpt lat="40.805196" lon="-73.968748">
        <ele>31.6</ele>
        <time>2026-04-26T17:39:01.000Z</time>
      </trkpt>
      <trkpt lat="40.805185" lon="-73.968753">
        <ele>31.6</ele>
        <time>2026-04-26T17:39:02.000Z</time>
      </trkpt>
      <trkpt lat="40.805175" lon="-73.968758">
        <ele>31.6</ele>
        <time>2026-04-26T17:39:03.000Z</time>
      </trkpt>
      <trkpt lat="40.805166" lon="-73.968763">
        <ele>31.6</ele>
        <time>2026-04-26T17:39:04.000Z</time>
      </trkpt>
      <trkpt lat="40.805157" lon="-73.968768">
        <ele>31.6</ele>
        <time>2026-04-26T17:39:05.000Z</time>
      </trkpt>
      <trkpt lat="40.805149" lon="-73.968772">
        <ele>31.8</ele>
        <time>2026-04-26T17:39:06.000Z</time>
      </trkpt>
      <trkpt lat="40.80514" lon="-73.968776">
        <ele>31.8</ele>
        <time>2026-04-26T17:39:07.000Z</time>
      </trkpt>
      <trkpt lat="40.805131" lon="-73.968781">
        <ele>31.8</ele>
        <time>2026-04-26T17:39:08.000Z</time>
      </trkpt>
      <trkpt lat="40.805121" lon="-73.968786">
        <ele>31.8</ele>
        <time>2026-04-26T17:39:09.000Z</time>
      </trkpt>
      <trkpt lat="40.805111" lon="-73.968791">
        <ele>31.8</ele>
        <time>2026-04-26T17:39:10.000Z</time>
      </trkpt>
      <trkpt lat="40.805101" lon="-73.968796">
        <ele>31.8</ele>
        <time>2026-04-26T17:39:11.000Z</time>
      </trkpt>
      <trkpt lat="40.805091" lon="-73.968801">
        <ele>31.8</ele>
        <time>2026-04-26T17:39:12.000Z</time>
      </trkpt>
      <trkpt lat="40.805081" lon="-73.968806">
        <ele>31.8</ele>
        <time>2026-04-26T17:39:13.000Z</time>
      </trkpt>
      <trkpt lat="40.805072" lon="-73.968811">
        <ele>31.8</ele>
        <time>2026-04-26T17:39:14.000Z</time>
      </trkpt>
      <trkpt lat="40.805063" lon="-73.968816">
        <ele>31.8</ele>
        <time>2026-04-26T17:39:15.000Z</time>
      </trkpt>
      <trkpt lat="40.805054" lon="-73.96882">
        <ele>31.8</ele>
        <time>2026-04-26T17:39:16.000Z</time>
      </trkpt>
      <trkpt lat="40.805044" lon="-73.968825">
        <ele>31.8</ele>
        <time>2026-04-26T17:39:17.000Z</time>
      </trkpt>
      <trkpt lat="40.805034" lon="-73.96883">
        <ele>31.8</ele>
        <time>2026-04-26T17:39:18.000Z</time>
      </trkpt>
      <trkpt lat="40.805024" lon="-73.968836">
        <ele>31.8</ele>
        <time>2026-04-26T17:39:19.000Z</time>
      </trkpt>
      <trkpt lat="40.805014" lon="-73.968841">
        <ele>31.8</ele>
        <time>2026-04-26T17:39:20.000Z</time>
      </trkpt>
      <trkpt lat="40.805004" lon="-73.968846">
        <ele>31.8</ele>
        <time>2026-04-26T17:39:21.000Z</time>
      </trkpt>
      <trkpt lat="40.804995" lon="-73.968851">
        <ele>31.8</ele>
        <time>2026-04-26T17:39:22.000Z</time>
      </trkpt>
      <trkpt lat="40.804986" lon="-73.968855">
        <ele>31.8</ele>
        <time>2026-04-26T17:39:23.000Z</time>
      </trkpt>
      <trkpt lat="40.804977" lon="-73.96886">
        <ele>31.8</ele>
        <time>2026-04-26T17:39:24.000Z</time>
      </trkpt>
      <trkpt lat="40.804969" lon="-73.968864">
        <ele>31.8</ele>
        <time>2026-04-26T17:39:25.000Z</time>
      </trkpt>
      <trkpt lat="40.80496" lon="-73.968868">
        <ele>31.8</ele>
        <time>2026-04-26T17:39:26.000Z</time>
      </trkpt>
      <trkpt lat="40.804951" lon="-73.968873">
        <ele>31.8</ele>
        <time>2026-04-26T17:39:27.000Z</time>
      </trkpt>
      <trkpt lat="40.804942" lon="-73.968878">
        <ele>31.8</ele>
        <time>2026-04-26T17:39:28.000Z</time>
      </trkpt>
      <trkpt lat="40.804932" lon="-73.968883">
        <ele>31.8</ele>
        <time>2026-04-26T17:39:29.000Z</time>
      </trkpt>
      <trkpt lat="40.804923" lon="-73.968887">
        <ele>31.8</ele>
        <time>2026-04-26T17:39:30.000Z</time>
      </trkpt>
      <trkpt lat="40.804913" lon="-73.968892">
        <ele>31.8</ele>
        <time>2026-04-26T17:39:31.000Z</time>
      </trkpt>
      <trkpt lat="40.804903" lon="-73.968898">
        <ele>31.8</ele>
        <time>2026-04-26T17:39:32.000Z</time>
      </trkpt>
      <trkpt lat="40.804893" lon="-73.968903">
        <ele>31.8</ele>
        <time>2026-04-26T17:39:33.000Z</time>
      </trkpt>
      <trkpt lat="40.804883" lon="-73.968908">
        <ele>31.8</ele>
        <time>2026-04-26T17:39:34.000Z</time>
      </trkpt>
      <trkpt lat="40.804874" lon="-73.968913">
        <ele>31.8</ele>
        <time>2026-04-26T17:39:35.000Z</time>
      </trkpt>
      <trkpt lat="40.804864" lon="-73.968917">
        <ele>31.8</ele>
        <time>2026-04-26T17:39:36.000Z</time>
      </trkpt>
      <trkpt lat="40.804854" lon="-73.968922">
        <ele>31.8</ele>
        <time>2026-04-26T17:39:37.000Z</time>
      </trkpt>
      <trkpt lat="40.804844" lon="-73.968927">
        <ele>31.8</ele>
        <time>2026-04-26T17:39:38.000Z</time>
      </trkpt>
      <trkpt lat="40.804835" lon="-73.968933">
        <ele>31.8</ele>
        <time>2026-04-26T17:39:39.000Z</time>
      </trkpt>
      <trkpt lat="40.804825" lon="-73.968938">
        <ele>31.8</ele>
        <time>2026-04-26T17:39:40.000Z</time>
      </trkpt>
      <trkpt lat="40.804815" lon="-73.968943">
        <ele>31.8</ele>
        <time>2026-04-26T17:39:41.000Z</time>
      </trkpt>
      <trkpt lat="40.804805" lon="-73.968948">
        <ele>31.8</ele>
        <time>2026-04-26T17:39:42.000Z</time>
      </trkpt>
      <trkpt lat="40.804795" lon="-73.968953">
        <ele>31.8</ele>
        <time>2026-04-26T17:39:43.000Z</time>
      </trkpt>
      <trkpt lat="40.804785" lon="-73.968958">
        <ele>31.8</ele>
        <time>2026-04-26T17:39:44.000Z</time>
      </trkpt>
      <trkpt lat="40.804775" lon="-73.968963">
        <ele>32</ele>
        <time>2026-04-26T17:39:45.000Z</time>
      </trkpt>
      <trkpt lat="40.804766" lon="-73.968968">
        <ele>32</ele>
        <time>2026-04-26T17:39:46.000Z</time>
      </trkpt>
      <trkpt lat="40.804756" lon="-73.968973">
        <ele>32</ele>
        <time>2026-04-26T17:39:47.000Z</time>
      </trkpt>
      <trkpt lat="40.804747" lon="-73.968977">
        <ele>32</ele>
        <time>2026-04-26T17:39:48.000Z</time>
      </trkpt>
      <trkpt lat="40.804738" lon="-73.968982">
        <ele>32</ele>
        <time>2026-04-26T17:39:49.000Z</time>
      </trkpt>
      <trkpt lat="40.804729" lon="-73.968987">
        <ele>32</ele>
        <time>2026-04-26T17:39:50.000Z</time>
      </trkpt>
      <trkpt lat="40.804719" lon="-73.968992">
        <ele>32</ele>
        <time>2026-04-26T17:39:51.000Z</time>
      </trkpt>
      <trkpt lat="40.80471" lon="-73.968996">
        <ele>32</ele>
        <time>2026-04-26T17:39:52.000Z</time>
      </trkpt>
      <trkpt lat="40.8047" lon="-73.969001">
        <ele>32</ele>
        <time>2026-04-26T17:39:53.000Z</time>
      </trkpt>
      <trkpt lat="40.804691" lon="-73.969006">
        <ele>32</ele>
        <time>2026-04-26T17:39:54.000Z</time>
      </trkpt>
      <trkpt lat="40.804681" lon="-73.969011">
        <ele>32</ele>
        <time>2026-04-26T17:39:55.000Z</time>
      </trkpt>
      <trkpt lat="40.804672" lon="-73.969016">
        <ele>31.8</ele>
        <time>2026-04-26T17:39:56.000Z</time>
      </trkpt>
      <trkpt lat="40.804662" lon="-73.969021">
        <ele>31.8</ele>
        <time>2026-04-26T17:39:57.000Z</time>
      </trkpt>
      <trkpt lat="40.804653" lon="-73.969025">
        <ele>31.8</ele>
        <time>2026-04-26T17:39:58.000Z</time>
      </trkpt>
      <trkpt lat="40.804643" lon="-73.96903">
        <ele>31.8</ele>
        <time>2026-04-26T17:39:59.000Z</time>
      </trkpt>
      <trkpt lat="40.804633" lon="-73.969035">
        <ele>31.8</ele>
        <time>2026-04-26T17:40:00.000Z</time>
      </trkpt>
      <trkpt lat="40.804624" lon="-73.96904">
        <ele>31.8</ele>
        <time>2026-04-26T17:40:01.000Z</time>
      </trkpt>
      <trkpt lat="40.804615" lon="-73.969045">
        <ele>31.8</ele>
        <time>2026-04-26T17:40:02.000Z</time>
      </trkpt>
      <trkpt lat="40.804606" lon="-73.969049">
        <ele>31.8</ele>
        <time>2026-04-26T17:40:03.000Z</time>
      </trkpt>
      <trkpt lat="40.804597" lon="-73.969054">
        <ele>31.8</ele>
        <time>2026-04-26T17:40:04.000Z</time>
      </trkpt>
      <trkpt lat="40.804588" lon="-73.969058">
        <ele>31.8</ele>
        <time>2026-04-26T17:40:05.000Z</time>
      </trkpt>
      <trkpt lat="40.804579" lon="-73.969063">
        <ele>31.8</ele>
        <time>2026-04-26T17:40:06.000Z</time>
      </trkpt>
      <trkpt lat="40.804571" lon="-73.969067">
        <ele>31.8</ele>
        <time>2026-04-26T17:40:07.000Z</time>
      </trkpt>
      <trkpt lat="40.804561" lon="-73.969072">
        <ele>31.8</ele>
        <time>2026-04-26T17:40:08.000Z</time>
      </trkpt>
      <trkpt lat="40.804552" lon="-73.969077">
        <ele>31.8</ele>
        <time>2026-04-26T17:40:09.000Z</time>
      </trkpt>
      <trkpt lat="40.804543" lon="-73.969081">
        <ele>31.8</ele>
        <time>2026-04-26T17:40:10.000Z</time>
      </trkpt>
      <trkpt lat="40.804535" lon="-73.969086">
        <ele>31.8</ele>
        <time>2026-04-26T17:40:11.000Z</time>
      </trkpt>
      <trkpt lat="40.804526" lon="-73.96909">
        <ele>31.8</ele>
        <time>2026-04-26T17:40:12.000Z</time>
      </trkpt>
      <trkpt lat="40.804518" lon="-73.969094">
        <ele>31.8</ele>
        <time>2026-04-26T17:40:13.000Z</time>
      </trkpt>
      <trkpt lat="40.804509" lon="-73.969099">
        <ele>31.8</ele>
        <time>2026-04-26T17:40:14.000Z</time>
      </trkpt>
      <trkpt lat="40.8045" lon="-73.969104">
        <ele>31.8</ele>
        <time>2026-04-26T17:40:15.000Z</time>
      </trkpt>
      <trkpt lat="40.804491" lon="-73.96911">
        <ele>31.8</ele>
        <time>2026-04-26T17:40:16.000Z</time>
      </trkpt>
      <trkpt lat="40.804482" lon="-73.969117">
        <ele>31.8</ele>
        <time>2026-04-26T17:40:17.000Z</time>
      </trkpt>
      <trkpt lat="40.804473" lon="-73.969123">
        <ele>31.8</ele>
        <time>2026-04-26T17:40:18.000Z</time>
      </trkpt>
      <trkpt lat="40.804464" lon="-73.969129">
        <ele>31.8</ele>
        <time>2026-04-26T17:40:19.000Z</time>
      </trkpt>
      <trkpt lat="40.804455" lon="-73.969134">
        <ele>31.8</ele>
        <time>2026-04-26T17:40:20.000Z</time>
      </trkpt>
      <trkpt lat="40.804446" lon="-73.96914">
        <ele>31.8</ele>
        <time>2026-04-26T17:40:21.000Z</time>
      </trkpt>
      <trkpt lat="40.804437" lon="-73.969147">
        <ele>31.8</ele>
        <time>2026-04-26T17:40:22.000Z</time>
      </trkpt>
      <trkpt lat="40.804428" lon="-73.969153">
        <ele>31.8</ele>
        <time>2026-04-26T17:40:23.000Z</time>
      </trkpt>
      <trkpt lat="40.804418" lon="-73.96916">
        <ele>31.8</ele>
        <time>2026-04-26T17:40:24.000Z</time>
      </trkpt>
      <trkpt lat="40.804408" lon="-73.969166">
        <ele>31.8</ele>
        <time>2026-04-26T17:40:25.000Z</time>
      </trkpt>
      <trkpt lat="40.804399" lon="-73.969172">
        <ele>31.6</ele>
        <time>2026-04-26T17:40:26.000Z</time>
      </trkpt>
      <trkpt lat="40.804389" lon="-73.969179">
        <ele>31.6</ele>
        <time>2026-04-26T17:40:27.000Z</time>
      </trkpt>
      <trkpt lat="40.804379" lon="-73.969186">
        <ele>31.6</ele>
        <time>2026-04-26T17:40:28.000Z</time>
      </trkpt>
      <trkpt lat="40.804369" lon="-73.969192">
        <ele>31.6</ele>
        <time>2026-04-26T17:40:29.000Z</time>
      </trkpt>
      <trkpt lat="40.80436" lon="-73.969199">
        <ele>31.6</ele>
        <time>2026-04-26T17:40:30.000Z</time>
      </trkpt>
      <trkpt lat="40.80435" lon="-73.969205">
        <ele>31.6</ele>
        <time>2026-04-26T17:40:31.000Z</time>
      </trkpt>
      <trkpt lat="40.80434" lon="-73.969212">
        <ele>31.6</ele>
        <time>2026-04-26T17:40:32.000Z</time>
      </trkpt>
      <trkpt lat="40.80433" lon="-73.969218">
        <ele>31.6</ele>
        <time>2026-04-26T17:40:33.000Z</time>
      </trkpt>
      <trkpt lat="40.80432" lon="-73.969225">
        <ele>31.6</ele>
        <time>2026-04-26T17:40:34.000Z</time>
      </trkpt>
      <trkpt lat="40.804311" lon="-73.969232">
        <ele>31.6</ele>
        <time>2026-04-26T17:40:35.000Z</time>
      </trkpt>
      <trkpt lat="40.804301" lon="-73.969238">
        <ele>31.6</ele>
        <time>2026-04-26T17:40:36.000Z</time>
      </trkpt>
      <trkpt lat="40.804291" lon="-73.969245">
        <ele>31.6</ele>
        <time>2026-04-26T17:40:37.000Z</time>
      </trkpt>
      <trkpt lat="40.804282" lon="-73.969251">
        <ele>31.8</ele>
        <time>2026-04-26T17:40:38.000Z</time>
      </trkpt>
      <trkpt lat="40.804273" lon="-73.969257">
        <ele>31.8</ele>
        <time>2026-04-26T17:40:39.000Z</time>
      </trkpt>
      <trkpt lat="40.804264" lon="-73.969263">
        <ele>31.8</ele>
        <time>2026-04-26T17:40:40.000Z</time>
      </trkpt>
      <trkpt lat="40.804255" lon="-73.969269">
        <ele>31.8</ele>
        <time>2026-04-26T17:40:41.000Z</time>
      </trkpt>
      <trkpt lat="40.804247" lon="-73.969275">
        <ele>31.8</ele>
        <time>2026-04-26T17:40:42.000Z</time>
      </trkpt>
      <trkpt lat="40.804238" lon="-73.969281">
        <ele>31.8</ele>
        <time>2026-04-26T17:40:43.000Z</time>
      </trkpt>
      <trkpt lat="40.804229" lon="-73.969287">
        <ele>31.8</ele>
        <time>2026-04-26T17:40:44.000Z</time>
      </trkpt>
      <trkpt lat="40.80422" lon="-73.969293">
        <ele>31.8</ele>
        <time>2026-04-26T17:40:45.000Z</time>
      </trkpt>
      <trkpt lat="40.80421" lon="-73.969299">
        <ele>31.8</ele>
        <time>2026-04-26T17:40:46.000Z</time>
      </trkpt>
      <trkpt lat="40.8042" lon="-73.969306">
        <ele>31.8</ele>
        <time>2026-04-26T17:40:47.000Z</time>
      </trkpt>
      <trkpt lat="40.804191" lon="-73.969312">
        <ele>31.6</ele>
        <time>2026-04-26T17:40:48.000Z</time>
      </trkpt>
      <trkpt lat="40.804181" lon="-73.969319">
        <ele>31.6</ele>
        <time>2026-04-26T17:40:49.000Z</time>
      </trkpt>
      <trkpt lat="40.804173" lon="-73.969325">
        <ele>31.6</ele>
        <time>2026-04-26T17:40:50.000Z</time>
      </trkpt>
      <trkpt lat="40.804164" lon="-73.96933">
        <ele>31.6</ele>
        <time>2026-04-26T17:40:51.000Z</time>
      </trkpt>
      <trkpt lat="40.804155" lon="-73.969336">
        <ele>31.6</ele>
        <time>2026-04-26T17:40:52.000Z</time>
      </trkpt>
      <trkpt lat="40.804146" lon="-73.969342">
        <ele>31.6</ele>
        <time>2026-04-26T17:40:53.000Z</time>
      </trkpt>
      <trkpt lat="40.804138" lon="-73.969348">
        <ele>31.6</ele>
        <time>2026-04-26T17:40:54.000Z</time>
      </trkpt>
      <trkpt lat="40.804129" lon="-73.969354">
        <ele>31.6</ele>
        <time>2026-04-26T17:40:55.000Z</time>
      </trkpt>
      <trkpt lat="40.80412" lon="-73.96936">
        <ele>31.6</ele>
        <time>2026-04-26T17:40:56.000Z</time>
      </trkpt>
      <trkpt lat="40.804111" lon="-73.969367">
        <ele>31.6</ele>
        <time>2026-04-26T17:40:57.000Z</time>
      </trkpt>
      <trkpt lat="40.804101" lon="-73.969373">
        <ele>31.6</ele>
        <time>2026-04-26T17:40:58.000Z</time>
      </trkpt>
      <trkpt lat="40.80409" lon="-73.96938">
        <ele>31.6</ele>
        <time>2026-04-26T17:40:59.000Z</time>
      </trkpt>
      <trkpt lat="40.804081" lon="-73.969387">
        <ele>31.4</ele>
        <time>2026-04-26T17:41:00.000Z</time>
      </trkpt>
      <trkpt lat="40.804071" lon="-73.969393">
        <ele>31.4</ele>
        <time>2026-04-26T17:41:01.000Z</time>
      </trkpt>
      <trkpt lat="40.804063" lon="-73.969399">
        <ele>31.4</ele>
        <time>2026-04-26T17:41:02.000Z</time>
      </trkpt>
      <trkpt lat="40.804054" lon="-73.969405">
        <ele>31.4</ele>
        <time>2026-04-26T17:41:03.000Z</time>
      </trkpt>
      <trkpt lat="40.804045" lon="-73.969411">
        <ele>31.4</ele>
        <time>2026-04-26T17:41:04.000Z</time>
      </trkpt>
      <trkpt lat="40.804035" lon="-73.969417">
        <ele>31.4</ele>
        <time>2026-04-26T17:41:05.000Z</time>
      </trkpt>
      <trkpt lat="40.804026" lon="-73.969424">
        <ele>31.6</ele>
        <time>2026-04-26T17:41:06.000Z</time>
      </trkpt>
      <trkpt lat="40.804017" lon="-73.96943">
        <ele>31.6</ele>
        <time>2026-04-26T17:41:07.000Z</time>
      </trkpt>
      <trkpt lat="40.804007" lon="-73.969436">
        <ele>31.6</ele>
        <time>2026-04-26T17:41:08.000Z</time>
      </trkpt>
      <trkpt lat="40.803999" lon="-73.969442">
        <ele>31.6</ele>
        <time>2026-04-26T17:41:09.000Z</time>
      </trkpt>
      <trkpt lat="40.803991" lon="-73.969447">
        <ele>31.6</ele>
        <time>2026-04-26T17:41:10.000Z</time>
      </trkpt>
      <trkpt lat="40.803982" lon="-73.969453">
        <ele>31.6</ele>
        <time>2026-04-26T17:41:11.000Z</time>
      </trkpt>
      <trkpt lat="40.803973" lon="-73.969459">
        <ele>31.6</ele>
        <time>2026-04-26T17:41:12.000Z</time>
      </trkpt>
      <trkpt lat="40.803965" lon="-73.969465">
        <ele>31.6</ele>
        <time>2026-04-26T17:41:13.000Z</time>
      </trkpt>
      <trkpt lat="40.803956" lon="-73.96947">
        <ele>31.6</ele>
        <time>2026-04-26T17:41:14.000Z</time>
      </trkpt>
      <trkpt lat="40.803947" lon="-73.969476">
        <ele>31.6</ele>
        <time>2026-04-26T17:41:15.000Z</time>
      </trkpt>
      <trkpt lat="40.803938" lon="-73.969482">
        <ele>31.6</ele>
        <time>2026-04-26T17:41:16.000Z</time>
      </trkpt>
      <trkpt lat="40.80393" lon="-73.969488">
        <ele>31.6</ele>
        <time>2026-04-26T17:41:17.000Z</time>
      </trkpt>
      <trkpt lat="40.803921" lon="-73.969494">
        <ele>31.6</ele>
        <time>2026-04-26T17:41:18.000Z</time>
      </trkpt>
      <trkpt lat="40.803912" lon="-73.9695">
        <ele>31.6</ele>
        <time>2026-04-26T17:41:19.000Z</time>
      </trkpt>
      <trkpt lat="40.803903" lon="-73.969506">
        <ele>31.8</ele>
        <time>2026-04-26T17:41:20.000Z</time>
      </trkpt>
      <trkpt lat="40.803893" lon="-73.969513">
        <ele>31.8</ele>
        <time>2026-04-26T17:41:21.000Z</time>
      </trkpt>
      <trkpt lat="40.803883" lon="-73.96952">
        <ele>31.8</ele>
        <time>2026-04-26T17:41:22.000Z</time>
      </trkpt>
      <trkpt lat="40.803874" lon="-73.969526">
        <ele>31.8</ele>
        <time>2026-04-26T17:41:23.000Z</time>
      </trkpt>
      <trkpt lat="40.803865" lon="-73.969531">
        <ele>31.8</ele>
        <time>2026-04-26T17:41:24.000Z</time>
      </trkpt>
      <trkpt lat="40.803857" lon="-73.969537">
        <ele>31.8</ele>
        <time>2026-04-26T17:41:25.000Z</time>
      </trkpt>
      <trkpt lat="40.803848" lon="-73.969543">
        <ele>31.8</ele>
        <time>2026-04-26T17:41:26.000Z</time>
      </trkpt>
      <trkpt lat="40.803838" lon="-73.96955">
        <ele>31.8</ele>
        <time>2026-04-26T17:41:27.000Z</time>
      </trkpt>
      <trkpt lat="40.803828" lon="-73.969556">
        <ele>31.8</ele>
        <time>2026-04-26T17:41:28.000Z</time>
      </trkpt>
      <trkpt lat="40.803819" lon="-73.969562">
        <ele>31.8</ele>
        <time>2026-04-26T17:41:29.000Z</time>
      </trkpt>
      <trkpt lat="40.80381" lon="-73.969569">
        <ele>31.8</ele>
        <time>2026-04-26T17:41:30.000Z</time>
      </trkpt>
      <trkpt lat="40.8038" lon="-73.969575">
        <ele>31.8</ele>
        <time>2026-04-26T17:41:31.000Z</time>
      </trkpt>
      <trkpt lat="40.803791" lon="-73.969581">
        <ele>31.8</ele>
        <time>2026-04-26T17:41:32.000Z</time>
      </trkpt>
      <trkpt lat="40.803782" lon="-73.969588">
        <ele>31.8</ele>
        <time>2026-04-26T17:41:33.000Z</time>
      </trkpt>
      <trkpt lat="40.803772" lon="-73.969594">
        <ele>31.8</ele>
        <time>2026-04-26T17:41:34.000Z</time>
      </trkpt>
      <trkpt lat="40.803763" lon="-73.969601">
        <ele>31.8</ele>
        <time>2026-04-26T17:41:35.000Z</time>
      </trkpt>
      <trkpt lat="40.803754" lon="-73.969607">
        <ele>31.8</ele>
        <time>2026-04-26T17:41:36.000Z</time>
      </trkpt>
      <trkpt lat="40.803745" lon="-73.969614">
        <ele>31.8</ele>
        <time>2026-04-26T17:41:37.000Z</time>
      </trkpt>
      <trkpt lat="40.803736" lon="-73.96962">
        <ele>31.8</ele>
        <time>2026-04-26T17:41:38.000Z</time>
      </trkpt>
      <trkpt lat="40.803727" lon="-73.969627">
        <ele>31.8</ele>
        <time>2026-04-26T17:41:39.000Z</time>
      </trkpt>
      <trkpt lat="40.803718" lon="-73.969633">
        <ele>31.8</ele>
        <time>2026-04-26T17:41:40.000Z</time>
      </trkpt>
      <trkpt lat="40.80371" lon="-73.96964">
        <ele>31.8</ele>
        <time>2026-04-26T17:41:41.000Z</time>
      </trkpt>
      <trkpt lat="40.803702" lon="-73.969646">
        <ele>31.8</ele>
        <time>2026-04-26T17:41:42.000Z</time>
      </trkpt>
      <trkpt lat="40.803694" lon="-73.969652">
        <ele>31.8</ele>
        <time>2026-04-26T17:41:43.000Z</time>
      </trkpt>
      <trkpt lat="40.803686" lon="-73.969658">
        <ele>31.8</ele>
        <time>2026-04-26T17:41:44.000Z</time>
      </trkpt>
      <trkpt lat="40.803678" lon="-73.969664">
        <ele>31.8</ele>
        <time>2026-04-26T17:41:45.000Z</time>
      </trkpt>
      <trkpt lat="40.80367" lon="-73.96967">
        <ele>31.8</ele>
        <time>2026-04-26T17:41:46.000Z</time>
      </trkpt>
      <trkpt lat="40.803662" lon="-73.969676">
        <ele>31.8</ele>
        <time>2026-04-26T17:41:47.000Z</time>
      </trkpt>
      <trkpt lat="40.803653" lon="-73.969683">
        <ele>31.8</ele>
        <time>2026-04-26T17:41:48.000Z</time>
      </trkpt>
      <trkpt lat="40.803644" lon="-73.969689">
        <ele>32</ele>
        <time>2026-04-26T17:41:49.000Z</time>
      </trkpt>
      <trkpt lat="40.803636" lon="-73.969696">
        <ele>32</ele>
        <time>2026-04-26T17:41:50.000Z</time>
      </trkpt>
      <trkpt lat="40.803628" lon="-73.969702">
        <ele>32</ele>
        <time>2026-04-26T17:41:51.000Z</time>
      </trkpt>
      <trkpt lat="40.80362" lon="-73.969708">
        <ele>32</ele>
        <time>2026-04-26T17:41:52.000Z</time>
      </trkpt>
      <trkpt lat="40.803611" lon="-73.969714">
        <ele>32</ele>
        <time>2026-04-26T17:41:53.000Z</time>
      </trkpt>
      <trkpt lat="40.803603" lon="-73.96972">
        <ele>32</ele>
        <time>2026-04-26T17:41:54.000Z</time>
      </trkpt>
      <trkpt lat="40.803594" lon="-73.969727">
        <ele>32</ele>
        <time>2026-04-26T17:41:55.000Z</time>
      </trkpt>
      <trkpt lat="40.803585" lon="-73.969733">
        <ele>32</ele>
        <time>2026-04-26T17:41:56.000Z</time>
      </trkpt>
      <trkpt lat="40.803575" lon="-73.96974">
        <ele>32</ele>
        <time>2026-04-26T17:41:57.000Z</time>
      </trkpt>
      <trkpt lat="40.803566" lon="-73.969747">
        <ele>32</ele>
        <time>2026-04-26T17:41:58.000Z</time>
      </trkpt>
      <trkpt lat="40.803557" lon="-73.969754">
        <ele>32</ele>
        <time>2026-04-26T17:41:59.000Z</time>
      </trkpt>
      <trkpt lat="40.803549" lon="-73.96976">
        <ele>32</ele>
        <time>2026-04-26T17:42:00.000Z</time>
      </trkpt>
      <trkpt lat="40.803541" lon="-73.969766">
        <ele>32</ele>
        <time>2026-04-26T17:42:01.000Z</time>
      </trkpt>
      <trkpt lat="40.803532" lon="-73.969773">
        <ele>32</ele>
        <time>2026-04-26T17:42:02.000Z</time>
      </trkpt>
      <trkpt lat="40.803523" lon="-73.96978">
        <ele>32</ele>
        <time>2026-04-26T17:42:03.000Z</time>
      </trkpt>
      <trkpt lat="40.803514" lon="-73.969786">
        <ele>32</ele>
        <time>2026-04-26T17:42:04.000Z</time>
      </trkpt>
      <trkpt lat="40.803505" lon="-73.969793">
        <ele>32</ele>
        <time>2026-04-26T17:42:05.000Z</time>
      </trkpt>
      <trkpt lat="40.803496" lon="-73.9698">
        <ele>32</ele>
        <time>2026-04-26T17:42:06.000Z</time>
      </trkpt>
      <trkpt lat="40.803487" lon="-73.969806">
        <ele>32</ele>
        <time>2026-04-26T17:42:07.000Z</time>
      </trkpt>
      <trkpt lat="40.803478" lon="-73.969813">
        <ele>32</ele>
        <time>2026-04-26T17:42:08.000Z</time>
      </trkpt>
      <trkpt lat="40.80347" lon="-73.969819">
        <ele>32</ele>
        <time>2026-04-26T17:42:09.000Z</time>
      </trkpt>
      <trkpt lat="40.803462" lon="-73.969825">
        <ele>32</ele>
        <time>2026-04-26T17:42:10.000Z</time>
      </trkpt>
      <trkpt lat="40.803453" lon="-73.969832">
        <ele>32</ele>
        <time>2026-04-26T17:42:11.000Z</time>
      </trkpt>
      <trkpt lat="40.803444" lon="-73.969838">
        <ele>32</ele>
        <time>2026-04-26T17:42:12.000Z</time>
      </trkpt>
      <trkpt lat="40.803436" lon="-73.969845">
        <ele>32</ele>
        <time>2026-04-26T17:42:13.000Z</time>
      </trkpt>
      <trkpt lat="40.803427" lon="-73.969851">
        <ele>32</ele>
        <time>2026-04-26T17:42:14.000Z</time>
      </trkpt>
      <trkpt lat="40.803419" lon="-73.969857">
        <ele>32</ele>
        <time>2026-04-26T17:42:15.000Z</time>
      </trkpt>
      <trkpt lat="40.80341" lon="-73.969864">
        <ele>32</ele>
        <time>2026-04-26T17:42:16.000Z</time>
      </trkpt>
      <trkpt lat="40.803402" lon="-73.96987">
        <ele>32</ele>
        <time>2026-04-26T17:42:17.000Z</time>
      </trkpt>
      <trkpt lat="40.803394" lon="-73.969876">
        <ele>32</ele>
        <time>2026-04-26T17:42:18.000Z</time>
      </trkpt>
      <trkpt lat="40.803385" lon="-73.969883">
        <ele>32</ele>
        <time>2026-04-26T17:42:19.000Z</time>
      </trkpt>
      <trkpt lat="40.803376" lon="-73.969889">
        <ele>32</ele>
        <time>2026-04-26T17:42:20.000Z</time>
      </trkpt>
      <trkpt lat="40.803367" lon="-73.969896">
        <ele>32</ele>
        <time>2026-04-26T17:42:21.000Z</time>
      </trkpt>
      <trkpt lat="40.803358" lon="-73.969903">
        <ele>32</ele>
        <time>2026-04-26T17:42:22.000Z</time>
      </trkpt>
      <trkpt lat="40.803349" lon="-73.96991">
        <ele>32</ele>
        <time>2026-04-26T17:42:23.000Z</time>
      </trkpt>
      <trkpt lat="40.803339" lon="-73.969917">
        <ele>32</ele>
        <time>2026-04-26T17:42:24.000Z</time>
      </trkpt>
      <trkpt lat="40.803329" lon="-73.969924">
        <ele>32</ele>
        <time>2026-04-26T17:42:25.000Z</time>
      </trkpt>
      <trkpt lat="40.80332" lon="-73.96993">
        <ele>32</ele>
        <time>2026-04-26T17:42:26.000Z</time>
      </trkpt>
      <trkpt lat="40.803312" lon="-73.969937">
        <ele>32</ele>
        <time>2026-04-26T17:42:27.000Z</time>
      </trkpt>
      <trkpt lat="40.803303" lon="-73.969943">
        <ele>32.2</ele>
        <time>2026-04-26T17:42:28.000Z</time>
      </trkpt>
      <trkpt lat="40.803295" lon="-73.969949">
        <ele>32.2</ele>
        <time>2026-04-26T17:42:29.000Z</time>
      </trkpt>
      <trkpt lat="40.803287" lon="-73.969955">
        <ele>32.2</ele>
        <time>2026-04-26T17:42:30.000Z</time>
      </trkpt>
      <trkpt lat="40.803278" lon="-73.969961">
        <ele>32.2</ele>
        <time>2026-04-26T17:42:31.000Z</time>
      </trkpt>
      <trkpt lat="40.80327" lon="-73.969968">
        <ele>32.2</ele>
        <time>2026-04-26T17:42:32.000Z</time>
      </trkpt>
      <trkpt lat="40.803262" lon="-73.969974">
        <ele>32.2</ele>
        <time>2026-04-26T17:42:33.000Z</time>
      </trkpt>
      <trkpt lat="40.803253" lon="-73.96998">
        <ele>32.2</ele>
        <time>2026-04-26T17:42:34.000Z</time>
      </trkpt>
      <trkpt lat="40.803245" lon="-73.969986">
        <ele>32.2</ele>
        <time>2026-04-26T17:42:35.000Z</time>
      </trkpt>
      <trkpt lat="40.803237" lon="-73.969992">
        <ele>32.2</ele>
        <time>2026-04-26T17:42:36.000Z</time>
      </trkpt>
      <trkpt lat="40.803228" lon="-73.969999">
        <ele>32.2</ele>
        <time>2026-04-26T17:42:37.000Z</time>
      </trkpt>
      <trkpt lat="40.803218" lon="-73.970005">
        <ele>32.4</ele>
        <time>2026-04-26T17:42:38.000Z</time>
      </trkpt>
      <trkpt lat="40.803209" lon="-73.970012">
        <ele>32.4</ele>
        <time>2026-04-26T17:42:39.000Z</time>
      </trkpt>
      <trkpt lat="40.8032" lon="-73.970018">
        <ele>32.4</ele>
        <time>2026-04-26T17:42:40.000Z</time>
      </trkpt>
      <trkpt lat="40.803192" lon="-73.970024">
        <ele>32.4</ele>
        <time>2026-04-26T17:42:41.000Z</time>
      </trkpt>
      <trkpt lat="40.803183" lon="-73.97003">
        <ele>32.4</ele>
        <time>2026-04-26T17:42:42.000Z</time>
      </trkpt>
      <trkpt lat="40.803175" lon="-73.970036">
        <ele>32.4</ele>
        <time>2026-04-26T17:42:43.000Z</time>
      </trkpt>
      <trkpt lat="40.803166" lon="-73.970043">
        <ele>32.4</ele>
        <time>2026-04-26T17:42:44.000Z</time>
      </trkpt>
      <trkpt lat="40.803158" lon="-73.970049">
        <ele>32.4</ele>
        <time>2026-04-26T17:42:45.000Z</time>
      </trkpt>
      <trkpt lat="40.803149" lon="-73.970055">
        <ele>32.4</ele>
        <time>2026-04-26T17:42:46.000Z</time>
      </trkpt>
      <trkpt lat="40.80314" lon="-73.970061">
        <ele>32.4</ele>
        <time>2026-04-26T17:42:47.000Z</time>
      </trkpt>
      <trkpt lat="40.803131" lon="-73.970067">
        <ele>32.4</ele>
        <time>2026-04-26T17:42:48.000Z</time>
      </trkpt>
      <trkpt lat="40.803123" lon="-73.970073">
        <ele>32.4</ele>
        <time>2026-04-26T17:42:49.000Z</time>
      </trkpt>
      <trkpt lat="40.803114" lon="-73.97008">
        <ele>32.4</ele>
        <time>2026-04-26T17:42:50.000Z</time>
      </trkpt>
      <trkpt lat="40.803105" lon="-73.970086">
        <ele>32.4</ele>
        <time>2026-04-26T17:42:51.000Z</time>
      </trkpt>
      <trkpt lat="40.803096" lon="-73.970092">
        <ele>32.4</ele>
        <time>2026-04-26T17:42:52.000Z</time>
      </trkpt>
      <trkpt lat="40.803087" lon="-73.970098">
        <ele>32.4</ele>
        <time>2026-04-26T17:42:53.000Z</time>
      </trkpt>
      <trkpt lat="40.803078" lon="-73.970105">
        <ele>32.4</ele>
        <time>2026-04-26T17:42:54.000Z</time>
      </trkpt>
      <trkpt lat="40.803068" lon="-73.970112">
        <ele>32.4</ele>
        <time>2026-04-26T17:42:55.000Z</time>
      </trkpt>
      <trkpt lat="40.803059" lon="-73.970118">
        <ele>32.4</ele>
        <time>2026-04-26T17:42:56.000Z</time>
      </trkpt>
      <trkpt lat="40.80305" lon="-73.970125">
        <ele>32.4</ele>
        <time>2026-04-26T17:42:57.000Z</time>
      </trkpt>
      <trkpt lat="40.803041" lon="-73.970131">
        <ele>32.4</ele>
        <time>2026-04-26T17:42:58.000Z</time>
      </trkpt>
      <trkpt lat="40.803032" lon="-73.970138">
        <ele>32.4</ele>
        <time>2026-04-26T17:42:59.000Z</time>
      </trkpt>
      <trkpt lat="40.803022" lon="-73.970144">
        <ele>32.4</ele>
        <time>2026-04-26T17:43:00.000Z</time>
      </trkpt>
      <trkpt lat="40.803013" lon="-73.970151">
        <ele>32.4</ele>
        <time>2026-04-26T17:43:01.000Z</time>
      </trkpt>
      <trkpt lat="40.803004" lon="-73.970157">
        <ele>32.4</ele>
        <time>2026-04-26T17:43:02.000Z</time>
      </trkpt>
      <trkpt lat="40.802993" lon="-73.970165">
        <ele>32.4</ele>
        <time>2026-04-26T17:43:03.000Z</time>
      </trkpt>
      <trkpt lat="40.802984" lon="-73.970172">
        <ele>32.4</ele>
        <time>2026-04-26T17:43:04.000Z</time>
      </trkpt>
      <trkpt lat="40.802974" lon="-73.970178">
        <ele>32.4</ele>
        <time>2026-04-26T17:43:05.000Z</time>
      </trkpt>
      <trkpt lat="40.802964" lon="-73.970185">
        <ele>32.4</ele>
        <time>2026-04-26T17:43:06.000Z</time>
      </trkpt>
      <trkpt lat="40.802955" lon="-73.970192">
        <ele>32.4</ele>
        <time>2026-04-26T17:43:07.000Z</time>
      </trkpt>
      <trkpt lat="40.802945" lon="-73.970199">
        <ele>32.4</ele>
        <time>2026-04-26T17:43:08.000Z</time>
      </trkpt>
      <trkpt lat="40.802936" lon="-73.970205">
        <ele>32.4</ele>
        <time>2026-04-26T17:43:09.000Z</time>
      </trkpt>
      <trkpt lat="40.802927" lon="-73.970212">
        <ele>32.6</ele>
        <time>2026-04-26T17:43:10.000Z</time>
      </trkpt>
      <trkpt lat="40.802919" lon="-73.970217">
        <ele>32.6</ele>
        <time>2026-04-26T17:43:11.000Z</time>
      </trkpt>
      <trkpt lat="40.80291" lon="-73.970223">
        <ele>32.6</ele>
        <time>2026-04-26T17:43:12.000Z</time>
      </trkpt>
      <trkpt lat="40.802901" lon="-73.97023">
        <ele>32.6</ele>
        <time>2026-04-26T17:43:13.000Z</time>
      </trkpt>
      <trkpt lat="40.802892" lon="-73.970236">
        <ele>32.6</ele>
        <time>2026-04-26T17:43:14.000Z</time>
      </trkpt>
      <trkpt lat="40.802884" lon="-73.970242">
        <ele>32.6</ele>
        <time>2026-04-26T17:43:15.000Z</time>
      </trkpt>
      <trkpt lat="40.802875" lon="-73.970248">
        <ele>32.6</ele>
        <time>2026-04-26T17:43:16.000Z</time>
      </trkpt>
      <trkpt lat="40.802867" lon="-73.970254">
        <ele>32.6</ele>
        <time>2026-04-26T17:43:17.000Z</time>
      </trkpt>
      <trkpt lat="40.802859" lon="-73.97026">
        <ele>32.6</ele>
        <time>2026-04-26T17:43:18.000Z</time>
      </trkpt>
      <trkpt lat="40.80285" lon="-73.970265">
        <ele>32.6</ele>
        <time>2026-04-26T17:43:19.000Z</time>
      </trkpt>
      <trkpt lat="40.802842" lon="-73.970271">
        <ele>32.6</ele>
        <time>2026-04-26T17:43:20.000Z</time>
      </trkpt>
      <trkpt lat="40.802834" lon="-73.970276">
        <ele>32.6</ele>
        <time>2026-04-26T17:43:21.000Z</time>
      </trkpt>
      <trkpt lat="40.802825" lon="-73.970281">
        <ele>32.6</ele>
        <time>2026-04-26T17:43:22.000Z</time>
      </trkpt>
      <trkpt lat="40.802816" lon="-73.970287">
        <ele>32.6</ele>
        <time>2026-04-26T17:43:23.000Z</time>
      </trkpt>
      <trkpt lat="40.802806" lon="-73.970293">
        <ele>32.6</ele>
        <time>2026-04-26T17:43:24.000Z</time>
      </trkpt>
      <trkpt lat="40.802797" lon="-73.970298">
        <ele>32.6</ele>
        <time>2026-04-26T17:43:25.000Z</time>
      </trkpt>
      <trkpt lat="40.802788" lon="-73.970303">
        <ele>32.8</ele>
        <time>2026-04-26T17:43:26.000Z</time>
      </trkpt>
      <trkpt lat="40.802779" lon="-73.970308">
        <ele>32.8</ele>
        <time>2026-04-26T17:43:27.000Z</time>
      </trkpt>
      <trkpt lat="40.802769" lon="-73.970312">
        <ele>32.8</ele>
        <time>2026-04-26T17:43:28.000Z</time>
      </trkpt>
      <trkpt lat="40.802759" lon="-73.970316">
        <ele>32.8</ele>
        <time>2026-04-26T17:43:29.000Z</time>
      </trkpt>
      <trkpt lat="40.802748" lon="-73.97032">
        <ele>32.8</ele>
        <time>2026-04-26T17:43:30.000Z</time>
      </trkpt>
      <trkpt lat="40.802738" lon="-73.970324">
        <ele>32.8</ele>
        <time>2026-04-26T17:43:31.000Z</time>
      </trkpt>
      <trkpt lat="40.802729" lon="-73.970329">
        <ele>32.8</ele>
        <time>2026-04-26T17:43:32.000Z</time>
      </trkpt>
      <trkpt lat="40.802719" lon="-73.970335">
        <ele>32.8</ele>
        <time>2026-04-26T17:43:33.000Z</time>
      </trkpt>
      <trkpt lat="40.80271" lon="-73.970342">
        <ele>32.8</ele>
        <time>2026-04-26T17:43:34.000Z</time>
      </trkpt>
      <trkpt lat="40.8027" lon="-73.970349">
        <ele>32.8</ele>
        <time>2026-04-26T17:43:35.000Z</time>
      </trkpt>
      <trkpt lat="40.80269" lon="-73.970356">
        <ele>32.8</ele>
        <time>2026-04-26T17:43:36.000Z</time>
      </trkpt>
      <trkpt lat="40.802681" lon="-73.970362">
        <ele>32.8</ele>
        <time>2026-04-26T17:43:37.000Z</time>
      </trkpt>
      <trkpt lat="40.802671" lon="-73.970368">
        <ele>32.8</ele>
        <time>2026-04-26T17:43:38.000Z</time>
      </trkpt>
      <trkpt lat="40.802662" lon="-73.970373">
        <ele>32.8</ele>
        <time>2026-04-26T17:43:39.000Z</time>
      </trkpt>
      <trkpt lat="40.802652" lon="-73.970378">
        <ele>32.8</ele>
        <time>2026-04-26T17:43:40.000Z</time>
      </trkpt>
      <trkpt lat="40.802642" lon="-73.970383">
        <ele>32.8</ele>
        <time>2026-04-26T17:43:41.000Z</time>
      </trkpt>
      <trkpt lat="40.802632" lon="-73.970388">
        <ele>32.8</ele>
        <time>2026-04-26T17:43:42.000Z</time>
      </trkpt>
      <trkpt lat="40.802623" lon="-73.970394">
        <ele>32.8</ele>
        <time>2026-04-26T17:43:43.000Z</time>
      </trkpt>
      <trkpt lat="40.802613" lon="-73.970401">
        <ele>32.8</ele>
        <time>2026-04-26T17:43:44.000Z</time>
      </trkpt>
      <trkpt lat="40.802604" lon="-73.970406">
        <ele>32.8</ele>
        <time>2026-04-26T17:43:45.000Z</time>
      </trkpt>
      <trkpt lat="40.802594" lon="-73.970412">
        <ele>32.8</ele>
        <time>2026-04-26T17:43:46.000Z</time>
      </trkpt>
      <trkpt lat="40.802585" lon="-73.970418">
        <ele>32.8</ele>
        <time>2026-04-26T17:43:47.000Z</time>
      </trkpt>
      <trkpt lat="40.802575" lon="-73.970425">
        <ele>32.8</ele>
        <time>2026-04-26T17:43:48.000Z</time>
      </trkpt>
      <trkpt lat="40.802566" lon="-73.970432">
        <ele>33</ele>
        <time>2026-04-26T17:43:49.000Z</time>
      </trkpt>
      <trkpt lat="40.802556" lon="-73.970438">
        <ele>33</ele>
        <time>2026-04-26T17:43:50.000Z</time>
      </trkpt>
      <trkpt lat="40.802547" lon="-73.970445">
        <ele>33</ele>
        <time>2026-04-26T17:43:51.000Z</time>
      </trkpt>
      <trkpt lat="40.802538" lon="-73.970452">
        <ele>33</ele>
        <time>2026-04-26T17:43:52.000Z</time>
      </trkpt>
      <trkpt lat="40.802529" lon="-73.970459">
        <ele>33</ele>
        <time>2026-04-26T17:43:53.000Z</time>
      </trkpt>
      <trkpt lat="40.802521" lon="-73.970465">
        <ele>33</ele>
        <time>2026-04-26T17:43:54.000Z</time>
      </trkpt>
      <trkpt lat="40.802512" lon="-73.970471">
        <ele>33</ele>
        <time>2026-04-26T17:43:55.000Z</time>
      </trkpt>
      <trkpt lat="40.802503" lon="-73.970477">
        <ele>33</ele>
        <time>2026-04-26T17:43:56.000Z</time>
      </trkpt>
      <trkpt lat="40.802494" lon="-73.970484">
        <ele>33</ele>
        <time>2026-04-26T17:43:57.000Z</time>
      </trkpt>
      <trkpt lat="40.802485" lon="-73.970491">
        <ele>33</ele>
        <time>2026-04-26T17:43:58.000Z</time>
      </trkpt>
      <trkpt lat="40.802476" lon="-73.970497">
        <ele>33</ele>
        <time>2026-04-26T17:43:59.000Z</time>
      </trkpt>
      <trkpt lat="40.802467" lon="-73.970503">
        <ele>33</ele>
        <time>2026-04-26T17:44:00.000Z</time>
      </trkpt>
      <trkpt lat="40.802459" lon="-73.970508">
        <ele>33</ele>
        <time>2026-04-26T17:44:01.000Z</time>
      </trkpt>
      <trkpt lat="40.80245" lon="-73.970514">
        <ele>33</ele>
        <time>2026-04-26T17:44:02.000Z</time>
      </trkpt>
      <trkpt lat="40.802441" lon="-73.97052">
        <ele>33</ele>
        <time>2026-04-26T17:44:03.000Z</time>
      </trkpt>
      <trkpt lat="40.802432" lon="-73.970526">
        <ele>33</ele>
        <time>2026-04-26T17:44:04.000Z</time>
      </trkpt>
      <trkpt lat="40.802423" lon="-73.970532">
        <ele>33</ele>
        <time>2026-04-26T17:44:05.000Z</time>
      </trkpt>
      <trkpt lat="40.802414" lon="-73.970537">
        <ele>33</ele>
        <time>2026-04-26T17:44:06.000Z</time>
      </trkpt>
      <trkpt lat="40.802406" lon="-73.970543">
        <ele>33</ele>
        <time>2026-04-26T17:44:07.000Z</time>
      </trkpt>
      <trkpt lat="40.802398" lon="-73.97055">
        <ele>33</ele>
        <time>2026-04-26T17:44:08.000Z</time>
      </trkpt>
      <trkpt lat="40.80239" lon="-73.970556">
        <ele>33</ele>
        <time>2026-04-26T17:44:09.000Z</time>
      </trkpt>
      <trkpt lat="40.802382" lon="-73.970563">
        <ele>33</ele>
        <time>2026-04-26T17:44:10.000Z</time>
      </trkpt>
      <trkpt lat="40.802373" lon="-73.970569">
        <ele>33</ele>
        <time>2026-04-26T17:44:11.000Z</time>
      </trkpt>
      <trkpt lat="40.802365" lon="-73.970575">
        <ele>33</ele>
        <time>2026-04-26T17:44:12.000Z</time>
      </trkpt>
      <trkpt lat="40.802356" lon="-73.970581">
        <ele>33</ele>
        <time>2026-04-26T17:44:13.000Z</time>
      </trkpt>
      <trkpt lat="40.802348" lon="-73.970586">
        <ele>33</ele>
        <time>2026-04-26T17:44:14.000Z</time>
      </trkpt>
      <trkpt lat="40.802339" lon="-73.970591">
        <ele>33</ele>
        <time>2026-04-26T17:44:15.000Z</time>
      </trkpt>
      <trkpt lat="40.802331" lon="-73.970596">
        <ele>33</ele>
        <time>2026-04-26T17:44:16.000Z</time>
      </trkpt>
      <trkpt lat="40.802322" lon="-73.9706">
        <ele>33</ele>
        <time>2026-04-26T17:44:17.000Z</time>
      </trkpt>
      <trkpt lat="40.802313" lon="-73.970606">
        <ele>33</ele>
        <time>2026-04-26T17:44:18.000Z</time>
      </trkpt>
      <trkpt lat="40.802304" lon="-73.970612">
        <ele>33</ele>
        <time>2026-04-26T17:44:19.000Z</time>
      </trkpt>
      <trkpt lat="40.802295" lon="-73.970618">
        <ele>33</ele>
        <time>2026-04-26T17:44:20.000Z</time>
      </trkpt>
      <trkpt lat="40.802286" lon="-73.970625">
        <ele>33</ele>
        <time>2026-04-26T17:44:21.000Z</time>
      </trkpt>
      <trkpt lat="40.802276" lon="-73.970632">
        <ele>33</ele>
        <time>2026-04-26T17:44:22.000Z</time>
      </trkpt>
      <trkpt lat="40.802267" lon="-73.970639">
        <ele>33</ele>
        <time>2026-04-26T17:44:23.000Z</time>
      </trkpt>
      <trkpt lat="40.802259" lon="-73.970645">
        <ele>33</ele>
        <time>2026-04-26T17:44:24.000Z</time>
      </trkpt>
      <trkpt lat="40.80225" lon="-73.970651">
        <ele>32.8</ele>
        <time>2026-04-26T17:44:25.000Z</time>
      </trkpt>
      <trkpt lat="40.802241" lon="-73.970657">
        <ele>32.8</ele>
        <time>2026-04-26T17:44:26.000Z</time>
      </trkpt>
      <trkpt lat="40.802232" lon="-73.970663">
        <ele>32.8</ele>
        <time>2026-04-26T17:44:27.000Z</time>
      </trkpt>
      <trkpt lat="40.802223" lon="-73.97067">
        <ele>32.8</ele>
        <time>2026-04-26T17:44:28.000Z</time>
      </trkpt>
      <trkpt lat="40.802213" lon="-73.970677">
        <ele>32.8</ele>
        <time>2026-04-26T17:44:29.000Z</time>
      </trkpt>
      <trkpt lat="40.802204" lon="-73.970685">
        <ele>32.8</ele>
        <time>2026-04-26T17:44:30.000Z</time>
      </trkpt>
      <trkpt lat="40.802195" lon="-73.970692">
        <ele>32.8</ele>
        <time>2026-04-26T17:44:31.000Z</time>
      </trkpt>
      <trkpt lat="40.802185" lon="-73.970699">
        <ele>32.6</ele>
        <time>2026-04-26T17:44:32.000Z</time>
      </trkpt>
      <trkpt lat="40.802176" lon="-73.970707">
        <ele>32.6</ele>
        <time>2026-04-26T17:44:33.000Z</time>
      </trkpt>
      <trkpt lat="40.802166" lon="-73.970714">
        <ele>32.6</ele>
        <time>2026-04-26T17:44:34.000Z</time>
      </trkpt>
      <trkpt lat="40.802157" lon="-73.970721">
        <ele>32.6</ele>
        <time>2026-04-26T17:44:35.000Z</time>
      </trkpt>
      <trkpt lat="40.802148" lon="-73.970727">
        <ele>32.6</ele>
        <time>2026-04-26T17:44:36.000Z</time>
      </trkpt>
      <trkpt lat="40.80214" lon="-73.970733">
        <ele>32.6</ele>
        <time>2026-04-26T17:44:37.000Z</time>
      </trkpt>
      <trkpt lat="40.802132" lon="-73.970739">
        <ele>32.6</ele>
        <time>2026-04-26T17:44:38.000Z</time>
      </trkpt>
      <trkpt lat="40.802123" lon="-73.970747">
        <ele>32.4</ele>
        <time>2026-04-26T17:44:39.000Z</time>
      </trkpt>
      <trkpt lat="40.802115" lon="-73.970753">
        <ele>32.4</ele>
        <time>2026-04-26T17:44:40.000Z</time>
      </trkpt>
      <trkpt lat="40.802106" lon="-73.97076">
        <ele>32.4</ele>
        <time>2026-04-26T17:44:41.000Z</time>
      </trkpt>
      <trkpt lat="40.802097" lon="-73.970766">
        <ele>32.4</ele>
        <time>2026-04-26T17:44:42.000Z</time>
      </trkpt>
      <trkpt lat="40.802089" lon="-73.970773">
        <ele>32.4</ele>
        <time>2026-04-26T17:44:43.000Z</time>
      </trkpt>
      <trkpt lat="40.80208" lon="-73.970779">
        <ele>32.4</ele>
        <time>2026-04-26T17:44:44.000Z</time>
      </trkpt>
      <trkpt lat="40.802071" lon="-73.970785">
        <ele>32.4</ele>
        <time>2026-04-26T17:44:45.000Z</time>
      </trkpt>
      <trkpt lat="40.802062" lon="-73.97079">
        <ele>32.4</ele>
        <time>2026-04-26T17:44:46.000Z</time>
      </trkpt>
      <trkpt lat="40.802053" lon="-73.970796">
        <ele>32.2</ele>
        <time>2026-04-26T17:44:47.000Z</time>
      </trkpt>
      <trkpt lat="40.802044" lon="-73.970802">
        <ele>32.2</ele>
        <time>2026-04-26T17:44:48.000Z</time>
      </trkpt>
      <trkpt lat="40.802035" lon="-73.970808">
        <ele>32.2</ele>
        <time>2026-04-26T17:44:49.000Z</time>
      </trkpt>
      <trkpt lat="40.802027" lon="-73.970814">
        <ele>32.2</ele>
        <time>2026-04-26T17:44:50.000Z</time>
      </trkpt>
      <trkpt lat="40.802019" lon="-73.97082">
        <ele>32.2</ele>
        <time>2026-04-26T17:44:51.000Z</time>
      </trkpt>
      <trkpt lat="40.80201" lon="-73.970826">
        <ele>32.2</ele>
        <time>2026-04-26T17:44:52.000Z</time>
      </trkpt>
      <trkpt lat="40.802001" lon="-73.97083">
        <ele>32.2</ele>
        <time>2026-04-26T17:44:53.000Z</time>
      </trkpt>
      <trkpt lat="40.801992" lon="-73.970835">
        <ele>32</ele>
        <time>2026-04-26T17:44:54.000Z</time>
      </trkpt>
      <trkpt lat="40.801983" lon="-73.97084">
        <ele>32</ele>
        <time>2026-04-26T17:44:55.000Z</time>
      </trkpt>
      <trkpt lat="40.801975" lon="-73.970847">
        <ele>32</ele>
        <time>2026-04-26T17:44:56.000Z</time>
      </trkpt>
      <trkpt lat="40.801967" lon="-73.970856">
        <ele>32</ele>
        <time>2026-04-26T17:44:57.000Z</time>
      </trkpt>
      <trkpt lat="40.801958" lon="-73.970864">
        <ele>32</ele>
        <time>2026-04-26T17:44:58.000Z</time>
      </trkpt>
      <trkpt lat="40.801949" lon="-73.970872">
        <ele>32</ele>
        <time>2026-04-26T17:44:59.000Z</time>
      </trkpt>
      <trkpt lat="40.801939" lon="-73.970879">
        <ele>32</ele>
        <time>2026-04-26T17:45:00.000Z</time>
      </trkpt>
      <trkpt lat="40.80193" lon="-73.970885">
        <ele>31.8</ele>
        <time>2026-04-26T17:45:01.000Z</time>
      </trkpt>
      <trkpt lat="40.801921" lon="-73.970891">
        <ele>31.8</ele>
        <time>2026-04-26T17:45:02.000Z</time>
      </trkpt>
      <trkpt lat="40.801912" lon="-73.970897">
        <ele>31.8</ele>
        <time>2026-04-26T17:45:03.000Z</time>
      </trkpt>
      <trkpt lat="40.801903" lon="-73.970904">
        <ele>31.8</ele>
        <time>2026-04-26T17:45:04.000Z</time>
      </trkpt>
      <trkpt lat="40.801893" lon="-73.97091">
        <ele>31.8</ele>
        <time>2026-04-26T17:45:05.000Z</time>
      </trkpt>
      <trkpt lat="40.801884" lon="-73.970918">
        <ele>31.8</ele>
        <time>2026-04-26T17:45:06.000Z</time>
      </trkpt>
      <trkpt lat="40.801875" lon="-73.970926">
        <ele>31.8</ele>
        <time>2026-04-26T17:45:07.000Z</time>
      </trkpt>
      <trkpt lat="40.801865" lon="-73.970934">
        <ele>31.6</ele>
        <time>2026-04-26T17:45:08.000Z</time>
      </trkpt>
      <trkpt lat="40.801856" lon="-73.970941">
        <ele>31.6</ele>
        <time>2026-04-26T17:45:09.000Z</time>
      </trkpt>
      <trkpt lat="40.801846" lon="-73.970947">
        <ele>31.6</ele>
        <time>2026-04-26T17:45:10.000Z</time>
      </trkpt>
      <trkpt lat="40.801837" lon="-73.970953">
        <ele>31.6</ele>
        <time>2026-04-26T17:45:11.000Z</time>
      </trkpt>
      <trkpt lat="40.801828" lon="-73.970959">
        <ele>31.4</ele>
        <time>2026-04-26T17:45:12.000Z</time>
      </trkpt>
      <trkpt lat="40.801819" lon="-73.970964">
        <ele>31.4</ele>
        <time>2026-04-26T17:45:13.000Z</time>
      </trkpt>
      <trkpt lat="40.80181" lon="-73.970968">
        <ele>31.4</ele>
        <time>2026-04-26T17:45:14.000Z</time>
      </trkpt>
      <trkpt lat="40.801801" lon="-73.970974">
        <ele>31.4</ele>
        <time>2026-04-26T17:45:15.000Z</time>
      </trkpt>
      <trkpt lat="40.801792" lon="-73.970979">
        <ele>31.2</ele>
        <time>2026-04-26T17:45:16.000Z</time>
      </trkpt>
      <trkpt lat="40.801783" lon="-73.970985">
        <ele>31.2</ele>
        <time>2026-04-26T17:45:17.000Z</time>
      </trkpt>
      <trkpt lat="40.801774" lon="-73.970992">
        <ele>31.2</ele>
        <time>2026-04-26T17:45:18.000Z</time>
      </trkpt>
      <trkpt lat="40.801766" lon="-73.970999">
        <ele>31.2</ele>
        <time>2026-04-26T17:45:19.000Z</time>
      </trkpt>
      <trkpt lat="40.801758" lon="-73.971005">
        <ele>31.2</ele>
        <time>2026-04-26T17:45:20.000Z</time>
      </trkpt>
      <trkpt lat="40.801749" lon="-73.971011">
        <ele>31</ele>
        <time>2026-04-26T17:45:21.000Z</time>
      </trkpt>
      <trkpt lat="40.80174" lon="-73.971016">
        <ele>31</ele>
        <time>2026-04-26T17:45:22.000Z</time>
      </trkpt>
      <trkpt lat="40.801732" lon="-73.971021">
        <ele>31</ele>
        <time>2026-04-26T17:45:23.000Z</time>
      </trkpt>
      <trkpt lat="40.801724" lon="-73.971026">
        <ele>31</ele>
        <time>2026-04-26T17:45:24.000Z</time>
      </trkpt>
      <trkpt lat="40.801716" lon="-73.971031">
        <ele>31</ele>
        <time>2026-04-26T17:45:25.000Z</time>
      </trkpt>
      <trkpt lat="40.801708" lon="-73.971036">
        <ele>31</ele>
        <time>2026-04-26T17:45:26.000Z</time>
      </trkpt>
      <trkpt lat="40.801699" lon="-73.971042">
        <ele>30.8</ele>
        <time>2026-04-26T17:45:27.000Z</time>
      </trkpt>
      <trkpt lat="40.801691" lon="-73.971048">
        <ele>30.8</ele>
        <time>2026-04-26T17:45:28.000Z</time>
      </trkpt>
      <trkpt lat="40.801681" lon="-73.971054">
        <ele>30.8</ele>
        <time>2026-04-26T17:45:29.000Z</time>
      </trkpt>
      <trkpt lat="40.801671" lon="-73.971061">
        <ele>30.8</ele>
        <time>2026-04-26T17:45:30.000Z</time>
      </trkpt>
      <trkpt lat="40.801661" lon="-73.971068">
        <ele>30.8</ele>
        <time>2026-04-26T17:45:31.000Z</time>
      </trkpt>
      <trkpt lat="40.801652" lon="-73.971076">
        <ele>30.8</ele>
        <time>2026-04-26T17:45:32.000Z</time>
      </trkpt>
      <trkpt lat="40.801642" lon="-73.971085">
        <ele>30.8</ele>
        <time>2026-04-26T17:45:33.000Z</time>
      </trkpt>
      <trkpt lat="40.801634" lon="-73.971095">
        <ele>30.8</ele>
        <time>2026-04-26T17:45:34.000Z</time>
      </trkpt>
      <trkpt lat="40.801625" lon="-73.971107">
        <ele>30.8</ele>
        <time>2026-04-26T17:45:35.000Z</time>
      </trkpt>
      <trkpt lat="40.801616" lon="-73.971118">
        <ele>30.8</ele>
        <time>2026-04-26T17:45:36.000Z</time>
      </trkpt>
      <trkpt lat="40.801607" lon="-73.971129">
        <ele>30.8</ele>
        <time>2026-04-26T17:45:37.000Z</time>
      </trkpt>
      <trkpt lat="40.801598" lon="-73.971139">
        <ele>30.8</ele>
        <time>2026-04-26T17:45:38.000Z</time>
      </trkpt>
      <trkpt lat="40.801589" lon="-73.971149">
        <ele>30.8</ele>
        <time>2026-04-26T17:45:39.000Z</time>
      </trkpt>
      <trkpt lat="40.80158" lon="-73.971157">
        <ele>30.8</ele>
        <time>2026-04-26T17:45:40.000Z</time>
      </trkpt>
      <trkpt lat="40.801572" lon="-73.971165">
        <ele>30.8</ele>
        <time>2026-04-26T17:45:41.000Z</time>
      </trkpt>
      <trkpt lat="40.801564" lon="-73.971173">
        <ele>30.8</ele>
        <time>2026-04-26T17:45:42.000Z</time>
      </trkpt>
      <trkpt lat="40.801557" lon="-73.97118">
        <ele>30.8</ele>
        <time>2026-04-26T17:45:43.000Z</time>
      </trkpt>
      <trkpt lat="40.801549" lon="-73.971186">
        <ele>30.8</ele>
        <time>2026-04-26T17:45:44.000Z</time>
      </trkpt>
      <trkpt lat="40.801542" lon="-73.971193">
        <ele>30.8</ele>
        <time>2026-04-26T17:45:45.000Z</time>
      </trkpt>
      <trkpt lat="40.801534" lon="-73.971199">
        <ele>30.8</ele>
        <time>2026-04-26T17:45:46.000Z</time>
      </trkpt>
      <trkpt lat="40.801526" lon="-73.971205">
        <ele>30.8</ele>
        <time>2026-04-26T17:45:47.000Z</time>
      </trkpt>
      <trkpt lat="40.801518" lon="-73.971211">
        <ele>30.8</ele>
        <time>2026-04-26T17:45:48.000Z</time>
      </trkpt>
      <trkpt lat="40.80151" lon="-73.971217">
        <ele>30.8</ele>
        <time>2026-04-26T17:45:49.000Z</time>
      </trkpt>
      <trkpt lat="40.801501" lon="-73.971224">
        <ele>30.8</ele>
        <time>2026-04-26T17:45:50.000Z</time>
      </trkpt>
      <trkpt lat="40.801492" lon="-73.97123">
        <ele>30.8</ele>
        <time>2026-04-26T17:45:51.000Z</time>
      </trkpt>
      <trkpt lat="40.801483" lon="-73.971236">
        <ele>30.6</ele>
        <time>2026-04-26T17:45:52.000Z</time>
      </trkpt>
      <trkpt lat="40.801474" lon="-73.971242">
        <ele>30.6</ele>
        <time>2026-04-26T17:45:53.000Z</time>
      </trkpt>
      <trkpt lat="40.801464" lon="-73.971249">
        <ele>30.6</ele>
        <time>2026-04-26T17:45:54.000Z</time>
      </trkpt>
      <trkpt lat="40.801456" lon="-73.971254">
        <ele>30.6</ele>
        <time>2026-04-26T17:45:55.000Z</time>
      </trkpt>
      <trkpt lat="40.801447" lon="-73.97126">
        <ele>30.6</ele>
        <time>2026-04-26T17:45:56.000Z</time>
      </trkpt>
      <trkpt lat="40.801438" lon="-73.971266">
        <ele>30.6</ele>
        <time>2026-04-26T17:45:57.000Z</time>
      </trkpt>
      <trkpt lat="40.801429" lon="-73.971272">
        <ele>30.6</ele>
        <time>2026-04-26T17:45:58.000Z</time>
      </trkpt>
      <trkpt lat="40.80142" lon="-73.971278">
        <ele>30.6</ele>
        <time>2026-04-26T17:45:59.000Z</time>
      </trkpt>
      <trkpt lat="40.80141" lon="-73.971285">
        <ele>30.4</ele>
        <time>2026-04-26T17:46:00.000Z</time>
      </trkpt>
      <trkpt lat="40.8014" lon="-73.971292">
        <ele>30.4</ele>
        <time>2026-04-26T17:46:01.000Z</time>
      </trkpt>
      <trkpt lat="40.80139" lon="-73.971299">
        <ele>30.4</ele>
        <time>2026-04-26T17:46:02.000Z</time>
      </trkpt>
      <trkpt lat="40.80138" lon="-73.971306">
        <ele>30.4</ele>
        <time>2026-04-26T17:46:03.000Z</time>
      </trkpt>
      <trkpt lat="40.801371" lon="-73.971312">
        <ele>30.4</ele>
        <time>2026-04-26T17:46:04.000Z</time>
      </trkpt>
      <trkpt lat="40.801362" lon="-73.971319">
        <ele>30.4</ele>
        <time>2026-04-26T17:46:05.000Z</time>
      </trkpt>
      <trkpt lat="40.801352" lon="-73.971325">
        <ele>30.4</ele>
        <time>2026-04-26T17:46:06.000Z</time>
      </trkpt>
      <trkpt lat="40.801343" lon="-73.971332">
        <ele>30.4</ele>
        <time>2026-04-26T17:46:07.000Z</time>
      </trkpt>
      <trkpt lat="40.801334" lon="-73.971338">
        <ele>30.2</ele>
        <time>2026-04-26T17:46:08.000Z</time>
      </trkpt>
      <trkpt lat="40.801325" lon="-73.971345">
        <ele>30.2</ele>
        <time>2026-04-26T17:46:09.000Z</time>
      </trkpt>
      <trkpt lat="40.801315" lon="-73.971351">
        <ele>30.2</ele>
        <time>2026-04-26T17:46:10.000Z</time>
      </trkpt>
      <trkpt lat="40.801306" lon="-73.971358">
        <ele>30.2</ele>
        <time>2026-04-26T17:46:11.000Z</time>
      </trkpt>
      <trkpt lat="40.801297" lon="-73.971364">
        <ele>30.2</ele>
        <time>2026-04-26T17:46:12.000Z</time>
      </trkpt>
      <trkpt lat="40.801288" lon="-73.971371">
        <ele>30.2</ele>
        <time>2026-04-26T17:46:13.000Z</time>
      </trkpt>
      <trkpt lat="40.80128" lon="-73.971377">
        <ele>30.2</ele>
        <time>2026-04-26T17:46:14.000Z</time>
      </trkpt>
      <trkpt lat="40.801272" lon="-73.971383">
        <ele>30.2</ele>
        <time>2026-04-26T17:46:15.000Z</time>
      </trkpt>
      <trkpt lat="40.801265" lon="-73.971389">
        <ele>30</ele>
        <time>2026-04-26T17:46:16.000Z</time>
      </trkpt>
      <trkpt lat="40.801257" lon="-73.971395">
        <ele>30</ele>
        <time>2026-04-26T17:46:17.000Z</time>
      </trkpt>
      <trkpt lat="40.801249" lon="-73.971402">
        <ele>30</ele>
        <time>2026-04-26T17:46:18.000Z</time>
      </trkpt>
      <trkpt lat="40.80124" lon="-73.971408">
        <ele>30</ele>
        <time>2026-04-26T17:46:19.000Z</time>
      </trkpt>
      <trkpt lat="40.801231" lon="-73.971415">
        <ele>30</ele>
        <time>2026-04-26T17:46:20.000Z</time>
      </trkpt>
      <trkpt lat="40.801223" lon="-73.971422">
        <ele>30</ele>
        <time>2026-04-26T17:46:21.000Z</time>
      </trkpt>
      <trkpt lat="40.801214" lon="-73.971429">
        <ele>30</ele>
        <time>2026-04-26T17:46:22.000Z</time>
      </trkpt>
      <trkpt lat="40.801206" lon="-73.971436">
        <ele>30</ele>
        <time>2026-04-26T17:46:23.000Z</time>
      </trkpt>
      <trkpt lat="40.801198" lon="-73.971443">
        <ele>30</ele>
        <time>2026-04-26T17:46:24.000Z</time>
      </trkpt>
      <trkpt lat="40.801189" lon="-73.97145">
        <ele>30</ele>
        <time>2026-04-26T17:46:25.000Z</time>
      </trkpt>
      <trkpt lat="40.801181" lon="-73.971457">
        <ele>30</ele>
        <time>2026-04-26T17:46:26.000Z</time>
      </trkpt>
      <trkpt lat="40.801173" lon="-73.971465">
        <ele>30</ele>
        <time>2026-04-26T17:46:27.000Z</time>
      </trkpt>
      <trkpt lat="40.801164" lon="-73.971472">
        <ele>30</ele>
        <time>2026-04-26T17:46:28.000Z</time>
      </trkpt>
      <trkpt lat="40.801156" lon="-73.97148">
        <ele>30</ele>
        <time>2026-04-26T17:46:29.000Z</time>
      </trkpt>
      <trkpt lat="40.801147" lon="-73.971488">
        <ele>29.8</ele>
        <time>2026-04-26T17:46:30.000Z</time>
      </trkpt>
      <trkpt lat="40.801138" lon="-73.971497">
        <ele>29.8</ele>
        <time>2026-04-26T17:46:31.000Z</time>
      </trkpt>
      <trkpt lat="40.801128" lon="-73.971505">
        <ele>29.8</ele>
        <time>2026-04-26T17:46:32.000Z</time>
      </trkpt>
      <trkpt lat="40.801119" lon="-73.971513">
        <ele>29.8</ele>
        <time>2026-04-26T17:46:33.000Z</time>
      </trkpt>
      <trkpt lat="40.801111" lon="-73.971521">
        <ele>29.8</ele>
        <time>2026-04-26T17:46:34.000Z</time>
      </trkpt>
      <trkpt lat="40.801102" lon="-73.971528">
        <ele>29.8</ele>
        <time>2026-04-26T17:46:35.000Z</time>
      </trkpt>
      <trkpt lat="40.801093" lon="-73.971535">
        <ele>29.8</ele>
        <time>2026-04-26T17:46:36.000Z</time>
      </trkpt>
      <trkpt lat="40.801084" lon="-73.971541">
        <ele>29.8</ele>
        <time>2026-04-26T17:46:37.000Z</time>
      </trkpt>
      <trkpt lat="40.801075" lon="-73.971548">
        <ele>29.8</ele>
        <time>2026-04-26T17:46:38.000Z</time>
      </trkpt>
      <trkpt lat="40.801066" lon="-73.971555">
        <ele>29.8</ele>
        <time>2026-04-26T17:46:39.000Z</time>
      </trkpt>
      <trkpt lat="40.801057" lon="-73.971562">
        <ele>29.8</ele>
        <time>2026-04-26T17:46:40.000Z</time>
      </trkpt>
      <trkpt lat="40.801048" lon="-73.971569">
        <ele>29.8</ele>
        <time>2026-04-26T17:46:41.000Z</time>
      </trkpt>
      <trkpt lat="40.801038" lon="-73.971576">
        <ele>29.8</ele>
        <time>2026-04-26T17:46:42.000Z</time>
      </trkpt>
      <trkpt lat="40.801029" lon="-73.971583">
        <ele>29.8</ele>
        <time>2026-04-26T17:46:43.000Z</time>
      </trkpt>
      <trkpt lat="40.80102" lon="-73.97159">
        <ele>29.8</ele>
        <time>2026-04-26T17:46:44.000Z</time>
      </trkpt>
      <trkpt lat="40.801012" lon="-73.971597">
        <ele>29.8</ele>
        <time>2026-04-26T17:46:45.000Z</time>
      </trkpt>
      <trkpt lat="40.801003" lon="-73.971603">
        <ele>29.8</ele>
        <time>2026-04-26T17:46:46.000Z</time>
      </trkpt>
      <trkpt lat="40.800995" lon="-73.971609">
        <ele>30</ele>
        <time>2026-04-26T17:46:47.000Z</time>
      </trkpt>
      <trkpt lat="40.800986" lon="-73.971616">
        <ele>30</ele>
        <time>2026-04-26T17:46:48.000Z</time>
      </trkpt>
      <trkpt lat="40.800978" lon="-73.971622">
        <ele>30</ele>
        <time>2026-04-26T17:46:49.000Z</time>
      </trkpt>
      <trkpt lat="40.800969" lon="-73.971629">
        <ele>29.8</ele>
        <time>2026-04-26T17:46:50.000Z</time>
      </trkpt>
      <trkpt lat="40.800961" lon="-73.971635">
        <ele>29.8</ele>
        <time>2026-04-26T17:46:51.000Z</time>
      </trkpt>
      <trkpt lat="40.800952" lon="-73.971641">
        <ele>29.8</ele>
        <time>2026-04-26T17:46:52.000Z</time>
      </trkpt>
      <trkpt lat="40.800943" lon="-73.971648">
        <ele>29.8</ele>
        <time>2026-04-26T17:46:53.000Z</time>
      </trkpt>
      <trkpt lat="40.800934" lon="-73.971654">
        <ele>29.8</ele>
        <time>2026-04-26T17:46:54.000Z</time>
      </trkpt>
      <trkpt lat="40.800926" lon="-73.97166">
        <ele>29.8</ele>
        <time>2026-04-26T17:46:55.000Z</time>
      </trkpt>
      <trkpt lat="40.800916" lon="-73.971667">
        <ele>29.8</ele>
        <time>2026-04-26T17:46:56.000Z</time>
      </trkpt>
      <trkpt lat="40.800907" lon="-73.971674">
        <ele>29.8</ele>
        <time>2026-04-26T17:46:57.000Z</time>
      </trkpt>
      <trkpt lat="40.800898" lon="-73.97168">
        <ele>29.8</ele>
        <time>2026-04-26T17:46:58.000Z</time>
      </trkpt>
      <trkpt lat="40.800889" lon="-73.971686">
        <ele>29.8</ele>
        <time>2026-04-26T17:46:59.000Z</time>
      </trkpt>
      <trkpt lat="40.800881" lon="-73.971693">
        <ele>29.8</ele>
        <time>2026-04-26T17:47:00.000Z</time>
      </trkpt>
      <trkpt lat="40.800872" lon="-73.971699">
        <ele>29.8</ele>
        <time>2026-04-26T17:47:01.000Z</time>
      </trkpt>
      <trkpt lat="40.800863" lon="-73.971706">
        <ele>29.6</ele>
        <time>2026-04-26T17:47:02.000Z</time>
      </trkpt>
      <trkpt lat="40.800854" lon="-73.971712">
        <ele>29.6</ele>
        <time>2026-04-26T17:47:03.000Z</time>
      </trkpt>
      <trkpt lat="40.800845" lon="-73.971718">
        <ele>29.6</ele>
        <time>2026-04-26T17:47:04.000Z</time>
      </trkpt>
      <trkpt lat="40.800836" lon="-73.971725">
        <ele>29.6</ele>
        <time>2026-04-26T17:47:05.000Z</time>
      </trkpt>
      <trkpt lat="40.800827" lon="-73.971731">
        <ele>29.6</ele>
        <time>2026-04-26T17:47:06.000Z</time>
      </trkpt>
      <trkpt lat="40.800818" lon="-73.971737">
        <ele>29.6</ele>
        <time>2026-04-26T17:47:07.000Z</time>
      </trkpt>
      <trkpt lat="40.80081" lon="-73.971743">
        <ele>29.6</ele>
        <time>2026-04-26T17:47:08.000Z</time>
      </trkpt>
      <trkpt lat="40.800801" lon="-73.971749">
        <ele>29.6</ele>
        <time>2026-04-26T17:47:09.000Z</time>
      </trkpt>
      <trkpt lat="40.800793" lon="-73.971755">
        <ele>29.6</ele>
        <time>2026-04-26T17:47:10.000Z</time>
      </trkpt>
      <trkpt lat="40.800785" lon="-73.97176">
        <ele>29.8</ele>
        <time>2026-04-26T17:47:11.000Z</time>
      </trkpt>
      <trkpt lat="40.800779" lon="-73.971766">
        <ele>29.8</ele>
        <time>2026-04-26T17:47:12.000Z</time>
      </trkpt>
      <trkpt lat="40.800773" lon="-73.971772">
        <ele>29.8</ele>
        <time>2026-04-26T17:47:13.000Z</time>
      </trkpt>
      <trkpt lat="40.800766" lon="-73.971778">
        <ele>29.6</ele>
        <time>2026-04-26T17:47:14.000Z</time>
      </trkpt>
      <trkpt lat="40.800758" lon="-73.971784">
        <ele>29.6</ele>
        <time>2026-04-26T17:47:15.000Z</time>
      </trkpt>
      <trkpt lat="40.800751" lon="-73.97179">
        <ele>29.6</ele>
        <time>2026-04-26T17:47:16.000Z</time>
      </trkpt>
      <trkpt lat="40.800743" lon="-73.971796">
        <ele>29.6</ele>
        <time>2026-04-26T17:47:17.000Z</time>
      </trkpt>
      <trkpt lat="40.800735" lon="-73.971802">
        <ele>29.6</ele>
        <time>2026-04-26T17:47:18.000Z</time>
      </trkpt>
      <trkpt lat="40.800727" lon="-73.971808">
        <ele>29.6</ele>
        <time>2026-04-26T17:47:19.000Z</time>
      </trkpt>
      <trkpt lat="40.800719" lon="-73.971814">
        <ele>29.6</ele>
        <time>2026-04-26T17:47:20.000Z</time>
      </trkpt>
      <trkpt lat="40.800711" lon="-73.971821">
        <ele>29.4</ele>
        <time>2026-04-26T17:47:21.000Z</time>
      </trkpt>
      <trkpt lat="40.800704" lon="-73.971828">
        <ele>29.4</ele>
        <time>2026-04-26T17:47:22.000Z</time>
      </trkpt>
      <trkpt lat="40.800696" lon="-73.971835">
        <ele>29.4</ele>
        <time>2026-04-26T17:47:23.000Z</time>
      </trkpt>
      <trkpt lat="40.800688" lon="-73.971842">
        <ele>29.4</ele>
        <time>2026-04-26T17:47:24.000Z</time>
      </trkpt>
      <trkpt lat="40.80068" lon="-73.971849">
        <ele>29.4</ele>
        <time>2026-04-26T17:47:25.000Z</time>
      </trkpt>
      <trkpt lat="40.800672" lon="-73.971856">
        <ele>29.4</ele>
        <time>2026-04-26T17:47:26.000Z</time>
      </trkpt>
      <trkpt lat="40.800663" lon="-73.971864">
        <ele>29.4</ele>
        <time>2026-04-26T17:47:27.000Z</time>
      </trkpt>
      <trkpt lat="40.800653" lon="-73.971872">
        <ele>29.4</ele>
        <time>2026-04-26T17:47:28.000Z</time>
      </trkpt>
      <trkpt lat="40.800644" lon="-73.97188">
        <ele>29.4</ele>
        <time>2026-04-26T17:47:29.000Z</time>
      </trkpt>
      <trkpt lat="40.800634" lon="-73.971888">
        <ele>29.2</ele>
        <time>2026-04-26T17:47:30.000Z</time>
      </trkpt>
      <trkpt lat="40.800624" lon="-73.971896">
        <ele>29.4</ele>
        <time>2026-04-26T17:47:31.000Z</time>
      </trkpt>
      <trkpt lat="40.800614" lon="-73.971903">
        <ele>29.4</ele>
        <time>2026-04-26T17:47:32.000Z</time>
      </trkpt>
      <trkpt lat="40.800605" lon="-73.97191">
        <ele>29.4</ele>
        <time>2026-04-26T17:47:33.000Z</time>
      </trkpt>
      <trkpt lat="40.80059" lon="-73.971922">
        <ele>29.4</ele>
        <time>2026-04-26T17:47:34.000Z</time>
      </trkpt>
      <trkpt lat="40.800584" lon="-73.971925">
        <ele>29.4</ele>
        <time>2026-04-26T17:47:35.000Z</time>
      </trkpt>
      <trkpt lat="40.800572" lon="-73.971931">
        <ele>29.4</ele>
        <time>2026-04-26T17:47:36.000Z</time>
      </trkpt>
      <trkpt lat="40.800559" lon="-73.971936">
        <ele>29.4</ele>
        <time>2026-04-26T17:47:37.000Z</time>
      </trkpt>
      <trkpt lat="40.800547" lon="-73.97194">
        <ele>29.4</ele>
        <time>2026-04-26T17:47:38.000Z</time>
      </trkpt>
      <trkpt lat="40.800535" lon="-73.971945">
        <ele>29.4</ele>
        <time>2026-04-26T17:47:39.000Z</time>
      </trkpt>
      <trkpt lat="40.800524" lon="-73.97195">
        <ele>29.2</ele>
        <time>2026-04-26T17:47:40.000Z</time>
      </trkpt>
      <trkpt lat="40.800515" lon="-73.971957">
        <ele>29.2</ele>
        <time>2026-04-26T17:47:41.000Z</time>
      </trkpt>
      <trkpt lat="40.800507" lon="-73.971963">
        <ele>29.2</ele>
        <time>2026-04-26T17:47:42.000Z</time>
      </trkpt>
      <trkpt lat="40.800498" lon="-73.97197">
        <ele>29.2</ele>
        <time>2026-04-26T17:47:43.000Z</time>
      </trkpt>
      <trkpt lat="40.800489" lon="-73.971976">
        <ele>29.2</ele>
        <time>2026-04-26T17:47:44.000Z</time>
      </trkpt>
      <trkpt lat="40.80048" lon="-73.971982">
        <ele>29.2</ele>
        <time>2026-04-26T17:47:45.000Z</time>
      </trkpt>
      <trkpt lat="40.800471" lon="-73.971988">
        <ele>29.2</ele>
        <time>2026-04-26T17:47:46.000Z</time>
      </trkpt>
      <trkpt lat="40.800463" lon="-73.971995">
        <ele>29.2</ele>
        <time>2026-04-26T17:47:47.000Z</time>
      </trkpt>
      <trkpt lat="40.800454" lon="-73.972002">
        <ele>29</ele>
        <time>2026-04-26T17:47:48.000Z</time>
      </trkpt>
      <trkpt lat="40.800445" lon="-73.97201">
        <ele>29</ele>
        <time>2026-04-26T17:47:49.000Z</time>
      </trkpt>
      <trkpt lat="40.800437" lon="-73.972019">
        <ele>29</ele>
        <time>2026-04-26T17:47:50.000Z</time>
      </trkpt>
      <trkpt lat="40.800429" lon="-73.972027">
        <ele>29</ele>
        <time>2026-04-26T17:47:51.000Z</time>
      </trkpt>
      <trkpt lat="40.800422" lon="-73.972036">
        <ele>29</ele>
        <time>2026-04-26T17:47:52.000Z</time>
      </trkpt>
      <trkpt lat="40.800415" lon="-73.972046">
        <ele>29</ele>
        <time>2026-04-26T17:47:53.000Z</time>
      </trkpt>
      <trkpt lat="40.800408" lon="-73.972056">
        <ele>28.8</ele>
        <time>2026-04-26T17:47:54.000Z</time>
      </trkpt>
      <trkpt lat="40.800401" lon="-73.972067">
        <ele>28.8</ele>
        <time>2026-04-26T17:47:55.000Z</time>
      </trkpt>
      <trkpt lat="40.800395" lon="-73.972077">
        <ele>28.8</ele>
        <time>2026-04-26T17:47:56.000Z</time>
      </trkpt>
      <trkpt lat="40.800388" lon="-73.972086">
        <ele>28.8</ele>
        <time>2026-04-26T17:47:57.000Z</time>
      </trkpt>
      <trkpt lat="40.800381" lon="-73.972096">
        <ele>28.8</ele>
        <time>2026-04-26T17:47:58.000Z</time>
      </trkpt>
      <trkpt lat="40.800373" lon="-73.972106">
        <ele>28.6</ele>
        <time>2026-04-26T17:47:59.000Z</time>
      </trkpt>
      <trkpt lat="40.800365" lon="-73.972117">
        <ele>28.6</ele>
        <time>2026-04-26T17:48:00.000Z</time>
      </trkpt>
      <trkpt lat="40.800357" lon="-73.972129">
        <ele>28.6</ele>
        <time>2026-04-26T17:48:01.000Z</time>
      </trkpt>
      <trkpt lat="40.800351" lon="-73.972142">
        <ele>28.6</ele>
        <time>2026-04-26T17:48:02.000Z</time>
      </trkpt>
      <trkpt lat="40.800345" lon="-73.972154">
        <ele>28.6</ele>
        <time>2026-04-26T17:48:03.000Z</time>
      </trkpt>
      <trkpt lat="40.80034" lon="-73.972166">
        <ele>28.6</ele>
        <time>2026-04-26T17:48:04.000Z</time>
      </trkpt>
      <trkpt lat="40.800334" lon="-73.972177">
        <ele>28.4</ele>
        <time>2026-04-26T17:48:05.000Z</time>
      </trkpt>
      <trkpt lat="40.800328" lon="-73.972188">
        <ele>28.4</ele>
        <time>2026-04-26T17:48:06.000Z</time>
      </trkpt>
      <trkpt lat="40.800322" lon="-73.972198">
        <ele>28.4</ele>
        <time>2026-04-26T17:48:07.000Z</time>
      </trkpt>
      <trkpt lat="40.800315" lon="-73.972208">
        <ele>28.4</ele>
        <time>2026-04-26T17:48:08.000Z</time>
      </trkpt>
      <trkpt lat="40.800307" lon="-73.972218">
        <ele>28.4</ele>
        <time>2026-04-26T17:48:09.000Z</time>
      </trkpt>
      <trkpt lat="40.8003" lon="-73.972228">
        <ele>28.4</ele>
        <time>2026-04-26T17:48:10.000Z</time>
      </trkpt>
      <trkpt lat="40.800292" lon="-73.972237">
        <ele>28.4</ele>
        <time>2026-04-26T17:48:11.000Z</time>
      </trkpt>
      <trkpt lat="40.800285" lon="-73.972246">
        <ele>28.2</ele>
        <time>2026-04-26T17:48:12.000Z</time>
      </trkpt>
      <trkpt lat="40.800278" lon="-73.972256">
        <ele>28.2</ele>
        <time>2026-04-26T17:48:13.000Z</time>
      </trkpt>
      <trkpt lat="40.80027" lon="-73.972266">
        <ele>28.2</ele>
        <time>2026-04-26T17:48:14.000Z</time>
      </trkpt>
      <trkpt lat="40.800263" lon="-73.972276">
        <ele>28.2</ele>
        <time>2026-04-26T17:48:15.000Z</time>
      </trkpt>
      <trkpt lat="40.800256" lon="-73.972286">
        <ele>28.2</ele>
        <time>2026-04-26T17:48:16.000Z</time>
      </trkpt>
      <trkpt lat="40.800249" lon="-73.972296">
        <ele>28.2</ele>
        <time>2026-04-26T17:48:17.000Z</time>
      </trkpt>
      <trkpt lat="40.800242" lon="-73.972305">
        <ele>28</ele>
        <time>2026-04-26T17:48:18.000Z</time>
      </trkpt>
      <trkpt lat="40.800236" lon="-73.972315">
        <ele>28</ele>
        <time>2026-04-26T17:48:19.000Z</time>
      </trkpt>
      <trkpt lat="40.800229" lon="-73.972325">
        <ele>28</ele>
        <time>2026-04-26T17:48:20.000Z</time>
      </trkpt>
      <trkpt lat="40.800222" lon="-73.972335">
        <ele>28</ele>
        <time>2026-04-26T17:48:21.000Z</time>
      </trkpt>
      <trkpt lat="40.800216" lon="-73.972345">
        <ele>28</ele>
        <time>2026-04-26T17:48:22.000Z</time>
      </trkpt>
      <trkpt lat="40.800209" lon="-73.972355">
        <ele>28</ele>
        <time>2026-04-26T17:48:23.000Z</time>
      </trkpt>
      <trkpt lat="40.800203" lon="-73.972365">
        <ele>28</ele>
        <time>2026-04-26T17:48:24.000Z</time>
      </trkpt>
      <trkpt lat="40.800196" lon="-73.972375">
        <ele>27.8</ele>
        <time>2026-04-26T17:48:25.000Z</time>
      </trkpt>
      <trkpt lat="40.80019" lon="-73.972385">
        <ele>27.8</ele>
        <time>2026-04-26T17:48:26.000Z</time>
      </trkpt>
      <trkpt lat="40.800184" lon="-73.972396">
        <ele>27.8</ele>
        <time>2026-04-26T17:48:27.000Z</time>
      </trkpt>
      <trkpt lat="40.800179" lon="-73.972408">
        <ele>27.8</ele>
        <time>2026-04-26T17:48:28.000Z</time>
      </trkpt>
      <trkpt lat="40.800173" lon="-73.972418">
        <ele>27.8</ele>
        <time>2026-04-26T17:48:29.000Z</time>
      </trkpt>
      <trkpt lat="40.800166" lon="-73.972429">
        <ele>27.8</ele>
        <time>2026-04-26T17:48:30.000Z</time>
      </trkpt>
      <trkpt lat="40.80016" lon="-73.972438">
        <ele>27.6</ele>
        <time>2026-04-26T17:48:31.000Z</time>
      </trkpt>
      <trkpt lat="40.800153" lon="-73.972448">
        <ele>27.6</ele>
        <time>2026-04-26T17:48:32.000Z</time>
      </trkpt>
      <trkpt lat="40.800146" lon="-73.972457">
        <ele>27.6</ele>
        <time>2026-04-26T17:48:33.000Z</time>
      </trkpt>
      <trkpt lat="40.80014" lon="-73.972467">
        <ele>27.6</ele>
        <time>2026-04-26T17:48:34.000Z</time>
      </trkpt>
      <trkpt lat="40.800133" lon="-73.972475">
        <ele>27.6</ele>
        <time>2026-04-26T17:48:35.000Z</time>
      </trkpt>
      <trkpt lat="40.800126" lon="-73.972484">
        <ele>27.4</ele>
        <time>2026-04-26T17:48:36.000Z</time>
      </trkpt>
      <trkpt lat="40.800119" lon="-73.972491">
        <ele>27.4</ele>
        <time>2026-04-26T17:48:37.000Z</time>
      </trkpt>
      <trkpt lat="40.800112" lon="-73.972499">
        <ele>27.4</ele>
        <time>2026-04-26T17:48:38.000Z</time>
      </trkpt>
      <trkpt lat="40.800105" lon="-73.972506">
        <ele>27.4</ele>
        <time>2026-04-26T17:48:39.000Z</time>
      </trkpt>
      <trkpt lat="40.800098" lon="-73.972514">
        <ele>27.4</ele>
        <time>2026-04-26T17:48:40.000Z</time>
      </trkpt>
      <trkpt lat="40.80009" lon="-73.972522">
        <ele>27.4</ele>
        <time>2026-04-26T17:48:41.000Z</time>
      </trkpt>
      <trkpt lat="40.800083" lon="-73.97253">
        <ele>27.4</ele>
        <time>2026-04-26T17:48:42.000Z</time>
      </trkpt>
      <trkpt lat="40.800075" lon="-73.972538">
        <ele>27.2</ele>
        <time>2026-04-26T17:48:43.000Z</time>
      </trkpt>
      <trkpt lat="40.800067" lon="-73.972546">
        <ele>27.2</ele>
        <time>2026-04-26T17:48:44.000Z</time>
      </trkpt>
      <trkpt lat="40.800059" lon="-73.972555">
        <ele>27.2</ele>
        <time>2026-04-26T17:48:45.000Z</time>
      </trkpt>
      <trkpt lat="40.800051" lon="-73.972565">
        <ele>27.2</ele>
        <time>2026-04-26T17:48:46.000Z</time>
      </trkpt>
      <trkpt lat="40.800043" lon="-73.972575">
        <ele>27.2</ele>
        <time>2026-04-26T17:48:47.000Z</time>
      </trkpt>
      <trkpt lat="40.800036" lon="-73.972586">
        <ele>27.2</ele>
        <time>2026-04-26T17:48:48.000Z</time>
      </trkpt>
      <trkpt lat="40.800029" lon="-73.972597">
        <ele>27</ele>
        <time>2026-04-26T17:48:49.000Z</time>
      </trkpt>
      <trkpt lat="40.800023" lon="-73.972609">
        <ele>27</ele>
        <time>2026-04-26T17:48:50.000Z</time>
      </trkpt>
      <trkpt lat="40.800016" lon="-73.97262">
        <ele>27</ele>
        <time>2026-04-26T17:48:51.000Z</time>
      </trkpt>
      <trkpt lat="40.800008" lon="-73.97263">
        <ele>27</ele>
        <time>2026-04-26T17:48:52.000Z</time>
      </trkpt>
      <trkpt lat="40.8" lon="-73.972638">
        <ele>27</ele>
        <time>2026-04-26T17:48:53.000Z</time>
      </trkpt>
      <trkpt lat="40.799991" lon="-73.972646">
        <ele>27</ele>
        <time>2026-04-26T17:48:54.000Z</time>
      </trkpt>
      <trkpt lat="40.799983" lon="-73.972654">
        <ele>26.8</ele>
        <time>2026-04-26T17:48:55.000Z</time>
      </trkpt>
      <trkpt lat="40.799975" lon="-73.972663">
        <ele>26.8</ele>
        <time>2026-04-26T17:48:56.000Z</time>
      </trkpt>
      <trkpt lat="40.799967" lon="-73.972672">
        <ele>26.8</ele>
        <time>2026-04-26T17:48:57.000Z</time>
      </trkpt>
      <trkpt lat="40.79996" lon="-73.972681">
        <ele>26.8</ele>
        <time>2026-04-26T17:48:58.000Z</time>
      </trkpt>
      <trkpt lat="40.799953" lon="-73.97269">
        <ele>26.6</ele>
        <time>2026-04-26T17:48:59.000Z</time>
      </trkpt>
      <trkpt lat="40.799945" lon="-73.972699">
        <ele>26.6</ele>
        <time>2026-04-26T17:49:00.000Z</time>
      </trkpt>
      <trkpt lat="40.799938" lon="-73.972707">
        <ele>26.6</ele>
        <time>2026-04-26T17:49:01.000Z</time>
      </trkpt>
      <trkpt lat="40.79993" lon="-73.972714">
        <ele>26.6</ele>
        <time>2026-04-26T17:49:02.000Z</time>
      </trkpt>
      <trkpt lat="40.799922" lon="-73.972721">
        <ele>26.4</ele>
        <time>2026-04-26T17:49:03.000Z</time>
      </trkpt>
      <trkpt lat="40.799913" lon="-73.972728">
        <ele>26.4</ele>
        <time>2026-04-26T17:49:04.000Z</time>
      </trkpt>
      <trkpt lat="40.799905" lon="-73.972736">
        <ele>26.4</ele>
        <time>2026-04-26T17:49:05.000Z</time>
      </trkpt>
      <trkpt lat="40.799898" lon="-73.972743">
        <ele>26.4</ele>
        <time>2026-04-26T17:49:06.000Z</time>
      </trkpt>
      <trkpt lat="40.799892" lon="-73.972749">
        <ele>26.2</ele>
        <time>2026-04-26T17:49:07.000Z</time>
      </trkpt>
      <trkpt lat="40.799888" lon="-73.972755">
        <ele>26.2</ele>
        <time>2026-04-26T17:49:08.000Z</time>
      </trkpt>
      <trkpt lat="40.799882" lon="-73.972763">
        <ele>26.2</ele>
        <time>2026-04-26T17:49:09.000Z</time>
      </trkpt>
      <trkpt lat="40.799875" lon="-73.97277">
        <ele>26.2</ele>
        <time>2026-04-26T17:49:10.000Z</time>
      </trkpt>
      <trkpt lat="40.799867" lon="-73.972777">
        <ele>26.2</ele>
        <time>2026-04-26T17:49:11.000Z</time>
      </trkpt>
      <trkpt lat="40.799858" lon="-73.972784">
        <ele>26.2</ele>
        <time>2026-04-26T17:49:12.000Z</time>
      </trkpt>
      <trkpt lat="40.79985" lon="-73.972791">
        <ele>26</ele>
        <time>2026-04-26T17:49:13.000Z</time>
      </trkpt>
      <trkpt lat="40.79984" lon="-73.972798">
        <ele>26</ele>
        <time>2026-04-26T17:49:14.000Z</time>
      </trkpt>
      <trkpt lat="40.799831" lon="-73.972806">
        <ele>26</ele>
        <time>2026-04-26T17:49:15.000Z</time>
      </trkpt>
      <trkpt lat="40.799822" lon="-73.972813">
        <ele>26</ele>
        <time>2026-04-26T17:49:16.000Z</time>
      </trkpt>
      <trkpt lat="40.799813" lon="-73.972822">
        <ele>26</ele>
        <time>2026-04-26T17:49:17.000Z</time>
      </trkpt>
      <trkpt lat="40.799804" lon="-73.972831">
        <ele>25.8</ele>
        <time>2026-04-26T17:49:18.000Z</time>
      </trkpt>
      <trkpt lat="40.799795" lon="-73.97284">
        <ele>25.8</ele>
        <time>2026-04-26T17:49:19.000Z</time>
      </trkpt>
      <trkpt lat="40.799785" lon="-73.972848">
        <ele>25.8</ele>
        <time>2026-04-26T17:49:20.000Z</time>
      </trkpt>
      <trkpt lat="40.799776" lon="-73.972856">
        <ele>25.8</ele>
        <time>2026-04-26T17:49:21.000Z</time>
      </trkpt>
      <trkpt lat="40.799768" lon="-73.972864">
        <ele>25.8</ele>
        <time>2026-04-26T17:49:22.000Z</time>
      </trkpt>
      <trkpt lat="40.79976" lon="-73.972872">
        <ele>25.8</ele>
        <time>2026-04-26T17:49:23.000Z</time>
      </trkpt>
      <trkpt lat="40.799751" lon="-73.972879">
        <ele>25.6</ele>
        <time>2026-04-26T17:49:24.000Z</time>
      </trkpt>
      <trkpt lat="40.799743" lon="-73.972886">
        <ele>25.6</ele>
        <time>2026-04-26T17:49:25.000Z</time>
      </trkpt>
      <trkpt lat="40.799734" lon="-73.972893">
        <ele>25.6</ele>
        <time>2026-04-26T17:49:26.000Z</time>
      </trkpt>
      <trkpt lat="40.799726" lon="-73.972901">
        <ele>25.6</ele>
        <time>2026-04-26T17:49:27.000Z</time>
      </trkpt>
      <trkpt lat="40.799719" lon="-73.972909">
        <ele>25.6</ele>
        <time>2026-04-26T17:49:28.000Z</time>
      </trkpt>
      <trkpt lat="40.799712" lon="-73.972916">
        <ele>25.6</ele>
        <time>2026-04-26T17:49:29.000Z</time>
      </trkpt>
      <trkpt lat="40.799704" lon="-73.972923">
        <ele>25.6</ele>
        <time>2026-04-26T17:49:30.000Z</time>
      </trkpt>
      <trkpt lat="40.799696" lon="-73.97293">
        <ele>25.6</ele>
        <time>2026-04-26T17:49:31.000Z</time>
      </trkpt>
      <trkpt lat="40.799688" lon="-73.972937">
        <ele>25.4</ele>
        <time>2026-04-26T17:49:32.000Z</time>
      </trkpt>
      <trkpt lat="40.79968" lon="-73.972944">
        <ele>25.4</ele>
        <time>2026-04-26T17:49:33.000Z</time>
      </trkpt>
      <trkpt lat="40.799672" lon="-73.972951">
        <ele>25.4</ele>
        <time>2026-04-26T17:49:34.000Z</time>
      </trkpt>
      <trkpt lat="40.799664" lon="-73.972957">
        <ele>25.4</ele>
        <time>2026-04-26T17:49:35.000Z</time>
      </trkpt>
      <trkpt lat="40.799655" lon="-73.972964">
        <ele>25.4</ele>
        <time>2026-04-26T17:49:36.000Z</time>
      </trkpt>
      <trkpt lat="40.799645" lon="-73.972971">
        <ele>25.4</ele>
        <time>2026-04-26T17:49:37.000Z</time>
      </trkpt>
      <trkpt lat="40.799635" lon="-73.972979">
        <ele>25.2</ele>
        <time>2026-04-26T17:49:38.000Z</time>
      </trkpt>
      <trkpt lat="40.799625" lon="-73.972987">
        <ele>25.2</ele>
        <time>2026-04-26T17:49:39.000Z</time>
      </trkpt>
      <trkpt lat="40.799616" lon="-73.972996">
        <ele>25.2</ele>
        <time>2026-04-26T17:49:40.000Z</time>
      </trkpt>
      <trkpt lat="40.799607" lon="-73.973004">
        <ele>25.2</ele>
        <time>2026-04-26T17:49:41.000Z</time>
      </trkpt>
      <trkpt lat="40.799597" lon="-73.973012">
        <ele>25.2</ele>
        <time>2026-04-26T17:49:42.000Z</time>
      </trkpt>
      <trkpt lat="40.799588" lon="-73.97302">
        <ele>25.2</ele>
        <time>2026-04-26T17:49:43.000Z</time>
      </trkpt>
      <trkpt lat="40.799579" lon="-73.973028">
        <ele>25</ele>
        <time>2026-04-26T17:49:44.000Z</time>
      </trkpt>
      <trkpt lat="40.79957" lon="-73.973037">
        <ele>25</ele>
        <time>2026-04-26T17:49:45.000Z</time>
      </trkpt>
      <trkpt lat="40.799562" lon="-73.973045">
        <ele>25</ele>
        <time>2026-04-26T17:49:46.000Z</time>
      </trkpt>
      <trkpt lat="40.799553" lon="-73.973053">
        <ele>25</ele>
        <time>2026-04-26T17:49:47.000Z</time>
      </trkpt>
      <trkpt lat="40.799544" lon="-73.973061">
        <ele>25</ele>
        <time>2026-04-26T17:49:48.000Z</time>
      </trkpt>
      <trkpt lat="40.799535" lon="-73.973069">
        <ele>25</ele>
        <time>2026-04-26T17:49:49.000Z</time>
      </trkpt>
      <trkpt lat="40.799527" lon="-73.973076">
        <ele>25</ele>
        <time>2026-04-26T17:49:50.000Z</time>
      </trkpt>
      <trkpt lat="40.799518" lon="-73.973084">
        <ele>24.8</ele>
        <time>2026-04-26T17:49:51.000Z</time>
      </trkpt>
      <trkpt lat="40.79951" lon="-73.973091">
        <ele>24.8</ele>
        <time>2026-04-26T17:49:52.000Z</time>
      </trkpt>
      <trkpt lat="40.799502" lon="-73.973097">
        <ele>24.8</ele>
        <time>2026-04-26T17:49:53.000Z</time>
      </trkpt>
      <trkpt lat="40.799493" lon="-73.973103">
        <ele>24.8</ele>
        <time>2026-04-26T17:49:54.000Z</time>
      </trkpt>
      <trkpt lat="40.799485" lon="-73.97311">
        <ele>24.8</ele>
        <time>2026-04-26T17:49:55.000Z</time>
      </trkpt>
      <trkpt lat="40.799478" lon="-73.973116">
        <ele>24.6</ele>
        <time>2026-04-26T17:49:56.000Z</time>
      </trkpt>
      <trkpt lat="40.79947" lon="-73.973123">
        <ele>24.6</ele>
        <time>2026-04-26T17:49:57.000Z</time>
      </trkpt>
      <trkpt lat="40.799462" lon="-73.973131">
        <ele>24.6</ele>
        <time>2026-04-26T17:49:58.000Z</time>
      </trkpt>
      <trkpt lat="40.799455" lon="-73.97314">
        <ele>24.6</ele>
        <time>2026-04-26T17:49:59.000Z</time>
      </trkpt>
      <trkpt lat="40.799447" lon="-73.97315">
        <ele>24.6</ele>
        <time>2026-04-26T17:50:00.000Z</time>
      </trkpt>
      <trkpt lat="40.79944" lon="-73.97316">
        <ele>24.4</ele>
        <time>2026-04-26T17:50:01.000Z</time>
      </trkpt>
      <trkpt lat="40.799433" lon="-73.973169">
        <ele>24.4</ele>
        <time>2026-04-26T17:50:02.000Z</time>
      </trkpt>
      <trkpt lat="40.799426" lon="-73.973177">
        <ele>24.4</ele>
        <time>2026-04-26T17:50:03.000Z</time>
      </trkpt>
      <trkpt lat="40.799419" lon="-73.973184">
        <ele>24.4</ele>
        <time>2026-04-26T17:50:04.000Z</time>
      </trkpt>
      <trkpt lat="40.799411" lon="-73.973191">
        <ele>24.2</ele>
        <time>2026-04-26T17:50:05.000Z</time>
      </trkpt>
      <trkpt lat="40.799403" lon="-73.973198">
        <ele>24.2</ele>
        <time>2026-04-26T17:50:06.000Z</time>
      </trkpt>
      <trkpt lat="40.799394" lon="-73.973205">
        <ele>24.2</ele>
        <time>2026-04-26T17:50:07.000Z</time>
      </trkpt>
      <trkpt lat="40.799386" lon="-73.97321">
        <ele>24.2</ele>
        <time>2026-04-26T17:50:08.000Z</time>
      </trkpt>
      <trkpt lat="40.799377" lon="-73.973216">
        <ele>24</ele>
        <time>2026-04-26T17:50:09.000Z</time>
      </trkpt>
      <trkpt lat="40.799368" lon="-73.973222">
        <ele>24</ele>
        <time>2026-04-26T17:50:10.000Z</time>
      </trkpt>
      <trkpt lat="40.79936" lon="-73.973228">
        <ele>24</ele>
        <time>2026-04-26T17:50:11.000Z</time>
      </trkpt>
      <trkpt lat="40.799351" lon="-73.973235">
        <ele>24</ele>
        <time>2026-04-26T17:50:12.000Z</time>
      </trkpt>
      <trkpt lat="40.799343" lon="-73.973242">
        <ele>23.8</ele>
        <time>2026-04-26T17:50:13.000Z</time>
      </trkpt>
      <trkpt lat="40.799335" lon="-73.973249">
        <ele>23.8</ele>
        <time>2026-04-26T17:50:14.000Z</time>
      </trkpt>
      <trkpt lat="40.799326" lon="-73.973256">
        <ele>23.8</ele>
        <time>2026-04-26T17:50:15.000Z</time>
      </trkpt>
      <trkpt lat="40.799316" lon="-73.973262">
        <ele>23.8</ele>
        <time>2026-04-26T17:50:16.000Z</time>
      </trkpt>
      <trkpt lat="40.799306" lon="-73.973268">
        <ele>23.6</ele>
        <time>2026-04-26T17:50:17.000Z</time>
      </trkpt>
      <trkpt lat="40.799297" lon="-73.973275">
        <ele>23.6</ele>
        <time>2026-04-26T17:50:18.000Z</time>
      </trkpt>
      <trkpt lat="40.799287" lon="-73.973284">
        <ele>23.6</ele>
        <time>2026-04-26T17:50:19.000Z</time>
      </trkpt>
      <trkpt lat="40.799277" lon="-73.973293">
        <ele>23.6</ele>
        <time>2026-04-26T17:50:20.000Z</time>
      </trkpt>
      <trkpt lat="40.799268" lon="-73.973303">
        <ele>23.4</ele>
        <time>2026-04-26T17:50:21.000Z</time>
      </trkpt>
      <trkpt lat="40.799259" lon="-73.973313">
        <ele>23.4</ele>
        <time>2026-04-26T17:50:22.000Z</time>
      </trkpt>
      <trkpt lat="40.79925" lon="-73.973324">
        <ele>23.4</ele>
        <time>2026-04-26T17:50:23.000Z</time>
      </trkpt>
      <trkpt lat="40.799241" lon="-73.973335">
        <ele>23.4</ele>
        <time>2026-04-26T17:50:24.000Z</time>
      </trkpt>
      <trkpt lat="40.799232" lon="-73.973346">
        <ele>23.4</ele>
        <time>2026-04-26T17:50:25.000Z</time>
      </trkpt>
      <trkpt lat="40.799224" lon="-73.973356">
        <ele>23.2</ele>
        <time>2026-04-26T17:50:26.000Z</time>
      </trkpt>
      <trkpt lat="40.799216" lon="-73.973366">
        <ele>23.2</ele>
        <time>2026-04-26T17:50:27.000Z</time>
      </trkpt>
      <trkpt lat="40.799208" lon="-73.973375">
        <ele>23.2</ele>
        <time>2026-04-26T17:50:28.000Z</time>
      </trkpt>
      <trkpt lat="40.799199" lon="-73.973383">
        <ele>23.2</ele>
        <time>2026-04-26T17:50:29.000Z</time>
      </trkpt>
      <trkpt lat="40.79919" lon="-73.97339">
        <ele>23.2</ele>
        <time>2026-04-26T17:50:30.000Z</time>
      </trkpt>
      <trkpt lat="40.799181" lon="-73.973398">
        <ele>23.2</ele>
        <time>2026-04-26T17:50:31.000Z</time>
      </trkpt>
      <trkpt lat="40.799172" lon="-73.973406">
        <ele>23</ele>
        <time>2026-04-26T17:50:32.000Z</time>
      </trkpt>
      <trkpt lat="40.799164" lon="-73.973415">
        <ele>23</ele>
        <time>2026-04-26T17:50:33.000Z</time>
      </trkpt>
      <trkpt lat="40.799154" lon="-73.973423">
        <ele>23</ele>
        <time>2026-04-26T17:50:34.000Z</time>
      </trkpt>
      <trkpt lat="40.799145" lon="-73.97343">
        <ele>23</ele>
        <time>2026-04-26T17:50:35.000Z</time>
      </trkpt>
      <trkpt lat="40.799137" lon="-73.973436">
        <ele>23</ele>
        <time>2026-04-26T17:50:36.000Z</time>
      </trkpt>
      <trkpt lat="40.799129" lon="-73.973442">
        <ele>22.8</ele>
        <time>2026-04-26T17:50:37.000Z</time>
      </trkpt>
      <trkpt lat="40.799121" lon="-73.973449">
        <ele>22.8</ele>
        <time>2026-04-26T17:50:38.000Z</time>
      </trkpt>
      <trkpt lat="40.799112" lon="-73.973456">
        <ele>22.8</ele>
        <time>2026-04-26T17:50:39.000Z</time>
      </trkpt>
      <trkpt lat="40.799104" lon="-73.973463">
        <ele>22.6</ele>
        <time>2026-04-26T17:50:40.000Z</time>
      </trkpt>
      <trkpt lat="40.799096" lon="-73.97347">
        <ele>22.6</ele>
        <time>2026-04-26T17:50:41.000Z</time>
      </trkpt>
      <trkpt lat="40.799088" lon="-73.973477">
        <ele>22.6</ele>
        <time>2026-04-26T17:50:42.000Z</time>
      </trkpt>
      <trkpt lat="40.799081" lon="-73.973485">
        <ele>22.4</ele>
        <time>2026-04-26T17:50:43.000Z</time>
      </trkpt>
      <trkpt lat="40.799073" lon="-73.973493">
        <ele>22.4</ele>
        <time>2026-04-26T17:50:44.000Z</time>
      </trkpt>
      <trkpt lat="40.799066" lon="-73.973501">
        <ele>22.4</ele>
        <time>2026-04-26T17:50:45.000Z</time>
      </trkpt>
      <trkpt lat="40.799059" lon="-73.97351">
        <ele>22.4</ele>
        <time>2026-04-26T17:50:46.000Z</time>
      </trkpt>
      <trkpt lat="40.799051" lon="-73.973519">
        <ele>22.4</ele>
        <time>2026-04-26T17:50:47.000Z</time>
      </trkpt>
      <trkpt lat="40.799043" lon="-73.973526">
        <ele>22.2</ele>
        <time>2026-04-26T17:50:48.000Z</time>
      </trkpt>
      <trkpt lat="40.799035" lon="-73.973533">
        <ele>22.2</ele>
        <time>2026-04-26T17:50:49.000Z</time>
      </trkpt>
      <trkpt lat="40.799027" lon="-73.97354">
        <ele>22.2</ele>
        <time>2026-04-26T17:50:50.000Z</time>
      </trkpt>
      <trkpt lat="40.799018" lon="-73.973546">
        <ele>22.2</ele>
        <time>2026-04-26T17:50:51.000Z</time>
      </trkpt>
      <trkpt lat="40.79901" lon="-73.973552">
        <ele>22.2</ele>
        <time>2026-04-26T17:50:52.000Z</time>
      </trkpt>
      <trkpt lat="40.799001" lon="-73.973557">
        <ele>22.2</ele>
        <time>2026-04-26T17:50:53.000Z</time>
      </trkpt>
      <trkpt lat="40.798993" lon="-73.973564">
        <ele>22.2</ele>
        <time>2026-04-26T17:50:54.000Z</time>
      </trkpt>
      <trkpt lat="40.798985" lon="-73.97357">
        <ele>22.2</ele>
        <time>2026-04-26T17:50:55.000Z</time>
      </trkpt>
      <trkpt lat="40.798977" lon="-73.973576">
        <ele>22.2</ele>
        <time>2026-04-26T17:50:56.000Z</time>
      </trkpt>
      <trkpt lat="40.798969" lon="-73.973583">
        <ele>22.2</ele>
        <time>2026-04-26T17:50:57.000Z</time>
      </trkpt>
      <trkpt lat="40.798962" lon="-73.97359">
        <ele>22.2</ele>
        <time>2026-04-26T17:50:58.000Z</time>
      </trkpt>
      <trkpt lat="40.798954" lon="-73.973597">
        <ele>22.2</ele>
        <time>2026-04-26T17:50:59.000Z</time>
      </trkpt>
      <trkpt lat="40.798945" lon="-73.973604">
        <ele>22.2</ele>
        <time>2026-04-26T17:51:00.000Z</time>
      </trkpt>
      <trkpt lat="40.798937" lon="-73.973611">
        <ele>22</ele>
        <time>2026-04-26T17:51:01.000Z</time>
      </trkpt>
      <trkpt lat="40.798928" lon="-73.973618">
        <ele>22</ele>
        <time>2026-04-26T17:51:02.000Z</time>
      </trkpt>
      <trkpt lat="40.798919" lon="-73.973626">
        <ele>22</ele>
        <time>2026-04-26T17:51:03.000Z</time>
      </trkpt>
      <trkpt lat="40.79891" lon="-73.973634">
        <ele>22</ele>
        <time>2026-04-26T17:51:04.000Z</time>
      </trkpt>
      <trkpt lat="40.798901" lon="-73.973642">
        <ele>22</ele>
        <time>2026-04-26T17:51:05.000Z</time>
      </trkpt>
      <trkpt lat="40.798892" lon="-73.97365">
        <ele>22</ele>
        <time>2026-04-26T17:51:06.000Z</time>
      </trkpt>
      <trkpt lat="40.798883" lon="-73.973658">
        <ele>22</ele>
        <time>2026-04-26T17:51:07.000Z</time>
      </trkpt>
      <trkpt lat="40.798875" lon="-73.973666">
        <ele>21.8</ele>
        <time>2026-04-26T17:51:08.000Z</time>
      </trkpt>
      <trkpt lat="40.798866" lon="-73.973673">
        <ele>21.8</ele>
        <time>2026-04-26T17:51:09.000Z</time>
      </trkpt>
      <trkpt lat="40.798858" lon="-73.97368">
        <ele>21.8</ele>
        <time>2026-04-26T17:51:10.000Z</time>
      </trkpt>
      <trkpt lat="40.79885" lon="-73.973687">
        <ele>21.8</ele>
        <time>2026-04-26T17:51:11.000Z</time>
      </trkpt>
      <trkpt lat="40.798842" lon="-73.973693">
        <ele>21.8</ele>
        <time>2026-04-26T17:51:12.000Z</time>
      </trkpt>
      <trkpt lat="40.798834" lon="-73.973701">
        <ele>21.8</ele>
        <time>2026-04-26T17:51:13.000Z</time>
      </trkpt>
      <trkpt lat="40.798826" lon="-73.973709">
        <ele>21.6</ele>
        <time>2026-04-26T17:51:14.000Z</time>
      </trkpt>
      <trkpt lat="40.798819" lon="-73.973716">
        <ele>21.6</ele>
        <time>2026-04-26T17:51:15.000Z</time>
      </trkpt>
      <trkpt lat="40.798811" lon="-73.973723">
        <ele>21.6</ele>
        <time>2026-04-26T17:51:16.000Z</time>
      </trkpt>
      <trkpt lat="40.798803" lon="-73.97373">
        <ele>21.6</ele>
        <time>2026-04-26T17:51:17.000Z</time>
      </trkpt>
      <trkpt lat="40.798796" lon="-73.973737">
        <ele>21.6</ele>
        <time>2026-04-26T17:51:18.000Z</time>
      </trkpt>
      <trkpt lat="40.798788" lon="-73.973743">
        <ele>21.6</ele>
        <time>2026-04-26T17:51:19.000Z</time>
      </trkpt>
      <trkpt lat="40.79878" lon="-73.97375">
        <ele>21.4</ele>
        <time>2026-04-26T17:51:20.000Z</time>
      </trkpt>
      <trkpt lat="40.798773" lon="-73.973756">
        <ele>21.4</ele>
        <time>2026-04-26T17:51:21.000Z</time>
      </trkpt>
      <trkpt lat="40.798765" lon="-73.973763">
        <ele>21.4</ele>
        <time>2026-04-26T17:51:22.000Z</time>
      </trkpt>
      <trkpt lat="40.798758" lon="-73.97377">
        <ele>21.4</ele>
        <time>2026-04-26T17:51:23.000Z</time>
      </trkpt>
      <trkpt lat="40.79875" lon="-73.973776">
        <ele>21.4</ele>
        <time>2026-04-26T17:51:24.000Z</time>
      </trkpt>
      <trkpt lat="40.798742" lon="-73.973782">
        <ele>21.4</ele>
        <time>2026-04-26T17:51:25.000Z</time>
      </trkpt>
      <trkpt lat="40.798734" lon="-73.973788">
        <ele>21.4</ele>
        <time>2026-04-26T17:51:26.000Z</time>
      </trkpt>
      <trkpt lat="40.798726" lon="-73.973794">
        <ele>21.2</ele>
        <time>2026-04-26T17:51:27.000Z</time>
      </trkpt>
      <trkpt lat="40.798717" lon="-73.9738">
        <ele>21.2</ele>
        <time>2026-04-26T17:51:28.000Z</time>
      </trkpt>
      <trkpt lat="40.798708" lon="-73.973807">
        <ele>21.2</ele>
        <time>2026-04-26T17:51:29.000Z</time>
      </trkpt>
      <trkpt lat="40.7987" lon="-73.973814">
        <ele>21.2</ele>
        <time>2026-04-26T17:51:30.000Z</time>
      </trkpt>
      <trkpt lat="40.7987" lon="-73.973814">
        <ele>21.2</ele>
        <time>2026-04-26T17:51:31.000Z</time>
      </trkpt>
      <trkpt lat="40.798691" lon="-73.97382">
        <ele>21.2</ele>
        <time>2026-04-26T17:51:32.000Z</time>
      </trkpt>
      <trkpt lat="40.798682" lon="-73.973826">
        <ele>21.2</ele>
        <time>2026-04-26T17:51:33.000Z</time>
      </trkpt>
      <trkpt lat="40.798673" lon="-73.973833">
        <ele>21</ele>
        <time>2026-04-26T17:51:34.000Z</time>
      </trkpt>
      <trkpt lat="40.798663" lon="-73.973838">
        <ele>21</ele>
        <time>2026-04-26T17:51:35.000Z</time>
      </trkpt>
      <trkpt lat="40.798654" lon="-73.973844">
        <ele>21</ele>
        <time>2026-04-26T17:51:36.000Z</time>
      </trkpt>
      <trkpt lat="40.798645" lon="-73.973851">
        <ele>21</ele>
        <time>2026-04-26T17:51:37.000Z</time>
      </trkpt>
      <trkpt lat="40.798636" lon="-73.973858">
        <ele>21</ele>
        <time>2026-04-26T17:51:38.000Z</time>
      </trkpt>
      <trkpt lat="40.798628" lon="-73.973866">
        <ele>20.8</ele>
        <time>2026-04-26T17:51:39.000Z</time>
      </trkpt>
      <trkpt lat="40.79862" lon="-73.973875">
        <ele>20.8</ele>
        <time>2026-04-26T17:51:40.000Z</time>
      </trkpt>
      <trkpt lat="40.798613" lon="-73.973884">
        <ele>20.8</ele>
        <time>2026-04-26T17:51:41.000Z</time>
      </trkpt>
      <trkpt lat="40.798605" lon="-73.973892">
        <ele>20.8</ele>
        <time>2026-04-26T17:51:42.000Z</time>
      </trkpt>
      <trkpt lat="40.798598" lon="-73.973899">
        <ele>20.6</ele>
        <time>2026-04-26T17:51:43.000Z</time>
      </trkpt>
      <trkpt lat="40.798589" lon="-73.973905">
        <ele>20.6</ele>
        <time>2026-04-26T17:51:44.000Z</time>
      </trkpt>
      <trkpt lat="40.79858" lon="-73.973909">
        <ele>20.6</ele>
        <time>2026-04-26T17:51:45.000Z</time>
      </trkpt>
      <trkpt lat="40.79857" lon="-73.973914">
        <ele>20.6</ele>
        <time>2026-04-26T17:51:46.000Z</time>
      </trkpt>
      <trkpt lat="40.798561" lon="-73.973919">
        <ele>20.6</ele>
        <time>2026-04-26T17:51:47.000Z</time>
      </trkpt>
      <trkpt lat="40.798551" lon="-73.973924">
        <ele>20.4</ele>
        <time>2026-04-26T17:51:48.000Z</time>
      </trkpt>
      <trkpt lat="40.798542" lon="-73.97393">
        <ele>20.4</ele>
        <time>2026-04-26T17:51:49.000Z</time>
      </trkpt>
      <trkpt lat="40.798533" lon="-73.973936">
        <ele>20.4</ele>
        <time>2026-04-26T17:51:50.000Z</time>
      </trkpt>
      <trkpt lat="40.798524" lon="-73.973942">
        <ele>20.4</ele>
        <time>2026-04-26T17:51:51.000Z</time>
      </trkpt>
      <trkpt lat="40.798515" lon="-73.973948">
        <ele>20.2</ele>
        <time>2026-04-26T17:51:52.000Z</time>
      </trkpt>
      <trkpt lat="40.798506" lon="-73.973955">
        <ele>20.2</ele>
        <time>2026-04-26T17:51:53.000Z</time>
      </trkpt>
      <trkpt lat="40.798497" lon="-73.973961">
        <ele>20.2</ele>
        <time>2026-04-26T17:51:54.000Z</time>
      </trkpt>
      <trkpt lat="40.798488" lon="-73.973967">
        <ele>20.2</ele>
        <time>2026-04-26T17:51:55.000Z</time>
      </trkpt>
      <trkpt lat="40.798472" lon="-73.973979">
        <ele>20.2</ele>
        <time>2026-04-26T17:51:56.000Z</time>
      </trkpt>
      <trkpt lat="40.798465" lon="-73.973985">
        <ele>20</ele>
        <time>2026-04-26T17:51:57.000Z</time>
      </trkpt>
      <trkpt lat="40.798458" lon="-73.97399">
        <ele>20</ele>
        <time>2026-04-26T17:51:58.000Z</time>
      </trkpt>
      <trkpt lat="40.798451" lon="-73.973995">
        <ele>20</ele>
        <time>2026-04-26T17:51:59.000Z</time>
      </trkpt>
      <trkpt lat="40.798444" lon="-73.974001">
        <ele>20</ele>
        <time>2026-04-26T17:52:00.000Z</time>
      </trkpt>
      <trkpt lat="40.798437" lon="-73.974006">
        <ele>20</ele>
        <time>2026-04-26T17:52:01.000Z</time>
      </trkpt>
      <trkpt lat="40.798426" lon="-73.974011">
        <ele>19.8</ele>
        <time>2026-04-26T17:52:02.000Z</time>
      </trkpt>
      <trkpt lat="40.798415" lon="-73.974016">
        <ele>19.8</ele>
        <time>2026-04-26T17:52:03.000Z</time>
      </trkpt>
      <trkpt lat="40.798404" lon="-73.974021">
        <ele>19.8</ele>
        <time>2026-04-26T17:52:04.000Z</time>
      </trkpt>
      <trkpt lat="40.798394" lon="-73.974026">
        <ele>19.8</ele>
        <time>2026-04-26T17:52:05.000Z</time>
      </trkpt>
      <trkpt lat="40.798384" lon="-73.97403">
        <ele>19.6</ele>
        <time>2026-04-26T17:52:06.000Z</time>
      </trkpt>
      <trkpt lat="40.798374" lon="-73.974035">
        <ele>19.6</ele>
        <time>2026-04-26T17:52:07.000Z</time>
      </trkpt>
      <trkpt lat="40.798365" lon="-73.97404">
        <ele>19.6</ele>
        <time>2026-04-26T17:52:08.000Z</time>
      </trkpt>
      <trkpt lat="40.798355" lon="-73.974045">
        <ele>19.6</ele>
        <time>2026-04-26T17:52:09.000Z</time>
      </trkpt>
      <trkpt lat="40.798345" lon="-73.97405">
        <ele>19.6</ele>
        <time>2026-04-26T17:52:10.000Z</time>
      </trkpt>
      <trkpt lat="40.798335" lon="-73.974055">
        <ele>19.4</ele>
        <time>2026-04-26T17:52:11.000Z</time>
      </trkpt>
      <trkpt lat="40.798326" lon="-73.97406">
        <ele>19.4</ele>
        <time>2026-04-26T17:52:12.000Z</time>
      </trkpt>
      <trkpt lat="40.798316" lon="-73.974064">
        <ele>19.4</ele>
        <time>2026-04-26T17:52:13.000Z</time>
      </trkpt>
      <trkpt lat="40.798307" lon="-73.974068">
        <ele>19.4</ele>
        <time>2026-04-26T17:52:14.000Z</time>
      </trkpt>
      <trkpt lat="40.798298" lon="-73.974073">
        <ele>19.4</ele>
        <time>2026-04-26T17:52:15.000Z</time>
      </trkpt>
      <trkpt lat="40.798289" lon="-73.974078">
        <ele>19.4</ele>
        <time>2026-04-26T17:52:16.000Z</time>
      </trkpt>
      <trkpt lat="40.798281" lon="-73.974084">
        <ele>19.2</ele>
        <time>2026-04-26T17:52:17.000Z</time>
      </trkpt>
      <trkpt lat="40.798272" lon="-73.97409">
        <ele>19.2</ele>
        <time>2026-04-26T17:52:18.000Z</time>
      </trkpt>
      <trkpt lat="40.798264" lon="-73.974096">
        <ele>19.2</ele>
        <time>2026-04-26T17:52:19.000Z</time>
      </trkpt>
      <trkpt lat="40.798255" lon="-73.9741">
        <ele>19.2</ele>
        <time>2026-04-26T17:52:20.000Z</time>
      </trkpt>
      <trkpt lat="40.798246" lon="-73.974105">
        <ele>19.2</ele>
        <time>2026-04-26T17:52:21.000Z</time>
      </trkpt>
      <trkpt lat="40.798236" lon="-73.97411">
        <ele>19.2</ele>
        <time>2026-04-26T17:52:22.000Z</time>
      </trkpt>
      <trkpt lat="40.798227" lon="-73.974114">
        <ele>19.2</ele>
        <time>2026-04-26T17:52:23.000Z</time>
      </trkpt>
      <trkpt lat="40.798218" lon="-73.974119">
        <ele>19.2</ele>
        <time>2026-04-26T17:52:24.000Z</time>
      </trkpt>
      <trkpt lat="40.798209" lon="-73.974123">
        <ele>19.2</ele>
        <time>2026-04-26T17:52:25.000Z</time>
      </trkpt>
      <trkpt lat="40.798201" lon="-73.974128">
        <ele>19</ele>
        <time>2026-04-26T17:52:26.000Z</time>
      </trkpt>
      <trkpt lat="40.798193" lon="-73.974134">
        <ele>19</ele>
        <time>2026-04-26T17:52:27.000Z</time>
      </trkpt>
      <trkpt lat="40.798184" lon="-73.974139">
        <ele>19</ele>
        <time>2026-04-26T17:52:28.000Z</time>
      </trkpt>
      <trkpt lat="40.798175" lon="-73.974144">
        <ele>19</ele>
        <time>2026-04-26T17:52:29.000Z</time>
      </trkpt>
      <trkpt lat="40.798166" lon="-73.974148">
        <ele>19</ele>
        <time>2026-04-26T17:52:30.000Z</time>
      </trkpt>
      <trkpt lat="40.798157" lon="-73.974151">
        <ele>19</ele>
        <time>2026-04-26T17:52:31.000Z</time>
      </trkpt>
      <trkpt lat="40.798147" lon="-73.974153">
        <ele>19</ele>
        <time>2026-04-26T17:52:32.000Z</time>
      </trkpt>
      <trkpt lat="40.798137" lon="-73.974156">
        <ele>19</ele>
        <time>2026-04-26T17:52:33.000Z</time>
      </trkpt>
      <trkpt lat="40.798127" lon="-73.974159">
        <ele>19</ele>
        <time>2026-04-26T17:52:34.000Z</time>
      </trkpt>
      <trkpt lat="40.798116" lon="-73.974162">
        <ele>19</ele>
        <time>2026-04-26T17:52:35.000Z</time>
      </trkpt>
      <trkpt lat="40.798107" lon="-73.974165">
        <ele>19</ele>
        <time>2026-04-26T17:52:36.000Z</time>
      </trkpt>
      <trkpt lat="40.798097" lon="-73.974168">
        <ele>19</ele>
        <time>2026-04-26T17:52:37.000Z</time>
      </trkpt>
      <trkpt lat="40.798087" lon="-73.974171">
        <ele>19</ele>
        <time>2026-04-26T17:52:38.000Z</time>
      </trkpt>
      <trkpt lat="40.798077" lon="-73.974173">
        <ele>19</ele>
        <time>2026-04-26T17:52:39.000Z</time>
      </trkpt>
      <trkpt lat="40.798067" lon="-73.974174">
        <ele>19</ele>
        <time>2026-04-26T17:52:40.000Z</time>
      </trkpt>
      <trkpt lat="40.798057" lon="-73.974176">
        <ele>18.8</ele>
        <time>2026-04-26T17:52:41.000Z</time>
      </trkpt>
      <trkpt lat="40.798046" lon="-73.974178">
        <ele>18.8</ele>
        <time>2026-04-26T17:52:42.000Z</time>
      </trkpt>
      <trkpt lat="40.798036" lon="-73.97418">
        <ele>18.8</ele>
        <time>2026-04-26T17:52:43.000Z</time>
      </trkpt>
      <trkpt lat="40.798026" lon="-73.974183">
        <ele>18.8</ele>
        <time>2026-04-26T17:52:44.000Z</time>
      </trkpt>
      <trkpt lat="40.798016" lon="-73.974185">
        <ele>18.8</ele>
        <time>2026-04-26T17:52:45.000Z</time>
      </trkpt>
      <trkpt lat="40.798006" lon="-73.974188">
        <ele>18.8</ele>
        <time>2026-04-26T17:52:46.000Z</time>
      </trkpt>
      <trkpt lat="40.797996" lon="-73.974191">
        <ele>18.8</ele>
        <time>2026-04-26T17:52:47.000Z</time>
      </trkpt>
      <trkpt lat="40.797986" lon="-73.974194">
        <ele>18.8</ele>
        <time>2026-04-26T17:52:48.000Z</time>
      </trkpt>
      <trkpt lat="40.797977" lon="-73.974196">
        <ele>18.8</ele>
        <time>2026-04-26T17:52:49.000Z</time>
      </trkpt>
      <trkpt lat="40.797968" lon="-73.974197">
        <ele>18.8</ele>
        <time>2026-04-26T17:52:50.000Z</time>
      </trkpt>
      <trkpt lat="40.797961" lon="-73.974198">
        <ele>18.8</ele>
        <time>2026-04-26T17:52:51.000Z</time>
      </trkpt>
      <trkpt lat="40.797953" lon="-73.974199">
        <ele>18.8</ele>
        <time>2026-04-26T17:52:52.000Z</time>
      </trkpt>
      <trkpt lat="40.797945" lon="-73.974199">
        <ele>18.8</ele>
        <time>2026-04-26T17:52:53.000Z</time>
      </trkpt>
      <trkpt lat="40.797937" lon="-73.974199">
        <ele>18.8</ele>
        <time>2026-04-26T17:52:54.000Z</time>
      </trkpt>
      <trkpt lat="40.797929" lon="-73.9742">
        <ele>18.8</ele>
        <time>2026-04-26T17:52:55.000Z</time>
      </trkpt>
      <trkpt lat="40.797919" lon="-73.974201">
        <ele>18.8</ele>
        <time>2026-04-26T17:52:56.000Z</time>
      </trkpt>
      <trkpt lat="40.79791" lon="-73.974203">
        <ele>18.8</ele>
        <time>2026-04-26T17:52:57.000Z</time>
      </trkpt>
      <trkpt lat="40.7979" lon="-73.974206">
        <ele>18.6</ele>
        <time>2026-04-26T17:52:58.000Z</time>
      </trkpt>
      <trkpt lat="40.797891" lon="-73.974209">
        <ele>18.6</ele>
        <time>2026-04-26T17:52:59.000Z</time>
      </trkpt>
      <trkpt lat="40.797881" lon="-73.974212">
        <ele>18.6</ele>
        <time>2026-04-26T17:53:00.000Z</time>
      </trkpt>
      <trkpt lat="40.797871" lon="-73.974215">
        <ele>18.6</ele>
        <time>2026-04-26T17:53:01.000Z</time>
      </trkpt>
      <trkpt lat="40.797861" lon="-73.974218">
        <ele>18.6</ele>
        <time>2026-04-26T17:53:02.000Z</time>
      </trkpt>
      <trkpt lat="40.797852" lon="-73.974219">
        <ele>18.6</ele>
        <time>2026-04-26T17:53:03.000Z</time>
      </trkpt>
      <trkpt lat="40.797841" lon="-73.97422">
        <ele>18.6</ele>
        <time>2026-04-26T17:53:04.000Z</time>
      </trkpt>
      <trkpt lat="40.797831" lon="-73.974221">
        <ele>18.6</ele>
        <time>2026-04-26T17:53:05.000Z</time>
      </trkpt>
      <trkpt lat="40.797821" lon="-73.974221">
        <ele>18.6</ele>
        <time>2026-04-26T17:53:06.000Z</time>
      </trkpt>
      <trkpt lat="40.797811" lon="-73.974222">
        <ele>18.4</ele>
        <time>2026-04-26T17:53:07.000Z</time>
      </trkpt>
      <trkpt lat="40.7978" lon="-73.974223">
        <ele>18.4</ele>
        <time>2026-04-26T17:53:08.000Z</time>
      </trkpt>
      <trkpt lat="40.79779" lon="-73.974225">
        <ele>18.4</ele>
        <time>2026-04-26T17:53:09.000Z</time>
      </trkpt>
      <trkpt lat="40.797779" lon="-73.974227">
        <ele>18.4</ele>
        <time>2026-04-26T17:53:10.000Z</time>
      </trkpt>
      <trkpt lat="40.797768" lon="-73.974229">
        <ele>18.4</ele>
        <time>2026-04-26T17:53:11.000Z</time>
      </trkpt>
      <trkpt lat="40.797757" lon="-73.974231">
        <ele>18.2</ele>
        <time>2026-04-26T17:53:12.000Z</time>
      </trkpt>
      <trkpt lat="40.797747" lon="-73.974233">
        <ele>18.2</ele>
        <time>2026-04-26T17:53:13.000Z</time>
      </trkpt>
      <trkpt lat="40.797737" lon="-73.974234">
        <ele>18.2</ele>
        <time>2026-04-26T17:53:14.000Z</time>
      </trkpt>
      <trkpt lat="40.797728" lon="-73.974236">
        <ele>18.2</ele>
        <time>2026-04-26T17:53:15.000Z</time>
      </trkpt>
      <trkpt lat="40.797719" lon="-73.974238">
        <ele>18</ele>
        <time>2026-04-26T17:53:16.000Z</time>
      </trkpt>
      <trkpt lat="40.79771" lon="-73.974241">
        <ele>18</ele>
        <time>2026-04-26T17:53:17.000Z</time>
      </trkpt>
      <trkpt lat="40.7977" lon="-73.974243">
        <ele>18</ele>
        <time>2026-04-26T17:53:18.000Z</time>
      </trkpt>
      <trkpt lat="40.797691" lon="-73.974246">
        <ele>18</ele>
        <time>2026-04-26T17:53:19.000Z</time>
      </trkpt>
      <trkpt lat="40.797681" lon="-73.974248">
        <ele>18</ele>
        <time>2026-04-26T17:53:20.000Z</time>
      </trkpt>
      <trkpt lat="40.797671" lon="-73.97425">
        <ele>17.8</ele>
        <time>2026-04-26T17:53:21.000Z</time>
      </trkpt>
      <trkpt lat="40.797662" lon="-73.974251">
        <ele>17.8</ele>
        <time>2026-04-26T17:53:22.000Z</time>
      </trkpt>
      <trkpt lat="40.797652" lon="-73.974252">
        <ele>17.8</ele>
        <time>2026-04-26T17:53:23.000Z</time>
      </trkpt>
      <trkpt lat="40.797642" lon="-73.974253">
        <ele>17.8</ele>
        <time>2026-04-26T17:53:24.000Z</time>
      </trkpt>
      <trkpt lat="40.797633" lon="-73.974253">
        <ele>17.8</ele>
        <time>2026-04-26T17:53:25.000Z</time>
      </trkpt>
      <trkpt lat="40.797623" lon="-73.974253">
        <ele>17.8</ele>
        <time>2026-04-26T17:53:26.000Z</time>
      </trkpt>
      <trkpt lat="40.797614" lon="-73.974253">
        <ele>17.6</ele>
        <time>2026-04-26T17:53:27.000Z</time>
      </trkpt>
      <trkpt lat="40.797605" lon="-73.974253">
        <ele>17.6</ele>
        <time>2026-04-26T17:53:28.000Z</time>
      </trkpt>
      <trkpt lat="40.797596" lon="-73.974253">
        <ele>17.6</ele>
        <time>2026-04-26T17:53:29.000Z</time>
      </trkpt>
      <trkpt lat="40.797586" lon="-73.974253">
        <ele>17.6</ele>
        <time>2026-04-26T17:53:30.000Z</time>
      </trkpt>
      <trkpt lat="40.797577" lon="-73.974253">
        <ele>17.6</ele>
        <time>2026-04-26T17:53:31.000Z</time>
      </trkpt>
      <trkpt lat="40.797568" lon="-73.974253">
        <ele>17.6</ele>
        <time>2026-04-26T17:53:32.000Z</time>
      </trkpt>
      <trkpt lat="40.797559" lon="-73.974253">
        <ele>17.6</ele>
        <time>2026-04-26T17:53:33.000Z</time>
      </trkpt>
      <trkpt lat="40.79755" lon="-73.974253">
        <ele>17.6</ele>
        <time>2026-04-26T17:53:34.000Z</time>
      </trkpt>
      <trkpt lat="40.797541" lon="-73.974252">
        <ele>17.4</ele>
        <time>2026-04-26T17:53:35.000Z</time>
      </trkpt>
      <trkpt lat="40.797531" lon="-73.974252">
        <ele>17.4</ele>
        <time>2026-04-26T17:53:36.000Z</time>
      </trkpt>
      <trkpt lat="40.797521" lon="-73.974252">
        <ele>17.4</ele>
        <time>2026-04-26T17:53:37.000Z</time>
      </trkpt>
      <trkpt lat="40.797511" lon="-73.974251">
        <ele>17.4</ele>
        <time>2026-04-26T17:53:38.000Z</time>
      </trkpt>
      <trkpt lat="40.797502" lon="-73.974251">
        <ele>17.4</ele>
        <time>2026-04-26T17:53:39.000Z</time>
      </trkpt>
      <trkpt lat="40.797492" lon="-73.974251">
        <ele>17.4</ele>
        <time>2026-04-26T17:53:40.000Z</time>
      </trkpt>
      <trkpt lat="40.797482" lon="-73.974251">
        <ele>17.4</ele>
        <time>2026-04-26T17:53:41.000Z</time>
      </trkpt>
      <trkpt lat="40.797471" lon="-73.97425">
        <ele>17.2</ele>
        <time>2026-04-26T17:53:42.000Z</time>
      </trkpt>
      <trkpt lat="40.79746" lon="-73.974249">
        <ele>17.2</ele>
        <time>2026-04-26T17:53:43.000Z</time>
      </trkpt>
      <trkpt lat="40.797449" lon="-73.974249">
        <ele>17.2</ele>
        <time>2026-04-26T17:53:44.000Z</time>
      </trkpt>
      <trkpt lat="40.797438" lon="-73.974248">
        <ele>17.2</ele>
        <time>2026-04-26T17:53:45.000Z</time>
      </trkpt>
      <trkpt lat="40.797428" lon="-73.974246">
        <ele>17.2</ele>
        <time>2026-04-26T17:53:46.000Z</time>
      </trkpt>
      <trkpt lat="40.797418" lon="-73.974245">
        <ele>17</ele>
        <time>2026-04-26T17:53:47.000Z</time>
      </trkpt>
      <trkpt lat="40.797407" lon="-73.974243">
        <ele>17</ele>
        <time>2026-04-26T17:53:48.000Z</time>
      </trkpt>
      <trkpt lat="40.797397" lon="-73.974241">
        <ele>17</ele>
        <time>2026-04-26T17:53:49.000Z</time>
      </trkpt>
      <trkpt lat="40.797387" lon="-73.97424">
        <ele>17</ele>
        <time>2026-04-26T17:53:50.000Z</time>
      </trkpt>
      <trkpt lat="40.797377" lon="-73.974239">
        <ele>16.8</ele>
        <time>2026-04-26T17:53:51.000Z</time>
      </trkpt>
      <trkpt lat="40.797368" lon="-73.974237">
        <ele>16.8</ele>
        <time>2026-04-26T17:53:52.000Z</time>
      </trkpt>
      <trkpt lat="40.797358" lon="-73.974236">
        <ele>16.8</ele>
        <time>2026-04-26T17:53:53.000Z</time>
      </trkpt>
      <trkpt lat="40.797348" lon="-73.974235">
        <ele>16.8</ele>
        <time>2026-04-26T17:53:54.000Z</time>
      </trkpt>
      <trkpt lat="40.797338" lon="-73.974233">
        <ele>16.6</ele>
        <time>2026-04-26T17:53:55.000Z</time>
      </trkpt>
      <trkpt lat="40.797328" lon="-73.974231">
        <ele>16.6</ele>
        <time>2026-04-26T17:53:56.000Z</time>
      </trkpt>
      <trkpt lat="40.797318" lon="-73.97423">
        <ele>16.6</ele>
        <time>2026-04-26T17:53:57.000Z</time>
      </trkpt>
      <trkpt lat="40.797308" lon="-73.974228">
        <ele>16.6</ele>
        <time>2026-04-26T17:53:58.000Z</time>
      </trkpt>
      <trkpt lat="40.797298" lon="-73.974225">
        <ele>16.4</ele>
        <time>2026-04-26T17:53:59.000Z</time>
      </trkpt>
      <trkpt lat="40.797288" lon="-73.974223">
        <ele>16.4</ele>
        <time>2026-04-26T17:54:00.000Z</time>
      </trkpt>
      <trkpt lat="40.797278" lon="-73.974221">
        <ele>16.4</ele>
        <time>2026-04-26T17:54:01.000Z</time>
      </trkpt>
      <trkpt lat="40.797268" lon="-73.974219">
        <ele>16.4</ele>
        <time>2026-04-26T17:54:02.000Z</time>
      </trkpt>
      <trkpt lat="40.797258" lon="-73.974217">
        <ele>16.4</ele>
        <time>2026-04-26T17:54:03.000Z</time>
      </trkpt>
      <trkpt lat="40.797248" lon="-73.974215">
        <ele>16.2</ele>
        <time>2026-04-26T17:54:04.000Z</time>
      </trkpt>
      <trkpt lat="40.797238" lon="-73.974214">
        <ele>16.2</ele>
        <time>2026-04-26T17:54:05.000Z</time>
      </trkpt>
      <trkpt lat="40.797228" lon="-73.974212">
        <ele>16.2</ele>
        <time>2026-04-26T17:54:06.000Z</time>
      </trkpt>
      <trkpt lat="40.797218" lon="-73.974211">
        <ele>16</ele>
        <time>2026-04-26T17:54:07.000Z</time>
      </trkpt>
      <trkpt lat="40.797208" lon="-73.97421">
        <ele>16</ele>
        <time>2026-04-26T17:54:08.000Z</time>
      </trkpt>
      <trkpt lat="40.797198" lon="-73.974209">
        <ele>15.8</ele>
        <time>2026-04-26T17:54:09.000Z</time>
      </trkpt>
      <trkpt lat="40.797188" lon="-73.974208">
        <ele>15.8</ele>
        <time>2026-04-26T17:54:10.000Z</time>
      </trkpt>
      <trkpt lat="40.797178" lon="-73.974208">
        <ele>15.6</ele>
        <time>2026-04-26T17:54:11.000Z</time>
      </trkpt>
      <trkpt lat="40.797168" lon="-73.974208">
        <ele>15.6</ele>
        <time>2026-04-26T17:54:12.000Z</time>
      </trkpt>
      <trkpt lat="40.797157" lon="-73.974209">
        <ele>15.6</ele>
        <time>2026-04-26T17:54:13.000Z</time>
      </trkpt>
      <trkpt lat="40.797146" lon="-73.974209">
        <ele>15.4</ele>
        <time>2026-04-26T17:54:14.000Z</time>
      </trkpt>
      <trkpt lat="40.797134" lon="-73.974209">
        <ele>15.4</ele>
        <time>2026-04-26T17:54:15.000Z</time>
      </trkpt>
      <trkpt lat="40.797123" lon="-73.97421">
        <ele>15.4</ele>
        <time>2026-04-26T17:54:16.000Z</time>
      </trkpt>
      <trkpt lat="40.797112" lon="-73.974211">
        <ele>15.4</ele>
        <time>2026-04-26T17:54:17.000Z</time>
      </trkpt>
      <trkpt lat="40.797101" lon="-73.974213">
        <ele>15.4</ele>
        <time>2026-04-26T17:54:18.000Z</time>
      </trkpt>
      <trkpt lat="40.797091" lon="-73.974215">
        <ele>15.4</ele>
        <time>2026-04-26T17:54:19.000Z</time>
      </trkpt>
      <trkpt lat="40.79708" lon="-73.974217">
        <ele>15.6</ele>
        <time>2026-04-26T17:54:20.000Z</time>
      </trkpt>
      <trkpt lat="40.797069" lon="-73.974219">
        <ele>15.6</ele>
        <time>2026-04-26T17:54:21.000Z</time>
      </trkpt>
      <trkpt lat="40.797058" lon="-73.974221">
        <ele>15.6</ele>
        <time>2026-04-26T17:54:22.000Z</time>
      </trkpt>
      <trkpt lat="40.797047" lon="-73.974223">
        <ele>15.6</ele>
        <time>2026-04-26T17:54:23.000Z</time>
      </trkpt>
      <trkpt lat="40.797036" lon="-73.974226">
        <ele>15.6</ele>
        <time>2026-04-26T17:54:24.000Z</time>
      </trkpt>
      <trkpt lat="40.797026" lon="-73.974228">
        <ele>15.6</ele>
        <time>2026-04-26T17:54:25.000Z</time>
      </trkpt>
      <trkpt lat="40.797015" lon="-73.974229">
        <ele>15.6</ele>
        <time>2026-04-26T17:54:26.000Z</time>
      </trkpt>
      <trkpt lat="40.797004" lon="-73.97423">
        <ele>15.6</ele>
        <time>2026-04-26T17:54:27.000Z</time>
      </trkpt>
      <trkpt lat="40.796994" lon="-73.974231">
        <ele>15.6</ele>
        <time>2026-04-26T17:54:28.000Z</time>
      </trkpt>
      <trkpt lat="40.796984" lon="-73.974231">
        <ele>15.4</ele>
        <time>2026-04-26T17:54:29.000Z</time>
      </trkpt>
      <trkpt lat="40.796973" lon="-73.974232">
        <ele>15.4</ele>
        <time>2026-04-26T17:54:30.000Z</time>
      </trkpt>
      <trkpt lat="40.796962" lon="-73.974232">
        <ele>15.4</ele>
        <time>2026-04-26T17:54:31.000Z</time>
      </trkpt>
      <trkpt lat="40.796952" lon="-73.974233">
        <ele>15.4</ele>
        <time>2026-04-26T17:54:32.000Z</time>
      </trkpt>
      <trkpt lat="40.796941" lon="-73.974234">
        <ele>15.4</ele>
        <time>2026-04-26T17:54:33.000Z</time>
      </trkpt>
      <trkpt lat="40.79693" lon="-73.974235">
        <ele>15.4</ele>
        <time>2026-04-26T17:54:34.000Z</time>
      </trkpt>
      <trkpt lat="40.796918" lon="-73.974237">
        <ele>15.2</ele>
        <time>2026-04-26T17:54:35.000Z</time>
      </trkpt>
      <trkpt lat="40.796907" lon="-73.97424">
        <ele>15.2</ele>
        <time>2026-04-26T17:54:36.000Z</time>
      </trkpt>
      <trkpt lat="40.796897" lon="-73.974244">
        <ele>15.2</ele>
        <time>2026-04-26T17:54:37.000Z</time>
      </trkpt>
      <trkpt lat="40.796887" lon="-73.974248">
        <ele>15.2</ele>
        <time>2026-04-26T17:54:38.000Z</time>
      </trkpt>
      <trkpt lat="40.796876" lon="-73.974253">
        <ele>15.2</ele>
        <time>2026-04-26T17:54:39.000Z</time>
      </trkpt>
      <trkpt lat="40.796865" lon="-73.974259">
        <ele>15.2</ele>
        <time>2026-04-26T17:54:40.000Z</time>
      </trkpt>
      <trkpt lat="40.796854" lon="-73.974264">
        <ele>15.2</ele>
        <time>2026-04-26T17:54:41.000Z</time>
      </trkpt>
      <trkpt lat="40.796844" lon="-73.974269">
        <ele>15.2</ele>
        <time>2026-04-26T17:54:42.000Z</time>
      </trkpt>
      <trkpt lat="40.796834" lon="-73.974275">
        <ele>15.2</ele>
        <time>2026-04-26T17:54:43.000Z</time>
      </trkpt>
      <trkpt lat="40.796824" lon="-73.97428">
        <ele>15.2</ele>
        <time>2026-04-26T17:54:44.000Z</time>
      </trkpt>
      <trkpt lat="40.796813" lon="-73.974286">
        <ele>15.2</ele>
        <time>2026-04-26T17:54:45.000Z</time>
      </trkpt>
      <trkpt lat="40.796803" lon="-73.974292">
        <ele>15</ele>
        <time>2026-04-26T17:54:46.000Z</time>
      </trkpt>
      <trkpt lat="40.796792" lon="-73.974297">
        <ele>15</ele>
        <time>2026-04-26T17:54:47.000Z</time>
      </trkpt>
      <trkpt lat="40.796782" lon="-73.974303">
        <ele>15</ele>
        <time>2026-04-26T17:54:48.000Z</time>
      </trkpt>
      <trkpt lat="40.796771" lon="-73.974308">
        <ele>15</ele>
        <time>2026-04-26T17:54:49.000Z</time>
      </trkpt>
      <trkpt lat="40.796761" lon="-73.974314">
        <ele>15</ele>
        <time>2026-04-26T17:54:50.000Z</time>
      </trkpt>
      <trkpt lat="40.796751" lon="-73.974318">
        <ele>15</ele>
        <time>2026-04-26T17:54:51.000Z</time>
      </trkpt>
      <trkpt lat="40.796741" lon="-73.974321">
        <ele>15</ele>
        <time>2026-04-26T17:54:52.000Z</time>
      </trkpt>
      <trkpt lat="40.79673" lon="-73.974323">
        <ele>15</ele>
        <time>2026-04-26T17:54:53.000Z</time>
      </trkpt>
      <trkpt lat="40.79672" lon="-73.974325">
        <ele>15</ele>
        <time>2026-04-26T17:54:54.000Z</time>
      </trkpt>
      <trkpt lat="40.796709" lon="-73.974325">
        <ele>15</ele>
        <time>2026-04-26T17:54:55.000Z</time>
      </trkpt>
      <trkpt lat="40.796699" lon="-73.974326">
        <ele>15</ele>
        <time>2026-04-26T17:54:56.000Z</time>
      </trkpt>
      <trkpt lat="40.796689" lon="-73.974326">
        <ele>15</ele>
        <time>2026-04-26T17:54:57.000Z</time>
      </trkpt>
      <trkpt lat="40.79668" lon="-73.974326">
        <ele>15</ele>
        <time>2026-04-26T17:54:58.000Z</time>
      </trkpt>
      <trkpt lat="40.796671" lon="-73.974327">
        <ele>15</ele>
        <time>2026-04-26T17:54:59.000Z</time>
      </trkpt>
      <trkpt lat="40.796661" lon="-73.974328">
        <ele>15</ele>
        <time>2026-04-26T17:55:00.000Z</time>
      </trkpt>
      <trkpt lat="40.796651" lon="-73.974332">
        <ele>15</ele>
        <time>2026-04-26T17:55:01.000Z</time>
      </trkpt>
      <trkpt lat="40.796641" lon="-73.974335">
        <ele>15</ele>
        <time>2026-04-26T17:55:02.000Z</time>
      </trkpt>
      <trkpt lat="40.796631" lon="-73.974338">
        <ele>15</ele>
        <time>2026-04-26T17:55:03.000Z</time>
      </trkpt>
      <trkpt lat="40.796621" lon="-73.974339">
        <ele>15</ele>
        <time>2026-04-26T17:55:04.000Z</time>
      </trkpt>
      <trkpt lat="40.79661" lon="-73.974338">
        <ele>15</ele>
        <time>2026-04-26T17:55:05.000Z</time>
      </trkpt>
      <trkpt lat="40.7966" lon="-73.974335">
        <ele>15</ele>
        <time>2026-04-26T17:55:06.000Z</time>
      </trkpt>
      <trkpt lat="40.796589" lon="-73.974331">
        <ele>15</ele>
        <time>2026-04-26T17:55:07.000Z</time>
      </trkpt>
      <trkpt lat="40.796579" lon="-73.974325">
        <ele>15</ele>
        <time>2026-04-26T17:55:08.000Z</time>
      </trkpt>
      <trkpt lat="40.79657" lon="-73.974318">
        <ele>15</ele>
        <time>2026-04-26T17:55:09.000Z</time>
      </trkpt>
      <trkpt lat="40.796562" lon="-73.974309">
        <ele>15</ele>
        <time>2026-04-26T17:55:10.000Z</time>
      </trkpt>
      <trkpt lat="40.796554" lon="-73.9743">
        <ele>15</ele>
        <time>2026-04-26T17:55:11.000Z</time>
      </trkpt>
      <trkpt lat="40.796547" lon="-73.97429">
        <ele>15.2</ele>
        <time>2026-04-26T17:55:12.000Z</time>
      </trkpt>
      <trkpt lat="40.796542" lon="-73.97428">
        <ele>15.2</ele>
        <time>2026-04-26T17:55:13.000Z</time>
      </trkpt>
      <trkpt lat="40.796536" lon="-73.974269">
        <ele>15.2</ele>
        <time>2026-04-26T17:55:14.000Z</time>
      </trkpt>
      <trkpt lat="40.796532" lon="-73.974257">
        <ele>15.2</ele>
        <time>2026-04-26T17:55:15.000Z</time>
      </trkpt>
      <trkpt lat="40.796529" lon="-73.974245">
        <ele>15.2</ele>
        <time>2026-04-26T17:55:16.000Z</time>
      </trkpt>
      <trkpt lat="40.796525" lon="-73.974233">
        <ele>15.2</ele>
        <time>2026-04-26T17:55:17.000Z</time>
      </trkpt>
      <trkpt lat="40.79652" lon="-73.974221">
        <ele>15.2</ele>
        <time>2026-04-26T17:55:18.000Z</time>
      </trkpt>
      <trkpt lat="40.796516" lon="-73.974209">
        <ele>15.2</ele>
        <time>2026-04-26T17:55:19.000Z</time>
      </trkpt>
      <trkpt lat="40.796512" lon="-73.974197">
        <ele>15.2</ele>
        <time>2026-04-26T17:55:20.000Z</time>
      </trkpt>
      <trkpt lat="40.796508" lon="-73.974185">
        <ele>15.2</ele>
        <time>2026-04-26T17:55:21.000Z</time>
      </trkpt>
      <trkpt lat="40.796503" lon="-73.974173">
        <ele>15.2</ele>
        <time>2026-04-26T17:55:22.000Z</time>
      </trkpt>
      <trkpt lat="40.796499" lon="-73.974162">
        <ele>15.2</ele>
        <time>2026-04-26T17:55:23.000Z</time>
      </trkpt>
      <trkpt lat="40.796493" lon="-73.974152">
        <ele>15.2</ele>
        <time>2026-04-26T17:55:24.000Z</time>
      </trkpt>
      <trkpt lat="40.796486" lon="-73.974144">
        <ele>15.2</ele>
        <time>2026-04-26T17:55:25.000Z</time>
      </trkpt>
      <trkpt lat="40.79648" lon="-73.974137">
        <ele>15.2</ele>
        <time>2026-04-26T17:55:26.000Z</time>
      </trkpt>
      <trkpt lat="40.796467" lon="-73.974134">
        <ele>15.2</ele>
        <time>2026-04-26T17:55:27.000Z</time>
      </trkpt>
      <trkpt lat="40.796461" lon="-73.974136">
        <ele>15.2</ele>
        <time>2026-04-26T17:55:28.000Z</time>
      </trkpt>
      <trkpt lat="40.796454" lon="-73.974138">
        <ele>15.2</ele>
        <time>2026-04-26T17:55:29.000Z</time>
      </trkpt>
      <trkpt lat="40.796448" lon="-73.974141">
        <ele>15</ele>
        <time>2026-04-26T17:55:30.000Z</time>
      </trkpt>
      <trkpt lat="40.796442" lon="-73.974143">
        <ele>15</ele>
        <time>2026-04-26T17:55:31.000Z</time>
      </trkpt>
      <trkpt lat="40.796436" lon="-73.974145">
        <ele>15</ele>
        <time>2026-04-26T17:55:32.000Z</time>
      </trkpt>
      <trkpt lat="40.796429" lon="-73.974147">
        <ele>15</ele>
        <time>2026-04-26T17:55:33.000Z</time>
      </trkpt>
      <trkpt lat="40.796423" lon="-73.974149">
        <ele>15</ele>
        <time>2026-04-26T17:55:34.000Z</time>
      </trkpt>
      <trkpt lat="40.79641" lon="-73.974158">
        <ele>15</ele>
        <time>2026-04-26T17:55:35.000Z</time>
      </trkpt>
      <trkpt lat="40.796398" lon="-73.974168">
        <ele>15</ele>
        <time>2026-04-26T17:55:36.000Z</time>
      </trkpt>
      <trkpt lat="40.796387" lon="-73.974178">
        <ele>15</ele>
        <time>2026-04-26T17:55:37.000Z</time>
      </trkpt>
      <trkpt lat="40.796376" lon="-73.97419">
        <ele>15</ele>
        <time>2026-04-26T17:55:38.000Z</time>
      </trkpt>
      <trkpt lat="40.796367" lon="-73.974202">
        <ele>15</ele>
        <time>2026-04-26T17:55:39.000Z</time>
      </trkpt>
      <trkpt lat="40.796353" lon="-73.974226">
        <ele>15.2</ele>
        <time>2026-04-26T17:55:40.000Z</time>
      </trkpt>
      <trkpt lat="40.796347" lon="-73.974236">
        <ele>15.2</ele>
        <time>2026-04-26T17:55:41.000Z</time>
      </trkpt>
      <trkpt lat="40.796342" lon="-73.974246">
        <ele>15.2</ele>
        <time>2026-04-26T17:55:42.000Z</time>
      </trkpt>
      <trkpt lat="40.796334" lon="-73.974262">
        <ele>15.2</ele>
        <time>2026-04-26T17:55:43.000Z</time>
      </trkpt>
      <trkpt lat="40.796325" lon="-73.97428">
        <ele>15.2</ele>
        <time>2026-04-26T17:55:44.000Z</time>
      </trkpt>
      <trkpt lat="40.796317" lon="-73.974297">
        <ele>15.4</ele>
        <time>2026-04-26T17:55:45.000Z</time>
      </trkpt>
      <trkpt lat="40.796307" lon="-73.974322">
        <ele>15.4</ele>
        <time>2026-04-26T17:55:46.000Z</time>
      </trkpt>
      <trkpt lat="40.796303" lon="-73.97433">
        <ele>15.4</ele>
        <time>2026-04-26T17:55:47.000Z</time>
      </trkpt>
      <trkpt lat="40.796291" lon="-73.974359">
        <ele>15.4</ele>
        <time>2026-04-26T17:55:48.000Z</time>
      </trkpt>
      <trkpt lat="40.796287" lon="-73.974371">
        <ele>15.6</ele>
        <time>2026-04-26T17:55:49.000Z</time>
      </trkpt>
      <trkpt lat="40.796282" lon="-73.974382">
        <ele>15.6</ele>
        <time>2026-04-26T17:55:50.000Z</time>
      </trkpt>
      <trkpt lat="40.796276" lon="-73.974396">
        <ele>15.6</ele>
        <time>2026-04-26T17:55:51.000Z</time>
      </trkpt>
      <trkpt lat="40.79627" lon="-73.974408">
        <ele>15.6</ele>
        <time>2026-04-26T17:55:52.000Z</time>
      </trkpt>
      <trkpt lat="40.796264" lon="-73.974418">
        <ele>15.6</ele>
        <time>2026-04-26T17:55:53.000Z</time>
      </trkpt>
      <trkpt lat="40.796256" lon="-73.974427">
        <ele>15.8</ele>
        <time>2026-04-26T17:55:54.000Z</time>
      </trkpt>
      <trkpt lat="40.796249" lon="-73.974433">
        <ele>15.8</ele>
        <time>2026-04-26T17:55:55.000Z</time>
      </trkpt>
      <trkpt lat="40.79624" lon="-73.97444">
        <ele>15.8</ele>
        <time>2026-04-26T17:55:56.000Z</time>
      </trkpt>
      <trkpt lat="40.796229" lon="-73.974446">
        <ele>15.8</ele>
        <time>2026-04-26T17:55:57.000Z</time>
      </trkpt>
      <trkpt lat="40.79621" lon="-73.974455">
        <ele>15.8</ele>
        <time>2026-04-26T17:55:58.000Z</time>
      </trkpt>
      <trkpt lat="40.796203" lon="-73.974457">
        <ele>16</ele>
        <time>2026-04-26T17:55:59.000Z</time>
      </trkpt>
      <trkpt lat="40.796195" lon="-73.97446">
        <ele>16</ele>
        <time>2026-04-26T17:56:00.000Z</time>
      </trkpt>
      <trkpt lat="40.796182" lon="-73.974462">
        <ele>16</ele>
        <time>2026-04-26T17:56:01.000Z</time>
      </trkpt>
      <trkpt lat="40.79617" lon="-73.974466">
        <ele>16</ele>
        <time>2026-04-26T17:56:02.000Z</time>
      </trkpt>
      <trkpt lat="40.796159" lon="-73.974471">
        <ele>16</ele>
        <time>2026-04-26T17:56:03.000Z</time>
      </trkpt>
      <trkpt lat="40.79615" lon="-73.974477">
        <ele>16.2</ele>
        <time>2026-04-26T17:56:04.000Z</time>
      </trkpt>
      <trkpt lat="40.796142" lon="-73.974484">
        <ele>16.2</ele>
        <time>2026-04-26T17:56:05.000Z</time>
      </trkpt>
      <trkpt lat="40.796134" lon="-73.974491">
        <ele>16.2</ele>
        <time>2026-04-26T17:56:06.000Z</time>
      </trkpt>
      <trkpt lat="40.796127" lon="-73.974499">
        <ele>16.2</ele>
        <time>2026-04-26T17:56:07.000Z</time>
      </trkpt>
      <trkpt lat="40.79612" lon="-73.974508">
        <ele>16.2</ele>
        <time>2026-04-26T17:56:08.000Z</time>
      </trkpt>
      <trkpt lat="40.796114" lon="-73.974518">
        <ele>16.2</ele>
        <time>2026-04-26T17:56:09.000Z</time>
      </trkpt>
      <trkpt lat="40.796109" lon="-73.974527">
        <ele>16.2</ele>
        <time>2026-04-26T17:56:10.000Z</time>
      </trkpt>
      <trkpt lat="40.796104" lon="-73.974536">
        <ele>16.4</ele>
        <time>2026-04-26T17:56:11.000Z</time>
      </trkpt>
      <trkpt lat="40.7961" lon="-73.974546">
        <ele>16.4</ele>
        <time>2026-04-26T17:56:12.000Z</time>
      </trkpt>
      <trkpt lat="40.796096" lon="-73.974555">
        <ele>16.4</ele>
        <time>2026-04-26T17:56:13.000Z</time>
      </trkpt>
      <trkpt lat="40.796091" lon="-73.974565">
        <ele>16.4</ele>
        <time>2026-04-26T17:56:14.000Z</time>
      </trkpt>
      <trkpt lat="40.796087" lon="-73.974575">
        <ele>16.4</ele>
        <time>2026-04-26T17:56:15.000Z</time>
      </trkpt>
      <trkpt lat="40.796084" lon="-73.974585">
        <ele>16.4</ele>
        <time>2026-04-26T17:56:16.000Z</time>
      </trkpt>
      <trkpt lat="40.79608" lon="-73.974595">
        <ele>16.4</ele>
        <time>2026-04-26T17:56:17.000Z</time>
      </trkpt>
      <trkpt lat="40.796077" lon="-73.974606">
        <ele>16.6</ele>
        <time>2026-04-26T17:56:18.000Z</time>
      </trkpt>
      <trkpt lat="40.796073" lon="-73.974616">
        <ele>16.6</ele>
        <time>2026-04-26T17:56:19.000Z</time>
      </trkpt>
      <trkpt lat="40.796069" lon="-73.974627">
        <ele>16.6</ele>
        <time>2026-04-26T17:56:20.000Z</time>
      </trkpt>
      <trkpt lat="40.796066" lon="-73.974638">
        <ele>16.6</ele>
        <time>2026-04-26T17:56:21.000Z</time>
      </trkpt>
      <trkpt lat="40.796062" lon="-73.974648">
        <ele>16.6</ele>
        <time>2026-04-26T17:56:22.000Z</time>
      </trkpt>
      <trkpt lat="40.796058" lon="-73.97466">
        <ele>16.6</ele>
        <time>2026-04-26T17:56:23.000Z</time>
      </trkpt>
      <trkpt lat="40.796053" lon="-73.974671">
        <ele>16.8</ele>
        <time>2026-04-26T17:56:24.000Z</time>
      </trkpt>
      <trkpt lat="40.796048" lon="-73.974683">
        <ele>16.8</ele>
        <time>2026-04-26T17:56:25.000Z</time>
      </trkpt>
      <trkpt lat="40.796043" lon="-73.974695">
        <ele>16.8</ele>
        <time>2026-04-26T17:56:26.000Z</time>
      </trkpt>
      <trkpt lat="40.796038" lon="-73.974708">
        <ele>16.8</ele>
        <time>2026-04-26T17:56:27.000Z</time>
      </trkpt>
      <trkpt lat="40.796032" lon="-73.97472">
        <ele>16.8</ele>
        <time>2026-04-26T17:56:28.000Z</time>
      </trkpt>
      <trkpt lat="40.796026" lon="-73.974733">
        <ele>17</ele>
        <time>2026-04-26T17:56:29.000Z</time>
      </trkpt>
      <trkpt lat="40.796021" lon="-73.974745">
        <ele>17</ele>
        <time>2026-04-26T17:56:30.000Z</time>
      </trkpt>
      <trkpt lat="40.796015" lon="-73.974758">
        <ele>17</ele>
        <time>2026-04-26T17:56:31.000Z</time>
      </trkpt>
      <trkpt lat="40.796009" lon="-73.97477">
        <ele>17</ele>
        <time>2026-04-26T17:56:32.000Z</time>
      </trkpt>
      <trkpt lat="40.796003" lon="-73.974782">
        <ele>17.2</ele>
        <time>2026-04-26T17:56:33.000Z</time>
      </trkpt>
      <trkpt lat="40.795997" lon="-73.974794">
        <ele>17.2</ele>
        <time>2026-04-26T17:56:34.000Z</time>
      </trkpt>
      <trkpt lat="40.795991" lon="-73.974807">
        <ele>17.2</ele>
        <time>2026-04-26T17:56:35.000Z</time>
      </trkpt>
      <trkpt lat="40.795985" lon="-73.974819">
        <ele>17.2</ele>
        <time>2026-04-26T17:56:36.000Z</time>
      </trkpt>
      <trkpt lat="40.795979" lon="-73.974831">
        <ele>17.2</ele>
        <time>2026-04-26T17:56:37.000Z</time>
      </trkpt>
      <trkpt lat="40.795973" lon="-73.974843">
        <ele>17.2</ele>
        <time>2026-04-26T17:56:38.000Z</time>
      </trkpt>
      <trkpt lat="40.795967" lon="-73.974854">
        <ele>17.2</ele>
        <time>2026-04-26T17:56:39.000Z</time>
      </trkpt>
      <trkpt lat="40.795961" lon="-73.974866">
        <ele>17.4</ele>
        <time>2026-04-26T17:56:40.000Z</time>
      </trkpt>
      <trkpt lat="40.795955" lon="-73.974878">
        <ele>17.4</ele>
        <time>2026-04-26T17:56:41.000Z</time>
      </trkpt>
      <trkpt lat="40.79595" lon="-73.97489">
        <ele>17.4</ele>
        <time>2026-04-26T17:56:42.000Z</time>
      </trkpt>
      <trkpt lat="40.795944" lon="-73.974901">
        <ele>17.4</ele>
        <time>2026-04-26T17:56:43.000Z</time>
      </trkpt>
      <trkpt lat="40.795938" lon="-73.974913">
        <ele>17.4</ele>
        <time>2026-04-26T17:56:44.000Z</time>
      </trkpt>
      <trkpt lat="40.795932" lon="-73.974925">
        <ele>17.4</ele>
        <time>2026-04-26T17:56:45.000Z</time>
      </trkpt>
      <trkpt lat="40.795926" lon="-73.974936">
        <ele>17.4</ele>
        <time>2026-04-26T17:56:46.000Z</time>
      </trkpt>
      <trkpt lat="40.795921" lon="-73.974948">
        <ele>17.4</ele>
        <time>2026-04-26T17:56:47.000Z</time>
      </trkpt>
      <trkpt lat="40.795915" lon="-73.97496">
        <ele>17.4</ele>
        <time>2026-04-26T17:56:48.000Z</time>
      </trkpt>
      <trkpt lat="40.795909" lon="-73.974971">
        <ele>17.4</ele>
        <time>2026-04-26T17:56:49.000Z</time>
      </trkpt>
      <trkpt lat="40.795903" lon="-73.974983">
        <ele>17.4</ele>
        <time>2026-04-26T17:56:50.000Z</time>
      </trkpt>
      <trkpt lat="40.795897" lon="-73.974994">
        <ele>17.4</ele>
        <time>2026-04-26T17:56:51.000Z</time>
      </trkpt>
      <trkpt lat="40.795892" lon="-73.975005">
        <ele>17.4</ele>
        <time>2026-04-26T17:56:52.000Z</time>
      </trkpt>
      <trkpt lat="40.795886" lon="-73.975016">
        <ele>17.4</ele>
        <time>2026-04-26T17:56:53.000Z</time>
      </trkpt>
      <trkpt lat="40.79588" lon="-73.975027">
        <ele>17.2</ele>
        <time>2026-04-26T17:56:54.000Z</time>
      </trkpt>
      <trkpt lat="40.795874" lon="-73.975039">
        <ele>17.2</ele>
        <time>2026-04-26T17:56:55.000Z</time>
      </trkpt>
      <trkpt lat="40.795868" lon="-73.975051">
        <ele>17.2</ele>
        <time>2026-04-26T17:56:56.000Z</time>
      </trkpt>
      <trkpt lat="40.795861" lon="-73.975064">
        <ele>17.2</ele>
        <time>2026-04-26T17:56:57.000Z</time>
      </trkpt>
      <trkpt lat="40.795854" lon="-73.975076">
        <ele>17.2</ele>
        <time>2026-04-26T17:56:58.000Z</time>
      </trkpt>
      <trkpt lat="40.795848" lon="-73.975088">
        <ele>17.2</ele>
        <time>2026-04-26T17:56:59.000Z</time>
      </trkpt>
      <trkpt lat="40.795837" lon="-73.975107">
        <ele>17.2</ele>
        <time>2026-04-26T17:57:00.000Z</time>
      </trkpt>
      <trkpt lat="40.795832" lon="-73.975115">
        <ele>17</ele>
        <time>2026-04-26T17:57:01.000Z</time>
      </trkpt>
      <trkpt lat="40.795828" lon="-73.975123">
        <ele>17</ele>
        <time>2026-04-26T17:57:02.000Z</time>
      </trkpt>
      <trkpt lat="40.795822" lon="-73.975135">
        <ele>17</ele>
        <time>2026-04-26T17:57:03.000Z</time>
      </trkpt>
      <trkpt lat="40.795815" lon="-73.975146">
        <ele>17</ele>
        <time>2026-04-26T17:57:04.000Z</time>
      </trkpt>
      <trkpt lat="40.795809" lon="-73.975158">
        <ele>16.8</ele>
        <time>2026-04-26T17:57:05.000Z</time>
      </trkpt>
      <trkpt lat="40.795802" lon="-73.97517">
        <ele>16.8</ele>
        <time>2026-04-26T17:57:06.000Z</time>
      </trkpt>
      <trkpt lat="40.795796" lon="-73.975182">
        <ele>16.8</ele>
        <time>2026-04-26T17:57:07.000Z</time>
      </trkpt>
      <trkpt lat="40.795789" lon="-73.975194">
        <ele>16.8</ele>
        <time>2026-04-26T17:57:08.000Z</time>
      </trkpt>
      <trkpt lat="40.795782" lon="-73.975206">
        <ele>16.6</ele>
        <time>2026-04-26T17:57:09.000Z</time>
      </trkpt>
      <trkpt lat="40.795776" lon="-73.975217">
        <ele>16.6</ele>
        <time>2026-04-26T17:57:10.000Z</time>
      </trkpt>
      <trkpt lat="40.795769" lon="-73.975229">
        <ele>16.6</ele>
        <time>2026-04-26T17:57:11.000Z</time>
      </trkpt>
      <trkpt lat="40.795763" lon="-73.97524">
        <ele>16.6</ele>
        <time>2026-04-26T17:57:12.000Z</time>
      </trkpt>
      <trkpt lat="40.795756" lon="-73.975252">
        <ele>16.4</ele>
        <time>2026-04-26T17:57:13.000Z</time>
      </trkpt>
      <trkpt lat="40.79575" lon="-73.975263">
        <ele>16.4</ele>
        <time>2026-04-26T17:57:14.000Z</time>
      </trkpt>
      <trkpt lat="40.795743" lon="-73.975275">
        <ele>16.4</ele>
        <time>2026-04-26T17:57:15.000Z</time>
      </trkpt>
      <trkpt lat="40.795737" lon="-73.975286">
        <ele>16.4</ele>
        <time>2026-04-26T17:57:16.000Z</time>
      </trkpt>
      <trkpt lat="40.795731" lon="-73.975296">
        <ele>16.2</ele>
        <time>2026-04-26T17:57:17.000Z</time>
      </trkpt>
      <trkpt lat="40.795726" lon="-73.975306">
        <ele>16.2</ele>
        <time>2026-04-26T17:57:18.000Z</time>
      </trkpt>
      <trkpt lat="40.795721" lon="-73.975315">
        <ele>16.2</ele>
        <time>2026-04-26T17:57:19.000Z</time>
      </trkpt>
      <trkpt lat="40.795715" lon="-73.975324">
        <ele>16</ele>
        <time>2026-04-26T17:57:20.000Z</time>
      </trkpt>
      <trkpt lat="40.79571" lon="-73.975335">
        <ele>16</ele>
        <time>2026-04-26T17:57:21.000Z</time>
      </trkpt>
      <trkpt lat="40.795703" lon="-73.975346">
        <ele>16</ele>
        <time>2026-04-26T17:57:22.000Z</time>
      </trkpt>
      <trkpt lat="40.795697" lon="-73.975357">
        <ele>16</ele>
        <time>2026-04-26T17:57:23.000Z</time>
      </trkpt>
      <trkpt lat="40.795691" lon="-73.975368">
        <ele>15.8</ele>
        <time>2026-04-26T17:57:24.000Z</time>
      </trkpt>
      <trkpt lat="40.795684" lon="-73.97538">
        <ele>15.8</ele>
        <time>2026-04-26T17:57:25.000Z</time>
      </trkpt>
      <trkpt lat="40.795678" lon="-73.975391">
        <ele>15.8</ele>
        <time>2026-04-26T17:57:26.000Z</time>
      </trkpt>
      <trkpt lat="40.795672" lon="-73.975402">
        <ele>15.6</ele>
        <time>2026-04-26T17:57:27.000Z</time>
      </trkpt>
      <trkpt lat="40.795665" lon="-73.975414">
        <ele>15.6</ele>
        <time>2026-04-26T17:57:28.000Z</time>
      </trkpt>
      <trkpt lat="40.795659" lon="-73.975425">
        <ele>15.6</ele>
        <time>2026-04-26T17:57:29.000Z</time>
      </trkpt>
      <trkpt lat="40.795653" lon="-73.975435">
        <ele>15.6</ele>
        <time>2026-04-26T17:57:30.000Z</time>
      </trkpt>
      <trkpt lat="40.795646" lon="-73.975447">
        <ele>15.6</ele>
        <time>2026-04-26T17:57:31.000Z</time>
      </trkpt>
      <trkpt lat="40.79564" lon="-73.975459">
        <ele>15.4</ele>
        <time>2026-04-26T17:57:32.000Z</time>
      </trkpt>
      <trkpt lat="40.795633" lon="-73.975471">
        <ele>15.4</ele>
        <time>2026-04-26T17:57:33.000Z</time>
      </trkpt>
      <trkpt lat="40.795626" lon="-73.975482">
        <ele>15.4</ele>
        <time>2026-04-26T17:57:34.000Z</time>
      </trkpt>
      <trkpt lat="40.795618" lon="-73.975493">
        <ele>15.4</ele>
        <time>2026-04-26T17:57:35.000Z</time>
      </trkpt>
      <trkpt lat="40.795611" lon="-73.975503">
        <ele>15.4</ele>
        <time>2026-04-26T17:57:36.000Z</time>
      </trkpt>
      <trkpt lat="40.795603" lon="-73.975513">
        <ele>15.4</ele>
        <time>2026-04-26T17:57:37.000Z</time>
      </trkpt>
      <trkpt lat="40.795596" lon="-73.975522">
        <ele>15.4</ele>
        <time>2026-04-26T17:57:38.000Z</time>
      </trkpt>
      <trkpt lat="40.795588" lon="-73.975531">
        <ele>15.4</ele>
        <time>2026-04-26T17:57:39.000Z</time>
      </trkpt>
      <trkpt lat="40.79558" lon="-73.97554">
        <ele>15.4</ele>
        <time>2026-04-26T17:57:40.000Z</time>
      </trkpt>
      <trkpt lat="40.795572" lon="-73.97555">
        <ele>15.2</ele>
        <time>2026-04-26T17:57:41.000Z</time>
      </trkpt>
      <trkpt lat="40.795564" lon="-73.975559">
        <ele>15.2</ele>
        <time>2026-04-26T17:57:42.000Z</time>
      </trkpt>
      <trkpt lat="40.795555" lon="-73.975568">
        <ele>15.2</ele>
        <time>2026-04-26T17:57:43.000Z</time>
      </trkpt>
      <trkpt lat="40.795546" lon="-73.975576">
        <ele>15.2</ele>
        <time>2026-04-26T17:57:44.000Z</time>
      </trkpt>
      <trkpt lat="40.795538" lon="-73.975584">
        <ele>15.2</ele>
        <time>2026-04-26T17:57:45.000Z</time>
      </trkpt>
      <trkpt lat="40.79553" lon="-73.975591">
        <ele>15.2</ele>
        <time>2026-04-26T17:57:46.000Z</time>
      </trkpt>
      <trkpt lat="40.795523" lon="-73.975598">
        <ele>15</ele>
        <time>2026-04-26T17:57:47.000Z</time>
      </trkpt>
      <trkpt lat="40.795516" lon="-73.975604">
        <ele>15</ele>
        <time>2026-04-26T17:57:48.000Z</time>
      </trkpt>
      <trkpt lat="40.79551" lon="-73.97561">
        <ele>15</ele>
        <time>2026-04-26T17:57:49.000Z</time>
      </trkpt>
      <trkpt lat="40.795503" lon="-73.975614">
        <ele>15</ele>
        <time>2026-04-26T17:57:50.000Z</time>
      </trkpt>
      <trkpt lat="40.795496" lon="-73.97562">
        <ele>15</ele>
        <time>2026-04-26T17:57:51.000Z</time>
      </trkpt>
      <trkpt lat="40.795488" lon="-73.975626">
        <ele>15</ele>
        <time>2026-04-26T17:57:52.000Z</time>
      </trkpt>
      <trkpt lat="40.795487" lon="-73.975627">
        <ele>15</ele>
        <time>2026-04-26T17:57:53.000Z</time>
      </trkpt>
      <trkpt lat="40.795486" lon="-73.975627">
        <ele>14.8</ele>
        <time>2026-04-26T17:57:54.000Z</time>
      </trkpt>
      <trkpt lat="40.795485" lon="-73.975628">
        <ele>14.8</ele>
        <time>2026-04-26T17:57:55.000Z</time>
      </trkpt>
      <trkpt lat="40.795484" lon="-73.975629">
        <ele>14.8</ele>
        <time>2026-04-26T17:57:56.000Z</time>
      </trkpt>
      <trkpt lat="40.795484" lon="-73.97563">
        <ele>14.8</ele>
        <time>2026-04-26T17:57:57.000Z</time>
      </trkpt>
      <trkpt lat="40.795483" lon="-73.97563">
        <ele>14.8</ele>
        <time>2026-04-26T17:57:58.000Z</time>
      </trkpt>
      <trkpt lat="40.795482" lon="-73.975631">
        <ele>14.8</ele>
        <time>2026-04-26T17:57:59.000Z</time>
      </trkpt>
      <trkpt lat="40.795481" lon="-73.975632">
        <ele>14.8</ele>
        <time>2026-04-26T17:58:00.000Z</time>
      </trkpt>
      <trkpt lat="40.79548" lon="-73.975633">
        <ele>14.8</ele>
        <time>2026-04-26T17:58:01.000Z</time>
      </trkpt>
      <trkpt lat="40.795479" lon="-73.975633">
        <ele>14.8</ele>
        <time>2026-04-26T17:58:02.000Z</time>
      </trkpt>
      <trkpt lat="40.795478" lon="-73.975634">
        <ele>14.8</ele>
        <time>2026-04-26T17:58:03.000Z</time>
      </trkpt>
      <trkpt lat="40.795477" lon="-73.975635">
        <ele>14.8</ele>
        <time>2026-04-26T17:58:04.000Z</time>
      </trkpt>
      <trkpt lat="40.795476" lon="-73.975636">
        <ele>14.8</ele>
        <time>2026-04-26T17:58:05.000Z</time>
      </trkpt>
      <trkpt lat="40.795475" lon="-73.975636">
        <ele>14.8</ele>
        <time>2026-04-26T17:58:06.000Z</time>
      </trkpt>
      <trkpt lat="40.795475" lon="-73.975637">
        <ele>14.8</ele>
        <time>2026-04-26T17:58:07.000Z</time>
      </trkpt>
      <trkpt lat="40.795474" lon="-73.975638">
        <ele>14.8</ele>
        <time>2026-04-26T17:58:08.000Z</time>
      </trkpt>
      <trkpt lat="40.795473" lon="-73.975639">
        <ele>14.8</ele>
        <time>2026-04-26T17:58:09.000Z</time>
      </trkpt>
      <trkpt lat="40.795472" lon="-73.97564">
        <ele>14.8</ele>
        <time>2026-04-26T17:58:10.000Z</time>
      </trkpt>
      <trkpt lat="40.795471" lon="-73.97564">
        <ele>14.6</ele>
        <time>2026-04-26T17:58:11.000Z</time>
      </trkpt>
      <trkpt lat="40.79547" lon="-73.975641">
        <ele>14.6</ele>
        <time>2026-04-26T17:58:12.000Z</time>
      </trkpt>
      <trkpt lat="40.795469" lon="-73.975642">
        <ele>14.6</ele>
        <time>2026-04-26T17:58:13.000Z</time>
      </trkpt>
      <trkpt lat="40.795468" lon="-73.975643">
        <ele>14.6</ele>
        <time>2026-04-26T17:58:14.000Z</time>
      </trkpt>
      <trkpt lat="40.795467" lon="-73.975643">
        <ele>14.6</ele>
        <time>2026-04-26T17:58:15.000Z</time>
      </trkpt>
      <trkpt lat="40.795466" lon="-73.975644">
        <ele>14.6</ele>
        <time>2026-04-26T17:58:16.000Z</time>
      </trkpt>
      <trkpt lat="40.795466" lon="-73.975645">
        <ele>14.6</ele>
        <time>2026-04-26T17:58:17.000Z</time>
      </trkpt>
      <trkpt lat="40.795465" lon="-73.975646">
        <ele>14.6</ele>
        <time>2026-04-26T17:58:18.000Z</time>
      </trkpt>
      <trkpt lat="40.795464" lon="-73.975646">
        <ele>14.6</ele>
        <time>2026-04-26T17:58:19.000Z</time>
      </trkpt>
      <trkpt lat="40.795463" lon="-73.975647">
        <ele>14.6</ele>
        <time>2026-04-26T17:58:20.000Z</time>
      </trkpt>
      <trkpt lat="40.795462" lon="-73.975648">
        <ele>14.6</ele>
        <time>2026-04-26T17:58:21.000Z</time>
      </trkpt>
      <trkpt lat="40.795461" lon="-73.975649">
        <ele>14.6</ele>
        <time>2026-04-26T17:58:22.000Z</time>
      </trkpt>
      <trkpt lat="40.79546" lon="-73.975649">
        <ele>14.6</ele>
        <time>2026-04-26T17:58:23.000Z</time>
      </trkpt>
      <trkpt lat="40.795459" lon="-73.97565">
        <ele>14.6</ele>
        <time>2026-04-26T17:58:24.000Z</time>
      </trkpt>
      <trkpt lat="40.795458" lon="-73.975651">
        <ele>14.6</ele>
        <time>2026-04-26T17:58:25.000Z</time>
      </trkpt>
      <trkpt lat="40.795457" lon="-73.975652">
        <ele>14.6</ele>
        <time>2026-04-26T17:58:26.000Z</time>
      </trkpt>
      <trkpt lat="40.795457" lon="-73.975653">
        <ele>14.6</ele>
        <time>2026-04-26T17:58:27.000Z</time>
      </trkpt>
      <trkpt lat="40.795456" lon="-73.975653">
        <ele>14.6</ele>
        <time>2026-04-26T17:58:28.000Z</time>
      </trkpt>
      <trkpt lat="40.795455" lon="-73.975654">
        <ele>14.6</ele>
        <time>2026-04-26T17:58:29.000Z</time>
      </trkpt>
      <trkpt lat="40.795454" lon="-73.975655">
        <ele>14.6</ele>
        <time>2026-04-26T17:58:30.000Z</time>
      </trkpt>
      <trkpt lat="40.795453" lon="-73.975656">
        <ele>14.6</ele>
        <time>2026-04-26T17:58:31.000Z</time>
      </trkpt>
      <trkpt lat="40.795452" lon="-73.975656">
        <ele>14.6</ele>
        <time>2026-04-26T17:58:32.000Z</time>
      </trkpt>
      <trkpt lat="40.795451" lon="-73.975657">
        <ele>14.6</ele>
        <time>2026-04-26T17:58:33.000Z</time>
      </trkpt>
      <trkpt lat="40.79545" lon="-73.975658">
        <ele>14.6</ele>
        <time>2026-04-26T17:58:34.000Z</time>
      </trkpt>
      <trkpt lat="40.795449" lon="-73.975659">
        <ele>14.6</ele>
        <time>2026-04-26T17:58:35.000Z</time>
      </trkpt>
      <trkpt lat="40.795448" lon="-73.975659">
        <ele>14.6</ele>
        <time>2026-04-26T17:58:36.000Z</time>
      </trkpt>
      <trkpt lat="40.795448" lon="-73.97566">
        <ele>14.6</ele>
        <time>2026-04-26T17:58:37.000Z</time>
      </trkpt>
      <trkpt lat="40.795447" lon="-73.975661">
        <ele>14.6</ele>
        <time>2026-04-26T17:58:38.000Z</time>
      </trkpt>
      <trkpt lat="40.795446" lon="-73.975662">
        <ele>14.6</ele>
        <time>2026-04-26T17:58:39.000Z</time>
      </trkpt>
      <trkpt lat="40.795445" lon="-73.975662">
        <ele>14.6</ele>
        <time>2026-04-26T17:58:40.000Z</time>
      </trkpt>
      <trkpt lat="40.795444" lon="-73.975663">
        <ele>14.6</ele>
        <time>2026-04-26T17:58:41.000Z</time>
      </trkpt>
      <trkpt lat="40.795443" lon="-73.975664">
        <ele>14.6</ele>
        <time>2026-04-26T17:58:42.000Z</time>
      </trkpt>
      <trkpt lat="40.795436" lon="-73.975678">
        <ele>14.6</ele>
        <time>2026-04-26T17:58:43.000Z</time>
      </trkpt>
      <trkpt lat="40.795428" lon="-73.97569">
        <ele>14.6</ele>
        <time>2026-04-26T17:58:44.000Z</time>
      </trkpt>
      <trkpt lat="40.79542" lon="-73.975702">
        <ele>14.6</ele>
        <time>2026-04-26T17:58:45.000Z</time>
      </trkpt>
      <trkpt lat="40.795412" lon="-73.975712">
        <ele>14.8</ele>
        <time>2026-04-26T17:58:46.000Z</time>
      </trkpt>
      <trkpt lat="40.795404" lon="-73.975721">
        <ele>14.8</ele>
        <time>2026-04-26T17:58:47.000Z</time>
      </trkpt>
      <trkpt lat="40.795396" lon="-73.975731">
        <ele>14.8</ele>
        <time>2026-04-26T17:58:48.000Z</time>
      </trkpt>
      <trkpt lat="40.795387" lon="-73.97574">
        <ele>14.8</ele>
        <time>2026-04-26T17:58:49.000Z</time>
      </trkpt>
      <trkpt lat="40.795379" lon="-73.975749">
        <ele>14.8</ele>
        <time>2026-04-26T17:58:50.000Z</time>
      </trkpt>
      <trkpt lat="40.795371" lon="-73.975758">
        <ele>14.8</ele>
        <time>2026-04-26T17:58:51.000Z</time>
      </trkpt>
      <trkpt lat="40.795363" lon="-73.975767">
        <ele>15</ele>
        <time>2026-04-26T17:58:52.000Z</time>
      </trkpt>
      <trkpt lat="40.795356" lon="-73.975776">
        <ele>15</ele>
        <time>2026-04-26T17:58:53.000Z</time>
      </trkpt>
      <trkpt lat="40.795349" lon="-73.975786">
        <ele>15</ele>
        <time>2026-04-26T17:58:54.000Z</time>
      </trkpt>
      <trkpt lat="40.795341" lon="-73.975795">
        <ele>15</ele>
        <time>2026-04-26T17:58:55.000Z</time>
      </trkpt>
      <trkpt lat="40.795333" lon="-73.975804">
        <ele>15.2</ele>
        <time>2026-04-26T17:58:56.000Z</time>
      </trkpt>
      <trkpt lat="40.795326" lon="-73.975813">
        <ele>15.2</ele>
        <time>2026-04-26T17:58:57.000Z</time>
      </trkpt>
      <trkpt lat="40.795319" lon="-73.975821">
        <ele>15.2</ele>
        <time>2026-04-26T17:58:58.000Z</time>
      </trkpt>
      <trkpt lat="40.795312" lon="-73.975829">
        <ele>15.4</ele>
        <time>2026-04-26T17:58:59.000Z</time>
      </trkpt>
      <trkpt lat="40.795305" lon="-73.975838">
        <ele>15.4</ele>
        <time>2026-04-26T17:59:00.000Z</time>
      </trkpt>
      <trkpt lat="40.795297" lon="-73.975847">
        <ele>15.4</ele>
        <time>2026-04-26T17:59:01.000Z</time>
      </trkpt>
      <trkpt lat="40.795288" lon="-73.975856">
        <ele>15.6</ele>
        <time>2026-04-26T17:59:02.000Z</time>
      </trkpt>
      <trkpt lat="40.795278" lon="-73.975864">
        <ele>15.6</ele>
        <time>2026-04-26T17:59:03.000Z</time>
      </trkpt>
      <trkpt lat="40.795268" lon="-73.975873">
        <ele>15.6</ele>
        <time>2026-04-26T17:59:04.000Z</time>
      </trkpt>
      <trkpt lat="40.795257" lon="-73.975881">
        <ele>15.8</ele>
        <time>2026-04-26T17:59:05.000Z</time>
      </trkpt>
      <trkpt lat="40.795247" lon="-73.975889">
        <ele>15.8</ele>
        <time>2026-04-26T17:59:06.000Z</time>
      </trkpt>
      <trkpt lat="40.795238" lon="-73.975896">
        <ele>15.8</ele>
        <time>2026-04-26T17:59:07.000Z</time>
      </trkpt>
      <trkpt lat="40.795229" lon="-73.975903">
        <ele>16</ele>
        <time>2026-04-26T17:59:08.000Z</time>
      </trkpt>
      <trkpt lat="40.795216" lon="-73.975914">
        <ele>16</ele>
        <time>2026-04-26T17:59:09.000Z</time>
      </trkpt>
      <trkpt lat="40.795211" lon="-73.975918">
        <ele>16</ele>
        <time>2026-04-26T17:59:10.000Z</time>
      </trkpt>
      <trkpt lat="40.795203" lon="-73.975925">
        <ele>16.2</ele>
        <time>2026-04-26T17:59:11.000Z</time>
      </trkpt>
      <trkpt lat="40.795193" lon="-73.975933">
        <ele>16.2</ele>
        <time>2026-04-26T17:59:12.000Z</time>
      </trkpt>
      <trkpt lat="40.795184" lon="-73.975942">
        <ele>16.2</ele>
        <time>2026-04-26T17:59:13.000Z</time>
      </trkpt>
      <trkpt lat="40.795166" lon="-73.975955">
        <ele>16.2</ele>
        <time>2026-04-26T17:59:14.000Z</time>
      </trkpt>
      <trkpt lat="40.795159" lon="-73.975961">
        <ele>16.4</ele>
        <time>2026-04-26T17:59:15.000Z</time>
      </trkpt>
      <trkpt lat="40.795152" lon="-73.975966">
        <ele>16.4</ele>
        <time>2026-04-26T17:59:16.000Z</time>
      </trkpt>
      <trkpt lat="40.795142" lon="-73.975973">
        <ele>16.4</ele>
        <time>2026-04-26T17:59:17.000Z</time>
      </trkpt>
      <trkpt lat="40.795133" lon="-73.975979">
        <ele>16.6</ele>
        <time>2026-04-26T17:59:18.000Z</time>
      </trkpt>
      <trkpt lat="40.795124" lon="-73.975987">
        <ele>16.6</ele>
        <time>2026-04-26T17:59:19.000Z</time>
      </trkpt>
      <trkpt lat="40.795115" lon="-73.975994">
        <ele>16.6</ele>
        <time>2026-04-26T17:59:20.000Z</time>
      </trkpt>
      <trkpt lat="40.795107" lon="-73.976001">
        <ele>16.8</ele>
        <time>2026-04-26T17:59:21.000Z</time>
      </trkpt>
      <trkpt lat="40.7951" lon="-73.976007">
        <ele>16.8</ele>
        <time>2026-04-26T17:59:22.000Z</time>
      </trkpt>
      <trkpt lat="40.795094" lon="-73.976014">
        <ele>16.8</ele>
        <time>2026-04-26T17:59:23.000Z</time>
      </trkpt>
      <trkpt lat="40.795087" lon="-73.97602">
        <ele>16.8</ele>
        <time>2026-04-26T17:59:24.000Z</time>
      </trkpt>
      <trkpt lat="40.795081" lon="-73.976027">
        <ele>17</ele>
        <time>2026-04-26T17:59:25.000Z</time>
      </trkpt>
      <trkpt lat="40.795074" lon="-73.976035">
        <ele>17</ele>
        <time>2026-04-26T17:59:26.000Z</time>
      </trkpt>
      <trkpt lat="40.795067" lon="-73.976044">
        <ele>17</ele>
        <time>2026-04-26T17:59:27.000Z</time>
      </trkpt>
      <trkpt lat="40.795059" lon="-73.976053">
        <ele>17.2</ele>
        <time>2026-04-26T17:59:28.000Z</time>
      </trkpt>
      <trkpt lat="40.79505" lon="-73.976063">
        <ele>17.2</ele>
        <time>2026-04-26T17:59:29.000Z</time>
      </trkpt>
      <trkpt lat="40.79504" lon="-73.976074">
        <ele>17.4</ele>
        <time>2026-04-26T17:59:30.000Z</time>
      </trkpt>
      <trkpt lat="40.79503" lon="-73.976085">
        <ele>17.4</ele>
        <time>2026-04-26T17:59:31.000Z</time>
      </trkpt>
      <trkpt lat="40.79502" lon="-73.976097">
        <ele>17.4</ele>
        <time>2026-04-26T17:59:32.000Z</time>
      </trkpt>
      <trkpt lat="40.795009" lon="-73.976108">
        <ele>17.6</ele>
        <time>2026-04-26T17:59:33.000Z</time>
      </trkpt>
      <trkpt lat="40.794998" lon="-73.976117">
        <ele>17.6</ele>
        <time>2026-04-26T17:59:34.000Z</time>
      </trkpt>
      <trkpt lat="40.794987" lon="-73.976125">
        <ele>17.6</ele>
        <time>2026-04-26T17:59:35.000Z</time>
      </trkpt>
      <trkpt lat="40.794977" lon="-73.976131">
        <ele>17.8</ele>
        <time>2026-04-26T17:59:36.000Z</time>
      </trkpt>
      <trkpt lat="40.794967" lon="-73.976135">
        <ele>17.8</ele>
        <time>2026-04-26T17:59:37.000Z</time>
      </trkpt>
      <trkpt lat="40.794957" lon="-73.976139">
        <ele>18</ele>
        <time>2026-04-26T17:59:38.000Z</time>
      </trkpt>
      <trkpt lat="40.794947" lon="-73.976142">
        <ele>18</ele>
        <time>2026-04-26T17:59:39.000Z</time>
      </trkpt>
      <trkpt lat="40.794932" lon="-73.976147">
        <ele>18</ele>
        <time>2026-04-26T17:59:40.000Z</time>
      </trkpt>
      <trkpt lat="40.794926" lon="-73.976149">
        <ele>18.2</ele>
        <time>2026-04-26T17:59:41.000Z</time>
      </trkpt>
      <trkpt lat="40.794905" lon="-73.976157">
        <ele>18.2</ele>
        <time>2026-04-26T17:59:42.000Z</time>
      </trkpt>
      <trkpt lat="40.794896" lon="-73.976159">
        <ele>18.2</ele>
        <time>2026-04-26T17:59:43.000Z</time>
      </trkpt>
      <trkpt lat="40.794887" lon="-73.976162">
        <ele>18.4</ele>
        <time>2026-04-26T17:59:44.000Z</time>
      </trkpt>
      <trkpt lat="40.794867" lon="-73.976165">
        <ele>18.4</ele>
        <time>2026-04-26T17:59:45.000Z</time>
      </trkpt>
      <trkpt lat="40.79486" lon="-73.976165">
        <ele>18.4</ele>
        <time>2026-04-26T17:59:46.000Z</time>
      </trkpt>
      <trkpt lat="40.794847" lon="-73.976164">
        <ele>18.6</ele>
        <time>2026-04-26T17:59:47.000Z</time>
      </trkpt>
      <trkpt lat="40.794836" lon="-73.976164">
        <ele>18.6</ele>
        <time>2026-04-26T17:59:48.000Z</time>
      </trkpt>
      <trkpt lat="40.794825" lon="-73.976164">
        <ele>18.6</ele>
        <time>2026-04-26T17:59:49.000Z</time>
      </trkpt>
      <trkpt lat="40.794815" lon="-73.976164">
        <ele>18.8</ele>
        <time>2026-04-26T17:59:50.000Z</time>
      </trkpt>
      <trkpt lat="40.794802" lon="-73.976164">
        <ele>18.8</ele>
        <time>2026-04-26T17:59:51.000Z</time>
      </trkpt>
      <trkpt lat="40.794789" lon="-73.976163">
        <ele>18.8</ele>
        <time>2026-04-26T17:59:52.000Z</time>
      </trkpt>
      <trkpt lat="40.794776" lon="-73.976162">
        <ele>19</ele>
        <time>2026-04-26T17:59:53.000Z</time>
      </trkpt>
      <trkpt lat="40.794764" lon="-73.976162">
        <ele>19</ele>
        <time>2026-04-26T17:59:54.000Z</time>
      </trkpt>
      <trkpt lat="40.794753" lon="-73.976162">
        <ele>19</ele>
        <time>2026-04-26T17:59:55.000Z</time>
      </trkpt>
      <trkpt lat="40.794742" lon="-73.976163">
        <ele>19.2</ele>
        <time>2026-04-26T17:59:56.000Z</time>
      </trkpt>
      <trkpt lat="40.794731" lon="-73.976166">
        <ele>19.2</ele>
        <time>2026-04-26T17:59:57.000Z</time>
      </trkpt>
      <trkpt lat="40.794722" lon="-73.976169">
        <ele>19.4</ele>
        <time>2026-04-26T17:59:58.000Z</time>
      </trkpt>
      <trkpt lat="40.794715" lon="-73.976173">
        <ele>19.4</ele>
        <time>2026-04-26T17:59:59.000Z</time>
      </trkpt>
      <trkpt lat="40.7947" lon="-73.97618">
        <ele>19.4</ele>
        <time>2026-04-26T18:00:00.000Z</time>
      </trkpt>
      <trkpt lat="40.794692" lon="-73.976183">
        <ele>19.6</ele>
        <time>2026-04-26T18:00:01.000Z</time>
      </trkpt>
      <trkpt lat="40.794685" lon="-73.976185">
        <ele>19.6</ele>
        <time>2026-04-26T18:00:02.000Z</time>
      </trkpt>
      <trkpt lat="40.794673" lon="-73.976185">
        <ele>19.6</ele>
        <time>2026-04-26T18:00:03.000Z</time>
      </trkpt>
      <trkpt lat="40.794661" lon="-73.976184">
        <ele>19.8</ele>
        <time>2026-04-26T18:00:04.000Z</time>
      </trkpt>
      <trkpt lat="40.794649" lon="-73.976185">
        <ele>19.8</ele>
        <time>2026-04-26T18:00:05.000Z</time>
      </trkpt>
      <trkpt lat="40.794637" lon="-73.976187">
        <ele>20</ele>
        <time>2026-04-26T18:00:06.000Z</time>
      </trkpt>
      <trkpt lat="40.794626" lon="-73.976188">
        <ele>20</ele>
        <time>2026-04-26T18:00:07.000Z</time>
      </trkpt>
      <trkpt lat="40.794616" lon="-73.976187">
        <ele>20</ele>
        <time>2026-04-26T18:00:08.000Z</time>
      </trkpt>
      <trkpt lat="40.794606" lon="-73.976186">
        <ele>20.2</ele>
        <time>2026-04-26T18:00:09.000Z</time>
      </trkpt>
      <trkpt lat="40.794596" lon="-73.976183">
        <ele>20.2</ele>
        <time>2026-04-26T18:00:10.000Z</time>
      </trkpt>
      <trkpt lat="40.794586" lon="-73.976179">
        <ele>20.4</ele>
        <time>2026-04-26T18:00:11.000Z</time>
      </trkpt>
      <trkpt lat="40.794575" lon="-73.976176">
        <ele>20.4</ele>
        <time>2026-04-26T18:00:12.000Z</time>
      </trkpt>
      <trkpt lat="40.794565" lon="-73.976173">
        <ele>20.4</ele>
        <time>2026-04-26T18:00:13.000Z</time>
      </trkpt>
      <trkpt lat="40.794555" lon="-73.976171">
        <ele>20.6</ele>
        <time>2026-04-26T18:00:14.000Z</time>
      </trkpt>
      <trkpt lat="40.794545" lon="-73.976169">
        <ele>20.6</ele>
        <time>2026-04-26T18:00:15.000Z</time>
      </trkpt>
      <trkpt lat="40.794535" lon="-73.976169">
        <ele>20.6</ele>
        <time>2026-04-26T18:00:16.000Z</time>
      </trkpt>
      <trkpt lat="40.794523" lon="-73.97617">
        <ele>20.6</ele>
        <time>2026-04-26T18:00:17.000Z</time>
      </trkpt>
      <trkpt lat="40.794511" lon="-73.97617">
        <ele>20.8</ele>
        <time>2026-04-26T18:00:18.000Z</time>
      </trkpt>
      <trkpt lat="40.7945" lon="-73.976169">
        <ele>20.8</ele>
        <time>2026-04-26T18:00:19.000Z</time>
      </trkpt>
      <trkpt lat="40.794488" lon="-73.976168">
        <ele>20.8</ele>
        <time>2026-04-26T18:00:20.000Z</time>
      </trkpt>
      <trkpt lat="40.79447" lon="-73.976167">
        <ele>21</ele>
        <time>2026-04-26T18:00:21.000Z</time>
      </trkpt>
      <trkpt lat="40.794463" lon="-73.976166">
        <ele>21</ele>
        <time>2026-04-26T18:00:22.000Z</time>
      </trkpt>
      <trkpt lat="40.794455" lon="-73.976166">
        <ele>21</ele>
        <time>2026-04-26T18:00:23.000Z</time>
      </trkpt>
      <trkpt lat="40.794435" lon="-73.976168">
        <ele>21.2</ele>
        <time>2026-04-26T18:00:24.000Z</time>
      </trkpt>
      <trkpt lat="40.794428" lon="-73.976169">
        <ele>21.2</ele>
        <time>2026-04-26T18:00:25.000Z</time>
      </trkpt>
      <trkpt lat="40.794415" lon="-73.976171">
        <ele>21.2</ele>
        <time>2026-04-26T18:00:26.000Z</time>
      </trkpt>
      <trkpt lat="40.794403" lon="-73.976173">
        <ele>21.2</ele>
        <time>2026-04-26T18:00:27.000Z</time>
      </trkpt>
      <trkpt lat="40.794393" lon="-73.976176">
        <ele>21.4</ele>
        <time>2026-04-26T18:00:28.000Z</time>
      </trkpt>
      <trkpt lat="40.794383" lon="-73.976179">
        <ele>21.4</ele>
        <time>2026-04-26T18:00:29.000Z</time>
      </trkpt>
      <trkpt lat="40.794375" lon="-73.976183">
        <ele>21.4</ele>
        <time>2026-04-26T18:00:30.000Z</time>
      </trkpt>
      <trkpt lat="40.794367" lon="-73.976186">
        <ele>21.4</ele>
        <time>2026-04-26T18:00:31.000Z</time>
      </trkpt>
      <trkpt lat="40.794359" lon="-73.976187">
        <ele>21.6</ele>
        <time>2026-04-26T18:00:32.000Z</time>
      </trkpt>
      <trkpt lat="40.794349" lon="-73.976188">
        <ele>21.6</ele>
        <time>2026-04-26T18:00:33.000Z</time>
      </trkpt>
      <trkpt lat="40.794337" lon="-73.976188">
        <ele>21.6</ele>
        <time>2026-04-26T18:00:34.000Z</time>
      </trkpt>
      <trkpt lat="40.794324" lon="-73.976188">
        <ele>21.6</ele>
        <time>2026-04-26T18:00:35.000Z</time>
      </trkpt>
      <trkpt lat="40.794304" lon="-73.976188">
        <ele>21.8</ele>
        <time>2026-04-26T18:00:36.000Z</time>
      </trkpt>
      <trkpt lat="40.794296" lon="-73.976189">
        <ele>21.8</ele>
        <time>2026-04-26T18:00:37.000Z</time>
      </trkpt>
      <trkpt lat="40.794288" lon="-73.976189">
        <ele>21.8</ele>
        <time>2026-04-26T18:00:38.000Z</time>
      </trkpt>
      <trkpt lat="40.794276" lon="-73.976191">
        <ele>22</ele>
        <time>2026-04-26T18:00:39.000Z</time>
      </trkpt>
      <trkpt lat="40.794264" lon="-73.976194">
        <ele>22</ele>
        <time>2026-04-26T18:00:40.000Z</time>
      </trkpt>
      <trkpt lat="40.794253" lon="-73.976196">
        <ele>22</ele>
        <time>2026-04-26T18:00:41.000Z</time>
      </trkpt>
      <trkpt lat="40.794242" lon="-73.976197">
        <ele>22.2</ele>
        <time>2026-04-26T18:00:42.000Z</time>
      </trkpt>
      <trkpt lat="40.794231" lon="-73.976199">
        <ele>22.2</ele>
        <time>2026-04-26T18:00:43.000Z</time>
      </trkpt>
      <trkpt lat="40.79422" lon="-73.9762">
        <ele>22.2</ele>
        <time>2026-04-26T18:00:44.000Z</time>
      </trkpt>
      <trkpt lat="40.794208" lon="-73.9762">
        <ele>22.4</ele>
        <time>2026-04-26T18:00:45.000Z</time>
      </trkpt>
      <trkpt lat="40.794197" lon="-73.9762">
        <ele>22.4</ele>
        <time>2026-04-26T18:00:46.000Z</time>
      </trkpt>
      <trkpt lat="40.794186" lon="-73.9762">
        <ele>22.4</ele>
        <time>2026-04-26T18:00:47.000Z</time>
      </trkpt>
      <trkpt lat="40.794176" lon="-73.976199">
        <ele>22.6</ele>
        <time>2026-04-26T18:00:48.000Z</time>
      </trkpt>
      <trkpt lat="40.794167" lon="-73.976198">
        <ele>22.6</ele>
        <time>2026-04-26T18:00:49.000Z</time>
      </trkpt>
      <trkpt lat="40.794158" lon="-73.976196">
        <ele>22.6</ele>
        <time>2026-04-26T18:00:50.000Z</time>
      </trkpt>
      <trkpt lat="40.794148" lon="-73.976195">
        <ele>22.6</ele>
        <time>2026-04-26T18:00:51.000Z</time>
      </trkpt>
      <trkpt lat="40.794138" lon="-73.976195">
        <ele>22.8</ele>
        <time>2026-04-26T18:00:52.000Z</time>
      </trkpt>
      <trkpt lat="40.794127" lon="-73.976195">
        <ele>22.8</ele>
        <time>2026-04-26T18:00:53.000Z</time>
      </trkpt>
      <trkpt lat="40.794117" lon="-73.976194">
        <ele>22.8</ele>
        <time>2026-04-26T18:00:54.000Z</time>
      </trkpt>
      <trkpt lat="40.794107" lon="-73.976193">
        <ele>22.8</ele>
        <time>2026-04-26T18:00:55.000Z</time>
      </trkpt>
      <trkpt lat="40.794097" lon="-73.976191">
        <ele>22.8</ele>
        <time>2026-04-26T18:00:56.000Z</time>
      </trkpt>
      <trkpt lat="40.794087" lon="-73.97619">
        <ele>23</ele>
        <time>2026-04-26T18:00:57.000Z</time>
      </trkpt>
      <trkpt lat="40.794077" lon="-73.976189">
        <ele>23</ele>
        <time>2026-04-26T18:00:58.000Z</time>
      </trkpt>
      <trkpt lat="40.794067" lon="-73.976188">
        <ele>23</ele>
        <time>2026-04-26T18:00:59.000Z</time>
      </trkpt>
      <trkpt lat="40.794056" lon="-73.976188">
        <ele>23</ele>
        <time>2026-04-26T18:01:00.000Z</time>
      </trkpt>
      <trkpt lat="40.794046" lon="-73.976188">
        <ele>23</ele>
        <time>2026-04-26T18:01:01.000Z</time>
      </trkpt>
      <trkpt lat="40.794035" lon="-73.976187">
        <ele>23.2</ele>
        <time>2026-04-26T18:01:02.000Z</time>
      </trkpt>
      <trkpt lat="40.794025" lon="-73.976185">
        <ele>23.2</ele>
        <time>2026-04-26T18:01:03.000Z</time>
      </trkpt>
      <trkpt lat="40.794015" lon="-73.976183">
        <ele>23.2</ele>
        <time>2026-04-26T18:01:04.000Z</time>
      </trkpt>
      <trkpt lat="40.794004" lon="-73.976183">
        <ele>23.2</ele>
        <time>2026-04-26T18:01:05.000Z</time>
      </trkpt>
      <trkpt lat="40.793994" lon="-73.976182">
        <ele>23.4</ele>
        <time>2026-04-26T18:01:06.000Z</time>
      </trkpt>
      <trkpt lat="40.793985" lon="-73.976181">
        <ele>23.4</ele>
        <time>2026-04-26T18:01:07.000Z</time>
      </trkpt>
      <trkpt lat="40.793977" lon="-73.976177">
        <ele>23.4</ele>
        <time>2026-04-26T18:01:08.000Z</time>
      </trkpt>
      <trkpt lat="40.793971" lon="-73.976172">
        <ele>23.4</ele>
        <time>2026-04-26T18:01:09.000Z</time>
      </trkpt>
      <trkpt lat="40.793967" lon="-73.976166">
        <ele>23.6</ele>
        <time>2026-04-26T18:01:10.000Z</time>
      </trkpt>
      <trkpt lat="40.793963" lon="-73.976159">
        <ele>23.6</ele>
        <time>2026-04-26T18:01:11.000Z</time>
      </trkpt>
      <trkpt lat="40.793959" lon="-73.97615">
        <ele>23.6</ele>
        <time>2026-04-26T18:01:12.000Z</time>
      </trkpt>
      <trkpt lat="40.793956" lon="-73.976141">
        <ele>23.8</ele>
        <time>2026-04-26T18:01:13.000Z</time>
      </trkpt>
      <trkpt lat="40.793953" lon="-73.976132">
        <ele>23.8</ele>
        <time>2026-04-26T18:01:14.000Z</time>
      </trkpt>
      <trkpt lat="40.79395" lon="-73.976123">
        <ele>23.8</ele>
        <time>2026-04-26T18:01:15.000Z</time>
      </trkpt>
      <trkpt lat="40.793947" lon="-73.976113">
        <ele>23.8</ele>
        <time>2026-04-26T18:01:16.000Z</time>
      </trkpt>
      <trkpt lat="40.793943" lon="-73.976104">
        <ele>23.8</ele>
        <time>2026-04-26T18:01:17.000Z</time>
      </trkpt>
      <trkpt lat="40.79394" lon="-73.976095">
        <ele>24</ele>
        <time>2026-04-26T18:01:18.000Z</time>
      </trkpt>
      <trkpt lat="40.793937" lon="-73.976086">
        <ele>24</ele>
        <time>2026-04-26T18:01:19.000Z</time>
      </trkpt>
      <trkpt lat="40.793933" lon="-73.976077">
        <ele>24</ele>
        <time>2026-04-26T18:01:20.000Z</time>
      </trkpt>
      <trkpt lat="40.79393" lon="-73.976066">
        <ele>24</ele>
        <time>2026-04-26T18:01:21.000Z</time>
      </trkpt>
      <trkpt lat="40.793926" lon="-73.976055">
        <ele>24</ele>
        <time>2026-04-26T18:01:22.000Z</time>
      </trkpt>
      <trkpt lat="40.793923" lon="-73.976044">
        <ele>24</ele>
        <time>2026-04-26T18:01:23.000Z</time>
      </trkpt>
      <trkpt lat="40.79392" lon="-73.976032">
        <ele>24.2</ele>
        <time>2026-04-26T18:01:24.000Z</time>
      </trkpt>
      <trkpt lat="40.793916" lon="-73.976019">
        <ele>24.2</ele>
        <time>2026-04-26T18:01:25.000Z</time>
      </trkpt>
      <trkpt lat="40.793911" lon="-73.976006">
        <ele>24.2</ele>
        <time>2026-04-26T18:01:26.000Z</time>
      </trkpt>
      <trkpt lat="40.793906" lon="-73.975994">
        <ele>24.2</ele>
        <time>2026-04-26T18:01:27.000Z</time>
      </trkpt>
      <trkpt lat="40.793902" lon="-73.975982">
        <ele>24.2</ele>
        <time>2026-04-26T18:01:28.000Z</time>
      </trkpt>
      <trkpt lat="40.793899" lon="-73.975971">
        <ele>24.2</ele>
        <time>2026-04-26T18:01:29.000Z</time>
      </trkpt>
      <trkpt lat="40.793895" lon="-73.975959">
        <ele>24.2</ele>
        <time>2026-04-26T18:01:30.000Z</time>
      </trkpt>
      <trkpt lat="40.793891" lon="-73.975948">
        <ele>24.2</ele>
        <time>2026-04-26T18:01:31.000Z</time>
      </trkpt>
      <trkpt lat="40.793888" lon="-73.975937">
        <ele>24.2</ele>
        <time>2026-04-26T18:01:32.000Z</time>
      </trkpt>
      <trkpt lat="40.793884" lon="-73.975926">
        <ele>24.2</ele>
        <time>2026-04-26T18:01:33.000Z</time>
      </trkpt>
      <trkpt lat="40.79388" lon="-73.975914">
        <ele>24.2</ele>
        <time>2026-04-26T18:01:34.000Z</time>
      </trkpt>
      <trkpt lat="40.793873" lon="-73.975901">
        <ele>24.2</ele>
        <time>2026-04-26T18:01:35.000Z</time>
      </trkpt>
      <trkpt lat="40.793867" lon="-73.975889">
        <ele>24.2</ele>
        <time>2026-04-26T18:01:36.000Z</time>
      </trkpt>
      <trkpt lat="40.793862" lon="-73.975877">
        <ele>24.2</ele>
        <time>2026-04-26T18:01:37.000Z</time>
      </trkpt>
      <trkpt lat="40.793856" lon="-73.975864">
        <ele>24.2</ele>
        <time>2026-04-26T18:01:38.000Z</time>
      </trkpt>
      <trkpt lat="40.79385" lon="-73.975852">
        <ele>24.4</ele>
        <time>2026-04-26T18:01:39.000Z</time>
      </trkpt>
      <trkpt lat="40.793843" lon="-73.975839">
        <ele>24.4</ele>
        <time>2026-04-26T18:01:40.000Z</time>
      </trkpt>
      <trkpt lat="40.793837" lon="-73.975826">
        <ele>24.4</ele>
        <time>2026-04-26T18:01:41.000Z</time>
      </trkpt>
      <trkpt lat="40.793831" lon="-73.975813">
        <ele>24.4</ele>
        <time>2026-04-26T18:01:42.000Z</time>
      </trkpt>
      <trkpt lat="40.793825" lon="-73.975801">
        <ele>24.4</ele>
        <time>2026-04-26T18:01:43.000Z</time>
      </trkpt>
      <trkpt lat="40.793818" lon="-73.975788">
        <ele>24.4</ele>
        <time>2026-04-26T18:01:44.000Z</time>
      </trkpt>
      <trkpt lat="40.793812" lon="-73.975775">
        <ele>24.6</ele>
        <time>2026-04-26T18:01:45.000Z</time>
      </trkpt>
      <trkpt lat="40.793806" lon="-73.975763">
        <ele>24.6</ele>
        <time>2026-04-26T18:01:46.000Z</time>
      </trkpt>
      <trkpt lat="40.7938" lon="-73.97575">
        <ele>24.6</ele>
        <time>2026-04-26T18:01:47.000Z</time>
      </trkpt>
      <trkpt lat="40.793793" lon="-73.975738">
        <ele>24.6</ele>
        <time>2026-04-26T18:01:48.000Z</time>
      </trkpt>
      <trkpt lat="40.793787" lon="-73.975725">
        <ele>24.6</ele>
        <time>2026-04-26T18:01:49.000Z</time>
      </trkpt>
      <trkpt lat="40.793781" lon="-73.975713">
        <ele>24.6</ele>
        <time>2026-04-26T18:01:50.000Z</time>
      </trkpt>
      <trkpt lat="40.793775" lon="-73.975701">
        <ele>24.6</ele>
        <time>2026-04-26T18:01:51.000Z</time>
      </trkpt>
      <trkpt lat="40.793769" lon="-73.975689">
        <ele>24.6</ele>
        <time>2026-04-26T18:01:52.000Z</time>
      </trkpt>
      <trkpt lat="40.793762" lon="-73.975677">
        <ele>24.6</ele>
        <time>2026-04-26T18:01:53.000Z</time>
      </trkpt>
      <trkpt lat="40.793756" lon="-73.975665">
        <ele>24.6</ele>
        <time>2026-04-26T18:01:54.000Z</time>
      </trkpt>
      <trkpt lat="40.79375" lon="-73.975653">
        <ele>24.6</ele>
        <time>2026-04-26T18:01:55.000Z</time>
      </trkpt>
      <trkpt lat="40.793744" lon="-73.975641">
        <ele>24.6</ele>
        <time>2026-04-26T18:01:56.000Z</time>
      </trkpt>
      <trkpt lat="40.793738" lon="-73.975629">
        <ele>24.8</ele>
        <time>2026-04-26T18:01:57.000Z</time>
      </trkpt>
      <trkpt lat="40.793732" lon="-73.975617">
        <ele>24.8</ele>
        <time>2026-04-26T18:01:58.000Z</time>
      </trkpt>
      <trkpt lat="40.793726" lon="-73.975606">
        <ele>24.8</ele>
        <time>2026-04-26T18:01:59.000Z</time>
      </trkpt>
      <trkpt lat="40.79372" lon="-73.975594">
        <ele>24.8</ele>
        <time>2026-04-26T18:02:00.000Z</time>
      </trkpt>
      <trkpt lat="40.793713" lon="-73.975582">
        <ele>24.8</ele>
        <time>2026-04-26T18:02:01.000Z</time>
      </trkpt>
      <trkpt lat="40.793707" lon="-73.97557">
        <ele>24.8</ele>
        <time>2026-04-26T18:02:02.000Z</time>
      </trkpt>
      <trkpt lat="40.793701" lon="-73.975559">
        <ele>24.8</ele>
        <time>2026-04-26T18:02:03.000Z</time>
      </trkpt>
      <trkpt lat="40.793695" lon="-73.975547">
        <ele>24.8</ele>
        <time>2026-04-26T18:02:04.000Z</time>
      </trkpt>
      <trkpt lat="40.793689" lon="-73.975535">
        <ele>24.8</ele>
        <time>2026-04-26T18:02:05.000Z</time>
      </trkpt>
      <trkpt lat="40.793683" lon="-73.975523">
        <ele>24.8</ele>
        <time>2026-04-26T18:02:06.000Z</time>
      </trkpt>
      <trkpt lat="40.793677" lon="-73.975511">
        <ele>25</ele>
        <time>2026-04-26T18:02:07.000Z</time>
      </trkpt>
      <trkpt lat="40.793671" lon="-73.975499">
        <ele>25</ele>
        <time>2026-04-26T18:02:08.000Z</time>
      </trkpt>
      <trkpt lat="40.793665" lon="-73.975487">
        <ele>25</ele>
        <time>2026-04-26T18:02:09.000Z</time>
      </trkpt>
      <trkpt lat="40.793659" lon="-73.975475">
        <ele>25</ele>
        <time>2026-04-26T18:02:10.000Z</time>
      </trkpt>
      <trkpt lat="40.793653" lon="-73.975463">
        <ele>25</ele>
        <time>2026-04-26T18:02:11.000Z</time>
      </trkpt>
      <trkpt lat="40.793646" lon="-73.975451">
        <ele>25</ele>
        <time>2026-04-26T18:02:12.000Z</time>
      </trkpt>
      <trkpt lat="40.79364" lon="-73.975439">
        <ele>25</ele>
        <time>2026-04-26T18:02:13.000Z</time>
      </trkpt>
      <trkpt lat="40.793634" lon="-73.975427">
        <ele>25</ele>
        <time>2026-04-26T18:02:14.000Z</time>
      </trkpt>
      <trkpt lat="40.793628" lon="-73.975414">
        <ele>25</ele>
        <time>2026-04-26T18:02:15.000Z</time>
      </trkpt>
      <trkpt lat="40.793622" lon="-73.975402">
        <ele>25</ele>
        <time>2026-04-26T18:02:16.000Z</time>
      </trkpt>
      <trkpt lat="40.793616" lon="-73.97539">
        <ele>25</ele>
        <time>2026-04-26T18:02:17.000Z</time>
      </trkpt>
      <trkpt lat="40.79361" lon="-73.975377">
        <ele>25</ele>
        <time>2026-04-26T18:02:18.000Z</time>
      </trkpt>
      <trkpt lat="40.793604" lon="-73.975365">
        <ele>25</ele>
        <time>2026-04-26T18:02:19.000Z</time>
      </trkpt>
      <trkpt lat="40.793598" lon="-73.975353">
        <ele>25</ele>
        <time>2026-04-26T18:02:20.000Z</time>
      </trkpt>
      <trkpt lat="40.793592" lon="-73.975341">
        <ele>25</ele>
        <time>2026-04-26T18:02:21.000Z</time>
      </trkpt>
      <trkpt lat="40.793586" lon="-73.975329">
        <ele>25</ele>
        <time>2026-04-26T18:02:22.000Z</time>
      </trkpt>
      <trkpt lat="40.79358" lon="-73.975317">
        <ele>25</ele>
        <time>2026-04-26T18:02:23.000Z</time>
      </trkpt>
      <trkpt lat="40.793574" lon="-73.975305">
        <ele>25</ele>
        <time>2026-04-26T18:02:24.000Z</time>
      </trkpt>
      <trkpt lat="40.793568" lon="-73.975293">
        <ele>25</ele>
        <time>2026-04-26T18:02:25.000Z</time>
      </trkpt>
      <trkpt lat="40.793562" lon="-73.975281">
        <ele>25</ele>
        <time>2026-04-26T18:02:26.000Z</time>
      </trkpt>
      <trkpt lat="40.793556" lon="-73.975269">
        <ele>25</ele>
        <time>2026-04-26T18:02:27.000Z</time>
      </trkpt>
      <trkpt lat="40.79355" lon="-73.975256">
        <ele>25</ele>
        <time>2026-04-26T18:02:28.000Z</time>
      </trkpt>
      <trkpt lat="40.793544" lon="-73.975244">
        <ele>25</ele>
        <time>2026-04-26T18:02:29.000Z</time>
      </trkpt>
      <trkpt lat="40.793539" lon="-73.975232">
        <ele>25</ele>
        <time>2026-04-26T18:02:30.000Z</time>
      </trkpt>
      <trkpt lat="40.793533" lon="-73.97522">
        <ele>25</ele>
        <time>2026-04-26T18:02:31.000Z</time>
      </trkpt>
      <trkpt lat="40.793527" lon="-73.975208">
        <ele>25</ele>
        <time>2026-04-26T18:02:32.000Z</time>
      </trkpt>
      <trkpt lat="40.793522" lon="-73.975196">
        <ele>25</ele>
        <time>2026-04-26T18:02:33.000Z</time>
      </trkpt>
      <trkpt lat="40.793516" lon="-73.975183">
        <ele>25</ele>
        <time>2026-04-26T18:02:34.000Z</time>
      </trkpt>
      <trkpt lat="40.79351" lon="-73.975171">
        <ele>25</ele>
        <time>2026-04-26T18:02:35.000Z</time>
      </trkpt>
      <trkpt lat="40.793505" lon="-73.975159">
        <ele>25</ele>
        <time>2026-04-26T18:02:36.000Z</time>
      </trkpt>
      <trkpt lat="40.793499" lon="-73.975146">
        <ele>25</ele>
        <time>2026-04-26T18:02:37.000Z</time>
      </trkpt>
      <trkpt lat="40.793493" lon="-73.975134">
        <ele>25</ele>
        <time>2026-04-26T18:02:38.000Z</time>
      </trkpt>
      <trkpt lat="40.793488" lon="-73.975122">
        <ele>25</ele>
        <time>2026-04-26T18:02:39.000Z</time>
      </trkpt>
      <trkpt lat="40.793482" lon="-73.975109">
        <ele>25</ele>
        <time>2026-04-26T18:02:40.000Z</time>
      </trkpt>
      <trkpt lat="40.793477" lon="-73.975097">
        <ele>25</ele>
        <time>2026-04-26T18:02:41.000Z</time>
      </trkpt>
      <trkpt lat="40.793472" lon="-73.975085">
        <ele>25</ele>
        <time>2026-04-26T18:02:42.000Z</time>
      </trkpt>
      <trkpt lat="40.793466" lon="-73.975073">
        <ele>25</ele>
        <time>2026-04-26T18:02:43.000Z</time>
      </trkpt>
      <trkpt lat="40.793461" lon="-73.975061">
        <ele>25</ele>
        <time>2026-04-26T18:02:44.000Z</time>
      </trkpt>
      <trkpt lat="40.793456" lon="-73.975048">
        <ele>25</ele>
        <time>2026-04-26T18:02:45.000Z</time>
      </trkpt>
      <trkpt lat="40.79345" lon="-73.975036">
        <ele>25</ele>
        <time>2026-04-26T18:02:46.000Z</time>
      </trkpt>
      <trkpt lat="40.793445" lon="-73.975024">
        <ele>25</ele>
        <time>2026-04-26T18:02:47.000Z</time>
      </trkpt>
      <trkpt lat="40.79344" lon="-73.975012">
        <ele>25</ele>
        <time>2026-04-26T18:02:48.000Z</time>
      </trkpt>
      <trkpt lat="40.793435" lon="-73.975">
        <ele>25</ele>
        <time>2026-04-26T18:02:49.000Z</time>
      </trkpt>
      <trkpt lat="40.79343" lon="-73.974988">
        <ele>25</ele>
        <time>2026-04-26T18:02:50.000Z</time>
      </trkpt>
      <trkpt lat="40.793425" lon="-73.974976">
        <ele>25</ele>
        <time>2026-04-26T18:02:51.000Z</time>
      </trkpt>
      <trkpt lat="40.79342" lon="-73.974964">
        <ele>25</ele>
        <time>2026-04-26T18:02:52.000Z</time>
      </trkpt>
      <trkpt lat="40.793415" lon="-73.974953">
        <ele>25.2</ele>
        <time>2026-04-26T18:02:53.000Z</time>
      </trkpt>
      <trkpt lat="40.79341" lon="-73.974941">
        <ele>25.2</ele>
        <time>2026-04-26T18:02:54.000Z</time>
      </trkpt>
      <trkpt lat="40.793406" lon="-73.97493">
        <ele>25.2</ele>
        <time>2026-04-26T18:02:55.000Z</time>
      </trkpt>
      <trkpt lat="40.793401" lon="-73.974919">
        <ele>25.2</ele>
        <time>2026-04-26T18:02:56.000Z</time>
      </trkpt>
      <trkpt lat="40.793397" lon="-73.974908">
        <ele>25.2</ele>
        <time>2026-04-26T18:02:57.000Z</time>
      </trkpt>
      <trkpt lat="40.793392" lon="-73.974897">
        <ele>25.2</ele>
        <time>2026-04-26T18:02:58.000Z</time>
      </trkpt>
      <trkpt lat="40.793388" lon="-73.974887">
        <ele>25.2</ele>
        <time>2026-04-26T18:02:59.000Z</time>
      </trkpt>
      <trkpt lat="40.793384" lon="-73.974877">
        <ele>25.2</ele>
        <time>2026-04-26T18:03:00.000Z</time>
      </trkpt>
      <trkpt lat="40.79338" lon="-73.974867">
        <ele>25.2</ele>
        <time>2026-04-26T18:03:01.000Z</time>
      </trkpt>
      <trkpt lat="40.793376" lon="-73.974857">
        <ele>25.2</ele>
        <time>2026-04-26T18:03:02.000Z</time>
      </trkpt>
      <trkpt lat="40.793372" lon="-73.974848">
        <ele>25.2</ele>
        <time>2026-04-26T18:03:03.000Z</time>
      </trkpt>
      <trkpt lat="40.793368" lon="-73.974839">
        <ele>25.2</ele>
        <time>2026-04-26T18:03:04.000Z</time>
      </trkpt>
      <trkpt lat="40.793364" lon="-73.974831">
        <ele>25.2</ele>
        <time>2026-04-26T18:03:05.000Z</time>
      </trkpt>
      <trkpt lat="40.79336" lon="-73.974824">
        <ele>25.2</ele>
        <time>2026-04-26T18:03:06.000Z</time>
      </trkpt>
      <trkpt lat="40.793357" lon="-73.974818">
        <ele>25.2</ele>
        <time>2026-04-26T18:03:07.000Z</time>
      </trkpt>
      <trkpt lat="40.793353" lon="-73.974813">
        <ele>25.2</ele>
        <time>2026-04-26T18:03:08.000Z</time>
      </trkpt>
      <trkpt lat="40.79335" lon="-73.97481">
        <ele>25.4</ele>
        <time>2026-04-26T18:03:09.000Z</time>
      </trkpt>
      <trkpt lat="40.793347" lon="-73.974808">
        <ele>25.4</ele>
        <time>2026-04-26T18:03:10.000Z</time>
      </trkpt>
      <trkpt lat="40.793343" lon="-73.974808">
        <ele>25.4</ele>
        <time>2026-04-26T18:03:11.000Z</time>
      </trkpt>
      <trkpt lat="40.79334" lon="-73.974809">
        <ele>25.4</ele>
        <time>2026-04-26T18:03:12.000Z</time>
      </trkpt>
      <trkpt lat="40.793338" lon="-73.97481">
        <ele>25.4</ele>
        <time>2026-04-26T18:03:13.000Z</time>
      </trkpt>
      <trkpt lat="40.793336" lon="-73.974811">
        <ele>25.4</ele>
        <time>2026-04-26T18:03:14.000Z</time>
      </trkpt>
      <trkpt lat="40.793335" lon="-73.974813">
        <ele>25.6</ele>
        <time>2026-04-26T18:03:15.000Z</time>
      </trkpt>
      <trkpt lat="40.793334" lon="-73.974814">
        <ele>25.6</ele>
        <time>2026-04-26T18:03:16.000Z</time>
      </trkpt>
      <trkpt lat="40.793334" lon="-73.974816">
        <ele>25.6</ele>
        <time>2026-04-26T18:03:17.000Z</time>
      </trkpt>
      <trkpt lat="40.793333" lon="-73.974817">
        <ele>25.8</ele>
        <time>2026-04-26T18:03:18.000Z</time>
      </trkpt>
      <trkpt lat="40.793334" lon="-73.974818">
        <ele>25.8</ele>
        <time>2026-04-26T18:03:19.000Z</time>
      </trkpt>
      <trkpt lat="40.793334" lon="-73.974819">
        <ele>26</ele>
        <time>2026-04-26T18:03:20.000Z</time>
      </trkpt>
      <trkpt lat="40.793334" lon="-73.974819">
        <ele>26</ele>
        <time>2026-04-26T18:03:21.000Z</time>
      </trkpt>
      <trkpt lat="40.793335" lon="-73.974819">
        <ele>26.2</ele>
        <time>2026-04-26T18:03:22.000Z</time>
      </trkpt>
      <trkpt lat="40.793335" lon="-73.97482">
        <ele>26.2</ele>
        <time>2026-04-26T18:03:23.000Z</time>
      </trkpt>
      <trkpt lat="40.793336" lon="-73.974819">
        <ele>26.4</ele>
        <time>2026-04-26T18:03:24.000Z</time>
      </trkpt>
      <trkpt lat="40.793336" lon="-73.974819">
        <ele>26.4</ele>
        <time>2026-04-26T18:03:25.000Z</time>
      </trkpt>
      <trkpt lat="40.793337" lon="-73.974819">
        <ele>26.4</ele>
        <time>2026-04-26T18:03:26.000Z</time>
      </trkpt>
      <trkpt lat="40.793337" lon="-73.974819">
        <ele>26.2</ele>
        <time>2026-04-26T18:03:27.000Z</time>
      </trkpt>
      <trkpt lat="40.793338" lon="-73.974818">
        <ele>26</ele>
        <time>2026-04-26T18:03:28.000Z</time>
      </trkpt>
      <trkpt lat="40.793338" lon="-73.974818">
        <ele>25.8</ele>
        <time>2026-04-26T18:03:29.000Z</time>
      </trkpt>
      <trkpt lat="40.793339" lon="-73.974817">
        <ele>25.4</ele>
        <time>2026-04-26T18:03:30.000Z</time>
      </trkpt>
      <trkpt lat="40.793339" lon="-73.974816">
        <ele>24.8</ele>
        <time>2026-04-26T18:03:31.000Z</time>
      </trkpt>
      <trkpt lat="40.793339" lon="-73.974816">
        <ele>24.2</ele>
        <time>2026-04-26T18:03:32.000Z</time>
      </trkpt>
      <trkpt lat="40.79334" lon="-73.974815">
        <ele>23.4</ele>
        <time>2026-04-26T18:03:33.000Z</time>
      </trkpt>
      <trkpt lat="40.79334" lon="-73.974815">
        <ele>23.4</ele>
        <time>2026-04-26T18:03:37.000Z</time>
      </trkpt>
      <trkpt lat="40.79334" lon="-73.974815">
        <ele>23.4</ele>
        <time>2026-04-26T18:03:43.000Z</time>
      </trkpt>
      <trkpt lat="40.79334" lon="-73.974815">
        <ele>23.4</ele>
        <time>2026-04-26T18:03:46.000Z</time>
      </trkpt>
      <trkpt lat="40.79334" lon="-73.974815">
        <ele>23.4</ele>
        <time>2026-04-26T18:03:53.000Z</time>
      </trkpt>
      <trkpt lat="40.79334" lon="-73.974815">
        <ele>23.4</ele>
        <time>2026-04-26T18:03:55.000Z</time>
      </trkpt>
    </trkseg>
  </trk>
</gpx>
