<?xml version="1.0" encoding="UTF-8"?>
<gpx version="1.1" creator="sync-strava">
  <trk>
    <name>Lego Street Walk #MC</name>
    <trkseg>
      <trkpt lat="40.793275" lon="-73.974615">
        <ele>25</ele>
        <time>2026-05-22T18:49:48.000Z</time>
      </trkpt>
      <trkpt lat="40.79327" lon="-73.974605">
        <ele>24.8</ele>
        <time>2026-05-22T18:49:49.000Z</time>
      </trkpt>
      <trkpt lat="40.793268" lon="-73.9746">
        <ele>24.8</ele>
        <time>2026-05-22T18:49:50.000Z</time>
      </trkpt>
      <trkpt lat="40.793265" lon="-73.974596">
        <ele>24.8</ele>
        <time>2026-05-22T18:49:51.000Z</time>
      </trkpt>
      <trkpt lat="40.793263" lon="-73.974591">
        <ele>24.6</ele>
        <time>2026-05-22T18:49:52.000Z</time>
      </trkpt>
      <trkpt lat="40.79326" lon="-73.974587">
        <ele>24.6</ele>
        <time>2026-05-22T18:49:53.000Z</time>
      </trkpt>
      <trkpt lat="40.793254" lon="-73.974584">
        <ele>24.4</ele>
        <time>2026-05-22T18:49:54.000Z</time>
      </trkpt>
      <trkpt lat="40.793247" lon="-73.974583">
        <ele>24.2</ele>
        <time>2026-05-22T18:49:55.000Z</time>
      </trkpt>
      <trkpt lat="40.793239" lon="-73.974583">
        <ele>24.2</ele>
        <time>2026-05-22T18:49:56.000Z</time>
      </trkpt>
      <trkpt lat="40.793231" lon="-73.974585">
        <ele>24</ele>
        <time>2026-05-22T18:49:57.000Z</time>
      </trkpt>
      <trkpt lat="40.793222" lon="-73.974587">
        <ele>24</ele>
        <time>2026-05-22T18:49:58.000Z</time>
      </trkpt>
      <trkpt lat="40.793213" lon="-73.97459">
        <ele>23.8</ele>
        <time>2026-05-22T18:49:59.000Z</time>
      </trkpt>
      <trkpt lat="40.793204" lon="-73.974595">
        <ele>23.8</ele>
        <time>2026-05-22T18:50:00.000Z</time>
      </trkpt>
      <trkpt lat="40.793195" lon="-73.9746">
        <ele>23.8</ele>
        <time>2026-05-22T18:50:01.000Z</time>
      </trkpt>
      <trkpt lat="40.793186" lon="-73.974606">
        <ele>23.8</ele>
        <time>2026-05-22T18:50:02.000Z</time>
      </trkpt>
      <trkpt lat="40.793177" lon="-73.974613">
        <ele>23.8</ele>
        <time>2026-05-22T18:50:03.000Z</time>
      </trkpt>
      <trkpt lat="40.793168" lon="-73.97462">
        <ele>23.8</ele>
        <time>2026-05-22T18:50:04.000Z</time>
      </trkpt>
      <trkpt lat="40.793159" lon="-73.974627">
        <ele>23.8</ele>
        <time>2026-05-22T18:50:05.000Z</time>
      </trkpt>
      <trkpt lat="40.793149" lon="-73.974634">
        <ele>23.8</ele>
        <time>2026-05-22T18:50:06.000Z</time>
      </trkpt>
      <trkpt lat="40.793139" lon="-73.974641">
        <ele>23.8</ele>
        <time>2026-05-22T18:50:07.000Z</time>
      </trkpt>
      <trkpt lat="40.793129" lon="-73.974648">
        <ele>23.8</ele>
        <time>2026-05-22T18:50:08.000Z</time>
      </trkpt>
      <trkpt lat="40.793118" lon="-73.974655">
        <ele>24</ele>
        <time>2026-05-22T18:50:09.000Z</time>
      </trkpt>
      <trkpt lat="40.793107" lon="-73.974662">
        <ele>24</ele>
        <time>2026-05-22T18:50:10.000Z</time>
      </trkpt>
      <trkpt lat="40.793096" lon="-73.97467">
        <ele>24</ele>
        <time>2026-05-22T18:50:11.000Z</time>
      </trkpt>
      <trkpt lat="40.793085" lon="-73.974677">
        <ele>24</ele>
        <time>2026-05-22T18:50:12.000Z</time>
      </trkpt>
      <trkpt lat="40.793073" lon="-73.974684">
        <ele>24</ele>
        <time>2026-05-22T18:50:13.000Z</time>
      </trkpt>
      <trkpt lat="40.793062" lon="-73.974692">
        <ele>24</ele>
        <time>2026-05-22T18:50:14.000Z</time>
      </trkpt>
      <trkpt lat="40.79305" lon="-73.974699">
        <ele>24.2</ele>
        <time>2026-05-22T18:50:15.000Z</time>
      </trkpt>
      <trkpt lat="40.793038" lon="-73.974706">
        <ele>24.2</ele>
        <time>2026-05-22T18:50:16.000Z</time>
      </trkpt>
      <trkpt lat="40.793026" lon="-73.974714">
        <ele>24.2</ele>
        <time>2026-05-22T18:50:17.000Z</time>
      </trkpt>
      <trkpt lat="40.793015" lon="-73.974721">
        <ele>24.2</ele>
        <time>2026-05-22T18:50:18.000Z</time>
      </trkpt>
      <trkpt lat="40.793003" lon="-73.974729">
        <ele>24.2</ele>
        <time>2026-05-22T18:50:19.000Z</time>
      </trkpt>
      <trkpt lat="40.792991" lon="-73.974737">
        <ele>24.2</ele>
        <time>2026-05-22T18:50:20.000Z</time>
      </trkpt>
      <trkpt lat="40.792979" lon="-73.974744">
        <ele>24.4</ele>
        <time>2026-05-22T18:50:21.000Z</time>
      </trkpt>
      <trkpt lat="40.792967" lon="-73.974752">
        <ele>24.4</ele>
        <time>2026-05-22T18:50:22.000Z</time>
      </trkpt>
      <trkpt lat="40.792956" lon="-73.974759">
        <ele>24.4</ele>
        <time>2026-05-22T18:50:23.000Z</time>
      </trkpt>
      <trkpt lat="40.792945" lon="-73.974766">
        <ele>24.4</ele>
        <time>2026-05-22T18:50:24.000Z</time>
      </trkpt>
      <trkpt lat="40.792934" lon="-73.974773">
        <ele>24.4</ele>
        <time>2026-05-22T18:50:25.000Z</time>
      </trkpt>
      <trkpt lat="40.792923" lon="-73.97478">
        <ele>24.4</ele>
        <time>2026-05-22T18:50:26.000Z</time>
      </trkpt>
      <trkpt lat="40.792913" lon="-73.974787">
        <ele>24.4</ele>
        <time>2026-05-22T18:50:27.000Z</time>
      </trkpt>
      <trkpt lat="40.792903" lon="-73.974794">
        <ele>24.4</ele>
        <time>2026-05-22T18:50:28.000Z</time>
      </trkpt>
      <trkpt lat="40.792892" lon="-73.9748">
        <ele>24.6</ele>
        <time>2026-05-22T18:50:29.000Z</time>
      </trkpt>
      <trkpt lat="40.792882" lon="-73.974807">
        <ele>24.6</ele>
        <time>2026-05-22T18:50:30.000Z</time>
      </trkpt>
      <trkpt lat="40.792872" lon="-73.974813">
        <ele>24.4</ele>
        <time>2026-05-22T18:50:31.000Z</time>
      </trkpt>
      <trkpt lat="40.792862" lon="-73.974819">
        <ele>24.4</ele>
        <time>2026-05-22T18:50:32.000Z</time>
      </trkpt>
      <trkpt lat="40.792852" lon="-73.974825">
        <ele>24.4</ele>
        <time>2026-05-22T18:50:33.000Z</time>
      </trkpt>
      <trkpt lat="40.792842" lon="-73.97483">
        <ele>24.4</ele>
        <time>2026-05-22T18:50:34.000Z</time>
      </trkpt>
      <trkpt lat="40.792833" lon="-73.974836">
        <ele>24.4</ele>
        <time>2026-05-22T18:50:35.000Z</time>
      </trkpt>
      <trkpt lat="40.792823" lon="-73.974841">
        <ele>24.2</ele>
        <time>2026-05-22T18:50:36.000Z</time>
      </trkpt>
      <trkpt lat="40.792814" lon="-73.974846">
        <ele>24.2</ele>
        <time>2026-05-22T18:50:37.000Z</time>
      </trkpt>
      <trkpt lat="40.792806" lon="-73.97485">
        <ele>24.2</ele>
        <time>2026-05-22T18:50:38.000Z</time>
      </trkpt>
      <trkpt lat="40.792801" lon="-73.974853">
        <ele>24.2</ele>
        <time>2026-05-22T18:50:39.000Z</time>
      </trkpt>
      <trkpt lat="40.792792" lon="-73.974857">
        <ele>24</ele>
        <time>2026-05-22T18:50:40.000Z</time>
      </trkpt>
      <trkpt lat="40.792784" lon="-73.974862">
        <ele>24</ele>
        <time>2026-05-22T18:50:41.000Z</time>
      </trkpt>
      <trkpt lat="40.792776" lon="-73.974867">
        <ele>24</ele>
        <time>2026-05-22T18:50:42.000Z</time>
      </trkpt>
      <trkpt lat="40.792768" lon="-73.974872">
        <ele>24</ele>
        <time>2026-05-22T18:50:43.000Z</time>
      </trkpt>
      <trkpt lat="40.792761" lon="-73.974876">
        <ele>24</ele>
        <time>2026-05-22T18:50:44.000Z</time>
      </trkpt>
      <trkpt lat="40.792753" lon="-73.97488">
        <ele>24</ele>
        <time>2026-05-22T18:50:45.000Z</time>
      </trkpt>
      <trkpt lat="40.792746" lon="-73.974883">
        <ele>24</ele>
        <time>2026-05-22T18:50:46.000Z</time>
      </trkpt>
      <trkpt lat="40.79274" lon="-73.974885">
        <ele>24</ele>
        <time>2026-05-22T18:50:47.000Z</time>
      </trkpt>
      <trkpt lat="40.792733" lon="-73.974886">
        <ele>24.2</ele>
        <time>2026-05-22T18:50:48.000Z</time>
      </trkpt>
      <trkpt lat="40.792727" lon="-73.974885">
        <ele>24.2</ele>
        <time>2026-05-22T18:50:49.000Z</time>
      </trkpt>
      <trkpt lat="40.792721" lon="-73.974884">
        <ele>24.2</ele>
        <time>2026-05-22T18:50:50.000Z</time>
      </trkpt>
      <trkpt lat="40.792716" lon="-73.974881">
        <ele>24.2</ele>
        <time>2026-05-22T18:50:51.000Z</time>
      </trkpt>
      <trkpt lat="40.792711" lon="-73.974876">
        <ele>24.2</ele>
        <time>2026-05-22T18:50:52.000Z</time>
      </trkpt>
      <trkpt lat="40.792705" lon="-73.974871">
        <ele>24.4</ele>
        <time>2026-05-22T18:50:53.000Z</time>
      </trkpt>
      <trkpt lat="40.7927" lon="-73.974865">
        <ele>24.4</ele>
        <time>2026-05-22T18:50:54.000Z</time>
      </trkpt>
      <trkpt lat="40.792695" lon="-73.974858">
        <ele>24.6</ele>
        <time>2026-05-22T18:50:55.000Z</time>
      </trkpt>
      <trkpt lat="40.79269" lon="-73.97485">
        <ele>24.6</ele>
        <time>2026-05-22T18:50:56.000Z</time>
      </trkpt>
      <trkpt lat="40.792682" lon="-73.974838">
        <ele>24.8</ele>
        <time>2026-05-22T18:50:57.000Z</time>
      </trkpt>
      <trkpt lat="40.792676" lon="-73.97483">
        <ele>25</ele>
        <time>2026-05-22T18:50:58.000Z</time>
      </trkpt>
      <trkpt lat="40.79267" lon="-73.974822">
        <ele>25.2</ele>
        <time>2026-05-22T18:50:59.000Z</time>
      </trkpt>
      <trkpt lat="40.792665" lon="-73.974812">
        <ele>25.4</ele>
        <time>2026-05-22T18:51:00.000Z</time>
      </trkpt>
      <trkpt lat="40.792659" lon="-73.974802">
        <ele>25.4</ele>
        <time>2026-05-22T18:51:01.000Z</time>
      </trkpt>
      <trkpt lat="40.792654" lon="-73.974792">
        <ele>25.6</ele>
        <time>2026-05-22T18:51:02.000Z</time>
      </trkpt>
      <trkpt lat="40.792648" lon="-73.97478">
        <ele>25.8</ele>
        <time>2026-05-22T18:51:03.000Z</time>
      </trkpt>
      <trkpt lat="40.792643" lon="-73.974769">
        <ele>25.8</ele>
        <time>2026-05-22T18:51:04.000Z</time>
      </trkpt>
      <trkpt lat="40.792638" lon="-73.974757">
        <ele>26</ele>
        <time>2026-05-22T18:51:05.000Z</time>
      </trkpt>
      <trkpt lat="40.792632" lon="-73.974745">
        <ele>26</ele>
        <time>2026-05-22T18:51:06.000Z</time>
      </trkpt>
      <trkpt lat="40.792627" lon="-73.974733">
        <ele>26.2</ele>
        <time>2026-05-22T18:51:07.000Z</time>
      </trkpt>
      <trkpt lat="40.792621" lon="-73.97472">
        <ele>26.2</ele>
        <time>2026-05-22T18:51:08.000Z</time>
      </trkpt>
      <trkpt lat="40.792616" lon="-73.974707">
        <ele>26.4</ele>
        <time>2026-05-22T18:51:09.000Z</time>
      </trkpt>
      <trkpt lat="40.792611" lon="-73.974694">
        <ele>26.4</ele>
        <time>2026-05-22T18:51:10.000Z</time>
      </trkpt>
      <trkpt lat="40.792605" lon="-73.974681">
        <ele>26.6</ele>
        <time>2026-05-22T18:51:11.000Z</time>
      </trkpt>
      <trkpt lat="40.7926" lon="-73.974668">
        <ele>26.6</ele>
        <time>2026-05-22T18:51:12.000Z</time>
      </trkpt>
      <trkpt lat="40.792595" lon="-73.974654">
        <ele>26.6</ele>
        <time>2026-05-22T18:51:13.000Z</time>
      </trkpt>
      <trkpt lat="40.79259" lon="-73.974641">
        <ele>26.8</ele>
        <time>2026-05-22T18:51:14.000Z</time>
      </trkpt>
      <trkpt lat="40.792585" lon="-73.974627">
        <ele>26.8</ele>
        <time>2026-05-22T18:51:15.000Z</time>
      </trkpt>
      <trkpt lat="40.79258" lon="-73.974614">
        <ele>27</ele>
        <time>2026-05-22T18:51:16.000Z</time>
      </trkpt>
      <trkpt lat="40.792575" lon="-73.9746">
        <ele>27</ele>
        <time>2026-05-22T18:51:17.000Z</time>
      </trkpt>
      <trkpt lat="40.79257" lon="-73.974586">
        <ele>27</ele>
        <time>2026-05-22T18:51:18.000Z</time>
      </trkpt>
      <trkpt lat="40.792564" lon="-73.974573">
        <ele>27</ele>
        <time>2026-05-22T18:51:19.000Z</time>
      </trkpt>
      <trkpt lat="40.792558" lon="-73.974559">
        <ele>27.2</ele>
        <time>2026-05-22T18:51:20.000Z</time>
      </trkpt>
      <trkpt lat="40.792553" lon="-73.974545">
        <ele>27.2</ele>
        <time>2026-05-22T18:51:21.000Z</time>
      </trkpt>
      <trkpt lat="40.792547" lon="-73.974532">
        <ele>27.2</ele>
        <time>2026-05-22T18:51:22.000Z</time>
      </trkpt>
      <trkpt lat="40.792541" lon="-73.974519">
        <ele>27.2</ele>
        <time>2026-05-22T18:51:23.000Z</time>
      </trkpt>
      <trkpt lat="40.792535" lon="-73.974505">
        <ele>27.2</ele>
        <time>2026-05-22T18:51:24.000Z</time>
      </trkpt>
      <trkpt lat="40.792529" lon="-73.974492">
        <ele>27.4</ele>
        <time>2026-05-22T18:51:25.000Z</time>
      </trkpt>
      <trkpt lat="40.792523" lon="-73.974479">
        <ele>27.4</ele>
        <time>2026-05-22T18:51:26.000Z</time>
      </trkpt>
      <trkpt lat="40.792518" lon="-73.974466">
        <ele>27.4</ele>
        <time>2026-05-22T18:51:28.000Z</time>
      </trkpt>
      <trkpt lat="40.792512" lon="-73.974452">
        <ele>27.4</ele>
        <time>2026-05-22T18:51:29.000Z</time>
      </trkpt>
      <trkpt lat="40.792507" lon="-73.974439">
        <ele>27.4</ele>
        <time>2026-05-22T18:51:30.000Z</time>
      </trkpt>
      <trkpt lat="40.792501" lon="-73.974425">
        <ele>27.4</ele>
        <time>2026-05-22T18:51:31.000Z</time>
      </trkpt>
      <trkpt lat="40.792496" lon="-73.974412">
        <ele>27.6</ele>
        <time>2026-05-22T18:51:32.000Z</time>
      </trkpt>
      <trkpt lat="40.79249" lon="-73.974398">
        <ele>27.6</ele>
        <time>2026-05-22T18:51:33.000Z</time>
      </trkpt>
      <trkpt lat="40.792485" lon="-73.974384">
        <ele>27.6</ele>
        <time>2026-05-22T18:51:34.000Z</time>
      </trkpt>
      <trkpt lat="40.792479" lon="-73.974371">
        <ele>27.6</ele>
        <time>2026-05-22T18:51:35.000Z</time>
      </trkpt>
      <trkpt lat="40.792474" lon="-73.974357">
        <ele>27.8</ele>
        <time>2026-05-22T18:51:36.000Z</time>
      </trkpt>
      <trkpt lat="40.792468" lon="-73.974343">
        <ele>27.8</ele>
        <time>2026-05-22T18:51:37.000Z</time>
      </trkpt>
      <trkpt lat="40.792463" lon="-73.974329">
        <ele>27.8</ele>
        <time>2026-05-22T18:51:38.000Z</time>
      </trkpt>
      <trkpt lat="40.792457" lon="-73.974315">
        <ele>27.8</ele>
        <time>2026-05-22T18:51:39.000Z</time>
      </trkpt>
      <trkpt lat="40.792452" lon="-73.974301">
        <ele>28</ele>
        <time>2026-05-22T18:51:40.000Z</time>
      </trkpt>
      <trkpt lat="40.792446" lon="-73.974287">
        <ele>28</ele>
        <time>2026-05-22T18:51:41.000Z</time>
      </trkpt>
      <trkpt lat="40.79244" lon="-73.974272">
        <ele>28</ele>
        <time>2026-05-22T18:51:42.000Z</time>
      </trkpt>
      <trkpt lat="40.792434" lon="-73.974258">
        <ele>28.2</ele>
        <time>2026-05-22T18:51:43.000Z</time>
      </trkpt>
      <trkpt lat="40.792427" lon="-73.974245">
        <ele>28.2</ele>
        <time>2026-05-22T18:51:44.000Z</time>
      </trkpt>
      <trkpt lat="40.79242" lon="-73.974231">
        <ele>28.2</ele>
        <time>2026-05-22T18:51:45.000Z</time>
      </trkpt>
      <trkpt lat="40.792413" lon="-73.974218">
        <ele>28.4</ele>
        <time>2026-05-22T18:51:46.000Z</time>
      </trkpt>
      <trkpt lat="40.792406" lon="-73.974204">
        <ele>28.4</ele>
        <time>2026-05-22T18:51:47.000Z</time>
      </trkpt>
      <trkpt lat="40.792399" lon="-73.97419">
        <ele>28.4</ele>
        <time>2026-05-22T18:51:48.000Z</time>
      </trkpt>
      <trkpt lat="40.792392" lon="-73.974177">
        <ele>28.6</ele>
        <time>2026-05-22T18:51:49.000Z</time>
      </trkpt>
      <trkpt lat="40.792386" lon="-73.974163">
        <ele>28.6</ele>
        <time>2026-05-22T18:51:50.000Z</time>
      </trkpt>
      <trkpt lat="40.792379" lon="-73.97415">
        <ele>28.6</ele>
        <time>2026-05-22T18:51:51.000Z</time>
      </trkpt>
      <trkpt lat="40.792372" lon="-73.974136">
        <ele>28.6</ele>
        <time>2026-05-22T18:51:52.000Z</time>
      </trkpt>
      <trkpt lat="40.792366" lon="-73.974123">
        <ele>28.8</ele>
        <time>2026-05-22T18:51:53.000Z</time>
      </trkpt>
      <trkpt lat="40.792359" lon="-73.97411">
        <ele>28.8</ele>
        <time>2026-05-22T18:51:54.000Z</time>
      </trkpt>
      <trkpt lat="40.792353" lon="-73.974097">
        <ele>28.8</ele>
        <time>2026-05-22T18:51:55.000Z</time>
      </trkpt>
      <trkpt lat="40.792347" lon="-73.974084">
        <ele>29</ele>
        <time>2026-05-22T18:51:56.000Z</time>
      </trkpt>
      <trkpt lat="40.79234" lon="-73.974071">
        <ele>29</ele>
        <time>2026-05-22T18:51:57.000Z</time>
      </trkpt>
      <trkpt lat="40.792334" lon="-73.974057">
        <ele>29</ele>
        <time>2026-05-22T18:51:58.000Z</time>
      </trkpt>
      <trkpt lat="40.792328" lon="-73.974044">
        <ele>29</ele>
        <time>2026-05-22T18:51:59.000Z</time>
      </trkpt>
      <trkpt lat="40.792322" lon="-73.97403">
        <ele>29.2</ele>
        <time>2026-05-22T18:52:00.000Z</time>
      </trkpt>
      <trkpt lat="40.792316" lon="-73.974016">
        <ele>29.2</ele>
        <time>2026-05-22T18:52:01.000Z</time>
      </trkpt>
      <trkpt lat="40.79231" lon="-73.974003">
        <ele>29.2</ele>
        <time>2026-05-22T18:52:02.000Z</time>
      </trkpt>
      <trkpt lat="40.792304" lon="-73.973989">
        <ele>29.2</ele>
        <time>2026-05-22T18:52:03.000Z</time>
      </trkpt>
      <trkpt lat="40.792298" lon="-73.973975">
        <ele>29.2</ele>
        <time>2026-05-22T18:52:04.000Z</time>
      </trkpt>
      <trkpt lat="40.792292" lon="-73.973961">
        <ele>29.2</ele>
        <time>2026-05-22T18:52:05.000Z</time>
      </trkpt>
      <trkpt lat="40.792286" lon="-73.973947">
        <ele>29.4</ele>
        <time>2026-05-22T18:52:06.000Z</time>
      </trkpt>
      <trkpt lat="40.79228" lon="-73.973933">
        <ele>29.4</ele>
        <time>2026-05-22T18:52:07.000Z</time>
      </trkpt>
      <trkpt lat="40.792273" lon="-73.973919">
        <ele>29.4</ele>
        <time>2026-05-22T18:52:08.000Z</time>
      </trkpt>
      <trkpt lat="40.792267" lon="-73.973906">
        <ele>29.4</ele>
        <time>2026-05-22T18:52:09.000Z</time>
      </trkpt>
      <trkpt lat="40.792261" lon="-73.973892">
        <ele>29.4</ele>
        <time>2026-05-22T18:52:10.000Z</time>
      </trkpt>
      <trkpt lat="40.792255" lon="-73.973879">
        <ele>29.4</ele>
        <time>2026-05-22T18:52:11.000Z</time>
      </trkpt>
      <trkpt lat="40.792249" lon="-73.973865">
        <ele>29.4</ele>
        <time>2026-05-22T18:52:12.000Z</time>
      </trkpt>
      <trkpt lat="40.792244" lon="-73.973852">
        <ele>29.4</ele>
        <time>2026-05-22T18:52:13.000Z</time>
      </trkpt>
      <trkpt lat="40.792238" lon="-73.973838">
        <ele>29.4</ele>
        <time>2026-05-22T18:52:14.000Z</time>
      </trkpt>
      <trkpt lat="40.792232" lon="-73.973825">
        <ele>29.4</ele>
        <time>2026-05-22T18:52:15.000Z</time>
      </trkpt>
      <trkpt lat="40.792227" lon="-73.973811">
        <ele>29.4</ele>
        <time>2026-05-22T18:52:16.000Z</time>
      </trkpt>
      <trkpt lat="40.792221" lon="-73.973798">
        <ele>29.4</ele>
        <time>2026-05-22T18:52:17.000Z</time>
      </trkpt>
      <trkpt lat="40.792215" lon="-73.973785">
        <ele>29.4</ele>
        <time>2026-05-22T18:52:18.000Z</time>
      </trkpt>
      <trkpt lat="40.792209" lon="-73.973772">
        <ele>29.4</ele>
        <time>2026-05-22T18:52:19.000Z</time>
      </trkpt>
      <trkpt lat="40.792203" lon="-73.973759">
        <ele>29.2</ele>
        <time>2026-05-22T18:52:20.000Z</time>
      </trkpt>
      <trkpt lat="40.792197" lon="-73.973746">
        <ele>29.2</ele>
        <time>2026-05-22T18:52:21.000Z</time>
      </trkpt>
      <trkpt lat="40.792192" lon="-73.973733">
        <ele>29.2</ele>
        <time>2026-05-22T18:52:22.000Z</time>
      </trkpt>
      <trkpt lat="40.792186" lon="-73.97372">
        <ele>29.2</ele>
        <time>2026-05-22T18:52:23.000Z</time>
      </trkpt>
      <trkpt lat="40.792181" lon="-73.973707">
        <ele>29.2</ele>
        <time>2026-05-22T18:52:24.000Z</time>
      </trkpt>
      <trkpt lat="40.792176" lon="-73.973693">
        <ele>29.2</ele>
        <time>2026-05-22T18:52:25.000Z</time>
      </trkpt>
      <trkpt lat="40.792171" lon="-73.97368">
        <ele>29.2</ele>
        <time>2026-05-22T18:52:26.000Z</time>
      </trkpt>
      <trkpt lat="40.792165" lon="-73.973667">
        <ele>29.2</ele>
        <time>2026-05-22T18:52:27.000Z</time>
      </trkpt>
      <trkpt lat="40.79216" lon="-73.973653">
        <ele>29.2</ele>
        <time>2026-05-22T18:52:28.000Z</time>
      </trkpt>
      <trkpt lat="40.792155" lon="-73.97364">
        <ele>29.2</ele>
        <time>2026-05-22T18:52:29.000Z</time>
      </trkpt>
      <trkpt lat="40.792149" lon="-73.973627">
        <ele>29.2</ele>
        <time>2026-05-22T18:52:30.000Z</time>
      </trkpt>
      <trkpt lat="40.792143" lon="-73.973614">
        <ele>29.2</ele>
        <time>2026-05-22T18:52:31.000Z</time>
      </trkpt>
      <trkpt lat="40.792137" lon="-73.973601">
        <ele>29.2</ele>
        <time>2026-05-22T18:52:32.000Z</time>
      </trkpt>
      <trkpt lat="40.792131" lon="-73.973588">
        <ele>29.2</ele>
        <time>2026-05-22T18:52:33.000Z</time>
      </trkpt>
      <trkpt lat="40.792125" lon="-73.973575">
        <ele>29.2</ele>
        <time>2026-05-22T18:52:34.000Z</time>
      </trkpt>
      <trkpt lat="40.792118" lon="-73.973561">
        <ele>29.2</ele>
        <time>2026-05-22T18:52:35.000Z</time>
      </trkpt>
      <trkpt lat="40.792112" lon="-73.973548">
        <ele>29.2</ele>
        <time>2026-05-22T18:52:36.000Z</time>
      </trkpt>
      <trkpt lat="40.792106" lon="-73.973535">
        <ele>29.2</ele>
        <time>2026-05-22T18:52:37.000Z</time>
      </trkpt>
      <trkpt lat="40.7921" lon="-73.973522">
        <ele>29.2</ele>
        <time>2026-05-22T18:52:38.000Z</time>
      </trkpt>
      <trkpt lat="40.792094" lon="-73.973509">
        <ele>29.2</ele>
        <time>2026-05-22T18:52:39.000Z</time>
      </trkpt>
      <trkpt lat="40.792088" lon="-73.973496">
        <ele>29.2</ele>
        <time>2026-05-22T18:52:40.000Z</time>
      </trkpt>
      <trkpt lat="40.792083" lon="-73.973482">
        <ele>29.2</ele>
        <time>2026-05-22T18:52:41.000Z</time>
      </trkpt>
      <trkpt lat="40.792077" lon="-73.973469">
        <ele>29.2</ele>
        <time>2026-05-22T18:52:42.000Z</time>
      </trkpt>
      <trkpt lat="40.792072" lon="-73.973456">
        <ele>29.2</ele>
        <time>2026-05-22T18:52:43.000Z</time>
      </trkpt>
      <trkpt lat="40.792067" lon="-73.973443">
        <ele>29.2</ele>
        <time>2026-05-22T18:52:44.000Z</time>
      </trkpt>
      <trkpt lat="40.792061" lon="-73.973429">
        <ele>29.2</ele>
        <time>2026-05-22T18:52:45.000Z</time>
      </trkpt>
      <trkpt lat="40.792056" lon="-73.973416">
        <ele>29.2</ele>
        <time>2026-05-22T18:52:46.000Z</time>
      </trkpt>
      <trkpt lat="40.79205" lon="-73.973403">
        <ele>29.2</ele>
        <time>2026-05-22T18:52:47.000Z</time>
      </trkpt>
      <trkpt lat="40.792044" lon="-73.97339">
        <ele>29.2</ele>
        <time>2026-05-22T18:52:48.000Z</time>
      </trkpt>
      <trkpt lat="40.792039" lon="-73.973376">
        <ele>29.2</ele>
        <time>2026-05-22T18:52:49.000Z</time>
      </trkpt>
      <trkpt lat="40.792033" lon="-73.973363">
        <ele>29.2</ele>
        <time>2026-05-22T18:52:50.000Z</time>
      </trkpt>
      <trkpt lat="40.792028" lon="-73.97335">
        <ele>29.2</ele>
        <time>2026-05-22T18:52:51.000Z</time>
      </trkpt>
      <trkpt lat="40.792022" lon="-73.973337">
        <ele>29.4</ele>
        <time>2026-05-22T18:52:52.000Z</time>
      </trkpt>
      <trkpt lat="40.792016" lon="-73.973324">
        <ele>29.4</ele>
        <time>2026-05-22T18:52:53.000Z</time>
      </trkpt>
      <trkpt lat="40.792011" lon="-73.973311">
        <ele>29.4</ele>
        <time>2026-05-22T18:52:54.000Z</time>
      </trkpt>
      <trkpt lat="40.792005" lon="-73.973298">
        <ele>29.4</ele>
        <time>2026-05-22T18:52:55.000Z</time>
      </trkpt>
      <trkpt lat="40.792" lon="-73.973285">
        <ele>29.4</ele>
        <time>2026-05-22T18:52:56.000Z</time>
      </trkpt>
      <trkpt lat="40.791994" lon="-73.973272">
        <ele>29.6</ele>
        <time>2026-05-22T18:52:57.000Z</time>
      </trkpt>
      <trkpt lat="40.791989" lon="-73.973259">
        <ele>29.6</ele>
        <time>2026-05-22T18:52:58.000Z</time>
      </trkpt>
      <trkpt lat="40.791984" lon="-73.973247">
        <ele>29.6</ele>
        <time>2026-05-22T18:52:59.000Z</time>
      </trkpt>
      <trkpt lat="40.791979" lon="-73.973235">
        <ele>29.8</ele>
        <time>2026-05-22T18:53:00.000Z</time>
      </trkpt>
      <trkpt lat="40.791973" lon="-73.973222">
        <ele>29.8</ele>
        <time>2026-05-22T18:53:01.000Z</time>
      </trkpt>
      <trkpt lat="40.791968" lon="-73.973209">
        <ele>29.8</ele>
        <time>2026-05-22T18:53:02.000Z</time>
      </trkpt>
      <trkpt lat="40.791963" lon="-73.973196">
        <ele>30</ele>
        <time>2026-05-22T18:53:03.000Z</time>
      </trkpt>
      <trkpt lat="40.791958" lon="-73.973183">
        <ele>30</ele>
        <time>2026-05-22T18:53:04.000Z</time>
      </trkpt>
      <trkpt lat="40.791953" lon="-73.97317">
        <ele>30</ele>
        <time>2026-05-22T18:53:05.000Z</time>
      </trkpt>
      <trkpt lat="40.791947" lon="-73.973157">
        <ele>30</ele>
        <time>2026-05-22T18:53:06.000Z</time>
      </trkpt>
      <trkpt lat="40.791942" lon="-73.973144">
        <ele>30.2</ele>
        <time>2026-05-22T18:53:07.000Z</time>
      </trkpt>
      <trkpt lat="40.791937" lon="-73.973131">
        <ele>30.2</ele>
        <time>2026-05-22T18:53:08.000Z</time>
      </trkpt>
      <trkpt lat="40.791932" lon="-73.973118">
        <ele>30.2</ele>
        <time>2026-05-22T18:53:09.000Z</time>
      </trkpt>
      <trkpt lat="40.791926" lon="-73.973106">
        <ele>30.2</ele>
        <time>2026-05-22T18:53:10.000Z</time>
      </trkpt>
      <trkpt lat="40.791921" lon="-73.973093">
        <ele>30.4</ele>
        <time>2026-05-22T18:53:11.000Z</time>
      </trkpt>
      <trkpt lat="40.791916" lon="-73.97308">
        <ele>30.4</ele>
        <time>2026-05-22T18:53:12.000Z</time>
      </trkpt>
      <trkpt lat="40.791911" lon="-73.973068">
        <ele>30.4</ele>
        <time>2026-05-22T18:53:13.000Z</time>
      </trkpt>
      <trkpt lat="40.791906" lon="-73.973055">
        <ele>30.4</ele>
        <time>2026-05-22T18:53:14.000Z</time>
      </trkpt>
      <trkpt lat="40.791901" lon="-73.973042">
        <ele>30.6</ele>
        <time>2026-05-22T18:53:15.000Z</time>
      </trkpt>
      <trkpt lat="40.791896" lon="-73.97303">
        <ele>30.6</ele>
        <time>2026-05-22T18:53:16.000Z</time>
      </trkpt>
      <trkpt lat="40.791891" lon="-73.973017">
        <ele>30.6</ele>
        <time>2026-05-22T18:53:17.000Z</time>
      </trkpt>
      <trkpt lat="40.791886" lon="-73.973005">
        <ele>30.6</ele>
        <time>2026-05-22T18:53:18.000Z</time>
      </trkpt>
      <trkpt lat="40.79188" lon="-73.972992">
        <ele>30.8</ele>
        <time>2026-05-22T18:53:19.000Z</time>
      </trkpt>
      <trkpt lat="40.791875" lon="-73.97298">
        <ele>30.8</ele>
        <time>2026-05-22T18:53:20.000Z</time>
      </trkpt>
      <trkpt lat="40.791869" lon="-73.972968">
        <ele>30.8</ele>
        <time>2026-05-22T18:53:21.000Z</time>
      </trkpt>
      <trkpt lat="40.791864" lon="-73.972957">
        <ele>30.8</ele>
        <time>2026-05-22T18:53:22.000Z</time>
      </trkpt>
      <trkpt lat="40.791859" lon="-73.972946">
        <ele>31</ele>
        <time>2026-05-22T18:53:23.000Z</time>
      </trkpt>
      <trkpt lat="40.791854" lon="-73.972935">
        <ele>31</ele>
        <time>2026-05-22T18:53:24.000Z</time>
      </trkpt>
      <trkpt lat="40.791849" lon="-73.972925">
        <ele>31</ele>
        <time>2026-05-22T18:53:25.000Z</time>
      </trkpt>
      <trkpt lat="40.791845" lon="-73.972914">
        <ele>31</ele>
        <time>2026-05-22T18:53:26.000Z</time>
      </trkpt>
      <trkpt lat="40.79184" lon="-73.972904">
        <ele>31.2</ele>
        <time>2026-05-22T18:53:27.000Z</time>
      </trkpt>
      <trkpt lat="40.791834" lon="-73.972889">
        <ele>31.2</ele>
        <time>2026-05-22T18:53:28.000Z</time>
      </trkpt>
      <trkpt lat="40.791829" lon="-73.972878">
        <ele>31.2</ele>
        <time>2026-05-22T18:53:29.000Z</time>
      </trkpt>
      <trkpt lat="40.791825" lon="-73.972867">
        <ele>31.4</ele>
        <time>2026-05-22T18:53:30.000Z</time>
      </trkpt>
      <trkpt lat="40.79182" lon="-73.972855">
        <ele>31.4</ele>
        <time>2026-05-22T18:53:31.000Z</time>
      </trkpt>
      <trkpt lat="40.791815" lon="-73.972843">
        <ele>31.4</ele>
        <time>2026-05-22T18:53:32.000Z</time>
      </trkpt>
      <trkpt lat="40.79181" lon="-73.97283">
        <ele>31.4</ele>
        <time>2026-05-22T18:53:33.000Z</time>
      </trkpt>
      <trkpt lat="40.791805" lon="-73.972818">
        <ele>31.6</ele>
        <time>2026-05-22T18:53:34.000Z</time>
      </trkpt>
      <trkpt lat="40.7918" lon="-73.972804">
        <ele>31.6</ele>
        <time>2026-05-22T18:53:35.000Z</time>
      </trkpt>
      <trkpt lat="40.791795" lon="-73.972791">
        <ele>31.6</ele>
        <time>2026-05-22T18:53:36.000Z</time>
      </trkpt>
      <trkpt lat="40.79179" lon="-73.972778">
        <ele>31.8</ele>
        <time>2026-05-22T18:53:37.000Z</time>
      </trkpt>
      <trkpt lat="40.791784" lon="-73.972765">
        <ele>31.8</ele>
        <time>2026-05-22T18:53:38.000Z</time>
      </trkpt>
      <trkpt lat="40.791779" lon="-73.972752">
        <ele>31.8</ele>
        <time>2026-05-22T18:53:39.000Z</time>
      </trkpt>
      <trkpt lat="40.791774" lon="-73.972739">
        <ele>31.8</ele>
        <time>2026-05-22T18:53:40.000Z</time>
      </trkpt>
      <trkpt lat="40.791768" lon="-73.972726">
        <ele>32</ele>
        <time>2026-05-22T18:53:41.000Z</time>
      </trkpt>
      <trkpt lat="40.791762" lon="-73.972714">
        <ele>32</ele>
        <time>2026-05-22T18:53:42.000Z</time>
      </trkpt>
      <trkpt lat="40.791757" lon="-73.972702">
        <ele>32</ele>
        <time>2026-05-22T18:53:43.000Z</time>
      </trkpt>
      <trkpt lat="40.791752" lon="-73.972689">
        <ele>32</ele>
        <time>2026-05-22T18:53:44.000Z</time>
      </trkpt>
      <trkpt lat="40.791746" lon="-73.972677">
        <ele>32.2</ele>
        <time>2026-05-22T18:53:45.000Z</time>
      </trkpt>
      <trkpt lat="40.791741" lon="-73.972664">
        <ele>32.2</ele>
        <time>2026-05-22T18:53:46.000Z</time>
      </trkpt>
      <trkpt lat="40.791736" lon="-73.972652">
        <ele>32.2</ele>
        <time>2026-05-22T18:53:47.000Z</time>
      </trkpt>
      <trkpt lat="40.79173" lon="-73.972639">
        <ele>32.2</ele>
        <time>2026-05-22T18:53:48.000Z</time>
      </trkpt>
      <trkpt lat="40.791725" lon="-73.972625">
        <ele>32.4</ele>
        <time>2026-05-22T18:53:49.000Z</time>
      </trkpt>
      <trkpt lat="40.79172" lon="-73.972611">
        <ele>32.4</ele>
        <time>2026-05-22T18:53:50.000Z</time>
      </trkpt>
      <trkpt lat="40.791714" lon="-73.972597">
        <ele>32.4</ele>
        <time>2026-05-22T18:53:51.000Z</time>
      </trkpt>
      <trkpt lat="40.791709" lon="-73.972582">
        <ele>32.4</ele>
        <time>2026-05-22T18:53:52.000Z</time>
      </trkpt>
      <trkpt lat="40.791703" lon="-73.972568">
        <ele>32.4</ele>
        <time>2026-05-22T18:53:53.000Z</time>
      </trkpt>
      <trkpt lat="40.791697" lon="-73.972552">
        <ele>32.4</ele>
        <time>2026-05-22T18:53:54.000Z</time>
      </trkpt>
      <trkpt lat="40.791692" lon="-73.972537">
        <ele>32.6</ele>
        <time>2026-05-22T18:53:55.000Z</time>
      </trkpt>
      <trkpt lat="40.791686" lon="-73.972522">
        <ele>32.6</ele>
        <time>2026-05-22T18:53:56.000Z</time>
      </trkpt>
      <trkpt lat="40.79168" lon="-73.972507">
        <ele>32.6</ele>
        <time>2026-05-22T18:53:57.000Z</time>
      </trkpt>
      <trkpt lat="40.791674" lon="-73.972492">
        <ele>32.6</ele>
        <time>2026-05-22T18:53:58.000Z</time>
      </trkpt>
      <trkpt lat="40.791669" lon="-73.972477">
        <ele>32.6</ele>
        <time>2026-05-22T18:53:59.000Z</time>
      </trkpt>
      <trkpt lat="40.791662" lon="-73.972462">
        <ele>32.6</ele>
        <time>2026-05-22T18:54:00.000Z</time>
      </trkpt>
      <trkpt lat="40.791656" lon="-73.972447">
        <ele>32.8</ele>
        <time>2026-05-22T18:54:01.000Z</time>
      </trkpt>
      <trkpt lat="40.79165" lon="-73.972433">
        <ele>32.8</ele>
        <time>2026-05-22T18:54:02.000Z</time>
      </trkpt>
      <trkpt lat="40.791643" lon="-73.97242">
        <ele>32.8</ele>
        <time>2026-05-22T18:54:03.000Z</time>
      </trkpt>
      <trkpt lat="40.791637" lon="-73.972408">
        <ele>32.8</ele>
        <time>2026-05-22T18:54:04.000Z</time>
      </trkpt>
      <trkpt lat="40.79163" lon="-73.972397">
        <ele>32.8</ele>
        <time>2026-05-22T18:54:05.000Z</time>
      </trkpt>
      <trkpt lat="40.791622" lon="-73.972388">
        <ele>32.8</ele>
        <time>2026-05-22T18:54:06.000Z</time>
      </trkpt>
      <trkpt lat="40.791615" lon="-73.97238">
        <ele>33</ele>
        <time>2026-05-22T18:54:07.000Z</time>
      </trkpt>
      <trkpt lat="40.791607" lon="-73.972374">
        <ele>33</ele>
        <time>2026-05-22T18:54:08.000Z</time>
      </trkpt>
      <trkpt lat="40.791599" lon="-73.97237">
        <ele>33</ele>
        <time>2026-05-22T18:54:09.000Z</time>
      </trkpt>
      <trkpt lat="40.79159" lon="-73.972367">
        <ele>33</ele>
        <time>2026-05-22T18:54:10.000Z</time>
      </trkpt>
      <trkpt lat="40.791581" lon="-73.972367">
        <ele>33</ele>
        <time>2026-05-22T18:54:11.000Z</time>
      </trkpt>
      <trkpt lat="40.791572" lon="-73.972367">
        <ele>33</ele>
        <time>2026-05-22T18:54:12.000Z</time>
      </trkpt>
      <trkpt lat="40.791563" lon="-73.972368">
        <ele>33</ele>
        <time>2026-05-22T18:54:13.000Z</time>
      </trkpt>
      <trkpt lat="40.791554" lon="-73.972369">
        <ele>33</ele>
        <time>2026-05-22T18:54:14.000Z</time>
      </trkpt>
      <trkpt lat="40.791544" lon="-73.972369">
        <ele>33</ele>
        <time>2026-05-22T18:54:15.000Z</time>
      </trkpt>
      <trkpt lat="40.791535" lon="-73.972369">
        <ele>33</ele>
        <time>2026-05-22T18:54:16.000Z</time>
      </trkpt>
      <trkpt lat="40.791526" lon="-73.972368">
        <ele>33</ele>
        <time>2026-05-22T18:54:17.000Z</time>
      </trkpt>
      <trkpt lat="40.791518" lon="-73.972366">
        <ele>33</ele>
        <time>2026-05-22T18:54:18.000Z</time>
      </trkpt>
      <trkpt lat="40.791508" lon="-73.97236">
        <ele>33</ele>
        <time>2026-05-22T18:54:20.000Z</time>
      </trkpt>
      <trkpt lat="40.791501" lon="-73.972354">
        <ele>33</ele>
        <time>2026-05-22T18:54:21.000Z</time>
      </trkpt>
      <trkpt lat="40.791494" lon="-73.972347">
        <ele>33</ele>
        <time>2026-05-22T18:54:22.000Z</time>
      </trkpt>
      <trkpt lat="40.791488" lon="-73.972339">
        <ele>33</ele>
        <time>2026-05-22T18:54:23.000Z</time>
      </trkpt>
      <trkpt lat="40.791482" lon="-73.972329">
        <ele>33</ele>
        <time>2026-05-22T18:54:24.000Z</time>
      </trkpt>
      <trkpt lat="40.791477" lon="-73.972319">
        <ele>33</ele>
        <time>2026-05-22T18:54:25.000Z</time>
      </trkpt>
      <trkpt lat="40.791471" lon="-73.972308">
        <ele>33</ele>
        <time>2026-05-22T18:54:26.000Z</time>
      </trkpt>
      <trkpt lat="40.791465" lon="-73.972297">
        <ele>33</ele>
        <time>2026-05-22T18:54:27.000Z</time>
      </trkpt>
      <trkpt lat="40.79146" lon="-73.972285">
        <ele>33.2</ele>
        <time>2026-05-22T18:54:28.000Z</time>
      </trkpt>
      <trkpt lat="40.791454" lon="-73.972274">
        <ele>33.2</ele>
        <time>2026-05-22T18:54:29.000Z</time>
      </trkpt>
      <trkpt lat="40.791449" lon="-73.972263">
        <ele>33.2</ele>
        <time>2026-05-22T18:54:30.000Z</time>
      </trkpt>
      <trkpt lat="40.791443" lon="-73.972253">
        <ele>33.2</ele>
        <time>2026-05-22T18:54:31.000Z</time>
      </trkpt>
      <trkpt lat="40.791438" lon="-73.972243">
        <ele>33.2</ele>
        <time>2026-05-22T18:54:32.000Z</time>
      </trkpt>
      <trkpt lat="40.791432" lon="-73.972234">
        <ele>33.2</ele>
        <time>2026-05-22T18:54:33.000Z</time>
      </trkpt>
      <trkpt lat="40.791425" lon="-73.972226">
        <ele>33.2</ele>
        <time>2026-05-22T18:54:34.000Z</time>
      </trkpt>
      <trkpt lat="40.791419" lon="-73.972219">
        <ele>33.2</ele>
        <time>2026-05-22T18:54:35.000Z</time>
      </trkpt>
      <trkpt lat="40.791412" lon="-73.972213">
        <ele>33.2</ele>
        <time>2026-05-22T18:54:36.000Z</time>
      </trkpt>
      <trkpt lat="40.791406" lon="-73.972208">
        <ele>33.2</ele>
        <time>2026-05-22T18:54:37.000Z</time>
      </trkpt>
      <trkpt lat="40.791398" lon="-73.972205">
        <ele>33.2</ele>
        <time>2026-05-22T18:54:38.000Z</time>
      </trkpt>
      <trkpt lat="40.791391" lon="-73.972204">
        <ele>33.2</ele>
        <time>2026-05-22T18:54:39.000Z</time>
      </trkpt>
      <trkpt lat="40.791384" lon="-73.972205">
        <ele>33.4</ele>
        <time>2026-05-22T18:54:40.000Z</time>
      </trkpt>
      <trkpt lat="40.791378" lon="-73.972206">
        <ele>33.4</ele>
        <time>2026-05-22T18:54:41.000Z</time>
      </trkpt>
      <trkpt lat="40.79137" lon="-73.972209">
        <ele>33.4</ele>
        <time>2026-05-22T18:54:42.000Z</time>
      </trkpt>
      <trkpt lat="40.791362" lon="-73.972213">
        <ele>33.4</ele>
        <time>2026-05-22T18:54:43.000Z</time>
      </trkpt>
      <trkpt lat="40.791353" lon="-73.972218">
        <ele>33.4</ele>
        <time>2026-05-22T18:54:44.000Z</time>
      </trkpt>
      <trkpt lat="40.791345" lon="-73.972223">
        <ele>33.4</ele>
        <time>2026-05-22T18:54:45.000Z</time>
      </trkpt>
      <trkpt lat="40.791337" lon="-73.972229">
        <ele>33.4</ele>
        <time>2026-05-22T18:54:46.000Z</time>
      </trkpt>
      <trkpt lat="40.791328" lon="-73.972235">
        <ele>33.6</ele>
        <time>2026-05-22T18:54:47.000Z</time>
      </trkpt>
      <trkpt lat="40.791319" lon="-73.972241">
        <ele>33.6</ele>
        <time>2026-05-22T18:54:48.000Z</time>
      </trkpt>
      <trkpt lat="40.791311" lon="-73.972247">
        <ele>33.6</ele>
        <time>2026-05-22T18:54:49.000Z</time>
      </trkpt>
      <trkpt lat="40.791302" lon="-73.972253">
        <ele>33.6</ele>
        <time>2026-05-22T18:54:50.000Z</time>
      </trkpt>
      <trkpt lat="40.791293" lon="-73.972259">
        <ele>33.6</ele>
        <time>2026-05-22T18:54:51.000Z</time>
      </trkpt>
      <trkpt lat="40.791283" lon="-73.972266">
        <ele>33.6</ele>
        <time>2026-05-22T18:54:52.000Z</time>
      </trkpt>
      <trkpt lat="40.791274" lon="-73.972273">
        <ele>33.6</ele>
        <time>2026-05-22T18:54:53.000Z</time>
      </trkpt>
      <trkpt lat="40.791264" lon="-73.97228">
        <ele>33.6</ele>
        <time>2026-05-22T18:54:54.000Z</time>
      </trkpt>
      <trkpt lat="40.791255" lon="-73.972288">
        <ele>33.6</ele>
        <time>2026-05-22T18:54:55.000Z</time>
      </trkpt>
      <trkpt lat="40.791246" lon="-73.972296">
        <ele>33.6</ele>
        <time>2026-05-22T18:54:56.000Z</time>
      </trkpt>
      <trkpt lat="40.791237" lon="-73.972304">
        <ele>33.6</ele>
        <time>2026-05-22T18:54:57.000Z</time>
      </trkpt>
      <trkpt lat="40.791228" lon="-73.972313">
        <ele>33.6</ele>
        <time>2026-05-22T18:54:58.000Z</time>
      </trkpt>
      <trkpt lat="40.791218" lon="-73.972321">
        <ele>33.6</ele>
        <time>2026-05-22T18:54:59.000Z</time>
      </trkpt>
      <trkpt lat="40.791209" lon="-73.97233">
        <ele>33.6</ele>
        <time>2026-05-22T18:55:00.000Z</time>
      </trkpt>
      <trkpt lat="40.7912" lon="-73.972339">
        <ele>33.6</ele>
        <time>2026-05-22T18:55:01.000Z</time>
      </trkpt>
      <trkpt lat="40.79119" lon="-73.972348">
        <ele>33.6</ele>
        <time>2026-05-22T18:55:02.000Z</time>
      </trkpt>
      <trkpt lat="40.791181" lon="-73.972357">
        <ele>33.6</ele>
        <time>2026-05-22T18:55:03.000Z</time>
      </trkpt>
      <trkpt lat="40.791171" lon="-73.972367">
        <ele>33.6</ele>
        <time>2026-05-22T18:55:04.000Z</time>
      </trkpt>
      <trkpt lat="40.791161" lon="-73.972376">
        <ele>33.6</ele>
        <time>2026-05-22T18:55:05.000Z</time>
      </trkpt>
      <trkpt lat="40.79115" lon="-73.972385">
        <ele>33.6</ele>
        <time>2026-05-22T18:55:06.000Z</time>
      </trkpt>
      <trkpt lat="40.79114" lon="-73.972395">
        <ele>33.4</ele>
        <time>2026-05-22T18:55:07.000Z</time>
      </trkpt>
      <trkpt lat="40.791129" lon="-73.972404">
        <ele>33.4</ele>
        <time>2026-05-22T18:55:08.000Z</time>
      </trkpt>
      <trkpt lat="40.791118" lon="-73.972413">
        <ele>33.4</ele>
        <time>2026-05-22T18:55:09.000Z</time>
      </trkpt>
      <trkpt lat="40.791106" lon="-73.972422">
        <ele>33.4</ele>
        <time>2026-05-22T18:55:10.000Z</time>
      </trkpt>
      <trkpt lat="40.791095" lon="-73.972431">
        <ele>33.4</ele>
        <time>2026-05-22T18:55:11.000Z</time>
      </trkpt>
      <trkpt lat="40.791083" lon="-73.97244">
        <ele>33.4</ele>
        <time>2026-05-22T18:55:12.000Z</time>
      </trkpt>
      <trkpt lat="40.791072" lon="-73.972448">
        <ele>33.4</ele>
        <time>2026-05-22T18:55:13.000Z</time>
      </trkpt>
      <trkpt lat="40.79106" lon="-73.972457">
        <ele>33.4</ele>
        <time>2026-05-22T18:55:14.000Z</time>
      </trkpt>
      <trkpt lat="40.791049" lon="-73.972465">
        <ele>33.4</ele>
        <time>2026-05-22T18:55:15.000Z</time>
      </trkpt>
      <trkpt lat="40.791038" lon="-73.972473">
        <ele>33.4</ele>
        <time>2026-05-22T18:55:16.000Z</time>
      </trkpt>
      <trkpt lat="40.791026" lon="-73.972481">
        <ele>33.4</ele>
        <time>2026-05-22T18:55:17.000Z</time>
      </trkpt>
      <trkpt lat="40.791015" lon="-73.972489">
        <ele>33.4</ele>
        <time>2026-05-22T18:55:18.000Z</time>
      </trkpt>
      <trkpt lat="40.791004" lon="-73.972497">
        <ele>33.2</ele>
        <time>2026-05-22T18:55:19.000Z</time>
      </trkpt>
      <trkpt lat="40.790994" lon="-73.972505">
        <ele>33.2</ele>
        <time>2026-05-22T18:55:20.000Z</time>
      </trkpt>
      <trkpt lat="40.790983" lon="-73.972512">
        <ele>33.2</ele>
        <time>2026-05-22T18:55:21.000Z</time>
      </trkpt>
      <trkpt lat="40.790973" lon="-73.97252">
        <ele>33</ele>
        <time>2026-05-22T18:55:22.000Z</time>
      </trkpt>
      <trkpt lat="40.790963" lon="-73.972527">
        <ele>33</ele>
        <time>2026-05-22T18:55:23.000Z</time>
      </trkpt>
      <trkpt lat="40.790952" lon="-73.972535">
        <ele>33</ele>
        <time>2026-05-22T18:55:24.000Z</time>
      </trkpt>
      <trkpt lat="40.790942" lon="-73.972542">
        <ele>32.8</ele>
        <time>2026-05-22T18:55:25.000Z</time>
      </trkpt>
      <trkpt lat="40.790933" lon="-73.972549">
        <ele>32.8</ele>
        <time>2026-05-22T18:55:26.000Z</time>
      </trkpt>
      <trkpt lat="40.790923" lon="-73.972555">
        <ele>32.6</ele>
        <time>2026-05-22T18:55:27.000Z</time>
      </trkpt>
      <trkpt lat="40.790914" lon="-73.972562">
        <ele>32.6</ele>
        <time>2026-05-22T18:55:28.000Z</time>
      </trkpt>
      <trkpt lat="40.790904" lon="-73.972568">
        <ele>32.4</ele>
        <time>2026-05-22T18:55:29.000Z</time>
      </trkpt>
      <trkpt lat="40.790896" lon="-73.972574">
        <ele>32.4</ele>
        <time>2026-05-22T18:55:30.000Z</time>
      </trkpt>
      <trkpt lat="40.790887" lon="-73.97258">
        <ele>32.2</ele>
        <time>2026-05-22T18:55:31.000Z</time>
      </trkpt>
      <trkpt lat="40.790879" lon="-73.972585">
        <ele>32.2</ele>
        <time>2026-05-22T18:55:32.000Z</time>
      </trkpt>
      <trkpt lat="40.79087" lon="-73.972591">
        <ele>32.2</ele>
        <time>2026-05-22T18:55:33.000Z</time>
      </trkpt>
      <trkpt lat="40.790862" lon="-73.972596">
        <ele>32.2</ele>
        <time>2026-05-22T18:55:34.000Z</time>
      </trkpt>
      <trkpt lat="40.790854" lon="-73.972602">
        <ele>32.2</ele>
        <time>2026-05-22T18:55:35.000Z</time>
      </trkpt>
      <trkpt lat="40.790845" lon="-73.972608">
        <ele>32.2</ele>
        <time>2026-05-22T18:55:36.000Z</time>
      </trkpt>
      <trkpt lat="40.790837" lon="-73.972615">
        <ele>32</ele>
        <time>2026-05-22T18:55:37.000Z</time>
      </trkpt>
      <trkpt lat="40.790828" lon="-73.972622">
        <ele>32</ele>
        <time>2026-05-22T18:55:38.000Z</time>
      </trkpt>
      <trkpt lat="40.790819" lon="-73.972629">
        <ele>32</ele>
        <time>2026-05-22T18:55:39.000Z</time>
      </trkpt>
      <trkpt lat="40.790809" lon="-73.972636">
        <ele>32</ele>
        <time>2026-05-22T18:55:40.000Z</time>
      </trkpt>
      <trkpt lat="40.7908" lon="-73.972643">
        <ele>32</ele>
        <time>2026-05-22T18:55:41.000Z</time>
      </trkpt>
      <trkpt lat="40.790791" lon="-73.97265">
        <ele>32</ele>
        <time>2026-05-22T18:55:42.000Z</time>
      </trkpt>
      <trkpt lat="40.790781" lon="-73.972658">
        <ele>32</ele>
        <time>2026-05-22T18:55:43.000Z</time>
      </trkpt>
      <trkpt lat="40.790771" lon="-73.972666">
        <ele>31.8</ele>
        <time>2026-05-22T18:55:44.000Z</time>
      </trkpt>
      <trkpt lat="40.790761" lon="-73.972673">
        <ele>31.8</ele>
        <time>2026-05-22T18:55:45.000Z</time>
      </trkpt>
      <trkpt lat="40.790751" lon="-73.972681">
        <ele>31.8</ele>
        <time>2026-05-22T18:55:46.000Z</time>
      </trkpt>
      <trkpt lat="40.790741" lon="-73.972688">
        <ele>31.8</ele>
        <time>2026-05-22T18:55:47.000Z</time>
      </trkpt>
      <trkpt lat="40.790731" lon="-73.972696">
        <ele>31.8</ele>
        <time>2026-05-22T18:55:48.000Z</time>
      </trkpt>
      <trkpt lat="40.790721" lon="-73.972703">
        <ele>31.8</ele>
        <time>2026-05-22T18:55:49.000Z</time>
      </trkpt>
      <trkpt lat="40.790711" lon="-73.97271">
        <ele>31.8</ele>
        <time>2026-05-22T18:55:50.000Z</time>
      </trkpt>
      <trkpt lat="40.790701" lon="-73.972717">
        <ele>31.6</ele>
        <time>2026-05-22T18:55:51.000Z</time>
      </trkpt>
      <trkpt lat="40.790691" lon="-73.972724">
        <ele>31.6</ele>
        <time>2026-05-22T18:55:52.000Z</time>
      </trkpt>
      <trkpt lat="40.790681" lon="-73.972731">
        <ele>31.6</ele>
        <time>2026-05-22T18:55:53.000Z</time>
      </trkpt>
      <trkpt lat="40.790671" lon="-73.972738">
        <ele>31.6</ele>
        <time>2026-05-22T18:55:54.000Z</time>
      </trkpt>
      <trkpt lat="40.790661" lon="-73.972745">
        <ele>31.6</ele>
        <time>2026-05-22T18:55:55.000Z</time>
      </trkpt>
      <trkpt lat="40.790651" lon="-73.972752">
        <ele>31.6</ele>
        <time>2026-05-22T18:55:56.000Z</time>
      </trkpt>
      <trkpt lat="40.790641" lon="-73.972759">
        <ele>31.6</ele>
        <time>2026-05-22T18:55:57.000Z</time>
      </trkpt>
      <trkpt lat="40.790631" lon="-73.972766">
        <ele>31.6</ele>
        <time>2026-05-22T18:55:58.000Z</time>
      </trkpt>
      <trkpt lat="40.790621" lon="-73.972774">
        <ele>31.4</ele>
        <time>2026-05-22T18:55:59.000Z</time>
      </trkpt>
      <trkpt lat="40.790611" lon="-73.972781">
        <ele>31.4</ele>
        <time>2026-05-22T18:56:00.000Z</time>
      </trkpt>
      <trkpt lat="40.790601" lon="-73.972788">
        <ele>31.4</ele>
        <time>2026-05-22T18:56:01.000Z</time>
      </trkpt>
      <trkpt lat="40.790587" lon="-73.972799">
        <ele>31.4</ele>
        <time>2026-05-22T18:56:02.000Z</time>
      </trkpt>
      <trkpt lat="40.790582" lon="-73.972803">
        <ele>31.4</ele>
        <time>2026-05-22T18:56:03.000Z</time>
      </trkpt>
      <trkpt lat="40.790572" lon="-73.97281">
        <ele>31.4</ele>
        <time>2026-05-22T18:56:04.000Z</time>
      </trkpt>
      <trkpt lat="40.790562" lon="-73.972817">
        <ele>31.4</ele>
        <time>2026-05-22T18:56:05.000Z</time>
      </trkpt>
      <trkpt lat="40.790552" lon="-73.972824">
        <ele>31.4</ele>
        <time>2026-05-22T18:56:06.000Z</time>
      </trkpt>
      <trkpt lat="40.790542" lon="-73.972831">
        <ele>31.2</ele>
        <time>2026-05-22T18:56:07.000Z</time>
      </trkpt>
      <trkpt lat="40.790532" lon="-73.972837">
        <ele>31.2</ele>
        <time>2026-05-22T18:56:08.000Z</time>
      </trkpt>
      <trkpt lat="40.790522" lon="-73.972844">
        <ele>31.2</ele>
        <time>2026-05-22T18:56:09.000Z</time>
      </trkpt>
      <trkpt lat="40.790513" lon="-73.972851">
        <ele>31.2</ele>
        <time>2026-05-22T18:56:10.000Z</time>
      </trkpt>
      <trkpt lat="40.790503" lon="-73.972858">
        <ele>31.2</ele>
        <time>2026-05-22T18:56:11.000Z</time>
      </trkpt>
      <trkpt lat="40.790493" lon="-73.972864">
        <ele>31.2</ele>
        <time>2026-05-22T18:56:12.000Z</time>
      </trkpt>
      <trkpt lat="40.790484" lon="-73.972871">
        <ele>31.2</ele>
        <time>2026-05-22T18:56:13.000Z</time>
      </trkpt>
      <trkpt lat="40.790474" lon="-73.972877">
        <ele>31.2</ele>
        <time>2026-05-22T18:56:14.000Z</time>
      </trkpt>
      <trkpt lat="40.790464" lon="-73.972884">
        <ele>31.2</ele>
        <time>2026-05-22T18:56:15.000Z</time>
      </trkpt>
      <trkpt lat="40.790455" lon="-73.972891">
        <ele>31</ele>
        <time>2026-05-22T18:56:16.000Z</time>
      </trkpt>
      <trkpt lat="40.790445" lon="-73.972898">
        <ele>31</ele>
        <time>2026-05-22T18:56:17.000Z</time>
      </trkpt>
      <trkpt lat="40.790435" lon="-73.972905">
        <ele>31</ele>
        <time>2026-05-22T18:56:18.000Z</time>
      </trkpt>
      <trkpt lat="40.790425" lon="-73.972912">
        <ele>31</ele>
        <time>2026-05-22T18:56:19.000Z</time>
      </trkpt>
      <trkpt lat="40.790416" lon="-73.97292">
        <ele>31</ele>
        <time>2026-05-22T18:56:20.000Z</time>
      </trkpt>
      <trkpt lat="40.790406" lon="-73.972927">
        <ele>31.2</ele>
        <time>2026-05-22T18:56:21.000Z</time>
      </trkpt>
      <trkpt lat="40.790396" lon="-73.972934">
        <ele>31.2</ele>
        <time>2026-05-22T18:56:22.000Z</time>
      </trkpt>
      <trkpt lat="40.790387" lon="-73.972941">
        <ele>31.2</ele>
        <time>2026-05-22T18:56:23.000Z</time>
      </trkpt>
      <trkpt lat="40.790377" lon="-73.972948">
        <ele>31.2</ele>
        <time>2026-05-22T18:56:24.000Z</time>
      </trkpt>
      <trkpt lat="40.790368" lon="-73.972955">
        <ele>31.2</ele>
        <time>2026-05-22T18:56:25.000Z</time>
      </trkpt>
      <trkpt lat="40.790359" lon="-73.972962">
        <ele>31.2</ele>
        <time>2026-05-22T18:56:26.000Z</time>
      </trkpt>
      <trkpt lat="40.79035" lon="-73.972969">
        <ele>31.4</ele>
        <time>2026-05-22T18:56:27.000Z</time>
      </trkpt>
      <trkpt lat="40.790341" lon="-73.972976">
        <ele>31.4</ele>
        <time>2026-05-22T18:56:28.000Z</time>
      </trkpt>
      <trkpt lat="40.790332" lon="-73.972983">
        <ele>31.4</ele>
        <time>2026-05-22T18:56:29.000Z</time>
      </trkpt>
      <trkpt lat="40.790322" lon="-73.97299">
        <ele>31.4</ele>
        <time>2026-05-22T18:56:30.000Z</time>
      </trkpt>
      <trkpt lat="40.790313" lon="-73.972997">
        <ele>31.4</ele>
        <time>2026-05-22T18:56:31.000Z</time>
      </trkpt>
      <trkpt lat="40.790303" lon="-73.973004">
        <ele>31.4</ele>
        <time>2026-05-22T18:56:32.000Z</time>
      </trkpt>
      <trkpt lat="40.790294" lon="-73.973011">
        <ele>31.6</ele>
        <time>2026-05-22T18:56:33.000Z</time>
      </trkpt>
      <trkpt lat="40.790284" lon="-73.973017">
        <ele>31.6</ele>
        <time>2026-05-22T18:56:34.000Z</time>
      </trkpt>
      <trkpt lat="40.790275" lon="-73.973024">
        <ele>31.6</ele>
        <time>2026-05-22T18:56:35.000Z</time>
      </trkpt>
      <trkpt lat="40.790266" lon="-73.973031">
        <ele>31.6</ele>
        <time>2026-05-22T18:56:36.000Z</time>
      </trkpt>
      <trkpt lat="40.790256" lon="-73.973038">
        <ele>31.6</ele>
        <time>2026-05-22T18:56:37.000Z</time>
      </trkpt>
      <trkpt lat="40.790247" lon="-73.973045">
        <ele>31.6</ele>
        <time>2026-05-22T18:56:38.000Z</time>
      </trkpt>
      <trkpt lat="40.790238" lon="-73.973053">
        <ele>31.6</ele>
        <time>2026-05-22T18:56:39.000Z</time>
      </trkpt>
      <trkpt lat="40.790228" lon="-73.97306">
        <ele>31.6</ele>
        <time>2026-05-22T18:56:40.000Z</time>
      </trkpt>
      <trkpt lat="40.790218" lon="-73.973068">
        <ele>31.6</ele>
        <time>2026-05-22T18:56:41.000Z</time>
      </trkpt>
      <trkpt lat="40.790209" lon="-73.973075">
        <ele>31.6</ele>
        <time>2026-05-22T18:56:42.000Z</time>
      </trkpt>
      <trkpt lat="40.790199" lon="-73.973083">
        <ele>31.6</ele>
        <time>2026-05-22T18:56:43.000Z</time>
      </trkpt>
      <trkpt lat="40.790188" lon="-73.973091">
        <ele>31.6</ele>
        <time>2026-05-22T18:56:44.000Z</time>
      </trkpt>
      <trkpt lat="40.790178" lon="-73.973098">
        <ele>31.6</ele>
        <time>2026-05-22T18:56:45.000Z</time>
      </trkpt>
      <trkpt lat="40.790168" lon="-73.973106">
        <ele>31.6</ele>
        <time>2026-05-22T18:56:46.000Z</time>
      </trkpt>
      <trkpt lat="40.790157" lon="-73.973113">
        <ele>31.6</ele>
        <time>2026-05-22T18:56:47.000Z</time>
      </trkpt>
      <trkpt lat="40.790147" lon="-73.973121">
        <ele>31.6</ele>
        <time>2026-05-22T18:56:48.000Z</time>
      </trkpt>
      <trkpt lat="40.790136" lon="-73.973128">
        <ele>31.6</ele>
        <time>2026-05-22T18:56:49.000Z</time>
      </trkpt>
      <trkpt lat="40.790126" lon="-73.973135">
        <ele>31.6</ele>
        <time>2026-05-22T18:56:50.000Z</time>
      </trkpt>
      <trkpt lat="40.790116" lon="-73.973143">
        <ele>31.6</ele>
        <time>2026-05-22T18:56:51.000Z</time>
      </trkpt>
      <trkpt lat="40.790106" lon="-73.97315">
        <ele>31.6</ele>
        <time>2026-05-22T18:56:52.000Z</time>
      </trkpt>
      <trkpt lat="40.790096" lon="-73.973157">
        <ele>31.6</ele>
        <time>2026-05-22T18:56:53.000Z</time>
      </trkpt>
      <trkpt lat="40.790086" lon="-73.973164">
        <ele>31.6</ele>
        <time>2026-05-22T18:56:54.000Z</time>
      </trkpt>
      <trkpt lat="40.790076" lon="-73.973171">
        <ele>31.6</ele>
        <time>2026-05-22T18:56:55.000Z</time>
      </trkpt>
      <trkpt lat="40.790066" lon="-73.973179">
        <ele>31.6</ele>
        <time>2026-05-22T18:56:56.000Z</time>
      </trkpt>
      <trkpt lat="40.790056" lon="-73.973186">
        <ele>31.6</ele>
        <time>2026-05-22T18:56:57.000Z</time>
      </trkpt>
      <trkpt lat="40.790046" lon="-73.973192">
        <ele>31.6</ele>
        <time>2026-05-22T18:56:58.000Z</time>
      </trkpt>
      <trkpt lat="40.790037" lon="-73.973199">
        <ele>31.6</ele>
        <time>2026-05-22T18:56:59.000Z</time>
      </trkpt>
      <trkpt lat="40.790028" lon="-73.973206">
        <ele>31.4</ele>
        <time>2026-05-22T18:57:00.000Z</time>
      </trkpt>
      <trkpt lat="40.790019" lon="-73.973212">
        <ele>31.4</ele>
        <time>2026-05-22T18:57:01.000Z</time>
      </trkpt>
      <trkpt lat="40.79001" lon="-73.973219">
        <ele>31.4</ele>
        <time>2026-05-22T18:57:02.000Z</time>
      </trkpt>
      <trkpt lat="40.790001" lon="-73.973225">
        <ele>31.4</ele>
        <time>2026-05-22T18:57:03.000Z</time>
      </trkpt>
      <trkpt lat="40.789992" lon="-73.973231">
        <ele>31.4</ele>
        <time>2026-05-22T18:57:04.000Z</time>
      </trkpt>
      <trkpt lat="40.789984" lon="-73.973237">
        <ele>31.4</ele>
        <time>2026-05-22T18:57:05.000Z</time>
      </trkpt>
      <trkpt lat="40.789975" lon="-73.973244">
        <ele>31.4</ele>
        <time>2026-05-22T18:57:06.000Z</time>
      </trkpt>
      <trkpt lat="40.789967" lon="-73.97325">
        <ele>31.4</ele>
        <time>2026-05-22T18:57:07.000Z</time>
      </trkpt>
      <trkpt lat="40.789958" lon="-73.973257">
        <ele>31.4</ele>
        <time>2026-05-22T18:57:08.000Z</time>
      </trkpt>
      <trkpt lat="40.789949" lon="-73.973263">
        <ele>31.4</ele>
        <time>2026-05-22T18:57:09.000Z</time>
      </trkpt>
      <trkpt lat="40.789941" lon="-73.97327">
        <ele>31.4</ele>
        <time>2026-05-22T18:57:10.000Z</time>
      </trkpt>
      <trkpt lat="40.789932" lon="-73.973277">
        <ele>31.2</ele>
        <time>2026-05-22T18:57:11.000Z</time>
      </trkpt>
      <trkpt lat="40.789923" lon="-73.973283">
        <ele>31.2</ele>
        <time>2026-05-22T18:57:12.000Z</time>
      </trkpt>
      <trkpt lat="40.789914" lon="-73.97329">
        <ele>31.2</ele>
        <time>2026-05-22T18:57:13.000Z</time>
      </trkpt>
      <trkpt lat="40.789905" lon="-73.973296">
        <ele>31.2</ele>
        <time>2026-05-22T18:57:14.000Z</time>
      </trkpt>
      <trkpt lat="40.789897" lon="-73.973302">
        <ele>31.2</ele>
        <time>2026-05-22T18:57:15.000Z</time>
      </trkpt>
      <trkpt lat="40.789888" lon="-73.973309">
        <ele>31.2</ele>
        <time>2026-05-22T18:57:16.000Z</time>
      </trkpt>
      <trkpt lat="40.789879" lon="-73.973315">
        <ele>31.2</ele>
        <time>2026-05-22T18:57:17.000Z</time>
      </trkpt>
      <trkpt lat="40.78987" lon="-73.973322">
        <ele>31.2</ele>
        <time>2026-05-22T18:57:18.000Z</time>
      </trkpt>
      <trkpt lat="40.789861" lon="-73.973329">
        <ele>31</ele>
        <time>2026-05-22T18:57:19.000Z</time>
      </trkpt>
      <trkpt lat="40.789852" lon="-73.973336">
        <ele>31</ele>
        <time>2026-05-22T18:57:20.000Z</time>
      </trkpt>
      <trkpt lat="40.789842" lon="-73.973343">
        <ele>31</ele>
        <time>2026-05-22T18:57:21.000Z</time>
      </trkpt>
      <trkpt lat="40.789832" lon="-73.97335">
        <ele>31</ele>
        <time>2026-05-22T18:57:22.000Z</time>
      </trkpt>
      <trkpt lat="40.789822" lon="-73.973358">
        <ele>31</ele>
        <time>2026-05-22T18:57:23.000Z</time>
      </trkpt>
      <trkpt lat="40.789812" lon="-73.973365">
        <ele>31</ele>
        <time>2026-05-22T18:57:24.000Z</time>
      </trkpt>
      <trkpt lat="40.789802" lon="-73.973372">
        <ele>31</ele>
        <time>2026-05-22T18:57:25.000Z</time>
      </trkpt>
      <trkpt lat="40.789792" lon="-73.97338">
        <ele>31</ele>
        <time>2026-05-22T18:57:26.000Z</time>
      </trkpt>
      <trkpt lat="40.789782" lon="-73.973387">
        <ele>30.8</ele>
        <time>2026-05-22T18:57:27.000Z</time>
      </trkpt>
      <trkpt lat="40.789772" lon="-73.973395">
        <ele>30.8</ele>
        <time>2026-05-22T18:57:28.000Z</time>
      </trkpt>
      <trkpt lat="40.789762" lon="-73.973402">
        <ele>30.8</ele>
        <time>2026-05-22T18:57:29.000Z</time>
      </trkpt>
      <trkpt lat="40.789752" lon="-73.973408">
        <ele>30.8</ele>
        <time>2026-05-22T18:57:30.000Z</time>
      </trkpt>
      <trkpt lat="40.789743" lon="-73.973415">
        <ele>30.8</ele>
        <time>2026-05-22T18:57:31.000Z</time>
      </trkpt>
      <trkpt lat="40.789733" lon="-73.973421">
        <ele>30.8</ele>
        <time>2026-05-22T18:57:32.000Z</time>
      </trkpt>
      <trkpt lat="40.789723" lon="-73.973427">
        <ele>30.8</ele>
        <time>2026-05-22T18:57:33.000Z</time>
      </trkpt>
      <trkpt lat="40.789714" lon="-73.973434">
        <ele>30.8</ele>
        <time>2026-05-22T18:57:34.000Z</time>
      </trkpt>
      <trkpt lat="40.789705" lon="-73.97344">
        <ele>30.8</ele>
        <time>2026-05-22T18:57:35.000Z</time>
      </trkpt>
      <trkpt lat="40.789695" lon="-73.973447">
        <ele>30.8</ele>
        <time>2026-05-22T18:57:36.000Z</time>
      </trkpt>
      <trkpt lat="40.789686" lon="-73.973454">
        <ele>30.8</ele>
        <time>2026-05-22T18:57:37.000Z</time>
      </trkpt>
      <trkpt lat="40.789677" lon="-73.97346">
        <ele>30.8</ele>
        <time>2026-05-22T18:57:38.000Z</time>
      </trkpt>
      <trkpt lat="40.789668" lon="-73.973467">
        <ele>30.8</ele>
        <time>2026-05-22T18:57:39.000Z</time>
      </trkpt>
      <trkpt lat="40.789659" lon="-73.973474">
        <ele>30.8</ele>
        <time>2026-05-22T18:57:40.000Z</time>
      </trkpt>
      <trkpt lat="40.789651" lon="-73.973481">
        <ele>30.8</ele>
        <time>2026-05-22T18:57:41.000Z</time>
      </trkpt>
      <trkpt lat="40.789642" lon="-73.973488">
        <ele>30.8</ele>
        <time>2026-05-22T18:57:42.000Z</time>
      </trkpt>
      <trkpt lat="40.789633" lon="-73.973495">
        <ele>30.8</ele>
        <time>2026-05-22T18:57:43.000Z</time>
      </trkpt>
      <trkpt lat="40.789625" lon="-73.973501">
        <ele>30.8</ele>
        <time>2026-05-22T18:57:44.000Z</time>
      </trkpt>
      <trkpt lat="40.789616" lon="-73.973508">
        <ele>30.8</ele>
        <time>2026-05-22T18:57:45.000Z</time>
      </trkpt>
      <trkpt lat="40.789609" lon="-73.973513">
        <ele>30.8</ele>
        <time>2026-05-22T18:57:46.000Z</time>
      </trkpt>
      <trkpt lat="40.789601" lon="-73.973519">
        <ele>30.8</ele>
        <time>2026-05-22T18:57:47.000Z</time>
      </trkpt>
      <trkpt lat="40.789592" lon="-73.973525">
        <ele>30.8</ele>
        <time>2026-05-22T18:57:48.000Z</time>
      </trkpt>
      <trkpt lat="40.789584" lon="-73.97353">
        <ele>30.8</ele>
        <time>2026-05-22T18:57:49.000Z</time>
      </trkpt>
      <trkpt lat="40.789576" lon="-73.973535">
        <ele>31</ele>
        <time>2026-05-22T18:57:50.000Z</time>
      </trkpt>
      <trkpt lat="40.789568" lon="-73.973539">
        <ele>31</ele>
        <time>2026-05-22T18:57:51.000Z</time>
      </trkpt>
      <trkpt lat="40.78956" lon="-73.973543">
        <ele>31</ele>
        <time>2026-05-22T18:57:52.000Z</time>
      </trkpt>
      <trkpt lat="40.789552" lon="-73.973548">
        <ele>31</ele>
        <time>2026-05-22T18:57:53.000Z</time>
      </trkpt>
      <trkpt lat="40.789545" lon="-73.973552">
        <ele>31</ele>
        <time>2026-05-22T18:57:54.000Z</time>
      </trkpt>
      <trkpt lat="40.789537" lon="-73.973557">
        <ele>31</ele>
        <time>2026-05-22T18:57:55.000Z</time>
      </trkpt>
      <trkpt lat="40.789528" lon="-73.973562">
        <ele>31</ele>
        <time>2026-05-22T18:57:56.000Z</time>
      </trkpt>
      <trkpt lat="40.78952" lon="-73.973567">
        <ele>31</ele>
        <time>2026-05-22T18:57:57.000Z</time>
      </trkpt>
      <trkpt lat="40.789511" lon="-73.973572">
        <ele>31</ele>
        <time>2026-05-22T18:57:58.000Z</time>
      </trkpt>
      <trkpt lat="40.789501" lon="-73.973578">
        <ele>31</ele>
        <time>2026-05-22T18:57:59.000Z</time>
      </trkpt>
      <trkpt lat="40.789492" lon="-73.973583">
        <ele>31</ele>
        <time>2026-05-22T18:58:00.000Z</time>
      </trkpt>
      <trkpt lat="40.789482" lon="-73.973589">
        <ele>31</ele>
        <time>2026-05-22T18:58:01.000Z</time>
      </trkpt>
      <trkpt lat="40.789472" lon="-73.973595">
        <ele>30.8</ele>
        <time>2026-05-22T18:58:02.000Z</time>
      </trkpt>
      <trkpt lat="40.789462" lon="-73.973602">
        <ele>30.8</ele>
        <time>2026-05-22T18:58:03.000Z</time>
      </trkpt>
      <trkpt lat="40.789452" lon="-73.973608">
        <ele>30.8</ele>
        <time>2026-05-22T18:58:04.000Z</time>
      </trkpt>
      <trkpt lat="40.789442" lon="-73.973614">
        <ele>30.8</ele>
        <time>2026-05-22T18:58:05.000Z</time>
      </trkpt>
      <trkpt lat="40.789431" lon="-73.973621">
        <ele>30.8</ele>
        <time>2026-05-22T18:58:06.000Z</time>
      </trkpt>
      <trkpt lat="40.789421" lon="-73.973628">
        <ele>30.8</ele>
        <time>2026-05-22T18:58:07.000Z</time>
      </trkpt>
      <trkpt lat="40.789411" lon="-73.973634">
        <ele>30.8</ele>
        <time>2026-05-22T18:58:08.000Z</time>
      </trkpt>
      <trkpt lat="40.7894" lon="-73.973641">
        <ele>30.8</ele>
        <time>2026-05-22T18:58:09.000Z</time>
      </trkpt>
      <trkpt lat="40.789389" lon="-73.973648">
        <ele>30.8</ele>
        <time>2026-05-22T18:58:10.000Z</time>
      </trkpt>
      <trkpt lat="40.789379" lon="-73.973654">
        <ele>30.6</ele>
        <time>2026-05-22T18:58:11.000Z</time>
      </trkpt>
      <trkpt lat="40.789368" lon="-73.973661">
        <ele>30.6</ele>
        <time>2026-05-22T18:58:12.000Z</time>
      </trkpt>
      <trkpt lat="40.789358" lon="-73.973668">
        <ele>30.6</ele>
        <time>2026-05-22T18:58:13.000Z</time>
      </trkpt>
      <trkpt lat="40.789347" lon="-73.973675">
        <ele>30.6</ele>
        <time>2026-05-22T18:58:14.000Z</time>
      </trkpt>
      <trkpt lat="40.789336" lon="-73.973682">
        <ele>30.6</ele>
        <time>2026-05-22T18:58:15.000Z</time>
      </trkpt>
      <trkpt lat="40.789325" lon="-73.973689">
        <ele>30.6</ele>
        <time>2026-05-22T18:58:16.000Z</time>
      </trkpt>
      <trkpt lat="40.789315" lon="-73.973696">
        <ele>30.6</ele>
        <time>2026-05-22T18:58:17.000Z</time>
      </trkpt>
      <trkpt lat="40.789304" lon="-73.973703">
        <ele>30.6</ele>
        <time>2026-05-22T18:58:18.000Z</time>
      </trkpt>
      <trkpt lat="40.789293" lon="-73.973709">
        <ele>30.6</ele>
        <time>2026-05-22T18:58:19.000Z</time>
      </trkpt>
      <trkpt lat="40.789282" lon="-73.973716">
        <ele>30.4</ele>
        <time>2026-05-22T18:58:20.000Z</time>
      </trkpt>
      <trkpt lat="40.789271" lon="-73.973723">
        <ele>30.4</ele>
        <time>2026-05-22T18:58:21.000Z</time>
      </trkpt>
      <trkpt lat="40.78926" lon="-73.97373">
        <ele>30.4</ele>
        <time>2026-05-22T18:58:22.000Z</time>
      </trkpt>
      <trkpt lat="40.789249" lon="-73.973736">
        <ele>30.4</ele>
        <time>2026-05-22T18:58:23.000Z</time>
      </trkpt>
      <trkpt lat="40.789238" lon="-73.973743">
        <ele>30.4</ele>
        <time>2026-05-22T18:58:24.000Z</time>
      </trkpt>
      <trkpt lat="40.789227" lon="-73.973749">
        <ele>30.4</ele>
        <time>2026-05-22T18:58:25.000Z</time>
      </trkpt>
      <trkpt lat="40.789216" lon="-73.973756">
        <ele>30.4</ele>
        <time>2026-05-22T18:58:26.000Z</time>
      </trkpt>
      <trkpt lat="40.789206" lon="-73.973762">
        <ele>30.4</ele>
        <time>2026-05-22T18:58:27.000Z</time>
      </trkpt>
      <trkpt lat="40.789195" lon="-73.973768">
        <ele>30.6</ele>
        <time>2026-05-22T18:58:28.000Z</time>
      </trkpt>
      <trkpt lat="40.789184" lon="-73.973774">
        <ele>30.6</ele>
        <time>2026-05-22T18:58:29.000Z</time>
      </trkpt>
      <trkpt lat="40.789174" lon="-73.973781">
        <ele>30.6</ele>
        <time>2026-05-22T18:58:30.000Z</time>
      </trkpt>
      <trkpt lat="40.789163" lon="-73.973787">
        <ele>30.6</ele>
        <time>2026-05-22T18:58:31.000Z</time>
      </trkpt>
      <trkpt lat="40.789153" lon="-73.973793">
        <ele>30.6</ele>
        <time>2026-05-22T18:58:32.000Z</time>
      </trkpt>
      <trkpt lat="40.789143" lon="-73.973799">
        <ele>30.6</ele>
        <time>2026-05-22T18:58:33.000Z</time>
      </trkpt>
      <trkpt lat="40.789133" lon="-73.973805">
        <ele>30.6</ele>
        <time>2026-05-22T18:58:34.000Z</time>
      </trkpt>
      <trkpt lat="40.789123" lon="-73.973811">
        <ele>30.6</ele>
        <time>2026-05-22T18:58:35.000Z</time>
      </trkpt>
      <trkpt lat="40.789113" lon="-73.973817">
        <ele>30.6</ele>
        <time>2026-05-22T18:58:36.000Z</time>
      </trkpt>
      <trkpt lat="40.789104" lon="-73.973823">
        <ele>30.6</ele>
        <time>2026-05-22T18:58:37.000Z</time>
      </trkpt>
      <trkpt lat="40.789094" lon="-73.973828">
        <ele>30.6</ele>
        <time>2026-05-22T18:58:38.000Z</time>
      </trkpt>
      <trkpt lat="40.789085" lon="-73.973834">
        <ele>30.6</ele>
        <time>2026-05-22T18:58:39.000Z</time>
      </trkpt>
      <trkpt lat="40.789077" lon="-73.973839">
        <ele>30.6</ele>
        <time>2026-05-22T18:58:40.000Z</time>
      </trkpt>
      <trkpt lat="40.789068" lon="-73.973844">
        <ele>30.6</ele>
        <time>2026-05-22T18:58:41.000Z</time>
      </trkpt>
      <trkpt lat="40.78906" lon="-73.973849">
        <ele>30.6</ele>
        <time>2026-05-22T18:58:42.000Z</time>
      </trkpt>
      <trkpt lat="40.789053" lon="-73.973854">
        <ele>30.4</ele>
        <time>2026-05-22T18:58:43.000Z</time>
      </trkpt>
      <trkpt lat="40.789045" lon="-73.973859">
        <ele>30.4</ele>
        <time>2026-05-22T18:58:44.000Z</time>
      </trkpt>
      <trkpt lat="40.789038" lon="-73.973863">
        <ele>30.4</ele>
        <time>2026-05-22T18:58:45.000Z</time>
      </trkpt>
      <trkpt lat="40.789031" lon="-73.973867">
        <ele>30.4</ele>
        <time>2026-05-22T18:58:46.000Z</time>
      </trkpt>
      <trkpt lat="40.789025" lon="-73.973871">
        <ele>30.4</ele>
        <time>2026-05-22T18:58:47.000Z</time>
      </trkpt>
      <trkpt lat="40.789018" lon="-73.973875">
        <ele>30.4</ele>
        <time>2026-05-22T18:58:48.000Z</time>
      </trkpt>
      <trkpt lat="40.789007" lon="-73.973883">
        <ele>30.4</ele>
        <time>2026-05-22T18:58:49.000Z</time>
      </trkpt>
      <trkpt lat="40.789003" lon="-73.973887">
        <ele>30.2</ele>
        <time>2026-05-22T18:58:50.000Z</time>
      </trkpt>
      <trkpt lat="40.788998" lon="-73.973892">
        <ele>30.2</ele>
        <time>2026-05-22T18:58:51.000Z</time>
      </trkpt>
      <trkpt lat="40.788994" lon="-73.973896">
        <ele>30.2</ele>
        <time>2026-05-22T18:58:52.000Z</time>
      </trkpt>
      <trkpt lat="40.788989" lon="-73.973901">
        <ele>30</ele>
        <time>2026-05-22T18:58:53.000Z</time>
      </trkpt>
      <trkpt lat="40.788984" lon="-73.973905">
        <ele>30</ele>
        <time>2026-05-22T18:58:54.000Z</time>
      </trkpt>
      <trkpt lat="40.78898" lon="-73.97391">
        <ele>30</ele>
        <time>2026-05-22T18:58:55.000Z</time>
      </trkpt>
      <trkpt lat="40.788975" lon="-73.973914">
        <ele>30</ele>
        <time>2026-05-22T18:58:56.000Z</time>
      </trkpt>
      <trkpt lat="40.78897" lon="-73.973919">
        <ele>29.8</ele>
        <time>2026-05-22T18:58:57.000Z</time>
      </trkpt>
      <trkpt lat="40.788966" lon="-73.973923">
        <ele>29.8</ele>
        <time>2026-05-22T18:58:58.000Z</time>
      </trkpt>
      <trkpt lat="40.788961" lon="-73.973928">
        <ele>29.8</ele>
        <time>2026-05-22T18:58:59.000Z</time>
      </trkpt>
      <trkpt lat="40.788957" lon="-73.973932">
        <ele>29.8</ele>
        <time>2026-05-22T18:59:00.000Z</time>
      </trkpt>
      <trkpt lat="40.788952" lon="-73.973937">
        <ele>29.8</ele>
        <time>2026-05-22T18:59:01.000Z</time>
      </trkpt>
      <trkpt lat="40.788947" lon="-73.973941">
        <ele>30</ele>
        <time>2026-05-22T18:59:02.000Z</time>
      </trkpt>
      <trkpt lat="40.788943" lon="-73.973946">
        <ele>30</ele>
        <time>2026-05-22T18:59:03.000Z</time>
      </trkpt>
      <trkpt lat="40.788938" lon="-73.97395">
        <ele>30</ele>
        <time>2026-05-22T18:59:04.000Z</time>
      </trkpt>
      <trkpt lat="40.788929" lon="-73.973958">
        <ele>30</ele>
        <time>2026-05-22T18:59:05.000Z</time>
      </trkpt>
      <trkpt lat="40.78892" lon="-73.973968">
        <ele>30</ele>
        <time>2026-05-22T18:59:06.000Z</time>
      </trkpt>
      <trkpt lat="40.788911" lon="-73.973977">
        <ele>30</ele>
        <time>2026-05-22T18:59:07.000Z</time>
      </trkpt>
      <trkpt lat="40.788901" lon="-73.973987">
        <ele>30</ele>
        <time>2026-05-22T18:59:08.000Z</time>
      </trkpt>
      <trkpt lat="40.788891" lon="-73.973996">
        <ele>30</ele>
        <time>2026-05-22T18:59:09.000Z</time>
      </trkpt>
      <trkpt lat="40.788881" lon="-73.974006">
        <ele>30</ele>
        <time>2026-05-22T18:59:10.000Z</time>
      </trkpt>
      <trkpt lat="40.788871" lon="-73.974016">
        <ele>30</ele>
        <time>2026-05-22T18:59:11.000Z</time>
      </trkpt>
      <trkpt lat="40.78886" lon="-73.974026">
        <ele>30</ele>
        <time>2026-05-22T18:59:12.000Z</time>
      </trkpt>
      <trkpt lat="40.78885" lon="-73.974036">
        <ele>30</ele>
        <time>2026-05-22T18:59:13.000Z</time>
      </trkpt>
      <trkpt lat="40.78884" lon="-73.974045">
        <ele>30</ele>
        <time>2026-05-22T18:59:14.000Z</time>
      </trkpt>
      <trkpt lat="40.78883" lon="-73.974055">
        <ele>30</ele>
        <time>2026-05-22T18:59:15.000Z</time>
      </trkpt>
      <trkpt lat="40.788819" lon="-73.974064">
        <ele>30</ele>
        <time>2026-05-22T18:59:16.000Z</time>
      </trkpt>
      <trkpt lat="40.788809" lon="-73.974074">
        <ele>29.8</ele>
        <time>2026-05-22T18:59:17.000Z</time>
      </trkpt>
      <trkpt lat="40.788798" lon="-73.974083">
        <ele>29.8</ele>
        <time>2026-05-22T18:59:18.000Z</time>
      </trkpt>
      <trkpt lat="40.788788" lon="-73.974092">
        <ele>29.8</ele>
        <time>2026-05-22T18:59:19.000Z</time>
      </trkpt>
      <trkpt lat="40.788778" lon="-73.974102">
        <ele>29.8</ele>
        <time>2026-05-22T18:59:20.000Z</time>
      </trkpt>
      <trkpt lat="40.788768" lon="-73.974111">
        <ele>29.8</ele>
        <time>2026-05-22T18:59:21.000Z</time>
      </trkpt>
      <trkpt lat="40.788758" lon="-73.974121">
        <ele>29.8</ele>
        <time>2026-05-22T18:59:22.000Z</time>
      </trkpt>
      <trkpt lat="40.788747" lon="-73.97413">
        <ele>29.8</ele>
        <time>2026-05-22T18:59:23.000Z</time>
      </trkpt>
      <trkpt lat="40.788737" lon="-73.974139">
        <ele>29.8</ele>
        <time>2026-05-22T18:59:24.000Z</time>
      </trkpt>
      <trkpt lat="40.788727" lon="-73.974148">
        <ele>29.8</ele>
        <time>2026-05-22T18:59:25.000Z</time>
      </trkpt>
      <trkpt lat="40.788717" lon="-73.974157">
        <ele>29.8</ele>
        <time>2026-05-22T18:59:26.000Z</time>
      </trkpt>
      <trkpt lat="40.788707" lon="-73.974166">
        <ele>29.8</ele>
        <time>2026-05-22T18:59:27.000Z</time>
      </trkpt>
      <trkpt lat="40.788697" lon="-73.974174">
        <ele>29.8</ele>
        <time>2026-05-22T18:59:28.000Z</time>
      </trkpt>
      <trkpt lat="40.788687" lon="-73.974183">
        <ele>29.8</ele>
        <time>2026-05-22T18:59:29.000Z</time>
      </trkpt>
      <trkpt lat="40.788677" lon="-73.974191">
        <ele>29.8</ele>
        <time>2026-05-22T18:59:30.000Z</time>
      </trkpt>
      <trkpt lat="40.788667" lon="-73.974199">
        <ele>29.8</ele>
        <time>2026-05-22T18:59:31.000Z</time>
      </trkpt>
      <trkpt lat="40.788657" lon="-73.974207">
        <ele>29.8</ele>
        <time>2026-05-22T18:59:32.000Z</time>
      </trkpt>
      <trkpt lat="40.788647" lon="-73.974214">
        <ele>29.8</ele>
        <time>2026-05-22T18:59:33.000Z</time>
      </trkpt>
      <trkpt lat="40.788637" lon="-73.974222">
        <ele>29.8</ele>
        <time>2026-05-22T18:59:34.000Z</time>
      </trkpt>
      <trkpt lat="40.788627" lon="-73.974229">
        <ele>29.8</ele>
        <time>2026-05-22T18:59:35.000Z</time>
      </trkpt>
      <trkpt lat="40.788617" lon="-73.974236">
        <ele>29.8</ele>
        <time>2026-05-22T18:59:36.000Z</time>
      </trkpt>
      <trkpt lat="40.788608" lon="-73.974243">
        <ele>29.8</ele>
        <time>2026-05-22T18:59:37.000Z</time>
      </trkpt>
      <trkpt lat="40.788598" lon="-73.97425">
        <ele>29.8</ele>
        <time>2026-05-22T18:59:38.000Z</time>
      </trkpt>
      <trkpt lat="40.788588" lon="-73.974258">
        <ele>29.8</ele>
        <time>2026-05-22T18:59:39.000Z</time>
      </trkpt>
      <trkpt lat="40.788578" lon="-73.974265">
        <ele>29.8</ele>
        <time>2026-05-22T18:59:40.000Z</time>
      </trkpt>
      <trkpt lat="40.788569" lon="-73.974272">
        <ele>29.8</ele>
        <time>2026-05-22T18:59:41.000Z</time>
      </trkpt>
      <trkpt lat="40.788559" lon="-73.974279">
        <ele>29.8</ele>
        <time>2026-05-22T18:59:42.000Z</time>
      </trkpt>
      <trkpt lat="40.788549" lon="-73.974286">
        <ele>29.8</ele>
        <time>2026-05-22T18:59:43.000Z</time>
      </trkpt>
      <trkpt lat="40.78854" lon="-73.974293">
        <ele>29.8</ele>
        <time>2026-05-22T18:59:44.000Z</time>
      </trkpt>
      <trkpt lat="40.78853" lon="-73.9743">
        <ele>29.8</ele>
        <time>2026-05-22T18:59:45.000Z</time>
      </trkpt>
      <trkpt lat="40.78852" lon="-73.974307">
        <ele>29.8</ele>
        <time>2026-05-22T18:59:46.000Z</time>
      </trkpt>
      <trkpt lat="40.788511" lon="-73.974314">
        <ele>29.8</ele>
        <time>2026-05-22T18:59:47.000Z</time>
      </trkpt>
      <trkpt lat="40.788501" lon="-73.97432">
        <ele>29.8</ele>
        <time>2026-05-22T18:59:48.000Z</time>
      </trkpt>
      <trkpt lat="40.788492" lon="-73.974327">
        <ele>29.8</ele>
        <time>2026-05-22T18:59:49.000Z</time>
      </trkpt>
      <trkpt lat="40.788482" lon="-73.974334">
        <ele>29.8</ele>
        <time>2026-05-22T18:59:50.000Z</time>
      </trkpt>
      <trkpt lat="40.788474" lon="-73.97434">
        <ele>29.8</ele>
        <time>2026-05-22T18:59:51.000Z</time>
      </trkpt>
      <trkpt lat="40.788465" lon="-73.974347">
        <ele>29.8</ele>
        <time>2026-05-22T18:59:52.000Z</time>
      </trkpt>
      <trkpt lat="40.788457" lon="-73.974353">
        <ele>29.8</ele>
        <time>2026-05-22T18:59:53.000Z</time>
      </trkpt>
      <trkpt lat="40.788449" lon="-73.974359">
        <ele>29.8</ele>
        <time>2026-05-22T18:59:54.000Z</time>
      </trkpt>
      <trkpt lat="40.788441" lon="-73.974365">
        <ele>29.8</ele>
        <time>2026-05-22T18:59:55.000Z</time>
      </trkpt>
      <trkpt lat="40.788431" lon="-73.974372">
        <ele>29.8</ele>
        <time>2026-05-22T18:59:57.000Z</time>
      </trkpt>
      <trkpt lat="40.788425" lon="-73.974377">
        <ele>29.8</ele>
        <time>2026-05-22T18:59:58.000Z</time>
      </trkpt>
      <trkpt lat="40.788414" lon="-73.974386">
        <ele>29.8</ele>
        <time>2026-05-22T18:59:59.000Z</time>
      </trkpt>
      <trkpt lat="40.788408" lon="-73.97439">
        <ele>29.6</ele>
        <time>2026-05-22T19:00:00.000Z</time>
      </trkpt>
      <trkpt lat="40.788402" lon="-73.974395">
        <ele>29.6</ele>
        <time>2026-05-22T19:00:01.000Z</time>
      </trkpt>
      <trkpt lat="40.788396" lon="-73.974399">
        <ele>29.6</ele>
        <time>2026-05-22T19:00:02.000Z</time>
      </trkpt>
      <trkpt lat="40.78839" lon="-73.974404">
        <ele>29.6</ele>
        <time>2026-05-22T19:00:03.000Z</time>
      </trkpt>
      <trkpt lat="40.788384" lon="-73.974408">
        <ele>29.6</ele>
        <time>2026-05-22T19:00:04.000Z</time>
      </trkpt>
      <trkpt lat="40.788377" lon="-73.974413">
        <ele>29.6</ele>
        <time>2026-05-22T19:00:05.000Z</time>
      </trkpt>
      <trkpt lat="40.788371" lon="-73.974417">
        <ele>29.6</ele>
        <time>2026-05-22T19:00:06.000Z</time>
      </trkpt>
      <trkpt lat="40.788365" lon="-73.974422">
        <ele>29.6</ele>
        <time>2026-05-22T19:00:07.000Z</time>
      </trkpt>
      <trkpt lat="40.788359" lon="-73.974426">
        <ele>29.6</ele>
        <time>2026-05-22T19:00:08.000Z</time>
      </trkpt>
      <trkpt lat="40.788353" lon="-73.974431">
        <ele>29.6</ele>
        <time>2026-05-22T19:00:09.000Z</time>
      </trkpt>
      <trkpt lat="40.788347" lon="-73.974435">
        <ele>29.6</ele>
        <time>2026-05-22T19:00:10.000Z</time>
      </trkpt>
      <trkpt lat="40.788337" lon="-73.974442">
        <ele>29.6</ele>
        <time>2026-05-22T19:00:11.000Z</time>
      </trkpt>
      <trkpt lat="40.788327" lon="-73.974449">
        <ele>29.6</ele>
        <time>2026-05-22T19:00:12.000Z</time>
      </trkpt>
      <trkpt lat="40.788316" lon="-73.974457">
        <ele>29.6</ele>
        <time>2026-05-22T19:00:13.000Z</time>
      </trkpt>
      <trkpt lat="40.788306" lon="-73.974464">
        <ele>29.6</ele>
        <time>2026-05-22T19:00:14.000Z</time>
      </trkpt>
      <trkpt lat="40.788295" lon="-73.974471">
        <ele>29.6</ele>
        <time>2026-05-22T19:00:15.000Z</time>
      </trkpt>
      <trkpt lat="40.788285" lon="-73.974479">
        <ele>29.6</ele>
        <time>2026-05-22T19:00:16.000Z</time>
      </trkpt>
      <trkpt lat="40.788275" lon="-73.974486">
        <ele>29.6</ele>
        <time>2026-05-22T19:00:17.000Z</time>
      </trkpt>
      <trkpt lat="40.788265" lon="-73.974493">
        <ele>29.6</ele>
        <time>2026-05-22T19:00:18.000Z</time>
      </trkpt>
      <trkpt lat="40.788255" lon="-73.974501">
        <ele>29.6</ele>
        <time>2026-05-22T19:00:19.000Z</time>
      </trkpt>
      <trkpt lat="40.788245" lon="-73.974509">
        <ele>29.6</ele>
        <time>2026-05-22T19:00:20.000Z</time>
      </trkpt>
      <trkpt lat="40.788234" lon="-73.974516">
        <ele>29.6</ele>
        <time>2026-05-22T19:00:21.000Z</time>
      </trkpt>
      <trkpt lat="40.788224" lon="-73.974524">
        <ele>29.6</ele>
        <time>2026-05-22T19:00:22.000Z</time>
      </trkpt>
      <trkpt lat="40.788214" lon="-73.974533">
        <ele>29.6</ele>
        <time>2026-05-22T19:00:23.000Z</time>
      </trkpt>
      <trkpt lat="40.788203" lon="-73.974541">
        <ele>29.6</ele>
        <time>2026-05-22T19:00:24.000Z</time>
      </trkpt>
      <trkpt lat="40.788193" lon="-73.974549">
        <ele>29.6</ele>
        <time>2026-05-22T19:00:25.000Z</time>
      </trkpt>
      <trkpt lat="40.788183" lon="-73.974558">
        <ele>29.6</ele>
        <time>2026-05-22T19:00:26.000Z</time>
      </trkpt>
      <trkpt lat="40.788173" lon="-73.974567">
        <ele>29.6</ele>
        <time>2026-05-22T19:00:27.000Z</time>
      </trkpt>
      <trkpt lat="40.788163" lon="-73.974576">
        <ele>29.6</ele>
        <time>2026-05-22T19:00:28.000Z</time>
      </trkpt>
      <trkpt lat="40.788153" lon="-73.974586">
        <ele>29.6</ele>
        <time>2026-05-22T19:00:29.000Z</time>
      </trkpt>
      <trkpt lat="40.788144" lon="-73.974596">
        <ele>29.6</ele>
        <time>2026-05-22T19:00:30.000Z</time>
      </trkpt>
      <trkpt lat="40.788135" lon="-73.974606">
        <ele>29.6</ele>
        <time>2026-05-22T19:00:31.000Z</time>
      </trkpt>
      <trkpt lat="40.788126" lon="-73.974617">
        <ele>29.6</ele>
        <time>2026-05-22T19:00:32.000Z</time>
      </trkpt>
      <trkpt lat="40.788117" lon="-73.974629">
        <ele>29.6</ele>
        <time>2026-05-22T19:00:33.000Z</time>
      </trkpt>
      <trkpt lat="40.788109" lon="-73.97464">
        <ele>29.6</ele>
        <time>2026-05-22T19:00:34.000Z</time>
      </trkpt>
      <trkpt lat="40.788101" lon="-73.974651">
        <ele>29.6</ele>
        <time>2026-05-22T19:00:35.000Z</time>
      </trkpt>
      <trkpt lat="40.788092" lon="-73.974662">
        <ele>29.6</ele>
        <time>2026-05-22T19:00:36.000Z</time>
      </trkpt>
      <trkpt lat="40.788084" lon="-73.974671">
        <ele>29.6</ele>
        <time>2026-05-22T19:00:37.000Z</time>
      </trkpt>
      <trkpt lat="40.788075" lon="-73.974679">
        <ele>29.6</ele>
        <time>2026-05-22T19:00:38.000Z</time>
      </trkpt>
      <trkpt lat="40.788065" lon="-73.974687">
        <ele>29.6</ele>
        <time>2026-05-22T19:00:39.000Z</time>
      </trkpt>
      <trkpt lat="40.788056" lon="-73.974694">
        <ele>29.6</ele>
        <time>2026-05-22T19:00:40.000Z</time>
      </trkpt>
      <trkpt lat="40.788047" lon="-73.974701">
        <ele>29.6</ele>
        <time>2026-05-22T19:00:41.000Z</time>
      </trkpt>
      <trkpt lat="40.788038" lon="-73.974708">
        <ele>29.6</ele>
        <time>2026-05-22T19:00:42.000Z</time>
      </trkpt>
      <trkpt lat="40.788029" lon="-73.974714">
        <ele>29.6</ele>
        <time>2026-05-22T19:00:43.000Z</time>
      </trkpt>
      <trkpt lat="40.78802" lon="-73.974721">
        <ele>29.4</ele>
        <time>2026-05-22T19:00:44.000Z</time>
      </trkpt>
      <trkpt lat="40.788011" lon="-73.974727">
        <ele>29.4</ele>
        <time>2026-05-22T19:00:45.000Z</time>
      </trkpt>
      <trkpt lat="40.788003" lon="-73.974732">
        <ele>29.4</ele>
        <time>2026-05-22T19:00:46.000Z</time>
      </trkpt>
      <trkpt lat="40.787996" lon="-73.974736">
        <ele>29.4</ele>
        <time>2026-05-22T19:00:47.000Z</time>
      </trkpt>
      <trkpt lat="40.787987" lon="-73.97474">
        <ele>29.2</ele>
        <time>2026-05-22T19:00:48.000Z</time>
      </trkpt>
      <trkpt lat="40.787978" lon="-73.974743">
        <ele>29.2</ele>
        <time>2026-05-22T19:00:49.000Z</time>
      </trkpt>
      <trkpt lat="40.787969" lon="-73.974747">
        <ele>29.2</ele>
        <time>2026-05-22T19:00:50.000Z</time>
      </trkpt>
      <trkpt lat="40.78796" lon="-73.97475">
        <ele>29</ele>
        <time>2026-05-22T19:00:51.000Z</time>
      </trkpt>
      <trkpt lat="40.787951" lon="-73.974753">
        <ele>29</ele>
        <time>2026-05-22T19:00:52.000Z</time>
      </trkpt>
      <trkpt lat="40.787941" lon="-73.974757">
        <ele>29</ele>
        <time>2026-05-22T19:00:53.000Z</time>
      </trkpt>
      <trkpt lat="40.787932" lon="-73.974761">
        <ele>29</ele>
        <time>2026-05-22T19:00:54.000Z</time>
      </trkpt>
      <trkpt lat="40.787922" lon="-73.974764">
        <ele>28.8</ele>
        <time>2026-05-22T19:00:55.000Z</time>
      </trkpt>
      <trkpt lat="40.787913" lon="-73.974769">
        <ele>28.8</ele>
        <time>2026-05-22T19:00:56.000Z</time>
      </trkpt>
      <trkpt lat="40.787903" lon="-73.974773">
        <ele>28.8</ele>
        <time>2026-05-22T19:00:57.000Z</time>
      </trkpt>
      <trkpt lat="40.787894" lon="-73.974777">
        <ele>28.8</ele>
        <time>2026-05-22T19:00:58.000Z</time>
      </trkpt>
      <trkpt lat="40.787885" lon="-73.974782">
        <ele>28.8</ele>
        <time>2026-05-22T19:00:59.000Z</time>
      </trkpt>
      <trkpt lat="40.787876" lon="-73.974788">
        <ele>28.8</ele>
        <time>2026-05-22T19:01:00.000Z</time>
      </trkpt>
      <trkpt lat="40.787867" lon="-73.974794">
        <ele>28.8</ele>
        <time>2026-05-22T19:01:01.000Z</time>
      </trkpt>
      <trkpt lat="40.787858" lon="-73.9748">
        <ele>28.8</ele>
        <time>2026-05-22T19:01:02.000Z</time>
      </trkpt>
      <trkpt lat="40.78785" lon="-73.974807">
        <ele>28.8</ele>
        <time>2026-05-22T19:01:03.000Z</time>
      </trkpt>
      <trkpt lat="40.787842" lon="-73.974814">
        <ele>28.8</ele>
        <time>2026-05-22T19:01:04.000Z</time>
      </trkpt>
      <trkpt lat="40.787835" lon="-73.97482">
        <ele>29</ele>
        <time>2026-05-22T19:01:05.000Z</time>
      </trkpt>
      <trkpt lat="40.787827" lon="-73.974826">
        <ele>29</ele>
        <time>2026-05-22T19:01:06.000Z</time>
      </trkpt>
      <trkpt lat="40.78782" lon="-73.974832">
        <ele>29</ele>
        <time>2026-05-22T19:01:07.000Z</time>
      </trkpt>
      <trkpt lat="40.787813" lon="-73.974836">
        <ele>29</ele>
        <time>2026-05-22T19:01:08.000Z</time>
      </trkpt>
      <trkpt lat="40.787807" lon="-73.974839">
        <ele>29.2</ele>
        <time>2026-05-22T19:01:09.000Z</time>
      </trkpt>
      <trkpt lat="40.787801" lon="-73.974842">
        <ele>29.2</ele>
        <time>2026-05-22T19:01:10.000Z</time>
      </trkpt>
      <trkpt lat="40.787795" lon="-73.974845">
        <ele>29.2</ele>
        <time>2026-05-22T19:01:11.000Z</time>
      </trkpt>
      <trkpt lat="40.787789" lon="-73.974847">
        <ele>29.4</ele>
        <time>2026-05-22T19:01:12.000Z</time>
      </trkpt>
      <trkpt lat="40.787781" lon="-73.974852">
        <ele>29.4</ele>
        <time>2026-05-22T19:01:13.000Z</time>
      </trkpt>
      <trkpt lat="40.787778" lon="-73.974854">
        <ele>29.4</ele>
        <time>2026-05-22T19:01:14.000Z</time>
      </trkpt>
      <trkpt lat="40.787775" lon="-73.974856">
        <ele>29.4</ele>
        <time>2026-05-22T19:01:15.000Z</time>
      </trkpt>
      <trkpt lat="40.787771" lon="-73.974858">
        <ele>29.6</ele>
        <time>2026-05-22T19:01:16.000Z</time>
      </trkpt>
      <trkpt lat="40.787768" lon="-73.97486">
        <ele>29.6</ele>
        <time>2026-05-22T19:01:17.000Z</time>
      </trkpt>
      <trkpt lat="40.787765" lon="-73.974863">
        <ele>29.6</ele>
        <time>2026-05-22T19:01:18.000Z</time>
      </trkpt>
      <trkpt lat="40.787762" lon="-73.974865">
        <ele>29.6</ele>
        <time>2026-05-22T19:01:19.000Z</time>
      </trkpt>
      <trkpt lat="40.787759" lon="-73.974867">
        <ele>29.6</ele>
        <time>2026-05-22T19:01:20.000Z</time>
      </trkpt>
      <trkpt lat="40.787756" lon="-73.974869">
        <ele>29.6</ele>
        <time>2026-05-22T19:01:21.000Z</time>
      </trkpt>
      <trkpt lat="40.787752" lon="-73.974871">
        <ele>29.6</ele>
        <time>2026-05-22T19:01:22.000Z</time>
      </trkpt>
      <trkpt lat="40.787749" lon="-73.974873">
        <ele>29.6</ele>
        <time>2026-05-22T19:01:23.000Z</time>
      </trkpt>
      <trkpt lat="40.787746" lon="-73.974875">
        <ele>29.6</ele>
        <time>2026-05-22T19:01:24.000Z</time>
      </trkpt>
      <trkpt lat="40.787743" lon="-73.974877">
        <ele>29.6</ele>
        <time>2026-05-22T19:01:25.000Z</time>
      </trkpt>
      <trkpt lat="40.78774" lon="-73.974879">
        <ele>29.6</ele>
        <time>2026-05-22T19:01:26.000Z</time>
      </trkpt>
      <trkpt lat="40.787737" lon="-73.974881">
        <ele>29.6</ele>
        <time>2026-05-22T19:01:27.000Z</time>
      </trkpt>
      <trkpt lat="40.787733" lon="-73.974884">
        <ele>29.6</ele>
        <time>2026-05-22T19:01:28.000Z</time>
      </trkpt>
      <trkpt lat="40.78773" lon="-73.974886">
        <ele>29.8</ele>
        <time>2026-05-22T19:01:29.000Z</time>
      </trkpt>
      <trkpt lat="40.787727" lon="-73.974888">
        <ele>29.8</ele>
        <time>2026-05-22T19:01:30.000Z</time>
      </trkpt>
      <trkpt lat="40.787724" lon="-73.97489">
        <ele>29.8</ele>
        <time>2026-05-22T19:01:31.000Z</time>
      </trkpt>
      <trkpt lat="40.787721" lon="-73.974892">
        <ele>29.8</ele>
        <time>2026-05-22T19:01:32.000Z</time>
      </trkpt>
      <trkpt lat="40.787718" lon="-73.974894">
        <ele>29.8</ele>
        <time>2026-05-22T19:01:33.000Z</time>
      </trkpt>
      <trkpt lat="40.787714" lon="-73.974896">
        <ele>29.8</ele>
        <time>2026-05-22T19:01:34.000Z</time>
      </trkpt>
      <trkpt lat="40.787711" lon="-73.974898">
        <ele>29.8</ele>
        <time>2026-05-22T19:01:35.000Z</time>
      </trkpt>
      <trkpt lat="40.787708" lon="-73.9749">
        <ele>29.8</ele>
        <time>2026-05-22T19:01:36.000Z</time>
      </trkpt>
      <trkpt lat="40.787705" lon="-73.974902">
        <ele>29.8</ele>
        <time>2026-05-22T19:01:37.000Z</time>
      </trkpt>
      <trkpt lat="40.787702" lon="-73.974905">
        <ele>29.8</ele>
        <time>2026-05-22T19:01:38.000Z</time>
      </trkpt>
      <trkpt lat="40.787699" lon="-73.974907">
        <ele>29.8</ele>
        <time>2026-05-22T19:01:39.000Z</time>
      </trkpt>
      <trkpt lat="40.787695" lon="-73.974909">
        <ele>29.8</ele>
        <time>2026-05-22T19:01:40.000Z</time>
      </trkpt>
      <trkpt lat="40.787692" lon="-73.974911">
        <ele>29.8</ele>
        <time>2026-05-22T19:01:41.000Z</time>
      </trkpt>
      <trkpt lat="40.787689" lon="-73.974913">
        <ele>30</ele>
        <time>2026-05-22T19:01:42.000Z</time>
      </trkpt>
      <trkpt lat="40.787686" lon="-73.974915">
        <ele>30</ele>
        <time>2026-05-22T19:01:43.000Z</time>
      </trkpt>
      <trkpt lat="40.787677" lon="-73.974922">
        <ele>30</ele>
        <time>2026-05-22T19:01:44.000Z</time>
      </trkpt>
      <trkpt lat="40.787668" lon="-73.974929">
        <ele>30</ele>
        <time>2026-05-22T19:01:45.000Z</time>
      </trkpt>
      <trkpt lat="40.787658" lon="-73.974935">
        <ele>30</ele>
        <time>2026-05-22T19:01:46.000Z</time>
      </trkpt>
      <trkpt lat="40.787648" lon="-73.974942">
        <ele>30</ele>
        <time>2026-05-22T19:01:47.000Z</time>
      </trkpt>
      <trkpt lat="40.787639" lon="-73.974949">
        <ele>30</ele>
        <time>2026-05-22T19:01:48.000Z</time>
      </trkpt>
      <trkpt lat="40.78763" lon="-73.974956">
        <ele>30</ele>
        <time>2026-05-22T19:01:49.000Z</time>
      </trkpt>
      <trkpt lat="40.78762" lon="-73.974963">
        <ele>30</ele>
        <time>2026-05-22T19:01:50.000Z</time>
      </trkpt>
      <trkpt lat="40.787611" lon="-73.97497">
        <ele>30</ele>
        <time>2026-05-22T19:01:51.000Z</time>
      </trkpt>
      <trkpt lat="40.787602" lon="-73.974977">
        <ele>30</ele>
        <time>2026-05-22T19:01:52.000Z</time>
      </trkpt>
      <trkpt lat="40.787592" lon="-73.974984">
        <ele>30</ele>
        <time>2026-05-22T19:01:53.000Z</time>
      </trkpt>
      <trkpt lat="40.787583" lon="-73.974991">
        <ele>30</ele>
        <time>2026-05-22T19:01:54.000Z</time>
      </trkpt>
      <trkpt lat="40.787573" lon="-73.974998">
        <ele>30</ele>
        <time>2026-05-22T19:01:55.000Z</time>
      </trkpt>
      <trkpt lat="40.787564" lon="-73.975006">
        <ele>30</ele>
        <time>2026-05-22T19:01:56.000Z</time>
      </trkpt>
      <trkpt lat="40.787554" lon="-73.975013">
        <ele>30</ele>
        <time>2026-05-22T19:01:57.000Z</time>
      </trkpt>
      <trkpt lat="40.787543" lon="-73.975021">
        <ele>29.8</ele>
        <time>2026-05-22T19:01:58.000Z</time>
      </trkpt>
      <trkpt lat="40.787533" lon="-73.975029">
        <ele>29.8</ele>
        <time>2026-05-22T19:01:59.000Z</time>
      </trkpt>
      <trkpt lat="40.787523" lon="-73.975036">
        <ele>29.8</ele>
        <time>2026-05-22T19:02:00.000Z</time>
      </trkpt>
      <trkpt lat="40.787512" lon="-73.975044">
        <ele>29.8</ele>
        <time>2026-05-22T19:02:01.000Z</time>
      </trkpt>
      <trkpt lat="40.787502" lon="-73.975052">
        <ele>29.8</ele>
        <time>2026-05-22T19:02:02.000Z</time>
      </trkpt>
      <trkpt lat="40.787491" lon="-73.975059">
        <ele>29.8</ele>
        <time>2026-05-22T19:02:03.000Z</time>
      </trkpt>
      <trkpt lat="40.787481" lon="-73.975067">
        <ele>29.8</ele>
        <time>2026-05-22T19:02:04.000Z</time>
      </trkpt>
      <trkpt lat="40.78747" lon="-73.975075">
        <ele>30</ele>
        <time>2026-05-22T19:02:05.000Z</time>
      </trkpt>
      <trkpt lat="40.78746" lon="-73.975082">
        <ele>30</ele>
        <time>2026-05-22T19:02:06.000Z</time>
      </trkpt>
      <trkpt lat="40.78745" lon="-73.975089">
        <ele>30</ele>
        <time>2026-05-22T19:02:07.000Z</time>
      </trkpt>
      <trkpt lat="40.78744" lon="-73.975097">
        <ele>30</ele>
        <time>2026-05-22T19:02:08.000Z</time>
      </trkpt>
      <trkpt lat="40.78743" lon="-73.975104">
        <ele>30</ele>
        <time>2026-05-22T19:02:09.000Z</time>
      </trkpt>
      <trkpt lat="40.787421" lon="-73.975111">
        <ele>30</ele>
        <time>2026-05-22T19:02:10.000Z</time>
      </trkpt>
      <trkpt lat="40.787411" lon="-73.975118">
        <ele>30</ele>
        <time>2026-05-22T19:02:11.000Z</time>
      </trkpt>
      <trkpt lat="40.787402" lon="-73.975124">
        <ele>30</ele>
        <time>2026-05-22T19:02:12.000Z</time>
      </trkpt>
      <trkpt lat="40.787392" lon="-73.975131">
        <ele>30</ele>
        <time>2026-05-22T19:02:13.000Z</time>
      </trkpt>
      <trkpt lat="40.787383" lon="-73.975137">
        <ele>30</ele>
        <time>2026-05-22T19:02:14.000Z</time>
      </trkpt>
      <trkpt lat="40.787374" lon="-73.975144">
        <ele>30</ele>
        <time>2026-05-22T19:02:15.000Z</time>
      </trkpt>
      <trkpt lat="40.787365" lon="-73.97515">
        <ele>30</ele>
        <time>2026-05-22T19:02:16.000Z</time>
      </trkpt>
      <trkpt lat="40.787356" lon="-73.975156">
        <ele>30</ele>
        <time>2026-05-22T19:02:17.000Z</time>
      </trkpt>
      <trkpt lat="40.787347" lon="-73.975162">
        <ele>30</ele>
        <time>2026-05-22T19:02:18.000Z</time>
      </trkpt>
      <trkpt lat="40.787338" lon="-73.975168">
        <ele>30</ele>
        <time>2026-05-22T19:02:19.000Z</time>
      </trkpt>
      <trkpt lat="40.787329" lon="-73.975174">
        <ele>29.8</ele>
        <time>2026-05-22T19:02:20.000Z</time>
      </trkpt>
      <trkpt lat="40.787321" lon="-73.975181">
        <ele>29.8</ele>
        <time>2026-05-22T19:02:21.000Z</time>
      </trkpt>
      <trkpt lat="40.787312" lon="-73.975187">
        <ele>29.8</ele>
        <time>2026-05-22T19:02:22.000Z</time>
      </trkpt>
      <trkpt lat="40.787303" lon="-73.975194">
        <ele>29.8</ele>
        <time>2026-05-22T19:02:23.000Z</time>
      </trkpt>
      <trkpt lat="40.787294" lon="-73.975201">
        <ele>29.8</ele>
        <time>2026-05-22T19:02:24.000Z</time>
      </trkpt>
      <trkpt lat="40.787285" lon="-73.975209">
        <ele>29.8</ele>
        <time>2026-05-22T19:02:25.000Z</time>
      </trkpt>
      <trkpt lat="40.787276" lon="-73.975216">
        <ele>29.8</ele>
        <time>2026-05-22T19:02:26.000Z</time>
      </trkpt>
      <trkpt lat="40.787267" lon="-73.975224">
        <ele>29.8</ele>
        <time>2026-05-22T19:02:27.000Z</time>
      </trkpt>
      <trkpt lat="40.787257" lon="-73.975232">
        <ele>29.8</ele>
        <time>2026-05-22T19:02:28.000Z</time>
      </trkpt>
      <trkpt lat="40.787247" lon="-73.975239">
        <ele>29.8</ele>
        <time>2026-05-22T19:02:29.000Z</time>
      </trkpt>
      <trkpt lat="40.787237" lon="-73.975247">
        <ele>29.8</ele>
        <time>2026-05-22T19:02:30.000Z</time>
      </trkpt>
      <trkpt lat="40.787227" lon="-73.975255">
        <ele>29.6</ele>
        <time>2026-05-22T19:02:31.000Z</time>
      </trkpt>
      <trkpt lat="40.787217" lon="-73.975263">
        <ele>29.6</ele>
        <time>2026-05-22T19:02:32.000Z</time>
      </trkpt>
      <trkpt lat="40.787207" lon="-73.97527">
        <ele>29.6</ele>
        <time>2026-05-22T19:02:33.000Z</time>
      </trkpt>
      <trkpt lat="40.787197" lon="-73.975279">
        <ele>29.6</ele>
        <time>2026-05-22T19:02:34.000Z</time>
      </trkpt>
      <trkpt lat="40.787186" lon="-73.975287">
        <ele>29.6</ele>
        <time>2026-05-22T19:02:35.000Z</time>
      </trkpt>
      <trkpt lat="40.787171" lon="-73.975299">
        <ele>29.6</ele>
        <time>2026-05-22T19:02:36.000Z</time>
      </trkpt>
      <trkpt lat="40.787165" lon="-73.975303">
        <ele>29.6</ele>
        <time>2026-05-22T19:02:37.000Z</time>
      </trkpt>
      <trkpt lat="40.787155" lon="-73.975311">
        <ele>29.6</ele>
        <time>2026-05-22T19:02:38.000Z</time>
      </trkpt>
      <trkpt lat="40.787145" lon="-73.975318">
        <ele>29.6</ele>
        <time>2026-05-22T19:02:39.000Z</time>
      </trkpt>
      <trkpt lat="40.787134" lon="-73.975326">
        <ele>29.6</ele>
        <time>2026-05-22T19:02:40.000Z</time>
      </trkpt>
      <trkpt lat="40.787124" lon="-73.975333">
        <ele>29.6</ele>
        <time>2026-05-22T19:02:41.000Z</time>
      </trkpt>
      <trkpt lat="40.787115" lon="-73.975339">
        <ele>29.6</ele>
        <time>2026-05-22T19:02:42.000Z</time>
      </trkpt>
      <trkpt lat="40.787105" lon="-73.975344">
        <ele>29.6</ele>
        <time>2026-05-22T19:02:43.000Z</time>
      </trkpt>
      <trkpt lat="40.787096" lon="-73.975348">
        <ele>29.6</ele>
        <time>2026-05-22T19:02:44.000Z</time>
      </trkpt>
      <trkpt lat="40.787087" lon="-73.975351">
        <ele>29.6</ele>
        <time>2026-05-22T19:02:45.000Z</time>
      </trkpt>
      <trkpt lat="40.787078" lon="-73.975352">
        <ele>29.6</ele>
        <time>2026-05-22T19:02:46.000Z</time>
      </trkpt>
      <trkpt lat="40.787069" lon="-73.975351">
        <ele>29.6</ele>
        <time>2026-05-22T19:02:47.000Z</time>
      </trkpt>
      <trkpt lat="40.787061" lon="-73.975349">
        <ele>29.6</ele>
        <time>2026-05-22T19:02:48.000Z</time>
      </trkpt>
      <trkpt lat="40.787053" lon="-73.975345">
        <ele>29.6</ele>
        <time>2026-05-22T19:02:49.000Z</time>
      </trkpt>
      <trkpt lat="40.787045" lon="-73.97534">
        <ele>29.6</ele>
        <time>2026-05-22T19:02:50.000Z</time>
      </trkpt>
      <trkpt lat="40.787034" lon="-73.975328">
        <ele>29.4</ele>
        <time>2026-05-22T19:02:51.000Z</time>
      </trkpt>
      <trkpt lat="40.787026" lon="-73.975318">
        <ele>29.2</ele>
        <time>2026-05-22T19:02:52.000Z</time>
      </trkpt>
      <trkpt lat="40.787019" lon="-73.975307">
        <ele>29.2</ele>
        <time>2026-05-22T19:02:53.000Z</time>
      </trkpt>
      <trkpt lat="40.787012" lon="-73.975295">
        <ele>29</ele>
        <time>2026-05-22T19:02:54.000Z</time>
      </trkpt>
      <trkpt lat="40.787005" lon="-73.975282">
        <ele>29</ele>
        <time>2026-05-22T19:02:55.000Z</time>
      </trkpt>
      <trkpt lat="40.786998" lon="-73.975269">
        <ele>29</ele>
        <time>2026-05-22T19:02:56.000Z</time>
      </trkpt>
      <trkpt lat="40.786991" lon="-73.975254">
        <ele>28.8</ele>
        <time>2026-05-22T19:02:57.000Z</time>
      </trkpt>
      <trkpt lat="40.786984" lon="-73.975239">
        <ele>28.8</ele>
        <time>2026-05-22T19:02:58.000Z</time>
      </trkpt>
      <trkpt lat="40.786977" lon="-73.975224">
        <ele>28.8</ele>
        <time>2026-05-22T19:02:59.000Z</time>
      </trkpt>
      <trkpt lat="40.786969" lon="-73.975207">
        <ele>28.8</ele>
        <time>2026-05-22T19:03:00.000Z</time>
      </trkpt>
      <trkpt lat="40.786962" lon="-73.975191">
        <ele>28.6</ele>
        <time>2026-05-22T19:03:01.000Z</time>
      </trkpt>
      <trkpt lat="40.786955" lon="-73.975174">
        <ele>28.6</ele>
        <time>2026-05-22T19:03:02.000Z</time>
      </trkpt>
      <trkpt lat="40.786948" lon="-73.975157">
        <ele>28.6</ele>
        <time>2026-05-22T19:03:03.000Z</time>
      </trkpt>
      <trkpt lat="40.786941" lon="-73.975141">
        <ele>28.6</ele>
        <time>2026-05-22T19:03:04.000Z</time>
      </trkpt>
      <trkpt lat="40.786933" lon="-73.975125">
        <ele>28.8</ele>
        <time>2026-05-22T19:03:05.000Z</time>
      </trkpt>
      <trkpt lat="40.786926" lon="-73.975109">
        <ele>28.8</ele>
        <time>2026-05-22T19:03:06.000Z</time>
      </trkpt>
      <trkpt lat="40.786918" lon="-73.975094">
        <ele>28.8</ele>
        <time>2026-05-22T19:03:07.000Z</time>
      </trkpt>
      <trkpt lat="40.786911" lon="-73.97508">
        <ele>29</ele>
        <time>2026-05-22T19:03:08.000Z</time>
      </trkpt>
      <trkpt lat="40.786903" lon="-73.975066">
        <ele>29</ele>
        <time>2026-05-22T19:03:09.000Z</time>
      </trkpt>
      <trkpt lat="40.786895" lon="-73.975052">
        <ele>29</ele>
        <time>2026-05-22T19:03:10.000Z</time>
      </trkpt>
      <trkpt lat="40.786888" lon="-73.975039">
        <ele>29.2</ele>
        <time>2026-05-22T19:03:11.000Z</time>
      </trkpt>
      <trkpt lat="40.78688" lon="-73.975026">
        <ele>29.2</ele>
        <time>2026-05-22T19:03:12.000Z</time>
      </trkpt>
      <trkpt lat="40.78688" lon="-73.975026">
        <ele>29.2</ele>
        <time>2026-05-22T19:03:13.000Z</time>
      </trkpt>
      <trkpt lat="40.78687" lon="-73.975009">
        <ele>29.4</ele>
        <time>2026-05-22T19:03:14.000Z</time>
      </trkpt>
      <trkpt lat="40.786862" lon="-73.974997">
        <ele>29.4</ele>
        <time>2026-05-22T19:03:15.000Z</time>
      </trkpt>
      <trkpt lat="40.786855" lon="-73.974985">
        <ele>29.6</ele>
        <time>2026-05-22T19:03:16.000Z</time>
      </trkpt>
      <trkpt lat="40.786848" lon="-73.974973">
        <ele>29.6</ele>
        <time>2026-05-22T19:03:17.000Z</time>
      </trkpt>
      <trkpt lat="40.786841" lon="-73.974961">
        <ele>29.6</ele>
        <time>2026-05-22T19:03:18.000Z</time>
      </trkpt>
      <trkpt lat="40.786835" lon="-73.974949">
        <ele>29.6</ele>
        <time>2026-05-22T19:03:19.000Z</time>
      </trkpt>
      <trkpt lat="40.786829" lon="-73.974937">
        <ele>29.6</ele>
        <time>2026-05-22T19:03:20.000Z</time>
      </trkpt>
      <trkpt lat="40.786823" lon="-73.974925">
        <ele>29.8</ele>
        <time>2026-05-22T19:03:21.000Z</time>
      </trkpt>
      <trkpt lat="40.786817" lon="-73.974913">
        <ele>29.8</ele>
        <time>2026-05-22T19:03:22.000Z</time>
      </trkpt>
      <trkpt lat="40.786811" lon="-73.974901">
        <ele>29.8</ele>
        <time>2026-05-22T19:03:23.000Z</time>
      </trkpt>
      <trkpt lat="40.786805" lon="-73.974888">
        <ele>29.8</ele>
        <time>2026-05-22T19:03:24.000Z</time>
      </trkpt>
      <trkpt lat="40.7868" lon="-73.974876">
        <ele>29.8</ele>
        <time>2026-05-22T19:03:25.000Z</time>
      </trkpt>
      <trkpt lat="40.786794" lon="-73.974863">
        <ele>29.8</ele>
        <time>2026-05-22T19:03:26.000Z</time>
      </trkpt>
      <trkpt lat="40.786788" lon="-73.974851">
        <ele>29.8</ele>
        <time>2026-05-22T19:03:27.000Z</time>
      </trkpt>
      <trkpt lat="40.786783" lon="-73.974838">
        <ele>29.8</ele>
        <time>2026-05-22T19:03:28.000Z</time>
      </trkpt>
      <trkpt lat="40.786777" lon="-73.974825">
        <ele>29.8</ele>
        <time>2026-05-22T19:03:29.000Z</time>
      </trkpt>
      <trkpt lat="40.786772" lon="-73.974812">
        <ele>29.8</ele>
        <time>2026-05-22T19:03:30.000Z</time>
      </trkpt>
      <trkpt lat="40.786766" lon="-73.974799">
        <ele>29.8</ele>
        <time>2026-05-22T19:03:31.000Z</time>
      </trkpt>
      <trkpt lat="40.786761" lon="-73.974786">
        <ele>29.8</ele>
        <time>2026-05-22T19:03:32.000Z</time>
      </trkpt>
      <trkpt lat="40.786755" lon="-73.974773">
        <ele>29.8</ele>
        <time>2026-05-22T19:03:33.000Z</time>
      </trkpt>
      <trkpt lat="40.78675" lon="-73.97476">
        <ele>29.8</ele>
        <time>2026-05-22T19:03:34.000Z</time>
      </trkpt>
      <trkpt lat="40.786745" lon="-73.974747">
        <ele>29.8</ele>
        <time>2026-05-22T19:03:35.000Z</time>
      </trkpt>
      <trkpt lat="40.786739" lon="-73.974733">
        <ele>30</ele>
        <time>2026-05-22T19:03:36.000Z</time>
      </trkpt>
      <trkpt lat="40.786734" lon="-73.97472">
        <ele>30</ele>
        <time>2026-05-22T19:03:37.000Z</time>
      </trkpt>
      <trkpt lat="40.786729" lon="-73.974707">
        <ele>30</ele>
        <time>2026-05-22T19:03:38.000Z</time>
      </trkpt>
      <trkpt lat="40.786723" lon="-73.974694">
        <ele>30</ele>
        <time>2026-05-22T19:03:39.000Z</time>
      </trkpt>
      <trkpt lat="40.786718" lon="-73.974681">
        <ele>30</ele>
        <time>2026-05-22T19:03:40.000Z</time>
      </trkpt>
      <trkpt lat="40.786712" lon="-73.974668">
        <ele>30</ele>
        <time>2026-05-22T19:03:41.000Z</time>
      </trkpt>
      <trkpt lat="40.786707" lon="-73.974655">
        <ele>30</ele>
        <time>2026-05-22T19:03:42.000Z</time>
      </trkpt>
      <trkpt lat="40.786702" lon="-73.974643">
        <ele>30</ele>
        <time>2026-05-22T19:03:43.000Z</time>
      </trkpt>
      <trkpt lat="40.786696" lon="-73.974631">
        <ele>30</ele>
        <time>2026-05-22T19:03:44.000Z</time>
      </trkpt>
      <trkpt lat="40.786692" lon="-73.974619">
        <ele>30</ele>
        <time>2026-05-22T19:03:45.000Z</time>
      </trkpt>
      <trkpt lat="40.786687" lon="-73.974607">
        <ele>30</ele>
        <time>2026-05-22T19:03:46.000Z</time>
      </trkpt>
      <trkpt lat="40.786683" lon="-73.974595">
        <ele>30</ele>
        <time>2026-05-22T19:03:47.000Z</time>
      </trkpt>
      <trkpt lat="40.786678" lon="-73.974584">
        <ele>30</ele>
        <time>2026-05-22T19:03:48.000Z</time>
      </trkpt>
      <trkpt lat="40.786674" lon="-73.974572">
        <ele>30</ele>
        <time>2026-05-22T19:03:49.000Z</time>
      </trkpt>
      <trkpt lat="40.786669" lon="-73.974563">
        <ele>29.8</ele>
        <time>2026-05-22T19:03:50.000Z</time>
      </trkpt>
      <trkpt lat="40.786664" lon="-73.974551">
        <ele>29.8</ele>
        <time>2026-05-22T19:03:51.000Z</time>
      </trkpt>
      <trkpt lat="40.786659" lon="-73.974539">
        <ele>29.8</ele>
        <time>2026-05-22T19:03:52.000Z</time>
      </trkpt>
      <trkpt lat="40.786653" lon="-73.974527">
        <ele>29.8</ele>
        <time>2026-05-22T19:03:53.000Z</time>
      </trkpt>
      <trkpt lat="40.786647" lon="-73.974515">
        <ele>29.8</ele>
        <time>2026-05-22T19:03:54.000Z</time>
      </trkpt>
      <trkpt lat="40.786641" lon="-73.974502">
        <ele>29.6</ele>
        <time>2026-05-22T19:03:55.000Z</time>
      </trkpt>
      <trkpt lat="40.786635" lon="-73.97449">
        <ele>29.6</ele>
        <time>2026-05-22T19:03:56.000Z</time>
      </trkpt>
      <trkpt lat="40.78663" lon="-73.974476">
        <ele>29.6</ele>
        <time>2026-05-22T19:03:57.000Z</time>
      </trkpt>
      <trkpt lat="40.786624" lon="-73.974463">
        <ele>29.6</ele>
        <time>2026-05-22T19:03:58.000Z</time>
      </trkpt>
      <trkpt lat="40.786618" lon="-73.97445">
        <ele>29.6</ele>
        <time>2026-05-22T19:03:59.000Z</time>
      </trkpt>
      <trkpt lat="40.786612" lon="-73.974437">
        <ele>29.4</ele>
        <time>2026-05-22T19:04:00.000Z</time>
      </trkpt>
      <trkpt lat="40.786607" lon="-73.974424">
        <ele>29.4</ele>
        <time>2026-05-22T19:04:01.000Z</time>
      </trkpt>
      <trkpt lat="40.786601" lon="-73.974412">
        <ele>29.4</ele>
        <time>2026-05-22T19:04:02.000Z</time>
      </trkpt>
      <trkpt lat="40.786596" lon="-73.974399">
        <ele>29.4</ele>
        <time>2026-05-22T19:04:03.000Z</time>
      </trkpt>
      <trkpt lat="40.78659" lon="-73.974386">
        <ele>29.4</ele>
        <time>2026-05-22T19:04:04.000Z</time>
      </trkpt>
      <trkpt lat="40.786585" lon="-73.974373">
        <ele>29.4</ele>
        <time>2026-05-22T19:04:05.000Z</time>
      </trkpt>
      <trkpt lat="40.78658" lon="-73.974359">
        <ele>29.4</ele>
        <time>2026-05-22T19:04:06.000Z</time>
      </trkpt>
      <trkpt lat="40.786575" lon="-73.974346">
        <ele>29.4</ele>
        <time>2026-05-22T19:04:07.000Z</time>
      </trkpt>
      <trkpt lat="40.786569" lon="-73.974333">
        <ele>29.4</ele>
        <time>2026-05-22T19:04:08.000Z</time>
      </trkpt>
      <trkpt lat="40.786564" lon="-73.97432">
        <ele>29.4</ele>
        <time>2026-05-22T19:04:09.000Z</time>
      </trkpt>
      <trkpt lat="40.786559" lon="-73.974307">
        <ele>29.4</ele>
        <time>2026-05-22T19:04:10.000Z</time>
      </trkpt>
      <trkpt lat="40.786554" lon="-73.974294">
        <ele>29.6</ele>
        <time>2026-05-22T19:04:11.000Z</time>
      </trkpt>
      <trkpt lat="40.786548" lon="-73.974281">
        <ele>29.6</ele>
        <time>2026-05-22T19:04:12.000Z</time>
      </trkpt>
      <trkpt lat="40.786543" lon="-73.974268">
        <ele>29.6</ele>
        <time>2026-05-22T19:04:13.000Z</time>
      </trkpt>
      <trkpt lat="40.786537" lon="-73.974255">
        <ele>29.6</ele>
        <time>2026-05-22T19:04:14.000Z</time>
      </trkpt>
      <trkpt lat="40.786532" lon="-73.974242">
        <ele>29.8</ele>
        <time>2026-05-22T19:04:15.000Z</time>
      </trkpt>
      <trkpt lat="40.786527" lon="-73.97423">
        <ele>29.8</ele>
        <time>2026-05-22T19:04:16.000Z</time>
      </trkpt>
      <trkpt lat="40.786522" lon="-73.974217">
        <ele>29.8</ele>
        <time>2026-05-22T19:04:17.000Z</time>
      </trkpt>
      <trkpt lat="40.786517" lon="-73.974204">
        <ele>30</ele>
        <time>2026-05-22T19:04:18.000Z</time>
      </trkpt>
      <trkpt lat="40.786512" lon="-73.974191">
        <ele>30</ele>
        <time>2026-05-22T19:04:19.000Z</time>
      </trkpt>
      <trkpt lat="40.786507" lon="-73.974179">
        <ele>30.2</ele>
        <time>2026-05-22T19:04:20.000Z</time>
      </trkpt>
      <trkpt lat="40.786502" lon="-73.974167">
        <ele>30.2</ele>
        <time>2026-05-22T19:04:21.000Z</time>
      </trkpt>
      <trkpt lat="40.786497" lon="-73.974155">
        <ele>30.4</ele>
        <time>2026-05-22T19:04:22.000Z</time>
      </trkpt>
      <trkpt lat="40.786491" lon="-73.974143">
        <ele>30.4</ele>
        <time>2026-05-22T19:04:23.000Z</time>
      </trkpt>
      <trkpt lat="40.786486" lon="-73.974131">
        <ele>30.4</ele>
        <time>2026-05-22T19:04:24.000Z</time>
      </trkpt>
      <trkpt lat="40.786481" lon="-73.974119">
        <ele>30.6</ele>
        <time>2026-05-22T19:04:25.000Z</time>
      </trkpt>
      <trkpt lat="40.786476" lon="-73.974108">
        <ele>30.6</ele>
        <time>2026-05-22T19:04:26.000Z</time>
      </trkpt>
      <trkpt lat="40.78647" lon="-73.974096">
        <ele>30.6</ele>
        <time>2026-05-22T19:04:27.000Z</time>
      </trkpt>
      <trkpt lat="40.786465" lon="-73.974084">
        <ele>30.6</ele>
        <time>2026-05-22T19:04:28.000Z</time>
      </trkpt>
      <trkpt lat="40.78646" lon="-73.974073">
        <ele>30.6</ele>
        <time>2026-05-22T19:04:29.000Z</time>
      </trkpt>
      <trkpt lat="40.786456" lon="-73.974062">
        <ele>30.6</ele>
        <time>2026-05-22T19:04:30.000Z</time>
      </trkpt>
      <trkpt lat="40.786451" lon="-73.974051">
        <ele>30.6</ele>
        <time>2026-05-22T19:04:31.000Z</time>
      </trkpt>
      <trkpt lat="40.786446" lon="-73.974041">
        <ele>30.6</ele>
        <time>2026-05-22T19:04:32.000Z</time>
      </trkpt>
      <trkpt lat="40.786441" lon="-73.97403">
        <ele>30.6</ele>
        <time>2026-05-22T19:04:33.000Z</time>
      </trkpt>
      <trkpt lat="40.786436" lon="-73.974019">
        <ele>30.6</ele>
        <time>2026-05-22T19:04:34.000Z</time>
      </trkpt>
      <trkpt lat="40.786431" lon="-73.974007">
        <ele>30.6</ele>
        <time>2026-05-22T19:04:35.000Z</time>
      </trkpt>
      <trkpt lat="40.786425" lon="-73.973996">
        <ele>30.6</ele>
        <time>2026-05-22T19:04:36.000Z</time>
      </trkpt>
      <trkpt lat="40.78642" lon="-73.973984">
        <ele>30.6</ele>
        <time>2026-05-22T19:04:37.000Z</time>
      </trkpt>
      <trkpt lat="40.786415" lon="-73.973971">
        <ele>30.6</ele>
        <time>2026-05-22T19:04:38.000Z</time>
      </trkpt>
      <trkpt lat="40.786409" lon="-73.973958">
        <ele>30.6</ele>
        <time>2026-05-22T19:04:39.000Z</time>
      </trkpt>
      <trkpt lat="40.786404" lon="-73.973945">
        <ele>30.6</ele>
        <time>2026-05-22T19:04:40.000Z</time>
      </trkpt>
      <trkpt lat="40.786398" lon="-73.973932">
        <ele>30.6</ele>
        <time>2026-05-22T19:04:41.000Z</time>
      </trkpt>
      <trkpt lat="40.786393" lon="-73.973918">
        <ele>30.8</ele>
        <time>2026-05-22T19:04:42.000Z</time>
      </trkpt>
      <trkpt lat="40.786387" lon="-73.973905">
        <ele>30.8</ele>
        <time>2026-05-22T19:04:43.000Z</time>
      </trkpt>
      <trkpt lat="40.786381" lon="-73.973891">
        <ele>30.8</ele>
        <time>2026-05-22T19:04:44.000Z</time>
      </trkpt>
      <trkpt lat="40.786376" lon="-73.973878">
        <ele>30.8</ele>
        <time>2026-05-22T19:04:45.000Z</time>
      </trkpt>
      <trkpt lat="40.78637" lon="-73.973864">
        <ele>30.8</ele>
        <time>2026-05-22T19:04:46.000Z</time>
      </trkpt>
      <trkpt lat="40.786364" lon="-73.973851">
        <ele>30.8</ele>
        <time>2026-05-22T19:04:47.000Z</time>
      </trkpt>
      <trkpt lat="40.786358" lon="-73.973838">
        <ele>30.8</ele>
        <time>2026-05-22T19:04:48.000Z</time>
      </trkpt>
      <trkpt lat="40.786352" lon="-73.973825">
        <ele>30.8</ele>
        <time>2026-05-22T19:04:49.000Z</time>
      </trkpt>
      <trkpt lat="40.786347" lon="-73.973811">
        <ele>30.8</ele>
        <time>2026-05-22T19:04:50.000Z</time>
      </trkpt>
      <trkpt lat="40.786342" lon="-73.973798">
        <ele>30.8</ele>
        <time>2026-05-22T19:04:51.000Z</time>
      </trkpt>
      <trkpt lat="40.786337" lon="-73.973784">
        <ele>30.8</ele>
        <time>2026-05-22T19:04:52.000Z</time>
      </trkpt>
      <trkpt lat="40.786332" lon="-73.973771">
        <ele>30.8</ele>
        <time>2026-05-22T19:04:53.000Z</time>
      </trkpt>
      <trkpt lat="40.786326" lon="-73.973757">
        <ele>30.8</ele>
        <time>2026-05-22T19:04:54.000Z</time>
      </trkpt>
      <trkpt lat="40.786321" lon="-73.973744">
        <ele>30.8</ele>
        <time>2026-05-22T19:04:55.000Z</time>
      </trkpt>
      <trkpt lat="40.786316" lon="-73.973731">
        <ele>30.8</ele>
        <time>2026-05-22T19:04:56.000Z</time>
      </trkpt>
      <trkpt lat="40.786311" lon="-73.973718">
        <ele>30.8</ele>
        <time>2026-05-22T19:04:57.000Z</time>
      </trkpt>
      <trkpt lat="40.786305" lon="-73.973705">
        <ele>30.8</ele>
        <time>2026-05-22T19:04:58.000Z</time>
      </trkpt>
      <trkpt lat="40.7863" lon="-73.973692">
        <ele>30.8</ele>
        <time>2026-05-22T19:04:59.000Z</time>
      </trkpt>
      <trkpt lat="40.786294" lon="-73.973679">
        <ele>30.8</ele>
        <time>2026-05-22T19:05:00.000Z</time>
      </trkpt>
      <trkpt lat="40.786289" lon="-73.973667">
        <ele>30.8</ele>
        <time>2026-05-22T19:05:01.000Z</time>
      </trkpt>
      <trkpt lat="40.786283" lon="-73.973654">
        <ele>30.8</ele>
        <time>2026-05-22T19:05:02.000Z</time>
      </trkpt>
      <trkpt lat="40.786278" lon="-73.973641">
        <ele>30.8</ele>
        <time>2026-05-22T19:05:03.000Z</time>
      </trkpt>
      <trkpt lat="40.786272" lon="-73.973627">
        <ele>30.8</ele>
        <time>2026-05-22T19:05:04.000Z</time>
      </trkpt>
      <trkpt lat="40.786267" lon="-73.973614">
        <ele>30.8</ele>
        <time>2026-05-22T19:05:05.000Z</time>
      </trkpt>
      <trkpt lat="40.786261" lon="-73.973601">
        <ele>30.8</ele>
        <time>2026-05-22T19:05:06.000Z</time>
      </trkpt>
      <trkpt lat="40.786255" lon="-73.973588">
        <ele>30.8</ele>
        <time>2026-05-22T19:05:07.000Z</time>
      </trkpt>
      <trkpt lat="40.78625" lon="-73.973575">
        <ele>30.8</ele>
        <time>2026-05-22T19:05:08.000Z</time>
      </trkpt>
      <trkpt lat="40.786244" lon="-73.973563">
        <ele>30.8</ele>
        <time>2026-05-22T19:05:09.000Z</time>
      </trkpt>
      <trkpt lat="40.786238" lon="-73.97355">
        <ele>30.8</ele>
        <time>2026-05-22T19:05:10.000Z</time>
      </trkpt>
      <trkpt lat="40.786233" lon="-73.973537">
        <ele>30.8</ele>
        <time>2026-05-22T19:05:11.000Z</time>
      </trkpt>
      <trkpt lat="40.786228" lon="-73.973524">
        <ele>30.8</ele>
        <time>2026-05-22T19:05:12.000Z</time>
      </trkpt>
      <trkpt lat="40.786223" lon="-73.973511">
        <ele>30.8</ele>
        <time>2026-05-22T19:05:13.000Z</time>
      </trkpt>
      <trkpt lat="40.786218" lon="-73.973498">
        <ele>30.6</ele>
        <time>2026-05-22T19:05:14.000Z</time>
      </trkpt>
      <trkpt lat="40.786213" lon="-73.973486">
        <ele>30.6</ele>
        <time>2026-05-22T19:05:15.000Z</time>
      </trkpt>
      <trkpt lat="40.786208" lon="-73.973473">
        <ele>30.6</ele>
        <time>2026-05-22T19:05:16.000Z</time>
      </trkpt>
      <trkpt lat="40.786203" lon="-73.973461">
        <ele>30.6</ele>
        <time>2026-05-22T19:05:17.000Z</time>
      </trkpt>
      <trkpt lat="40.786198" lon="-73.973448">
        <ele>30.6</ele>
        <time>2026-05-22T19:05:18.000Z</time>
      </trkpt>
      <trkpt lat="40.786193" lon="-73.973436">
        <ele>30.6</ele>
        <time>2026-05-22T19:05:19.000Z</time>
      </trkpt>
      <trkpt lat="40.786188" lon="-73.973423">
        <ele>30.6</ele>
        <time>2026-05-22T19:05:20.000Z</time>
      </trkpt>
      <trkpt lat="40.786183" lon="-73.973411">
        <ele>30.6</ele>
        <time>2026-05-22T19:05:21.000Z</time>
      </trkpt>
      <trkpt lat="40.786178" lon="-73.973398">
        <ele>30.6</ele>
        <time>2026-05-22T19:05:22.000Z</time>
      </trkpt>
      <trkpt lat="40.786173" lon="-73.973385">
        <ele>30.6</ele>
        <time>2026-05-22T19:05:23.000Z</time>
      </trkpt>
      <trkpt lat="40.786168" lon="-73.973373">
        <ele>30.6</ele>
        <time>2026-05-22T19:05:24.000Z</time>
      </trkpt>
      <trkpt lat="40.786162" lon="-73.97336">
        <ele>30.6</ele>
        <time>2026-05-22T19:05:25.000Z</time>
      </trkpt>
      <trkpt lat="40.786157" lon="-73.973347">
        <ele>30.6</ele>
        <time>2026-05-22T19:05:26.000Z</time>
      </trkpt>
      <trkpt lat="40.786151" lon="-73.973334">
        <ele>30.6</ele>
        <time>2026-05-22T19:05:27.000Z</time>
      </trkpt>
      <trkpt lat="40.786146" lon="-73.973321">
        <ele>30.6</ele>
        <time>2026-05-22T19:05:28.000Z</time>
      </trkpt>
      <trkpt lat="40.786141" lon="-73.973308">
        <ele>30.6</ele>
        <time>2026-05-22T19:05:29.000Z</time>
      </trkpt>
      <trkpt lat="40.786135" lon="-73.973294">
        <ele>30.6</ele>
        <time>2026-05-22T19:05:30.000Z</time>
      </trkpt>
      <trkpt lat="40.78613" lon="-73.973281">
        <ele>30.6</ele>
        <time>2026-05-22T19:05:31.000Z</time>
      </trkpt>
      <trkpt lat="40.786125" lon="-73.973268">
        <ele>30.6</ele>
        <time>2026-05-22T19:05:32.000Z</time>
      </trkpt>
      <trkpt lat="40.786119" lon="-73.973255">
        <ele>30.6</ele>
        <time>2026-05-22T19:05:33.000Z</time>
      </trkpt>
      <trkpt lat="40.786114" lon="-73.973243">
        <ele>30.6</ele>
        <time>2026-05-22T19:05:34.000Z</time>
      </trkpt>
      <trkpt lat="40.786109" lon="-73.97323">
        <ele>30.6</ele>
        <time>2026-05-22T19:05:35.000Z</time>
      </trkpt>
      <trkpt lat="40.786103" lon="-73.973218">
        <ele>30.6</ele>
        <time>2026-05-22T19:05:36.000Z</time>
      </trkpt>
      <trkpt lat="40.786098" lon="-73.973205">
        <ele>30.6</ele>
        <time>2026-05-22T19:05:37.000Z</time>
      </trkpt>
      <trkpt lat="40.786093" lon="-73.973193">
        <ele>30.6</ele>
        <time>2026-05-22T19:05:38.000Z</time>
      </trkpt>
      <trkpt lat="40.786087" lon="-73.97318">
        <ele>30.6</ele>
        <time>2026-05-22T19:05:39.000Z</time>
      </trkpt>
      <trkpt lat="40.786082" lon="-73.973168">
        <ele>30.6</ele>
        <time>2026-05-22T19:05:40.000Z</time>
      </trkpt>
      <trkpt lat="40.786077" lon="-73.973155">
        <ele>30.6</ele>
        <time>2026-05-22T19:05:41.000Z</time>
      </trkpt>
      <trkpt lat="40.786071" lon="-73.973143">
        <ele>30.6</ele>
        <time>2026-05-22T19:05:42.000Z</time>
      </trkpt>
      <trkpt lat="40.786066" lon="-73.97313">
        <ele>30.6</ele>
        <time>2026-05-22T19:05:43.000Z</time>
      </trkpt>
      <trkpt lat="40.786061" lon="-73.973118">
        <ele>30.6</ele>
        <time>2026-05-22T19:05:44.000Z</time>
      </trkpt>
      <trkpt lat="40.786056" lon="-73.973105">
        <ele>30.4</ele>
        <time>2026-05-22T19:05:45.000Z</time>
      </trkpt>
      <trkpt lat="40.786051" lon="-73.973092">
        <ele>30.4</ele>
        <time>2026-05-22T19:05:46.000Z</time>
      </trkpt>
      <trkpt lat="40.786046" lon="-73.973079">
        <ele>30.4</ele>
        <time>2026-05-22T19:05:47.000Z</time>
      </trkpt>
      <trkpt lat="40.78604" lon="-73.973067">
        <ele>30.4</ele>
        <time>2026-05-22T19:05:48.000Z</time>
      </trkpt>
      <trkpt lat="40.786034" lon="-73.973054">
        <ele>30.4</ele>
        <time>2026-05-22T19:05:49.000Z</time>
      </trkpt>
      <trkpt lat="40.786029" lon="-73.973042">
        <ele>30.4</ele>
        <time>2026-05-22T19:05:50.000Z</time>
      </trkpt>
      <trkpt lat="40.786023" lon="-73.97303">
        <ele>30.4</ele>
        <time>2026-05-22T19:05:51.000Z</time>
      </trkpt>
      <trkpt lat="40.786017" lon="-73.973018">
        <ele>30.4</ele>
        <time>2026-05-22T19:05:52.000Z</time>
      </trkpt>
      <trkpt lat="40.786011" lon="-73.973005">
        <ele>30.4</ele>
        <time>2026-05-22T19:05:53.000Z</time>
      </trkpt>
      <trkpt lat="40.786006" lon="-73.972991">
        <ele>30.4</ele>
        <time>2026-05-22T19:05:54.000Z</time>
      </trkpt>
      <trkpt lat="40.786" lon="-73.972978">
        <ele>30.4</ele>
        <time>2026-05-22T19:05:55.000Z</time>
      </trkpt>
      <trkpt lat="40.785994" lon="-73.972964">
        <ele>30.4</ele>
        <time>2026-05-22T19:05:56.000Z</time>
      </trkpt>
      <trkpt lat="40.785989" lon="-73.972951">
        <ele>30.4</ele>
        <time>2026-05-22T19:05:57.000Z</time>
      </trkpt>
      <trkpt lat="40.785984" lon="-73.972938">
        <ele>30.4</ele>
        <time>2026-05-22T19:05:58.000Z</time>
      </trkpt>
      <trkpt lat="40.785979" lon="-73.972924">
        <ele>30.4</ele>
        <time>2026-05-22T19:05:59.000Z</time>
      </trkpt>
      <trkpt lat="40.785974" lon="-73.972911">
        <ele>30.4</ele>
        <time>2026-05-22T19:06:00.000Z</time>
      </trkpt>
      <trkpt lat="40.785969" lon="-73.972898">
        <ele>30.4</ele>
        <time>2026-05-22T19:06:01.000Z</time>
      </trkpt>
      <trkpt lat="40.785964" lon="-73.972885">
        <ele>30.4</ele>
        <time>2026-05-22T19:06:02.000Z</time>
      </trkpt>
      <trkpt lat="40.785959" lon="-73.972873">
        <ele>30.4</ele>
        <time>2026-05-22T19:06:03.000Z</time>
      </trkpt>
      <trkpt lat="40.785954" lon="-73.972861">
        <ele>30.4</ele>
        <time>2026-05-22T19:06:04.000Z</time>
      </trkpt>
      <trkpt lat="40.785949" lon="-73.972849">
        <ele>30.4</ele>
        <time>2026-05-22T19:06:05.000Z</time>
      </trkpt>
      <trkpt lat="40.785944" lon="-73.972837">
        <ele>30.4</ele>
        <time>2026-05-22T19:06:06.000Z</time>
      </trkpt>
      <trkpt lat="40.785939" lon="-73.972826">
        <ele>30.4</ele>
        <time>2026-05-22T19:06:07.000Z</time>
      </trkpt>
      <trkpt lat="40.785935" lon="-73.972815">
        <ele>30.4</ele>
        <time>2026-05-22T19:06:08.000Z</time>
      </trkpt>
      <trkpt lat="40.785931" lon="-73.972805">
        <ele>30.2</ele>
        <time>2026-05-22T19:06:09.000Z</time>
      </trkpt>
      <trkpt lat="40.785928" lon="-73.972795">
        <ele>30.2</ele>
        <time>2026-05-22T19:06:10.000Z</time>
      </trkpt>
      <trkpt lat="40.785924" lon="-73.972787">
        <ele>30.2</ele>
        <time>2026-05-22T19:06:11.000Z</time>
      </trkpt>
      <trkpt lat="40.785921" lon="-73.972778">
        <ele>30.2</ele>
        <time>2026-05-22T19:06:12.000Z</time>
      </trkpt>
      <trkpt lat="40.785918" lon="-73.972771">
        <ele>30.2</ele>
        <time>2026-05-22T19:06:13.000Z</time>
      </trkpt>
      <trkpt lat="40.785915" lon="-73.972765">
        <ele>30.2</ele>
        <time>2026-05-22T19:06:14.000Z</time>
      </trkpt>
      <trkpt lat="40.785913" lon="-73.972761">
        <ele>30.2</ele>
        <time>2026-05-22T19:06:15.000Z</time>
      </trkpt>
      <trkpt lat="40.785911" lon="-73.972757">
        <ele>30.2</ele>
        <time>2026-05-22T19:06:16.000Z</time>
      </trkpt>
      <trkpt lat="40.785908" lon="-73.972752">
        <ele>30.2</ele>
        <time>2026-05-22T19:06:17.000Z</time>
      </trkpt>
      <trkpt lat="40.785907" lon="-73.972749">
        <ele>30</ele>
        <time>2026-05-22T19:06:18.000Z</time>
      </trkpt>
      <trkpt lat="40.785906" lon="-73.972747">
        <ele>30</ele>
        <time>2026-05-22T19:06:19.000Z</time>
      </trkpt>
      <trkpt lat="40.785906" lon="-73.972744">
        <ele>30</ele>
        <time>2026-05-22T19:06:20.000Z</time>
      </trkpt>
      <trkpt lat="40.785905" lon="-73.972742">
        <ele>30</ele>
        <time>2026-05-22T19:06:21.000Z</time>
      </trkpt>
      <trkpt lat="40.785904" lon="-73.972739">
        <ele>30</ele>
        <time>2026-05-22T19:06:22.000Z</time>
      </trkpt>
      <trkpt lat="40.785903" lon="-73.972737">
        <ele>30</ele>
        <time>2026-05-22T19:06:23.000Z</time>
      </trkpt>
      <trkpt lat="40.785902" lon="-73.972735">
        <ele>30</ele>
        <time>2026-05-22T19:06:24.000Z</time>
      </trkpt>
      <trkpt lat="40.785901" lon="-73.972732">
        <ele>30</ele>
        <time>2026-05-22T19:06:25.000Z</time>
      </trkpt>
      <trkpt lat="40.7859" lon="-73.97273">
        <ele>30</ele>
        <time>2026-05-22T19:06:26.000Z</time>
      </trkpt>
      <trkpt lat="40.7859" lon="-73.972727">
        <ele>30</ele>
        <time>2026-05-22T19:06:27.000Z</time>
      </trkpt>
      <trkpt lat="40.785899" lon="-73.972725">
        <ele>30</ele>
        <time>2026-05-22T19:06:28.000Z</time>
      </trkpt>
      <trkpt lat="40.785898" lon="-73.972722">
        <ele>30</ele>
        <time>2026-05-22T19:06:29.000Z</time>
      </trkpt>
      <trkpt lat="40.785897" lon="-73.97272">
        <ele>30</ele>
        <time>2026-05-22T19:06:30.000Z</time>
      </trkpt>
      <trkpt lat="40.785896" lon="-73.972718">
        <ele>30</ele>
        <time>2026-05-22T19:06:31.000Z</time>
      </trkpt>
      <trkpt lat="40.785895" lon="-73.972715">
        <ele>30</ele>
        <time>2026-05-22T19:06:32.000Z</time>
      </trkpt>
      <trkpt lat="40.785894" lon="-73.972713">
        <ele>30</ele>
        <time>2026-05-22T19:06:33.000Z</time>
      </trkpt>
      <trkpt lat="40.785894" lon="-73.97271">
        <ele>30</ele>
        <time>2026-05-22T19:06:34.000Z</time>
      </trkpt>
      <trkpt lat="40.785893" lon="-73.972708">
        <ele>30</ele>
        <time>2026-05-22T19:06:35.000Z</time>
      </trkpt>
      <trkpt lat="40.785892" lon="-73.972705">
        <ele>30</ele>
        <time>2026-05-22T19:06:36.000Z</time>
      </trkpt>
      <trkpt lat="40.785891" lon="-73.972703">
        <ele>30</ele>
        <time>2026-05-22T19:06:37.000Z</time>
      </trkpt>
      <trkpt lat="40.78589" lon="-73.972701">
        <ele>30</ele>
        <time>2026-05-22T19:06:38.000Z</time>
      </trkpt>
      <trkpt lat="40.785889" lon="-73.972698">
        <ele>30</ele>
        <time>2026-05-22T19:06:39.000Z</time>
      </trkpt>
      <trkpt lat="40.785888" lon="-73.972696">
        <ele>30</ele>
        <time>2026-05-22T19:06:40.000Z</time>
      </trkpt>
      <trkpt lat="40.785888" lon="-73.972693">
        <ele>29.8</ele>
        <time>2026-05-22T19:06:41.000Z</time>
      </trkpt>
      <trkpt lat="40.785887" lon="-73.972691">
        <ele>29.8</ele>
        <time>2026-05-22T19:06:42.000Z</time>
      </trkpt>
      <trkpt lat="40.785886" lon="-73.972688">
        <ele>29.8</ele>
        <time>2026-05-22T19:06:43.000Z</time>
      </trkpt>
      <trkpt lat="40.785885" lon="-73.972686">
        <ele>29.8</ele>
        <time>2026-05-22T19:06:44.000Z</time>
      </trkpt>
      <trkpt lat="40.785881" lon="-73.972674">
        <ele>30</ele>
        <time>2026-05-22T19:06:45.000Z</time>
      </trkpt>
      <trkpt lat="40.785877" lon="-73.972661">
        <ele>30</ele>
        <time>2026-05-22T19:06:46.000Z</time>
      </trkpt>
      <trkpt lat="40.785873" lon="-73.972648">
        <ele>30</ele>
        <time>2026-05-22T19:06:47.000Z</time>
      </trkpt>
      <trkpt lat="40.785869" lon="-73.972634">
        <ele>30</ele>
        <time>2026-05-22T19:06:48.000Z</time>
      </trkpt>
      <trkpt lat="40.785865" lon="-73.972623">
        <ele>30</ele>
        <time>2026-05-22T19:06:49.000Z</time>
      </trkpt>
      <trkpt lat="40.78586" lon="-73.97261">
        <ele>30</ele>
        <time>2026-05-22T19:06:50.000Z</time>
      </trkpt>
      <trkpt lat="40.785855" lon="-73.972596">
        <ele>30</ele>
        <time>2026-05-22T19:06:51.000Z</time>
      </trkpt>
      <trkpt lat="40.78585" lon="-73.972582">
        <ele>30</ele>
        <time>2026-05-22T19:06:52.000Z</time>
      </trkpt>
      <trkpt lat="40.785845" lon="-73.972569">
        <ele>30</ele>
        <time>2026-05-22T19:06:53.000Z</time>
      </trkpt>
      <trkpt lat="40.78584" lon="-73.972556">
        <ele>30</ele>
        <time>2026-05-22T19:06:54.000Z</time>
      </trkpt>
      <trkpt lat="40.785835" lon="-73.972544">
        <ele>30</ele>
        <time>2026-05-22T19:06:55.000Z</time>
      </trkpt>
      <trkpt lat="40.78583" lon="-73.972532">
        <ele>30</ele>
        <time>2026-05-22T19:06:56.000Z</time>
      </trkpt>
      <trkpt lat="40.785825" lon="-73.97252">
        <ele>30</ele>
        <time>2026-05-22T19:06:57.000Z</time>
      </trkpt>
      <trkpt lat="40.785819" lon="-73.972508">
        <ele>30</ele>
        <time>2026-05-22T19:06:58.000Z</time>
      </trkpt>
      <trkpt lat="40.785813" lon="-73.972496">
        <ele>30</ele>
        <time>2026-05-22T19:06:59.000Z</time>
      </trkpt>
      <trkpt lat="40.785807" lon="-73.972483">
        <ele>30</ele>
        <time>2026-05-22T19:07:00.000Z</time>
      </trkpt>
      <trkpt lat="40.785802" lon="-73.972472">
        <ele>29.8</ele>
        <time>2026-05-22T19:07:01.000Z</time>
      </trkpt>
      <trkpt lat="40.785797" lon="-73.972461">
        <ele>29.8</ele>
        <time>2026-05-22T19:07:02.000Z</time>
      </trkpt>
      <trkpt lat="40.785792" lon="-73.97245">
        <ele>29.8</ele>
        <time>2026-05-22T19:07:03.000Z</time>
      </trkpt>
      <trkpt lat="40.785787" lon="-73.972439">
        <ele>29.8</ele>
        <time>2026-05-22T19:07:04.000Z</time>
      </trkpt>
      <trkpt lat="40.785782" lon="-73.972428">
        <ele>29.8</ele>
        <time>2026-05-22T19:07:05.000Z</time>
      </trkpt>
      <trkpt lat="40.785778" lon="-73.972417">
        <ele>29.6</ele>
        <time>2026-05-22T19:07:06.000Z</time>
      </trkpt>
      <trkpt lat="40.785773" lon="-73.972407">
        <ele>29.6</ele>
        <time>2026-05-22T19:07:07.000Z</time>
      </trkpt>
      <trkpt lat="40.785769" lon="-73.972395">
        <ele>29.4</ele>
        <time>2026-05-22T19:07:08.000Z</time>
      </trkpt>
      <trkpt lat="40.785764" lon="-73.972384">
        <ele>29.4</ele>
        <time>2026-05-22T19:07:09.000Z</time>
      </trkpt>
      <trkpt lat="40.785759" lon="-73.972372">
        <ele>29.2</ele>
        <time>2026-05-22T19:07:10.000Z</time>
      </trkpt>
      <trkpt lat="40.785754" lon="-73.972359">
        <ele>29.2</ele>
        <time>2026-05-22T19:07:11.000Z</time>
      </trkpt>
      <trkpt lat="40.785749" lon="-73.972346">
        <ele>29.2</ele>
        <time>2026-05-22T19:07:12.000Z</time>
      </trkpt>
      <trkpt lat="40.785744" lon="-73.972333">
        <ele>29</ele>
        <time>2026-05-22T19:07:13.000Z</time>
      </trkpt>
      <trkpt lat="40.785739" lon="-73.972319">
        <ele>29</ele>
        <time>2026-05-22T19:07:14.000Z</time>
      </trkpt>
      <trkpt lat="40.785734" lon="-73.972306">
        <ele>29</ele>
        <time>2026-05-22T19:07:15.000Z</time>
      </trkpt>
      <trkpt lat="40.785728" lon="-73.972291">
        <ele>29</ele>
        <time>2026-05-22T19:07:16.000Z</time>
      </trkpt>
      <trkpt lat="40.785723" lon="-73.972277">
        <ele>29</ele>
        <time>2026-05-22T19:07:17.000Z</time>
      </trkpt>
      <trkpt lat="40.785717" lon="-73.972262">
        <ele>29.2</ele>
        <time>2026-05-22T19:07:18.000Z</time>
      </trkpt>
      <trkpt lat="40.785711" lon="-73.972247">
        <ele>29.2</ele>
        <time>2026-05-22T19:07:19.000Z</time>
      </trkpt>
      <trkpt lat="40.785705" lon="-73.972232">
        <ele>29.4</ele>
        <time>2026-05-22T19:07:20.000Z</time>
      </trkpt>
      <trkpt lat="40.785698" lon="-73.972217">
        <ele>29.4</ele>
        <time>2026-05-22T19:07:21.000Z</time>
      </trkpt>
      <trkpt lat="40.785692" lon="-73.972201">
        <ele>29.6</ele>
        <time>2026-05-22T19:07:22.000Z</time>
      </trkpt>
      <trkpt lat="40.785685" lon="-73.972186">
        <ele>29.8</ele>
        <time>2026-05-22T19:07:23.000Z</time>
      </trkpt>
      <trkpt lat="40.785679" lon="-73.972171">
        <ele>29.8</ele>
        <time>2026-05-22T19:07:24.000Z</time>
      </trkpt>
      <trkpt lat="40.785672" lon="-73.972156">
        <ele>30</ele>
        <time>2026-05-22T19:07:25.000Z</time>
      </trkpt>
      <trkpt lat="40.785666" lon="-73.972142">
        <ele>30</ele>
        <time>2026-05-22T19:07:26.000Z</time>
      </trkpt>
      <trkpt lat="40.78566" lon="-73.972128">
        <ele>30.2</ele>
        <time>2026-05-22T19:07:27.000Z</time>
      </trkpt>
      <trkpt lat="40.785654" lon="-73.972114">
        <ele>30.2</ele>
        <time>2026-05-22T19:07:28.000Z</time>
      </trkpt>
      <trkpt lat="40.785648" lon="-73.9721">
        <ele>30.4</ele>
        <time>2026-05-22T19:07:29.000Z</time>
      </trkpt>
      <trkpt lat="40.785642" lon="-73.972087">
        <ele>30.4</ele>
        <time>2026-05-22T19:07:30.000Z</time>
      </trkpt>
      <trkpt lat="40.785637" lon="-73.972074">
        <ele>30.4</ele>
        <time>2026-05-22T19:07:31.000Z</time>
      </trkpt>
      <trkpt lat="40.785632" lon="-73.972061">
        <ele>30.4</ele>
        <time>2026-05-22T19:07:32.000Z</time>
      </trkpt>
      <trkpt lat="40.785627" lon="-73.972049">
        <ele>30.4</ele>
        <time>2026-05-22T19:07:33.000Z</time>
      </trkpt>
      <trkpt lat="40.785622" lon="-73.972036">
        <ele>30.4</ele>
        <time>2026-05-22T19:07:34.000Z</time>
      </trkpt>
      <trkpt lat="40.785617" lon="-73.972024">
        <ele>30.6</ele>
        <time>2026-05-22T19:07:35.000Z</time>
      </trkpt>
      <trkpt lat="40.785612" lon="-73.972012">
        <ele>30.6</ele>
        <time>2026-05-22T19:07:36.000Z</time>
      </trkpt>
      <trkpt lat="40.785607" lon="-73.972">
        <ele>30.6</ele>
        <time>2026-05-22T19:07:37.000Z</time>
      </trkpt>
      <trkpt lat="40.785601" lon="-73.971987">
        <ele>30.6</ele>
        <time>2026-05-22T19:07:38.000Z</time>
      </trkpt>
      <trkpt lat="40.785596" lon="-73.971976">
        <ele>30.6</ele>
        <time>2026-05-22T19:07:39.000Z</time>
      </trkpt>
      <trkpt lat="40.785591" lon="-73.971964">
        <ele>30.6</ele>
        <time>2026-05-22T19:07:40.000Z</time>
      </trkpt>
      <trkpt lat="40.785585" lon="-73.971952">
        <ele>30.6</ele>
        <time>2026-05-22T19:07:41.000Z</time>
      </trkpt>
      <trkpt lat="40.78558" lon="-73.97194">
        <ele>30.6</ele>
        <time>2026-05-22T19:07:42.000Z</time>
      </trkpt>
      <trkpt lat="40.785573" lon="-73.971927">
        <ele>30.6</ele>
        <time>2026-05-22T19:07:43.000Z</time>
      </trkpt>
      <trkpt lat="40.785567" lon="-73.971915">
        <ele>30.6</ele>
        <time>2026-05-22T19:07:44.000Z</time>
      </trkpt>
      <trkpt lat="40.785561" lon="-73.971902">
        <ele>30.8</ele>
        <time>2026-05-22T19:07:45.000Z</time>
      </trkpt>
      <trkpt lat="40.785556" lon="-73.97189">
        <ele>30.8</ele>
        <time>2026-05-22T19:07:46.000Z</time>
      </trkpt>
      <trkpt lat="40.785551" lon="-73.971877">
        <ele>30.8</ele>
        <time>2026-05-22T19:07:47.000Z</time>
      </trkpt>
      <trkpt lat="40.785546" lon="-73.971867">
        <ele>30.8</ele>
        <time>2026-05-22T19:07:48.000Z</time>
      </trkpt>
      <trkpt lat="40.78554" lon="-73.971852">
        <ele>30.8</ele>
        <time>2026-05-22T19:07:49.000Z</time>
      </trkpt>
      <trkpt lat="40.785535" lon="-73.971842">
        <ele>30.8</ele>
        <time>2026-05-22T19:07:50.000Z</time>
      </trkpt>
      <trkpt lat="40.78553" lon="-73.97183">
        <ele>30.8</ele>
        <time>2026-05-22T19:07:51.000Z</time>
      </trkpt>
      <trkpt lat="40.785524" lon="-73.971816">
        <ele>30.8</ele>
        <time>2026-05-22T19:07:52.000Z</time>
      </trkpt>
      <trkpt lat="40.785518" lon="-73.971804">
        <ele>31</ele>
        <time>2026-05-22T19:07:53.000Z</time>
      </trkpt>
      <trkpt lat="40.785512" lon="-73.971792">
        <ele>31</ele>
        <time>2026-05-22T19:07:54.000Z</time>
      </trkpt>
      <trkpt lat="40.785507" lon="-73.97178">
        <ele>31</ele>
        <time>2026-05-22T19:07:55.000Z</time>
      </trkpt>
      <trkpt lat="40.785501" lon="-73.971768">
        <ele>31</ele>
        <time>2026-05-22T19:07:56.000Z</time>
      </trkpt>
      <trkpt lat="40.785496" lon="-73.971756">
        <ele>31</ele>
        <time>2026-05-22T19:07:57.000Z</time>
      </trkpt>
      <trkpt lat="40.785491" lon="-73.971744">
        <ele>31</ele>
        <time>2026-05-22T19:07:58.000Z</time>
      </trkpt>
      <trkpt lat="40.785486" lon="-73.971731">
        <ele>31.2</ele>
        <time>2026-05-22T19:07:59.000Z</time>
      </trkpt>
      <trkpt lat="40.785481" lon="-73.971719">
        <ele>31.2</ele>
        <time>2026-05-22T19:08:00.000Z</time>
      </trkpt>
      <trkpt lat="40.785476" lon="-73.971706">
        <ele>31.2</ele>
        <time>2026-05-22T19:08:01.000Z</time>
      </trkpt>
      <trkpt lat="40.785471" lon="-73.971694">
        <ele>31.2</ele>
        <time>2026-05-22T19:08:02.000Z</time>
      </trkpt>
      <trkpt lat="40.785467" lon="-73.971682">
        <ele>31.2</ele>
        <time>2026-05-22T19:08:03.000Z</time>
      </trkpt>
      <trkpt lat="40.785462" lon="-73.97167">
        <ele>31.2</ele>
        <time>2026-05-22T19:08:04.000Z</time>
      </trkpt>
      <trkpt lat="40.785458" lon="-73.971658">
        <ele>31.4</ele>
        <time>2026-05-22T19:08:05.000Z</time>
      </trkpt>
      <trkpt lat="40.785453" lon="-73.971646">
        <ele>31.4</ele>
        <time>2026-05-22T19:08:06.000Z</time>
      </trkpt>
      <trkpt lat="40.785449" lon="-73.971634">
        <ele>31.4</ele>
        <time>2026-05-22T19:08:07.000Z</time>
      </trkpt>
      <trkpt lat="40.785444" lon="-73.971623">
        <ele>31.4</ele>
        <time>2026-05-22T19:08:08.000Z</time>
      </trkpt>
      <trkpt lat="40.785439" lon="-73.971611">
        <ele>31.4</ele>
        <time>2026-05-22T19:08:09.000Z</time>
      </trkpt>
      <trkpt lat="40.785435" lon="-73.971599">
        <ele>31.4</ele>
        <time>2026-05-22T19:08:10.000Z</time>
      </trkpt>
      <trkpt lat="40.78543" lon="-73.971588">
        <ele>31.4</ele>
        <time>2026-05-22T19:08:11.000Z</time>
      </trkpt>
      <trkpt lat="40.785425" lon="-73.971577">
        <ele>31.6</ele>
        <time>2026-05-22T19:08:12.000Z</time>
      </trkpt>
      <trkpt lat="40.785421" lon="-73.971566">
        <ele>31.6</ele>
        <time>2026-05-22T19:08:13.000Z</time>
      </trkpt>
      <trkpt lat="40.785418" lon="-73.971558">
        <ele>31.6</ele>
        <time>2026-05-22T19:08:14.000Z</time>
      </trkpt>
      <trkpt lat="40.785413" lon="-73.971547">
        <ele>31.6</ele>
        <time>2026-05-22T19:08:15.000Z</time>
      </trkpt>
      <trkpt lat="40.785409" lon="-73.971535">
        <ele>31.6</ele>
        <time>2026-05-22T19:08:16.000Z</time>
      </trkpt>
      <trkpt lat="40.785404" lon="-73.971524">
        <ele>31.6</ele>
        <time>2026-05-22T19:08:17.000Z</time>
      </trkpt>
      <trkpt lat="40.7854" lon="-73.971512">
        <ele>31.6</ele>
        <time>2026-05-22T19:08:18.000Z</time>
      </trkpt>
      <trkpt lat="40.785395" lon="-73.9715">
        <ele>31.6</ele>
        <time>2026-05-22T19:08:19.000Z</time>
      </trkpt>
      <trkpt lat="40.785389" lon="-73.971488">
        <ele>31.8</ele>
        <time>2026-05-22T19:08:20.000Z</time>
      </trkpt>
      <trkpt lat="40.785384" lon="-73.971476">
        <ele>31.8</ele>
        <time>2026-05-22T19:08:21.000Z</time>
      </trkpt>
      <trkpt lat="40.785379" lon="-73.971463">
        <ele>31.8</ele>
        <time>2026-05-22T19:08:22.000Z</time>
      </trkpt>
      <trkpt lat="40.785374" lon="-73.971451">
        <ele>31.8</ele>
        <time>2026-05-22T19:08:23.000Z</time>
      </trkpt>
      <trkpt lat="40.785369" lon="-73.971439">
        <ele>31.8</ele>
        <time>2026-05-22T19:08:24.000Z</time>
      </trkpt>
      <trkpt lat="40.785364" lon="-73.971426">
        <ele>31.8</ele>
        <time>2026-05-22T19:08:25.000Z</time>
      </trkpt>
      <trkpt lat="40.785359" lon="-73.971414">
        <ele>31.8</ele>
        <time>2026-05-22T19:08:26.000Z</time>
      </trkpt>
      <trkpt lat="40.785354" lon="-73.971401">
        <ele>32</ele>
        <time>2026-05-22T19:08:27.000Z</time>
      </trkpt>
      <trkpt lat="40.785349" lon="-73.971389">
        <ele>32</ele>
        <time>2026-05-22T19:08:28.000Z</time>
      </trkpt>
      <trkpt lat="40.785344" lon="-73.971377">
        <ele>32</ele>
        <time>2026-05-22T19:08:29.000Z</time>
      </trkpt>
      <trkpt lat="40.78534" lon="-73.971364">
        <ele>32</ele>
        <time>2026-05-22T19:08:30.000Z</time>
      </trkpt>
      <trkpt lat="40.785335" lon="-73.971352">
        <ele>32</ele>
        <time>2026-05-22T19:08:31.000Z</time>
      </trkpt>
      <trkpt lat="40.78533" lon="-73.97134">
        <ele>32</ele>
        <time>2026-05-22T19:08:32.000Z</time>
      </trkpt>
      <trkpt lat="40.785325" lon="-73.971328">
        <ele>32</ele>
        <time>2026-05-22T19:08:33.000Z</time>
      </trkpt>
      <trkpt lat="40.78532" lon="-73.971316">
        <ele>32</ele>
        <time>2026-05-22T19:08:34.000Z</time>
      </trkpt>
      <trkpt lat="40.785315" lon="-73.971304">
        <ele>32.2</ele>
        <time>2026-05-22T19:08:35.000Z</time>
      </trkpt>
      <trkpt lat="40.78531" lon="-73.971292">
        <ele>32.2</ele>
        <time>2026-05-22T19:08:36.000Z</time>
      </trkpt>
      <trkpt lat="40.785304" lon="-73.97128">
        <ele>32.2</ele>
        <time>2026-05-22T19:08:37.000Z</time>
      </trkpt>
      <trkpt lat="40.785299" lon="-73.971268">
        <ele>32.2</ele>
        <time>2026-05-22T19:08:38.000Z</time>
      </trkpt>
      <trkpt lat="40.785294" lon="-73.971255">
        <ele>32.2</ele>
        <time>2026-05-22T19:08:39.000Z</time>
      </trkpt>
      <trkpt lat="40.785288" lon="-73.971243">
        <ele>32.2</ele>
        <time>2026-05-22T19:08:40.000Z</time>
      </trkpt>
      <trkpt lat="40.785283" lon="-73.97123">
        <ele>32.2</ele>
        <time>2026-05-22T19:08:41.000Z</time>
      </trkpt>
      <trkpt lat="40.785278" lon="-73.971217">
        <ele>32.2</ele>
        <time>2026-05-22T19:08:42.000Z</time>
      </trkpt>
      <trkpt lat="40.785273" lon="-73.971204">
        <ele>32.2</ele>
        <time>2026-05-22T19:08:43.000Z</time>
      </trkpt>
      <trkpt lat="40.785268" lon="-73.97119">
        <ele>32.2</ele>
        <time>2026-05-22T19:08:44.000Z</time>
      </trkpt>
      <trkpt lat="40.785263" lon="-73.971177">
        <ele>32.2</ele>
        <time>2026-05-22T19:08:45.000Z</time>
      </trkpt>
      <trkpt lat="40.785255" lon="-73.971157">
        <ele>32.2</ele>
        <time>2026-05-22T19:08:46.000Z</time>
      </trkpt>
      <trkpt lat="40.785249" lon="-73.971143">
        <ele>32.2</ele>
        <time>2026-05-22T19:08:47.000Z</time>
      </trkpt>
      <trkpt lat="40.785243" lon="-73.97113">
        <ele>32.2</ele>
        <time>2026-05-22T19:08:48.000Z</time>
      </trkpt>
      <trkpt lat="40.785237" lon="-73.971117">
        <ele>32.2</ele>
        <time>2026-05-22T19:08:49.000Z</time>
      </trkpt>
      <trkpt lat="40.785231" lon="-73.971104">
        <ele>32.2</ele>
        <time>2026-05-22T19:08:50.000Z</time>
      </trkpt>
      <trkpt lat="40.785226" lon="-73.971091">
        <ele>32.2</ele>
        <time>2026-05-22T19:08:51.000Z</time>
      </trkpt>
      <trkpt lat="40.78522" lon="-73.971079">
        <ele>32.4</ele>
        <time>2026-05-22T19:08:52.000Z</time>
      </trkpt>
      <trkpt lat="40.785215" lon="-73.971066">
        <ele>32.4</ele>
        <time>2026-05-22T19:08:53.000Z</time>
      </trkpt>
      <trkpt lat="40.785209" lon="-73.971054">
        <ele>32.4</ele>
        <time>2026-05-22T19:08:54.000Z</time>
      </trkpt>
      <trkpt lat="40.785204" lon="-73.971041">
        <ele>32.4</ele>
        <time>2026-05-22T19:08:55.000Z</time>
      </trkpt>
      <trkpt lat="40.785198" lon="-73.97103">
        <ele>32.4</ele>
        <time>2026-05-22T19:08:56.000Z</time>
      </trkpt>
      <trkpt lat="40.785193" lon="-73.971018">
        <ele>32.4</ele>
        <time>2026-05-22T19:08:57.000Z</time>
      </trkpt>
      <trkpt lat="40.785188" lon="-73.971007">
        <ele>32.4</ele>
        <time>2026-05-22T19:08:58.000Z</time>
      </trkpt>
      <trkpt lat="40.785178" lon="-73.970983">
        <ele>32.4</ele>
        <time>2026-05-22T19:09:00.000Z</time>
      </trkpt>
      <trkpt lat="40.785175" lon="-73.970975">
        <ele>32.6</ele>
        <time>2026-05-22T19:09:01.000Z</time>
      </trkpt>
      <trkpt lat="40.785171" lon="-73.970968">
        <ele>32.6</ele>
        <time>2026-05-22T19:09:02.000Z</time>
      </trkpt>
      <trkpt lat="40.785168" lon="-73.97096">
        <ele>32.6</ele>
        <time>2026-05-22T19:09:03.000Z</time>
      </trkpt>
      <trkpt lat="40.785164" lon="-73.970949">
        <ele>32.6</ele>
        <time>2026-05-22T19:09:04.000Z</time>
      </trkpt>
      <trkpt lat="40.785159" lon="-73.970939">
        <ele>32.8</ele>
        <time>2026-05-22T19:09:05.000Z</time>
      </trkpt>
      <trkpt lat="40.785155" lon="-73.970928">
        <ele>32.8</ele>
        <time>2026-05-22T19:09:06.000Z</time>
      </trkpt>
      <trkpt lat="40.78515" lon="-73.970917">
        <ele>32.8</ele>
        <time>2026-05-22T19:09:07.000Z</time>
      </trkpt>
      <trkpt lat="40.785146" lon="-73.970906">
        <ele>32.8</ele>
        <time>2026-05-22T19:09:08.000Z</time>
      </trkpt>
      <trkpt lat="40.785141" lon="-73.970895">
        <ele>33</ele>
        <time>2026-05-22T19:09:09.000Z</time>
      </trkpt>
      <trkpt lat="40.785136" lon="-73.970883">
        <ele>33</ele>
        <time>2026-05-22T19:09:10.000Z</time>
      </trkpt>
      <trkpt lat="40.785132" lon="-73.970872">
        <ele>33</ele>
        <time>2026-05-22T19:09:11.000Z</time>
      </trkpt>
      <trkpt lat="40.785127" lon="-73.97086">
        <ele>33</ele>
        <time>2026-05-22T19:09:12.000Z</time>
      </trkpt>
      <trkpt lat="40.785122" lon="-73.970848">
        <ele>33.2</ele>
        <time>2026-05-22T19:09:13.000Z</time>
      </trkpt>
      <trkpt lat="40.785117" lon="-73.970837">
        <ele>33.2</ele>
        <time>2026-05-22T19:09:14.000Z</time>
      </trkpt>
      <trkpt lat="40.785112" lon="-73.970825">
        <ele>33.2</ele>
        <time>2026-05-22T19:09:15.000Z</time>
      </trkpt>
      <trkpt lat="40.785108" lon="-73.970813">
        <ele>33.2</ele>
        <time>2026-05-22T19:09:16.000Z</time>
      </trkpt>
      <trkpt lat="40.785103" lon="-73.970801">
        <ele>33.2</ele>
        <time>2026-05-22T19:09:17.000Z</time>
      </trkpt>
      <trkpt lat="40.785098" lon="-73.970788">
        <ele>33.2</ele>
        <time>2026-05-22T19:09:18.000Z</time>
      </trkpt>
      <trkpt lat="40.785093" lon="-73.970776">
        <ele>33.2</ele>
        <time>2026-05-22T19:09:19.000Z</time>
      </trkpt>
      <trkpt lat="40.785088" lon="-73.970764">
        <ele>33.2</ele>
        <time>2026-05-22T19:09:20.000Z</time>
      </trkpt>
      <trkpt lat="40.785083" lon="-73.970751">
        <ele>33.2</ele>
        <time>2026-05-22T19:09:21.000Z</time>
      </trkpt>
      <trkpt lat="40.785078" lon="-73.970739">
        <ele>33.2</ele>
        <time>2026-05-22T19:09:22.000Z</time>
      </trkpt>
      <trkpt lat="40.785072" lon="-73.970727">
        <ele>33.2</ele>
        <time>2026-05-22T19:09:23.000Z</time>
      </trkpt>
      <trkpt lat="40.785067" lon="-73.970714">
        <ele>33.2</ele>
        <time>2026-05-22T19:09:24.000Z</time>
      </trkpt>
      <trkpt lat="40.785062" lon="-73.970702">
        <ele>33.2</ele>
        <time>2026-05-22T19:09:25.000Z</time>
      </trkpt>
      <trkpt lat="40.785057" lon="-73.97069">
        <ele>33.2</ele>
        <time>2026-05-22T19:09:26.000Z</time>
      </trkpt>
      <trkpt lat="40.785052" lon="-73.970678">
        <ele>33.2</ele>
        <time>2026-05-22T19:09:27.000Z</time>
      </trkpt>
      <trkpt lat="40.785047" lon="-73.970666">
        <ele>33.2</ele>
        <time>2026-05-22T19:09:28.000Z</time>
      </trkpt>
      <trkpt lat="40.785042" lon="-73.970654">
        <ele>33.4</ele>
        <time>2026-05-22T19:09:29.000Z</time>
      </trkpt>
      <trkpt lat="40.785037" lon="-73.970643">
        <ele>33.4</ele>
        <time>2026-05-22T19:09:30.000Z</time>
      </trkpt>
      <trkpt lat="40.785032" lon="-73.970631">
        <ele>33.4</ele>
        <time>2026-05-22T19:09:31.000Z</time>
      </trkpt>
      <trkpt lat="40.785027" lon="-73.970619">
        <ele>33.4</ele>
        <time>2026-05-22T19:09:32.000Z</time>
      </trkpt>
      <trkpt lat="40.785022" lon="-73.970608">
        <ele>33.4</ele>
        <time>2026-05-22T19:09:33.000Z</time>
      </trkpt>
      <trkpt lat="40.785016" lon="-73.970596">
        <ele>33.4</ele>
        <time>2026-05-22T19:09:34.000Z</time>
      </trkpt>
      <trkpt lat="40.785011" lon="-73.970584">
        <ele>33.4</ele>
        <time>2026-05-22T19:09:35.000Z</time>
      </trkpt>
      <trkpt lat="40.785005" lon="-73.970573">
        <ele>33.4</ele>
        <time>2026-05-22T19:09:36.000Z</time>
      </trkpt>
      <trkpt lat="40.785" lon="-73.970561">
        <ele>33.4</ele>
        <time>2026-05-22T19:09:37.000Z</time>
      </trkpt>
      <trkpt lat="40.784994" lon="-73.97055">
        <ele>33.4</ele>
        <time>2026-05-22T19:09:38.000Z</time>
      </trkpt>
      <trkpt lat="40.784988" lon="-73.970539">
        <ele>33.4</ele>
        <time>2026-05-22T19:09:39.000Z</time>
      </trkpt>
      <trkpt lat="40.784982" lon="-73.970528">
        <ele>33.4</ele>
        <time>2026-05-22T19:09:40.000Z</time>
      </trkpt>
      <trkpt lat="40.784976" lon="-73.970518">
        <ele>33.4</ele>
        <time>2026-05-22T19:09:41.000Z</time>
      </trkpt>
      <trkpt lat="40.784971" lon="-73.97051">
        <ele>33.6</ele>
        <time>2026-05-22T19:09:42.000Z</time>
      </trkpt>
      <trkpt lat="40.784965" lon="-73.970499">
        <ele>33.6</ele>
        <time>2026-05-22T19:09:43.000Z</time>
      </trkpt>
      <trkpt lat="40.784959" lon="-73.970488">
        <ele>33.6</ele>
        <time>2026-05-22T19:09:44.000Z</time>
      </trkpt>
      <trkpt lat="40.784953" lon="-73.970476">
        <ele>33.8</ele>
        <time>2026-05-22T19:09:45.000Z</time>
      </trkpt>
      <trkpt lat="40.784947" lon="-73.970464">
        <ele>33.8</ele>
        <time>2026-05-22T19:09:46.000Z</time>
      </trkpt>
      <trkpt lat="40.784941" lon="-73.970451">
        <ele>33.8</ele>
        <time>2026-05-22T19:09:47.000Z</time>
      </trkpt>
      <trkpt lat="40.784935" lon="-73.970438">
        <ele>33.8</ele>
        <time>2026-05-22T19:09:48.000Z</time>
      </trkpt>
      <trkpt lat="40.784928" lon="-73.970425">
        <ele>34</ele>
        <time>2026-05-22T19:09:49.000Z</time>
      </trkpt>
      <trkpt lat="40.784922" lon="-73.970411">
        <ele>34</ele>
        <time>2026-05-22T19:09:50.000Z</time>
      </trkpt>
      <trkpt lat="40.784916" lon="-73.970398">
        <ele>34</ele>
        <time>2026-05-22T19:09:51.000Z</time>
      </trkpt>
      <trkpt lat="40.78491" lon="-73.970384">
        <ele>34.2</ele>
        <time>2026-05-22T19:09:52.000Z</time>
      </trkpt>
      <trkpt lat="40.784904" lon="-73.97037">
        <ele>34.2</ele>
        <time>2026-05-22T19:09:53.000Z</time>
      </trkpt>
      <trkpt lat="40.784898" lon="-73.970357">
        <ele>34.2</ele>
        <time>2026-05-22T19:09:54.000Z</time>
      </trkpt>
      <trkpt lat="40.784893" lon="-73.970344">
        <ele>34.2</ele>
        <time>2026-05-22T19:09:55.000Z</time>
      </trkpt>
      <trkpt lat="40.784888" lon="-73.97033">
        <ele>34.2</ele>
        <time>2026-05-22T19:09:56.000Z</time>
      </trkpt>
      <trkpt lat="40.784883" lon="-73.970317">
        <ele>34.4</ele>
        <time>2026-05-22T19:09:57.000Z</time>
      </trkpt>
      <trkpt lat="40.784878" lon="-73.970303">
        <ele>34.4</ele>
        <time>2026-05-22T19:09:58.000Z</time>
      </trkpt>
      <trkpt lat="40.784874" lon="-73.97029">
        <ele>34.4</ele>
        <time>2026-05-22T19:09:59.000Z</time>
      </trkpt>
      <trkpt lat="40.78487" lon="-73.970277">
        <ele>34.4</ele>
        <time>2026-05-22T19:10:00.000Z</time>
      </trkpt>
      <trkpt lat="40.784866" lon="-73.970264">
        <ele>34.4</ele>
        <time>2026-05-22T19:10:01.000Z</time>
      </trkpt>
      <trkpt lat="40.784863" lon="-73.970251">
        <ele>34.4</ele>
        <time>2026-05-22T19:10:02.000Z</time>
      </trkpt>
      <trkpt lat="40.784859" lon="-73.970238">
        <ele>34.4</ele>
        <time>2026-05-22T19:10:03.000Z</time>
      </trkpt>
      <trkpt lat="40.784855" lon="-73.970225">
        <ele>34.6</ele>
        <time>2026-05-22T19:10:04.000Z</time>
      </trkpt>
      <trkpt lat="40.784851" lon="-73.970212">
        <ele>34.6</ele>
        <time>2026-05-22T19:10:05.000Z</time>
      </trkpt>
      <trkpt lat="40.784847" lon="-73.970199">
        <ele>34.6</ele>
        <time>2026-05-22T19:10:06.000Z</time>
      </trkpt>
      <trkpt lat="40.784843" lon="-73.970186">
        <ele>34.6</ele>
        <time>2026-05-22T19:10:07.000Z</time>
      </trkpt>
      <trkpt lat="40.784838" lon="-73.970172">
        <ele>34.6</ele>
        <time>2026-05-22T19:10:08.000Z</time>
      </trkpt>
      <trkpt lat="40.784834" lon="-73.970159">
        <ele>34.6</ele>
        <time>2026-05-22T19:10:09.000Z</time>
      </trkpt>
      <trkpt lat="40.784829" lon="-73.970147">
        <ele>34.8</ele>
        <time>2026-05-22T19:10:10.000Z</time>
      </trkpt>
      <trkpt lat="40.784825" lon="-73.970134">
        <ele>34.8</ele>
        <time>2026-05-22T19:10:11.000Z</time>
      </trkpt>
      <trkpt lat="40.784821" lon="-73.970122">
        <ele>34.8</ele>
        <time>2026-05-22T19:10:12.000Z</time>
      </trkpt>
      <trkpt lat="40.784816" lon="-73.970111">
        <ele>34.8</ele>
        <time>2026-05-22T19:10:13.000Z</time>
      </trkpt>
      <trkpt lat="40.784812" lon="-73.970099">
        <ele>34.8</ele>
        <time>2026-05-22T19:10:14.000Z</time>
      </trkpt>
      <trkpt lat="40.784808" lon="-73.970088">
        <ele>34.8</ele>
        <time>2026-05-22T19:10:15.000Z</time>
      </trkpt>
      <trkpt lat="40.784805" lon="-73.970077">
        <ele>35</ele>
        <time>2026-05-22T19:10:16.000Z</time>
      </trkpt>
      <trkpt lat="40.784801" lon="-73.970066">
        <ele>35</ele>
        <time>2026-05-22T19:10:17.000Z</time>
      </trkpt>
      <trkpt lat="40.784798" lon="-73.970056">
        <ele>35</ele>
        <time>2026-05-22T19:10:18.000Z</time>
      </trkpt>
      <trkpt lat="40.784794" lon="-73.970047">
        <ele>35</ele>
        <time>2026-05-22T19:10:19.000Z</time>
      </trkpt>
      <trkpt lat="40.784791" lon="-73.970037">
        <ele>35</ele>
        <time>2026-05-22T19:10:20.000Z</time>
      </trkpt>
      <trkpt lat="40.784787" lon="-73.970029">
        <ele>35</ele>
        <time>2026-05-22T19:10:21.000Z</time>
      </trkpt>
      <trkpt lat="40.784783" lon="-73.970021">
        <ele>35.2</ele>
        <time>2026-05-22T19:10:22.000Z</time>
      </trkpt>
      <trkpt lat="40.784779" lon="-73.970014">
        <ele>35.2</ele>
        <time>2026-05-22T19:10:23.000Z</time>
      </trkpt>
      <trkpt lat="40.784775" lon="-73.970007">
        <ele>35.2</ele>
        <time>2026-05-22T19:10:24.000Z</time>
      </trkpt>
      <trkpt lat="40.784771" lon="-73.97">
        <ele>35.2</ele>
        <time>2026-05-22T19:10:25.000Z</time>
      </trkpt>
      <trkpt lat="40.784767" lon="-73.969993">
        <ele>35.2</ele>
        <time>2026-05-22T19:10:26.000Z</time>
      </trkpt>
      <trkpt lat="40.784763" lon="-73.969987">
        <ele>35.2</ele>
        <time>2026-05-22T19:10:27.000Z</time>
      </trkpt>
      <trkpt lat="40.784759" lon="-73.96998">
        <ele>35.2</ele>
        <time>2026-05-22T19:10:28.000Z</time>
      </trkpt>
      <trkpt lat="40.784756" lon="-73.969974">
        <ele>35.2</ele>
        <time>2026-05-22T19:10:29.000Z</time>
      </trkpt>
      <trkpt lat="40.784754" lon="-73.969967">
        <ele>35.2</ele>
        <time>2026-05-22T19:10:30.000Z</time>
      </trkpt>
      <trkpt lat="40.784752" lon="-73.969962">
        <ele>35.2</ele>
        <time>2026-05-22T19:10:31.000Z</time>
      </trkpt>
      <trkpt lat="40.784751" lon="-73.969958">
        <ele>35.2</ele>
        <time>2026-05-22T19:10:32.000Z</time>
      </trkpt>
      <trkpt lat="40.784749" lon="-73.969956">
        <ele>35.2</ele>
        <time>2026-05-22T19:10:33.000Z</time>
      </trkpt>
      <trkpt lat="40.784749" lon="-73.969955">
        <ele>35.2</ele>
        <time>2026-05-22T19:10:34.000Z</time>
      </trkpt>
      <trkpt lat="40.784748" lon="-73.969954">
        <ele>35.2</ele>
        <time>2026-05-22T19:10:35.000Z</time>
      </trkpt>
      <trkpt lat="40.784747" lon="-73.969953">
        <ele>35.2</ele>
        <time>2026-05-22T19:10:36.000Z</time>
      </trkpt>
      <trkpt lat="40.784747" lon="-73.969951">
        <ele>35</ele>
        <time>2026-05-22T19:10:37.000Z</time>
      </trkpt>
      <trkpt lat="40.784746" lon="-73.96995">
        <ele>35</ele>
        <time>2026-05-22T19:10:38.000Z</time>
      </trkpt>
      <trkpt lat="40.784746" lon="-73.969947">
        <ele>35</ele>
        <time>2026-05-22T19:10:39.000Z</time>
      </trkpt>
      <trkpt lat="40.784745" lon="-73.969946">
        <ele>35</ele>
        <time>2026-05-22T19:10:40.000Z</time>
      </trkpt>
      <trkpt lat="40.784745" lon="-73.969945">
        <ele>35</ele>
        <time>2026-05-22T19:10:41.000Z</time>
      </trkpt>
      <trkpt lat="40.784744" lon="-73.969945">
        <ele>35</ele>
        <time>2026-05-22T19:10:42.000Z</time>
      </trkpt>
      <trkpt lat="40.784744" lon="-73.969945">
        <ele>35</ele>
        <time>2026-05-22T19:10:43.000Z</time>
      </trkpt>
      <trkpt lat="40.784744" lon="-73.969945">
        <ele>35</ele>
        <time>2026-05-22T19:10:44.000Z</time>
      </trkpt>
      <trkpt lat="40.784744" lon="-73.969946">
        <ele>35</ele>
        <time>2026-05-22T19:10:45.000Z</time>
      </trkpt>
      <trkpt lat="40.784744" lon="-73.969946">
        <ele>35</ele>
        <time>2026-05-22T19:10:46.000Z</time>
      </trkpt>
      <trkpt lat="40.784743" lon="-73.969946">
        <ele>35</ele>
        <time>2026-05-22T19:10:47.000Z</time>
      </trkpt>
      <trkpt lat="40.784743" lon="-73.969946">
        <ele>34.8</ele>
        <time>2026-05-22T19:10:48.000Z</time>
      </trkpt>
      <trkpt lat="40.784743" lon="-73.969947">
        <ele>34.8</ele>
        <time>2026-05-22T19:10:49.000Z</time>
      </trkpt>
      <trkpt lat="40.784743" lon="-73.969947">
        <ele>34.8</ele>
        <time>2026-05-22T19:10:50.000Z</time>
      </trkpt>
      <trkpt lat="40.784742" lon="-73.969947">
        <ele>34.8</ele>
        <time>2026-05-22T19:10:51.000Z</time>
      </trkpt>
      <trkpt lat="40.784742" lon="-73.969948">
        <ele>34.8</ele>
        <time>2026-05-22T19:10:52.000Z</time>
      </trkpt>
      <trkpt lat="40.784742" lon="-73.969948">
        <ele>34.8</ele>
        <time>2026-05-22T19:10:53.000Z</time>
      </trkpt>
      <trkpt lat="40.784742" lon="-73.969948">
        <ele>34.8</ele>
        <time>2026-05-22T19:10:54.000Z</time>
      </trkpt>
      <trkpt lat="40.784741" lon="-73.969948">
        <ele>34.8</ele>
        <time>2026-05-22T19:10:55.000Z</time>
      </trkpt>
      <trkpt lat="40.784741" lon="-73.969948">
        <ele>34.8</ele>
        <time>2026-05-22T19:10:56.000Z</time>
      </trkpt>
      <trkpt lat="40.784741" lon="-73.969949">
        <ele>34.8</ele>
        <time>2026-05-22T19:10:57.000Z</time>
      </trkpt>
      <trkpt lat="40.784741" lon="-73.969949">
        <ele>34.8</ele>
        <time>2026-05-22T19:10:58.000Z</time>
      </trkpt>
      <trkpt lat="40.78474" lon="-73.969949">
        <ele>34.8</ele>
        <time>2026-05-22T19:10:59.000Z</time>
      </trkpt>
      <trkpt lat="40.78474" lon="-73.969949">
        <ele>34.8</ele>
        <time>2026-05-22T19:11:00.000Z</time>
      </trkpt>
      <trkpt lat="40.784739" lon="-73.96995">
        <ele>34.8</ele>
        <time>2026-05-22T19:11:01.000Z</time>
      </trkpt>
      <trkpt lat="40.784738" lon="-73.96995">
        <ele>34.8</ele>
        <time>2026-05-22T19:11:02.000Z</time>
      </trkpt>
      <trkpt lat="40.784738" lon="-73.969951">
        <ele>34.8</ele>
        <time>2026-05-22T19:11:03.000Z</time>
      </trkpt>
      <trkpt lat="40.784737" lon="-73.969951">
        <ele>34.8</ele>
        <time>2026-05-22T19:11:04.000Z</time>
      </trkpt>
      <trkpt lat="40.784736" lon="-73.969951">
        <ele>34.8</ele>
        <time>2026-05-22T19:11:05.000Z</time>
      </trkpt>
      <trkpt lat="40.784735" lon="-73.969951">
        <ele>34.8</ele>
        <time>2026-05-22T19:11:06.000Z</time>
      </trkpt>
      <trkpt lat="40.784735" lon="-73.969952">
        <ele>34.8</ele>
        <time>2026-05-22T19:11:07.000Z</time>
      </trkpt>
      <trkpt lat="40.784735" lon="-73.969952">
        <ele>34.8</ele>
        <time>2026-05-22T19:11:08.000Z</time>
      </trkpt>
      <trkpt lat="40.784734" lon="-73.969953">
        <ele>34.6</ele>
        <time>2026-05-22T19:11:09.000Z</time>
      </trkpt>
      <trkpt lat="40.784734" lon="-73.969953">
        <ele>34.6</ele>
        <time>2026-05-22T19:11:10.000Z</time>
      </trkpt>
      <trkpt lat="40.784734" lon="-73.969953">
        <ele>34.6</ele>
        <time>2026-05-22T19:11:11.000Z</time>
      </trkpt>
      <trkpt lat="40.784734" lon="-73.969954">
        <ele>34.6</ele>
        <time>2026-05-22T19:11:12.000Z</time>
      </trkpt>
      <trkpt lat="40.784734" lon="-73.969954">
        <ele>34.6</ele>
        <time>2026-05-22T19:11:13.000Z</time>
      </trkpt>
      <trkpt lat="40.784734" lon="-73.969953">
        <ele>34.6</ele>
        <time>2026-05-22T19:11:14.000Z</time>
      </trkpt>
      <trkpt lat="40.784734" lon="-73.969953">
        <ele>34.6</ele>
        <time>2026-05-22T19:11:15.000Z</time>
      </trkpt>
      <trkpt lat="40.784734" lon="-73.969952">
        <ele>34.6</ele>
        <time>2026-05-22T19:11:16.000Z</time>
      </trkpt>
      <trkpt lat="40.784734" lon="-73.969951">
        <ele>34.6</ele>
        <time>2026-05-22T19:11:17.000Z</time>
      </trkpt>
      <trkpt lat="40.784734" lon="-73.969951">
        <ele>34.6</ele>
        <time>2026-05-22T19:11:18.000Z</time>
      </trkpt>
      <trkpt lat="40.784735" lon="-73.96995">
        <ele>34.6</ele>
        <time>2026-05-22T19:11:19.000Z</time>
      </trkpt>
      <trkpt lat="40.784736" lon="-73.96995">
        <ele>34.6</ele>
        <time>2026-05-22T19:11:20.000Z</time>
      </trkpt>
      <trkpt lat="40.784738" lon="-73.969951">
        <ele>34.6</ele>
        <time>2026-05-22T19:11:21.000Z</time>
      </trkpt>
      <trkpt lat="40.784738" lon="-73.969952">
        <ele>34.4</ele>
        <time>2026-05-22T19:11:22.000Z</time>
      </trkpt>
      <trkpt lat="40.784738" lon="-73.969953">
        <ele>34.4</ele>
        <time>2026-05-22T19:11:23.000Z</time>
      </trkpt>
      <trkpt lat="40.784738" lon="-73.969953">
        <ele>34.4</ele>
        <time>2026-05-22T19:11:24.000Z</time>
      </trkpt>
      <trkpt lat="40.784738" lon="-73.969954">
        <ele>34.4</ele>
        <time>2026-05-22T19:11:25.000Z</time>
      </trkpt>
      <trkpt lat="40.784738" lon="-73.969954">
        <ele>34.2</ele>
        <time>2026-05-22T19:11:26.000Z</time>
      </trkpt>
      <trkpt lat="40.784738" lon="-73.969954">
        <ele>34.2</ele>
        <time>2026-05-22T19:11:27.000Z</time>
      </trkpt>
      <trkpt lat="40.784738" lon="-73.969955">
        <ele>34.2</ele>
        <time>2026-05-22T19:11:28.000Z</time>
      </trkpt>
      <trkpt lat="40.784737" lon="-73.969955">
        <ele>34.2</ele>
        <time>2026-05-22T19:11:29.000Z</time>
      </trkpt>
      <trkpt lat="40.784737" lon="-73.969956">
        <ele>34.2</ele>
        <time>2026-05-22T19:11:30.000Z</time>
      </trkpt>
      <trkpt lat="40.784736" lon="-73.969956">
        <ele>34.2</ele>
        <time>2026-05-22T19:11:31.000Z</time>
      </trkpt>
      <trkpt lat="40.784735" lon="-73.969957">
        <ele>34.2</ele>
        <time>2026-05-22T19:11:32.000Z</time>
      </trkpt>
      <trkpt lat="40.784735" lon="-73.969958">
        <ele>34.2</ele>
        <time>2026-05-22T19:11:33.000Z</time>
      </trkpt>
      <trkpt lat="40.784734" lon="-73.969958">
        <ele>34.2</ele>
        <time>2026-05-22T19:11:34.000Z</time>
      </trkpt>
      <trkpt lat="40.784734" lon="-73.969959">
        <ele>34.2</ele>
        <time>2026-05-22T19:11:35.000Z</time>
      </trkpt>
      <trkpt lat="40.784734" lon="-73.96996">
        <ele>34.4</ele>
        <time>2026-05-22T19:11:36.000Z</time>
      </trkpt>
      <trkpt lat="40.784734" lon="-73.969961">
        <ele>34.4</ele>
        <time>2026-05-22T19:11:37.000Z</time>
      </trkpt>
      <trkpt lat="40.784734" lon="-73.969962">
        <ele>34.4</ele>
        <time>2026-05-22T19:11:38.000Z</time>
      </trkpt>
      <trkpt lat="40.784735" lon="-73.969964">
        <ele>34.4</ele>
        <time>2026-05-22T19:11:39.000Z</time>
      </trkpt>
      <trkpt lat="40.784735" lon="-73.969966">
        <ele>34.4</ele>
        <time>2026-05-22T19:11:40.000Z</time>
      </trkpt>
      <trkpt lat="40.784736" lon="-73.969968">
        <ele>34.4</ele>
        <time>2026-05-22T19:11:41.000Z</time>
      </trkpt>
      <trkpt lat="40.784737" lon="-73.969971">
        <ele>34.4</ele>
        <time>2026-05-22T19:11:42.000Z</time>
      </trkpt>
      <trkpt lat="40.784738" lon="-73.969974">
        <ele>34.6</ele>
        <time>2026-05-22T19:11:43.000Z</time>
      </trkpt>
      <trkpt lat="40.78474" lon="-73.969978">
        <ele>34.6</ele>
        <time>2026-05-22T19:11:44.000Z</time>
      </trkpt>
      <trkpt lat="40.784742" lon="-73.969983">
        <ele>34.6</ele>
        <time>2026-05-22T19:11:45.000Z</time>
      </trkpt>
      <trkpt lat="40.784744" lon="-73.969987">
        <ele>34.6</ele>
        <time>2026-05-22T19:11:46.000Z</time>
      </trkpt>
      <trkpt lat="40.784746" lon="-73.969992">
        <ele>34.8</ele>
        <time>2026-05-22T19:11:47.000Z</time>
      </trkpt>
      <trkpt lat="40.784748" lon="-73.969996">
        <ele>34.8</ele>
        <time>2026-05-22T19:11:48.000Z</time>
      </trkpt>
      <trkpt lat="40.784749" lon="-73.970002">
        <ele>34.8</ele>
        <time>2026-05-22T19:11:49.000Z</time>
      </trkpt>
      <trkpt lat="40.784751" lon="-73.970007">
        <ele>34.8</ele>
        <time>2026-05-22T19:11:50.000Z</time>
      </trkpt>
      <trkpt lat="40.784752" lon="-73.970011">
        <ele>35</ele>
        <time>2026-05-22T19:11:51.000Z</time>
      </trkpt>
      <trkpt lat="40.784753" lon="-73.970016">
        <ele>35</ele>
        <time>2026-05-22T19:11:52.000Z</time>
      </trkpt>
      <trkpt lat="40.784755" lon="-73.97002">
        <ele>35</ele>
        <time>2026-05-22T19:11:53.000Z</time>
      </trkpt>
      <trkpt lat="40.784756" lon="-73.970024">
        <ele>35</ele>
        <time>2026-05-22T19:11:54.000Z</time>
      </trkpt>
      <trkpt lat="40.784757" lon="-73.970029">
        <ele>35</ele>
        <time>2026-05-22T19:11:55.000Z</time>
      </trkpt>
      <trkpt lat="40.784759" lon="-73.970033">
        <ele>35</ele>
        <time>2026-05-22T19:11:56.000Z</time>
      </trkpt>
      <trkpt lat="40.78476" lon="-73.970037">
        <ele>35.2</ele>
        <time>2026-05-22T19:11:57.000Z</time>
      </trkpt>
      <trkpt lat="40.784761" lon="-73.970042">
        <ele>35.2</ele>
        <time>2026-05-22T19:11:58.000Z</time>
      </trkpt>
      <trkpt lat="40.784763" lon="-73.970046">
        <ele>35.2</ele>
        <time>2026-05-22T19:11:59.000Z</time>
      </trkpt>
      <trkpt lat="40.784764" lon="-73.970051">
        <ele>35.2</ele>
        <time>2026-05-22T19:12:00.000Z</time>
      </trkpt>
      <trkpt lat="40.784765" lon="-73.970055">
        <ele>35.4</ele>
        <time>2026-05-22T19:12:01.000Z</time>
      </trkpt>
      <trkpt lat="40.784767" lon="-73.970059">
        <ele>35.4</ele>
        <time>2026-05-22T19:12:02.000Z</time>
      </trkpt>
      <trkpt lat="40.784768" lon="-73.970064">
        <ele>35.4</ele>
        <time>2026-05-22T19:12:03.000Z</time>
      </trkpt>
      <trkpt lat="40.784769" lon="-73.970068">
        <ele>35.6</ele>
        <time>2026-05-22T19:12:04.000Z</time>
      </trkpt>
      <trkpt lat="40.784771" lon="-73.970072">
        <ele>35.6</ele>
        <time>2026-05-22T19:12:05.000Z</time>
      </trkpt>
      <trkpt lat="40.784772" lon="-73.970077">
        <ele>35.6</ele>
        <time>2026-05-22T19:12:06.000Z</time>
      </trkpt>
      <trkpt lat="40.784773" lon="-73.970081">
        <ele>35.6</ele>
        <time>2026-05-22T19:12:07.000Z</time>
      </trkpt>
      <trkpt lat="40.784775" lon="-73.970086">
        <ele>35.6</ele>
        <time>2026-05-22T19:12:08.000Z</time>
      </trkpt>
      <trkpt lat="40.784776" lon="-73.97009">
        <ele>35.6</ele>
        <time>2026-05-22T19:12:09.000Z</time>
      </trkpt>
      <trkpt lat="40.784779" lon="-73.970102">
        <ele>35.6</ele>
        <time>2026-05-22T19:12:10.000Z</time>
      </trkpt>
      <trkpt lat="40.784783" lon="-73.970115">
        <ele>35.6</ele>
        <time>2026-05-22T19:12:11.000Z</time>
      </trkpt>
      <trkpt lat="40.784787" lon="-73.970128">
        <ele>35.4</ele>
        <time>2026-05-22T19:12:12.000Z</time>
      </trkpt>
      <trkpt lat="40.784792" lon="-73.970141">
        <ele>35.4</ele>
        <time>2026-05-22T19:12:13.000Z</time>
      </trkpt>
      <trkpt lat="40.784796" lon="-73.970155">
        <ele>35.4</ele>
        <time>2026-05-22T19:12:14.000Z</time>
      </trkpt>
      <trkpt lat="40.784801" lon="-73.970169">
        <ele>35.4</ele>
        <time>2026-05-22T19:12:15.000Z</time>
      </trkpt>
      <trkpt lat="40.784806" lon="-73.970182">
        <ele>35.2</ele>
        <time>2026-05-22T19:12:16.000Z</time>
      </trkpt>
      <trkpt lat="40.784811" lon="-73.970196">
        <ele>35.2</ele>
        <time>2026-05-22T19:12:17.000Z</time>
      </trkpt>
      <trkpt lat="40.784816" lon="-73.970209">
        <ele>35.2</ele>
        <time>2026-05-22T19:12:18.000Z</time>
      </trkpt>
      <trkpt lat="40.784822" lon="-73.970222">
        <ele>35</ele>
        <time>2026-05-22T19:12:19.000Z</time>
      </trkpt>
      <trkpt lat="40.784828" lon="-73.970234">
        <ele>35</ele>
        <time>2026-05-22T19:12:20.000Z</time>
      </trkpt>
      <trkpt lat="40.784833" lon="-73.970247">
        <ele>35</ele>
        <time>2026-05-22T19:12:21.000Z</time>
      </trkpt>
      <trkpt lat="40.784839" lon="-73.970259">
        <ele>35</ele>
        <time>2026-05-22T19:12:22.000Z</time>
      </trkpt>
      <trkpt lat="40.784844" lon="-73.970272">
        <ele>34.8</ele>
        <time>2026-05-22T19:12:23.000Z</time>
      </trkpt>
      <trkpt lat="40.78485" lon="-73.970284">
        <ele>34.8</ele>
        <time>2026-05-22T19:12:24.000Z</time>
      </trkpt>
      <trkpt lat="40.784855" lon="-73.970296">
        <ele>34.8</ele>
        <time>2026-05-22T19:12:25.000Z</time>
      </trkpt>
      <trkpt lat="40.784861" lon="-73.970308">
        <ele>34.8</ele>
        <time>2026-05-22T19:12:26.000Z</time>
      </trkpt>
      <trkpt lat="40.784867" lon="-73.97032">
        <ele>34.8</ele>
        <time>2026-05-22T19:12:27.000Z</time>
      </trkpt>
      <trkpt lat="40.784873" lon="-73.970332">
        <ele>34.8</ele>
        <time>2026-05-22T19:12:28.000Z</time>
      </trkpt>
      <trkpt lat="40.784879" lon="-73.970344">
        <ele>34.6</ele>
        <time>2026-05-22T19:12:29.000Z</time>
      </trkpt>
      <trkpt lat="40.784885" lon="-73.970356">
        <ele>34.6</ele>
        <time>2026-05-22T19:12:30.000Z</time>
      </trkpt>
      <trkpt lat="40.78489" lon="-73.970368">
        <ele>34.6</ele>
        <time>2026-05-22T19:12:31.000Z</time>
      </trkpt>
      <trkpt lat="40.784896" lon="-73.970381">
        <ele>34.6</ele>
        <time>2026-05-22T19:12:32.000Z</time>
      </trkpt>
      <trkpt lat="40.784901" lon="-73.970393">
        <ele>34.6</ele>
        <time>2026-05-22T19:12:33.000Z</time>
      </trkpt>
      <trkpt lat="40.784906" lon="-73.970406">
        <ele>34.6</ele>
        <time>2026-05-22T19:12:34.000Z</time>
      </trkpt>
      <trkpt lat="40.78491" lon="-73.970419">
        <ele>34.4</ele>
        <time>2026-05-22T19:12:35.000Z</time>
      </trkpt>
      <trkpt lat="40.784914" lon="-73.970432">
        <ele>34.4</ele>
        <time>2026-05-22T19:12:36.000Z</time>
      </trkpt>
      <trkpt lat="40.784919" lon="-73.970444">
        <ele>34.4</ele>
        <time>2026-05-22T19:12:37.000Z</time>
      </trkpt>
      <trkpt lat="40.784922" lon="-73.970454">
        <ele>34.4</ele>
        <time>2026-05-22T19:12:38.000Z</time>
      </trkpt>
      <trkpt lat="40.784926" lon="-73.970466">
        <ele>34.4</ele>
        <time>2026-05-22T19:12:39.000Z</time>
      </trkpt>
      <trkpt lat="40.78493" lon="-73.970479">
        <ele>34.2</ele>
        <time>2026-05-22T19:12:40.000Z</time>
      </trkpt>
      <trkpt lat="40.784934" lon="-73.970491">
        <ele>34.2</ele>
        <time>2026-05-22T19:12:41.000Z</time>
      </trkpt>
      <trkpt lat="40.784938" lon="-73.970503">
        <ele>34.2</ele>
        <time>2026-05-22T19:12:42.000Z</time>
      </trkpt>
      <trkpt lat="40.784942" lon="-73.970514">
        <ele>34.2</ele>
        <time>2026-05-22T19:12:43.000Z</time>
      </trkpt>
      <trkpt lat="40.784946" lon="-73.970524">
        <ele>34.2</ele>
        <time>2026-05-22T19:12:44.000Z</time>
      </trkpt>
      <trkpt lat="40.78495" lon="-73.970534">
        <ele>34.2</ele>
        <time>2026-05-22T19:12:45.000Z</time>
      </trkpt>
      <trkpt lat="40.784958" lon="-73.970551">
        <ele>34</ele>
        <time>2026-05-22T19:12:46.000Z</time>
      </trkpt>
      <trkpt lat="40.784962" lon="-73.970559">
        <ele>34</ele>
        <time>2026-05-22T19:12:47.000Z</time>
      </trkpt>
      <trkpt lat="40.784966" lon="-73.970567">
        <ele>34</ele>
        <time>2026-05-22T19:12:48.000Z</time>
      </trkpt>
      <trkpt lat="40.78497" lon="-73.970575">
        <ele>34</ele>
        <time>2026-05-22T19:12:49.000Z</time>
      </trkpt>
      <trkpt lat="40.784974" lon="-73.970583">
        <ele>34</ele>
        <time>2026-05-22T19:12:50.000Z</time>
      </trkpt>
      <trkpt lat="40.784977" lon="-73.970591">
        <ele>34</ele>
        <time>2026-05-22T19:12:51.000Z</time>
      </trkpt>
      <trkpt lat="40.784981" lon="-73.970599">
        <ele>34</ele>
        <time>2026-05-22T19:12:52.000Z</time>
      </trkpt>
      <trkpt lat="40.784985" lon="-73.970607">
        <ele>34</ele>
        <time>2026-05-22T19:12:53.000Z</time>
      </trkpt>
      <trkpt lat="40.784989" lon="-73.970615">
        <ele>34</ele>
        <time>2026-05-22T19:12:54.000Z</time>
      </trkpt>
      <trkpt lat="40.784993" lon="-73.970623">
        <ele>34</ele>
        <time>2026-05-22T19:12:55.000Z</time>
      </trkpt>
      <trkpt lat="40.784998" lon="-73.970633">
        <ele>34</ele>
        <time>2026-05-22T19:12:56.000Z</time>
      </trkpt>
      <trkpt lat="40.785002" lon="-73.970643">
        <ele>33.8</ele>
        <time>2026-05-22T19:12:57.000Z</time>
      </trkpt>
      <trkpt lat="40.785007" lon="-73.970653">
        <ele>33.8</ele>
        <time>2026-05-22T19:12:58.000Z</time>
      </trkpt>
      <trkpt lat="40.785012" lon="-73.970663">
        <ele>33.8</ele>
        <time>2026-05-22T19:12:59.000Z</time>
      </trkpt>
      <trkpt lat="40.785017" lon="-73.970673">
        <ele>33.8</ele>
        <time>2026-05-22T19:13:00.000Z</time>
      </trkpt>
      <trkpt lat="40.785027" lon="-73.970689">
        <ele>33.8</ele>
        <time>2026-05-22T19:13:01.000Z</time>
      </trkpt>
      <trkpt lat="40.785031" lon="-73.970696">
        <ele>33.8</ele>
        <time>2026-05-22T19:13:02.000Z</time>
      </trkpt>
      <trkpt lat="40.785036" lon="-73.970702">
        <ele>33.8</ele>
        <time>2026-05-22T19:13:03.000Z</time>
      </trkpt>
      <trkpt lat="40.78504" lon="-73.970709">
        <ele>33.8</ele>
        <time>2026-05-22T19:13:04.000Z</time>
      </trkpt>
      <trkpt lat="40.785045" lon="-73.970716">
        <ele>33.8</ele>
        <time>2026-05-22T19:13:05.000Z</time>
      </trkpt>
      <trkpt lat="40.785051" lon="-73.970724">
        <ele>33.8</ele>
        <time>2026-05-22T19:13:06.000Z</time>
      </trkpt>
      <trkpt lat="40.785057" lon="-73.970733">
        <ele>33.8</ele>
        <time>2026-05-22T19:13:07.000Z</time>
      </trkpt>
      <trkpt lat="40.785063" lon="-73.970741">
        <ele>33.8</ele>
        <time>2026-05-22T19:13:08.000Z</time>
      </trkpt>
      <trkpt lat="40.785068" lon="-73.97075">
        <ele>33.6</ele>
        <time>2026-05-22T19:13:09.000Z</time>
      </trkpt>
      <trkpt lat="40.785073" lon="-73.97076">
        <ele>33.6</ele>
        <time>2026-05-22T19:13:10.000Z</time>
      </trkpt>
      <trkpt lat="40.785079" lon="-73.97077">
        <ele>33.6</ele>
        <time>2026-05-22T19:13:11.000Z</time>
      </trkpt>
      <trkpt lat="40.785084" lon="-73.97078">
        <ele>33.6</ele>
        <time>2026-05-22T19:13:12.000Z</time>
      </trkpt>
      <trkpt lat="40.785089" lon="-73.97079">
        <ele>33.6</ele>
        <time>2026-05-22T19:13:13.000Z</time>
      </trkpt>
      <trkpt lat="40.785094" lon="-73.970801">
        <ele>33.6</ele>
        <time>2026-05-22T19:13:14.000Z</time>
      </trkpt>
      <trkpt lat="40.785099" lon="-73.970811">
        <ele>33.6</ele>
        <time>2026-05-22T19:13:15.000Z</time>
      </trkpt>
      <trkpt lat="40.785104" lon="-73.970822">
        <ele>33.4</ele>
        <time>2026-05-22T19:13:16.000Z</time>
      </trkpt>
      <trkpt lat="40.785109" lon="-73.970832">
        <ele>33.4</ele>
        <time>2026-05-22T19:13:17.000Z</time>
      </trkpt>
      <trkpt lat="40.785114" lon="-73.970843">
        <ele>33.4</ele>
        <time>2026-05-22T19:13:18.000Z</time>
      </trkpt>
      <trkpt lat="40.785118" lon="-73.970854">
        <ele>33.4</ele>
        <time>2026-05-22T19:13:19.000Z</time>
      </trkpt>
      <trkpt lat="40.785123" lon="-73.970865">
        <ele>33.4</ele>
        <time>2026-05-22T19:13:20.000Z</time>
      </trkpt>
      <trkpt lat="40.785127" lon="-73.970876">
        <ele>33.4</ele>
        <time>2026-05-22T19:13:21.000Z</time>
      </trkpt>
      <trkpt lat="40.785132" lon="-73.970887">
        <ele>33.2</ele>
        <time>2026-05-22T19:13:22.000Z</time>
      </trkpt>
      <trkpt lat="40.785136" lon="-73.970898">
        <ele>33.2</ele>
        <time>2026-05-22T19:13:23.000Z</time>
      </trkpt>
      <trkpt lat="40.785141" lon="-73.970909">
        <ele>33.2</ele>
        <time>2026-05-22T19:13:24.000Z</time>
      </trkpt>
      <trkpt lat="40.785146" lon="-73.97092">
        <ele>33.2</ele>
        <time>2026-05-22T19:13:25.000Z</time>
      </trkpt>
      <trkpt lat="40.78515" lon="-73.970931">
        <ele>33.2</ele>
        <time>2026-05-22T19:13:26.000Z</time>
      </trkpt>
      <trkpt lat="40.785155" lon="-73.970941">
        <ele>33.2</ele>
        <time>2026-05-22T19:13:27.000Z</time>
      </trkpt>
      <trkpt lat="40.78516" lon="-73.970952">
        <ele>33</ele>
        <time>2026-05-22T19:13:28.000Z</time>
      </trkpt>
      <trkpt lat="40.785164" lon="-73.970962">
        <ele>33</ele>
        <time>2026-05-22T19:13:29.000Z</time>
      </trkpt>
      <trkpt lat="40.785169" lon="-73.970972">
        <ele>33</ele>
        <time>2026-05-22T19:13:30.000Z</time>
      </trkpt>
      <trkpt lat="40.785174" lon="-73.970982">
        <ele>33</ele>
        <time>2026-05-22T19:13:31.000Z</time>
      </trkpt>
      <trkpt lat="40.785178" lon="-73.970992">
        <ele>33</ele>
        <time>2026-05-22T19:13:32.000Z</time>
      </trkpt>
      <trkpt lat="40.785183" lon="-73.971003">
        <ele>33</ele>
        <time>2026-05-22T19:13:33.000Z</time>
      </trkpt>
      <trkpt lat="40.785188" lon="-73.971013">
        <ele>33</ele>
        <time>2026-05-22T19:13:34.000Z</time>
      </trkpt>
      <trkpt lat="40.785193" lon="-73.971024">
        <ele>33</ele>
        <time>2026-05-22T19:13:35.000Z</time>
      </trkpt>
      <trkpt lat="40.785198" lon="-73.971035">
        <ele>33</ele>
        <time>2026-05-22T19:13:36.000Z</time>
      </trkpt>
      <trkpt lat="40.785203" lon="-73.971046">
        <ele>33</ele>
        <time>2026-05-22T19:13:37.000Z</time>
      </trkpt>
      <trkpt lat="40.785208" lon="-73.971058">
        <ele>33</ele>
        <time>2026-05-22T19:13:38.000Z</time>
      </trkpt>
      <trkpt lat="40.785213" lon="-73.971069">
        <ele>32.8</ele>
        <time>2026-05-22T19:13:39.000Z</time>
      </trkpt>
      <trkpt lat="40.785218" lon="-73.971081">
        <ele>32.8</ele>
        <time>2026-05-22T19:13:40.000Z</time>
      </trkpt>
      <trkpt lat="40.785223" lon="-73.971092">
        <ele>32.8</ele>
        <time>2026-05-22T19:13:41.000Z</time>
      </trkpt>
      <trkpt lat="40.785228" lon="-73.971103">
        <ele>32.8</ele>
        <time>2026-05-22T19:13:42.000Z</time>
      </trkpt>
      <trkpt lat="40.785233" lon="-73.971114">
        <ele>32.8</ele>
        <time>2026-05-22T19:13:43.000Z</time>
      </trkpt>
      <trkpt lat="40.785238" lon="-73.971125">
        <ele>32.8</ele>
        <time>2026-05-22T19:13:44.000Z</time>
      </trkpt>
      <trkpt lat="40.785242" lon="-73.971137">
        <ele>32.8</ele>
        <time>2026-05-22T19:13:45.000Z</time>
      </trkpt>
      <trkpt lat="40.785247" lon="-73.971148">
        <ele>32.8</ele>
        <time>2026-05-22T19:13:46.000Z</time>
      </trkpt>
      <trkpt lat="40.785252" lon="-73.971159">
        <ele>32.8</ele>
        <time>2026-05-22T19:13:47.000Z</time>
      </trkpt>
      <trkpt lat="40.785256" lon="-73.97117">
        <ele>32.8</ele>
        <time>2026-05-22T19:13:48.000Z</time>
      </trkpt>
      <trkpt lat="40.785261" lon="-73.971181">
        <ele>32.8</ele>
        <time>2026-05-22T19:13:49.000Z</time>
      </trkpt>
      <trkpt lat="40.785265" lon="-73.971192">
        <ele>32.8</ele>
        <time>2026-05-22T19:13:50.000Z</time>
      </trkpt>
      <trkpt lat="40.78527" lon="-73.971203">
        <ele>32.8</ele>
        <time>2026-05-22T19:13:51.000Z</time>
      </trkpt>
      <trkpt lat="40.785274" lon="-73.971215">
        <ele>32.8</ele>
        <time>2026-05-22T19:13:52.000Z</time>
      </trkpt>
      <trkpt lat="40.785278" lon="-73.971226">
        <ele>32.6</ele>
        <time>2026-05-22T19:13:53.000Z</time>
      </trkpt>
      <trkpt lat="40.785282" lon="-73.971238">
        <ele>32.6</ele>
        <time>2026-05-22T19:13:54.000Z</time>
      </trkpt>
      <trkpt lat="40.785287" lon="-73.971249">
        <ele>32.6</ele>
        <time>2026-05-22T19:13:55.000Z</time>
      </trkpt>
      <trkpt lat="40.785291" lon="-73.971261">
        <ele>32.6</ele>
        <time>2026-05-22T19:13:56.000Z</time>
      </trkpt>
      <trkpt lat="40.785295" lon="-73.971272">
        <ele>32.6</ele>
        <time>2026-05-22T19:13:57.000Z</time>
      </trkpt>
      <trkpt lat="40.785299" lon="-73.971284">
        <ele>32.6</ele>
        <time>2026-05-22T19:13:58.000Z</time>
      </trkpt>
      <trkpt lat="40.785303" lon="-73.971295">
        <ele>32.6</ele>
        <time>2026-05-22T19:13:59.000Z</time>
      </trkpt>
      <trkpt lat="40.785308" lon="-73.971306">
        <ele>32.4</ele>
        <time>2026-05-22T19:14:00.000Z</time>
      </trkpt>
      <trkpt lat="40.785312" lon="-73.971317">
        <ele>32.4</ele>
        <time>2026-05-22T19:14:01.000Z</time>
      </trkpt>
      <trkpt lat="40.785316" lon="-73.971328">
        <ele>32.4</ele>
        <time>2026-05-22T19:14:02.000Z</time>
      </trkpt>
      <trkpt lat="40.78532" lon="-73.971338">
        <ele>32.4</ele>
        <time>2026-05-22T19:14:03.000Z</time>
      </trkpt>
      <trkpt lat="40.785324" lon="-73.971349">
        <ele>32.4</ele>
        <time>2026-05-22T19:14:04.000Z</time>
      </trkpt>
      <trkpt lat="40.785328" lon="-73.971359">
        <ele>32.4</ele>
        <time>2026-05-22T19:14:05.000Z</time>
      </trkpt>
      <trkpt lat="40.785333" lon="-73.971369">
        <ele>32.2</ele>
        <time>2026-05-22T19:14:06.000Z</time>
      </trkpt>
      <trkpt lat="40.785337" lon="-73.971379">
        <ele>32.2</ele>
        <time>2026-05-22T19:14:07.000Z</time>
      </trkpt>
      <trkpt lat="40.785341" lon="-73.971389">
        <ele>32.2</ele>
        <time>2026-05-22T19:14:08.000Z</time>
      </trkpt>
      <trkpt lat="40.785346" lon="-73.971399">
        <ele>32.2</ele>
        <time>2026-05-22T19:14:09.000Z</time>
      </trkpt>
      <trkpt lat="40.78535" lon="-73.971409">
        <ele>32.2</ele>
        <time>2026-05-22T19:14:10.000Z</time>
      </trkpt>
      <trkpt lat="40.785354" lon="-73.971419">
        <ele>32.2</ele>
        <time>2026-05-22T19:14:11.000Z</time>
      </trkpt>
      <trkpt lat="40.785358" lon="-73.971428">
        <ele>32.2</ele>
        <time>2026-05-22T19:14:12.000Z</time>
      </trkpt>
      <trkpt lat="40.785362" lon="-73.971437">
        <ele>32.2</ele>
        <time>2026-05-22T19:14:13.000Z</time>
      </trkpt>
      <trkpt lat="40.785366" lon="-73.971445">
        <ele>32</ele>
        <time>2026-05-22T19:14:14.000Z</time>
      </trkpt>
      <trkpt lat="40.78537" lon="-73.971453">
        <ele>32</ele>
        <time>2026-05-22T19:14:15.000Z</time>
      </trkpt>
      <trkpt lat="40.785374" lon="-73.97146">
        <ele>32</ele>
        <time>2026-05-22T19:14:16.000Z</time>
      </trkpt>
      <trkpt lat="40.785378" lon="-73.971467">
        <ele>32</ele>
        <time>2026-05-22T19:14:17.000Z</time>
      </trkpt>
      <trkpt lat="40.785381" lon="-73.971472">
        <ele>32</ele>
        <time>2026-05-22T19:14:18.000Z</time>
      </trkpt>
      <trkpt lat="40.785384" lon="-73.971477">
        <ele>32</ele>
        <time>2026-05-22T19:14:19.000Z</time>
      </trkpt>
      <trkpt lat="40.785388" lon="-73.971481">
        <ele>31.8</ele>
        <time>2026-05-22T19:14:20.000Z</time>
      </trkpt>
      <trkpt lat="40.785392" lon="-73.971486">
        <ele>31.8</ele>
        <time>2026-05-22T19:14:21.000Z</time>
      </trkpt>
      <trkpt lat="40.785396" lon="-73.97149">
        <ele>31.8</ele>
        <time>2026-05-22T19:14:22.000Z</time>
      </trkpt>
      <trkpt lat="40.7854" lon="-73.971493">
        <ele>31.8</ele>
        <time>2026-05-22T19:14:23.000Z</time>
      </trkpt>
      <trkpt lat="40.785404" lon="-73.971497">
        <ele>31.8</ele>
        <time>2026-05-22T19:14:24.000Z</time>
      </trkpt>
      <trkpt lat="40.785408" lon="-73.9715">
        <ele>31.8</ele>
        <time>2026-05-22T19:14:25.000Z</time>
      </trkpt>
      <trkpt lat="40.785412" lon="-73.971504">
        <ele>31.8</ele>
        <time>2026-05-22T19:14:26.000Z</time>
      </trkpt>
      <trkpt lat="40.785415" lon="-73.971508">
        <ele>31.8</ele>
        <time>2026-05-22T19:14:27.000Z</time>
      </trkpt>
      <trkpt lat="40.785419" lon="-73.971512">
        <ele>31.8</ele>
        <time>2026-05-22T19:14:28.000Z</time>
      </trkpt>
      <trkpt lat="40.785422" lon="-73.971517">
        <ele>31.8</ele>
        <time>2026-05-22T19:14:29.000Z</time>
      </trkpt>
      <trkpt lat="40.785425" lon="-73.971521">
        <ele>31.8</ele>
        <time>2026-05-22T19:14:30.000Z</time>
      </trkpt>
      <trkpt lat="40.785428" lon="-73.971526">
        <ele>31.8</ele>
        <time>2026-05-22T19:14:31.000Z</time>
      </trkpt>
      <trkpt lat="40.78543" lon="-73.97153">
        <ele>31.8</ele>
        <time>2026-05-22T19:14:32.000Z</time>
      </trkpt>
      <trkpt lat="40.785433" lon="-73.971535">
        <ele>31.8</ele>
        <time>2026-05-22T19:14:33.000Z</time>
      </trkpt>
      <trkpt lat="40.785435" lon="-73.97154">
        <ele>31.8</ele>
        <time>2026-05-22T19:14:34.000Z</time>
      </trkpt>
      <trkpt lat="40.785437" lon="-73.971545">
        <ele>31.8</ele>
        <time>2026-05-22T19:14:35.000Z</time>
      </trkpt>
      <trkpt lat="40.785441" lon="-73.971558">
        <ele>31.8</ele>
        <time>2026-05-22T19:14:36.000Z</time>
      </trkpt>
      <trkpt lat="40.785443" lon="-73.971565">
        <ele>31.8</ele>
        <time>2026-05-22T19:14:37.000Z</time>
      </trkpt>
      <trkpt lat="40.785445" lon="-73.971573">
        <ele>31.8</ele>
        <time>2026-05-22T19:14:38.000Z</time>
      </trkpt>
      <trkpt lat="40.785448" lon="-73.97158">
        <ele>31.8</ele>
        <time>2026-05-22T19:14:39.000Z</time>
      </trkpt>
      <trkpt lat="40.78545" lon="-73.971588">
        <ele>31.8</ele>
        <time>2026-05-22T19:14:40.000Z</time>
      </trkpt>
      <trkpt lat="40.785452" lon="-73.971596">
        <ele>31.8</ele>
        <time>2026-05-22T19:14:41.000Z</time>
      </trkpt>
      <trkpt lat="40.785454" lon="-73.971603">
        <ele>31.8</ele>
        <time>2026-05-22T19:14:42.000Z</time>
      </trkpt>
      <trkpt lat="40.785456" lon="-73.971611">
        <ele>31.8</ele>
        <time>2026-05-22T19:14:43.000Z</time>
      </trkpt>
      <trkpt lat="40.785459" lon="-73.971623">
        <ele>31.8</ele>
        <time>2026-05-22T19:14:44.000Z</time>
      </trkpt>
      <trkpt lat="40.785462" lon="-73.971634">
        <ele>31.8</ele>
        <time>2026-05-22T19:14:45.000Z</time>
      </trkpt>
      <trkpt lat="40.785466" lon="-73.971646">
        <ele>31.8</ele>
        <time>2026-05-22T19:14:46.000Z</time>
      </trkpt>
      <trkpt lat="40.78547" lon="-73.971658">
        <ele>31.6</ele>
        <time>2026-05-22T19:14:47.000Z</time>
      </trkpt>
      <trkpt lat="40.785474" lon="-73.971671">
        <ele>31.6</ele>
        <time>2026-05-22T19:14:48.000Z</time>
      </trkpt>
      <trkpt lat="40.785479" lon="-73.971683">
        <ele>31.6</ele>
        <time>2026-05-22T19:14:49.000Z</time>
      </trkpt>
      <trkpt lat="40.785484" lon="-73.971695">
        <ele>31.6</ele>
        <time>2026-05-22T19:14:50.000Z</time>
      </trkpt>
      <trkpt lat="40.785489" lon="-73.971708">
        <ele>31.6</ele>
        <time>2026-05-22T19:14:51.000Z</time>
      </trkpt>
      <trkpt lat="40.785493" lon="-73.97172">
        <ele>31.6</ele>
        <time>2026-05-22T19:14:52.000Z</time>
      </trkpt>
      <trkpt lat="40.785498" lon="-73.971732">
        <ele>31.6</ele>
        <time>2026-05-22T19:14:53.000Z</time>
      </trkpt>
      <trkpt lat="40.785502" lon="-73.971745">
        <ele>31.6</ele>
        <time>2026-05-22T19:14:54.000Z</time>
      </trkpt>
      <trkpt lat="40.785506" lon="-73.971757">
        <ele>31.6</ele>
        <time>2026-05-22T19:14:55.000Z</time>
      </trkpt>
      <trkpt lat="40.785511" lon="-73.97177">
        <ele>31.4</ele>
        <time>2026-05-22T19:14:56.000Z</time>
      </trkpt>
      <trkpt lat="40.785515" lon="-73.971783">
        <ele>31.4</ele>
        <time>2026-05-22T19:14:57.000Z</time>
      </trkpt>
      <trkpt lat="40.785519" lon="-73.971795">
        <ele>31.4</ele>
        <time>2026-05-22T19:14:58.000Z</time>
      </trkpt>
      <trkpt lat="40.785524" lon="-73.971808">
        <ele>31.4</ele>
        <time>2026-05-22T19:14:59.000Z</time>
      </trkpt>
      <trkpt lat="40.785528" lon="-73.971821">
        <ele>31.4</ele>
        <time>2026-05-22T19:15:00.000Z</time>
      </trkpt>
      <trkpt lat="40.785532" lon="-73.971834">
        <ele>31.4</ele>
        <time>2026-05-22T19:15:01.000Z</time>
      </trkpt>
      <trkpt lat="40.785536" lon="-73.971847">
        <ele>31.4</ele>
        <time>2026-05-22T19:15:02.000Z</time>
      </trkpt>
      <trkpt lat="40.78554" lon="-73.97186">
        <ele>31.2</ele>
        <time>2026-05-22T19:15:03.000Z</time>
      </trkpt>
      <trkpt lat="40.785544" lon="-73.971874">
        <ele>31.2</ele>
        <time>2026-05-22T19:15:04.000Z</time>
      </trkpt>
      <trkpt lat="40.785548" lon="-73.971888">
        <ele>31.2</ele>
        <time>2026-05-22T19:15:05.000Z</time>
      </trkpt>
      <trkpt lat="40.785552" lon="-73.971902">
        <ele>31.2</ele>
        <time>2026-05-22T19:15:06.000Z</time>
      </trkpt>
      <trkpt lat="40.785555" lon="-73.971915">
        <ele>31.2</ele>
        <time>2026-05-22T19:15:07.000Z</time>
      </trkpt>
      <trkpt lat="40.785559" lon="-73.971929">
        <ele>31.2</ele>
        <time>2026-05-22T19:15:08.000Z</time>
      </trkpt>
      <trkpt lat="40.785562" lon="-73.971943">
        <ele>31</ele>
        <time>2026-05-22T19:15:09.000Z</time>
      </trkpt>
      <trkpt lat="40.785566" lon="-73.971957">
        <ele>31</ele>
        <time>2026-05-22T19:15:10.000Z</time>
      </trkpt>
      <trkpt lat="40.785569" lon="-73.971971">
        <ele>31</ele>
        <time>2026-05-22T19:15:11.000Z</time>
      </trkpt>
      <trkpt lat="40.785572" lon="-73.971985">
        <ele>31</ele>
        <time>2026-05-22T19:15:12.000Z</time>
      </trkpt>
      <trkpt lat="40.785575" lon="-73.972">
        <ele>31</ele>
        <time>2026-05-22T19:15:13.000Z</time>
      </trkpt>
      <trkpt lat="40.785579" lon="-73.972014">
        <ele>31</ele>
        <time>2026-05-22T19:15:14.000Z</time>
      </trkpt>
      <trkpt lat="40.785582" lon="-73.972028">
        <ele>30.8</ele>
        <time>2026-05-22T19:15:15.000Z</time>
      </trkpt>
      <trkpt lat="40.785586" lon="-73.972042">
        <ele>30.8</ele>
        <time>2026-05-22T19:15:16.000Z</time>
      </trkpt>
      <trkpt lat="40.78559" lon="-73.972057">
        <ele>30.8</ele>
        <time>2026-05-22T19:15:17.000Z</time>
      </trkpt>
      <trkpt lat="40.785594" lon="-73.972071">
        <ele>30.8</ele>
        <time>2026-05-22T19:15:18.000Z</time>
      </trkpt>
      <trkpt lat="40.785597" lon="-73.972086">
        <ele>30.6</ele>
        <time>2026-05-22T19:15:19.000Z</time>
      </trkpt>
      <trkpt lat="40.785601" lon="-73.972101">
        <ele>30.6</ele>
        <time>2026-05-22T19:15:20.000Z</time>
      </trkpt>
      <trkpt lat="40.785604" lon="-73.972115">
        <ele>30.6</ele>
        <time>2026-05-22T19:15:21.000Z</time>
      </trkpt>
      <trkpt lat="40.785607" lon="-73.97213">
        <ele>30.6</ele>
        <time>2026-05-22T19:15:22.000Z</time>
      </trkpt>
      <trkpt lat="40.785611" lon="-73.972144">
        <ele>30.6</ele>
        <time>2026-05-22T19:15:23.000Z</time>
      </trkpt>
      <trkpt lat="40.785614" lon="-73.972159">
        <ele>30.4</ele>
        <time>2026-05-22T19:15:24.000Z</time>
      </trkpt>
      <trkpt lat="40.785617" lon="-73.972172">
        <ele>30.4</ele>
        <time>2026-05-22T19:15:25.000Z</time>
      </trkpt>
      <trkpt lat="40.785621" lon="-73.972186">
        <ele>30.4</ele>
        <time>2026-05-22T19:15:26.000Z</time>
      </trkpt>
      <trkpt lat="40.785624" lon="-73.972199">
        <ele>30.4</ele>
        <time>2026-05-22T19:15:27.000Z</time>
      </trkpt>
      <trkpt lat="40.785627" lon="-73.972212">
        <ele>30.2</ele>
        <time>2026-05-22T19:15:28.000Z</time>
      </trkpt>
      <trkpt lat="40.785631" lon="-73.972225">
        <ele>30.2</ele>
        <time>2026-05-22T19:15:29.000Z</time>
      </trkpt>
      <trkpt lat="40.785634" lon="-73.972237">
        <ele>30.2</ele>
        <time>2026-05-22T19:15:30.000Z</time>
      </trkpt>
      <trkpt lat="40.785638" lon="-73.972248">
        <ele>30.2</ele>
        <time>2026-05-22T19:15:31.000Z</time>
      </trkpt>
      <trkpt lat="40.785641" lon="-73.97226">
        <ele>30</ele>
        <time>2026-05-22T19:15:32.000Z</time>
      </trkpt>
      <trkpt lat="40.785644" lon="-73.972271">
        <ele>30</ele>
        <time>2026-05-22T19:15:33.000Z</time>
      </trkpt>
      <trkpt lat="40.785646" lon="-73.972282">
        <ele>30</ele>
        <time>2026-05-22T19:15:34.000Z</time>
      </trkpt>
      <trkpt lat="40.785646" lon="-73.972282">
        <ele>30</ele>
        <time>2026-05-22T19:15:35.000Z</time>
      </trkpt>
      <trkpt lat="40.785649" lon="-73.972292">
        <ele>30</ele>
        <time>2026-05-22T19:15:36.000Z</time>
      </trkpt>
      <trkpt lat="40.785652" lon="-73.972303">
        <ele>29.8</ele>
        <time>2026-05-22T19:15:37.000Z</time>
      </trkpt>
      <trkpt lat="40.785654" lon="-73.972314">
        <ele>29.8</ele>
        <time>2026-05-22T19:15:38.000Z</time>
      </trkpt>
      <trkpt lat="40.785657" lon="-73.972325">
        <ele>29.8</ele>
        <time>2026-05-22T19:15:39.000Z</time>
      </trkpt>
      <trkpt lat="40.785659" lon="-73.972336">
        <ele>29.8</ele>
        <time>2026-05-22T19:15:40.000Z</time>
      </trkpt>
      <trkpt lat="40.785662" lon="-73.972347">
        <ele>29.8</ele>
        <time>2026-05-22T19:15:41.000Z</time>
      </trkpt>
      <trkpt lat="40.785664" lon="-73.972359">
        <ele>29.8</ele>
        <time>2026-05-22T19:15:42.000Z</time>
      </trkpt>
      <trkpt lat="40.785667" lon="-73.97237">
        <ele>29.6</ele>
        <time>2026-05-22T19:15:43.000Z</time>
      </trkpt>
      <trkpt lat="40.785669" lon="-73.972382">
        <ele>29.6</ele>
        <time>2026-05-22T19:15:44.000Z</time>
      </trkpt>
      <trkpt lat="40.785672" lon="-73.972394">
        <ele>29.6</ele>
        <time>2026-05-22T19:15:45.000Z</time>
      </trkpt>
      <trkpt lat="40.785674" lon="-73.972405">
        <ele>29.6</ele>
        <time>2026-05-22T19:15:46.000Z</time>
      </trkpt>
      <trkpt lat="40.785677" lon="-73.972417">
        <ele>29.6</ele>
        <time>2026-05-22T19:15:47.000Z</time>
      </trkpt>
      <trkpt lat="40.785679" lon="-73.972429">
        <ele>29.4</ele>
        <time>2026-05-22T19:15:48.000Z</time>
      </trkpt>
      <trkpt lat="40.785681" lon="-73.972441">
        <ele>29.4</ele>
        <time>2026-05-22T19:15:49.000Z</time>
      </trkpt>
      <trkpt lat="40.785684" lon="-73.972452">
        <ele>29.4</ele>
        <time>2026-05-22T19:15:50.000Z</time>
      </trkpt>
      <trkpt lat="40.785686" lon="-73.972464">
        <ele>29.2</ele>
        <time>2026-05-22T19:15:51.000Z</time>
      </trkpt>
      <trkpt lat="40.785687" lon="-73.972475">
        <ele>29.2</ele>
        <time>2026-05-22T19:15:52.000Z</time>
      </trkpt>
      <trkpt lat="40.785689" lon="-73.972486">
        <ele>29</ele>
        <time>2026-05-22T19:15:53.000Z</time>
      </trkpt>
      <trkpt lat="40.785691" lon="-73.972497">
        <ele>29</ele>
        <time>2026-05-22T19:15:54.000Z</time>
      </trkpt>
      <trkpt lat="40.785692" lon="-73.972508">
        <ele>28.8</ele>
        <time>2026-05-22T19:15:55.000Z</time>
      </trkpt>
      <trkpt lat="40.785693" lon="-73.972518">
        <ele>28.8</ele>
        <time>2026-05-22T19:15:56.000Z</time>
      </trkpt>
      <trkpt lat="40.785694" lon="-73.972529">
        <ele>28.6</ele>
        <time>2026-05-22T19:15:57.000Z</time>
      </trkpt>
      <trkpt lat="40.785694" lon="-73.972539">
        <ele>28.6</ele>
        <time>2026-05-22T19:15:58.000Z</time>
      </trkpt>
      <trkpt lat="40.785694" lon="-73.972548">
        <ele>28.4</ele>
        <time>2026-05-22T19:15:59.000Z</time>
      </trkpt>
      <trkpt lat="40.785693" lon="-73.972558">
        <ele>28.4</ele>
        <time>2026-05-22T19:16:00.000Z</time>
      </trkpt>
      <trkpt lat="40.785691" lon="-73.972567">
        <ele>28.2</ele>
        <time>2026-05-22T19:16:01.000Z</time>
      </trkpt>
      <trkpt lat="40.78569" lon="-73.972576">
        <ele>28.2</ele>
        <time>2026-05-22T19:16:02.000Z</time>
      </trkpt>
      <trkpt lat="40.785687" lon="-73.972584">
        <ele>28.2</ele>
        <time>2026-05-22T19:16:03.000Z</time>
      </trkpt>
      <trkpt lat="40.785684" lon="-73.972592">
        <ele>28</ele>
        <time>2026-05-22T19:16:04.000Z</time>
      </trkpt>
      <trkpt lat="40.78568" lon="-73.972599">
        <ele>28</ele>
        <time>2026-05-22T19:16:05.000Z</time>
      </trkpt>
      <trkpt lat="40.785676" lon="-73.972607">
        <ele>28</ele>
        <time>2026-05-22T19:16:06.000Z</time>
      </trkpt>
      <trkpt lat="40.785671" lon="-73.972614">
        <ele>28</ele>
        <time>2026-05-22T19:16:07.000Z</time>
      </trkpt>
      <trkpt lat="40.785666" lon="-73.972621">
        <ele>28</ele>
        <time>2026-05-22T19:16:08.000Z</time>
      </trkpt>
      <trkpt lat="40.78566" lon="-73.972628">
        <ele>27.8</ele>
        <time>2026-05-22T19:16:09.000Z</time>
      </trkpt>
      <trkpt lat="40.785654" lon="-73.972636">
        <ele>27.8</ele>
        <time>2026-05-22T19:16:10.000Z</time>
      </trkpt>
      <trkpt lat="40.785647" lon="-73.972645">
        <ele>27.8</ele>
        <time>2026-05-22T19:16:11.000Z</time>
      </trkpt>
      <trkpt lat="40.78564" lon="-73.972653">
        <ele>27.8</ele>
        <time>2026-05-22T19:16:12.000Z</time>
      </trkpt>
      <trkpt lat="40.785634" lon="-73.972661">
        <ele>27.8</ele>
        <time>2026-05-22T19:16:13.000Z</time>
      </trkpt>
      <trkpt lat="40.785627" lon="-73.972669">
        <ele>27.8</ele>
        <time>2026-05-22T19:16:14.000Z</time>
      </trkpt>
      <trkpt lat="40.785621" lon="-73.972676">
        <ele>28</ele>
        <time>2026-05-22T19:16:15.000Z</time>
      </trkpt>
      <trkpt lat="40.785614" lon="-73.972683">
        <ele>28</ele>
        <time>2026-05-22T19:16:16.000Z</time>
      </trkpt>
      <trkpt lat="40.785608" lon="-73.97269">
        <ele>28</ele>
        <time>2026-05-22T19:16:17.000Z</time>
      </trkpt>
      <trkpt lat="40.785602" lon="-73.972697">
        <ele>28</ele>
        <time>2026-05-22T19:16:18.000Z</time>
      </trkpt>
      <trkpt lat="40.785597" lon="-73.972704">
        <ele>28.2</ele>
        <time>2026-05-22T19:16:19.000Z</time>
      </trkpt>
      <trkpt lat="40.785592" lon="-73.97271">
        <ele>28.2</ele>
        <time>2026-05-22T19:16:20.000Z</time>
      </trkpt>
      <trkpt lat="40.785587" lon="-73.972718">
        <ele>28.2</ele>
        <time>2026-05-22T19:16:21.000Z</time>
      </trkpt>
      <trkpt lat="40.785582" lon="-73.972725">
        <ele>28.4</ele>
        <time>2026-05-22T19:16:22.000Z</time>
      </trkpt>
      <trkpt lat="40.785576" lon="-73.972733">
        <ele>28.4</ele>
        <time>2026-05-22T19:16:23.000Z</time>
      </trkpt>
      <trkpt lat="40.785571" lon="-73.97274">
        <ele>28.4</ele>
        <time>2026-05-22T19:16:24.000Z</time>
      </trkpt>
      <trkpt lat="40.785564" lon="-73.972748">
        <ele>28.6</ele>
        <time>2026-05-22T19:16:25.000Z</time>
      </trkpt>
      <trkpt lat="40.785557" lon="-73.972755">
        <ele>28.6</ele>
        <time>2026-05-22T19:16:26.000Z</time>
      </trkpt>
      <trkpt lat="40.78555" lon="-73.972763">
        <ele>28.8</ele>
        <time>2026-05-22T19:16:27.000Z</time>
      </trkpt>
      <trkpt lat="40.785543" lon="-73.97277">
        <ele>28.8</ele>
        <time>2026-05-22T19:16:28.000Z</time>
      </trkpt>
      <trkpt lat="40.785536" lon="-73.972778">
        <ele>28.8</ele>
        <time>2026-05-22T19:16:29.000Z</time>
      </trkpt>
      <trkpt lat="40.78553" lon="-73.972787">
        <ele>28.8</ele>
        <time>2026-05-22T19:16:30.000Z</time>
      </trkpt>
      <trkpt lat="40.785524" lon="-73.972794">
        <ele>29</ele>
        <time>2026-05-22T19:16:31.000Z</time>
      </trkpt>
      <trkpt lat="40.785518" lon="-73.972802">
        <ele>29</ele>
        <time>2026-05-22T19:16:32.000Z</time>
      </trkpt>
      <trkpt lat="40.785512" lon="-73.972809">
        <ele>29</ele>
        <time>2026-05-22T19:16:33.000Z</time>
      </trkpt>
      <trkpt lat="40.785506" lon="-73.972817">
        <ele>29</ele>
        <time>2026-05-22T19:16:34.000Z</time>
      </trkpt>
      <trkpt lat="40.785496" lon="-73.972827">
        <ele>29</ele>
        <time>2026-05-22T19:16:35.000Z</time>
      </trkpt>
      <trkpt lat="40.785492" lon="-73.97283">
        <ele>29</ele>
        <time>2026-05-22T19:16:36.000Z</time>
      </trkpt>
      <trkpt lat="40.785484" lon="-73.972837">
        <ele>29</ele>
        <time>2026-05-22T19:16:37.000Z</time>
      </trkpt>
      <trkpt lat="40.785475" lon="-73.972844">
        <ele>29</ele>
        <time>2026-05-22T19:16:38.000Z</time>
      </trkpt>
      <trkpt lat="40.785466" lon="-73.972851">
        <ele>29</ele>
        <time>2026-05-22T19:16:39.000Z</time>
      </trkpt>
      <trkpt lat="40.785457" lon="-73.972858">
        <ele>29</ele>
        <time>2026-05-22T19:16:40.000Z</time>
      </trkpt>
      <trkpt lat="40.785448" lon="-73.972865">
        <ele>28.8</ele>
        <time>2026-05-22T19:16:41.000Z</time>
      </trkpt>
      <trkpt lat="40.785438" lon="-73.972871">
        <ele>28.8</ele>
        <time>2026-05-22T19:16:42.000Z</time>
      </trkpt>
      <trkpt lat="40.785429" lon="-73.972878">
        <ele>28.8</ele>
        <time>2026-05-22T19:16:43.000Z</time>
      </trkpt>
      <trkpt lat="40.785418" lon="-73.972886">
        <ele>28.8</ele>
        <time>2026-05-22T19:16:44.000Z</time>
      </trkpt>
      <trkpt lat="40.785408" lon="-73.972893">
        <ele>28.6</ele>
        <time>2026-05-22T19:16:45.000Z</time>
      </trkpt>
      <trkpt lat="40.785398" lon="-73.972901">
        <ele>28.6</ele>
        <time>2026-05-22T19:16:46.000Z</time>
      </trkpt>
      <trkpt lat="40.785389" lon="-73.972907">
        <ele>28.6</ele>
        <time>2026-05-22T19:16:47.000Z</time>
      </trkpt>
      <trkpt lat="40.785379" lon="-73.972915">
        <ele>28.6</ele>
        <time>2026-05-22T19:16:48.000Z</time>
      </trkpt>
      <trkpt lat="40.785369" lon="-73.972922">
        <ele>28.6</ele>
        <time>2026-05-22T19:16:49.000Z</time>
      </trkpt>
      <trkpt lat="40.785359" lon="-73.972929">
        <ele>28.6</ele>
        <time>2026-05-22T19:16:50.000Z</time>
      </trkpt>
      <trkpt lat="40.785348" lon="-73.972935">
        <ele>28.6</ele>
        <time>2026-05-22T19:16:51.000Z</time>
      </trkpt>
      <trkpt lat="40.785338" lon="-73.972941">
        <ele>28.6</ele>
        <time>2026-05-22T19:16:52.000Z</time>
      </trkpt>
      <trkpt lat="40.785328" lon="-73.972948">
        <ele>28.4</ele>
        <time>2026-05-22T19:16:53.000Z</time>
      </trkpt>
      <trkpt lat="40.785316" lon="-73.972955">
        <ele>28.4</ele>
        <time>2026-05-22T19:16:54.000Z</time>
      </trkpt>
      <trkpt lat="40.785306" lon="-73.972962">
        <ele>28.4</ele>
        <time>2026-05-22T19:16:55.000Z</time>
      </trkpt>
      <trkpt lat="40.785296" lon="-73.972969">
        <ele>28.4</ele>
        <time>2026-05-22T19:16:56.000Z</time>
      </trkpt>
      <trkpt lat="40.785286" lon="-73.972975">
        <ele>28.4</ele>
        <time>2026-05-22T19:16:57.000Z</time>
      </trkpt>
      <trkpt lat="40.785277" lon="-73.97298">
        <ele>28.4</ele>
        <time>2026-05-22T19:16:58.000Z</time>
      </trkpt>
      <trkpt lat="40.785268" lon="-73.972985">
        <ele>28.4</ele>
        <time>2026-05-22T19:16:59.000Z</time>
      </trkpt>
      <trkpt lat="40.785258" lon="-73.97299">
        <ele>28.2</ele>
        <time>2026-05-22T19:17:00.000Z</time>
      </trkpt>
      <trkpt lat="40.785246" lon="-73.972994">
        <ele>28.2</ele>
        <time>2026-05-22T19:17:01.000Z</time>
      </trkpt>
      <trkpt lat="40.785236" lon="-73.972997">
        <ele>28.2</ele>
        <time>2026-05-22T19:17:02.000Z</time>
      </trkpt>
      <trkpt lat="40.785229" lon="-73.972998">
        <ele>28.2</ele>
        <time>2026-05-22T19:17:03.000Z</time>
      </trkpt>
      <trkpt lat="40.78522" lon="-73.972999">
        <ele>28.2</ele>
        <time>2026-05-22T19:17:04.000Z</time>
      </trkpt>
      <trkpt lat="40.785211" lon="-73.972999">
        <ele>28.2</ele>
        <time>2026-05-22T19:17:05.000Z</time>
      </trkpt>
      <trkpt lat="40.785202" lon="-73.972998">
        <ele>28</ele>
        <time>2026-05-22T19:17:06.000Z</time>
      </trkpt>
      <trkpt lat="40.785193" lon="-73.972995">
        <ele>28</ele>
        <time>2026-05-22T19:17:07.000Z</time>
      </trkpt>
      <trkpt lat="40.785186" lon="-73.972991">
        <ele>28</ele>
        <time>2026-05-22T19:17:08.000Z</time>
      </trkpt>
      <trkpt lat="40.785179" lon="-73.972987">
        <ele>28</ele>
        <time>2026-05-22T19:17:09.000Z</time>
      </trkpt>
      <trkpt lat="40.785172" lon="-73.972981">
        <ele>28</ele>
        <time>2026-05-22T19:17:10.000Z</time>
      </trkpt>
      <trkpt lat="40.785166" lon="-73.972974">
        <ele>28</ele>
        <time>2026-05-22T19:17:11.000Z</time>
      </trkpt>
      <trkpt lat="40.78516" lon="-73.972967">
        <ele>28</ele>
        <time>2026-05-22T19:17:12.000Z</time>
      </trkpt>
      <trkpt lat="40.785154" lon="-73.972958">
        <ele>28</ele>
        <time>2026-05-22T19:17:13.000Z</time>
      </trkpt>
      <trkpt lat="40.785149" lon="-73.972949">
        <ele>28</ele>
        <time>2026-05-22T19:17:14.000Z</time>
      </trkpt>
      <trkpt lat="40.785143" lon="-73.972939">
        <ele>28</ele>
        <time>2026-05-22T19:17:15.000Z</time>
      </trkpt>
      <trkpt lat="40.785138" lon="-73.972929">
        <ele>28</ele>
        <time>2026-05-22T19:17:16.000Z</time>
      </trkpt>
      <trkpt lat="40.785133" lon="-73.972918">
        <ele>28</ele>
        <time>2026-05-22T19:17:17.000Z</time>
      </trkpt>
      <trkpt lat="40.785127" lon="-73.972907">
        <ele>28</ele>
        <time>2026-05-22T19:17:18.000Z</time>
      </trkpt>
      <trkpt lat="40.785122" lon="-73.972895">
        <ele>28</ele>
        <time>2026-05-22T19:17:19.000Z</time>
      </trkpt>
      <trkpt lat="40.785116" lon="-73.972884">
        <ele>28</ele>
        <time>2026-05-22T19:17:20.000Z</time>
      </trkpt>
      <trkpt lat="40.785111" lon="-73.972871">
        <ele>28</ele>
        <time>2026-05-22T19:17:21.000Z</time>
      </trkpt>
      <trkpt lat="40.785105" lon="-73.972859">
        <ele>28.2</ele>
        <time>2026-05-22T19:17:22.000Z</time>
      </trkpt>
      <trkpt lat="40.7851" lon="-73.972846">
        <ele>28.2</ele>
        <time>2026-05-22T19:17:23.000Z</time>
      </trkpt>
      <trkpt lat="40.785095" lon="-73.972833">
        <ele>28.2</ele>
        <time>2026-05-22T19:17:24.000Z</time>
      </trkpt>
      <trkpt lat="40.785091" lon="-73.972819">
        <ele>28.2</ele>
        <time>2026-05-22T19:17:25.000Z</time>
      </trkpt>
      <trkpt lat="40.785086" lon="-73.972805">
        <ele>28.2</ele>
        <time>2026-05-22T19:17:26.000Z</time>
      </trkpt>
      <trkpt lat="40.785082" lon="-73.972791">
        <ele>28.4</ele>
        <time>2026-05-22T19:17:27.000Z</time>
      </trkpt>
      <trkpt lat="40.785077" lon="-73.972777">
        <ele>28.4</ele>
        <time>2026-05-22T19:17:28.000Z</time>
      </trkpt>
      <trkpt lat="40.785073" lon="-73.972763">
        <ele>28.4</ele>
        <time>2026-05-22T19:17:29.000Z</time>
      </trkpt>
      <trkpt lat="40.785068" lon="-73.972749">
        <ele>28.4</ele>
        <time>2026-05-22T19:17:30.000Z</time>
      </trkpt>
      <trkpt lat="40.785063" lon="-73.972734">
        <ele>28.6</ele>
        <time>2026-05-22T19:17:31.000Z</time>
      </trkpt>
      <trkpt lat="40.785058" lon="-73.97272">
        <ele>28.6</ele>
        <time>2026-05-22T19:17:32.000Z</time>
      </trkpt>
      <trkpt lat="40.785054" lon="-73.972706">
        <ele>28.6</ele>
        <time>2026-05-22T19:17:33.000Z</time>
      </trkpt>
      <trkpt lat="40.785049" lon="-73.972692">
        <ele>28.6</ele>
        <time>2026-05-22T19:17:34.000Z</time>
      </trkpt>
      <trkpt lat="40.785044" lon="-73.972678">
        <ele>28.8</ele>
        <time>2026-05-22T19:17:35.000Z</time>
      </trkpt>
      <trkpt lat="40.785039" lon="-73.972664">
        <ele>28.8</ele>
        <time>2026-05-22T19:17:36.000Z</time>
      </trkpt>
      <trkpt lat="40.785034" lon="-73.972651">
        <ele>28.8</ele>
        <time>2026-05-22T19:17:37.000Z</time>
      </trkpt>
      <trkpt lat="40.785029" lon="-73.972637">
        <ele>28.8</ele>
        <time>2026-05-22T19:17:38.000Z</time>
      </trkpt>
      <trkpt lat="40.785025" lon="-73.972623">
        <ele>28.8</ele>
        <time>2026-05-22T19:17:39.000Z</time>
      </trkpt>
      <trkpt lat="40.78502" lon="-73.972608">
        <ele>29</ele>
        <time>2026-05-22T19:17:40.000Z</time>
      </trkpt>
      <trkpt lat="40.785015" lon="-73.972593">
        <ele>29</ele>
        <time>2026-05-22T19:17:41.000Z</time>
      </trkpt>
      <trkpt lat="40.78501" lon="-73.972579">
        <ele>29</ele>
        <time>2026-05-22T19:17:42.000Z</time>
      </trkpt>
      <trkpt lat="40.785005" lon="-73.972564">
        <ele>29</ele>
        <time>2026-05-22T19:17:43.000Z</time>
      </trkpt>
      <trkpt lat="40.785" lon="-73.972549">
        <ele>29</ele>
        <time>2026-05-22T19:17:44.000Z</time>
      </trkpt>
      <trkpt lat="40.784995" lon="-73.972533">
        <ele>29</ele>
        <time>2026-05-22T19:17:45.000Z</time>
      </trkpt>
      <trkpt lat="40.78499" lon="-73.972518">
        <ele>29</ele>
        <time>2026-05-22T19:17:46.000Z</time>
      </trkpt>
      <trkpt lat="40.784984" lon="-73.972503">
        <ele>29</ele>
        <time>2026-05-22T19:17:47.000Z</time>
      </trkpt>
      <trkpt lat="40.784979" lon="-73.972488">
        <ele>29</ele>
        <time>2026-05-22T19:17:48.000Z</time>
      </trkpt>
      <trkpt lat="40.784974" lon="-73.972474">
        <ele>29</ele>
        <time>2026-05-22T19:17:49.000Z</time>
      </trkpt>
      <trkpt lat="40.784969" lon="-73.972459">
        <ele>29.2</ele>
        <time>2026-05-22T19:17:50.000Z</time>
      </trkpt>
      <trkpt lat="40.784963" lon="-73.972445">
        <ele>29.2</ele>
        <time>2026-05-22T19:17:51.000Z</time>
      </trkpt>
      <trkpt lat="40.784958" lon="-73.972431">
        <ele>29.2</ele>
        <time>2026-05-22T19:17:52.000Z</time>
      </trkpt>
      <trkpt lat="40.784952" lon="-73.972417">
        <ele>29.2</ele>
        <time>2026-05-22T19:17:53.000Z</time>
      </trkpt>
      <trkpt lat="40.784947" lon="-73.972404">
        <ele>29.2</ele>
        <time>2026-05-22T19:17:54.000Z</time>
      </trkpt>
      <trkpt lat="40.784943" lon="-73.972397">
        <ele>29.2</ele>
        <time>2026-05-22T19:17:55.000Z</time>
      </trkpt>
      <trkpt lat="40.784938" lon="-73.972384">
        <ele>29.2</ele>
        <time>2026-05-22T19:17:56.000Z</time>
      </trkpt>
      <trkpt lat="40.784932" lon="-73.972372">
        <ele>29.2</ele>
        <time>2026-05-22T19:17:57.000Z</time>
      </trkpt>
      <trkpt lat="40.784927" lon="-73.97236">
        <ele>29.2</ele>
        <time>2026-05-22T19:17:58.000Z</time>
      </trkpt>
      <trkpt lat="40.784922" lon="-73.972348">
        <ele>29.2</ele>
        <time>2026-05-22T19:17:59.000Z</time>
      </trkpt>
      <trkpt lat="40.784917" lon="-73.972336">
        <ele>29.2</ele>
        <time>2026-05-22T19:18:00.000Z</time>
      </trkpt>
      <trkpt lat="40.784912" lon="-73.972324">
        <ele>29.2</ele>
        <time>2026-05-22T19:18:01.000Z</time>
      </trkpt>
      <trkpt lat="40.784907" lon="-73.972312">
        <ele>29.2</ele>
        <time>2026-05-22T19:18:02.000Z</time>
      </trkpt>
      <trkpt lat="40.784902" lon="-73.9723">
        <ele>29.2</ele>
        <time>2026-05-22T19:18:03.000Z</time>
      </trkpt>
      <trkpt lat="40.784897" lon="-73.972289">
        <ele>29.2</ele>
        <time>2026-05-22T19:18:04.000Z</time>
      </trkpt>
      <trkpt lat="40.784892" lon="-73.972278">
        <ele>29.2</ele>
        <time>2026-05-22T19:18:05.000Z</time>
      </trkpt>
      <trkpt lat="40.784887" lon="-73.972266">
        <ele>29.2</ele>
        <time>2026-05-22T19:18:06.000Z</time>
      </trkpt>
      <trkpt lat="40.784882" lon="-73.972255">
        <ele>29.2</ele>
        <time>2026-05-22T19:18:07.000Z</time>
      </trkpt>
      <trkpt lat="40.784877" lon="-73.972243">
        <ele>29.4</ele>
        <time>2026-05-22T19:18:08.000Z</time>
      </trkpt>
      <trkpt lat="40.784871" lon="-73.972231">
        <ele>29.4</ele>
        <time>2026-05-22T19:18:09.000Z</time>
      </trkpt>
      <trkpt lat="40.784866" lon="-73.972218">
        <ele>29.4</ele>
        <time>2026-05-22T19:18:10.000Z</time>
      </trkpt>
      <trkpt lat="40.78486" lon="-73.972206">
        <ele>29.4</ele>
        <time>2026-05-22T19:18:11.000Z</time>
      </trkpt>
      <trkpt lat="40.784855" lon="-73.972193">
        <ele>29.4</ele>
        <time>2026-05-22T19:18:12.000Z</time>
      </trkpt>
      <trkpt lat="40.78485" lon="-73.97218">
        <ele>29.4</ele>
        <time>2026-05-22T19:18:13.000Z</time>
      </trkpt>
      <trkpt lat="40.784845" lon="-73.972167">
        <ele>29.4</ele>
        <time>2026-05-22T19:18:14.000Z</time>
      </trkpt>
      <trkpt lat="40.784839" lon="-73.972153">
        <ele>29.4</ele>
        <time>2026-05-22T19:18:15.000Z</time>
      </trkpt>
      <trkpt lat="40.784834" lon="-73.97214">
        <ele>29.4</ele>
        <time>2026-05-22T19:18:16.000Z</time>
      </trkpt>
      <trkpt lat="40.784829" lon="-73.972127">
        <ele>29.4</ele>
        <time>2026-05-22T19:18:17.000Z</time>
      </trkpt>
      <trkpt lat="40.784823" lon="-73.972114">
        <ele>29.4</ele>
        <time>2026-05-22T19:18:18.000Z</time>
      </trkpt>
      <trkpt lat="40.784818" lon="-73.9721">
        <ele>29.4</ele>
        <time>2026-05-22T19:18:19.000Z</time>
      </trkpt>
      <trkpt lat="40.784813" lon="-73.972087">
        <ele>29.4</ele>
        <time>2026-05-22T19:18:20.000Z</time>
      </trkpt>
      <trkpt lat="40.784808" lon="-73.972074">
        <ele>29.4</ele>
        <time>2026-05-22T19:18:21.000Z</time>
      </trkpt>
      <trkpt lat="40.784803" lon="-73.972061">
        <ele>29.6</ele>
        <time>2026-05-22T19:18:22.000Z</time>
      </trkpt>
      <trkpt lat="40.784798" lon="-73.972048">
        <ele>29.6</ele>
        <time>2026-05-22T19:18:23.000Z</time>
      </trkpt>
      <trkpt lat="40.784793" lon="-73.972035">
        <ele>29.6</ele>
        <time>2026-05-22T19:18:24.000Z</time>
      </trkpt>
      <trkpt lat="40.784788" lon="-73.972023">
        <ele>29.6</ele>
        <time>2026-05-22T19:18:25.000Z</time>
      </trkpt>
      <trkpt lat="40.784783" lon="-73.97201">
        <ele>29.8</ele>
        <time>2026-05-22T19:18:26.000Z</time>
      </trkpt>
      <trkpt lat="40.784778" lon="-73.971998">
        <ele>29.8</ele>
        <time>2026-05-22T19:18:27.000Z</time>
      </trkpt>
      <trkpt lat="40.784772" lon="-73.971986">
        <ele>29.8</ele>
        <time>2026-05-22T19:18:28.000Z</time>
      </trkpt>
      <trkpt lat="40.784767" lon="-73.971974">
        <ele>29.8</ele>
        <time>2026-05-22T19:18:29.000Z</time>
      </trkpt>
      <trkpt lat="40.784762" lon="-73.971962">
        <ele>29.8</ele>
        <time>2026-05-22T19:18:30.000Z</time>
      </trkpt>
      <trkpt lat="40.784756" lon="-73.971949">
        <ele>29.8</ele>
        <time>2026-05-22T19:18:31.000Z</time>
      </trkpt>
      <trkpt lat="40.784751" lon="-73.971937">
        <ele>29.8</ele>
        <time>2026-05-22T19:18:32.000Z</time>
      </trkpt>
      <trkpt lat="40.784746" lon="-73.971925">
        <ele>29.8</ele>
        <time>2026-05-22T19:18:33.000Z</time>
      </trkpt>
      <trkpt lat="40.78474" lon="-73.971913">
        <ele>29.8</ele>
        <time>2026-05-22T19:18:34.000Z</time>
      </trkpt>
      <trkpt lat="40.784735" lon="-73.971901">
        <ele>29.8</ele>
        <time>2026-05-22T19:18:35.000Z</time>
      </trkpt>
      <trkpt lat="40.78473" lon="-73.971889">
        <ele>29.8</ele>
        <time>2026-05-22T19:18:36.000Z</time>
      </trkpt>
      <trkpt lat="40.784725" lon="-73.971877">
        <ele>29.8</ele>
        <time>2026-05-22T19:18:37.000Z</time>
      </trkpt>
      <trkpt lat="40.784719" lon="-73.971866">
        <ele>29.8</ele>
        <time>2026-05-22T19:18:38.000Z</time>
      </trkpt>
      <trkpt lat="40.784714" lon="-73.971855">
        <ele>29.8</ele>
        <time>2026-05-22T19:18:39.000Z</time>
      </trkpt>
      <trkpt lat="40.784709" lon="-73.971843">
        <ele>29.8</ele>
        <time>2026-05-22T19:18:40.000Z</time>
      </trkpt>
      <trkpt lat="40.784704" lon="-73.971832">
        <ele>29.8</ele>
        <time>2026-05-22T19:18:41.000Z</time>
      </trkpt>
      <trkpt lat="40.784698" lon="-73.97182">
        <ele>29.8</ele>
        <time>2026-05-22T19:18:42.000Z</time>
      </trkpt>
      <trkpt lat="40.784694" lon="-73.971808">
        <ele>29.8</ele>
        <time>2026-05-22T19:18:43.000Z</time>
      </trkpt>
      <trkpt lat="40.784689" lon="-73.971796">
        <ele>29.8</ele>
        <time>2026-05-22T19:18:44.000Z</time>
      </trkpt>
      <trkpt lat="40.784684" lon="-73.971784">
        <ele>29.8</ele>
        <time>2026-05-22T19:18:45.000Z</time>
      </trkpt>
      <trkpt lat="40.784679" lon="-73.971772">
        <ele>29.8</ele>
        <time>2026-05-22T19:18:46.000Z</time>
      </trkpt>
      <trkpt lat="40.784674" lon="-73.97176">
        <ele>30</ele>
        <time>2026-05-22T19:18:47.000Z</time>
      </trkpt>
      <trkpt lat="40.784669" lon="-73.971747">
        <ele>30</ele>
        <time>2026-05-22T19:18:48.000Z</time>
      </trkpt>
      <trkpt lat="40.784663" lon="-73.971735">
        <ele>30</ele>
        <time>2026-05-22T19:18:49.000Z</time>
      </trkpt>
      <trkpt lat="40.784658" lon="-73.971723">
        <ele>30</ele>
        <time>2026-05-22T19:18:50.000Z</time>
      </trkpt>
      <trkpt lat="40.784653" lon="-73.97171">
        <ele>30</ele>
        <time>2026-05-22T19:18:51.000Z</time>
      </trkpt>
      <trkpt lat="40.784647" lon="-73.971698">
        <ele>30</ele>
        <time>2026-05-22T19:18:52.000Z</time>
      </trkpt>
      <trkpt lat="40.784643" lon="-73.971688">
        <ele>30.2</ele>
        <time>2026-05-22T19:18:53.000Z</time>
      </trkpt>
      <trkpt lat="40.784637" lon="-73.971675">
        <ele>30.2</ele>
        <time>2026-05-22T19:18:54.000Z</time>
      </trkpt>
      <trkpt lat="40.784632" lon="-73.971663">
        <ele>30.2</ele>
        <time>2026-05-22T19:18:55.000Z</time>
      </trkpt>
      <trkpt lat="40.784626" lon="-73.97165">
        <ele>30.4</ele>
        <time>2026-05-22T19:18:56.000Z</time>
      </trkpt>
      <trkpt lat="40.784621" lon="-73.971637">
        <ele>30.4</ele>
        <time>2026-05-22T19:18:57.000Z</time>
      </trkpt>
      <trkpt lat="40.784615" lon="-73.971625">
        <ele>30.4</ele>
        <time>2026-05-22T19:18:58.000Z</time>
      </trkpt>
      <trkpt lat="40.78461" lon="-73.971612">
        <ele>30.4</ele>
        <time>2026-05-22T19:18:59.000Z</time>
      </trkpt>
      <trkpt lat="40.784605" lon="-73.971599">
        <ele>30.6</ele>
        <time>2026-05-22T19:19:00.000Z</time>
      </trkpt>
      <trkpt lat="40.784601" lon="-73.971587">
        <ele>30.6</ele>
        <time>2026-05-22T19:19:01.000Z</time>
      </trkpt>
      <trkpt lat="40.784596" lon="-73.971574">
        <ele>30.6</ele>
        <time>2026-05-22T19:19:02.000Z</time>
      </trkpt>
      <trkpt lat="40.784591" lon="-73.971561">
        <ele>30.6</ele>
        <time>2026-05-22T19:19:03.000Z</time>
      </trkpt>
      <trkpt lat="40.784586" lon="-73.971549">
        <ele>30.8</ele>
        <time>2026-05-22T19:19:04.000Z</time>
      </trkpt>
      <trkpt lat="40.784582" lon="-73.971536">
        <ele>30.8</ele>
        <time>2026-05-22T19:19:05.000Z</time>
      </trkpt>
      <trkpt lat="40.784577" lon="-73.971523">
        <ele>30.8</ele>
        <time>2026-05-22T19:19:06.000Z</time>
      </trkpt>
      <trkpt lat="40.784572" lon="-73.97151">
        <ele>30.8</ele>
        <time>2026-05-22T19:19:07.000Z</time>
      </trkpt>
      <trkpt lat="40.784567" lon="-73.971497">
        <ele>30.8</ele>
        <time>2026-05-22T19:19:08.000Z</time>
      </trkpt>
      <trkpt lat="40.784563" lon="-73.971485">
        <ele>30.8</ele>
        <time>2026-05-22T19:19:09.000Z</time>
      </trkpt>
      <trkpt lat="40.784558" lon="-73.971471">
        <ele>30.8</ele>
        <time>2026-05-22T19:19:10.000Z</time>
      </trkpt>
      <trkpt lat="40.784553" lon="-73.971458">
        <ele>30.8</ele>
        <time>2026-05-22T19:19:11.000Z</time>
      </trkpt>
      <trkpt lat="40.784548" lon="-73.971445">
        <ele>30.8</ele>
        <time>2026-05-22T19:19:12.000Z</time>
      </trkpt>
      <trkpt lat="40.784543" lon="-73.971431">
        <ele>30.8</ele>
        <time>2026-05-22T19:19:13.000Z</time>
      </trkpt>
      <trkpt lat="40.784538" lon="-73.971417">
        <ele>30.8</ele>
        <time>2026-05-22T19:19:14.000Z</time>
      </trkpt>
      <trkpt lat="40.784533" lon="-73.971403">
        <ele>30.8</ele>
        <time>2026-05-22T19:19:15.000Z</time>
      </trkpt>
      <trkpt lat="40.784528" lon="-73.971389">
        <ele>30.8</ele>
        <time>2026-05-22T19:19:16.000Z</time>
      </trkpt>
      <trkpt lat="40.784523" lon="-73.971375">
        <ele>30.8</ele>
        <time>2026-05-22T19:19:17.000Z</time>
      </trkpt>
      <trkpt lat="40.784518" lon="-73.971362">
        <ele>30.8</ele>
        <time>2026-05-22T19:19:18.000Z</time>
      </trkpt>
      <trkpt lat="40.784513" lon="-73.971349">
        <ele>30.8</ele>
        <time>2026-05-22T19:19:19.000Z</time>
      </trkpt>
      <trkpt lat="40.784508" lon="-73.971337">
        <ele>30.8</ele>
        <time>2026-05-22T19:19:20.000Z</time>
      </trkpt>
      <trkpt lat="40.784504" lon="-73.971326">
        <ele>30.8</ele>
        <time>2026-05-22T19:19:21.000Z</time>
      </trkpt>
      <trkpt lat="40.784499" lon="-73.971315">
        <ele>30.8</ele>
        <time>2026-05-22T19:19:22.000Z</time>
      </trkpt>
      <trkpt lat="40.784495" lon="-73.971304">
        <ele>30.8</ele>
        <time>2026-05-22T19:19:23.000Z</time>
      </trkpt>
      <trkpt lat="40.78449" lon="-73.971294">
        <ele>31</ele>
        <time>2026-05-22T19:19:24.000Z</time>
      </trkpt>
      <trkpt lat="40.784483" lon="-73.971279">
        <ele>31</ele>
        <time>2026-05-22T19:19:25.000Z</time>
      </trkpt>
      <trkpt lat="40.78448" lon="-73.971274">
        <ele>31</ele>
        <time>2026-05-22T19:19:26.000Z</time>
      </trkpt>
      <trkpt lat="40.78447" lon="-73.971257">
        <ele>31</ele>
        <time>2026-05-22T19:19:27.000Z</time>
      </trkpt>
      <trkpt lat="40.784467" lon="-73.971251">
        <ele>31</ele>
        <time>2026-05-22T19:19:28.000Z</time>
      </trkpt>
      <trkpt lat="40.784463" lon="-73.971244">
        <ele>31</ele>
        <time>2026-05-22T19:19:29.000Z</time>
      </trkpt>
      <trkpt lat="40.784458" lon="-73.971234">
        <ele>31</ele>
        <time>2026-05-22T19:19:30.000Z</time>
      </trkpt>
      <trkpt lat="40.784453" lon="-73.971224">
        <ele>31.2</ele>
        <time>2026-05-22T19:19:31.000Z</time>
      </trkpt>
      <trkpt lat="40.784448" lon="-73.971213">
        <ele>31.2</ele>
        <time>2026-05-22T19:19:32.000Z</time>
      </trkpt>
      <trkpt lat="40.784443" lon="-73.971202">
        <ele>31.2</ele>
        <time>2026-05-22T19:19:33.000Z</time>
      </trkpt>
      <trkpt lat="40.784438" lon="-73.97119">
        <ele>31.2</ele>
        <time>2026-05-22T19:19:34.000Z</time>
      </trkpt>
      <trkpt lat="40.784433" lon="-73.971178">
        <ele>31.2</ele>
        <time>2026-05-22T19:19:35.000Z</time>
      </trkpt>
      <trkpt lat="40.784427" lon="-73.971166">
        <ele>31.4</ele>
        <time>2026-05-22T19:19:36.000Z</time>
      </trkpt>
      <trkpt lat="40.784422" lon="-73.971153">
        <ele>31.4</ele>
        <time>2026-05-22T19:19:37.000Z</time>
      </trkpt>
      <trkpt lat="40.784416" lon="-73.971141">
        <ele>31.4</ele>
        <time>2026-05-22T19:19:38.000Z</time>
      </trkpt>
      <trkpt lat="40.78441" lon="-73.971129">
        <ele>31.4</ele>
        <time>2026-05-22T19:19:39.000Z</time>
      </trkpt>
      <trkpt lat="40.7844" lon="-73.971109">
        <ele>31.4</ele>
        <time>2026-05-22T19:19:40.000Z</time>
      </trkpt>
      <trkpt lat="40.784397" lon="-73.971101">
        <ele>31.6</ele>
        <time>2026-05-22T19:19:41.000Z</time>
      </trkpt>
      <trkpt lat="40.784393" lon="-73.971093">
        <ele>31.6</ele>
        <time>2026-05-22T19:19:42.000Z</time>
      </trkpt>
      <trkpt lat="40.784387" lon="-73.971081">
        <ele>31.6</ele>
        <time>2026-05-22T19:19:43.000Z</time>
      </trkpt>
      <trkpt lat="40.784381" lon="-73.971068">
        <ele>31.6</ele>
        <time>2026-05-22T19:19:44.000Z</time>
      </trkpt>
      <trkpt lat="40.784375" lon="-73.971057">
        <ele>31.6</ele>
        <time>2026-05-22T19:19:45.000Z</time>
      </trkpt>
      <trkpt lat="40.78437" lon="-73.971045">
        <ele>31.6</ele>
        <time>2026-05-22T19:19:46.000Z</time>
      </trkpt>
      <trkpt lat="40.784364" lon="-73.971034">
        <ele>31.8</ele>
        <time>2026-05-22T19:19:47.000Z</time>
      </trkpt>
      <trkpt lat="40.784358" lon="-73.971023">
        <ele>31.8</ele>
        <time>2026-05-22T19:19:48.000Z</time>
      </trkpt>
      <trkpt lat="40.784352" lon="-73.971013">
        <ele>31.8</ele>
        <time>2026-05-22T19:19:49.000Z</time>
      </trkpt>
      <trkpt lat="40.784347" lon="-73.971003">
        <ele>32</ele>
        <time>2026-05-22T19:19:50.000Z</time>
      </trkpt>
      <trkpt lat="40.784341" lon="-73.970992">
        <ele>32</ele>
        <time>2026-05-22T19:19:51.000Z</time>
      </trkpt>
      <trkpt lat="40.784336" lon="-73.970983">
        <ele>32.2</ele>
        <time>2026-05-22T19:19:52.000Z</time>
      </trkpt>
      <trkpt lat="40.78433" lon="-73.970974">
        <ele>32.2</ele>
        <time>2026-05-22T19:19:53.000Z</time>
      </trkpt>
      <trkpt lat="40.784326" lon="-73.970966">
        <ele>32.4</ele>
        <time>2026-05-22T19:19:54.000Z</time>
      </trkpt>
      <trkpt lat="40.784321" lon="-73.970958">
        <ele>32.4</ele>
        <time>2026-05-22T19:19:55.000Z</time>
      </trkpt>
      <trkpt lat="40.784316" lon="-73.97095">
        <ele>32.6</ele>
        <time>2026-05-22T19:19:56.000Z</time>
      </trkpt>
      <trkpt lat="40.784312" lon="-73.970942">
        <ele>32.6</ele>
        <time>2026-05-22T19:19:57.000Z</time>
      </trkpt>
      <trkpt lat="40.784303" lon="-73.970927">
        <ele>32.6</ele>
        <time>2026-05-22T19:19:58.000Z</time>
      </trkpt>
      <trkpt lat="40.784299" lon="-73.97092">
        <ele>32.6</ele>
        <time>2026-05-22T19:19:59.000Z</time>
      </trkpt>
      <trkpt lat="40.784296" lon="-73.970914">
        <ele>32.8</ele>
        <time>2026-05-22T19:20:00.000Z</time>
      </trkpt>
      <trkpt lat="40.784292" lon="-73.970907">
        <ele>32.8</ele>
        <time>2026-05-22T19:20:01.000Z</time>
      </trkpt>
      <trkpt lat="40.784288" lon="-73.9709">
        <ele>32.8</ele>
        <time>2026-05-22T19:20:02.000Z</time>
      </trkpt>
      <trkpt lat="40.784283" lon="-73.970891">
        <ele>32.8</ele>
        <time>2026-05-22T19:20:03.000Z</time>
      </trkpt>
      <trkpt lat="40.784277" lon="-73.970881">
        <ele>32.8</ele>
        <time>2026-05-22T19:20:04.000Z</time>
      </trkpt>
      <trkpt lat="40.784272" lon="-73.97087">
        <ele>32.8</ele>
        <time>2026-05-22T19:20:05.000Z</time>
      </trkpt>
      <trkpt lat="40.784266" lon="-73.970859">
        <ele>32.8</ele>
        <time>2026-05-22T19:20:06.000Z</time>
      </trkpt>
      <trkpt lat="40.784261" lon="-73.970848">
        <ele>32.8</ele>
        <time>2026-05-22T19:20:07.000Z</time>
      </trkpt>
      <trkpt lat="40.784255" lon="-73.970836">
        <ele>32.8</ele>
        <time>2026-05-22T19:20:08.000Z</time>
      </trkpt>
      <trkpt lat="40.78425" lon="-73.970824">
        <ele>32.8</ele>
        <time>2026-05-22T19:20:09.000Z</time>
      </trkpt>
      <trkpt lat="40.784244" lon="-73.970812">
        <ele>32.8</ele>
        <time>2026-05-22T19:20:10.000Z</time>
      </trkpt>
      <trkpt lat="40.784238" lon="-73.970799">
        <ele>33</ele>
        <time>2026-05-22T19:20:11.000Z</time>
      </trkpt>
      <trkpt lat="40.784232" lon="-73.970787">
        <ele>33</ele>
        <time>2026-05-22T19:20:12.000Z</time>
      </trkpt>
      <trkpt lat="40.784226" lon="-73.970774">
        <ele>33</ele>
        <time>2026-05-22T19:20:13.000Z</time>
      </trkpt>
      <trkpt lat="40.78422" lon="-73.970761">
        <ele>33</ele>
        <time>2026-05-22T19:20:14.000Z</time>
      </trkpt>
      <trkpt lat="40.784215" lon="-73.970748">
        <ele>33</ele>
        <time>2026-05-22T19:20:15.000Z</time>
      </trkpt>
      <trkpt lat="40.784209" lon="-73.970735">
        <ele>33</ele>
        <time>2026-05-22T19:20:16.000Z</time>
      </trkpt>
      <trkpt lat="40.784203" lon="-73.970722">
        <ele>33</ele>
        <time>2026-05-22T19:20:17.000Z</time>
      </trkpt>
      <trkpt lat="40.784198" lon="-73.970709">
        <ele>33.2</ele>
        <time>2026-05-22T19:20:18.000Z</time>
      </trkpt>
      <trkpt lat="40.784192" lon="-73.970696">
        <ele>33.2</ele>
        <time>2026-05-22T19:20:19.000Z</time>
      </trkpt>
      <trkpt lat="40.784187" lon="-73.970683">
        <ele>33.2</ele>
        <time>2026-05-22T19:20:20.000Z</time>
      </trkpt>
      <trkpt lat="40.784181" lon="-73.970671">
        <ele>33.2</ele>
        <time>2026-05-22T19:20:21.000Z</time>
      </trkpt>
      <trkpt lat="40.784176" lon="-73.970658">
        <ele>33.4</ele>
        <time>2026-05-22T19:20:22.000Z</time>
      </trkpt>
      <trkpt lat="40.784171" lon="-73.970646">
        <ele>33.4</ele>
        <time>2026-05-22T19:20:23.000Z</time>
      </trkpt>
      <trkpt lat="40.784165" lon="-73.970634">
        <ele>33.4</ele>
        <time>2026-05-22T19:20:24.000Z</time>
      </trkpt>
      <trkpt lat="40.78416" lon="-73.970622">
        <ele>33.4</ele>
        <time>2026-05-22T19:20:25.000Z</time>
      </trkpt>
      <trkpt lat="40.784154" lon="-73.970609">
        <ele>33.6</ele>
        <time>2026-05-22T19:20:26.000Z</time>
      </trkpt>
      <trkpt lat="40.784148" lon="-73.970597">
        <ele>33.6</ele>
        <time>2026-05-22T19:20:27.000Z</time>
      </trkpt>
      <trkpt lat="40.784142" lon="-73.970584">
        <ele>33.6</ele>
        <time>2026-05-22T19:20:28.000Z</time>
      </trkpt>
      <trkpt lat="40.784136" lon="-73.970572">
        <ele>33.6</ele>
        <time>2026-05-22T19:20:29.000Z</time>
      </trkpt>
      <trkpt lat="40.78413" lon="-73.970559">
        <ele>33.6</ele>
        <time>2026-05-22T19:20:30.000Z</time>
      </trkpt>
      <trkpt lat="40.784124" lon="-73.970546">
        <ele>33.6</ele>
        <time>2026-05-22T19:20:31.000Z</time>
      </trkpt>
      <trkpt lat="40.784119" lon="-73.970533">
        <ele>33.6</ele>
        <time>2026-05-22T19:20:32.000Z</time>
      </trkpt>
      <trkpt lat="40.784113" lon="-73.970521">
        <ele>33.6</ele>
        <time>2026-05-22T19:20:33.000Z</time>
      </trkpt>
      <trkpt lat="40.784106" lon="-73.970509">
        <ele>33.6</ele>
        <time>2026-05-22T19:20:34.000Z</time>
      </trkpt>
      <trkpt lat="40.7841" lon="-73.970498">
        <ele>33.6</ele>
        <time>2026-05-22T19:20:35.000Z</time>
      </trkpt>
      <trkpt lat="40.784094" lon="-73.970488">
        <ele>33.6</ele>
        <time>2026-05-22T19:20:36.000Z</time>
      </trkpt>
      <trkpt lat="40.784087" lon="-73.970479">
        <ele>33.6</ele>
        <time>2026-05-22T19:20:37.000Z</time>
      </trkpt>
      <trkpt lat="40.784079" lon="-73.970472">
        <ele>33.6</ele>
        <time>2026-05-22T19:20:38.000Z</time>
      </trkpt>
      <trkpt lat="40.784071" lon="-73.970465">
        <ele>33.6</ele>
        <time>2026-05-22T19:20:39.000Z</time>
      </trkpt>
      <trkpt lat="40.784063" lon="-73.970461">
        <ele>33.6</ele>
        <time>2026-05-22T19:20:40.000Z</time>
      </trkpt>
      <trkpt lat="40.784055" lon="-73.970457">
        <ele>33.4</ele>
        <time>2026-05-22T19:20:41.000Z</time>
      </trkpt>
      <trkpt lat="40.784046" lon="-73.970453">
        <ele>33.4</ele>
        <time>2026-05-22T19:20:42.000Z</time>
      </trkpt>
      <trkpt lat="40.784038" lon="-73.970451">
        <ele>33.4</ele>
        <time>2026-05-22T19:20:43.000Z</time>
      </trkpt>
      <trkpt lat="40.78403" lon="-73.970449">
        <ele>33.2</ele>
        <time>2026-05-22T19:20:44.000Z</time>
      </trkpt>
      <trkpt lat="40.784019" lon="-73.97045">
        <ele>33.2</ele>
        <time>2026-05-22T19:20:45.000Z</time>
      </trkpt>
      <trkpt lat="40.784017" lon="-73.97045">
        <ele>33.2</ele>
        <time>2026-05-22T19:20:46.000Z</time>
      </trkpt>
      <trkpt lat="40.784008" lon="-73.970452">
        <ele>33</ele>
        <time>2026-05-22T19:20:47.000Z</time>
      </trkpt>
      <trkpt lat="40.784" lon="-73.970456">
        <ele>33</ele>
        <time>2026-05-22T19:20:48.000Z</time>
      </trkpt>
      <trkpt lat="40.783991" lon="-73.97046">
        <ele>32.8</ele>
        <time>2026-05-22T19:20:49.000Z</time>
      </trkpt>
      <trkpt lat="40.783983" lon="-73.970465">
        <ele>32.8</ele>
        <time>2026-05-22T19:20:50.000Z</time>
      </trkpt>
      <trkpt lat="40.783975" lon="-73.97047">
        <ele>32.8</ele>
        <time>2026-05-22T19:20:51.000Z</time>
      </trkpt>
      <trkpt lat="40.783967" lon="-73.970476">
        <ele>32.8</ele>
        <time>2026-05-22T19:20:52.000Z</time>
      </trkpt>
      <trkpt lat="40.783959" lon="-73.970482">
        <ele>32.8</ele>
        <time>2026-05-22T19:20:53.000Z</time>
      </trkpt>
      <trkpt lat="40.783951" lon="-73.970489">
        <ele>32.8</ele>
        <time>2026-05-22T19:20:54.000Z</time>
      </trkpt>
      <trkpt lat="40.783944" lon="-73.970495">
        <ele>32.8</ele>
        <time>2026-05-22T19:20:55.000Z</time>
      </trkpt>
      <trkpt lat="40.783936" lon="-73.970502">
        <ele>32.8</ele>
        <time>2026-05-22T19:20:56.000Z</time>
      </trkpt>
      <trkpt lat="40.78393" lon="-73.970509">
        <ele>32.8</ele>
        <time>2026-05-22T19:20:57.000Z</time>
      </trkpt>
      <trkpt lat="40.78392" lon="-73.97052">
        <ele>33</ele>
        <time>2026-05-22T19:20:58.000Z</time>
      </trkpt>
      <trkpt lat="40.783914" lon="-73.970527">
        <ele>33</ele>
        <time>2026-05-22T19:20:59.000Z</time>
      </trkpt>
      <trkpt lat="40.783908" lon="-73.970535">
        <ele>33</ele>
        <time>2026-05-22T19:21:00.000Z</time>
      </trkpt>
      <trkpt lat="40.783903" lon="-73.970542">
        <ele>33.2</ele>
        <time>2026-05-22T19:21:01.000Z</time>
      </trkpt>
      <trkpt lat="40.783897" lon="-73.97055">
        <ele>33.2</ele>
        <time>2026-05-22T19:21:02.000Z</time>
      </trkpt>
      <trkpt lat="40.783892" lon="-73.970557">
        <ele>33.2</ele>
        <time>2026-05-22T19:21:03.000Z</time>
      </trkpt>
      <trkpt lat="40.783887" lon="-73.970564">
        <ele>33.4</ele>
        <time>2026-05-22T19:21:04.000Z</time>
      </trkpt>
      <trkpt lat="40.783882" lon="-73.970572">
        <ele>33.4</ele>
        <time>2026-05-22T19:21:05.000Z</time>
      </trkpt>
      <trkpt lat="40.783876" lon="-73.970579">
        <ele>33.4</ele>
        <time>2026-05-22T19:21:06.000Z</time>
      </trkpt>
      <trkpt lat="40.78387" lon="-73.970587">
        <ele>33.6</ele>
        <time>2026-05-22T19:21:07.000Z</time>
      </trkpt>
      <trkpt lat="40.78386" lon="-73.970598">
        <ele>33.6</ele>
        <time>2026-05-22T19:21:08.000Z</time>
      </trkpt>
      <trkpt lat="40.783856" lon="-73.970602">
        <ele>33.6</ele>
        <time>2026-05-22T19:21:09.000Z</time>
      </trkpt>
      <trkpt lat="40.783847" lon="-73.970609">
        <ele>33.6</ele>
        <time>2026-05-22T19:21:10.000Z</time>
      </trkpt>
      <trkpt lat="40.783839" lon="-73.970615">
        <ele>33.6</ele>
        <time>2026-05-22T19:21:11.000Z</time>
      </trkpt>
      <trkpt lat="40.783829" lon="-73.970621">
        <ele>33.8</ele>
        <time>2026-05-22T19:21:12.000Z</time>
      </trkpt>
      <trkpt lat="40.783819" lon="-73.970627">
        <ele>33.8</ele>
        <time>2026-05-22T19:21:13.000Z</time>
      </trkpt>
      <trkpt lat="40.783809" lon="-73.970633">
        <ele>33.8</ele>
        <time>2026-05-22T19:21:14.000Z</time>
      </trkpt>
      <trkpt lat="40.783799" lon="-73.970639">
        <ele>33.8</ele>
        <time>2026-05-22T19:21:15.000Z</time>
      </trkpt>
      <trkpt lat="40.783788" lon="-73.970645">
        <ele>33.8</ele>
        <time>2026-05-22T19:21:16.000Z</time>
      </trkpt>
      <trkpt lat="40.783777" lon="-73.970651">
        <ele>33.8</ele>
        <time>2026-05-22T19:21:17.000Z</time>
      </trkpt>
      <trkpt lat="40.783766" lon="-73.970656">
        <ele>33.8</ele>
        <time>2026-05-22T19:21:18.000Z</time>
      </trkpt>
      <trkpt lat="40.783755" lon="-73.970662">
        <ele>33.8</ele>
        <time>2026-05-22T19:21:19.000Z</time>
      </trkpt>
      <trkpt lat="40.783744" lon="-73.970667">
        <ele>33.8</ele>
        <time>2026-05-22T19:21:20.000Z</time>
      </trkpt>
      <trkpt lat="40.783732" lon="-73.970673">
        <ele>33.8</ele>
        <time>2026-05-22T19:21:21.000Z</time>
      </trkpt>
      <trkpt lat="40.783721" lon="-73.970678">
        <ele>33.8</ele>
        <time>2026-05-22T19:21:22.000Z</time>
      </trkpt>
      <trkpt lat="40.78371" lon="-73.970684">
        <ele>33.8</ele>
        <time>2026-05-22T19:21:23.000Z</time>
      </trkpt>
      <trkpt lat="40.783698" lon="-73.97069">
        <ele>33.8</ele>
        <time>2026-05-22T19:21:24.000Z</time>
      </trkpt>
      <trkpt lat="40.783687" lon="-73.970696">
        <ele>33.8</ele>
        <time>2026-05-22T19:21:25.000Z</time>
      </trkpt>
      <trkpt lat="40.783676" lon="-73.970703">
        <ele>33.8</ele>
        <time>2026-05-22T19:21:26.000Z</time>
      </trkpt>
      <trkpt lat="40.783665" lon="-73.970709">
        <ele>33.6</ele>
        <time>2026-05-22T19:21:27.000Z</time>
      </trkpt>
      <trkpt lat="40.783654" lon="-73.970716">
        <ele>33.6</ele>
        <time>2026-05-22T19:21:28.000Z</time>
      </trkpt>
      <trkpt lat="40.783643" lon="-73.970722">
        <ele>33.6</ele>
        <time>2026-05-22T19:21:29.000Z</time>
      </trkpt>
      <trkpt lat="40.783631" lon="-73.970729">
        <ele>33.6</ele>
        <time>2026-05-22T19:21:30.000Z</time>
      </trkpt>
      <trkpt lat="40.78362" lon="-73.970736">
        <ele>33.6</ele>
        <time>2026-05-22T19:21:31.000Z</time>
      </trkpt>
      <trkpt lat="40.78361" lon="-73.970743">
        <ele>33.4</ele>
        <time>2026-05-22T19:21:32.000Z</time>
      </trkpt>
      <trkpt lat="40.783599" lon="-73.97075">
        <ele>33.4</ele>
        <time>2026-05-22T19:21:33.000Z</time>
      </trkpt>
      <trkpt lat="40.783588" lon="-73.970758">
        <ele>33.4</ele>
        <time>2026-05-22T19:21:34.000Z</time>
      </trkpt>
      <trkpt lat="40.783578" lon="-73.970766">
        <ele>33.2</ele>
        <time>2026-05-22T19:21:35.000Z</time>
      </trkpt>
      <trkpt lat="40.783567" lon="-73.970773">
        <ele>33.2</ele>
        <time>2026-05-22T19:21:36.000Z</time>
      </trkpt>
      <trkpt lat="40.783557" lon="-73.970781">
        <ele>33</ele>
        <time>2026-05-22T19:21:37.000Z</time>
      </trkpt>
      <trkpt lat="40.783557" lon="-73.970781">
        <ele>33</ele>
        <time>2026-05-22T19:21:38.000Z</time>
      </trkpt>
      <trkpt lat="40.783547" lon="-73.970789">
        <ele>33</ele>
        <time>2026-05-22T19:21:39.000Z</time>
      </trkpt>
      <trkpt lat="40.783537" lon="-73.970796">
        <ele>32.8</ele>
        <time>2026-05-22T19:21:40.000Z</time>
      </trkpt>
      <trkpt lat="40.783528" lon="-73.970804">
        <ele>32.8</ele>
        <time>2026-05-22T19:21:41.000Z</time>
      </trkpt>
      <trkpt lat="40.783518" lon="-73.970813">
        <ele>32.6</ele>
        <time>2026-05-22T19:21:42.000Z</time>
      </trkpt>
      <trkpt lat="40.78351" lon="-73.970821">
        <ele>32.6</ele>
        <time>2026-05-22T19:21:43.000Z</time>
      </trkpt>
      <trkpt lat="40.783502" lon="-73.97083">
        <ele>32.4</ele>
        <time>2026-05-22T19:21:44.000Z</time>
      </trkpt>
      <trkpt lat="40.783496" lon="-73.97084">
        <ele>32.4</ele>
        <time>2026-05-22T19:21:45.000Z</time>
      </trkpt>
      <trkpt lat="40.783489" lon="-73.970852">
        <ele>32.2</ele>
        <time>2026-05-22T19:21:46.000Z</time>
      </trkpt>
      <trkpt lat="40.783486" lon="-73.970863">
        <ele>32.2</ele>
        <time>2026-05-22T19:21:47.000Z</time>
      </trkpt>
      <trkpt lat="40.783484" lon="-73.970874">
        <ele>32.2</ele>
        <time>2026-05-22T19:21:48.000Z</time>
      </trkpt>
      <trkpt lat="40.783484" lon="-73.970886">
        <ele>32.2</ele>
        <time>2026-05-22T19:21:49.000Z</time>
      </trkpt>
      <trkpt lat="40.783485" lon="-73.970898">
        <ele>32.2</ele>
        <time>2026-05-22T19:21:50.000Z</time>
      </trkpt>
      <trkpt lat="40.783488" lon="-73.970911">
        <ele>32.2</ele>
        <time>2026-05-22T19:21:51.000Z</time>
      </trkpt>
      <trkpt lat="40.783491" lon="-73.970925">
        <ele>32.2</ele>
        <time>2026-05-22T19:21:52.000Z</time>
      </trkpt>
      <trkpt lat="40.783495" lon="-73.970939">
        <ele>32.2</ele>
        <time>2026-05-22T19:21:53.000Z</time>
      </trkpt>
      <trkpt lat="40.7835" lon="-73.970953">
        <ele>32.4</ele>
        <time>2026-05-22T19:21:54.000Z</time>
      </trkpt>
      <trkpt lat="40.783505" lon="-73.970966">
        <ele>32.4</ele>
        <time>2026-05-22T19:21:55.000Z</time>
      </trkpt>
      <trkpt lat="40.78351" lon="-73.970977">
        <ele>32.4</ele>
        <time>2026-05-22T19:21:56.000Z</time>
      </trkpt>
      <trkpt lat="40.783515" lon="-73.970991">
        <ele>32.4</ele>
        <time>2026-05-22T19:21:57.000Z</time>
      </trkpt>
      <trkpt lat="40.783521" lon="-73.971005">
        <ele>32.6</ele>
        <time>2026-05-22T19:21:58.000Z</time>
      </trkpt>
      <trkpt lat="40.783527" lon="-73.971018">
        <ele>32.6</ele>
        <time>2026-05-22T19:21:59.000Z</time>
      </trkpt>
      <trkpt lat="40.783533" lon="-73.971032">
        <ele>32.6</ele>
        <time>2026-05-22T19:22:00.000Z</time>
      </trkpt>
      <trkpt lat="40.783538" lon="-73.971044">
        <ele>32.6</ele>
        <time>2026-05-22T19:22:01.000Z</time>
      </trkpt>
      <trkpt lat="40.783543" lon="-73.971057">
        <ele>32.6</ele>
        <time>2026-05-22T19:22:02.000Z</time>
      </trkpt>
      <trkpt lat="40.783548" lon="-73.97107">
        <ele>32.6</ele>
        <time>2026-05-22T19:22:03.000Z</time>
      </trkpt>
      <trkpt lat="40.783552" lon="-73.971084">
        <ele>32.6</ele>
        <time>2026-05-22T19:22:04.000Z</time>
      </trkpt>
      <trkpt lat="40.783557" lon="-73.971097">
        <ele>32.6</ele>
        <time>2026-05-22T19:22:05.000Z</time>
      </trkpt>
      <trkpt lat="40.783561" lon="-73.971109">
        <ele>32.6</ele>
        <time>2026-05-22T19:22:06.000Z</time>
      </trkpt>
      <trkpt lat="40.783566" lon="-73.971122">
        <ele>32.6</ele>
        <time>2026-05-22T19:22:07.000Z</time>
      </trkpt>
      <trkpt lat="40.783571" lon="-73.971134">
        <ele>32.6</ele>
        <time>2026-05-22T19:22:08.000Z</time>
      </trkpt>
      <trkpt lat="40.783575" lon="-73.971147">
        <ele>32.4</ele>
        <time>2026-05-22T19:22:09.000Z</time>
      </trkpt>
      <trkpt lat="40.78358" lon="-73.971159">
        <ele>32.4</ele>
        <time>2026-05-22T19:22:10.000Z</time>
      </trkpt>
      <trkpt lat="40.783585" lon="-73.971171">
        <ele>32.2</ele>
        <time>2026-05-22T19:22:11.000Z</time>
      </trkpt>
      <trkpt lat="40.78359" lon="-73.971183">
        <ele>32.2</ele>
        <time>2026-05-22T19:22:12.000Z</time>
      </trkpt>
      <trkpt lat="40.783596" lon="-73.971195">
        <ele>32</ele>
        <time>2026-05-22T19:22:13.000Z</time>
      </trkpt>
      <trkpt lat="40.783602" lon="-73.971208">
        <ele>32</ele>
        <time>2026-05-22T19:22:14.000Z</time>
      </trkpt>
      <trkpt lat="40.783607" lon="-73.97122">
        <ele>31.8</ele>
        <time>2026-05-22T19:22:15.000Z</time>
      </trkpt>
      <trkpt lat="40.783614" lon="-73.971232">
        <ele>31.6</ele>
        <time>2026-05-22T19:22:16.000Z</time>
      </trkpt>
      <trkpt lat="40.783621" lon="-73.971245">
        <ele>31.6</ele>
        <time>2026-05-22T19:22:17.000Z</time>
      </trkpt>
      <trkpt lat="40.783627" lon="-73.971258">
        <ele>31.4</ele>
        <time>2026-05-22T19:22:18.000Z</time>
      </trkpt>
      <trkpt lat="40.783634" lon="-73.97127">
        <ele>31.4</ele>
        <time>2026-05-22T19:22:19.000Z</time>
      </trkpt>
      <trkpt lat="40.783641" lon="-73.971282">
        <ele>31.2</ele>
        <time>2026-05-22T19:22:20.000Z</time>
      </trkpt>
      <trkpt lat="40.783647" lon="-73.971295">
        <ele>31.2</ele>
        <time>2026-05-22T19:22:21.000Z</time>
      </trkpt>
      <trkpt lat="40.783654" lon="-73.971308">
        <ele>31.2</ele>
        <time>2026-05-22T19:22:22.000Z</time>
      </trkpt>
      <trkpt lat="40.78366" lon="-73.971321">
        <ele>31</ele>
        <time>2026-05-22T19:22:23.000Z</time>
      </trkpt>
      <trkpt lat="40.783666" lon="-73.971335">
        <ele>31</ele>
        <time>2026-05-22T19:22:24.000Z</time>
      </trkpt>
      <trkpt lat="40.783672" lon="-73.971349">
        <ele>31</ele>
        <time>2026-05-22T19:22:25.000Z</time>
      </trkpt>
      <trkpt lat="40.783678" lon="-73.971364">
        <ele>30.8</ele>
        <time>2026-05-22T19:22:26.000Z</time>
      </trkpt>
      <trkpt lat="40.783684" lon="-73.971379">
        <ele>30.8</ele>
        <time>2026-05-22T19:22:27.000Z</time>
      </trkpt>
      <trkpt lat="40.78369" lon="-73.971394">
        <ele>30.8</ele>
        <time>2026-05-22T19:22:28.000Z</time>
      </trkpt>
      <trkpt lat="40.783696" lon="-73.97141">
        <ele>30.8</ele>
        <time>2026-05-22T19:22:29.000Z</time>
      </trkpt>
      <trkpt lat="40.783702" lon="-73.971425">
        <ele>30.8</ele>
        <time>2026-05-22T19:22:30.000Z</time>
      </trkpt>
      <trkpt lat="40.783708" lon="-73.971441">
        <ele>30.6</ele>
        <time>2026-05-22T19:22:31.000Z</time>
      </trkpt>
      <trkpt lat="40.783714" lon="-73.971455">
        <ele>30.6</ele>
        <time>2026-05-22T19:22:32.000Z</time>
      </trkpt>
      <trkpt lat="40.78372" lon="-73.97147">
        <ele>30.6</ele>
        <time>2026-05-22T19:22:33.000Z</time>
      </trkpt>
      <trkpt lat="40.783726" lon="-73.971484">
        <ele>30.6</ele>
        <time>2026-05-22T19:22:34.000Z</time>
      </trkpt>
      <trkpt lat="40.783732" lon="-73.971498">
        <ele>30.6</ele>
        <time>2026-05-22T19:22:35.000Z</time>
      </trkpt>
      <trkpt lat="40.783739" lon="-73.971512">
        <ele>30.6</ele>
        <time>2026-05-22T19:22:36.000Z</time>
      </trkpt>
      <trkpt lat="40.783745" lon="-73.971525">
        <ele>30.4</ele>
        <time>2026-05-22T19:22:37.000Z</time>
      </trkpt>
      <trkpt lat="40.783752" lon="-73.971539">
        <ele>30.4</ele>
        <time>2026-05-22T19:22:38.000Z</time>
      </trkpt>
      <trkpt lat="40.78376" lon="-73.971553">
        <ele>30.4</ele>
        <time>2026-05-22T19:22:39.000Z</time>
      </trkpt>
      <trkpt lat="40.783767" lon="-73.971567">
        <ele>30.4</ele>
        <time>2026-05-22T19:22:40.000Z</time>
      </trkpt>
      <trkpt lat="40.783775" lon="-73.971581">
        <ele>30.4</ele>
        <time>2026-05-22T19:22:41.000Z</time>
      </trkpt>
      <trkpt lat="40.783783" lon="-73.971595">
        <ele>30.2</ele>
        <time>2026-05-22T19:22:42.000Z</time>
      </trkpt>
      <trkpt lat="40.783791" lon="-73.971608">
        <ele>30.2</ele>
        <time>2026-05-22T19:22:43.000Z</time>
      </trkpt>
      <trkpt lat="40.783799" lon="-73.971621">
        <ele>30.2</ele>
        <time>2026-05-22T19:22:44.000Z</time>
      </trkpt>
      <trkpt lat="40.783806" lon="-73.971634">
        <ele>30.2</ele>
        <time>2026-05-22T19:22:45.000Z</time>
      </trkpt>
      <trkpt lat="40.783814" lon="-73.971647">
        <ele>30.2</ele>
        <time>2026-05-22T19:22:46.000Z</time>
      </trkpt>
      <trkpt lat="40.783821" lon="-73.971659">
        <ele>30.2</ele>
        <time>2026-05-22T19:22:47.000Z</time>
      </trkpt>
      <trkpt lat="40.783828" lon="-73.971672">
        <ele>30.2</ele>
        <time>2026-05-22T19:22:48.000Z</time>
      </trkpt>
      <trkpt lat="40.783835" lon="-73.971684">
        <ele>30.2</ele>
        <time>2026-05-22T19:22:49.000Z</time>
      </trkpt>
      <trkpt lat="40.783842" lon="-73.971697">
        <ele>30.2</ele>
        <time>2026-05-22T19:22:50.000Z</time>
      </trkpt>
      <trkpt lat="40.783848" lon="-73.971711">
        <ele>30</ele>
        <time>2026-05-22T19:22:51.000Z</time>
      </trkpt>
      <trkpt lat="40.783854" lon="-73.971723">
        <ele>30</ele>
        <time>2026-05-22T19:22:52.000Z</time>
      </trkpt>
      <trkpt lat="40.78386" lon="-73.971736">
        <ele>30</ele>
        <time>2026-05-22T19:22:53.000Z</time>
      </trkpt>
      <trkpt lat="40.783865" lon="-73.971748">
        <ele>30</ele>
        <time>2026-05-22T19:22:54.000Z</time>
      </trkpt>
      <trkpt lat="40.78387" lon="-73.971761">
        <ele>30</ele>
        <time>2026-05-22T19:22:55.000Z</time>
      </trkpt>
      <trkpt lat="40.783875" lon="-73.971772">
        <ele>30</ele>
        <time>2026-05-22T19:22:56.000Z</time>
      </trkpt>
      <trkpt lat="40.78388" lon="-73.971784">
        <ele>30</ele>
        <time>2026-05-22T19:22:57.000Z</time>
      </trkpt>
      <trkpt lat="40.783886" lon="-73.971799">
        <ele>30</ele>
        <time>2026-05-22T19:22:58.000Z</time>
      </trkpt>
      <trkpt lat="40.783891" lon="-73.971811">
        <ele>30</ele>
        <time>2026-05-22T19:22:59.000Z</time>
      </trkpt>
      <trkpt lat="40.783896" lon="-73.971823">
        <ele>29.8</ele>
        <time>2026-05-22T19:23:00.000Z</time>
      </trkpt>
      <trkpt lat="40.783901" lon="-73.971835">
        <ele>29.8</ele>
        <time>2026-05-22T19:23:01.000Z</time>
      </trkpt>
      <trkpt lat="40.783907" lon="-73.971847">
        <ele>29.8</ele>
        <time>2026-05-22T19:23:02.000Z</time>
      </trkpt>
      <trkpt lat="40.783912" lon="-73.971859">
        <ele>29.8</ele>
        <time>2026-05-22T19:23:03.000Z</time>
      </trkpt>
      <trkpt lat="40.783917" lon="-73.971871">
        <ele>29.8</ele>
        <time>2026-05-22T19:23:04.000Z</time>
      </trkpt>
      <trkpt lat="40.783923" lon="-73.971883">
        <ele>29.8</ele>
        <time>2026-05-22T19:23:05.000Z</time>
      </trkpt>
      <trkpt lat="40.783928" lon="-73.971895">
        <ele>29.8</ele>
        <time>2026-05-22T19:23:06.000Z</time>
      </trkpt>
      <trkpt lat="40.783933" lon="-73.971907">
        <ele>29.6</ele>
        <time>2026-05-22T19:23:07.000Z</time>
      </trkpt>
      <trkpt lat="40.783938" lon="-73.971918">
        <ele>29.6</ele>
        <time>2026-05-22T19:23:08.000Z</time>
      </trkpt>
      <trkpt lat="40.783944" lon="-73.97193">
        <ele>29.6</ele>
        <time>2026-05-22T19:23:09.000Z</time>
      </trkpt>
      <trkpt lat="40.783949" lon="-73.971941">
        <ele>29.6</ele>
        <time>2026-05-22T19:23:10.000Z</time>
      </trkpt>
      <trkpt lat="40.783954" lon="-73.971952">
        <ele>29.6</ele>
        <time>2026-05-22T19:23:11.000Z</time>
      </trkpt>
      <trkpt lat="40.783959" lon="-73.971964">
        <ele>29.4</ele>
        <time>2026-05-22T19:23:12.000Z</time>
      </trkpt>
      <trkpt lat="40.783964" lon="-73.971975">
        <ele>29.4</ele>
        <time>2026-05-22T19:23:13.000Z</time>
      </trkpt>
      <trkpt lat="40.783969" lon="-73.971986">
        <ele>29.4</ele>
        <time>2026-05-22T19:23:14.000Z</time>
      </trkpt>
      <trkpt lat="40.783974" lon="-73.971997">
        <ele>29.4</ele>
        <time>2026-05-22T19:23:15.000Z</time>
      </trkpt>
      <trkpt lat="40.783978" lon="-73.972008">
        <ele>29.4</ele>
        <time>2026-05-22T19:23:16.000Z</time>
      </trkpt>
      <trkpt lat="40.783981" lon="-73.972017">
        <ele>29.2</ele>
        <time>2026-05-22T19:23:17.000Z</time>
      </trkpt>
      <trkpt lat="40.783985" lon="-73.972028">
        <ele>29.2</ele>
        <time>2026-05-22T19:23:18.000Z</time>
      </trkpt>
      <trkpt lat="40.783989" lon="-73.972039">
        <ele>29.2</ele>
        <time>2026-05-22T19:23:19.000Z</time>
      </trkpt>
      <trkpt lat="40.783992" lon="-73.972051">
        <ele>29.2</ele>
        <time>2026-05-22T19:23:20.000Z</time>
      </trkpt>
      <trkpt lat="40.783995" lon="-73.972062">
        <ele>29.2</ele>
        <time>2026-05-22T19:23:21.000Z</time>
      </trkpt>
      <trkpt lat="40.783999" lon="-73.972074">
        <ele>29.2</ele>
        <time>2026-05-22T19:23:22.000Z</time>
      </trkpt>
      <trkpt lat="40.784001" lon="-73.972086">
        <ele>29.2</ele>
        <time>2026-05-22T19:23:23.000Z</time>
      </trkpt>
      <trkpt lat="40.784004" lon="-73.972098">
        <ele>29</ele>
        <time>2026-05-22T19:23:24.000Z</time>
      </trkpt>
      <trkpt lat="40.784007" lon="-73.97211">
        <ele>29</ele>
        <time>2026-05-22T19:23:25.000Z</time>
      </trkpt>
      <trkpt lat="40.78401" lon="-73.972122">
        <ele>29</ele>
        <time>2026-05-22T19:23:26.000Z</time>
      </trkpt>
      <trkpt lat="40.784013" lon="-73.972133">
        <ele>29</ele>
        <time>2026-05-22T19:23:27.000Z</time>
      </trkpt>
      <trkpt lat="40.784017" lon="-73.972145">
        <ele>29</ele>
        <time>2026-05-22T19:23:28.000Z</time>
      </trkpt>
      <trkpt lat="40.784021" lon="-73.972158">
        <ele>29</ele>
        <time>2026-05-22T19:23:29.000Z</time>
      </trkpt>
      <trkpt lat="40.784025" lon="-73.97217">
        <ele>29</ele>
        <time>2026-05-22T19:23:30.000Z</time>
      </trkpt>
      <trkpt lat="40.784029" lon="-73.972183">
        <ele>29</ele>
        <time>2026-05-22T19:23:31.000Z</time>
      </trkpt>
      <trkpt lat="40.784034" lon="-73.972195">
        <ele>29</ele>
        <time>2026-05-22T19:23:32.000Z</time>
      </trkpt>
      <trkpt lat="40.784039" lon="-73.972208">
        <ele>28.8</ele>
        <time>2026-05-22T19:23:33.000Z</time>
      </trkpt>
      <trkpt lat="40.784044" lon="-73.97222">
        <ele>28.8</ele>
        <time>2026-05-22T19:23:34.000Z</time>
      </trkpt>
      <trkpt lat="40.784049" lon="-73.972233">
        <ele>28.8</ele>
        <time>2026-05-22T19:23:35.000Z</time>
      </trkpt>
      <trkpt lat="40.784056" lon="-73.97225">
        <ele>28.8</ele>
        <time>2026-05-22T19:23:36.000Z</time>
      </trkpt>
      <trkpt lat="40.784062" lon="-73.972263">
        <ele>28.8</ele>
        <time>2026-05-22T19:23:37.000Z</time>
      </trkpt>
      <trkpt lat="40.784067" lon="-73.972276">
        <ele>28.6</ele>
        <time>2026-05-22T19:23:38.000Z</time>
      </trkpt>
      <trkpt lat="40.784072" lon="-73.972289">
        <ele>28.6</ele>
        <time>2026-05-22T19:23:39.000Z</time>
      </trkpt>
      <trkpt lat="40.784077" lon="-73.972302">
        <ele>28.6</ele>
        <time>2026-05-22T19:23:40.000Z</time>
      </trkpt>
      <trkpt lat="40.784082" lon="-73.972316">
        <ele>28.6</ele>
        <time>2026-05-22T19:23:41.000Z</time>
      </trkpt>
      <trkpt lat="40.784087" lon="-73.97233">
        <ele>28.6</ele>
        <time>2026-05-22T19:23:42.000Z</time>
      </trkpt>
      <trkpt lat="40.784092" lon="-73.972344">
        <ele>28.6</ele>
        <time>2026-05-22T19:23:43.000Z</time>
      </trkpt>
      <trkpt lat="40.784097" lon="-73.972358">
        <ele>28.6</ele>
        <time>2026-05-22T19:23:44.000Z</time>
      </trkpt>
      <trkpt lat="40.784102" lon="-73.972372">
        <ele>28.6</ele>
        <time>2026-05-22T19:23:45.000Z</time>
      </trkpt>
      <trkpt lat="40.784106" lon="-73.972387">
        <ele>28.6</ele>
        <time>2026-05-22T19:23:46.000Z</time>
      </trkpt>
      <trkpt lat="40.784111" lon="-73.972401">
        <ele>28.4</ele>
        <time>2026-05-22T19:23:47.000Z</time>
      </trkpt>
      <trkpt lat="40.784116" lon="-73.972416">
        <ele>28.4</ele>
        <time>2026-05-22T19:23:48.000Z</time>
      </trkpt>
      <trkpt lat="40.784121" lon="-73.97243">
        <ele>28.4</ele>
        <time>2026-05-22T19:23:49.000Z</time>
      </trkpt>
      <trkpt lat="40.784126" lon="-73.972445">
        <ele>28.4</ele>
        <time>2026-05-22T19:23:50.000Z</time>
      </trkpt>
      <trkpt lat="40.784131" lon="-73.972459">
        <ele>28.4</ele>
        <time>2026-05-22T19:23:51.000Z</time>
      </trkpt>
      <trkpt lat="40.784136" lon="-73.972472">
        <ele>28.4</ele>
        <time>2026-05-22T19:23:52.000Z</time>
      </trkpt>
      <trkpt lat="40.784141" lon="-73.972485">
        <ele>28.4</ele>
        <time>2026-05-22T19:23:53.000Z</time>
      </trkpt>
      <trkpt lat="40.784144" lon="-73.972492">
        <ele>28.2</ele>
        <time>2026-05-22T19:23:54.000Z</time>
      </trkpt>
      <trkpt lat="40.784149" lon="-73.972505">
        <ele>28.2</ele>
        <time>2026-05-22T19:23:55.000Z</time>
      </trkpt>
      <trkpt lat="40.784154" lon="-73.972517">
        <ele>28.2</ele>
        <time>2026-05-22T19:23:56.000Z</time>
      </trkpt>
      <trkpt lat="40.784159" lon="-73.972529">
        <ele>28.2</ele>
        <time>2026-05-22T19:23:57.000Z</time>
      </trkpt>
      <trkpt lat="40.784165" lon="-73.97254">
        <ele>28.2</ele>
        <time>2026-05-22T19:23:58.000Z</time>
      </trkpt>
      <trkpt lat="40.78417" lon="-73.972552">
        <ele>28.2</ele>
        <time>2026-05-22T19:23:59.000Z</time>
      </trkpt>
      <trkpt lat="40.784175" lon="-73.972564">
        <ele>28.2</ele>
        <time>2026-05-22T19:24:00.000Z</time>
      </trkpt>
      <trkpt lat="40.784181" lon="-73.972576">
        <ele>28.2</ele>
        <time>2026-05-22T19:24:01.000Z</time>
      </trkpt>
      <trkpt lat="40.784186" lon="-73.972587">
        <ele>28.2</ele>
        <time>2026-05-22T19:24:02.000Z</time>
      </trkpt>
      <trkpt lat="40.784192" lon="-73.972599">
        <ele>28</ele>
        <time>2026-05-22T19:24:03.000Z</time>
      </trkpt>
      <trkpt lat="40.7842" lon="-73.972616">
        <ele>28</ele>
        <time>2026-05-22T19:24:04.000Z</time>
      </trkpt>
      <trkpt lat="40.784206" lon="-73.972628">
        <ele>28</ele>
        <time>2026-05-22T19:24:05.000Z</time>
      </trkpt>
      <trkpt lat="40.784211" lon="-73.972639">
        <ele>28</ele>
        <time>2026-05-22T19:24:06.000Z</time>
      </trkpt>
      <trkpt lat="40.784217" lon="-73.972651">
        <ele>28</ele>
        <time>2026-05-22T19:24:07.000Z</time>
      </trkpt>
      <trkpt lat="40.784226" lon="-73.972669">
        <ele>28</ele>
        <time>2026-05-22T19:24:08.000Z</time>
      </trkpt>
      <trkpt lat="40.784228" lon="-73.972675">
        <ele>28</ele>
        <time>2026-05-22T19:24:09.000Z</time>
      </trkpt>
      <trkpt lat="40.784234" lon="-73.972688">
        <ele>28</ele>
        <time>2026-05-22T19:24:10.000Z</time>
      </trkpt>
      <trkpt lat="40.784239" lon="-73.9727">
        <ele>28</ele>
        <time>2026-05-22T19:24:11.000Z</time>
      </trkpt>
      <trkpt lat="40.784245" lon="-73.972714">
        <ele>28</ele>
        <time>2026-05-22T19:24:12.000Z</time>
      </trkpt>
      <trkpt lat="40.78425" lon="-73.972727">
        <ele>28</ele>
        <time>2026-05-22T19:24:13.000Z</time>
      </trkpt>
      <trkpt lat="40.784255" lon="-73.972741">
        <ele>27.8</ele>
        <time>2026-05-22T19:24:14.000Z</time>
      </trkpt>
      <trkpt lat="40.78426" lon="-73.972755">
        <ele>27.8</ele>
        <time>2026-05-22T19:24:15.000Z</time>
      </trkpt>
      <trkpt lat="40.784265" lon="-73.972769">
        <ele>27.8</ele>
        <time>2026-05-22T19:24:16.000Z</time>
      </trkpt>
      <trkpt lat="40.784271" lon="-73.972784">
        <ele>27.8</ele>
        <time>2026-05-22T19:24:17.000Z</time>
      </trkpt>
      <trkpt lat="40.784276" lon="-73.972798">
        <ele>27.8</ele>
        <time>2026-05-22T19:24:18.000Z</time>
      </trkpt>
      <trkpt lat="40.784282" lon="-73.972813">
        <ele>27.8</ele>
        <time>2026-05-22T19:24:19.000Z</time>
      </trkpt>
      <trkpt lat="40.784288" lon="-73.972827">
        <ele>27.8</ele>
        <time>2026-05-22T19:24:20.000Z</time>
      </trkpt>
      <trkpt lat="40.784293" lon="-73.972842">
        <ele>27.6</ele>
        <time>2026-05-22T19:24:21.000Z</time>
      </trkpt>
      <trkpt lat="40.784299" lon="-73.972856">
        <ele>27.6</ele>
        <time>2026-05-22T19:24:22.000Z</time>
      </trkpt>
      <trkpt lat="40.784309" lon="-73.972881">
        <ele>27.6</ele>
        <time>2026-05-22T19:24:23.000Z</time>
      </trkpt>
      <trkpt lat="40.784313" lon="-73.972891">
        <ele>27.6</ele>
        <time>2026-05-22T19:24:24.000Z</time>
      </trkpt>
      <trkpt lat="40.784317" lon="-73.972901">
        <ele>27.6</ele>
        <time>2026-05-22T19:24:25.000Z</time>
      </trkpt>
      <trkpt lat="40.784323" lon="-73.972915">
        <ele>27.6</ele>
        <time>2026-05-22T19:24:26.000Z</time>
      </trkpt>
      <trkpt lat="40.784329" lon="-73.97293">
        <ele>27.4</ele>
        <time>2026-05-22T19:24:27.000Z</time>
      </trkpt>
      <trkpt lat="40.784334" lon="-73.972944">
        <ele>27.4</ele>
        <time>2026-05-22T19:24:28.000Z</time>
      </trkpt>
      <trkpt lat="40.784339" lon="-73.972958">
        <ele>27.4</ele>
        <time>2026-05-22T19:24:29.000Z</time>
      </trkpt>
      <trkpt lat="40.784344" lon="-73.972972">
        <ele>27.4</ele>
        <time>2026-05-22T19:24:30.000Z</time>
      </trkpt>
      <trkpt lat="40.784349" lon="-73.972985">
        <ele>27.2</ele>
        <time>2026-05-22T19:24:31.000Z</time>
      </trkpt>
      <trkpt lat="40.784354" lon="-73.972999">
        <ele>27.2</ele>
        <time>2026-05-22T19:24:32.000Z</time>
      </trkpt>
      <trkpt lat="40.784359" lon="-73.973012">
        <ele>27.2</ele>
        <time>2026-05-22T19:24:33.000Z</time>
      </trkpt>
      <trkpt lat="40.784364" lon="-73.973024">
        <ele>27</ele>
        <time>2026-05-22T19:24:34.000Z</time>
      </trkpt>
      <trkpt lat="40.784364" lon="-73.973024">
        <ele>27</ele>
        <time>2026-05-22T19:24:35.000Z</time>
      </trkpt>
      <trkpt lat="40.78437" lon="-73.973039">
        <ele>27</ele>
        <time>2026-05-22T19:24:36.000Z</time>
      </trkpt>
      <trkpt lat="40.784375" lon="-73.97305">
        <ele>27</ele>
        <time>2026-05-22T19:24:37.000Z</time>
      </trkpt>
      <trkpt lat="40.78438" lon="-73.97306">
        <ele>27</ele>
        <time>2026-05-22T19:24:38.000Z</time>
      </trkpt>
      <trkpt lat="40.784385" lon="-73.97307">
        <ele>26.8</ele>
        <time>2026-05-22T19:24:39.000Z</time>
      </trkpt>
      <trkpt lat="40.784389" lon="-73.97308">
        <ele>26.8</ele>
        <time>2026-05-22T19:24:40.000Z</time>
      </trkpt>
      <trkpt lat="40.784394" lon="-73.97309">
        <ele>26.8</ele>
        <time>2026-05-22T19:24:41.000Z</time>
      </trkpt>
      <trkpt lat="40.784398" lon="-73.973099">
        <ele>26.8</ele>
        <time>2026-05-22T19:24:42.000Z</time>
      </trkpt>
      <trkpt lat="40.784403" lon="-73.973109">
        <ele>26.8</ele>
        <time>2026-05-22T19:24:43.000Z</time>
      </trkpt>
      <trkpt lat="40.784407" lon="-73.973119">
        <ele>26.8</ele>
        <time>2026-05-22T19:24:44.000Z</time>
      </trkpt>
      <trkpt lat="40.784412" lon="-73.973129">
        <ele>26.6</ele>
        <time>2026-05-22T19:24:45.000Z</time>
      </trkpt>
      <trkpt lat="40.784416" lon="-73.97314">
        <ele>26.6</ele>
        <time>2026-05-22T19:24:46.000Z</time>
      </trkpt>
      <trkpt lat="40.784421" lon="-73.973151">
        <ele>26.6</ele>
        <time>2026-05-22T19:24:47.000Z</time>
      </trkpt>
      <trkpt lat="40.784426" lon="-73.973163">
        <ele>26.6</ele>
        <time>2026-05-22T19:24:48.000Z</time>
      </trkpt>
      <trkpt lat="40.784431" lon="-73.973175">
        <ele>26.6</ele>
        <time>2026-05-22T19:24:49.000Z</time>
      </trkpt>
      <trkpt lat="40.784436" lon="-73.973187">
        <ele>26.6</ele>
        <time>2026-05-22T19:24:50.000Z</time>
      </trkpt>
      <trkpt lat="40.784442" lon="-73.973199">
        <ele>26.6</ele>
        <time>2026-05-22T19:24:51.000Z</time>
      </trkpt>
      <trkpt lat="40.784447" lon="-73.973212">
        <ele>26.6</ele>
        <time>2026-05-22T19:24:52.000Z</time>
      </trkpt>
      <trkpt lat="40.784452" lon="-73.973224">
        <ele>26.6</ele>
        <time>2026-05-22T19:24:53.000Z</time>
      </trkpt>
      <trkpt lat="40.784458" lon="-73.973237">
        <ele>26.6</ele>
        <time>2026-05-22T19:24:54.000Z</time>
      </trkpt>
      <trkpt lat="40.784463" lon="-73.973249">
        <ele>26.6</ele>
        <time>2026-05-22T19:24:55.000Z</time>
      </trkpt>
      <trkpt lat="40.784468" lon="-73.973261">
        <ele>26.6</ele>
        <time>2026-05-22T19:24:56.000Z</time>
      </trkpt>
      <trkpt lat="40.784474" lon="-73.973273">
        <ele>26.4</ele>
        <time>2026-05-22T19:24:57.000Z</time>
      </trkpt>
      <trkpt lat="40.784479" lon="-73.973285">
        <ele>26.4</ele>
        <time>2026-05-22T19:24:58.000Z</time>
      </trkpt>
      <trkpt lat="40.784484" lon="-73.973297">
        <ele>26.4</ele>
        <time>2026-05-22T19:24:59.000Z</time>
      </trkpt>
      <trkpt lat="40.784489" lon="-73.973309">
        <ele>26.4</ele>
        <time>2026-05-22T19:25:00.000Z</time>
      </trkpt>
      <trkpt lat="40.784494" lon="-73.973321">
        <ele>26.4</ele>
        <time>2026-05-22T19:25:01.000Z</time>
      </trkpt>
      <trkpt lat="40.784499" lon="-73.973333">
        <ele>26.4</ele>
        <time>2026-05-22T19:25:02.000Z</time>
      </trkpt>
      <trkpt lat="40.784503" lon="-73.973343">
        <ele>26.4</ele>
        <time>2026-05-22T19:25:03.000Z</time>
      </trkpt>
      <trkpt lat="40.784507" lon="-73.973355">
        <ele>26.4</ele>
        <time>2026-05-22T19:25:04.000Z</time>
      </trkpt>
      <trkpt lat="40.784511" lon="-73.973367">
        <ele>26.4</ele>
        <time>2026-05-22T19:25:05.000Z</time>
      </trkpt>
      <trkpt lat="40.784514" lon="-73.973379">
        <ele>26.4</ele>
        <time>2026-05-22T19:25:06.000Z</time>
      </trkpt>
      <trkpt lat="40.784518" lon="-73.973392">
        <ele>26.2</ele>
        <time>2026-05-22T19:25:07.000Z</time>
      </trkpt>
      <trkpt lat="40.784519" lon="-73.973403">
        <ele>26.2</ele>
        <time>2026-05-22T19:25:08.000Z</time>
      </trkpt>
      <trkpt lat="40.784521" lon="-73.973414">
        <ele>26.2</ele>
        <time>2026-05-22T19:25:09.000Z</time>
      </trkpt>
      <trkpt lat="40.784521" lon="-73.973424">
        <ele>26.2</ele>
        <time>2026-05-22T19:25:10.000Z</time>
      </trkpt>
      <trkpt lat="40.78452" lon="-73.973432">
        <ele>26.2</ele>
        <time>2026-05-22T19:25:11.000Z</time>
      </trkpt>
      <trkpt lat="40.784519" lon="-73.973441">
        <ele>26.2</ele>
        <time>2026-05-22T19:25:12.000Z</time>
      </trkpt>
      <trkpt lat="40.784518" lon="-73.973449">
        <ele>26.2</ele>
        <time>2026-05-22T19:25:13.000Z</time>
      </trkpt>
      <trkpt lat="40.784515" lon="-73.973457">
        <ele>26.2</ele>
        <time>2026-05-22T19:25:14.000Z</time>
      </trkpt>
      <trkpt lat="40.784512" lon="-73.973464">
        <ele>26.2</ele>
        <time>2026-05-22T19:25:15.000Z</time>
      </trkpt>
      <trkpt lat="40.784508" lon="-73.97347">
        <ele>26.2</ele>
        <time>2026-05-22T19:25:16.000Z</time>
      </trkpt>
      <trkpt lat="40.784504" lon="-73.973476">
        <ele>26.2</ele>
        <time>2026-05-22T19:25:17.000Z</time>
      </trkpt>
      <trkpt lat="40.784499" lon="-73.973481">
        <ele>26.2</ele>
        <time>2026-05-22T19:25:18.000Z</time>
      </trkpt>
      <trkpt lat="40.784494" lon="-73.973487">
        <ele>26.2</ele>
        <time>2026-05-22T19:25:19.000Z</time>
      </trkpt>
      <trkpt lat="40.784488" lon="-73.973492">
        <ele>26.2</ele>
        <time>2026-05-22T19:25:20.000Z</time>
      </trkpt>
      <trkpt lat="40.784482" lon="-73.973498">
        <ele>26.2</ele>
        <time>2026-05-22T19:25:21.000Z</time>
      </trkpt>
      <trkpt lat="40.784474" lon="-73.973504">
        <ele>26</ele>
        <time>2026-05-22T19:25:22.000Z</time>
      </trkpt>
      <trkpt lat="40.784466" lon="-73.973509">
        <ele>26</ele>
        <time>2026-05-22T19:25:23.000Z</time>
      </trkpt>
      <trkpt lat="40.784457" lon="-73.973515">
        <ele>26</ele>
        <time>2026-05-22T19:25:24.000Z</time>
      </trkpt>
      <trkpt lat="40.784448" lon="-73.973521">
        <ele>26</ele>
        <time>2026-05-22T19:25:25.000Z</time>
      </trkpt>
      <trkpt lat="40.784438" lon="-73.973526">
        <ele>26</ele>
        <time>2026-05-22T19:25:26.000Z</time>
      </trkpt>
      <trkpt lat="40.784427" lon="-73.973532">
        <ele>26</ele>
        <time>2026-05-22T19:25:27.000Z</time>
      </trkpt>
      <trkpt lat="40.784417" lon="-73.973538">
        <ele>26</ele>
        <time>2026-05-22T19:25:28.000Z</time>
      </trkpt>
      <trkpt lat="40.784407" lon="-73.973543">
        <ele>26</ele>
        <time>2026-05-22T19:25:29.000Z</time>
      </trkpt>
      <trkpt lat="40.784396" lon="-73.973549">
        <ele>26</ele>
        <time>2026-05-22T19:25:30.000Z</time>
      </trkpt>
      <trkpt lat="40.784386" lon="-73.973554">
        <ele>26.2</ele>
        <time>2026-05-22T19:25:31.000Z</time>
      </trkpt>
      <trkpt lat="40.784375" lon="-73.973559">
        <ele>26.2</ele>
        <time>2026-05-22T19:25:32.000Z</time>
      </trkpt>
      <trkpt lat="40.784364" lon="-73.973565">
        <ele>26.2</ele>
        <time>2026-05-22T19:25:33.000Z</time>
      </trkpt>
      <trkpt lat="40.784352" lon="-73.97357">
        <ele>26.4</ele>
        <time>2026-05-22T19:25:34.000Z</time>
      </trkpt>
      <trkpt lat="40.784341" lon="-73.973575">
        <ele>26.4</ele>
        <time>2026-05-22T19:25:35.000Z</time>
      </trkpt>
      <trkpt lat="40.784329" lon="-73.97358">
        <ele>26.4</ele>
        <time>2026-05-22T19:25:36.000Z</time>
      </trkpt>
      <trkpt lat="40.784318" lon="-73.973584">
        <ele>26.6</ele>
        <time>2026-05-22T19:25:37.000Z</time>
      </trkpt>
      <trkpt lat="40.784306" lon="-73.973589">
        <ele>26.6</ele>
        <time>2026-05-22T19:25:38.000Z</time>
      </trkpt>
      <trkpt lat="40.784294" lon="-73.973593">
        <ele>26.6</ele>
        <time>2026-05-22T19:25:39.000Z</time>
      </trkpt>
      <trkpt lat="40.784282" lon="-73.973598">
        <ele>26.6</ele>
        <time>2026-05-22T19:25:40.000Z</time>
      </trkpt>
      <trkpt lat="40.784271" lon="-73.973602">
        <ele>26.6</ele>
        <time>2026-05-22T19:25:41.000Z</time>
      </trkpt>
      <trkpt lat="40.784259" lon="-73.973606">
        <ele>26.6</ele>
        <time>2026-05-22T19:25:42.000Z</time>
      </trkpt>
      <trkpt lat="40.784247" lon="-73.97361">
        <ele>26.6</ele>
        <time>2026-05-22T19:25:43.000Z</time>
      </trkpt>
      <trkpt lat="40.784235" lon="-73.973614">
        <ele>26.6</ele>
        <time>2026-05-22T19:25:44.000Z</time>
      </trkpt>
      <trkpt lat="40.784224" lon="-73.973618">
        <ele>26.4</ele>
        <time>2026-05-22T19:25:45.000Z</time>
      </trkpt>
      <trkpt lat="40.784212" lon="-73.973622">
        <ele>26.4</ele>
        <time>2026-05-22T19:25:46.000Z</time>
      </trkpt>
      <trkpt lat="40.7842" lon="-73.973626">
        <ele>26.4</ele>
        <time>2026-05-22T19:25:47.000Z</time>
      </trkpt>
      <trkpt lat="40.784189" lon="-73.97363">
        <ele>26.2</ele>
        <time>2026-05-22T19:25:48.000Z</time>
      </trkpt>
      <trkpt lat="40.784178" lon="-73.973634">
        <ele>26.2</ele>
        <time>2026-05-22T19:25:49.000Z</time>
      </trkpt>
      <trkpt lat="40.784167" lon="-73.973638">
        <ele>26.2</ele>
        <time>2026-05-22T19:25:50.000Z</time>
      </trkpt>
      <trkpt lat="40.784155" lon="-73.973643">
        <ele>26.2</ele>
        <time>2026-05-22T19:25:51.000Z</time>
      </trkpt>
      <trkpt lat="40.784144" lon="-73.973647">
        <ele>26.2</ele>
        <time>2026-05-22T19:25:52.000Z</time>
      </trkpt>
      <trkpt lat="40.784133" lon="-73.973652">
        <ele>26</ele>
        <time>2026-05-22T19:25:53.000Z</time>
      </trkpt>
      <trkpt lat="40.784121" lon="-73.973657">
        <ele>26</ele>
        <time>2026-05-22T19:25:54.000Z</time>
      </trkpt>
      <trkpt lat="40.78411" lon="-73.973663">
        <ele>26</ele>
        <time>2026-05-22T19:25:55.000Z</time>
      </trkpt>
      <trkpt lat="40.784099" lon="-73.973669">
        <ele>26</ele>
        <time>2026-05-22T19:25:56.000Z</time>
      </trkpt>
      <trkpt lat="40.784086" lon="-73.973676">
        <ele>26</ele>
        <time>2026-05-22T19:25:57.000Z</time>
      </trkpt>
      <trkpt lat="40.784074" lon="-73.973683">
        <ele>26</ele>
        <time>2026-05-22T19:25:58.000Z</time>
      </trkpt>
      <trkpt lat="40.784065" lon="-73.973689">
        <ele>26</ele>
        <time>2026-05-22T19:25:59.000Z</time>
      </trkpt>
      <trkpt lat="40.784052" lon="-73.973698">
        <ele>26</ele>
        <time>2026-05-22T19:26:00.000Z</time>
      </trkpt>
      <trkpt lat="40.784041" lon="-73.973706">
        <ele>26</ele>
        <time>2026-05-22T19:26:01.000Z</time>
      </trkpt>
      <trkpt lat="40.784031" lon="-73.973712">
        <ele>26</ele>
        <time>2026-05-22T19:26:02.000Z</time>
      </trkpt>
      <trkpt lat="40.78402" lon="-73.97372">
        <ele>26</ele>
        <time>2026-05-22T19:26:03.000Z</time>
      </trkpt>
      <trkpt lat="40.78401" lon="-73.973728">
        <ele>26</ele>
        <time>2026-05-22T19:26:04.000Z</time>
      </trkpt>
      <trkpt lat="40.783999" lon="-73.973736">
        <ele>26</ele>
        <time>2026-05-22T19:26:05.000Z</time>
      </trkpt>
      <trkpt lat="40.783989" lon="-73.973744">
        <ele>26</ele>
        <time>2026-05-22T19:26:06.000Z</time>
      </trkpt>
      <trkpt lat="40.783979" lon="-73.973752">
        <ele>26</ele>
        <time>2026-05-22T19:26:07.000Z</time>
      </trkpt>
      <trkpt lat="40.783969" lon="-73.97376">
        <ele>26</ele>
        <time>2026-05-22T19:26:08.000Z</time>
      </trkpt>
      <trkpt lat="40.783959" lon="-73.973769">
        <ele>26</ele>
        <time>2026-05-22T19:26:09.000Z</time>
      </trkpt>
      <trkpt lat="40.78395" lon="-73.973778">
        <ele>26</ele>
        <time>2026-05-22T19:26:10.000Z</time>
      </trkpt>
      <trkpt lat="40.78394" lon="-73.973787">
        <ele>26.2</ele>
        <time>2026-05-22T19:26:11.000Z</time>
      </trkpt>
      <trkpt lat="40.783931" lon="-73.973796">
        <ele>26.2</ele>
        <time>2026-05-22T19:26:12.000Z</time>
      </trkpt>
      <trkpt lat="40.783922" lon="-73.973805">
        <ele>26.2</ele>
        <time>2026-05-22T19:26:13.000Z</time>
      </trkpt>
      <trkpt lat="40.783913" lon="-73.973813">
        <ele>26.2</ele>
        <time>2026-05-22T19:26:14.000Z</time>
      </trkpt>
      <trkpt lat="40.783904" lon="-73.973822">
        <ele>26.2</ele>
        <time>2026-05-22T19:26:15.000Z</time>
      </trkpt>
      <trkpt lat="40.783894" lon="-73.973831">
        <ele>26.2</ele>
        <time>2026-05-22T19:26:16.000Z</time>
      </trkpt>
      <trkpt lat="40.783885" lon="-73.973839">
        <ele>26.2</ele>
        <time>2026-05-22T19:26:17.000Z</time>
      </trkpt>
      <trkpt lat="40.783876" lon="-73.973848">
        <ele>26.2</ele>
        <time>2026-05-22T19:26:18.000Z</time>
      </trkpt>
      <trkpt lat="40.783859" lon="-73.973861">
        <ele>26.2</ele>
        <time>2026-05-22T19:26:19.000Z</time>
      </trkpt>
      <trkpt lat="40.783853" lon="-73.973868">
        <ele>26.4</ele>
        <time>2026-05-22T19:26:20.000Z</time>
      </trkpt>
      <trkpt lat="40.783847" lon="-73.973874">
        <ele>26.4</ele>
        <time>2026-05-22T19:26:21.000Z</time>
      </trkpt>
      <trkpt lat="40.783838" lon="-73.973896">
        <ele>26.4</ele>
        <time>2026-05-22T19:26:22.000Z</time>
      </trkpt>
      <trkpt lat="40.783835" lon="-73.973903">
        <ele>26.4</ele>
        <time>2026-05-22T19:26:23.000Z</time>
      </trkpt>
      <trkpt lat="40.783829" lon="-73.973915">
        <ele>26.4</ele>
        <time>2026-05-22T19:26:24.000Z</time>
      </trkpt>
      <trkpt lat="40.783822" lon="-73.973925">
        <ele>26.4</ele>
        <time>2026-05-22T19:26:25.000Z</time>
      </trkpt>
      <trkpt lat="40.783815" lon="-73.973934">
        <ele>26.4</ele>
        <time>2026-05-22T19:26:26.000Z</time>
      </trkpt>
      <trkpt lat="40.783807" lon="-73.973943">
        <ele>26.6</ele>
        <time>2026-05-22T19:26:27.000Z</time>
      </trkpt>
      <trkpt lat="40.783799" lon="-73.973952">
        <ele>26.6</ele>
        <time>2026-05-22T19:26:28.000Z</time>
      </trkpt>
      <trkpt lat="40.78379" lon="-73.973961">
        <ele>26.6</ele>
        <time>2026-05-22T19:26:29.000Z</time>
      </trkpt>
      <trkpt lat="40.783781" lon="-73.97397">
        <ele>26.6</ele>
        <time>2026-05-22T19:26:30.000Z</time>
      </trkpt>
      <trkpt lat="40.783772" lon="-73.973978">
        <ele>26.6</ele>
        <time>2026-05-22T19:26:31.000Z</time>
      </trkpt>
      <trkpt lat="40.783761" lon="-73.973986">
        <ele>26.6</ele>
        <time>2026-05-22T19:26:32.000Z</time>
      </trkpt>
      <trkpt lat="40.783751" lon="-73.973993">
        <ele>26.6</ele>
        <time>2026-05-22T19:26:33.000Z</time>
      </trkpt>
      <trkpt lat="40.78374" lon="-73.974">
        <ele>26.6</ele>
        <time>2026-05-22T19:26:34.000Z</time>
      </trkpt>
      <trkpt lat="40.783723" lon="-73.974011">
        <ele>26.6</ele>
        <time>2026-05-22T19:26:35.000Z</time>
      </trkpt>
      <trkpt lat="40.783717" lon="-73.974014">
        <ele>26.6</ele>
        <time>2026-05-22T19:26:36.000Z</time>
      </trkpt>
      <trkpt lat="40.783706" lon="-73.97402">
        <ele>26.6</ele>
        <time>2026-05-22T19:26:37.000Z</time>
      </trkpt>
      <trkpt lat="40.783694" lon="-73.974026">
        <ele>26.6</ele>
        <time>2026-05-22T19:26:38.000Z</time>
      </trkpt>
      <trkpt lat="40.783682" lon="-73.974031">
        <ele>26.8</ele>
        <time>2026-05-22T19:26:39.000Z</time>
      </trkpt>
      <trkpt lat="40.783664" lon="-73.97404">
        <ele>26.8</ele>
        <time>2026-05-22T19:26:40.000Z</time>
      </trkpt>
      <trkpt lat="40.783657" lon="-73.974042">
        <ele>26.8</ele>
        <time>2026-05-22T19:26:41.000Z</time>
      </trkpt>
      <trkpt lat="40.783645" lon="-73.974047">
        <ele>26.8</ele>
        <time>2026-05-22T19:26:42.000Z</time>
      </trkpt>
      <trkpt lat="40.783633" lon="-73.974053">
        <ele>26.8</ele>
        <time>2026-05-22T19:26:43.000Z</time>
      </trkpt>
      <trkpt lat="40.783621" lon="-73.974058">
        <ele>26.8</ele>
        <time>2026-05-22T19:26:44.000Z</time>
      </trkpt>
      <trkpt lat="40.78361" lon="-73.974063">
        <ele>26.8</ele>
        <time>2026-05-22T19:26:45.000Z</time>
      </trkpt>
      <trkpt lat="40.783598" lon="-73.974068">
        <ele>26.8</ele>
        <time>2026-05-22T19:26:46.000Z</time>
      </trkpt>
      <trkpt lat="40.783587" lon="-73.974073">
        <ele>26.8</ele>
        <time>2026-05-22T19:26:47.000Z</time>
      </trkpt>
      <trkpt lat="40.783576" lon="-73.974079">
        <ele>27</ele>
        <time>2026-05-22T19:26:48.000Z</time>
      </trkpt>
      <trkpt lat="40.783565" lon="-73.974085">
        <ele>27</ele>
        <time>2026-05-22T19:26:49.000Z</time>
      </trkpt>
      <trkpt lat="40.783547" lon="-73.974096">
        <ele>27</ele>
        <time>2026-05-22T19:26:50.000Z</time>
      </trkpt>
      <trkpt lat="40.78354" lon="-73.974102">
        <ele>27</ele>
        <time>2026-05-22T19:26:51.000Z</time>
      </trkpt>
      <trkpt lat="40.783532" lon="-73.974107">
        <ele>27</ele>
        <time>2026-05-22T19:26:52.000Z</time>
      </trkpt>
      <trkpt lat="40.783523" lon="-73.974114">
        <ele>27.2</ele>
        <time>2026-05-22T19:26:53.000Z</time>
      </trkpt>
      <trkpt lat="40.783515" lon="-73.97412">
        <ele>27.2</ele>
        <time>2026-05-22T19:26:54.000Z</time>
      </trkpt>
      <trkpt lat="40.783506" lon="-73.974127">
        <ele>27.2</ele>
        <time>2026-05-22T19:26:55.000Z</time>
      </trkpt>
      <trkpt lat="40.783497" lon="-73.974133">
        <ele>27.2</ele>
        <time>2026-05-22T19:26:56.000Z</time>
      </trkpt>
      <trkpt lat="40.783488" lon="-73.97414">
        <ele>27.2</ele>
        <time>2026-05-22T19:26:57.000Z</time>
      </trkpt>
      <trkpt lat="40.783478" lon="-73.974147">
        <ele>27.2</ele>
        <time>2026-05-22T19:26:58.000Z</time>
      </trkpt>
      <trkpt lat="40.783467" lon="-73.974153">
        <ele>27.4</ele>
        <time>2026-05-22T19:26:59.000Z</time>
      </trkpt>
      <trkpt lat="40.783457" lon="-73.97416">
        <ele>27.4</ele>
        <time>2026-05-22T19:27:00.000Z</time>
      </trkpt>
      <trkpt lat="40.783446" lon="-73.974167">
        <ele>27.4</ele>
        <time>2026-05-22T19:27:01.000Z</time>
      </trkpt>
      <trkpt lat="40.783435" lon="-73.974174">
        <ele>27.4</ele>
        <time>2026-05-22T19:27:02.000Z</time>
      </trkpt>
      <trkpt lat="40.783423" lon="-73.974181">
        <ele>27.2</ele>
        <time>2026-05-22T19:27:03.000Z</time>
      </trkpt>
      <trkpt lat="40.783412" lon="-73.974188">
        <ele>27.2</ele>
        <time>2026-05-22T19:27:04.000Z</time>
      </trkpt>
      <trkpt lat="40.783401" lon="-73.974195">
        <ele>27.2</ele>
        <time>2026-05-22T19:27:05.000Z</time>
      </trkpt>
      <trkpt lat="40.78339" lon="-73.974202">
        <ele>27.2</ele>
        <time>2026-05-22T19:27:06.000Z</time>
      </trkpt>
      <trkpt lat="40.78339" lon="-73.974202">
        <ele>27.2</ele>
        <time>2026-05-22T19:27:07.000Z</time>
      </trkpt>
      <trkpt lat="40.783375" lon="-73.974213">
        <ele>27.2</ele>
        <time>2026-05-22T19:27:08.000Z</time>
      </trkpt>
      <trkpt lat="40.783365" lon="-73.97422">
        <ele>27.2</ele>
        <time>2026-05-22T19:27:09.000Z</time>
      </trkpt>
      <trkpt lat="40.783355" lon="-73.974228">
        <ele>27.2</ele>
        <time>2026-05-22T19:27:10.000Z</time>
      </trkpt>
      <trkpt lat="40.783345" lon="-73.974235">
        <ele>27.2</ele>
        <time>2026-05-22T19:27:11.000Z</time>
      </trkpt>
      <trkpt lat="40.783336" lon="-73.974242">
        <ele>27.2</ele>
        <time>2026-05-22T19:27:12.000Z</time>
      </trkpt>
      <trkpt lat="40.783326" lon="-73.97425">
        <ele>27.2</ele>
        <time>2026-05-22T19:27:13.000Z</time>
      </trkpt>
      <trkpt lat="40.783317" lon="-73.974258">
        <ele>27.2</ele>
        <time>2026-05-22T19:27:14.000Z</time>
      </trkpt>
      <trkpt lat="40.783309" lon="-73.974267">
        <ele>27.2</ele>
        <time>2026-05-22T19:27:15.000Z</time>
      </trkpt>
      <trkpt lat="40.783294" lon="-73.974281">
        <ele>27.4</ele>
        <time>2026-05-22T19:27:16.000Z</time>
      </trkpt>
      <trkpt lat="40.783283" lon="-73.974288">
        <ele>27.4</ele>
        <time>2026-05-22T19:27:17.000Z</time>
      </trkpt>
      <trkpt lat="40.783267" lon="-73.974296">
        <ele>27.6</ele>
        <time>2026-05-22T19:27:18.000Z</time>
      </trkpt>
      <trkpt lat="40.783262" lon="-73.974298">
        <ele>27.6</ele>
        <time>2026-05-22T19:27:19.000Z</time>
      </trkpt>
      <trkpt lat="40.783256" lon="-73.974301">
        <ele>27.6</ele>
        <time>2026-05-22T19:27:20.000Z</time>
      </trkpt>
      <trkpt lat="40.783248" lon="-73.974304">
        <ele>27.6</ele>
        <time>2026-05-22T19:27:21.000Z</time>
      </trkpt>
      <trkpt lat="40.783239" lon="-73.974309">
        <ele>27.8</ele>
        <time>2026-05-22T19:27:22.000Z</time>
      </trkpt>
      <trkpt lat="40.783231" lon="-73.974315">
        <ele>27.8</ele>
        <time>2026-05-22T19:27:23.000Z</time>
      </trkpt>
      <trkpt lat="40.783224" lon="-73.974322">
        <ele>27.8</ele>
        <time>2026-05-22T19:27:24.000Z</time>
      </trkpt>
      <trkpt lat="40.783218" lon="-73.974329">
        <ele>27.8</ele>
        <time>2026-05-22T19:27:25.000Z</time>
      </trkpt>
      <trkpt lat="40.783213" lon="-73.974337">
        <ele>27.8</ele>
        <time>2026-05-22T19:27:26.000Z</time>
      </trkpt>
      <trkpt lat="40.78321" lon="-73.974346">
        <ele>27.8</ele>
        <time>2026-05-22T19:27:27.000Z</time>
      </trkpt>
      <trkpt lat="40.783209" lon="-73.974355">
        <ele>27.8</ele>
        <time>2026-05-22T19:27:28.000Z</time>
      </trkpt>
      <trkpt lat="40.783209" lon="-73.974363">
        <ele>27.8</ele>
        <time>2026-05-22T19:27:29.000Z</time>
      </trkpt>
      <trkpt lat="40.783205" lon="-73.974374">
        <ele>27.8</ele>
        <time>2026-05-22T19:27:30.000Z</time>
      </trkpt>
      <trkpt lat="40.783198" lon="-73.974384">
        <ele>27.8</ele>
        <time>2026-05-22T19:27:31.000Z</time>
      </trkpt>
      <trkpt lat="40.783188" lon="-73.97439">
        <ele>27.8</ele>
        <time>2026-05-22T19:27:32.000Z</time>
      </trkpt>
      <trkpt lat="40.783177" lon="-73.974394">
        <ele>27.8</ele>
        <time>2026-05-22T19:27:33.000Z</time>
      </trkpt>
      <trkpt lat="40.783158" lon="-73.974403">
        <ele>27.8</ele>
        <time>2026-05-22T19:27:34.000Z</time>
      </trkpt>
      <trkpt lat="40.783149" lon="-73.974408">
        <ele>27.8</ele>
        <time>2026-05-22T19:27:35.000Z</time>
      </trkpt>
      <trkpt lat="40.783141" lon="-73.974412">
        <ele>27.8</ele>
        <time>2026-05-22T19:27:36.000Z</time>
      </trkpt>
      <trkpt lat="40.783132" lon="-73.974417">
        <ele>27.8</ele>
        <time>2026-05-22T19:27:37.000Z</time>
      </trkpt>
      <trkpt lat="40.783123" lon="-73.974421">
        <ele>27.8</ele>
        <time>2026-05-22T19:27:38.000Z</time>
      </trkpt>
      <trkpt lat="40.783111" lon="-73.974423">
        <ele>27.8</ele>
        <time>2026-05-22T19:27:39.000Z</time>
      </trkpt>
      <trkpt lat="40.783099" lon="-73.974424">
        <ele>27.8</ele>
        <time>2026-05-22T19:27:41.000Z</time>
      </trkpt>
      <trkpt lat="40.783086" lon="-73.974424">
        <ele>27.8</ele>
        <time>2026-05-22T19:27:42.000Z</time>
      </trkpt>
      <trkpt lat="40.783073" lon="-73.974423">
        <ele>27.8</ele>
        <time>2026-05-22T19:27:43.000Z</time>
      </trkpt>
      <trkpt lat="40.783053" lon="-73.974421">
        <ele>27.8</ele>
        <time>2026-05-22T19:27:44.000Z</time>
      </trkpt>
      <trkpt lat="40.783044" lon="-73.974421">
        <ele>27.8</ele>
        <time>2026-05-22T19:27:45.000Z</time>
      </trkpt>
      <trkpt lat="40.783036" lon="-73.97442">
        <ele>27.8</ele>
        <time>2026-05-22T19:27:46.000Z</time>
      </trkpt>
      <trkpt lat="40.783025" lon="-73.97442">
        <ele>27.6</ele>
        <time>2026-05-22T19:27:47.000Z</time>
      </trkpt>
      <trkpt lat="40.783014" lon="-73.974419">
        <ele>27.6</ele>
        <time>2026-05-22T19:27:48.000Z</time>
      </trkpt>
      <trkpt lat="40.783" lon="-73.974425">
        <ele>27.6</ele>
        <time>2026-05-22T19:27:49.000Z</time>
      </trkpt>
      <trkpt lat="40.782993" lon="-73.974428">
        <ele>27.6</ele>
        <time>2026-05-22T19:27:50.000Z</time>
      </trkpt>
      <trkpt lat="40.782987" lon="-73.97443">
        <ele>27.6</ele>
        <time>2026-05-22T19:27:51.000Z</time>
      </trkpt>
      <trkpt lat="40.78298" lon="-73.974433">
        <ele>27.6</ele>
        <time>2026-05-22T19:27:52.000Z</time>
      </trkpt>
      <trkpt lat="40.782973" lon="-73.974436">
        <ele>27.6</ele>
        <time>2026-05-22T19:27:53.000Z</time>
      </trkpt>
      <trkpt lat="40.782962" lon="-73.974438">
        <ele>27.6</ele>
        <time>2026-05-22T19:27:54.000Z</time>
      </trkpt>
      <trkpt lat="40.78295" lon="-73.974438">
        <ele>27.6</ele>
        <time>2026-05-22T19:27:55.000Z</time>
      </trkpt>
      <trkpt lat="40.782938" lon="-73.974437">
        <ele>27.6</ele>
        <time>2026-05-22T19:27:56.000Z</time>
      </trkpt>
      <trkpt lat="40.782917" lon="-73.974436">
        <ele>27.8</ele>
        <time>2026-05-22T19:27:57.000Z</time>
      </trkpt>
      <trkpt lat="40.78291" lon="-73.974436">
        <ele>27.8</ele>
        <time>2026-05-22T19:27:58.000Z</time>
      </trkpt>
      <trkpt lat="40.782902" lon="-73.974436">
        <ele>27.8</ele>
        <time>2026-05-22T19:27:59.000Z</time>
      </trkpt>
      <trkpt lat="40.782889" lon="-73.974437">
        <ele>27.8</ele>
        <time>2026-05-22T19:28:00.000Z</time>
      </trkpt>
      <trkpt lat="40.782876" lon="-73.974441">
        <ele>28</ele>
        <time>2026-05-22T19:28:01.000Z</time>
      </trkpt>
      <trkpt lat="40.782865" lon="-73.974446">
        <ele>28</ele>
        <time>2026-05-22T19:28:02.000Z</time>
      </trkpt>
      <trkpt lat="40.782853" lon="-73.974452">
        <ele>28</ele>
        <time>2026-05-22T19:28:03.000Z</time>
      </trkpt>
      <trkpt lat="40.782842" lon="-73.974458">
        <ele>28</ele>
        <time>2026-05-22T19:28:04.000Z</time>
      </trkpt>
      <trkpt lat="40.782831" lon="-73.974465">
        <ele>28</ele>
        <time>2026-05-22T19:28:05.000Z</time>
      </trkpt>
      <trkpt lat="40.78282" lon="-73.974472">
        <ele>28.2</ele>
        <time>2026-05-22T19:28:06.000Z</time>
      </trkpt>
      <trkpt lat="40.782809" lon="-73.974478">
        <ele>28.2</ele>
        <time>2026-05-22T19:28:07.000Z</time>
      </trkpt>
      <trkpt lat="40.782797" lon="-73.974484">
        <ele>28.2</ele>
        <time>2026-05-22T19:28:08.000Z</time>
      </trkpt>
      <trkpt lat="40.782786" lon="-73.97449">
        <ele>28.2</ele>
        <time>2026-05-22T19:28:09.000Z</time>
      </trkpt>
      <trkpt lat="40.782776" lon="-73.974496">
        <ele>28.2</ele>
        <time>2026-05-22T19:28:10.000Z</time>
      </trkpt>
      <trkpt lat="40.782765" lon="-73.974501">
        <ele>28.2</ele>
        <time>2026-05-22T19:28:11.000Z</time>
      </trkpt>
      <trkpt lat="40.782753" lon="-73.974506">
        <ele>28.2</ele>
        <time>2026-05-22T19:28:12.000Z</time>
      </trkpt>
      <trkpt lat="40.782741" lon="-73.974508">
        <ele>28.2</ele>
        <time>2026-05-22T19:28:13.000Z</time>
      </trkpt>
      <trkpt lat="40.782728" lon="-73.97451">
        <ele>28.2</ele>
        <time>2026-05-22T19:28:14.000Z</time>
      </trkpt>
      <trkpt lat="40.782716" lon="-73.97451">
        <ele>28.2</ele>
        <time>2026-05-22T19:28:15.000Z</time>
      </trkpt>
      <trkpt lat="40.782703" lon="-73.97451">
        <ele>28.2</ele>
        <time>2026-05-22T19:28:16.000Z</time>
      </trkpt>
      <trkpt lat="40.78269" lon="-73.974509">
        <ele>28</ele>
        <time>2026-05-22T19:28:17.000Z</time>
      </trkpt>
      <trkpt lat="40.782678" lon="-73.974509">
        <ele>28</ele>
        <time>2026-05-22T19:28:18.000Z</time>
      </trkpt>
      <trkpt lat="40.782665" lon="-73.974509">
        <ele>28</ele>
        <time>2026-05-22T19:28:19.000Z</time>
      </trkpt>
      <trkpt lat="40.782653" lon="-73.974508">
        <ele>28</ele>
        <time>2026-05-22T19:28:20.000Z</time>
      </trkpt>
      <trkpt lat="40.782642" lon="-73.974508">
        <ele>28</ele>
        <time>2026-05-22T19:28:21.000Z</time>
      </trkpt>
      <trkpt lat="40.782631" lon="-73.974507">
        <ele>27.8</ele>
        <time>2026-05-22T19:28:22.000Z</time>
      </trkpt>
      <trkpt lat="40.782622" lon="-73.974505">
        <ele>27.8</ele>
        <time>2026-05-22T19:28:23.000Z</time>
      </trkpt>
      <trkpt lat="40.782614" lon="-73.974502">
        <ele>27.8</ele>
        <time>2026-05-22T19:28:24.000Z</time>
      </trkpt>
      <trkpt lat="40.782606" lon="-73.974499">
        <ele>27.6</ele>
        <time>2026-05-22T19:28:25.000Z</time>
      </trkpt>
      <trkpt lat="40.782599" lon="-73.974497">
        <ele>27.6</ele>
        <time>2026-05-22T19:28:26.000Z</time>
      </trkpt>
      <trkpt lat="40.782591" lon="-73.974495">
        <ele>27.6</ele>
        <time>2026-05-22T19:28:27.000Z</time>
      </trkpt>
      <trkpt lat="40.782582" lon="-73.974493">
        <ele>27.4</ele>
        <time>2026-05-22T19:28:28.000Z</time>
      </trkpt>
      <trkpt lat="40.782572" lon="-73.974491">
        <ele>27.4</ele>
        <time>2026-05-22T19:28:29.000Z</time>
      </trkpt>
      <trkpt lat="40.782563" lon="-73.974488">
        <ele>27.2</ele>
        <time>2026-05-22T19:28:30.000Z</time>
      </trkpt>
      <trkpt lat="40.782554" lon="-73.974485">
        <ele>27.2</ele>
        <time>2026-05-22T19:28:31.000Z</time>
      </trkpt>
      <trkpt lat="40.782544" lon="-73.974483">
        <ele>27.2</ele>
        <time>2026-05-22T19:28:32.000Z</time>
      </trkpt>
      <trkpt lat="40.782534" lon="-73.974482">
        <ele>27</ele>
        <time>2026-05-22T19:28:33.000Z</time>
      </trkpt>
      <trkpt lat="40.782525" lon="-73.974483">
        <ele>27</ele>
        <time>2026-05-22T19:28:34.000Z</time>
      </trkpt>
      <trkpt lat="40.782517" lon="-73.974485">
        <ele>27</ele>
        <time>2026-05-22T19:28:35.000Z</time>
      </trkpt>
      <trkpt lat="40.782508" lon="-73.974487">
        <ele>26.8</ele>
        <time>2026-05-22T19:28:36.000Z</time>
      </trkpt>
      <trkpt lat="40.782499" lon="-73.974489">
        <ele>26.8</ele>
        <time>2026-05-22T19:28:37.000Z</time>
      </trkpt>
      <trkpt lat="40.78249" lon="-73.97449">
        <ele>26.8</ele>
        <time>2026-05-22T19:28:38.000Z</time>
      </trkpt>
      <trkpt lat="40.782479" lon="-73.97449">
        <ele>26.6</ele>
        <time>2026-05-22T19:28:39.000Z</time>
      </trkpt>
      <trkpt lat="40.782468" lon="-73.97449">
        <ele>26.6</ele>
        <time>2026-05-22T19:28:40.000Z</time>
      </trkpt>
      <trkpt lat="40.782458" lon="-73.974489">
        <ele>26.6</ele>
        <time>2026-05-22T19:28:41.000Z</time>
      </trkpt>
      <trkpt lat="40.782447" lon="-73.974486">
        <ele>26.6</ele>
        <time>2026-05-22T19:28:42.000Z</time>
      </trkpt>
      <trkpt lat="40.782438" lon="-73.974483">
        <ele>26.4</ele>
        <time>2026-05-22T19:28:43.000Z</time>
      </trkpt>
      <trkpt lat="40.782428" lon="-73.974478">
        <ele>26.4</ele>
        <time>2026-05-22T19:28:44.000Z</time>
      </trkpt>
      <trkpt lat="40.78242" lon="-73.974473">
        <ele>26.4</ele>
        <time>2026-05-22T19:28:45.000Z</time>
      </trkpt>
      <trkpt lat="40.782413" lon="-73.974465">
        <ele>26.4</ele>
        <time>2026-05-22T19:28:46.000Z</time>
      </trkpt>
      <trkpt lat="40.782407" lon="-73.974455">
        <ele>26.4</ele>
        <time>2026-05-22T19:28:47.000Z</time>
      </trkpt>
      <trkpt lat="40.782402" lon="-73.974443">
        <ele>26.2</ele>
        <time>2026-05-22T19:28:48.000Z</time>
      </trkpt>
      <trkpt lat="40.782398" lon="-73.974428">
        <ele>26.2</ele>
        <time>2026-05-22T19:28:49.000Z</time>
      </trkpt>
      <trkpt lat="40.782397" lon="-73.974413">
        <ele>26.2</ele>
        <time>2026-05-22T19:28:50.000Z</time>
      </trkpt>
      <trkpt lat="40.782398" lon="-73.974398">
        <ele>26.2</ele>
        <time>2026-05-22T19:28:51.000Z</time>
      </trkpt>
      <trkpt lat="40.782399" lon="-73.97438">
        <ele>26.2</ele>
        <time>2026-05-22T19:28:52.000Z</time>
      </trkpt>
      <trkpt lat="40.782401" lon="-73.974366">
        <ele>26.2</ele>
        <time>2026-05-22T19:28:53.000Z</time>
      </trkpt>
      <trkpt lat="40.782402" lon="-73.974352">
        <ele>26.2</ele>
        <time>2026-05-22T19:28:54.000Z</time>
      </trkpt>
      <trkpt lat="40.782405" lon="-73.97434">
        <ele>26</ele>
        <time>2026-05-22T19:28:55.000Z</time>
      </trkpt>
      <trkpt lat="40.782405" lon="-73.97433">
        <ele>26</ele>
        <time>2026-05-22T19:28:56.000Z</time>
      </trkpt>
      <trkpt lat="40.782404" lon="-73.974322">
        <ele>26</ele>
        <time>2026-05-22T19:28:57.000Z</time>
      </trkpt>
      <trkpt lat="40.782407" lon="-73.97431">
        <ele>26</ele>
        <time>2026-05-22T19:28:58.000Z</time>
      </trkpt>
      <trkpt lat="40.782414" lon="-73.974291">
        <ele>26.2</ele>
        <time>2026-05-22T19:28:59.000Z</time>
      </trkpt>
      <trkpt lat="40.782416" lon="-73.974284">
        <ele>26.2</ele>
        <time>2026-05-22T19:29:00.000Z</time>
      </trkpt>
      <trkpt lat="40.78242" lon="-73.97427">
        <ele>26.2</ele>
        <time>2026-05-22T19:29:01.000Z</time>
      </trkpt>
      <trkpt lat="40.782424" lon="-73.974255">
        <ele>26.2</ele>
        <time>2026-05-22T19:29:02.000Z</time>
      </trkpt>
      <trkpt lat="40.782426" lon="-73.97424">
        <ele>26.2</ele>
        <time>2026-05-22T19:29:03.000Z</time>
      </trkpt>
      <trkpt lat="40.782428" lon="-73.974224">
        <ele>26.2</ele>
        <time>2026-05-22T19:29:04.000Z</time>
      </trkpt>
      <trkpt lat="40.782429" lon="-73.974209">
        <ele>26.2</ele>
        <time>2026-05-22T19:29:05.000Z</time>
      </trkpt>
      <trkpt lat="40.782429" lon="-73.974194">
        <ele>26.2</ele>
        <time>2026-05-22T19:29:06.000Z</time>
      </trkpt>
      <trkpt lat="40.782428" lon="-73.974179">
        <ele>26.2</ele>
        <time>2026-05-22T19:29:07.000Z</time>
      </trkpt>
      <trkpt lat="40.782427" lon="-73.974165">
        <ele>26.2</ele>
        <time>2026-05-22T19:29:08.000Z</time>
      </trkpt>
      <trkpt lat="40.782425" lon="-73.974151">
        <ele>26.2</ele>
        <time>2026-05-22T19:29:09.000Z</time>
      </trkpt>
      <trkpt lat="40.782422" lon="-73.974138">
        <ele>26.2</ele>
        <time>2026-05-22T19:29:10.000Z</time>
      </trkpt>
      <trkpt lat="40.782419" lon="-73.974125">
        <ele>26.2</ele>
        <time>2026-05-22T19:29:11.000Z</time>
      </trkpt>
      <trkpt lat="40.782415" lon="-73.974109">
        <ele>26.2</ele>
        <time>2026-05-22T19:29:12.000Z</time>
      </trkpt>
      <trkpt lat="40.782411" lon="-73.974096">
        <ele>26.2</ele>
        <time>2026-05-22T19:29:13.000Z</time>
      </trkpt>
      <trkpt lat="40.782407" lon="-73.974082">
        <ele>26.2</ele>
        <time>2026-05-22T19:29:14.000Z</time>
      </trkpt>
      <trkpt lat="40.782403" lon="-73.974071">
        <ele>26.4</ele>
        <time>2026-05-22T19:29:15.000Z</time>
      </trkpt>
      <trkpt lat="40.782399" lon="-73.974061">
        <ele>26.4</ele>
        <time>2026-05-22T19:29:16.000Z</time>
      </trkpt>
      <trkpt lat="40.78239" lon="-73.974045">
        <ele>26.4</ele>
        <time>2026-05-22T19:29:17.000Z</time>
      </trkpt>
      <trkpt lat="40.782386" lon="-73.974038">
        <ele>26.4</ele>
        <time>2026-05-22T19:29:18.000Z</time>
      </trkpt>
      <trkpt lat="40.782383" lon="-73.97403">
        <ele>26.4</ele>
        <time>2026-05-22T19:29:19.000Z</time>
      </trkpt>
      <trkpt lat="40.782379" lon="-73.974023">
        <ele>26.4</ele>
        <time>2026-05-22T19:29:20.000Z</time>
      </trkpt>
      <trkpt lat="40.782375" lon="-73.974016">
        <ele>26.4</ele>
        <time>2026-05-22T19:29:21.000Z</time>
      </trkpt>
      <trkpt lat="40.782369" lon="-73.974015">
        <ele>26.4</ele>
        <time>2026-05-22T19:29:22.000Z</time>
      </trkpt>
      <trkpt lat="40.782365" lon="-73.974014">
        <ele>26.6</ele>
        <time>2026-05-22T19:29:23.000Z</time>
      </trkpt>
      <trkpt lat="40.782363" lon="-73.974011">
        <ele>26.6</ele>
        <time>2026-05-22T19:29:24.000Z</time>
      </trkpt>
      <trkpt lat="40.782362" lon="-73.974008">
        <ele>26.8</ele>
        <time>2026-05-22T19:29:25.000Z</time>
      </trkpt>
      <trkpt lat="40.782361" lon="-73.974005">
        <ele>26.8</ele>
        <time>2026-05-22T19:29:26.000Z</time>
      </trkpt>
      <trkpt lat="40.78236" lon="-73.974002">
        <ele>26.8</ele>
        <time>2026-05-22T19:29:27.000Z</time>
      </trkpt>
      <trkpt lat="40.782359" lon="-73.974">
        <ele>26.8</ele>
        <time>2026-05-22T19:29:28.000Z</time>
      </trkpt>
      <trkpt lat="40.782357" lon="-73.973997">
        <ele>27</ele>
        <time>2026-05-22T19:29:29.000Z</time>
      </trkpt>
      <trkpt lat="40.782355" lon="-73.973992">
        <ele>27</ele>
        <time>2026-05-22T19:29:30.000Z</time>
      </trkpt>
      <trkpt lat="40.782351" lon="-73.973985">
        <ele>27</ele>
        <time>2026-05-22T19:29:31.000Z</time>
      </trkpt>
      <trkpt lat="40.782348" lon="-73.973976">
        <ele>27</ele>
        <time>2026-05-22T19:29:32.000Z</time>
      </trkpt>
      <trkpt lat="40.782345" lon="-73.973964">
        <ele>27.2</ele>
        <time>2026-05-22T19:29:33.000Z</time>
      </trkpt>
      <trkpt lat="40.782343" lon="-73.973952">
        <ele>27.2</ele>
        <time>2026-05-22T19:29:34.000Z</time>
      </trkpt>
      <trkpt lat="40.78234" lon="-73.973939">
        <ele>27.2</ele>
        <time>2026-05-22T19:29:35.000Z</time>
      </trkpt>
      <trkpt lat="40.782337" lon="-73.973925">
        <ele>27.4</ele>
        <time>2026-05-22T19:29:36.000Z</time>
      </trkpt>
      <trkpt lat="40.782335" lon="-73.973913">
        <ele>27.4</ele>
        <time>2026-05-22T19:29:37.000Z</time>
      </trkpt>
      <trkpt lat="40.782331" lon="-73.973901">
        <ele>27.4</ele>
        <time>2026-05-22T19:29:38.000Z</time>
      </trkpt>
      <trkpt lat="40.782326" lon="-73.97389">
        <ele>27.4</ele>
        <time>2026-05-22T19:29:39.000Z</time>
      </trkpt>
      <trkpt lat="40.782319" lon="-73.973879">
        <ele>27.4</ele>
        <time>2026-05-22T19:29:40.000Z</time>
      </trkpt>
      <trkpt lat="40.782313" lon="-73.973865">
        <ele>27.4</ele>
        <time>2026-05-22T19:29:41.000Z</time>
      </trkpt>
      <trkpt lat="40.782308" lon="-73.97385">
        <ele>27.4</ele>
        <time>2026-05-22T19:29:42.000Z</time>
      </trkpt>
      <trkpt lat="40.782301" lon="-73.973823">
        <ele>27.4</ele>
        <time>2026-05-22T19:29:43.000Z</time>
      </trkpt>
      <trkpt lat="40.782299" lon="-73.97381">
        <ele>27.4</ele>
        <time>2026-05-22T19:29:44.000Z</time>
      </trkpt>
      <trkpt lat="40.782296" lon="-73.973796">
        <ele>26.8</ele>
        <time>2026-05-22T19:29:45.000Z</time>
      </trkpt>
      <trkpt lat="40.782294" lon="-73.973783">
        <ele>26.6</ele>
        <time>2026-05-22T19:29:46.000Z</time>
      </trkpt>
      <trkpt lat="40.782291" lon="-73.97377">
        <ele>26.6</ele>
        <time>2026-05-22T19:29:47.000Z</time>
      </trkpt>
      <trkpt lat="40.782287" lon="-73.973753">
        <ele>26.6</ele>
        <time>2026-05-22T19:29:48.000Z</time>
      </trkpt>
      <trkpt lat="40.782283" lon="-73.973735">
        <ele>26.6</ele>
        <time>2026-05-22T19:29:49.000Z</time>
      </trkpt>
      <trkpt lat="40.782279" lon="-73.973717">
        <ele>26.4</ele>
        <time>2026-05-22T19:29:50.000Z</time>
      </trkpt>
      <trkpt lat="40.782274" lon="-73.973699">
        <ele>26.4</ele>
        <time>2026-05-22T19:29:51.000Z</time>
      </trkpt>
      <trkpt lat="40.782269" lon="-73.973682">
        <ele>26.4</ele>
        <time>2026-05-22T19:29:52.000Z</time>
      </trkpt>
      <trkpt lat="40.782264" lon="-73.973665">
        <ele>26.4</ele>
        <time>2026-05-22T19:29:53.000Z</time>
      </trkpt>
      <trkpt lat="40.782261" lon="-73.973649">
        <ele>26.2</ele>
        <time>2026-05-22T19:29:54.000Z</time>
      </trkpt>
      <trkpt lat="40.782259" lon="-73.97364">
        <ele>26.2</ele>
        <time>2026-05-22T19:29:55.000Z</time>
      </trkpt>
      <trkpt lat="40.782255" lon="-73.973617">
        <ele>26.2</ele>
        <time>2026-05-22T19:29:56.000Z</time>
      </trkpt>
      <trkpt lat="40.782254" lon="-73.973602">
        <ele>26.2</ele>
        <time>2026-05-22T19:29:57.000Z</time>
      </trkpt>
      <trkpt lat="40.782252" lon="-73.973589">
        <ele>26.2</ele>
        <time>2026-05-22T19:29:58.000Z</time>
      </trkpt>
      <trkpt lat="40.78225" lon="-73.973577">
        <ele>26.2</ele>
        <time>2026-05-22T19:29:59.000Z</time>
      </trkpt>
      <trkpt lat="40.782248" lon="-73.973566">
        <ele>26.2</ele>
        <time>2026-05-22T19:30:00.000Z</time>
      </trkpt>
      <trkpt lat="40.782246" lon="-73.973555">
        <ele>26.2</ele>
        <time>2026-05-22T19:30:01.000Z</time>
      </trkpt>
      <trkpt lat="40.782246" lon="-73.973549">
        <ele>26.2</ele>
        <time>2026-05-22T19:30:02.000Z</time>
      </trkpt>
      <trkpt lat="40.782244" lon="-73.973537">
        <ele>26.4</ele>
        <time>2026-05-22T19:30:03.000Z</time>
      </trkpt>
      <trkpt lat="40.782242" lon="-73.973524">
        <ele>26.4</ele>
        <time>2026-05-22T19:30:04.000Z</time>
      </trkpt>
      <trkpt lat="40.782241" lon="-73.973505">
        <ele>26.4</ele>
        <time>2026-05-22T19:30:05.000Z</time>
      </trkpt>
      <trkpt lat="40.78224" lon="-73.973487">
        <ele>26.4</ele>
        <time>2026-05-22T19:30:06.000Z</time>
      </trkpt>
      <trkpt lat="40.78224" lon="-73.973481">
        <ele>26.4</ele>
        <time>2026-05-22T19:30:07.000Z</time>
      </trkpt>
      <trkpt lat="40.78224" lon="-73.973469">
        <ele>26.6</ele>
        <time>2026-05-22T19:30:08.000Z</time>
      </trkpt>
      <trkpt lat="40.782241" lon="-73.973451">
        <ele>26.6</ele>
        <time>2026-05-22T19:30:10.000Z</time>
      </trkpt>
      <trkpt lat="40.78224" lon="-73.973439">
        <ele>26.6</ele>
        <time>2026-05-22T19:30:11.000Z</time>
      </trkpt>
      <trkpt lat="40.782239" lon="-73.973422">
        <ele>26.6</ele>
        <time>2026-05-22T19:30:12.000Z</time>
      </trkpt>
      <trkpt lat="40.782239" lon="-73.973414">
        <ele>26.8</ele>
        <time>2026-05-22T19:30:13.000Z</time>
      </trkpt>
      <trkpt lat="40.782237" lon="-73.973409">
        <ele>26.8</ele>
        <time>2026-05-22T19:30:14.000Z</time>
      </trkpt>
      <trkpt lat="40.782234" lon="-73.973407">
        <ele>26.8</ele>
        <time>2026-05-22T19:30:15.000Z</time>
      </trkpt>
      <trkpt lat="40.782231" lon="-73.973408">
        <ele>26.8</ele>
        <time>2026-05-22T19:30:16.000Z</time>
      </trkpt>
      <trkpt lat="40.782229" lon="-73.973409">
        <ele>27</ele>
        <time>2026-05-22T19:30:17.000Z</time>
      </trkpt>
      <trkpt lat="40.782229" lon="-73.97341">
        <ele>27</ele>
        <time>2026-05-22T19:30:18.000Z</time>
      </trkpt>
      <trkpt lat="40.782229" lon="-73.97341">
        <ele>27</ele>
        <time>2026-05-22T19:30:19.000Z</time>
      </trkpt>
      <trkpt lat="40.78223" lon="-73.97341">
        <ele>27.2</ele>
        <time>2026-05-22T19:30:20.000Z</time>
      </trkpt>
      <trkpt lat="40.78223" lon="-73.97341">
        <ele>27.2</ele>
        <time>2026-05-22T19:30:21.000Z</time>
      </trkpt>
      <trkpt lat="40.782231" lon="-73.973411">
        <ele>27.2</ele>
        <time>2026-05-22T19:30:22.000Z</time>
      </trkpt>
      <trkpt lat="40.782232" lon="-73.973412">
        <ele>27.4</ele>
        <time>2026-05-22T19:30:23.000Z</time>
      </trkpt>
      <trkpt lat="40.782232" lon="-73.973413">
        <ele>27.4</ele>
        <time>2026-05-22T19:30:24.000Z</time>
      </trkpt>
      <trkpt lat="40.782232" lon="-73.973415">
        <ele>27.4</ele>
        <time>2026-05-22T19:30:25.000Z</time>
      </trkpt>
      <trkpt lat="40.782232" lon="-73.973411">
        <ele>27.6</ele>
        <time>2026-05-22T19:30:26.000Z</time>
      </trkpt>
      <trkpt lat="40.782232" lon="-73.973407">
        <ele>27.6</ele>
        <time>2026-05-22T19:30:27.000Z</time>
      </trkpt>
      <trkpt lat="40.782233" lon="-73.973402">
        <ele>27.6</ele>
        <time>2026-05-22T19:30:28.000Z</time>
      </trkpt>
      <trkpt lat="40.782234" lon="-73.973398">
        <ele>27.6</ele>
        <time>2026-05-22T19:30:29.000Z</time>
      </trkpt>
      <trkpt lat="40.782234" lon="-73.973394">
        <ele>27.8</ele>
        <time>2026-05-22T19:30:30.000Z</time>
      </trkpt>
      <trkpt lat="40.782235" lon="-73.97339">
        <ele>27.8</ele>
        <time>2026-05-22T19:30:31.000Z</time>
      </trkpt>
      <trkpt lat="40.782236" lon="-73.973385">
        <ele>27.8</ele>
        <time>2026-05-22T19:30:32.000Z</time>
      </trkpt>
      <trkpt lat="40.782236" lon="-73.973381">
        <ele>27.8</ele>
        <time>2026-05-22T19:30:33.000Z</time>
      </trkpt>
      <trkpt lat="40.782237" lon="-73.973377">
        <ele>27.8</ele>
        <time>2026-05-22T19:30:34.000Z</time>
      </trkpt>
      <trkpt lat="40.782238" lon="-73.973373">
        <ele>27.8</ele>
        <time>2026-05-22T19:30:35.000Z</time>
      </trkpt>
      <trkpt lat="40.782238" lon="-73.973369">
        <ele>27.6</ele>
        <time>2026-05-22T19:30:36.000Z</time>
      </trkpt>
      <trkpt lat="40.782239" lon="-73.973364">
        <ele>27.6</ele>
        <time>2026-05-22T19:30:37.000Z</time>
      </trkpt>
      <trkpt lat="40.78224" lon="-73.97336">
        <ele>27.6</ele>
        <time>2026-05-22T19:30:38.000Z</time>
      </trkpt>
      <trkpt lat="40.78224" lon="-73.973356">
        <ele>27.6</ele>
        <time>2026-05-22T19:30:39.000Z</time>
      </trkpt>
      <trkpt lat="40.782241" lon="-73.973352">
        <ele>27.4</ele>
        <time>2026-05-22T19:30:40.000Z</time>
      </trkpt>
      <trkpt lat="40.782242" lon="-73.973347">
        <ele>27.4</ele>
        <time>2026-05-22T19:30:41.000Z</time>
      </trkpt>
      <trkpt lat="40.782242" lon="-73.973343">
        <ele>27.4</ele>
        <time>2026-05-22T19:30:42.000Z</time>
      </trkpt>
      <trkpt lat="40.782243" lon="-73.973339">
        <ele>27.4</ele>
        <time>2026-05-22T19:30:43.000Z</time>
      </trkpt>
      <trkpt lat="40.782248" lon="-73.973326">
        <ele>27.4</ele>
        <time>2026-05-22T19:30:44.000Z</time>
      </trkpt>
      <trkpt lat="40.782252" lon="-73.973313">
        <ele>27.4</ele>
        <time>2026-05-22T19:30:45.000Z</time>
      </trkpt>
      <trkpt lat="40.782256" lon="-73.9733">
        <ele>27.4</ele>
        <time>2026-05-22T19:30:46.000Z</time>
      </trkpt>
      <trkpt lat="40.78226" lon="-73.973284">
        <ele>27.2</ele>
        <time>2026-05-22T19:30:47.000Z</time>
      </trkpt>
      <trkpt lat="40.782263" lon="-73.973271">
        <ele>27.2</ele>
        <time>2026-05-22T19:30:48.000Z</time>
      </trkpt>
      <trkpt lat="40.782265" lon="-73.973258">
        <ele>27.2</ele>
        <time>2026-05-22T19:30:49.000Z</time>
      </trkpt>
      <trkpt lat="40.782268" lon="-73.973245">
        <ele>27.2</ele>
        <time>2026-05-22T19:30:50.000Z</time>
      </trkpt>
      <trkpt lat="40.78227" lon="-73.973232">
        <ele>27.2</ele>
        <time>2026-05-22T19:30:51.000Z</time>
      </trkpt>
      <trkpt lat="40.782273" lon="-73.97322">
        <ele>27.2</ele>
        <time>2026-05-22T19:30:52.000Z</time>
      </trkpt>
      <trkpt lat="40.782274" lon="-73.97321">
        <ele>27.2</ele>
        <time>2026-05-22T19:30:53.000Z</time>
      </trkpt>
      <trkpt lat="40.782276" lon="-73.973199">
        <ele>27.2</ele>
        <time>2026-05-22T19:30:54.000Z</time>
      </trkpt>
      <trkpt lat="40.782277" lon="-73.973187">
        <ele>27.2</ele>
        <time>2026-05-22T19:30:55.000Z</time>
      </trkpt>
      <trkpt lat="40.782278" lon="-73.973173">
        <ele>27.2</ele>
        <time>2026-05-22T19:30:56.000Z</time>
      </trkpt>
      <trkpt lat="40.782278" lon="-73.973158">
        <ele>27.2</ele>
        <time>2026-05-22T19:30:57.000Z</time>
      </trkpt>
      <trkpt lat="40.782279" lon="-73.973144">
        <ele>27.2</ele>
        <time>2026-05-22T19:30:58.000Z</time>
      </trkpt>
      <trkpt lat="40.78228" lon="-73.973132">
        <ele>27.2</ele>
        <time>2026-05-22T19:30:59.000Z</time>
      </trkpt>
      <trkpt lat="40.78228" lon="-73.973121">
        <ele>27.2</ele>
        <time>2026-05-22T19:31:00.000Z</time>
      </trkpt>
      <trkpt lat="40.782281" lon="-73.97311">
        <ele>27.2</ele>
        <time>2026-05-22T19:31:01.000Z</time>
      </trkpt>
      <trkpt lat="40.782282" lon="-73.973098">
        <ele>27.2</ele>
        <time>2026-05-22T19:31:02.000Z</time>
      </trkpt>
      <trkpt lat="40.782282" lon="-73.973088">
        <ele>27.2</ele>
        <time>2026-05-22T19:31:03.000Z</time>
      </trkpt>
      <trkpt lat="40.782281" lon="-73.973078">
        <ele>27.2</ele>
        <time>2026-05-22T19:31:04.000Z</time>
      </trkpt>
      <trkpt lat="40.78228" lon="-73.973072">
        <ele>27.2</ele>
        <time>2026-05-22T19:31:05.000Z</time>
      </trkpt>
      <trkpt lat="40.78228" lon="-73.973071">
        <ele>27.2</ele>
        <time>2026-05-22T19:31:06.000Z</time>
      </trkpt>
      <trkpt lat="40.78228" lon="-73.973071">
        <ele>27.2</ele>
        <time>2026-05-22T19:31:07.000Z</time>
      </trkpt>
      <trkpt lat="40.782279" lon="-73.97307">
        <ele>27.2</ele>
        <time>2026-05-22T19:31:08.000Z</time>
      </trkpt>
      <trkpt lat="40.782279" lon="-73.97307">
        <ele>27.4</ele>
        <time>2026-05-22T19:31:09.000Z</time>
      </trkpt>
      <trkpt lat="40.782279" lon="-73.97307">
        <ele>27.4</ele>
        <time>2026-05-22T19:31:10.000Z</time>
      </trkpt>
      <trkpt lat="40.782279" lon="-73.973069">
        <ele>27.4</ele>
        <time>2026-05-22T19:31:11.000Z</time>
      </trkpt>
      <trkpt lat="40.782279" lon="-73.973069">
        <ele>27.4</ele>
        <time>2026-05-22T19:31:12.000Z</time>
      </trkpt>
      <trkpt lat="40.782279" lon="-73.973068">
        <ele>27.4</ele>
        <time>2026-05-22T19:31:13.000Z</time>
      </trkpt>
      <trkpt lat="40.782278" lon="-73.973068">
        <ele>27.4</ele>
        <time>2026-05-22T19:31:14.000Z</time>
      </trkpt>
      <trkpt lat="40.782278" lon="-73.973067">
        <ele>27.4</ele>
        <time>2026-05-22T19:31:15.000Z</time>
      </trkpt>
      <trkpt lat="40.782278" lon="-73.973067">
        <ele>27.4</ele>
        <time>2026-05-22T19:31:16.000Z</time>
      </trkpt>
      <trkpt lat="40.782278" lon="-73.973067">
        <ele>27.4</ele>
        <time>2026-05-22T19:31:17.000Z</time>
      </trkpt>
      <trkpt lat="40.782278" lon="-73.973066">
        <ele>27.4</ele>
        <time>2026-05-22T19:31:18.000Z</time>
      </trkpt>
      <trkpt lat="40.782278" lon="-73.973066">
        <ele>27.4</ele>
        <time>2026-05-22T19:31:19.000Z</time>
      </trkpt>
      <trkpt lat="40.782277" lon="-73.973065">
        <ele>27.4</ele>
        <time>2026-05-22T19:31:20.000Z</time>
      </trkpt>
      <trkpt lat="40.782277" lon="-73.973065">
        <ele>27.4</ele>
        <time>2026-05-22T19:31:21.000Z</time>
      </trkpt>
      <trkpt lat="40.782277" lon="-73.973065">
        <ele>27.4</ele>
        <time>2026-05-22T19:31:22.000Z</time>
      </trkpt>
      <trkpt lat="40.782277" lon="-73.973064">
        <ele>27.4</ele>
        <time>2026-05-22T19:31:23.000Z</time>
      </trkpt>
      <trkpt lat="40.782277" lon="-73.973064">
        <ele>27.4</ele>
        <time>2026-05-22T19:31:24.000Z</time>
      </trkpt>
      <trkpt lat="40.782277" lon="-73.973063">
        <ele>27.4</ele>
        <time>2026-05-22T19:31:25.000Z</time>
      </trkpt>
      <trkpt lat="40.782276" lon="-73.973063">
        <ele>27.4</ele>
        <time>2026-05-22T19:31:26.000Z</time>
      </trkpt>
      <trkpt lat="40.782276" lon="-73.973063">
        <ele>27.4</ele>
        <time>2026-05-22T19:31:27.000Z</time>
      </trkpt>
      <trkpt lat="40.782276" lon="-73.973062">
        <ele>27.4</ele>
        <time>2026-05-22T19:31:28.000Z</time>
      </trkpt>
      <trkpt lat="40.782276" lon="-73.973062">
        <ele>27.6</ele>
        <time>2026-05-22T19:31:29.000Z</time>
      </trkpt>
      <trkpt lat="40.782276" lon="-73.973061">
        <ele>27.6</ele>
        <time>2026-05-22T19:31:30.000Z</time>
      </trkpt>
      <trkpt lat="40.782276" lon="-73.973061">
        <ele>27.6</ele>
        <time>2026-05-22T19:31:31.000Z</time>
      </trkpt>
      <trkpt lat="40.782275" lon="-73.97306">
        <ele>27.6</ele>
        <time>2026-05-22T19:31:32.000Z</time>
      </trkpt>
      <trkpt lat="40.782275" lon="-73.97306">
        <ele>27.6</ele>
        <time>2026-05-22T19:31:33.000Z</time>
      </trkpt>
      <trkpt lat="40.782275" lon="-73.97306">
        <ele>27.6</ele>
        <time>2026-05-22T19:31:34.000Z</time>
      </trkpt>
      <trkpt lat="40.782275" lon="-73.973059">
        <ele>27.6</ele>
        <time>2026-05-22T19:31:35.000Z</time>
      </trkpt>
      <trkpt lat="40.782275" lon="-73.973059">
        <ele>27.6</ele>
        <time>2026-05-22T19:31:36.000Z</time>
      </trkpt>
      <trkpt lat="40.782275" lon="-73.973058">
        <ele>27.6</ele>
        <time>2026-05-22T19:31:37.000Z</time>
      </trkpt>
      <trkpt lat="40.782274" lon="-73.973058">
        <ele>27.4</ele>
        <time>2026-05-22T19:31:38.000Z</time>
      </trkpt>
      <trkpt lat="40.782274" lon="-73.973058">
        <ele>27.4</ele>
        <time>2026-05-22T19:31:39.000Z</time>
      </trkpt>
      <trkpt lat="40.782274" lon="-73.973057">
        <ele>27.4</ele>
        <time>2026-05-22T19:31:40.000Z</time>
      </trkpt>
      <trkpt lat="40.782274" lon="-73.973057">
        <ele>27.4</ele>
        <time>2026-05-22T19:31:41.000Z</time>
      </trkpt>
      <trkpt lat="40.782274" lon="-73.973056">
        <ele>27.4</ele>
        <time>2026-05-22T19:31:42.000Z</time>
      </trkpt>
      <trkpt lat="40.782274" lon="-73.973056">
        <ele>27.2</ele>
        <time>2026-05-22T19:31:43.000Z</time>
      </trkpt>
      <trkpt lat="40.782273" lon="-73.973055">
        <ele>27.2</ele>
        <time>2026-05-22T19:31:44.000Z</time>
      </trkpt>
      <trkpt lat="40.782273" lon="-73.973055">
        <ele>27.2</ele>
        <time>2026-05-22T19:31:45.000Z</time>
      </trkpt>
      <trkpt lat="40.782273" lon="-73.973055">
        <ele>27.2</ele>
        <time>2026-05-22T19:31:46.000Z</time>
      </trkpt>
      <trkpt lat="40.782273" lon="-73.973054">
        <ele>27.2</ele>
        <time>2026-05-22T19:31:47.000Z</time>
      </trkpt>
      <trkpt lat="40.782273" lon="-73.973054">
        <ele>27.4</ele>
        <time>2026-05-22T19:31:48.000Z</time>
      </trkpt>
      <trkpt lat="40.782273" lon="-73.973053">
        <ele>27.4</ele>
        <time>2026-05-22T19:31:49.000Z</time>
      </trkpt>
      <trkpt lat="40.782272" lon="-73.973053">
        <ele>27.4</ele>
        <time>2026-05-22T19:31:50.000Z</time>
      </trkpt>
      <trkpt lat="40.782272" lon="-73.973053">
        <ele>27.4</ele>
        <time>2026-05-22T19:31:51.000Z</time>
      </trkpt>
      <trkpt lat="40.782272" lon="-73.973052">
        <ele>27.4</ele>
        <time>2026-05-22T19:31:52.000Z</time>
      </trkpt>
      <trkpt lat="40.782272" lon="-73.973052">
        <ele>27.4</ele>
        <time>2026-05-22T19:31:53.000Z</time>
      </trkpt>
      <trkpt lat="40.782272" lon="-73.973051">
        <ele>27.4</ele>
        <time>2026-05-22T19:31:54.000Z</time>
      </trkpt>
      <trkpt lat="40.782272" lon="-73.973051">
        <ele>27.4</ele>
        <time>2026-05-22T19:31:55.000Z</time>
      </trkpt>
      <trkpt lat="40.782271" lon="-73.973051">
        <ele>27.4</ele>
        <time>2026-05-22T19:31:56.000Z</time>
      </trkpt>
      <trkpt lat="40.782271" lon="-73.97305">
        <ele>27.4</ele>
        <time>2026-05-22T19:31:57.000Z</time>
      </trkpt>
      <trkpt lat="40.782271" lon="-73.97305">
        <ele>27.4</ele>
        <time>2026-05-22T19:31:58.000Z</time>
      </trkpt>
      <trkpt lat="40.782271" lon="-73.973049">
        <ele>27.4</ele>
        <time>2026-05-22T19:31:59.000Z</time>
      </trkpt>
      <trkpt lat="40.782271" lon="-73.973049">
        <ele>27.4</ele>
        <time>2026-05-22T19:32:00.000Z</time>
      </trkpt>
      <trkpt lat="40.782271" lon="-73.973048">
        <ele>27.4</ele>
        <time>2026-05-22T19:32:01.000Z</time>
      </trkpt>
      <trkpt lat="40.78227" lon="-73.973048">
        <ele>27.4</ele>
        <time>2026-05-22T19:32:02.000Z</time>
      </trkpt>
      <trkpt lat="40.78227" lon="-73.973048">
        <ele>27.4</ele>
        <time>2026-05-22T19:32:03.000Z</time>
      </trkpt>
      <trkpt lat="40.78227" lon="-73.973047">
        <ele>27.4</ele>
        <time>2026-05-22T19:32:04.000Z</time>
      </trkpt>
      <trkpt lat="40.78227" lon="-73.973047">
        <ele>27.4</ele>
        <time>2026-05-22T19:32:05.000Z</time>
      </trkpt>
      <trkpt lat="40.78227" lon="-73.973046">
        <ele>27.4</ele>
        <time>2026-05-22T19:32:06.000Z</time>
      </trkpt>
      <trkpt lat="40.78227" lon="-73.973046">
        <ele>27.4</ele>
        <time>2026-05-22T19:32:07.000Z</time>
      </trkpt>
      <trkpt lat="40.782269" lon="-73.973046">
        <ele>27.4</ele>
        <time>2026-05-22T19:32:08.000Z</time>
      </trkpt>
      <trkpt lat="40.782269" lon="-73.973045">
        <ele>27.4</ele>
        <time>2026-05-22T19:32:09.000Z</time>
      </trkpt>
      <trkpt lat="40.782269" lon="-73.973045">
        <ele>27.4</ele>
        <time>2026-05-22T19:32:10.000Z</time>
      </trkpt>
      <trkpt lat="40.782269" lon="-73.973044">
        <ele>27.4</ele>
        <time>2026-05-22T19:32:11.000Z</time>
      </trkpt>
      <trkpt lat="40.782269" lon="-73.973044">
        <ele>27.4</ele>
        <time>2026-05-22T19:32:12.000Z</time>
      </trkpt>
      <trkpt lat="40.782269" lon="-73.973044">
        <ele>27.4</ele>
        <time>2026-05-22T19:32:13.000Z</time>
      </trkpt>
      <trkpt lat="40.782268" lon="-73.973043">
        <ele>27.4</ele>
        <time>2026-05-22T19:32:14.000Z</time>
      </trkpt>
      <trkpt lat="40.782268" lon="-73.973043">
        <ele>27.4</ele>
        <time>2026-05-22T19:32:15.000Z</time>
      </trkpt>
      <trkpt lat="40.782268" lon="-73.973042">
        <ele>27.4</ele>
        <time>2026-05-22T19:32:16.000Z</time>
      </trkpt>
      <trkpt lat="40.782268" lon="-73.973042">
        <ele>27.4</ele>
        <time>2026-05-22T19:32:17.000Z</time>
      </trkpt>
      <trkpt lat="40.782268" lon="-73.973041">
        <ele>27.6</ele>
        <time>2026-05-22T19:32:18.000Z</time>
      </trkpt>
      <trkpt lat="40.782268" lon="-73.973041">
        <ele>27.6</ele>
        <time>2026-05-22T19:32:19.000Z</time>
      </trkpt>
      <trkpt lat="40.782267" lon="-73.973041">
        <ele>27.6</ele>
        <time>2026-05-22T19:32:20.000Z</time>
      </trkpt>
      <trkpt lat="40.782267" lon="-73.97304">
        <ele>27.6</ele>
        <time>2026-05-22T19:32:21.000Z</time>
      </trkpt>
      <trkpt lat="40.782267" lon="-73.97304">
        <ele>27.6</ele>
        <time>2026-05-22T19:32:22.000Z</time>
      </trkpt>
      <trkpt lat="40.782267" lon="-73.973039">
        <ele>27.6</ele>
        <time>2026-05-22T19:32:23.000Z</time>
      </trkpt>
      <trkpt lat="40.782267" lon="-73.973039">
        <ele>27.6</ele>
        <time>2026-05-22T19:32:24.000Z</time>
      </trkpt>
      <trkpt lat="40.782267" lon="-73.973039">
        <ele>27.6</ele>
        <time>2026-05-22T19:32:25.000Z</time>
      </trkpt>
      <trkpt lat="40.782266" lon="-73.973038">
        <ele>27.6</ele>
        <time>2026-05-22T19:32:26.000Z</time>
      </trkpt>
      <trkpt lat="40.782266" lon="-73.973038">
        <ele>27.6</ele>
        <time>2026-05-22T19:32:27.000Z</time>
      </trkpt>
      <trkpt lat="40.782266" lon="-73.973037">
        <ele>27.6</ele>
        <time>2026-05-22T19:32:28.000Z</time>
      </trkpt>
      <trkpt lat="40.782266" lon="-73.973037">
        <ele>27.6</ele>
        <time>2026-05-22T19:32:29.000Z</time>
      </trkpt>
      <trkpt lat="40.782266" lon="-73.973036">
        <ele>27.6</ele>
        <time>2026-05-22T19:32:30.000Z</time>
      </trkpt>
      <trkpt lat="40.782266" lon="-73.973036">
        <ele>27.6</ele>
        <time>2026-05-22T19:32:31.000Z</time>
      </trkpt>
      <trkpt lat="40.782265" lon="-73.973036">
        <ele>27.6</ele>
        <time>2026-05-22T19:32:32.000Z</time>
      </trkpt>
      <trkpt lat="40.782265" lon="-73.973035">
        <ele>27.6</ele>
        <time>2026-05-22T19:32:33.000Z</time>
      </trkpt>
      <trkpt lat="40.782265" lon="-73.973035">
        <ele>27.6</ele>
        <time>2026-05-22T19:32:34.000Z</time>
      </trkpt>
      <trkpt lat="40.782265" lon="-73.973034">
        <ele>27.6</ele>
        <time>2026-05-22T19:32:35.000Z</time>
      </trkpt>
      <trkpt lat="40.782265" lon="-73.973034">
        <ele>27.6</ele>
        <time>2026-05-22T19:32:36.000Z</time>
      </trkpt>
      <trkpt lat="40.782265" lon="-73.973034">
        <ele>27.6</ele>
        <time>2026-05-22T19:32:37.000Z</time>
      </trkpt>
      <trkpt lat="40.782264" lon="-73.973033">
        <ele>27.6</ele>
        <time>2026-05-22T19:32:38.000Z</time>
      </trkpt>
      <trkpt lat="40.782264" lon="-73.973033">
        <ele>27.6</ele>
        <time>2026-05-22T19:32:39.000Z</time>
      </trkpt>
      <trkpt lat="40.782264" lon="-73.973032">
        <ele>27.6</ele>
        <time>2026-05-22T19:32:40.000Z</time>
      </trkpt>
      <trkpt lat="40.782264" lon="-73.973032">
        <ele>27.6</ele>
        <time>2026-05-22T19:32:41.000Z</time>
      </trkpt>
      <trkpt lat="40.782264" lon="-73.973032">
        <ele>27.6</ele>
        <time>2026-05-22T19:32:42.000Z</time>
      </trkpt>
      <trkpt lat="40.782264" lon="-73.973031">
        <ele>27.6</ele>
        <time>2026-05-22T19:32:43.000Z</time>
      </trkpt>
      <trkpt lat="40.782263" lon="-73.973031">
        <ele>27.6</ele>
        <time>2026-05-22T19:32:44.000Z</time>
      </trkpt>
      <trkpt lat="40.782263" lon="-73.97303">
        <ele>27.6</ele>
        <time>2026-05-22T19:32:45.000Z</time>
      </trkpt>
      <trkpt lat="40.782263" lon="-73.97303">
        <ele>27.6</ele>
        <time>2026-05-22T19:32:46.000Z</time>
      </trkpt>
      <trkpt lat="40.782263" lon="-73.973029">
        <ele>27.6</ele>
        <time>2026-05-22T19:32:47.000Z</time>
      </trkpt>
      <trkpt lat="40.782263" lon="-73.973029">
        <ele>27.6</ele>
        <time>2026-05-22T19:32:48.000Z</time>
      </trkpt>
      <trkpt lat="40.782263" lon="-73.973029">
        <ele>27.6</ele>
        <time>2026-05-22T19:32:49.000Z</time>
      </trkpt>
      <trkpt lat="40.782262" lon="-73.973028">
        <ele>27.6</ele>
        <time>2026-05-22T19:32:50.000Z</time>
      </trkpt>
      <trkpt lat="40.782262" lon="-73.973028">
        <ele>27.6</ele>
        <time>2026-05-22T19:32:51.000Z</time>
      </trkpt>
      <trkpt lat="40.782262" lon="-73.973027">
        <ele>27.6</ele>
        <time>2026-05-22T19:32:52.000Z</time>
      </trkpt>
      <trkpt lat="40.782262" lon="-73.973027">
        <ele>27.8</ele>
        <time>2026-05-22T19:32:53.000Z</time>
      </trkpt>
      <trkpt lat="40.782262" lon="-73.973027">
        <ele>27.8</ele>
        <time>2026-05-22T19:32:54.000Z</time>
      </trkpt>
      <trkpt lat="40.782262" lon="-73.973026">
        <ele>27.8</ele>
        <time>2026-05-22T19:32:55.000Z</time>
      </trkpt>
      <trkpt lat="40.782261" lon="-73.973026">
        <ele>27.8</ele>
        <time>2026-05-22T19:32:56.000Z</time>
      </trkpt>
      <trkpt lat="40.782261" lon="-73.973025">
        <ele>27.8</ele>
        <time>2026-05-22T19:32:57.000Z</time>
      </trkpt>
      <trkpt lat="40.782261" lon="-73.973025">
        <ele>27.8</ele>
        <time>2026-05-22T19:32:58.000Z</time>
      </trkpt>
      <trkpt lat="40.782261" lon="-73.973025">
        <ele>27.8</ele>
        <time>2026-05-22T19:32:59.000Z</time>
      </trkpt>
      <trkpt lat="40.782261" lon="-73.973024">
        <ele>27.8</ele>
        <time>2026-05-22T19:33:00.000Z</time>
      </trkpt>
      <trkpt lat="40.782261" lon="-73.973024">
        <ele>27.8</ele>
        <time>2026-05-22T19:33:01.000Z</time>
      </trkpt>
      <trkpt lat="40.78226" lon="-73.973023">
        <ele>27.8</ele>
        <time>2026-05-22T19:33:02.000Z</time>
      </trkpt>
      <trkpt lat="40.78226" lon="-73.973023">
        <ele>27.8</ele>
        <time>2026-05-22T19:33:03.000Z</time>
      </trkpt>
      <trkpt lat="40.78226" lon="-73.973022">
        <ele>27.8</ele>
        <time>2026-05-22T19:33:04.000Z</time>
      </trkpt>
      <trkpt lat="40.78226" lon="-73.973022">
        <ele>27.8</ele>
        <time>2026-05-22T19:33:05.000Z</time>
      </trkpt>
      <trkpt lat="40.78226" lon="-73.973022">
        <ele>27.8</ele>
        <time>2026-05-22T19:33:06.000Z</time>
      </trkpt>
      <trkpt lat="40.78226" lon="-73.973021">
        <ele>27.8</ele>
        <time>2026-05-22T19:33:07.000Z</time>
      </trkpt>
      <trkpt lat="40.782259" lon="-73.973021">
        <ele>27.8</ele>
        <time>2026-05-22T19:33:08.000Z</time>
      </trkpt>
      <trkpt lat="40.782259" lon="-73.97302">
        <ele>27.8</ele>
        <time>2026-05-22T19:33:09.000Z</time>
      </trkpt>
      <trkpt lat="40.782259" lon="-73.97302">
        <ele>27.8</ele>
        <time>2026-05-22T19:33:10.000Z</time>
      </trkpt>
      <trkpt lat="40.782259" lon="-73.97302">
        <ele>27.8</ele>
        <time>2026-05-22T19:33:11.000Z</time>
      </trkpt>
      <trkpt lat="40.782259" lon="-73.973019">
        <ele>27.8</ele>
        <time>2026-05-22T19:33:12.000Z</time>
      </trkpt>
      <trkpt lat="40.782259" lon="-73.973019">
        <ele>27.8</ele>
        <time>2026-05-22T19:33:13.000Z</time>
      </trkpt>
      <trkpt lat="40.782258" lon="-73.973018">
        <ele>27.8</ele>
        <time>2026-05-22T19:33:14.000Z</time>
      </trkpt>
      <trkpt lat="40.782258" lon="-73.973018">
        <ele>27.8</ele>
        <time>2026-05-22T19:33:15.000Z</time>
      </trkpt>
      <trkpt lat="40.782258" lon="-73.973017">
        <ele>27.8</ele>
        <time>2026-05-22T19:33:16.000Z</time>
      </trkpt>
      <trkpt lat="40.782258" lon="-73.973017">
        <ele>27.8</ele>
        <time>2026-05-22T19:33:17.000Z</time>
      </trkpt>
      <trkpt lat="40.782258" lon="-73.973017">
        <ele>27.8</ele>
        <time>2026-05-22T19:33:18.000Z</time>
      </trkpt>
      <trkpt lat="40.782258" lon="-73.973016">
        <ele>27.8</ele>
        <time>2026-05-22T19:33:19.000Z</time>
      </trkpt>
      <trkpt lat="40.782257" lon="-73.973016">
        <ele>27.8</ele>
        <time>2026-05-22T19:33:20.000Z</time>
      </trkpt>
      <trkpt lat="40.782257" lon="-73.973015">
        <ele>28</ele>
        <time>2026-05-22T19:33:21.000Z</time>
      </trkpt>
      <trkpt lat="40.782257" lon="-73.973015">
        <ele>28</ele>
        <time>2026-05-22T19:33:22.000Z</time>
      </trkpt>
      <trkpt lat="40.782257" lon="-73.973015">
        <ele>28</ele>
        <time>2026-05-22T19:33:23.000Z</time>
      </trkpt>
      <trkpt lat="40.782257" lon="-73.973014">
        <ele>28</ele>
        <time>2026-05-22T19:33:24.000Z</time>
      </trkpt>
      <trkpt lat="40.782257" lon="-73.973014">
        <ele>28</ele>
        <time>2026-05-22T19:33:25.000Z</time>
      </trkpt>
      <trkpt lat="40.782256" lon="-73.973013">
        <ele>28</ele>
        <time>2026-05-22T19:33:26.000Z</time>
      </trkpt>
      <trkpt lat="40.782256" lon="-73.973013">
        <ele>28</ele>
        <time>2026-05-22T19:33:27.000Z</time>
      </trkpt>
      <trkpt lat="40.782256" lon="-73.973013">
        <ele>28</ele>
        <time>2026-05-22T19:33:28.000Z</time>
      </trkpt>
      <trkpt lat="40.782256" lon="-73.973012">
        <ele>28</ele>
        <time>2026-05-22T19:33:29.000Z</time>
      </trkpt>
      <trkpt lat="40.782256" lon="-73.973012">
        <ele>28</ele>
        <time>2026-05-22T19:33:30.000Z</time>
      </trkpt>
      <trkpt lat="40.782256" lon="-73.973011">
        <ele>28</ele>
        <time>2026-05-22T19:33:31.000Z</time>
      </trkpt>
      <trkpt lat="40.782255" lon="-73.973011">
        <ele>28</ele>
        <time>2026-05-22T19:33:32.000Z</time>
      </trkpt>
      <trkpt lat="40.782255" lon="-73.97301">
        <ele>28</ele>
        <time>2026-05-22T19:33:33.000Z</time>
      </trkpt>
      <trkpt lat="40.782255" lon="-73.97301">
        <ele>28</ele>
        <time>2026-05-22T19:33:34.000Z</time>
      </trkpt>
      <trkpt lat="40.782255" lon="-73.97301">
        <ele>28</ele>
        <time>2026-05-22T19:33:35.000Z</time>
      </trkpt>
      <trkpt lat="40.782255" lon="-73.973009">
        <ele>28</ele>
        <time>2026-05-22T19:33:36.000Z</time>
      </trkpt>
      <trkpt lat="40.782255" lon="-73.973009">
        <ele>28</ele>
        <time>2026-05-22T19:33:37.000Z</time>
      </trkpt>
      <trkpt lat="40.782254" lon="-73.973008">
        <ele>28</ele>
        <time>2026-05-22T19:33:38.000Z</time>
      </trkpt>
      <trkpt lat="40.782254" lon="-73.973008">
        <ele>28</ele>
        <time>2026-05-22T19:33:39.000Z</time>
      </trkpt>
      <trkpt lat="40.782254" lon="-73.973008">
        <ele>28</ele>
        <time>2026-05-22T19:33:40.000Z</time>
      </trkpt>
      <trkpt lat="40.782254" lon="-73.973007">
        <ele>28</ele>
        <time>2026-05-22T19:33:41.000Z</time>
      </trkpt>
      <trkpt lat="40.782254" lon="-73.973007">
        <ele>28</ele>
        <time>2026-05-22T19:33:42.000Z</time>
      </trkpt>
      <trkpt lat="40.782254" lon="-73.973006">
        <ele>28</ele>
        <time>2026-05-22T19:33:43.000Z</time>
      </trkpt>
      <trkpt lat="40.782253" lon="-73.973006">
        <ele>28</ele>
        <time>2026-05-22T19:33:44.000Z</time>
      </trkpt>
      <trkpt lat="40.782253" lon="-73.973006">
        <ele>28</ele>
        <time>2026-05-22T19:33:45.000Z</time>
      </trkpt>
      <trkpt lat="40.782253" lon="-73.973005">
        <ele>28</ele>
        <time>2026-05-22T19:33:46.000Z</time>
      </trkpt>
      <trkpt lat="40.782253" lon="-73.973005">
        <ele>28</ele>
        <time>2026-05-22T19:33:47.000Z</time>
      </trkpt>
      <trkpt lat="40.782253" lon="-73.973004">
        <ele>28</ele>
        <time>2026-05-22T19:33:48.000Z</time>
      </trkpt>
      <trkpt lat="40.782253" lon="-73.973004">
        <ele>28</ele>
        <time>2026-05-22T19:33:49.000Z</time>
      </trkpt>
      <trkpt lat="40.782252" lon="-73.973003">
        <ele>28</ele>
        <time>2026-05-22T19:33:50.000Z</time>
      </trkpt>
      <trkpt lat="40.782252" lon="-73.973003">
        <ele>28</ele>
        <time>2026-05-22T19:33:51.000Z</time>
      </trkpt>
      <trkpt lat="40.782252" lon="-73.973003">
        <ele>28</ele>
        <time>2026-05-22T19:33:52.000Z</time>
      </trkpt>
      <trkpt lat="40.782252" lon="-73.973002">
        <ele>28</ele>
        <time>2026-05-22T19:33:53.000Z</time>
      </trkpt>
      <trkpt lat="40.782252" lon="-73.973002">
        <ele>28</ele>
        <time>2026-05-22T19:33:54.000Z</time>
      </trkpt>
      <trkpt lat="40.782252" lon="-73.973001">
        <ele>28</ele>
        <time>2026-05-22T19:33:55.000Z</time>
      </trkpt>
      <trkpt lat="40.782251" lon="-73.973001">
        <ele>28</ele>
        <time>2026-05-22T19:33:56.000Z</time>
      </trkpt>
      <trkpt lat="40.782251" lon="-73.973001">
        <ele>28</ele>
        <time>2026-05-22T19:33:57.000Z</time>
      </trkpt>
      <trkpt lat="40.782251" lon="-73.973">
        <ele>28</ele>
        <time>2026-05-22T19:33:58.000Z</time>
      </trkpt>
      <trkpt lat="40.782251" lon="-73.973">
        <ele>28</ele>
        <time>2026-05-22T19:33:59.000Z</time>
      </trkpt>
      <trkpt lat="40.782251" lon="-73.972999">
        <ele>28</ele>
        <time>2026-05-22T19:34:00.000Z</time>
      </trkpt>
      <trkpt lat="40.782251" lon="-73.972999">
        <ele>28</ele>
        <time>2026-05-22T19:34:01.000Z</time>
      </trkpt>
      <trkpt lat="40.78225" lon="-73.972998">
        <ele>28</ele>
        <time>2026-05-22T19:34:02.000Z</time>
      </trkpt>
      <trkpt lat="40.78225" lon="-73.972998">
        <ele>28</ele>
        <time>2026-05-22T19:34:03.000Z</time>
      </trkpt>
      <trkpt lat="40.78225" lon="-73.972998">
        <ele>28</ele>
        <time>2026-05-22T19:34:04.000Z</time>
      </trkpt>
      <trkpt lat="40.78225" lon="-73.972997">
        <ele>28</ele>
        <time>2026-05-22T19:34:05.000Z</time>
      </trkpt>
      <trkpt lat="40.78225" lon="-73.972997">
        <ele>28</ele>
        <time>2026-05-22T19:34:06.000Z</time>
      </trkpt>
      <trkpt lat="40.78225" lon="-73.972996">
        <ele>28</ele>
        <time>2026-05-22T19:34:07.000Z</time>
      </trkpt>
      <trkpt lat="40.782249" lon="-73.972996">
        <ele>28.2</ele>
        <time>2026-05-22T19:34:08.000Z</time>
      </trkpt>
      <trkpt lat="40.782249" lon="-73.972996">
        <ele>28.2</ele>
        <time>2026-05-22T19:34:09.000Z</time>
      </trkpt>
      <trkpt lat="40.782249" lon="-73.972995">
        <ele>28.2</ele>
        <time>2026-05-22T19:34:10.000Z</time>
      </trkpt>
      <trkpt lat="40.782249" lon="-73.972995">
        <ele>28.2</ele>
        <time>2026-05-22T19:34:11.000Z</time>
      </trkpt>
      <trkpt lat="40.782249" lon="-73.972994">
        <ele>28.2</ele>
        <time>2026-05-22T19:34:12.000Z</time>
      </trkpt>
      <trkpt lat="40.782249" lon="-73.972994">
        <ele>28.2</ele>
        <time>2026-05-22T19:34:13.000Z</time>
      </trkpt>
      <trkpt lat="40.782248" lon="-73.972994">
        <ele>28.2</ele>
        <time>2026-05-22T19:34:14.000Z</time>
      </trkpt>
      <trkpt lat="40.782248" lon="-73.972993">
        <ele>28.2</ele>
        <time>2026-05-22T19:34:15.000Z</time>
      </trkpt>
      <trkpt lat="40.782248" lon="-73.972993">
        <ele>28.2</ele>
        <time>2026-05-22T19:34:16.000Z</time>
      </trkpt>
      <trkpt lat="40.782248" lon="-73.972992">
        <ele>28.2</ele>
        <time>2026-05-22T19:34:17.000Z</time>
      </trkpt>
      <trkpt lat="40.782248" lon="-73.972992">
        <ele>28.2</ele>
        <time>2026-05-22T19:34:18.000Z</time>
      </trkpt>
      <trkpt lat="40.782248" lon="-73.972991">
        <ele>28.2</ele>
        <time>2026-05-22T19:34:19.000Z</time>
      </trkpt>
      <trkpt lat="40.782247" lon="-73.972991">
        <ele>28.2</ele>
        <time>2026-05-22T19:34:20.000Z</time>
      </trkpt>
      <trkpt lat="40.782247" lon="-73.972991">
        <ele>28.2</ele>
        <time>2026-05-22T19:34:21.000Z</time>
      </trkpt>
      <trkpt lat="40.782247" lon="-73.97299">
        <ele>28.2</ele>
        <time>2026-05-22T19:34:22.000Z</time>
      </trkpt>
      <trkpt lat="40.782247" lon="-73.97299">
        <ele>28.2</ele>
        <time>2026-05-22T19:34:23.000Z</time>
      </trkpt>
      <trkpt lat="40.782247" lon="-73.972989">
        <ele>28.2</ele>
        <time>2026-05-22T19:34:24.000Z</time>
      </trkpt>
      <trkpt lat="40.782247" lon="-73.972989">
        <ele>28.2</ele>
        <time>2026-05-22T19:34:25.000Z</time>
      </trkpt>
      <trkpt lat="40.782246" lon="-73.972989">
        <ele>28</ele>
        <time>2026-05-22T19:34:26.000Z</time>
      </trkpt>
      <trkpt lat="40.782246" lon="-73.972988">
        <ele>28</ele>
        <time>2026-05-22T19:34:27.000Z</time>
      </trkpt>
      <trkpt lat="40.782246" lon="-73.972988">
        <ele>28</ele>
        <time>2026-05-22T19:34:28.000Z</time>
      </trkpt>
      <trkpt lat="40.782246" lon="-73.972987">
        <ele>28</ele>
        <time>2026-05-22T19:34:29.000Z</time>
      </trkpt>
      <trkpt lat="40.782246" lon="-73.972987">
        <ele>28</ele>
        <time>2026-05-22T19:34:30.000Z</time>
      </trkpt>
      <trkpt lat="40.782246" lon="-73.972987">
        <ele>28</ele>
        <time>2026-05-22T19:34:31.000Z</time>
      </trkpt>
      <trkpt lat="40.782245" lon="-73.972986">
        <ele>28</ele>
        <time>2026-05-22T19:34:32.000Z</time>
      </trkpt>
      <trkpt lat="40.782245" lon="-73.972986">
        <ele>28</ele>
        <time>2026-05-22T19:34:33.000Z</time>
      </trkpt>
      <trkpt lat="40.782245" lon="-73.972985">
        <ele>28</ele>
        <time>2026-05-22T19:34:34.000Z</time>
      </trkpt>
      <trkpt lat="40.782245" lon="-73.972985">
        <ele>28</ele>
        <time>2026-05-22T19:34:35.000Z</time>
      </trkpt>
      <trkpt lat="40.782245" lon="-73.972984">
        <ele>28</ele>
        <time>2026-05-22T19:34:36.000Z</time>
      </trkpt>
      <trkpt lat="40.782245" lon="-73.972984">
        <ele>28</ele>
        <time>2026-05-22T19:34:37.000Z</time>
      </trkpt>
      <trkpt lat="40.782244" lon="-73.972984">
        <ele>28</ele>
        <time>2026-05-22T19:34:38.000Z</time>
      </trkpt>
      <trkpt lat="40.782244" lon="-73.972983">
        <ele>28</ele>
        <time>2026-05-22T19:34:39.000Z</time>
      </trkpt>
      <trkpt lat="40.782244" lon="-73.972983">
        <ele>28</ele>
        <time>2026-05-22T19:34:40.000Z</time>
      </trkpt>
      <trkpt lat="40.782244" lon="-73.972982">
        <ele>28</ele>
        <time>2026-05-22T19:34:41.000Z</time>
      </trkpt>
      <trkpt lat="40.782244" lon="-73.972982">
        <ele>28</ele>
        <time>2026-05-22T19:34:42.000Z</time>
      </trkpt>
      <trkpt lat="40.782244" lon="-73.972982">
        <ele>28</ele>
        <time>2026-05-22T19:34:43.000Z</time>
      </trkpt>
      <trkpt lat="40.782243" lon="-73.972981">
        <ele>28</ele>
        <time>2026-05-22T19:34:44.000Z</time>
      </trkpt>
      <trkpt lat="40.782243" lon="-73.972981">
        <ele>28</ele>
        <time>2026-05-22T19:34:45.000Z</time>
      </trkpt>
      <trkpt lat="40.782243" lon="-73.97298">
        <ele>28</ele>
        <time>2026-05-22T19:34:46.000Z</time>
      </trkpt>
      <trkpt lat="40.782243" lon="-73.97298">
        <ele>28</ele>
        <time>2026-05-22T19:34:47.000Z</time>
      </trkpt>
      <trkpt lat="40.782243" lon="-73.972979">
        <ele>28</ele>
        <time>2026-05-22T19:34:48.000Z</time>
      </trkpt>
      <trkpt lat="40.782243" lon="-73.972979">
        <ele>28.2</ele>
        <time>2026-05-22T19:34:49.000Z</time>
      </trkpt>
      <trkpt lat="40.782242" lon="-73.972979">
        <ele>28.2</ele>
        <time>2026-05-22T19:34:50.000Z</time>
      </trkpt>
      <trkpt lat="40.782242" lon="-73.972978">
        <ele>28.2</ele>
        <time>2026-05-22T19:34:51.000Z</time>
      </trkpt>
      <trkpt lat="40.782242" lon="-73.972978">
        <ele>28.2</ele>
        <time>2026-05-22T19:34:52.000Z</time>
      </trkpt>
      <trkpt lat="40.782242" lon="-73.972977">
        <ele>28.2</ele>
        <time>2026-05-22T19:34:53.000Z</time>
      </trkpt>
      <trkpt lat="40.782242" lon="-73.972977">
        <ele>28.2</ele>
        <time>2026-05-22T19:34:54.000Z</time>
      </trkpt>
      <trkpt lat="40.782242" lon="-73.972977">
        <ele>28.2</ele>
        <time>2026-05-22T19:34:55.000Z</time>
      </trkpt>
      <trkpt lat="40.782241" lon="-73.972976">
        <ele>28</ele>
        <time>2026-05-22T19:34:56.000Z</time>
      </trkpt>
      <trkpt lat="40.782241" lon="-73.972976">
        <ele>28</ele>
        <time>2026-05-22T19:34:57.000Z</time>
      </trkpt>
      <trkpt lat="40.782241" lon="-73.972975">
        <ele>28</ele>
        <time>2026-05-22T19:34:58.000Z</time>
      </trkpt>
      <trkpt lat="40.782241" lon="-73.972975">
        <ele>28</ele>
        <time>2026-05-22T19:34:59.000Z</time>
      </trkpt>
      <trkpt lat="40.782241" lon="-73.972975">
        <ele>28</ele>
        <time>2026-05-22T19:35:00.000Z</time>
      </trkpt>
      <trkpt lat="40.782241" lon="-73.972974">
        <ele>28</ele>
        <time>2026-05-22T19:35:01.000Z</time>
      </trkpt>
      <trkpt lat="40.78224" lon="-73.972974">
        <ele>28</ele>
        <time>2026-05-22T19:35:02.000Z</time>
      </trkpt>
      <trkpt lat="40.78224" lon="-73.972973">
        <ele>28</ele>
        <time>2026-05-22T19:35:03.000Z</time>
      </trkpt>
      <trkpt lat="40.78224" lon="-73.972973">
        <ele>28</ele>
        <time>2026-05-22T19:35:04.000Z</time>
      </trkpt>
      <trkpt lat="40.78224" lon="-73.972972">
        <ele>28</ele>
        <time>2026-05-22T19:35:05.000Z</time>
      </trkpt>
      <trkpt lat="40.78224" lon="-73.972972">
        <ele>28</ele>
        <time>2026-05-22T19:35:06.000Z</time>
      </trkpt>
      <trkpt lat="40.78224" lon="-73.972972">
        <ele>28</ele>
        <time>2026-05-22T19:35:07.000Z</time>
      </trkpt>
      <trkpt lat="40.782239" lon="-73.972971">
        <ele>28</ele>
        <time>2026-05-22T19:35:08.000Z</time>
      </trkpt>
      <trkpt lat="40.782239" lon="-73.972971">
        <ele>28</ele>
        <time>2026-05-22T19:35:09.000Z</time>
      </trkpt>
      <trkpt lat="40.782239" lon="-73.97297">
        <ele>28</ele>
        <time>2026-05-22T19:35:10.000Z</time>
      </trkpt>
      <trkpt lat="40.782239" lon="-73.97297">
        <ele>28.2</ele>
        <time>2026-05-22T19:35:11.000Z</time>
      </trkpt>
      <trkpt lat="40.782237" lon="-73.972956">
        <ele>28.2</ele>
        <time>2026-05-22T19:35:12.000Z</time>
      </trkpt>
      <trkpt lat="40.782234" lon="-73.972942">
        <ele>28.2</ele>
        <time>2026-05-22T19:35:13.000Z</time>
      </trkpt>
      <trkpt lat="40.782231" lon="-73.97293">
        <ele>28.2</ele>
        <time>2026-05-22T19:35:14.000Z</time>
      </trkpt>
      <trkpt lat="40.782229" lon="-73.972917">
        <ele>28.2</ele>
        <time>2026-05-22T19:35:15.000Z</time>
      </trkpt>
      <trkpt lat="40.782226" lon="-73.972904">
        <ele>28.2</ele>
        <time>2026-05-22T19:35:16.000Z</time>
      </trkpt>
      <trkpt lat="40.782223" lon="-73.972892">
        <ele>28.4</ele>
        <time>2026-05-22T19:35:17.000Z</time>
      </trkpt>
      <trkpt lat="40.782222" lon="-73.972881">
        <ele>28.4</ele>
        <time>2026-05-22T19:35:18.000Z</time>
      </trkpt>
      <trkpt lat="40.782222" lon="-73.97287">
        <ele>28.4</ele>
        <time>2026-05-22T19:35:19.000Z</time>
      </trkpt>
      <trkpt lat="40.782221" lon="-73.972859">
        <ele>28.4</ele>
        <time>2026-05-22T19:35:20.000Z</time>
      </trkpt>
      <trkpt lat="40.78222" lon="-73.972847">
        <ele>28.4</ele>
        <time>2026-05-22T19:35:21.000Z</time>
      </trkpt>
      <trkpt lat="40.782218" lon="-73.972835">
        <ele>28.4</ele>
        <time>2026-05-22T19:35:22.000Z</time>
      </trkpt>
      <trkpt lat="40.782215" lon="-73.972824">
        <ele>28.4</ele>
        <time>2026-05-22T19:35:23.000Z</time>
      </trkpt>
      <trkpt lat="40.782213" lon="-73.972814">
        <ele>28.4</ele>
        <time>2026-05-22T19:35:24.000Z</time>
      </trkpt>
      <trkpt lat="40.78221" lon="-73.972805">
        <ele>28.4</ele>
        <time>2026-05-22T19:35:25.000Z</time>
      </trkpt>
      <trkpt lat="40.782207" lon="-73.972795">
        <ele>28.4</ele>
        <time>2026-05-22T19:35:26.000Z</time>
      </trkpt>
      <trkpt lat="40.782203" lon="-73.972783">
        <ele>28.4</ele>
        <time>2026-05-22T19:35:27.000Z</time>
      </trkpt>
      <trkpt lat="40.7822" lon="-73.972771">
        <ele>28.4</ele>
        <time>2026-05-22T19:35:28.000Z</time>
      </trkpt>
      <trkpt lat="40.782196" lon="-73.97276">
        <ele>28.4</ele>
        <time>2026-05-22T19:35:29.000Z</time>
      </trkpt>
      <trkpt lat="40.782192" lon="-73.972749">
        <ele>28.4</ele>
        <time>2026-05-22T19:35:30.000Z</time>
      </trkpt>
      <trkpt lat="40.782188" lon="-73.972738">
        <ele>28.4</ele>
        <time>2026-05-22T19:35:31.000Z</time>
      </trkpt>
      <trkpt lat="40.782184" lon="-73.972726">
        <ele>28.4</ele>
        <time>2026-05-22T19:35:32.000Z</time>
      </trkpt>
      <trkpt lat="40.782179" lon="-73.972713">
        <ele>28.4</ele>
        <time>2026-05-22T19:35:33.000Z</time>
      </trkpt>
      <trkpt lat="40.782174" lon="-73.9727">
        <ele>28.4</ele>
        <time>2026-05-22T19:35:34.000Z</time>
      </trkpt>
      <trkpt lat="40.782169" lon="-73.972686">
        <ele>28.4</ele>
        <time>2026-05-22T19:35:35.000Z</time>
      </trkpt>
      <trkpt lat="40.782163" lon="-73.972672">
        <ele>28.6</ele>
        <time>2026-05-22T19:35:36.000Z</time>
      </trkpt>
      <trkpt lat="40.782157" lon="-73.972658">
        <ele>28.6</ele>
        <time>2026-05-22T19:35:37.000Z</time>
      </trkpt>
      <trkpt lat="40.782151" lon="-73.972645">
        <ele>28.6</ele>
        <time>2026-05-22T19:35:38.000Z</time>
      </trkpt>
      <trkpt lat="40.782145" lon="-73.972632">
        <ele>28.6</ele>
        <time>2026-05-22T19:35:39.000Z</time>
      </trkpt>
      <trkpt lat="40.78214" lon="-73.972619">
        <ele>28.6</ele>
        <time>2026-05-22T19:35:40.000Z</time>
      </trkpt>
      <trkpt lat="40.782134" lon="-73.972602">
        <ele>28.6</ele>
        <time>2026-05-22T19:35:41.000Z</time>
      </trkpt>
      <trkpt lat="40.782129" lon="-73.97259">
        <ele>28.6</ele>
        <time>2026-05-22T19:35:42.000Z</time>
      </trkpt>
      <trkpt lat="40.782125" lon="-73.972578">
        <ele>28.6</ele>
        <time>2026-05-22T19:35:43.000Z</time>
      </trkpt>
      <trkpt lat="40.782121" lon="-73.972565">
        <ele>28.8</ele>
        <time>2026-05-22T19:35:44.000Z</time>
      </trkpt>
      <trkpt lat="40.782119" lon="-73.972557">
        <ele>28.8</ele>
        <time>2026-05-22T19:35:45.000Z</time>
      </trkpt>
      <trkpt lat="40.782116" lon="-73.972544">
        <ele>28.8</ele>
        <time>2026-05-22T19:35:46.000Z</time>
      </trkpt>
      <trkpt lat="40.782113" lon="-73.972532">
        <ele>28.8</ele>
        <time>2026-05-22T19:35:47.000Z</time>
      </trkpt>
      <trkpt lat="40.782111" lon="-73.972521">
        <ele>28.8</ele>
        <time>2026-05-22T19:35:48.000Z</time>
      </trkpt>
      <trkpt lat="40.782109" lon="-73.972511">
        <ele>28.8</ele>
        <time>2026-05-22T19:35:49.000Z</time>
      </trkpt>
      <trkpt lat="40.782108" lon="-73.972501">
        <ele>28.8</ele>
        <time>2026-05-22T19:35:50.000Z</time>
      </trkpt>
      <trkpt lat="40.782107" lon="-73.972491">
        <ele>28.8</ele>
        <time>2026-05-22T19:35:51.000Z</time>
      </trkpt>
      <trkpt lat="40.782106" lon="-73.972481">
        <ele>28.8</ele>
        <time>2026-05-22T19:35:52.000Z</time>
      </trkpt>
      <trkpt lat="40.782106" lon="-73.972471">
        <ele>29</ele>
        <time>2026-05-22T19:35:53.000Z</time>
      </trkpt>
      <trkpt lat="40.782105" lon="-73.972461">
        <ele>29</ele>
        <time>2026-05-22T19:35:54.000Z</time>
      </trkpt>
      <trkpt lat="40.782104" lon="-73.97245">
        <ele>29</ele>
        <time>2026-05-22T19:35:55.000Z</time>
      </trkpt>
      <trkpt lat="40.782103" lon="-73.97244">
        <ele>29</ele>
        <time>2026-05-22T19:35:56.000Z</time>
      </trkpt>
      <trkpt lat="40.782102" lon="-73.97243">
        <ele>29</ele>
        <time>2026-05-22T19:35:57.000Z</time>
      </trkpt>
      <trkpt lat="40.7821" lon="-73.972419">
        <ele>29</ele>
        <time>2026-05-22T19:35:58.000Z</time>
      </trkpt>
      <trkpt lat="40.782099" lon="-73.972408">
        <ele>29.2</ele>
        <time>2026-05-22T19:35:59.000Z</time>
      </trkpt>
      <trkpt lat="40.782098" lon="-73.972398">
        <ele>29.2</ele>
        <time>2026-05-22T19:36:00.000Z</time>
      </trkpt>
      <trkpt lat="40.782098" lon="-73.972388">
        <ele>29.2</ele>
        <time>2026-05-22T19:36:01.000Z</time>
      </trkpt>
      <trkpt lat="40.782098" lon="-73.972377">
        <ele>29.2</ele>
        <time>2026-05-22T19:36:02.000Z</time>
      </trkpt>
      <trkpt lat="40.782099" lon="-73.972366">
        <ele>29.2</ele>
        <time>2026-05-22T19:36:03.000Z</time>
      </trkpt>
      <trkpt lat="40.782101" lon="-73.972358">
        <ele>29.2</ele>
        <time>2026-05-22T19:36:04.000Z</time>
      </trkpt>
      <trkpt lat="40.782103" lon="-73.972351">
        <ele>29.2</ele>
        <time>2026-05-22T19:36:05.000Z</time>
      </trkpt>
      <trkpt lat="40.782107" lon="-73.972345">
        <ele>29.4</ele>
        <time>2026-05-22T19:36:06.000Z</time>
      </trkpt>
      <trkpt lat="40.782111" lon="-73.972339">
        <ele>29.4</ele>
        <time>2026-05-22T19:36:07.000Z</time>
      </trkpt>
      <trkpt lat="40.782116" lon="-73.972335">
        <ele>29.4</ele>
        <time>2026-05-22T19:36:08.000Z</time>
      </trkpt>
      <trkpt lat="40.782122" lon="-73.972332">
        <ele>29.4</ele>
        <time>2026-05-22T19:36:09.000Z</time>
      </trkpt>
      <trkpt lat="40.782128" lon="-73.97233">
        <ele>29.4</ele>
        <time>2026-05-22T19:36:10.000Z</time>
      </trkpt>
      <trkpt lat="40.782136" lon="-73.972329">
        <ele>29.6</ele>
        <time>2026-05-22T19:36:11.000Z</time>
      </trkpt>
      <trkpt lat="40.782144" lon="-73.972329">
        <ele>29.6</ele>
        <time>2026-05-22T19:36:12.000Z</time>
      </trkpt>
      <trkpt lat="40.782152" lon="-73.97233">
        <ele>29.6</ele>
        <time>2026-05-22T19:36:13.000Z</time>
      </trkpt>
      <trkpt lat="40.782161" lon="-73.972333">
        <ele>29.8</ele>
        <time>2026-05-22T19:36:14.000Z</time>
      </trkpt>
      <trkpt lat="40.78217" lon="-73.972337">
        <ele>29.8</ele>
        <time>2026-05-22T19:36:15.000Z</time>
      </trkpt>
      <trkpt lat="40.782179" lon="-73.972343">
        <ele>29.8</ele>
        <time>2026-05-22T19:36:16.000Z</time>
      </trkpt>
      <trkpt lat="40.782187" lon="-73.97235">
        <ele>29.8</ele>
        <time>2026-05-22T19:36:17.000Z</time>
      </trkpt>
      <trkpt lat="40.782194" lon="-73.972358">
        <ele>30</ele>
        <time>2026-05-22T19:36:18.000Z</time>
      </trkpt>
      <trkpt lat="40.7822" lon="-73.972366">
        <ele>30</ele>
        <time>2026-05-22T19:36:19.000Z</time>
      </trkpt>
      <trkpt lat="40.782205" lon="-73.972375">
        <ele>30</ele>
        <time>2026-05-22T19:36:20.000Z</time>
      </trkpt>
      <trkpt lat="40.782209" lon="-73.972384">
        <ele>30.2</ele>
        <time>2026-05-22T19:36:21.000Z</time>
      </trkpt>
      <trkpt lat="40.782214" lon="-73.972393">
        <ele>30.2</ele>
        <time>2026-05-22T19:36:22.000Z</time>
      </trkpt>
      <trkpt lat="40.782218" lon="-73.972402">
        <ele>30.2</ele>
        <time>2026-05-22T19:36:23.000Z</time>
      </trkpt>
      <trkpt lat="40.782221" lon="-73.97241">
        <ele>30.2</ele>
        <time>2026-05-22T19:36:24.000Z</time>
      </trkpt>
      <trkpt lat="40.782225" lon="-73.97242">
        <ele>30.2</ele>
        <time>2026-05-22T19:36:25.000Z</time>
      </trkpt>
      <trkpt lat="40.78223" lon="-73.97243">
        <ele>30.4</ele>
        <time>2026-05-22T19:36:26.000Z</time>
      </trkpt>
      <trkpt lat="40.782235" lon="-73.97244">
        <ele>30.4</ele>
        <time>2026-05-22T19:36:27.000Z</time>
      </trkpt>
      <trkpt lat="40.782239" lon="-73.972451">
        <ele>30.4</ele>
        <time>2026-05-22T19:36:28.000Z</time>
      </trkpt>
      <trkpt lat="40.782244" lon="-73.972461">
        <ele>30.2</ele>
        <time>2026-05-22T19:36:29.000Z</time>
      </trkpt>
      <trkpt lat="40.782248" lon="-73.972472">
        <ele>30.2</ele>
        <time>2026-05-22T19:36:30.000Z</time>
      </trkpt>
      <trkpt lat="40.782253" lon="-73.972483">
        <ele>30.2</ele>
        <time>2026-05-22T19:36:31.000Z</time>
      </trkpt>
      <trkpt lat="40.782258" lon="-73.972494">
        <ele>30.2</ele>
        <time>2026-05-22T19:36:32.000Z</time>
      </trkpt>
      <trkpt lat="40.782264" lon="-73.972505">
        <ele>30.2</ele>
        <time>2026-05-22T19:36:33.000Z</time>
      </trkpt>
      <trkpt lat="40.78227" lon="-73.972516">
        <ele>30.2</ele>
        <time>2026-05-22T19:36:34.000Z</time>
      </trkpt>
      <trkpt lat="40.782275" lon="-73.972526">
        <ele>30</ele>
        <time>2026-05-22T19:36:35.000Z</time>
      </trkpt>
      <trkpt lat="40.782279" lon="-73.972537">
        <ele>30</ele>
        <time>2026-05-22T19:36:36.000Z</time>
      </trkpt>
      <trkpt lat="40.782282" lon="-73.972549">
        <ele>30</ele>
        <time>2026-05-22T19:36:37.000Z</time>
      </trkpt>
      <trkpt lat="40.782286" lon="-73.972562">
        <ele>30</ele>
        <time>2026-05-22T19:36:38.000Z</time>
      </trkpt>
      <trkpt lat="40.782291" lon="-73.972576">
        <ele>30</ele>
        <time>2026-05-22T19:36:39.000Z</time>
      </trkpt>
      <trkpt lat="40.782301" lon="-73.972596">
        <ele>29.8</ele>
        <time>2026-05-22T19:36:40.000Z</time>
      </trkpt>
      <trkpt lat="40.782304" lon="-73.972603">
        <ele>29.8</ele>
        <time>2026-05-22T19:36:41.000Z</time>
      </trkpt>
      <trkpt lat="40.782311" lon="-73.972617">
        <ele>29.8</ele>
        <time>2026-05-22T19:36:42.000Z</time>
      </trkpt>
      <trkpt lat="40.782318" lon="-73.97263">
        <ele>29.8</ele>
        <time>2026-05-22T19:36:43.000Z</time>
      </trkpt>
      <trkpt lat="40.782325" lon="-73.972644">
        <ele>29.8</ele>
        <time>2026-05-22T19:36:44.000Z</time>
      </trkpt>
      <trkpt lat="40.782332" lon="-73.972658">
        <ele>29.8</ele>
        <time>2026-05-22T19:36:45.000Z</time>
      </trkpt>
      <trkpt lat="40.782338" lon="-73.972672">
        <ele>29.8</ele>
        <time>2026-05-22T19:36:46.000Z</time>
      </trkpt>
      <trkpt lat="40.782343" lon="-73.972686">
        <ele>29.8</ele>
        <time>2026-05-22T19:36:47.000Z</time>
      </trkpt>
      <trkpt lat="40.782349" lon="-73.9727">
        <ele>29.8</ele>
        <time>2026-05-22T19:36:48.000Z</time>
      </trkpt>
      <trkpt lat="40.782356" lon="-73.972714">
        <ele>29.8</ele>
        <time>2026-05-22T19:36:49.000Z</time>
      </trkpt>
      <trkpt lat="40.782363" lon="-73.972728">
        <ele>29.8</ele>
        <time>2026-05-22T19:36:50.000Z</time>
      </trkpt>
      <trkpt lat="40.782369" lon="-73.97274">
        <ele>29.8</ele>
        <time>2026-05-22T19:36:51.000Z</time>
      </trkpt>
      <trkpt lat="40.782375" lon="-73.972752">
        <ele>29.8</ele>
        <time>2026-05-22T19:36:52.000Z</time>
      </trkpt>
      <trkpt lat="40.78238" lon="-73.972765">
        <ele>29.8</ele>
        <time>2026-05-22T19:36:53.000Z</time>
      </trkpt>
      <trkpt lat="40.782383" lon="-73.972778">
        <ele>29.8</ele>
        <time>2026-05-22T19:36:54.000Z</time>
      </trkpt>
      <trkpt lat="40.78239" lon="-73.972802">
        <ele>29.6</ele>
        <time>2026-05-22T19:36:55.000Z</time>
      </trkpt>
      <trkpt lat="40.782393" lon="-73.972811">
        <ele>29.6</ele>
        <time>2026-05-22T19:36:56.000Z</time>
      </trkpt>
      <trkpt lat="40.782396" lon="-73.972821">
        <ele>29.6</ele>
        <time>2026-05-22T19:36:57.000Z</time>
      </trkpt>
      <trkpt lat="40.782401" lon="-73.972835">
        <ele>29.6</ele>
        <time>2026-05-22T19:36:58.000Z</time>
      </trkpt>
      <trkpt lat="40.782407" lon="-73.972848">
        <ele>29.6</ele>
        <time>2026-05-22T19:36:59.000Z</time>
      </trkpt>
      <trkpt lat="40.782412" lon="-73.972862">
        <ele>29.6</ele>
        <time>2026-05-22T19:37:00.000Z</time>
      </trkpt>
      <trkpt lat="40.782416" lon="-73.972873">
        <ele>29.6</ele>
        <time>2026-05-22T19:37:01.000Z</time>
      </trkpt>
      <trkpt lat="40.782422" lon="-73.972887">
        <ele>29.6</ele>
        <time>2026-05-22T19:37:02.000Z</time>
      </trkpt>
      <trkpt lat="40.782428" lon="-73.972901">
        <ele>29.6</ele>
        <time>2026-05-22T19:37:03.000Z</time>
      </trkpt>
      <trkpt lat="40.782434" lon="-73.972916">
        <ele>29.6</ele>
        <time>2026-05-22T19:37:04.000Z</time>
      </trkpt>
      <trkpt lat="40.782438" lon="-73.972929">
        <ele>29.6</ele>
        <time>2026-05-22T19:37:05.000Z</time>
      </trkpt>
      <trkpt lat="40.782442" lon="-73.972942">
        <ele>29.6</ele>
        <time>2026-05-22T19:37:06.000Z</time>
      </trkpt>
      <trkpt lat="40.782447" lon="-73.972955">
        <ele>29.4</ele>
        <time>2026-05-22T19:37:07.000Z</time>
      </trkpt>
      <trkpt lat="40.782452" lon="-73.972967">
        <ele>29.4</ele>
        <time>2026-05-22T19:37:08.000Z</time>
      </trkpt>
      <trkpt lat="40.782457" lon="-73.972979">
        <ele>29.4</ele>
        <time>2026-05-22T19:37:09.000Z</time>
      </trkpt>
      <trkpt lat="40.782463" lon="-73.972992">
        <ele>29.4</ele>
        <time>2026-05-22T19:37:10.000Z</time>
      </trkpt>
      <trkpt lat="40.782468" lon="-73.973001">
        <ele>29.4</ele>
        <time>2026-05-22T19:37:11.000Z</time>
      </trkpt>
      <trkpt lat="40.782474" lon="-73.973013">
        <ele>29.4</ele>
        <time>2026-05-22T19:37:12.000Z</time>
      </trkpt>
      <trkpt lat="40.78248" lon="-73.973025">
        <ele>29.4</ele>
        <time>2026-05-22T19:37:13.000Z</time>
      </trkpt>
      <trkpt lat="40.782485" lon="-73.973039">
        <ele>29.2</ele>
        <time>2026-05-22T19:37:14.000Z</time>
      </trkpt>
      <trkpt lat="40.78249" lon="-73.973053">
        <ele>29.2</ele>
        <time>2026-05-22T19:37:15.000Z</time>
      </trkpt>
      <trkpt lat="40.782494" lon="-73.973067">
        <ele>29.2</ele>
        <time>2026-05-22T19:37:16.000Z</time>
      </trkpt>
      <trkpt lat="40.782498" lon="-73.973082">
        <ele>29.2</ele>
        <time>2026-05-22T19:37:17.000Z</time>
      </trkpt>
      <trkpt lat="40.782502" lon="-73.973096">
        <ele>29.2</ele>
        <time>2026-05-22T19:37:18.000Z</time>
      </trkpt>
      <trkpt lat="40.782506" lon="-73.97311">
        <ele>29.2</ele>
        <time>2026-05-22T19:37:19.000Z</time>
      </trkpt>
      <trkpt lat="40.782511" lon="-73.973124">
        <ele>29.2</ele>
        <time>2026-05-22T19:37:20.000Z</time>
      </trkpt>
      <trkpt lat="40.782516" lon="-73.973136">
        <ele>29.2</ele>
        <time>2026-05-22T19:37:21.000Z</time>
      </trkpt>
      <trkpt lat="40.782521" lon="-73.973148">
        <ele>29.2</ele>
        <time>2026-05-22T19:37:22.000Z</time>
      </trkpt>
      <trkpt lat="40.782526" lon="-73.97316">
        <ele>29.2</ele>
        <time>2026-05-22T19:37:23.000Z</time>
      </trkpt>
      <trkpt lat="40.782531" lon="-73.973172">
        <ele>29.2</ele>
        <time>2026-05-22T19:37:24.000Z</time>
      </trkpt>
      <trkpt lat="40.782536" lon="-73.973183">
        <ele>29.2</ele>
        <time>2026-05-22T19:37:25.000Z</time>
      </trkpt>
      <trkpt lat="40.782541" lon="-73.973195">
        <ele>29.2</ele>
        <time>2026-05-22T19:37:26.000Z</time>
      </trkpt>
      <trkpt lat="40.782546" lon="-73.973207">
        <ele>29.2</ele>
        <time>2026-05-22T19:37:27.000Z</time>
      </trkpt>
      <trkpt lat="40.782549" lon="-73.973221">
        <ele>29.2</ele>
        <time>2026-05-22T19:37:28.000Z</time>
      </trkpt>
      <trkpt lat="40.78255" lon="-73.973233">
        <ele>29</ele>
        <time>2026-05-22T19:37:29.000Z</time>
      </trkpt>
      <trkpt lat="40.78255" lon="-73.973245">
        <ele>29</ele>
        <time>2026-05-22T19:37:30.000Z</time>
      </trkpt>
      <trkpt lat="40.782543" lon="-73.973255">
        <ele>29</ele>
        <time>2026-05-22T19:37:31.000Z</time>
      </trkpt>
      <trkpt lat="40.782538" lon="-73.973257">
        <ele>29</ele>
        <time>2026-05-22T19:37:32.000Z</time>
      </trkpt>
      <trkpt lat="40.782532" lon="-73.973259">
        <ele>29</ele>
        <time>2026-05-22T19:37:33.000Z</time>
      </trkpt>
      <trkpt lat="40.782527" lon="-73.973261">
        <ele>29.2</ele>
        <time>2026-05-22T19:37:34.000Z</time>
      </trkpt>
      <trkpt lat="40.782522" lon="-73.973262">
        <ele>29.2</ele>
        <time>2026-05-22T19:37:35.000Z</time>
      </trkpt>
      <trkpt lat="40.782517" lon="-73.973264">
        <ele>29.2</ele>
        <time>2026-05-22T19:37:36.000Z</time>
      </trkpt>
      <trkpt lat="40.782511" lon="-73.973266">
        <ele>29.2</ele>
        <time>2026-05-22T19:37:37.000Z</time>
      </trkpt>
      <trkpt lat="40.782506" lon="-73.973268">
        <ele>29.2</ele>
        <time>2026-05-22T19:37:38.000Z</time>
      </trkpt>
      <trkpt lat="40.782502" lon="-73.973267">
        <ele>29.2</ele>
        <time>2026-05-22T19:37:39.000Z</time>
      </trkpt>
      <trkpt lat="40.782499" lon="-73.973266">
        <ele>29.2</ele>
        <time>2026-05-22T19:37:40.000Z</time>
      </trkpt>
      <trkpt lat="40.782499" lon="-73.973265">
        <ele>29.2</ele>
        <time>2026-05-22T19:37:41.000Z</time>
      </trkpt>
      <trkpt lat="40.782502" lon="-73.973265">
        <ele>29.2</ele>
        <time>2026-05-22T19:37:42.000Z</time>
      </trkpt>
      <trkpt lat="40.782506" lon="-73.973266">
        <ele>29.2</ele>
        <time>2026-05-22T19:37:43.000Z</time>
      </trkpt>
      <trkpt lat="40.782512" lon="-73.973266">
        <ele>29.2</ele>
        <time>2026-05-22T19:37:44.000Z</time>
      </trkpt>
      <trkpt lat="40.782519" lon="-73.973268">
        <ele>29.2</ele>
        <time>2026-05-22T19:37:45.000Z</time>
      </trkpt>
      <trkpt lat="40.782526" lon="-73.97327">
        <ele>29.2</ele>
        <time>2026-05-22T19:37:46.000Z</time>
      </trkpt>
      <trkpt lat="40.782535" lon="-73.973273">
        <ele>29</ele>
        <time>2026-05-22T19:37:47.000Z</time>
      </trkpt>
      <trkpt lat="40.782544" lon="-73.973277">
        <ele>29</ele>
        <time>2026-05-22T19:37:48.000Z</time>
      </trkpt>
      <trkpt lat="40.782561" lon="-73.973287">
        <ele>29</ele>
        <time>2026-05-22T19:37:49.000Z</time>
      </trkpt>
      <trkpt lat="40.782567" lon="-73.973293">
        <ele>29</ele>
        <time>2026-05-22T19:37:50.000Z</time>
      </trkpt>
      <trkpt lat="40.782574" lon="-73.973298">
        <ele>29</ele>
        <time>2026-05-22T19:37:51.000Z</time>
      </trkpt>
      <trkpt lat="40.782584" lon="-73.973308">
        <ele>29</ele>
        <time>2026-05-22T19:37:52.000Z</time>
      </trkpt>
      <trkpt lat="40.782593" lon="-73.97332">
        <ele>29</ele>
        <time>2026-05-22T19:37:53.000Z</time>
      </trkpt>
      <trkpt lat="40.782601" lon="-73.973334">
        <ele>29</ele>
        <time>2026-05-22T19:37:54.000Z</time>
      </trkpt>
      <trkpt lat="40.782608" lon="-73.973347">
        <ele>28.8</ele>
        <time>2026-05-22T19:37:55.000Z</time>
      </trkpt>
      <trkpt lat="40.782615" lon="-73.97336">
        <ele>28.8</ele>
        <time>2026-05-22T19:37:56.000Z</time>
      </trkpt>
      <trkpt lat="40.782623" lon="-73.973371">
        <ele>28.8</ele>
        <time>2026-05-22T19:37:57.000Z</time>
      </trkpt>
      <trkpt lat="40.78263" lon="-73.973382">
        <ele>28.8</ele>
        <time>2026-05-22T19:37:58.000Z</time>
      </trkpt>
      <trkpt lat="40.782637" lon="-73.973393">
        <ele>28.8</ele>
        <time>2026-05-22T19:37:59.000Z</time>
      </trkpt>
      <trkpt lat="40.782644" lon="-73.973404">
        <ele>28.8</ele>
        <time>2026-05-22T19:38:00.000Z</time>
      </trkpt>
      <trkpt lat="40.782651" lon="-73.973415">
        <ele>28.8</ele>
        <time>2026-05-22T19:38:01.000Z</time>
      </trkpt>
      <trkpt lat="40.782657" lon="-73.973426">
        <ele>28.8</ele>
        <time>2026-05-22T19:38:02.000Z</time>
      </trkpt>
      <trkpt lat="40.782664" lon="-73.973438">
        <ele>28.8</ele>
        <time>2026-05-22T19:38:03.000Z</time>
      </trkpt>
      <trkpt lat="40.78267" lon="-73.973449">
        <ele>28.8</ele>
        <time>2026-05-22T19:38:04.000Z</time>
      </trkpt>
      <trkpt lat="40.782677" lon="-73.973461">
        <ele>28.6</ele>
        <time>2026-05-22T19:38:05.000Z</time>
      </trkpt>
      <trkpt lat="40.782683" lon="-73.973474">
        <ele>28.6</ele>
        <time>2026-05-22T19:38:06.000Z</time>
      </trkpt>
      <trkpt lat="40.782689" lon="-73.973489">
        <ele>28.6</ele>
        <time>2026-05-22T19:38:07.000Z</time>
      </trkpt>
      <trkpt lat="40.782694" lon="-73.973504">
        <ele>28.6</ele>
        <time>2026-05-22T19:38:08.000Z</time>
      </trkpt>
      <trkpt lat="40.7827" lon="-73.973519">
        <ele>28.6</ele>
        <time>2026-05-22T19:38:09.000Z</time>
      </trkpt>
      <trkpt lat="40.782708" lon="-73.973537">
        <ele>28.6</ele>
        <time>2026-05-22T19:38:10.000Z</time>
      </trkpt>
      <trkpt lat="40.782714" lon="-73.973551">
        <ele>28.4</ele>
        <time>2026-05-22T19:38:11.000Z</time>
      </trkpt>
      <trkpt lat="40.78272" lon="-73.973565">
        <ele>28.4</ele>
        <time>2026-05-22T19:38:12.000Z</time>
      </trkpt>
      <trkpt lat="40.782726" lon="-73.97358">
        <ele>28.4</ele>
        <time>2026-05-22T19:38:13.000Z</time>
      </trkpt>
      <trkpt lat="40.782731" lon="-73.973594">
        <ele>28.4</ele>
        <time>2026-05-22T19:38:14.000Z</time>
      </trkpt>
      <trkpt lat="40.782736" lon="-73.97361">
        <ele>28.4</ele>
        <time>2026-05-22T19:38:15.000Z</time>
      </trkpt>
      <trkpt lat="40.782742" lon="-73.973624">
        <ele>28.4</ele>
        <time>2026-05-22T19:38:16.000Z</time>
      </trkpt>
      <trkpt lat="40.782755" lon="-73.973642">
        <ele>28.4</ele>
        <time>2026-05-22T19:38:17.000Z</time>
      </trkpt>
      <trkpt lat="40.78276" lon="-73.973648">
        <ele>28.4</ele>
        <time>2026-05-22T19:38:18.000Z</time>
      </trkpt>
      <trkpt lat="40.782765" lon="-73.973654">
        <ele>28.4</ele>
        <time>2026-05-22T19:38:19.000Z</time>
      </trkpt>
      <trkpt lat="40.782772" lon="-73.973665">
        <ele>28.4</ele>
        <time>2026-05-22T19:38:20.000Z</time>
      </trkpt>
      <trkpt lat="40.782779" lon="-73.973682">
        <ele>28.4</ele>
        <time>2026-05-22T19:38:21.000Z</time>
      </trkpt>
      <trkpt lat="40.782784" lon="-73.973696">
        <ele>28.2</ele>
        <time>2026-05-22T19:38:22.000Z</time>
      </trkpt>
      <trkpt lat="40.782789" lon="-73.97371">
        <ele>28.2</ele>
        <time>2026-05-22T19:38:23.000Z</time>
      </trkpt>
      <trkpt lat="40.782793" lon="-73.973724">
        <ele>28.2</ele>
        <time>2026-05-22T19:38:24.000Z</time>
      </trkpt>
      <trkpt lat="40.782796" lon="-73.973738">
        <ele>28.2</ele>
        <time>2026-05-22T19:38:25.000Z</time>
      </trkpt>
      <trkpt lat="40.782801" lon="-73.973752">
        <ele>28.2</ele>
        <time>2026-05-22T19:38:26.000Z</time>
      </trkpt>
      <trkpt lat="40.782806" lon="-73.973765">
        <ele>28.2</ele>
        <time>2026-05-22T19:38:27.000Z</time>
      </trkpt>
      <trkpt lat="40.782811" lon="-73.973778">
        <ele>28.2</ele>
        <time>2026-05-22T19:38:28.000Z</time>
      </trkpt>
      <trkpt lat="40.782815" lon="-73.973791">
        <ele>28.2</ele>
        <time>2026-05-22T19:38:29.000Z</time>
      </trkpt>
      <trkpt lat="40.782819" lon="-73.973804">
        <ele>28.2</ele>
        <time>2026-05-22T19:38:30.000Z</time>
      </trkpt>
      <trkpt lat="40.782822" lon="-73.973817">
        <ele>28.2</ele>
        <time>2026-05-22T19:38:31.000Z</time>
      </trkpt>
      <trkpt lat="40.782826" lon="-73.973828">
        <ele>28.2</ele>
        <time>2026-05-22T19:38:32.000Z</time>
      </trkpt>
      <trkpt lat="40.78283" lon="-73.973839">
        <ele>28.2</ele>
        <time>2026-05-22T19:38:33.000Z</time>
      </trkpt>
      <trkpt lat="40.782835" lon="-73.973849">
        <ele>28.2</ele>
        <time>2026-05-22T19:38:34.000Z</time>
      </trkpt>
      <trkpt lat="40.78284" lon="-73.973858">
        <ele>28.2</ele>
        <time>2026-05-22T19:38:35.000Z</time>
      </trkpt>
      <trkpt lat="40.782845" lon="-73.973868">
        <ele>28.2</ele>
        <time>2026-05-22T19:38:36.000Z</time>
      </trkpt>
      <trkpt lat="40.78285" lon="-73.973877">
        <ele>28.2</ele>
        <time>2026-05-22T19:38:37.000Z</time>
      </trkpt>
      <trkpt lat="40.78286" lon="-73.973894">
        <ele>28.2</ele>
        <time>2026-05-22T19:38:38.000Z</time>
      </trkpt>
      <trkpt lat="40.782863" lon="-73.9739">
        <ele>28.2</ele>
        <time>2026-05-22T19:38:39.000Z</time>
      </trkpt>
      <trkpt lat="40.782867" lon="-73.973907">
        <ele>28.2</ele>
        <time>2026-05-22T19:38:40.000Z</time>
      </trkpt>
      <trkpt lat="40.78287" lon="-73.973929">
        <ele>28.2</ele>
        <time>2026-05-22T19:38:41.000Z</time>
      </trkpt>
      <trkpt lat="40.782869" lon="-73.97394">
        <ele>28.2</ele>
        <time>2026-05-22T19:38:42.000Z</time>
      </trkpt>
      <trkpt lat="40.782869" lon="-73.973952">
        <ele>28.2</ele>
        <time>2026-05-22T19:38:43.000Z</time>
      </trkpt>
      <trkpt lat="40.782868" lon="-73.973963">
        <ele>28.2</ele>
        <time>2026-05-22T19:38:44.000Z</time>
      </trkpt>
      <trkpt lat="40.782868" lon="-73.973974">
        <ele>28.2</ele>
        <time>2026-05-22T19:38:45.000Z</time>
      </trkpt>
      <trkpt lat="40.782872" lon="-73.973988">
        <ele>28.2</ele>
        <time>2026-05-22T19:38:46.000Z</time>
      </trkpt>
      <trkpt lat="40.782878" lon="-73.974002">
        <ele>28.2</ele>
        <time>2026-05-22T19:38:47.000Z</time>
      </trkpt>
      <trkpt lat="40.782885" lon="-73.974014">
        <ele>28.2</ele>
        <time>2026-05-22T19:38:48.000Z</time>
      </trkpt>
      <trkpt lat="40.782892" lon="-73.974027">
        <ele>28.2</ele>
        <time>2026-05-22T19:38:49.000Z</time>
      </trkpt>
      <trkpt lat="40.7829" lon="-73.974038">
        <ele>28.2</ele>
        <time>2026-05-22T19:38:50.000Z</time>
      </trkpt>
      <trkpt lat="40.782908" lon="-73.974047">
        <ele>28.2</ele>
        <time>2026-05-22T19:38:51.000Z</time>
      </trkpt>
      <trkpt lat="40.782915" lon="-73.974056">
        <ele>28.2</ele>
        <time>2026-05-22T19:38:52.000Z</time>
      </trkpt>
      <trkpt lat="40.782922" lon="-73.974067">
        <ele>28.4</ele>
        <time>2026-05-22T19:38:53.000Z</time>
      </trkpt>
      <trkpt lat="40.782929" lon="-73.974078">
        <ele>28.4</ele>
        <time>2026-05-22T19:38:54.000Z</time>
      </trkpt>
      <trkpt lat="40.782935" lon="-73.97409">
        <ele>28.4</ele>
        <time>2026-05-22T19:38:55.000Z</time>
      </trkpt>
      <trkpt lat="40.782943" lon="-73.974115">
        <ele>28.2</ele>
        <time>2026-05-22T19:38:56.000Z</time>
      </trkpt>
      <trkpt lat="40.782945" lon="-73.974125">
        <ele>28.2</ele>
        <time>2026-05-22T19:38:57.000Z</time>
      </trkpt>
      <trkpt lat="40.782948" lon="-73.974136">
        <ele>28.2</ele>
        <time>2026-05-22T19:38:58.000Z</time>
      </trkpt>
      <trkpt lat="40.782951" lon="-73.974153">
        <ele>28.2</ele>
        <time>2026-05-22T19:38:59.000Z</time>
      </trkpt>
      <trkpt lat="40.782954" lon="-73.974169">
        <ele>28.2</ele>
        <time>2026-05-22T19:39:00.000Z</time>
      </trkpt>
      <trkpt lat="40.782957" lon="-73.974185">
        <ele>28.2</ele>
        <time>2026-05-22T19:39:01.000Z</time>
      </trkpt>
      <trkpt lat="40.782961" lon="-73.974201">
        <ele>28.2</ele>
        <time>2026-05-22T19:39:02.000Z</time>
      </trkpt>
      <trkpt lat="40.782966" lon="-73.974215">
        <ele>28</ele>
        <time>2026-05-22T19:39:03.000Z</time>
      </trkpt>
      <trkpt lat="40.782972" lon="-73.97423">
        <ele>28</ele>
        <time>2026-05-22T19:39:04.000Z</time>
      </trkpt>
      <trkpt lat="40.782978" lon="-73.974245">
        <ele>28</ele>
        <time>2026-05-22T19:39:05.000Z</time>
      </trkpt>
      <trkpt lat="40.782985" lon="-73.97426">
        <ele>28</ele>
        <time>2026-05-22T19:39:06.000Z</time>
      </trkpt>
      <trkpt lat="40.782991" lon="-73.974275">
        <ele>28</ele>
        <time>2026-05-22T19:39:07.000Z</time>
      </trkpt>
      <trkpt lat="40.782996" lon="-73.974289">
        <ele>28</ele>
        <time>2026-05-22T19:39:08.000Z</time>
      </trkpt>
      <trkpt lat="40.783002" lon="-73.974303">
        <ele>28</ele>
        <time>2026-05-22T19:39:09.000Z</time>
      </trkpt>
      <trkpt lat="40.783008" lon="-73.974317">
        <ele>28</ele>
        <time>2026-05-22T19:39:10.000Z</time>
      </trkpt>
      <trkpt lat="40.783014" lon="-73.974331">
        <ele>28</ele>
        <time>2026-05-22T19:39:11.000Z</time>
      </trkpt>
      <trkpt lat="40.78302" lon="-73.974345">
        <ele>28</ele>
        <time>2026-05-22T19:39:12.000Z</time>
      </trkpt>
      <trkpt lat="40.783027" lon="-73.974359">
        <ele>28</ele>
        <time>2026-05-22T19:39:13.000Z</time>
      </trkpt>
      <trkpt lat="40.783034" lon="-73.974371">
        <ele>28</ele>
        <time>2026-05-22T19:39:14.000Z</time>
      </trkpt>
      <trkpt lat="40.783042" lon="-73.974382">
        <ele>28</ele>
        <time>2026-05-22T19:39:15.000Z</time>
      </trkpt>
      <trkpt lat="40.783042" lon="-73.974382">
        <ele>28</ele>
        <time>2026-05-22T19:39:16.000Z</time>
      </trkpt>
      <trkpt lat="40.783053" lon="-73.974393">
        <ele>28</ele>
        <time>2026-05-22T19:39:17.000Z</time>
      </trkpt>
      <trkpt lat="40.783061" lon="-73.974399">
        <ele>28</ele>
        <time>2026-05-22T19:39:18.000Z</time>
      </trkpt>
      <trkpt lat="40.783069" lon="-73.974407">
        <ele>28</ele>
        <time>2026-05-22T19:39:19.000Z</time>
      </trkpt>
      <trkpt lat="40.783076" lon="-73.974414">
        <ele>28</ele>
        <time>2026-05-22T19:39:20.000Z</time>
      </trkpt>
      <trkpt lat="40.783082" lon="-73.974421">
        <ele>28</ele>
        <time>2026-05-22T19:39:21.000Z</time>
      </trkpt>
      <trkpt lat="40.783094" lon="-73.974435">
        <ele>28</ele>
        <time>2026-05-22T19:39:22.000Z</time>
      </trkpt>
      <trkpt lat="40.7831" lon="-73.974441">
        <ele>28</ele>
        <time>2026-05-22T19:39:23.000Z</time>
      </trkpt>
      <trkpt lat="40.783105" lon="-73.974448">
        <ele>28</ele>
        <time>2026-05-22T19:39:24.000Z</time>
      </trkpt>
      <trkpt lat="40.783111" lon="-73.974454">
        <ele>28</ele>
        <time>2026-05-22T19:39:25.000Z</time>
      </trkpt>
      <trkpt lat="40.783117" lon="-73.97446">
        <ele>28</ele>
        <time>2026-05-22T19:39:26.000Z</time>
      </trkpt>
      <trkpt lat="40.783128" lon="-73.974453">
        <ele>28</ele>
        <time>2026-05-22T19:39:27.000Z</time>
      </trkpt>
      <trkpt lat="40.783131" lon="-73.974449">
        <ele>28</ele>
        <time>2026-05-22T19:39:28.000Z</time>
      </trkpt>
      <trkpt lat="40.78314" lon="-73.97444">
        <ele>28</ele>
        <time>2026-05-22T19:39:29.000Z</time>
      </trkpt>
      <trkpt lat="40.78315" lon="-73.97443">
        <ele>28</ele>
        <time>2026-05-22T19:39:30.000Z</time>
      </trkpt>
      <trkpt lat="40.78316" lon="-73.974422">
        <ele>28</ele>
        <time>2026-05-22T19:39:31.000Z</time>
      </trkpt>
      <trkpt lat="40.78317" lon="-73.974415">
        <ele>28</ele>
        <time>2026-05-22T19:39:32.000Z</time>
      </trkpt>
      <trkpt lat="40.783179" lon="-73.974409">
        <ele>28</ele>
        <time>2026-05-22T19:39:33.000Z</time>
      </trkpt>
      <trkpt lat="40.783187" lon="-73.974405">
        <ele>28</ele>
        <time>2026-05-22T19:39:34.000Z</time>
      </trkpt>
      <trkpt lat="40.783193" lon="-73.974404">
        <ele>28</ele>
        <time>2026-05-22T19:39:35.000Z</time>
      </trkpt>
      <trkpt lat="40.7832" lon="-73.974404">
        <ele>28</ele>
        <time>2026-05-22T19:39:36.000Z</time>
      </trkpt>
      <trkpt lat="40.783209" lon="-73.974406">
        <ele>28</ele>
        <time>2026-05-22T19:39:37.000Z</time>
      </trkpt>
      <trkpt lat="40.783219" lon="-73.97441">
        <ele>28</ele>
        <time>2026-05-22T19:39:38.000Z</time>
      </trkpt>
      <trkpt lat="40.783229" lon="-73.974415">
        <ele>28</ele>
        <time>2026-05-22T19:39:39.000Z</time>
      </trkpt>
      <trkpt lat="40.783238" lon="-73.97442">
        <ele>28</ele>
        <time>2026-05-22T19:39:40.000Z</time>
      </trkpt>
      <trkpt lat="40.783244" lon="-73.974425">
        <ele>28</ele>
        <time>2026-05-22T19:39:41.000Z</time>
      </trkpt>
      <trkpt lat="40.783251" lon="-73.974434">
        <ele>28</ele>
        <time>2026-05-22T19:39:42.000Z</time>
      </trkpt>
      <trkpt lat="40.783255" lon="-73.974438">
        <ele>28</ele>
        <time>2026-05-22T19:39:43.000Z</time>
      </trkpt>
      <trkpt lat="40.783258" lon="-73.974443">
        <ele>28</ele>
        <time>2026-05-22T19:39:44.000Z</time>
      </trkpt>
      <trkpt lat="40.783262" lon="-73.974447">
        <ele>28</ele>
        <time>2026-05-22T19:39:45.000Z</time>
      </trkpt>
      <trkpt lat="40.783265" lon="-73.974451">
        <ele>28</ele>
        <time>2026-05-22T19:39:47.000Z</time>
      </trkpt>
      <trkpt lat="40.783269" lon="-73.974455">
        <ele>28</ele>
        <time>2026-05-22T19:39:48.000Z</time>
      </trkpt>
      <trkpt lat="40.783272" lon="-73.97446">
        <ele>28</ele>
        <time>2026-05-22T19:39:49.000Z</time>
      </trkpt>
      <trkpt lat="40.783276" lon="-73.974464">
        <ele>28</ele>
        <time>2026-05-22T19:39:50.000Z</time>
      </trkpt>
      <trkpt lat="40.783279" lon="-73.974468">
        <ele>28</ele>
        <time>2026-05-22T19:39:51.000Z</time>
      </trkpt>
      <trkpt lat="40.783283" lon="-73.974472">
        <ele>28</ele>
        <time>2026-05-22T19:39:52.000Z</time>
      </trkpt>
      <trkpt lat="40.783286" lon="-73.974477">
        <ele>28</ele>
        <time>2026-05-22T19:39:53.000Z</time>
      </trkpt>
      <trkpt lat="40.783289" lon="-73.974481">
        <ele>28</ele>
        <time>2026-05-22T19:39:54.000Z</time>
      </trkpt>
      <trkpt lat="40.783293" lon="-73.974485">
        <ele>28</ele>
        <time>2026-05-22T19:39:55.000Z</time>
      </trkpt>
      <trkpt lat="40.783296" lon="-73.974489">
        <ele>27.8</ele>
        <time>2026-05-22T19:39:56.000Z</time>
      </trkpt>
      <trkpt lat="40.7833" lon="-73.974493">
        <ele>27.8</ele>
        <time>2026-05-22T19:39:57.000Z</time>
      </trkpt>
      <trkpt lat="40.783303" lon="-73.974498">
        <ele>27.8</ele>
        <time>2026-05-22T19:39:58.000Z</time>
      </trkpt>
      <trkpt lat="40.783307" lon="-73.974502">
        <ele>27.8</ele>
        <time>2026-05-22T19:39:59.000Z</time>
      </trkpt>
      <trkpt lat="40.78331" lon="-73.974506">
        <ele>27.8</ele>
        <time>2026-05-22T19:40:00.000Z</time>
      </trkpt>
      <trkpt lat="40.783314" lon="-73.97451">
        <ele>27.8</ele>
        <time>2026-05-22T19:40:01.000Z</time>
      </trkpt>
      <trkpt lat="40.783317" lon="-73.974515">
        <ele>27.8</ele>
        <time>2026-05-22T19:40:02.000Z</time>
      </trkpt>
      <trkpt lat="40.783321" lon="-73.974519">
        <ele>27.8</ele>
        <time>2026-05-22T19:40:03.000Z</time>
      </trkpt>
      <trkpt lat="40.783324" lon="-73.974523">
        <ele>27.8</ele>
        <time>2026-05-22T19:40:04.000Z</time>
      </trkpt>
      <trkpt lat="40.783328" lon="-73.974527">
        <ele>27.8</ele>
        <time>2026-05-22T19:40:05.000Z</time>
      </trkpt>
      <trkpt lat="40.783331" lon="-73.974531">
        <ele>27.6</ele>
        <time>2026-05-22T19:40:06.000Z</time>
      </trkpt>
      <trkpt lat="40.783334" lon="-73.974536">
        <ele>27.6</ele>
        <time>2026-05-22T19:40:07.000Z</time>
      </trkpt>
      <trkpt lat="40.783338" lon="-73.97454">
        <ele>27.6</ele>
        <time>2026-05-22T19:40:08.000Z</time>
      </trkpt>
      <trkpt lat="40.783341" lon="-73.974544">
        <ele>27.6</ele>
        <time>2026-05-22T19:40:09.000Z</time>
      </trkpt>
      <trkpt lat="40.783345" lon="-73.974548">
        <ele>27.6</ele>
        <time>2026-05-22T19:40:10.000Z</time>
      </trkpt>
      <trkpt lat="40.783348" lon="-73.974553">
        <ele>27.6</ele>
        <time>2026-05-22T19:40:11.000Z</time>
      </trkpt>
      <trkpt lat="40.783352" lon="-73.974557">
        <ele>27.6</ele>
        <time>2026-05-22T19:40:12.000Z</time>
      </trkpt>
      <trkpt lat="40.783355" lon="-73.974561">
        <ele>27.6</ele>
        <time>2026-05-22T19:40:13.000Z</time>
      </trkpt>
      <trkpt lat="40.783359" lon="-73.974565">
        <ele>27.6</ele>
        <time>2026-05-22T19:40:14.000Z</time>
      </trkpt>
      <trkpt lat="40.783362" lon="-73.97457">
        <ele>27.6</ele>
        <time>2026-05-22T19:40:15.000Z</time>
      </trkpt>
      <trkpt lat="40.783366" lon="-73.974574">
        <ele>27.8</ele>
        <time>2026-05-22T19:40:16.000Z</time>
      </trkpt>
      <trkpt lat="40.783369" lon="-73.974578">
        <ele>27.8</ele>
        <time>2026-05-22T19:40:17.000Z</time>
      </trkpt>
      <trkpt lat="40.783375" lon="-73.97459">
        <ele>27.8</ele>
        <time>2026-05-22T19:40:18.000Z</time>
      </trkpt>
      <trkpt lat="40.783381" lon="-73.974603">
        <ele>27.8</ele>
        <time>2026-05-22T19:40:19.000Z</time>
      </trkpt>
      <trkpt lat="40.783387" lon="-73.974617">
        <ele>27.8</ele>
        <time>2026-05-22T19:40:20.000Z</time>
      </trkpt>
      <trkpt lat="40.783393" lon="-73.97463">
        <ele>28</ele>
        <time>2026-05-22T19:40:21.000Z</time>
      </trkpt>
      <trkpt lat="40.783399" lon="-73.974644">
        <ele>28</ele>
        <time>2026-05-22T19:40:22.000Z</time>
      </trkpt>
      <trkpt lat="40.783403" lon="-73.974656">
        <ele>28</ele>
        <time>2026-05-22T19:40:23.000Z</time>
      </trkpt>
      <trkpt lat="40.783407" lon="-73.974669">
        <ele>28.2</ele>
        <time>2026-05-22T19:40:24.000Z</time>
      </trkpt>
      <trkpt lat="40.783412" lon="-73.974681">
        <ele>28.2</ele>
        <time>2026-05-22T19:40:25.000Z</time>
      </trkpt>
      <trkpt lat="40.783417" lon="-73.974694">
        <ele>28.2</ele>
        <time>2026-05-22T19:40:26.000Z</time>
      </trkpt>
      <trkpt lat="40.783422" lon="-73.974708">
        <ele>28.2</ele>
        <time>2026-05-22T19:40:27.000Z</time>
      </trkpt>
      <trkpt lat="40.783426" lon="-73.974722">
        <ele>28.2</ele>
        <time>2026-05-22T19:40:28.000Z</time>
      </trkpt>
      <trkpt lat="40.783431" lon="-73.974735">
        <ele>28.2</ele>
        <time>2026-05-22T19:40:29.000Z</time>
      </trkpt>
      <trkpt lat="40.783437" lon="-73.974747">
        <ele>28.2</ele>
        <time>2026-05-22T19:40:30.000Z</time>
      </trkpt>
      <trkpt lat="40.783444" lon="-73.974759">
        <ele>28.2</ele>
        <time>2026-05-22T19:40:31.000Z</time>
      </trkpt>
      <trkpt lat="40.783452" lon="-73.974772">
        <ele>28.2</ele>
        <time>2026-05-22T19:40:32.000Z</time>
      </trkpt>
      <trkpt lat="40.783459" lon="-73.974786">
        <ele>28.4</ele>
        <time>2026-05-22T19:40:33.000Z</time>
      </trkpt>
      <trkpt lat="40.783466" lon="-73.974799">
        <ele>28.4</ele>
        <time>2026-05-22T19:40:34.000Z</time>
      </trkpt>
      <trkpt lat="40.783472" lon="-73.974812">
        <ele>28.4</ele>
        <time>2026-05-22T19:40:35.000Z</time>
      </trkpt>
      <trkpt lat="40.783479" lon="-73.974826">
        <ele>28.4</ele>
        <time>2026-05-22T19:40:36.000Z</time>
      </trkpt>
      <trkpt lat="40.783486" lon="-73.974839">
        <ele>28.4</ele>
        <time>2026-05-22T19:40:37.000Z</time>
      </trkpt>
      <trkpt lat="40.783493" lon="-73.97485">
        <ele>28.4</ele>
        <time>2026-05-22T19:40:38.000Z</time>
      </trkpt>
      <trkpt lat="40.7835" lon="-73.974862">
        <ele>28.4</ele>
        <time>2026-05-22T19:40:39.000Z</time>
      </trkpt>
      <trkpt lat="40.783507" lon="-73.974874">
        <ele>28.4</ele>
        <time>2026-05-22T19:40:40.000Z</time>
      </trkpt>
      <trkpt lat="40.783513" lon="-73.974888">
        <ele>28.4</ele>
        <time>2026-05-22T19:40:41.000Z</time>
      </trkpt>
      <trkpt lat="40.783519" lon="-73.974902">
        <ele>28.4</ele>
        <time>2026-05-22T19:40:42.000Z</time>
      </trkpt>
      <trkpt lat="40.783525" lon="-73.974915">
        <ele>28.4</ele>
        <time>2026-05-22T19:40:43.000Z</time>
      </trkpt>
      <trkpt lat="40.783531" lon="-73.974928">
        <ele>28.4</ele>
        <time>2026-05-22T19:40:44.000Z</time>
      </trkpt>
      <trkpt lat="40.783536" lon="-73.974941">
        <ele>28.4</ele>
        <time>2026-05-22T19:40:45.000Z</time>
      </trkpt>
      <trkpt lat="40.783542" lon="-73.974954">
        <ele>28.6</ele>
        <time>2026-05-22T19:40:46.000Z</time>
      </trkpt>
      <trkpt lat="40.783547" lon="-73.974967">
        <ele>28.6</ele>
        <time>2026-05-22T19:40:47.000Z</time>
      </trkpt>
      <trkpt lat="40.783553" lon="-73.97498">
        <ele>28.6</ele>
        <time>2026-05-22T19:40:48.000Z</time>
      </trkpt>
      <trkpt lat="40.783558" lon="-73.974993">
        <ele>28.6</ele>
        <time>2026-05-22T19:40:49.000Z</time>
      </trkpt>
      <trkpt lat="40.783563" lon="-73.975006">
        <ele>28.8</ele>
        <time>2026-05-22T19:40:50.000Z</time>
      </trkpt>
      <trkpt lat="40.783568" lon="-73.975018">
        <ele>28.8</ele>
        <time>2026-05-22T19:40:51.000Z</time>
      </trkpt>
      <trkpt lat="40.783573" lon="-73.975031">
        <ele>28.8</ele>
        <time>2026-05-22T19:40:52.000Z</time>
      </trkpt>
      <trkpt lat="40.783578" lon="-73.975044">
        <ele>29</ele>
        <time>2026-05-22T19:40:53.000Z</time>
      </trkpt>
      <trkpt lat="40.783583" lon="-73.975057">
        <ele>29</ele>
        <time>2026-05-22T19:40:54.000Z</time>
      </trkpt>
      <trkpt lat="40.783588" lon="-73.97507">
        <ele>29</ele>
        <time>2026-05-22T19:40:55.000Z</time>
      </trkpt>
      <trkpt lat="40.783593" lon="-73.975083">
        <ele>29.2</ele>
        <time>2026-05-22T19:40:56.000Z</time>
      </trkpt>
      <trkpt lat="40.783598" lon="-73.975096">
        <ele>29.2</ele>
        <time>2026-05-22T19:40:57.000Z</time>
      </trkpt>
      <trkpt lat="40.783603" lon="-73.975109">
        <ele>29.2</ele>
        <time>2026-05-22T19:40:58.000Z</time>
      </trkpt>
      <trkpt lat="40.783608" lon="-73.975123">
        <ele>29.4</ele>
        <time>2026-05-22T19:40:59.000Z</time>
      </trkpt>
      <trkpt lat="40.783613" lon="-73.975136">
        <ele>29.4</ele>
        <time>2026-05-22T19:41:00.000Z</time>
      </trkpt>
      <trkpt lat="40.783618" lon="-73.975149">
        <ele>29.4</ele>
        <time>2026-05-22T19:41:01.000Z</time>
      </trkpt>
      <trkpt lat="40.783623" lon="-73.975163">
        <ele>29.4</ele>
        <time>2026-05-22T19:41:02.000Z</time>
      </trkpt>
      <trkpt lat="40.783627" lon="-73.975176">
        <ele>29.6</ele>
        <time>2026-05-22T19:41:03.000Z</time>
      </trkpt>
      <trkpt lat="40.783632" lon="-73.97519">
        <ele>29.6</ele>
        <time>2026-05-22T19:41:04.000Z</time>
      </trkpt>
      <trkpt lat="40.783636" lon="-73.975203">
        <ele>29.6</ele>
        <time>2026-05-22T19:41:05.000Z</time>
      </trkpt>
      <trkpt lat="40.78364" lon="-73.975217">
        <ele>29.6</ele>
        <time>2026-05-22T19:41:06.000Z</time>
      </trkpt>
      <trkpt lat="40.783645" lon="-73.975231">
        <ele>29.6</ele>
        <time>2026-05-22T19:41:07.000Z</time>
      </trkpt>
      <trkpt lat="40.783649" lon="-73.975245">
        <ele>29.6</ele>
        <time>2026-05-22T19:41:08.000Z</time>
      </trkpt>
      <trkpt lat="40.783654" lon="-73.975259">
        <ele>29.6</ele>
        <time>2026-05-22T19:41:09.000Z</time>
      </trkpt>
      <trkpt lat="40.783658" lon="-73.975273">
        <ele>29.6</ele>
        <time>2026-05-22T19:41:10.000Z</time>
      </trkpt>
      <trkpt lat="40.783663" lon="-73.975287">
        <ele>29.6</ele>
        <time>2026-05-22T19:41:11.000Z</time>
      </trkpt>
      <trkpt lat="40.783671" lon="-73.975312">
        <ele>29.6</ele>
        <time>2026-05-22T19:41:12.000Z</time>
      </trkpt>
      <trkpt lat="40.783674" lon="-73.975321">
        <ele>29.6</ele>
        <time>2026-05-22T19:41:13.000Z</time>
      </trkpt>
      <trkpt lat="40.783677" lon="-73.975331">
        <ele>29.6</ele>
        <time>2026-05-22T19:41:14.000Z</time>
      </trkpt>
      <trkpt lat="40.783682" lon="-73.975345">
        <ele>29.6</ele>
        <time>2026-05-22T19:41:15.000Z</time>
      </trkpt>
      <trkpt lat="40.783688" lon="-73.975362">
        <ele>29.4</ele>
        <time>2026-05-22T19:41:16.000Z</time>
      </trkpt>
      <trkpt lat="40.783693" lon="-73.975375">
        <ele>29.4</ele>
        <time>2026-05-22T19:41:17.000Z</time>
      </trkpt>
      <trkpt lat="40.7837" lon="-73.975395">
        <ele>29.4</ele>
        <time>2026-05-22T19:41:18.000Z</time>
      </trkpt>
      <trkpt lat="40.783702" lon="-73.975402">
        <ele>29.2</ele>
        <time>2026-05-22T19:41:19.000Z</time>
      </trkpt>
      <trkpt lat="40.783707" lon="-73.975415">
        <ele>29.2</ele>
        <time>2026-05-22T19:41:20.000Z</time>
      </trkpt>
      <trkpt lat="40.783712" lon="-73.975428">
        <ele>29.2</ele>
        <time>2026-05-22T19:41:21.000Z</time>
      </trkpt>
      <trkpt lat="40.783716" lon="-73.97544">
        <ele>29.2</ele>
        <time>2026-05-22T19:41:22.000Z</time>
      </trkpt>
      <trkpt lat="40.783721" lon="-73.975452">
        <ele>29</ele>
        <time>2026-05-22T19:41:23.000Z</time>
      </trkpt>
      <trkpt lat="40.783725" lon="-73.975464">
        <ele>29</ele>
        <time>2026-05-22T19:41:24.000Z</time>
      </trkpt>
      <trkpt lat="40.783729" lon="-73.975475">
        <ele>29</ele>
        <time>2026-05-22T19:41:25.000Z</time>
      </trkpt>
      <trkpt lat="40.783733" lon="-73.975485">
        <ele>29</ele>
        <time>2026-05-22T19:41:26.000Z</time>
      </trkpt>
      <trkpt lat="40.783737" lon="-73.975496">
        <ele>28.8</ele>
        <time>2026-05-22T19:41:27.000Z</time>
      </trkpt>
      <trkpt lat="40.783741" lon="-73.975505">
        <ele>28.8</ele>
        <time>2026-05-22T19:41:28.000Z</time>
      </trkpt>
      <trkpt lat="40.783744" lon="-73.975514">
        <ele>28.8</ele>
        <time>2026-05-22T19:41:29.000Z</time>
      </trkpt>
      <trkpt lat="40.783747" lon="-73.975521">
        <ele>28.8</ele>
        <time>2026-05-22T19:41:30.000Z</time>
      </trkpt>
      <trkpt lat="40.78375" lon="-73.975528">
        <ele>28.8</ele>
        <time>2026-05-22T19:41:31.000Z</time>
      </trkpt>
      <trkpt lat="40.783752" lon="-73.975535">
        <ele>28.6</ele>
        <time>2026-05-22T19:41:32.000Z</time>
      </trkpt>
      <trkpt lat="40.783754" lon="-73.975541">
        <ele>28.6</ele>
        <time>2026-05-22T19:41:33.000Z</time>
      </trkpt>
      <trkpt lat="40.783756" lon="-73.975547">
        <ele>28.6</ele>
        <time>2026-05-22T19:41:34.000Z</time>
      </trkpt>
      <trkpt lat="40.783759" lon="-73.975552">
        <ele>28.6</ele>
        <time>2026-05-22T19:41:35.000Z</time>
      </trkpt>
      <trkpt lat="40.783762" lon="-73.975558">
        <ele>28.4</ele>
        <time>2026-05-22T19:41:36.000Z</time>
      </trkpt>
      <trkpt lat="40.783765" lon="-73.975563">
        <ele>28.4</ele>
        <time>2026-05-22T19:41:37.000Z</time>
      </trkpt>
      <trkpt lat="40.783768" lon="-73.975569">
        <ele>28.4</ele>
        <time>2026-05-22T19:41:38.000Z</time>
      </trkpt>
      <trkpt lat="40.783772" lon="-73.975575">
        <ele>28.4</ele>
        <time>2026-05-22T19:41:39.000Z</time>
      </trkpt>
      <trkpt lat="40.783776" lon="-73.975581">
        <ele>28.2</ele>
        <time>2026-05-22T19:41:40.000Z</time>
      </trkpt>
      <trkpt lat="40.78378" lon="-73.975588">
        <ele>28.2</ele>
        <time>2026-05-22T19:41:41.000Z</time>
      </trkpt>
      <trkpt lat="40.783785" lon="-73.975596">
        <ele>28.2</ele>
        <time>2026-05-22T19:41:42.000Z</time>
      </trkpt>
      <trkpt lat="40.783789" lon="-73.975604">
        <ele>28.2</ele>
        <time>2026-05-22T19:41:43.000Z</time>
      </trkpt>
      <trkpt lat="40.783794" lon="-73.975613">
        <ele>28</ele>
        <time>2026-05-22T19:41:44.000Z</time>
      </trkpt>
      <trkpt lat="40.783799" lon="-73.975623">
        <ele>28</ele>
        <time>2026-05-22T19:41:45.000Z</time>
      </trkpt>
      <trkpt lat="40.783805" lon="-73.975633">
        <ele>28</ele>
        <time>2026-05-22T19:41:46.000Z</time>
      </trkpt>
      <trkpt lat="40.78381" lon="-73.975644">
        <ele>28</ele>
        <time>2026-05-22T19:41:47.000Z</time>
      </trkpt>
      <trkpt lat="40.783819" lon="-73.975663">
        <ele>28</ele>
        <time>2026-05-22T19:41:48.000Z</time>
      </trkpt>
      <trkpt lat="40.783822" lon="-73.975671">
        <ele>28</ele>
        <time>2026-05-22T19:41:49.000Z</time>
      </trkpt>
      <trkpt lat="40.783826" lon="-73.975679">
        <ele>27.8</ele>
        <time>2026-05-22T19:41:50.000Z</time>
      </trkpt>
      <trkpt lat="40.783832" lon="-73.975691">
        <ele>27.8</ele>
        <time>2026-05-22T19:41:51.000Z</time>
      </trkpt>
      <trkpt lat="40.783837" lon="-73.975704">
        <ele>27.8</ele>
        <time>2026-05-22T19:41:52.000Z</time>
      </trkpt>
      <trkpt lat="40.783843" lon="-73.975717">
        <ele>27.8</ele>
        <time>2026-05-22T19:41:53.000Z</time>
      </trkpt>
      <trkpt lat="40.783848" lon="-73.97573">
        <ele>27.8</ele>
        <time>2026-05-22T19:41:54.000Z</time>
      </trkpt>
      <trkpt lat="40.783854" lon="-73.975743">
        <ele>27.8</ele>
        <time>2026-05-22T19:41:55.000Z</time>
      </trkpt>
      <trkpt lat="40.78386" lon="-73.975756">
        <ele>27.8</ele>
        <time>2026-05-22T19:41:56.000Z</time>
      </trkpt>
      <trkpt lat="40.783866" lon="-73.975769">
        <ele>27.8</ele>
        <time>2026-05-22T19:41:57.000Z</time>
      </trkpt>
      <trkpt lat="40.783872" lon="-73.975782">
        <ele>27.6</ele>
        <time>2026-05-22T19:41:58.000Z</time>
      </trkpt>
      <trkpt lat="40.783877" lon="-73.975795">
        <ele>27.6</ele>
        <time>2026-05-22T19:41:59.000Z</time>
      </trkpt>
      <trkpt lat="40.783883" lon="-73.975808">
        <ele>27.6</ele>
        <time>2026-05-22T19:42:00.000Z</time>
      </trkpt>
      <trkpt lat="40.783888" lon="-73.975821">
        <ele>27.6</ele>
        <time>2026-05-22T19:42:01.000Z</time>
      </trkpt>
      <trkpt lat="40.783893" lon="-73.975834">
        <ele>27.6</ele>
        <time>2026-05-22T19:42:02.000Z</time>
      </trkpt>
      <trkpt lat="40.783899" lon="-73.975847">
        <ele>27.6</ele>
        <time>2026-05-22T19:42:03.000Z</time>
      </trkpt>
      <trkpt lat="40.783905" lon="-73.975861">
        <ele>27.6</ele>
        <time>2026-05-22T19:42:04.000Z</time>
      </trkpt>
      <trkpt lat="40.78391" lon="-73.975873">
        <ele>27.6</ele>
        <time>2026-05-22T19:42:05.000Z</time>
      </trkpt>
      <trkpt lat="40.783916" lon="-73.975886">
        <ele>27.4</ele>
        <time>2026-05-22T19:42:06.000Z</time>
      </trkpt>
      <trkpt lat="40.783922" lon="-73.975899">
        <ele>27.4</ele>
        <time>2026-05-22T19:42:07.000Z</time>
      </trkpt>
      <trkpt lat="40.783928" lon="-73.975911">
        <ele>27.4</ele>
        <time>2026-05-22T19:42:08.000Z</time>
      </trkpt>
      <trkpt lat="40.783933" lon="-73.975923">
        <ele>27.4</ele>
        <time>2026-05-22T19:42:09.000Z</time>
      </trkpt>
      <trkpt lat="40.783939" lon="-73.975934">
        <ele>27.4</ele>
        <time>2026-05-22T19:42:10.000Z</time>
      </trkpt>
      <trkpt lat="40.783945" lon="-73.975946">
        <ele>27.4</ele>
        <time>2026-05-22T19:42:11.000Z</time>
      </trkpt>
      <trkpt lat="40.783951" lon="-73.975957">
        <ele>27.6</ele>
        <time>2026-05-22T19:42:12.000Z</time>
      </trkpt>
      <trkpt lat="40.783957" lon="-73.975969">
        <ele>27.6</ele>
        <time>2026-05-22T19:42:13.000Z</time>
      </trkpt>
      <trkpt lat="40.783966" lon="-73.975989">
        <ele>27.6</ele>
        <time>2026-05-22T19:42:14.000Z</time>
      </trkpt>
      <trkpt lat="40.78397" lon="-73.975997">
        <ele>27.6</ele>
        <time>2026-05-22T19:42:15.000Z</time>
      </trkpt>
      <trkpt lat="40.783974" lon="-73.976005">
        <ele>27.6</ele>
        <time>2026-05-22T19:42:16.000Z</time>
      </trkpt>
      <trkpt lat="40.783974" lon="-73.976005">
        <ele>27.6</ele>
        <time>2026-05-22T19:42:17.000Z</time>
      </trkpt>
      <trkpt lat="40.783982" lon="-73.976023">
        <ele>27.6</ele>
        <time>2026-05-22T19:42:18.000Z</time>
      </trkpt>
      <trkpt lat="40.783988" lon="-73.976036">
        <ele>27.6</ele>
        <time>2026-05-22T19:42:19.000Z</time>
      </trkpt>
      <trkpt lat="40.783993" lon="-73.976049">
        <ele>27.6</ele>
        <time>2026-05-22T19:42:20.000Z</time>
      </trkpt>
      <trkpt lat="40.783998" lon="-73.976062">
        <ele>27.6</ele>
        <time>2026-05-22T19:42:21.000Z</time>
      </trkpt>
      <trkpt lat="40.784004" lon="-73.976076">
        <ele>27.6</ele>
        <time>2026-05-22T19:42:22.000Z</time>
      </trkpt>
      <trkpt lat="40.784009" lon="-73.976089">
        <ele>27.6</ele>
        <time>2026-05-22T19:42:23.000Z</time>
      </trkpt>
      <trkpt lat="40.784014" lon="-73.976103">
        <ele>27.6</ele>
        <time>2026-05-22T19:42:24.000Z</time>
      </trkpt>
      <trkpt lat="40.784019" lon="-73.976116">
        <ele>27.6</ele>
        <time>2026-05-22T19:42:25.000Z</time>
      </trkpt>
      <trkpt lat="40.784023" lon="-73.976129">
        <ele>27.6</ele>
        <time>2026-05-22T19:42:26.000Z</time>
      </trkpt>
      <trkpt lat="40.784028" lon="-73.976142">
        <ele>27.6</ele>
        <time>2026-05-22T19:42:27.000Z</time>
      </trkpt>
      <trkpt lat="40.784033" lon="-73.976155">
        <ele>27.6</ele>
        <time>2026-05-22T19:42:28.000Z</time>
      </trkpt>
      <trkpt lat="40.784038" lon="-73.976168">
        <ele>27.4</ele>
        <time>2026-05-22T19:42:29.000Z</time>
      </trkpt>
      <trkpt lat="40.784042" lon="-73.97618">
        <ele>27.4</ele>
        <time>2026-05-22T19:42:30.000Z</time>
      </trkpt>
      <trkpt lat="40.784047" lon="-73.976191">
        <ele>27.4</ele>
        <time>2026-05-22T19:42:31.000Z</time>
      </trkpt>
      <trkpt lat="40.784052" lon="-73.976202">
        <ele>27.4</ele>
        <time>2026-05-22T19:42:32.000Z</time>
      </trkpt>
      <trkpt lat="40.784056" lon="-73.976214">
        <ele>27.4</ele>
        <time>2026-05-22T19:42:33.000Z</time>
      </trkpt>
      <trkpt lat="40.784061" lon="-73.976226">
        <ele>27.2</ele>
        <time>2026-05-22T19:42:34.000Z</time>
      </trkpt>
      <trkpt lat="40.784066" lon="-73.976239">
        <ele>27.2</ele>
        <time>2026-05-22T19:42:35.000Z</time>
      </trkpt>
      <trkpt lat="40.78407" lon="-73.976252">
        <ele>27.2</ele>
        <time>2026-05-22T19:42:36.000Z</time>
      </trkpt>
      <trkpt lat="40.784075" lon="-73.976265">
        <ele>27</ele>
        <time>2026-05-22T19:42:37.000Z</time>
      </trkpt>
      <trkpt lat="40.78408" lon="-73.976279">
        <ele>27</ele>
        <time>2026-05-22T19:42:38.000Z</time>
      </trkpt>
      <trkpt lat="40.784084" lon="-73.976293">
        <ele>27</ele>
        <time>2026-05-22T19:42:39.000Z</time>
      </trkpt>
      <trkpt lat="40.784089" lon="-73.976308">
        <ele>26.8</ele>
        <time>2026-05-22T19:42:40.000Z</time>
      </trkpt>
      <trkpt lat="40.784094" lon="-73.976322">
        <ele>26.8</ele>
        <time>2026-05-22T19:42:41.000Z</time>
      </trkpt>
      <trkpt lat="40.7841" lon="-73.976336">
        <ele>26.8</ele>
        <time>2026-05-22T19:42:42.000Z</time>
      </trkpt>
      <trkpt lat="40.784105" lon="-73.976351">
        <ele>26.6</ele>
        <time>2026-05-22T19:42:43.000Z</time>
      </trkpt>
      <trkpt lat="40.78411" lon="-73.976365">
        <ele>26.6</ele>
        <time>2026-05-22T19:42:44.000Z</time>
      </trkpt>
      <trkpt lat="40.784116" lon="-73.976379">
        <ele>26.6</ele>
        <time>2026-05-22T19:42:45.000Z</time>
      </trkpt>
      <trkpt lat="40.784121" lon="-73.976393">
        <ele>26.6</ele>
        <time>2026-05-22T19:42:46.000Z</time>
      </trkpt>
      <trkpt lat="40.784127" lon="-73.976406">
        <ele>26.4</ele>
        <time>2026-05-22T19:42:47.000Z</time>
      </trkpt>
      <trkpt lat="40.784133" lon="-73.97642">
        <ele>26.4</ele>
        <time>2026-05-22T19:42:48.000Z</time>
      </trkpt>
      <trkpt lat="40.78414" lon="-73.976433">
        <ele>26.4</ele>
        <time>2026-05-22T19:42:49.000Z</time>
      </trkpt>
      <trkpt lat="40.784146" lon="-73.976446">
        <ele>26.4</ele>
        <time>2026-05-22T19:42:50.000Z</time>
      </trkpt>
      <trkpt lat="40.784153" lon="-73.976459">
        <ele>26.4</ele>
        <time>2026-05-22T19:42:51.000Z</time>
      </trkpt>
      <trkpt lat="40.784159" lon="-73.976472">
        <ele>26.4</ele>
        <time>2026-05-22T19:42:52.000Z</time>
      </trkpt>
      <trkpt lat="40.784165" lon="-73.976485">
        <ele>26.2</ele>
        <time>2026-05-22T19:42:53.000Z</time>
      </trkpt>
      <trkpt lat="40.784171" lon="-73.976498">
        <ele>26.2</ele>
        <time>2026-05-22T19:42:54.000Z</time>
      </trkpt>
      <trkpt lat="40.784177" lon="-73.976512">
        <ele>26.2</ele>
        <time>2026-05-22T19:42:55.000Z</time>
      </trkpt>
      <trkpt lat="40.784183" lon="-73.976525">
        <ele>26.2</ele>
        <time>2026-05-22T19:42:56.000Z</time>
      </trkpt>
      <trkpt lat="40.784189" lon="-73.976539">
        <ele>26.2</ele>
        <time>2026-05-22T19:42:57.000Z</time>
      </trkpt>
      <trkpt lat="40.784195" lon="-73.976552">
        <ele>26.2</ele>
        <time>2026-05-22T19:42:58.000Z</time>
      </trkpt>
      <trkpt lat="40.784201" lon="-73.976566">
        <ele>26</ele>
        <time>2026-05-22T19:42:59.000Z</time>
      </trkpt>
      <trkpt lat="40.784207" lon="-73.97658">
        <ele>26</ele>
        <time>2026-05-22T19:43:00.000Z</time>
      </trkpt>
      <trkpt lat="40.784213" lon="-73.976593">
        <ele>26</ele>
        <time>2026-05-22T19:43:01.000Z</time>
      </trkpt>
      <trkpt lat="40.784218" lon="-73.976607">
        <ele>25.8</ele>
        <time>2026-05-22T19:43:02.000Z</time>
      </trkpt>
      <trkpt lat="40.784224" lon="-73.976621">
        <ele>25.8</ele>
        <time>2026-05-22T19:43:03.000Z</time>
      </trkpt>
      <trkpt lat="40.78423" lon="-73.976634">
        <ele>25.8</ele>
        <time>2026-05-22T19:43:04.000Z</time>
      </trkpt>
      <trkpt lat="40.784234" lon="-73.976645">
        <ele>25.6</ele>
        <time>2026-05-22T19:43:05.000Z</time>
      </trkpt>
      <trkpt lat="40.78424" lon="-73.976659">
        <ele>25.6</ele>
        <time>2026-05-22T19:43:06.000Z</time>
      </trkpt>
      <trkpt lat="40.784246" lon="-73.976673">
        <ele>25.6</ele>
        <time>2026-05-22T19:43:07.000Z</time>
      </trkpt>
      <trkpt lat="40.784252" lon="-73.976687">
        <ele>25.4</ele>
        <time>2026-05-22T19:43:08.000Z</time>
      </trkpt>
      <trkpt lat="40.784258" lon="-73.976701">
        <ele>25.4</ele>
        <time>2026-05-22T19:43:09.000Z</time>
      </trkpt>
      <trkpt lat="40.784264" lon="-73.976715">
        <ele>25.2</ele>
        <time>2026-05-22T19:43:10.000Z</time>
      </trkpt>
      <trkpt lat="40.78427" lon="-73.976729">
        <ele>25.2</ele>
        <time>2026-05-22T19:43:11.000Z</time>
      </trkpt>
      <trkpt lat="40.784276" lon="-73.976743">
        <ele>25.2</ele>
        <time>2026-05-22T19:43:12.000Z</time>
      </trkpt>
      <trkpt lat="40.784282" lon="-73.976757">
        <ele>25</ele>
        <time>2026-05-22T19:43:13.000Z</time>
      </trkpt>
      <trkpt lat="40.784289" lon="-73.976772">
        <ele>25</ele>
        <time>2026-05-22T19:43:14.000Z</time>
      </trkpt>
      <trkpt lat="40.784295" lon="-73.976786">
        <ele>25</ele>
        <time>2026-05-22T19:43:15.000Z</time>
      </trkpt>
      <trkpt lat="40.784301" lon="-73.976801">
        <ele>24.8</ele>
        <time>2026-05-22T19:43:16.000Z</time>
      </trkpt>
      <trkpt lat="40.784307" lon="-73.976815">
        <ele>24.8</ele>
        <time>2026-05-22T19:43:17.000Z</time>
      </trkpt>
      <trkpt lat="40.784313" lon="-73.97683">
        <ele>24.8</ele>
        <time>2026-05-22T19:43:18.000Z</time>
      </trkpt>
      <trkpt lat="40.784319" lon="-73.976845">
        <ele>24.8</ele>
        <time>2026-05-22T19:43:19.000Z</time>
      </trkpt>
      <trkpt lat="40.784325" lon="-73.97686">
        <ele>24.6</ele>
        <time>2026-05-22T19:43:20.000Z</time>
      </trkpt>
      <trkpt lat="40.784335" lon="-73.976885">
        <ele>24.6</ele>
        <time>2026-05-22T19:43:21.000Z</time>
      </trkpt>
      <trkpt lat="40.784339" lon="-73.976894">
        <ele>24.6</ele>
        <time>2026-05-22T19:43:22.000Z</time>
      </trkpt>
      <trkpt lat="40.784343" lon="-73.976904">
        <ele>24.6</ele>
        <time>2026-05-22T19:43:23.000Z</time>
      </trkpt>
      <trkpt lat="40.784349" lon="-73.976919">
        <ele>24.4</ele>
        <time>2026-05-22T19:43:24.000Z</time>
      </trkpt>
      <trkpt lat="40.784356" lon="-73.976934">
        <ele>24.4</ele>
        <time>2026-05-22T19:43:25.000Z</time>
      </trkpt>
      <trkpt lat="40.784366" lon="-73.976958">
        <ele>24.4</ele>
        <time>2026-05-22T19:43:26.000Z</time>
      </trkpt>
      <trkpt lat="40.78437" lon="-73.976967">
        <ele>24.4</ele>
        <time>2026-05-22T19:43:27.000Z</time>
      </trkpt>
      <trkpt lat="40.784374" lon="-73.976977">
        <ele>24.4</ele>
        <time>2026-05-22T19:43:28.000Z</time>
      </trkpt>
      <trkpt lat="40.784379" lon="-73.976992">
        <ele>24.4</ele>
        <time>2026-05-22T19:43:29.000Z</time>
      </trkpt>
      <trkpt lat="40.784385" lon="-73.977006">
        <ele>24.2</ele>
        <time>2026-05-22T19:43:30.000Z</time>
      </trkpt>
      <trkpt lat="40.784391" lon="-73.977019">
        <ele>24.2</ele>
        <time>2026-05-22T19:43:31.000Z</time>
      </trkpt>
      <trkpt lat="40.784397" lon="-73.977033">
        <ele>24.2</ele>
        <time>2026-05-22T19:43:32.000Z</time>
      </trkpt>
      <trkpt lat="40.784402" lon="-73.977046">
        <ele>24.2</ele>
        <time>2026-05-22T19:43:33.000Z</time>
      </trkpt>
      <trkpt lat="40.784408" lon="-73.977058">
        <ele>24.2</ele>
        <time>2026-05-22T19:43:34.000Z</time>
      </trkpt>
      <trkpt lat="40.784414" lon="-73.97707">
        <ele>24.2</ele>
        <time>2026-05-22T19:43:35.000Z</time>
      </trkpt>
      <trkpt lat="40.78442" lon="-73.977081">
        <ele>24.2</ele>
        <time>2026-05-22T19:43:36.000Z</time>
      </trkpt>
      <trkpt lat="40.784425" lon="-73.977092">
        <ele>24.2</ele>
        <time>2026-05-22T19:43:37.000Z</time>
      </trkpt>
      <trkpt lat="40.784431" lon="-73.977102">
        <ele>24.2</ele>
        <time>2026-05-22T19:43:38.000Z</time>
      </trkpt>
      <trkpt lat="40.784436" lon="-73.977113">
        <ele>24.2</ele>
        <time>2026-05-22T19:43:39.000Z</time>
      </trkpt>
      <trkpt lat="40.784441" lon="-73.977123">
        <ele>24.2</ele>
        <time>2026-05-22T19:43:40.000Z</time>
      </trkpt>
      <trkpt lat="40.784446" lon="-73.977132">
        <ele>24.4</ele>
        <time>2026-05-22T19:43:41.000Z</time>
      </trkpt>
      <trkpt lat="40.784453" lon="-73.977147">
        <ele>24.4</ele>
        <time>2026-05-22T19:43:42.000Z</time>
      </trkpt>
      <trkpt lat="40.784456" lon="-73.977153">
        <ele>24.4</ele>
        <time>2026-05-22T19:43:43.000Z</time>
      </trkpt>
      <trkpt lat="40.78446" lon="-73.977158">
        <ele>24.4</ele>
        <time>2026-05-22T19:43:44.000Z</time>
      </trkpt>
      <trkpt lat="40.784463" lon="-73.977164">
        <ele>24.4</ele>
        <time>2026-05-22T19:43:45.000Z</time>
      </trkpt>
      <trkpt lat="40.784466" lon="-73.97717">
        <ele>24.4</ele>
        <time>2026-05-22T19:43:46.000Z</time>
      </trkpt>
      <trkpt lat="40.78447" lon="-73.977176">
        <ele>24.2</ele>
        <time>2026-05-22T19:43:47.000Z</time>
      </trkpt>
      <trkpt lat="40.784474" lon="-73.977181">
        <ele>24.2</ele>
        <time>2026-05-22T19:43:48.000Z</time>
      </trkpt>
      <trkpt lat="40.784479" lon="-73.977186">
        <ele>24.2</ele>
        <time>2026-05-22T19:43:49.000Z</time>
      </trkpt>
      <trkpt lat="40.784483" lon="-73.977189">
        <ele>24.2</ele>
        <time>2026-05-22T19:43:50.000Z</time>
      </trkpt>
      <trkpt lat="40.784489" lon="-73.977191">
        <ele>24.2</ele>
        <time>2026-05-22T19:43:51.000Z</time>
      </trkpt>
      <trkpt lat="40.784494" lon="-73.977193">
        <ele>24.2</ele>
        <time>2026-05-22T19:43:52.000Z</time>
      </trkpt>
      <trkpt lat="40.784501" lon="-73.977194">
        <ele>24.2</ele>
        <time>2026-05-22T19:43:53.000Z</time>
      </trkpt>
      <trkpt lat="40.784507" lon="-73.977193">
        <ele>24.2</ele>
        <time>2026-05-22T19:43:54.000Z</time>
      </trkpt>
      <trkpt lat="40.784515" lon="-73.977191">
        <ele>24.2</ele>
        <time>2026-05-22T19:43:55.000Z</time>
      </trkpt>
      <trkpt lat="40.784523" lon="-73.977188">
        <ele>24.2</ele>
        <time>2026-05-22T19:43:56.000Z</time>
      </trkpt>
      <trkpt lat="40.784531" lon="-73.977184">
        <ele>24.2</ele>
        <time>2026-05-22T19:43:57.000Z</time>
      </trkpt>
      <trkpt lat="40.784539" lon="-73.977179">
        <ele>24.2</ele>
        <time>2026-05-22T19:43:58.000Z</time>
      </trkpt>
      <trkpt lat="40.784547" lon="-73.977173">
        <ele>24.2</ele>
        <time>2026-05-22T19:43:59.000Z</time>
      </trkpt>
      <trkpt lat="40.784555" lon="-73.977167">
        <ele>24.2</ele>
        <time>2026-05-22T19:44:00.000Z</time>
      </trkpt>
      <trkpt lat="40.784563" lon="-73.977161">
        <ele>24.2</ele>
        <time>2026-05-22T19:44:01.000Z</time>
      </trkpt>
      <trkpt lat="40.784572" lon="-73.977153">
        <ele>24.2</ele>
        <time>2026-05-22T19:44:02.000Z</time>
      </trkpt>
      <trkpt lat="40.784581" lon="-73.977146">
        <ele>24.2</ele>
        <time>2026-05-22T19:44:03.000Z</time>
      </trkpt>
      <trkpt lat="40.78459" lon="-73.977139">
        <ele>24.2</ele>
        <time>2026-05-22T19:44:04.000Z</time>
      </trkpt>
      <trkpt lat="40.784599" lon="-73.977131">
        <ele>24.2</ele>
        <time>2026-05-22T19:44:05.000Z</time>
      </trkpt>
      <trkpt lat="40.784608" lon="-73.977124">
        <ele>24.2</ele>
        <time>2026-05-22T19:44:06.000Z</time>
      </trkpt>
      <trkpt lat="40.784618" lon="-73.977116">
        <ele>24.2</ele>
        <time>2026-05-22T19:44:07.000Z</time>
      </trkpt>
      <trkpt lat="40.784628" lon="-73.977108">
        <ele>24.2</ele>
        <time>2026-05-22T19:44:08.000Z</time>
      </trkpt>
      <trkpt lat="40.784638" lon="-73.977101">
        <ele>24.2</ele>
        <time>2026-05-22T19:44:09.000Z</time>
      </trkpt>
      <trkpt lat="40.784649" lon="-73.977094">
        <ele>24.2</ele>
        <time>2026-05-22T19:44:10.000Z</time>
      </trkpt>
      <trkpt lat="40.784659" lon="-73.977087">
        <ele>24.2</ele>
        <time>2026-05-22T19:44:11.000Z</time>
      </trkpt>
      <trkpt lat="40.78467" lon="-73.977081">
        <ele>24.2</ele>
        <time>2026-05-22T19:44:12.000Z</time>
      </trkpt>
      <trkpt lat="40.784681" lon="-73.977074">
        <ele>24.2</ele>
        <time>2026-05-22T19:44:13.000Z</time>
      </trkpt>
      <trkpt lat="40.784692" lon="-73.977068">
        <ele>24.2</ele>
        <time>2026-05-22T19:44:14.000Z</time>
      </trkpt>
      <trkpt lat="40.784702" lon="-73.977061">
        <ele>24.2</ele>
        <time>2026-05-22T19:44:15.000Z</time>
      </trkpt>
      <trkpt lat="40.784713" lon="-73.977055">
        <ele>24.2</ele>
        <time>2026-05-22T19:44:16.000Z</time>
      </trkpt>
      <trkpt lat="40.784723" lon="-73.977048">
        <ele>24.2</ele>
        <time>2026-05-22T19:44:17.000Z</time>
      </trkpt>
      <trkpt lat="40.784734" lon="-73.977042">
        <ele>24.2</ele>
        <time>2026-05-22T19:44:18.000Z</time>
      </trkpt>
      <trkpt lat="40.784744" lon="-73.977036">
        <ele>24.2</ele>
        <time>2026-05-22T19:44:19.000Z</time>
      </trkpt>
      <trkpt lat="40.784754" lon="-73.977029">
        <ele>24.2</ele>
        <time>2026-05-22T19:44:20.000Z</time>
      </trkpt>
      <trkpt lat="40.784765" lon="-73.977023">
        <ele>24.4</ele>
        <time>2026-05-22T19:44:21.000Z</time>
      </trkpt>
      <trkpt lat="40.784775" lon="-73.977018">
        <ele>24.4</ele>
        <time>2026-05-22T19:44:22.000Z</time>
      </trkpt>
      <trkpt lat="40.784785" lon="-73.977012">
        <ele>24.4</ele>
        <time>2026-05-22T19:44:23.000Z</time>
      </trkpt>
      <trkpt lat="40.784795" lon="-73.977006">
        <ele>24.6</ele>
        <time>2026-05-22T19:44:24.000Z</time>
      </trkpt>
      <trkpt lat="40.784806" lon="-73.977">
        <ele>24.6</ele>
        <time>2026-05-22T19:44:25.000Z</time>
      </trkpt>
      <trkpt lat="40.784817" lon="-73.976995">
        <ele>24.6</ele>
        <time>2026-05-22T19:44:26.000Z</time>
      </trkpt>
      <trkpt lat="40.784828" lon="-73.976989">
        <ele>24.8</ele>
        <time>2026-05-22T19:44:27.000Z</time>
      </trkpt>
      <trkpt lat="40.784839" lon="-73.976983">
        <ele>24.8</ele>
        <time>2026-05-22T19:44:28.000Z</time>
      </trkpt>
      <trkpt lat="40.78485" lon="-73.976976">
        <ele>24.8</ele>
        <time>2026-05-22T19:44:29.000Z</time>
      </trkpt>
      <trkpt lat="40.784861" lon="-73.97697">
        <ele>25</ele>
        <time>2026-05-22T19:44:30.000Z</time>
      </trkpt>
      <trkpt lat="40.784872" lon="-73.976964">
        <ele>25</ele>
        <time>2026-05-22T19:44:31.000Z</time>
      </trkpt>
      <trkpt lat="40.784883" lon="-73.976957">
        <ele>25</ele>
        <time>2026-05-22T19:44:32.000Z</time>
      </trkpt>
      <trkpt lat="40.784894" lon="-73.976951">
        <ele>25.2</ele>
        <time>2026-05-22T19:44:33.000Z</time>
      </trkpt>
      <trkpt lat="40.784905" lon="-73.976944">
        <ele>25.2</ele>
        <time>2026-05-22T19:44:34.000Z</time>
      </trkpt>
      <trkpt lat="40.784916" lon="-73.976937">
        <ele>25.2</ele>
        <time>2026-05-22T19:44:35.000Z</time>
      </trkpt>
      <trkpt lat="40.784923" lon="-73.976932">
        <ele>25.2</ele>
        <time>2026-05-22T19:44:36.000Z</time>
      </trkpt>
      <trkpt lat="40.784934" lon="-73.976925">
        <ele>25.2</ele>
        <time>2026-05-22T19:44:37.000Z</time>
      </trkpt>
      <trkpt lat="40.784944" lon="-73.976918">
        <ele>25.2</ele>
        <time>2026-05-22T19:44:38.000Z</time>
      </trkpt>
      <trkpt lat="40.784955" lon="-73.976911">
        <ele>25.2</ele>
        <time>2026-05-22T19:44:39.000Z</time>
      </trkpt>
      <trkpt lat="40.784969" lon="-73.976903">
        <ele>25.2</ele>
        <time>2026-05-22T19:44:40.000Z</time>
      </trkpt>
      <trkpt lat="40.78498" lon="-73.976896">
        <ele>25.2</ele>
        <time>2026-05-22T19:44:41.000Z</time>
      </trkpt>
      <trkpt lat="40.78499" lon="-73.97689">
        <ele>25</ele>
        <time>2026-05-22T19:44:42.000Z</time>
      </trkpt>
      <trkpt lat="40.785001" lon="-73.976884">
        <ele>25</ele>
        <time>2026-05-22T19:44:43.000Z</time>
      </trkpt>
      <trkpt lat="40.785012" lon="-73.976877">
        <ele>24.8</ele>
        <time>2026-05-22T19:44:44.000Z</time>
      </trkpt>
      <trkpt lat="40.785022" lon="-73.976871">
        <ele>24.8</ele>
        <time>2026-05-22T19:44:45.000Z</time>
      </trkpt>
      <trkpt lat="40.785032" lon="-73.976864">
        <ele>24.8</ele>
        <time>2026-05-22T19:44:46.000Z</time>
      </trkpt>
      <trkpt lat="40.785043" lon="-73.976856">
        <ele>24.8</ele>
        <time>2026-05-22T19:44:47.000Z</time>
      </trkpt>
      <trkpt lat="40.785053" lon="-73.976849">
        <ele>24.8</ele>
        <time>2026-05-22T19:44:48.000Z</time>
      </trkpt>
      <trkpt lat="40.785063" lon="-73.976841">
        <ele>24.8</ele>
        <time>2026-05-22T19:44:49.000Z</time>
      </trkpt>
      <trkpt lat="40.785074" lon="-73.976833">
        <ele>24.8</ele>
        <time>2026-05-22T19:44:50.000Z</time>
      </trkpt>
      <trkpt lat="40.785084" lon="-73.976824">
        <ele>24.8</ele>
        <time>2026-05-22T19:44:51.000Z</time>
      </trkpt>
      <trkpt lat="40.785094" lon="-73.976816">
        <ele>24.8</ele>
        <time>2026-05-22T19:44:52.000Z</time>
      </trkpt>
      <trkpt lat="40.785105" lon="-73.976807">
        <ele>24.8</ele>
        <time>2026-05-22T19:44:53.000Z</time>
      </trkpt>
      <trkpt lat="40.785115" lon="-73.976798">
        <ele>24.8</ele>
        <time>2026-05-22T19:44:54.000Z</time>
      </trkpt>
      <trkpt lat="40.785125" lon="-73.976789">
        <ele>25</ele>
        <time>2026-05-22T19:44:55.000Z</time>
      </trkpt>
      <trkpt lat="40.785142" lon="-73.976775">
        <ele>25</ele>
        <time>2026-05-22T19:44:56.000Z</time>
      </trkpt>
      <trkpt lat="40.785149" lon="-73.97677">
        <ele>25.2</ele>
        <time>2026-05-22T19:44:57.000Z</time>
      </trkpt>
      <trkpt lat="40.785156" lon="-73.976764">
        <ele>25.2</ele>
        <time>2026-05-22T19:44:58.000Z</time>
      </trkpt>
      <trkpt lat="40.785166" lon="-73.976756">
        <ele>25.4</ele>
        <time>2026-05-22T19:44:59.000Z</time>
      </trkpt>
      <trkpt lat="40.785176" lon="-73.976748">
        <ele>25.4</ele>
        <time>2026-05-22T19:45:00.000Z</time>
      </trkpt>
      <trkpt lat="40.785186" lon="-73.97674">
        <ele>25.6</ele>
        <time>2026-05-22T19:45:01.000Z</time>
      </trkpt>
      <trkpt lat="40.785196" lon="-73.976732">
        <ele>25.6</ele>
        <time>2026-05-22T19:45:02.000Z</time>
      </trkpt>
      <trkpt lat="40.785206" lon="-73.976724">
        <ele>25.8</ele>
        <time>2026-05-22T19:45:03.000Z</time>
      </trkpt>
      <trkpt lat="40.785223" lon="-73.976712">
        <ele>26</ele>
        <time>2026-05-22T19:45:04.000Z</time>
      </trkpt>
      <trkpt lat="40.785229" lon="-73.976707">
        <ele>26</ele>
        <time>2026-05-22T19:45:05.000Z</time>
      </trkpt>
      <trkpt lat="40.785236" lon="-73.976702">
        <ele>26.2</ele>
        <time>2026-05-22T19:45:06.000Z</time>
      </trkpt>
      <trkpt lat="40.785241" lon="-73.976699">
        <ele>26.2</ele>
        <time>2026-05-22T19:45:07.000Z</time>
      </trkpt>
      <trkpt lat="40.785251" lon="-73.976692">
        <ele>26.2</ele>
        <time>2026-05-22T19:45:08.000Z</time>
      </trkpt>
      <trkpt lat="40.785261" lon="-73.976685">
        <ele>26.4</ele>
        <time>2026-05-22T19:45:09.000Z</time>
      </trkpt>
      <trkpt lat="40.78527" lon="-73.976678">
        <ele>26.4</ele>
        <time>2026-05-22T19:45:10.000Z</time>
      </trkpt>
      <trkpt lat="40.78528" lon="-73.976672">
        <ele>26.4</ele>
        <time>2026-05-22T19:45:11.000Z</time>
      </trkpt>
      <trkpt lat="40.785294" lon="-73.976662">
        <ele>26.6</ele>
        <time>2026-05-22T19:45:12.000Z</time>
      </trkpt>
      <trkpt lat="40.785299" lon="-73.976658">
        <ele>26.6</ele>
        <time>2026-05-22T19:45:13.000Z</time>
      </trkpt>
      <trkpt lat="40.785308" lon="-73.976652">
        <ele>26.6</ele>
        <time>2026-05-22T19:45:14.000Z</time>
      </trkpt>
      <trkpt lat="40.785316" lon="-73.976645">
        <ele>26.6</ele>
        <time>2026-05-22T19:45:15.000Z</time>
      </trkpt>
      <trkpt lat="40.785325" lon="-73.976638">
        <ele>26.6</ele>
        <time>2026-05-22T19:45:16.000Z</time>
      </trkpt>
      <trkpt lat="40.785334" lon="-73.976631">
        <ele>26.6</ele>
        <time>2026-05-22T19:45:17.000Z</time>
      </trkpt>
      <trkpt lat="40.785342" lon="-73.976623">
        <ele>26.6</ele>
        <time>2026-05-22T19:45:18.000Z</time>
      </trkpt>
      <trkpt lat="40.785351" lon="-73.976615">
        <ele>26.6</ele>
        <time>2026-05-22T19:45:19.000Z</time>
      </trkpt>
      <trkpt lat="40.78536" lon="-73.976606">
        <ele>26.6</ele>
        <time>2026-05-22T19:45:20.000Z</time>
      </trkpt>
      <trkpt lat="40.785374" lon="-73.976591">
        <ele>26.6</ele>
        <time>2026-05-22T19:45:21.000Z</time>
      </trkpt>
      <trkpt lat="40.785383" lon="-73.976582">
        <ele>26.6</ele>
        <time>2026-05-22T19:45:22.000Z</time>
      </trkpt>
      <trkpt lat="40.785392" lon="-73.976572">
        <ele>26.6</ele>
        <time>2026-05-22T19:45:23.000Z</time>
      </trkpt>
      <trkpt lat="40.785401" lon="-73.976562">
        <ele>26.4</ele>
        <time>2026-05-22T19:45:24.000Z</time>
      </trkpt>
      <trkpt lat="40.78541" lon="-73.976552">
        <ele>26.4</ele>
        <time>2026-05-22T19:45:25.000Z</time>
      </trkpt>
      <trkpt lat="40.78542" lon="-73.976542">
        <ele>26.4</ele>
        <time>2026-05-22T19:45:26.000Z</time>
      </trkpt>
      <trkpt lat="40.785429" lon="-73.976533">
        <ele>26.4</ele>
        <time>2026-05-22T19:45:27.000Z</time>
      </trkpt>
      <trkpt lat="40.785438" lon="-73.976523">
        <ele>26.2</ele>
        <time>2026-05-22T19:45:28.000Z</time>
      </trkpt>
      <trkpt lat="40.785447" lon="-73.976514">
        <ele>26.2</ele>
        <time>2026-05-22T19:45:29.000Z</time>
      </trkpt>
      <trkpt lat="40.785457" lon="-73.976505">
        <ele>26.2</ele>
        <time>2026-05-22T19:45:30.000Z</time>
      </trkpt>
      <trkpt lat="40.785466" lon="-73.976497">
        <ele>26.2</ele>
        <time>2026-05-22T19:45:31.000Z</time>
      </trkpt>
      <trkpt lat="40.785475" lon="-73.976489">
        <ele>26</ele>
        <time>2026-05-22T19:45:32.000Z</time>
      </trkpt>
      <trkpt lat="40.785484" lon="-73.976482">
        <ele>26</ele>
        <time>2026-05-22T19:45:33.000Z</time>
      </trkpt>
      <trkpt lat="40.785494" lon="-73.976475">
        <ele>26</ele>
        <time>2026-05-22T19:45:34.000Z</time>
      </trkpt>
      <trkpt lat="40.785503" lon="-73.976469">
        <ele>26</ele>
        <time>2026-05-22T19:45:35.000Z</time>
      </trkpt>
      <trkpt lat="40.785512" lon="-73.976463">
        <ele>26</ele>
        <time>2026-05-22T19:45:36.000Z</time>
      </trkpt>
      <trkpt lat="40.785521" lon="-73.976458">
        <ele>25.8</ele>
        <time>2026-05-22T19:45:37.000Z</time>
      </trkpt>
      <trkpt lat="40.78553" lon="-73.976454">
        <ele>25.8</ele>
        <time>2026-05-22T19:45:38.000Z</time>
      </trkpt>
      <trkpt lat="40.78554" lon="-73.97645">
        <ele>25.8</ele>
        <time>2026-05-22T19:45:39.000Z</time>
      </trkpt>
      <trkpt lat="40.785549" lon="-73.976447">
        <ele>25.8</ele>
        <time>2026-05-22T19:45:40.000Z</time>
      </trkpt>
      <trkpt lat="40.785558" lon="-73.976444">
        <ele>25.8</ele>
        <time>2026-05-22T19:45:41.000Z</time>
      </trkpt>
      <trkpt lat="40.785567" lon="-73.976441">
        <ele>25.8</ele>
        <time>2026-05-22T19:45:42.000Z</time>
      </trkpt>
      <trkpt lat="40.785575" lon="-73.976438">
        <ele>25.8</ele>
        <time>2026-05-22T19:45:43.000Z</time>
      </trkpt>
      <trkpt lat="40.785583" lon="-73.976436">
        <ele>25.8</ele>
        <time>2026-05-22T19:45:44.000Z</time>
      </trkpt>
      <trkpt lat="40.785591" lon="-73.976435">
        <ele>25.6</ele>
        <time>2026-05-22T19:45:45.000Z</time>
      </trkpt>
      <trkpt lat="40.785598" lon="-73.976435">
        <ele>25.6</ele>
        <time>2026-05-22T19:45:46.000Z</time>
      </trkpt>
      <trkpt lat="40.785606" lon="-73.976437">
        <ele>25.6</ele>
        <time>2026-05-22T19:45:47.000Z</time>
      </trkpt>
      <trkpt lat="40.785613" lon="-73.97644">
        <ele>25.6</ele>
        <time>2026-05-22T19:45:49.000Z</time>
      </trkpt>
      <trkpt lat="40.78562" lon="-73.976445">
        <ele>25.6</ele>
        <time>2026-05-22T19:45:50.000Z</time>
      </trkpt>
      <trkpt lat="40.785627" lon="-73.976451">
        <ele>25.6</ele>
        <time>2026-05-22T19:45:51.000Z</time>
      </trkpt>
      <trkpt lat="40.785635" lon="-73.976458">
        <ele>25.6</ele>
        <time>2026-05-22T19:45:52.000Z</time>
      </trkpt>
      <trkpt lat="40.785642" lon="-73.976466">
        <ele>25.6</ele>
        <time>2026-05-22T19:45:53.000Z</time>
      </trkpt>
      <trkpt lat="40.78565" lon="-73.976474">
        <ele>25.6</ele>
        <time>2026-05-22T19:45:54.000Z</time>
      </trkpt>
      <trkpt lat="40.785657" lon="-73.976483">
        <ele>25.6</ele>
        <time>2026-05-22T19:45:55.000Z</time>
      </trkpt>
      <trkpt lat="40.785665" lon="-73.976492">
        <ele>25.6</ele>
        <time>2026-05-22T19:45:56.000Z</time>
      </trkpt>
      <trkpt lat="40.785672" lon="-73.976502">
        <ele>25.4</ele>
        <time>2026-05-22T19:45:57.000Z</time>
      </trkpt>
      <trkpt lat="40.785678" lon="-73.976512">
        <ele>25.4</ele>
        <time>2026-05-22T19:45:58.000Z</time>
      </trkpt>
      <trkpt lat="40.785685" lon="-73.976524">
        <ele>25.4</ele>
        <time>2026-05-22T19:45:59.000Z</time>
      </trkpt>
      <trkpt lat="40.785691" lon="-73.976535">
        <ele>25.4</ele>
        <time>2026-05-22T19:46:00.000Z</time>
      </trkpt>
      <trkpt lat="40.785696" lon="-73.976547">
        <ele>25.4</ele>
        <time>2026-05-22T19:46:01.000Z</time>
      </trkpt>
      <trkpt lat="40.785702" lon="-73.976559">
        <ele>25.4</ele>
        <time>2026-05-22T19:46:02.000Z</time>
      </trkpt>
      <trkpt lat="40.785707" lon="-73.976572">
        <ele>25.4</ele>
        <time>2026-05-22T19:46:03.000Z</time>
      </trkpt>
      <trkpt lat="40.785712" lon="-73.976584">
        <ele>25.4</ele>
        <time>2026-05-22T19:46:04.000Z</time>
      </trkpt>
      <trkpt lat="40.785717" lon="-73.976596">
        <ele>25.4</ele>
        <time>2026-05-22T19:46:05.000Z</time>
      </trkpt>
      <trkpt lat="40.785723" lon="-73.976608">
        <ele>25.4</ele>
        <time>2026-05-22T19:46:06.000Z</time>
      </trkpt>
      <trkpt lat="40.785728" lon="-73.97662">
        <ele>25.4</ele>
        <time>2026-05-22T19:46:07.000Z</time>
      </trkpt>
      <trkpt lat="40.785734" lon="-73.976632">
        <ele>25.4</ele>
        <time>2026-05-22T19:46:08.000Z</time>
      </trkpt>
      <trkpt lat="40.785741" lon="-73.976643">
        <ele>25.4</ele>
        <time>2026-05-22T19:46:09.000Z</time>
      </trkpt>
      <trkpt lat="40.785748" lon="-73.976655">
        <ele>25.4</ele>
        <time>2026-05-22T19:46:10.000Z</time>
      </trkpt>
      <trkpt lat="40.785754" lon="-73.976667">
        <ele>25.4</ele>
        <time>2026-05-22T19:46:11.000Z</time>
      </trkpt>
      <trkpt lat="40.785761" lon="-73.976678">
        <ele>25.4</ele>
        <time>2026-05-22T19:46:12.000Z</time>
      </trkpt>
      <trkpt lat="40.785768" lon="-73.97669">
        <ele>25.6</ele>
        <time>2026-05-22T19:46:13.000Z</time>
      </trkpt>
      <trkpt lat="40.785774" lon="-73.976702">
        <ele>25.6</ele>
        <time>2026-05-22T19:46:14.000Z</time>
      </trkpt>
      <trkpt lat="40.785781" lon="-73.976714">
        <ele>25.6</ele>
        <time>2026-05-22T19:46:15.000Z</time>
      </trkpt>
      <trkpt lat="40.785792" lon="-73.976734">
        <ele>25.6</ele>
        <time>2026-05-22T19:46:16.000Z</time>
      </trkpt>
      <trkpt lat="40.785796" lon="-73.976741">
        <ele>25.6</ele>
        <time>2026-05-22T19:46:17.000Z</time>
      </trkpt>
      <trkpt lat="40.785801" lon="-73.976749">
        <ele>25.6</ele>
        <time>2026-05-22T19:46:18.000Z</time>
      </trkpt>
      <trkpt lat="40.785811" lon="-73.976764">
        <ele>25.6</ele>
        <time>2026-05-22T19:46:19.000Z</time>
      </trkpt>
      <trkpt lat="40.785814" lon="-73.976769">
        <ele>25.8</ele>
        <time>2026-05-22T19:46:20.000Z</time>
      </trkpt>
      <trkpt lat="40.785821" lon="-73.97678">
        <ele>25.8</ele>
        <time>2026-05-22T19:46:21.000Z</time>
      </trkpt>
      <trkpt lat="40.785827" lon="-73.97679">
        <ele>25.8</ele>
        <time>2026-05-22T19:46:22.000Z</time>
      </trkpt>
      <trkpt lat="40.785833" lon="-73.976802">
        <ele>26</ele>
        <time>2026-05-22T19:46:23.000Z</time>
      </trkpt>
      <trkpt lat="40.785839" lon="-73.976814">
        <ele>26</ele>
        <time>2026-05-22T19:46:24.000Z</time>
      </trkpt>
      <trkpt lat="40.785845" lon="-73.976826">
        <ele>26.2</ele>
        <time>2026-05-22T19:46:25.000Z</time>
      </trkpt>
      <trkpt lat="40.78585" lon="-73.976839">
        <ele>26.2</ele>
        <time>2026-05-22T19:46:26.000Z</time>
      </trkpt>
      <trkpt lat="40.785856" lon="-73.976851">
        <ele>26.4</ele>
        <time>2026-05-22T19:46:27.000Z</time>
      </trkpt>
      <trkpt lat="40.785861" lon="-73.976864">
        <ele>26.6</ele>
        <time>2026-05-22T19:46:28.000Z</time>
      </trkpt>
      <trkpt lat="40.785869" lon="-73.976887">
        <ele>26.8</ele>
        <time>2026-05-22T19:46:29.000Z</time>
      </trkpt>
      <trkpt lat="40.785872" lon="-73.976897">
        <ele>26.8</ele>
        <time>2026-05-22T19:46:30.000Z</time>
      </trkpt>
      <trkpt lat="40.785875" lon="-73.976906">
        <ele>27</ele>
        <time>2026-05-22T19:46:31.000Z</time>
      </trkpt>
      <trkpt lat="40.78588" lon="-73.97692">
        <ele>27</ele>
        <time>2026-05-22T19:46:32.000Z</time>
      </trkpt>
      <trkpt lat="40.785884" lon="-73.976932">
        <ele>27.2</ele>
        <time>2026-05-22T19:46:33.000Z</time>
      </trkpt>
      <trkpt lat="40.78589" lon="-73.976946">
        <ele>27.2</ele>
        <time>2026-05-22T19:46:34.000Z</time>
      </trkpt>
      <trkpt lat="40.785895" lon="-73.976959">
        <ele>27.2</ele>
        <time>2026-05-22T19:46:35.000Z</time>
      </trkpt>
      <trkpt lat="40.785901" lon="-73.976972">
        <ele>27.2</ele>
        <time>2026-05-22T19:46:36.000Z</time>
      </trkpt>
      <trkpt lat="40.785906" lon="-73.976985">
        <ele>27.2</ele>
        <time>2026-05-22T19:46:37.000Z</time>
      </trkpt>
      <trkpt lat="40.785912" lon="-73.976997">
        <ele>27.2</ele>
        <time>2026-05-22T19:46:38.000Z</time>
      </trkpt>
      <trkpt lat="40.785917" lon="-73.977011">
        <ele>27.2</ele>
        <time>2026-05-22T19:46:39.000Z</time>
      </trkpt>
      <trkpt lat="40.785922" lon="-73.977024">
        <ele>27.2</ele>
        <time>2026-05-22T19:46:40.000Z</time>
      </trkpt>
      <trkpt lat="40.785927" lon="-73.977037">
        <ele>27.2</ele>
        <time>2026-05-22T19:46:41.000Z</time>
      </trkpt>
      <trkpt lat="40.785932" lon="-73.97705">
        <ele>27.2</ele>
        <time>2026-05-22T19:46:42.000Z</time>
      </trkpt>
      <trkpt lat="40.785937" lon="-73.977064">
        <ele>27.2</ele>
        <time>2026-05-22T19:46:43.000Z</time>
      </trkpt>
      <trkpt lat="40.785942" lon="-73.977077">
        <ele>27.2</ele>
        <time>2026-05-22T19:46:44.000Z</time>
      </trkpt>
      <trkpt lat="40.78595" lon="-73.977097">
        <ele>27.2</ele>
        <time>2026-05-22T19:46:45.000Z</time>
      </trkpt>
      <trkpt lat="40.785952" lon="-73.977104">
        <ele>27.2</ele>
        <time>2026-05-22T19:46:46.000Z</time>
      </trkpt>
      <trkpt lat="40.78596" lon="-73.977126">
        <ele>27</ele>
        <time>2026-05-22T19:46:47.000Z</time>
      </trkpt>
      <trkpt lat="40.785964" lon="-73.977135">
        <ele>27</ele>
        <time>2026-05-22T19:46:48.000Z</time>
      </trkpt>
      <trkpt lat="40.785967" lon="-73.977144">
        <ele>27</ele>
        <time>2026-05-22T19:46:49.000Z</time>
      </trkpt>
      <trkpt lat="40.785972" lon="-73.977157">
        <ele>27</ele>
        <time>2026-05-22T19:46:50.000Z</time>
      </trkpt>
      <trkpt lat="40.785977" lon="-73.977169">
        <ele>27</ele>
        <time>2026-05-22T19:46:51.000Z</time>
      </trkpt>
      <trkpt lat="40.785986" lon="-73.977191">
        <ele>26.8</ele>
        <time>2026-05-22T19:46:52.000Z</time>
      </trkpt>
      <trkpt lat="40.785989" lon="-73.977199">
        <ele>26.8</ele>
        <time>2026-05-22T19:46:53.000Z</time>
      </trkpt>
      <trkpt lat="40.785993" lon="-73.977208">
        <ele>26.8</ele>
        <time>2026-05-22T19:46:54.000Z</time>
      </trkpt>
      <trkpt lat="40.786001" lon="-73.977228">
        <ele>26.6</ele>
        <time>2026-05-22T19:46:55.000Z</time>
      </trkpt>
      <trkpt lat="40.786004" lon="-73.977235">
        <ele>26.6</ele>
        <time>2026-05-22T19:46:56.000Z</time>
      </trkpt>
      <trkpt lat="40.786013" lon="-73.977258">
        <ele>26.4</ele>
        <time>2026-05-22T19:46:57.000Z</time>
      </trkpt>
      <trkpt lat="40.786016" lon="-73.977267">
        <ele>26.4</ele>
        <time>2026-05-22T19:46:58.000Z</time>
      </trkpt>
      <trkpt lat="40.78602" lon="-73.977277">
        <ele>26.2</ele>
        <time>2026-05-22T19:46:59.000Z</time>
      </trkpt>
      <trkpt lat="40.786028" lon="-73.977299">
        <ele>26.2</ele>
        <time>2026-05-22T19:47:00.000Z</time>
      </trkpt>
      <trkpt lat="40.786031" lon="-73.977307">
        <ele>26</ele>
        <time>2026-05-22T19:47:01.000Z</time>
      </trkpt>
      <trkpt lat="40.786034" lon="-73.977316">
        <ele>26</ele>
        <time>2026-05-22T19:47:02.000Z</time>
      </trkpt>
      <trkpt lat="40.786039" lon="-73.977329">
        <ele>26</ele>
        <time>2026-05-22T19:47:03.000Z</time>
      </trkpt>
      <trkpt lat="40.786044" lon="-73.977341">
        <ele>25.8</ele>
        <time>2026-05-22T19:47:04.000Z</time>
      </trkpt>
      <trkpt lat="40.786051" lon="-73.97736">
        <ele>25.8</ele>
        <time>2026-05-22T19:47:05.000Z</time>
      </trkpt>
      <trkpt lat="40.786055" lon="-73.977368">
        <ele>25.8</ele>
        <time>2026-05-22T19:47:06.000Z</time>
      </trkpt>
      <trkpt lat="40.786058" lon="-73.977375">
        <ele>25.8</ele>
        <time>2026-05-22T19:47:07.000Z</time>
      </trkpt>
      <trkpt lat="40.786066" lon="-73.977393">
        <ele>25.8</ele>
        <time>2026-05-22T19:47:08.000Z</time>
      </trkpt>
      <trkpt lat="40.786071" lon="-73.977402">
        <ele>25.8</ele>
        <time>2026-05-22T19:47:09.000Z</time>
      </trkpt>
      <trkpt lat="40.786075" lon="-73.977412">
        <ele>25.6</ele>
        <time>2026-05-22T19:47:10.000Z</time>
      </trkpt>
      <trkpt lat="40.78608" lon="-73.977421">
        <ele>25.6</ele>
        <time>2026-05-22T19:47:11.000Z</time>
      </trkpt>
      <trkpt lat="40.786084" lon="-73.97743">
        <ele>25.4</ele>
        <time>2026-05-22T19:47:12.000Z</time>
      </trkpt>
      <trkpt lat="40.786089" lon="-73.977442">
        <ele>25.2</ele>
        <time>2026-05-22T19:47:13.000Z</time>
      </trkpt>
      <trkpt lat="40.786095" lon="-73.977455">
        <ele>25</ele>
        <time>2026-05-22T19:47:14.000Z</time>
      </trkpt>
      <trkpt lat="40.7861" lon="-73.977468">
        <ele>24.8</ele>
        <time>2026-05-22T19:47:15.000Z</time>
      </trkpt>
      <trkpt lat="40.786106" lon="-73.977484">
        <ele>24.6</ele>
        <time>2026-05-22T19:47:16.000Z</time>
      </trkpt>
      <trkpt lat="40.786111" lon="-73.977498">
        <ele>24.2</ele>
        <time>2026-05-22T19:47:17.000Z</time>
      </trkpt>
      <trkpt lat="40.786116" lon="-73.977511">
        <ele>24</ele>
        <time>2026-05-22T19:47:18.000Z</time>
      </trkpt>
      <trkpt lat="40.786121" lon="-73.977524">
        <ele>23.8</ele>
        <time>2026-05-22T19:47:19.000Z</time>
      </trkpt>
      <trkpt lat="40.786126" lon="-73.977537">
        <ele>23.6</ele>
        <time>2026-05-22T19:47:20.000Z</time>
      </trkpt>
      <trkpt lat="40.786131" lon="-73.977549">
        <ele>23.4</ele>
        <time>2026-05-22T19:47:21.000Z</time>
      </trkpt>
      <trkpt lat="40.786136" lon="-73.977562">
        <ele>23.2</ele>
        <time>2026-05-22T19:47:22.000Z</time>
      </trkpt>
      <trkpt lat="40.786142" lon="-73.977575">
        <ele>23.2</ele>
        <time>2026-05-22T19:47:23.000Z</time>
      </trkpt>
      <trkpt lat="40.786147" lon="-73.977587">
        <ele>23</ele>
        <time>2026-05-22T19:47:24.000Z</time>
      </trkpt>
      <trkpt lat="40.786152" lon="-73.9776">
        <ele>23</ele>
        <time>2026-05-22T19:47:25.000Z</time>
      </trkpt>
      <trkpt lat="40.786158" lon="-73.977613">
        <ele>22.8</ele>
        <time>2026-05-22T19:47:26.000Z</time>
      </trkpt>
      <trkpt lat="40.786163" lon="-73.977625">
        <ele>22.8</ele>
        <time>2026-05-22T19:47:27.000Z</time>
      </trkpt>
      <trkpt lat="40.786169" lon="-73.977638">
        <ele>22.8</ele>
        <time>2026-05-22T19:47:28.000Z</time>
      </trkpt>
      <trkpt lat="40.786174" lon="-73.977651">
        <ele>22.8</ele>
        <time>2026-05-22T19:47:29.000Z</time>
      </trkpt>
      <trkpt lat="40.78618" lon="-73.977664">
        <ele>22.6</ele>
        <time>2026-05-22T19:47:30.000Z</time>
      </trkpt>
      <trkpt lat="40.786185" lon="-73.977678">
        <ele>22.6</ele>
        <time>2026-05-22T19:47:31.000Z</time>
      </trkpt>
      <trkpt lat="40.786191" lon="-73.977692">
        <ele>22.6</ele>
        <time>2026-05-22T19:47:32.000Z</time>
      </trkpt>
      <trkpt lat="40.786198" lon="-73.977705">
        <ele>22.6</ele>
        <time>2026-05-22T19:47:33.000Z</time>
      </trkpt>
      <trkpt lat="40.786204" lon="-73.977719">
        <ele>22.6</ele>
        <time>2026-05-22T19:47:34.000Z</time>
      </trkpt>
      <trkpt lat="40.786211" lon="-73.977733">
        <ele>22.4</ele>
        <time>2026-05-22T19:47:35.000Z</time>
      </trkpt>
      <trkpt lat="40.786219" lon="-73.977747">
        <ele>22.4</ele>
        <time>2026-05-22T19:47:36.000Z</time>
      </trkpt>
      <trkpt lat="40.786226" lon="-73.977761">
        <ele>22.4</ele>
        <time>2026-05-22T19:47:37.000Z</time>
      </trkpt>
      <trkpt lat="40.786233" lon="-73.977774">
        <ele>22.4</ele>
        <time>2026-05-22T19:47:38.000Z</time>
      </trkpt>
      <trkpt lat="40.786241" lon="-73.977788">
        <ele>22.4</ele>
        <time>2026-05-22T19:47:39.000Z</time>
      </trkpt>
      <trkpt lat="40.786248" lon="-73.977802">
        <ele>22.4</ele>
        <time>2026-05-22T19:47:40.000Z</time>
      </trkpt>
      <trkpt lat="40.786255" lon="-73.977816">
        <ele>22.4</ele>
        <time>2026-05-22T19:47:41.000Z</time>
      </trkpt>
      <trkpt lat="40.786263" lon="-73.97783">
        <ele>22.6</ele>
        <time>2026-05-22T19:47:42.000Z</time>
      </trkpt>
      <trkpt lat="40.78627" lon="-73.977843">
        <ele>22.6</ele>
        <time>2026-05-22T19:47:43.000Z</time>
      </trkpt>
      <trkpt lat="40.786277" lon="-73.977857">
        <ele>22.6</ele>
        <time>2026-05-22T19:47:44.000Z</time>
      </trkpt>
      <trkpt lat="40.786284" lon="-73.97787">
        <ele>22.8</ele>
        <time>2026-05-22T19:47:45.000Z</time>
      </trkpt>
      <trkpt lat="40.786291" lon="-73.977883">
        <ele>22.8</ele>
        <time>2026-05-22T19:47:46.000Z</time>
      </trkpt>
      <trkpt lat="40.786297" lon="-73.977897">
        <ele>22.8</ele>
        <time>2026-05-22T19:47:47.000Z</time>
      </trkpt>
      <trkpt lat="40.786303" lon="-73.977911">
        <ele>23</ele>
        <time>2026-05-22T19:47:48.000Z</time>
      </trkpt>
      <trkpt lat="40.78631" lon="-73.977924">
        <ele>23</ele>
        <time>2026-05-22T19:47:49.000Z</time>
      </trkpt>
      <trkpt lat="40.786315" lon="-73.977938">
        <ele>23.2</ele>
        <time>2026-05-22T19:47:50.000Z</time>
      </trkpt>
      <trkpt lat="40.786324" lon="-73.977961">
        <ele>23.2</ele>
        <time>2026-05-22T19:47:51.000Z</time>
      </trkpt>
      <trkpt lat="40.786328" lon="-73.977969">
        <ele>23.4</ele>
        <time>2026-05-22T19:47:52.000Z</time>
      </trkpt>
      <trkpt lat="40.786331" lon="-73.977978">
        <ele>23.4</ele>
        <time>2026-05-22T19:47:53.000Z</time>
      </trkpt>
      <trkpt lat="40.786336" lon="-73.977992">
        <ele>23.6</ele>
        <time>2026-05-22T19:47:54.000Z</time>
      </trkpt>
      <trkpt lat="40.786342" lon="-73.978004">
        <ele>23.8</ele>
        <time>2026-05-22T19:47:55.000Z</time>
      </trkpt>
      <trkpt lat="40.786345" lon="-73.978012">
        <ele>23.8</ele>
        <time>2026-05-22T19:47:56.000Z</time>
      </trkpt>
      <trkpt lat="40.78635" lon="-73.978025">
        <ele>23.8</ele>
        <time>2026-05-22T19:47:57.000Z</time>
      </trkpt>
      <trkpt lat="40.786355" lon="-73.978038">
        <ele>24</ele>
        <time>2026-05-22T19:47:58.000Z</time>
      </trkpt>
      <trkpt lat="40.786361" lon="-73.97805">
        <ele>24</ele>
        <time>2026-05-22T19:47:59.000Z</time>
      </trkpt>
      <trkpt lat="40.786366" lon="-73.978063">
        <ele>24</ele>
        <time>2026-05-22T19:48:00.000Z</time>
      </trkpt>
      <trkpt lat="40.786371" lon="-73.978075">
        <ele>24.2</ele>
        <time>2026-05-22T19:48:01.000Z</time>
      </trkpt>
      <trkpt lat="40.786377" lon="-73.978088">
        <ele>24.2</ele>
        <time>2026-05-22T19:48:02.000Z</time>
      </trkpt>
      <trkpt lat="40.786382" lon="-73.9781">
        <ele>24.2</ele>
        <time>2026-05-22T19:48:03.000Z</time>
      </trkpt>
      <trkpt lat="40.786388" lon="-73.978113">
        <ele>24</ele>
        <time>2026-05-22T19:48:04.000Z</time>
      </trkpt>
      <trkpt lat="40.786396" lon="-73.978131">
        <ele>24</ele>
        <time>2026-05-22T19:48:05.000Z</time>
      </trkpt>
      <trkpt lat="40.786402" lon="-73.978144">
        <ele>24</ele>
        <time>2026-05-22T19:48:06.000Z</time>
      </trkpt>
      <trkpt lat="40.786408" lon="-73.978157">
        <ele>24</ele>
        <time>2026-05-22T19:48:07.000Z</time>
      </trkpt>
      <trkpt lat="40.786414" lon="-73.978169">
        <ele>23.8</ele>
        <time>2026-05-22T19:48:08.000Z</time>
      </trkpt>
      <trkpt lat="40.78642" lon="-73.978182">
        <ele>23.8</ele>
        <time>2026-05-22T19:48:09.000Z</time>
      </trkpt>
      <trkpt lat="40.786425" lon="-73.978195">
        <ele>23.8</ele>
        <time>2026-05-22T19:48:10.000Z</time>
      </trkpt>
      <trkpt lat="40.786431" lon="-73.978208">
        <ele>23.8</ele>
        <time>2026-05-22T19:48:11.000Z</time>
      </trkpt>
      <trkpt lat="40.786437" lon="-73.978221">
        <ele>23.8</ele>
        <time>2026-05-22T19:48:12.000Z</time>
      </trkpt>
      <trkpt lat="40.786442" lon="-73.978234">
        <ele>23.8</ele>
        <time>2026-05-22T19:48:13.000Z</time>
      </trkpt>
      <trkpt lat="40.786448" lon="-73.978247">
        <ele>23.8</ele>
        <time>2026-05-22T19:48:14.000Z</time>
      </trkpt>
      <trkpt lat="40.786453" lon="-73.97826">
        <ele>23.8</ele>
        <time>2026-05-22T19:48:15.000Z</time>
      </trkpt>
      <trkpt lat="40.786459" lon="-73.978272">
        <ele>23.8</ele>
        <time>2026-05-22T19:48:16.000Z</time>
      </trkpt>
      <trkpt lat="40.786459" lon="-73.978272">
        <ele>23.8</ele>
        <time>2026-05-22T19:48:17.000Z</time>
      </trkpt>
      <trkpt lat="40.786466" lon="-73.978291">
        <ele>23.8</ele>
        <time>2026-05-22T19:48:18.000Z</time>
      </trkpt>
      <trkpt lat="40.786471" lon="-73.978304">
        <ele>23.8</ele>
        <time>2026-05-22T19:48:19.000Z</time>
      </trkpt>
      <trkpt lat="40.786479" lon="-73.978324">
        <ele>23.6</ele>
        <time>2026-05-22T19:48:20.000Z</time>
      </trkpt>
      <trkpt lat="40.786483" lon="-73.978338">
        <ele>23.6</ele>
        <time>2026-05-22T19:48:21.000Z</time>
      </trkpt>
      <trkpt lat="40.786488" lon="-73.978351">
        <ele>23.4</ele>
        <time>2026-05-22T19:48:22.000Z</time>
      </trkpt>
      <trkpt lat="40.786492" lon="-73.978364">
        <ele>23.4</ele>
        <time>2026-05-22T19:48:23.000Z</time>
      </trkpt>
      <trkpt lat="40.786496" lon="-73.978378">
        <ele>23.2</ele>
        <time>2026-05-22T19:48:24.000Z</time>
      </trkpt>
      <trkpt lat="40.7865" lon="-73.978391">
        <ele>23</ele>
        <time>2026-05-22T19:48:25.000Z</time>
      </trkpt>
      <trkpt lat="40.786504" lon="-73.978405">
        <ele>22.8</ele>
        <time>2026-05-22T19:48:26.000Z</time>
      </trkpt>
      <trkpt lat="40.786509" lon="-73.978418">
        <ele>22.8</ele>
        <time>2026-05-22T19:48:27.000Z</time>
      </trkpt>
      <trkpt lat="40.786513" lon="-73.978432">
        <ele>22.6</ele>
        <time>2026-05-22T19:48:28.000Z</time>
      </trkpt>
      <trkpt lat="40.786518" lon="-73.978445">
        <ele>22.6</ele>
        <time>2026-05-22T19:48:29.000Z</time>
      </trkpt>
      <trkpt lat="40.786524" lon="-73.978458">
        <ele>22.4</ele>
        <time>2026-05-22T19:48:30.000Z</time>
      </trkpt>
      <trkpt lat="40.786529" lon="-73.978471">
        <ele>22.4</ele>
        <time>2026-05-22T19:48:31.000Z</time>
      </trkpt>
      <trkpt lat="40.786534" lon="-73.978484">
        <ele>22.2</ele>
        <time>2026-05-22T19:48:32.000Z</time>
      </trkpt>
      <trkpt lat="40.786543" lon="-73.978503">
        <ele>22.2</ele>
        <time>2026-05-22T19:48:33.000Z</time>
      </trkpt>
      <trkpt lat="40.786546" lon="-73.978509">
        <ele>22.2</ele>
        <time>2026-05-22T19:48:34.000Z</time>
      </trkpt>
      <trkpt lat="40.786555" lon="-73.978531">
        <ele>22</ele>
        <time>2026-05-22T19:48:35.000Z</time>
      </trkpt>
      <trkpt lat="40.786558" lon="-73.978539">
        <ele>22</ele>
        <time>2026-05-22T19:48:36.000Z</time>
      </trkpt>
      <trkpt lat="40.786562" lon="-73.978548">
        <ele>22</ele>
        <time>2026-05-22T19:48:37.000Z</time>
      </trkpt>
      <trkpt lat="40.786571" lon="-73.978567">
        <ele>21.8</ele>
        <time>2026-05-22T19:48:38.000Z</time>
      </trkpt>
      <trkpt lat="40.786573" lon="-73.978574">
        <ele>21.8</ele>
        <time>2026-05-22T19:48:39.000Z</time>
      </trkpt>
      <trkpt lat="40.786578" lon="-73.978588">
        <ele>21.8</ele>
        <time>2026-05-22T19:48:40.000Z</time>
      </trkpt>
      <trkpt lat="40.786583" lon="-73.978601">
        <ele>21.8</ele>
        <time>2026-05-22T19:48:41.000Z</time>
      </trkpt>
      <trkpt lat="40.786588" lon="-73.978614">
        <ele>21.8</ele>
        <time>2026-05-22T19:48:42.000Z</time>
      </trkpt>
      <trkpt lat="40.786596" lon="-73.978634">
        <ele>21.8</ele>
        <time>2026-05-22T19:48:43.000Z</time>
      </trkpt>
      <trkpt lat="40.786598" lon="-73.978641">
        <ele>21.8</ele>
        <time>2026-05-22T19:48:44.000Z</time>
      </trkpt>
      <trkpt lat="40.786606" lon="-73.978664">
        <ele>21.8</ele>
        <time>2026-05-22T19:48:45.000Z</time>
      </trkpt>
      <trkpt lat="40.78661" lon="-73.978672">
        <ele>21.8</ele>
        <time>2026-05-22T19:48:46.000Z</time>
      </trkpt>
      <trkpt lat="40.786613" lon="-73.978681">
        <ele>21.8</ele>
        <time>2026-05-22T19:48:47.000Z</time>
      </trkpt>
      <trkpt lat="40.786618" lon="-73.978695">
        <ele>21.8</ele>
        <time>2026-05-22T19:48:48.000Z</time>
      </trkpt>
      <trkpt lat="40.786623" lon="-73.978708">
        <ele>21.8</ele>
        <time>2026-05-22T19:48:50.000Z</time>
      </trkpt>
      <trkpt lat="40.786628" lon="-73.978721">
        <ele>21.8</ele>
        <time>2026-05-22T19:48:51.000Z</time>
      </trkpt>
      <trkpt lat="40.786633" lon="-73.978734">
        <ele>21.8</ele>
        <time>2026-05-22T19:48:52.000Z</time>
      </trkpt>
      <trkpt lat="40.786641" lon="-73.978756">
        <ele>21.8</ele>
        <time>2026-05-22T19:48:53.000Z</time>
      </trkpt>
      <trkpt lat="40.786645" lon="-73.978764">
        <ele>21.8</ele>
        <time>2026-05-22T19:48:54.000Z</time>
      </trkpt>
      <trkpt lat="40.786648" lon="-73.978773">
        <ele>22</ele>
        <time>2026-05-22T19:48:55.000Z</time>
      </trkpt>
      <trkpt lat="40.786654" lon="-73.978785">
        <ele>22</ele>
        <time>2026-05-22T19:48:56.000Z</time>
      </trkpt>
      <trkpt lat="40.786659" lon="-73.978797">
        <ele>22</ele>
        <time>2026-05-22T19:48:57.000Z</time>
      </trkpt>
      <trkpt lat="40.786664" lon="-73.978809">
        <ele>22</ele>
        <time>2026-05-22T19:48:58.000Z</time>
      </trkpt>
      <trkpt lat="40.78667" lon="-73.978821">
        <ele>22.2</ele>
        <time>2026-05-22T19:48:59.000Z</time>
      </trkpt>
      <trkpt lat="40.786675" lon="-73.978832">
        <ele>22.2</ele>
        <time>2026-05-22T19:49:00.000Z</time>
      </trkpt>
      <trkpt lat="40.786682" lon="-73.978845">
        <ele>22.2</ele>
        <time>2026-05-22T19:49:01.000Z</time>
      </trkpt>
      <trkpt lat="40.786687" lon="-73.978856">
        <ele>22.2</ele>
        <time>2026-05-22T19:49:02.000Z</time>
      </trkpt>
      <trkpt lat="40.786692" lon="-73.978867">
        <ele>22.2</ele>
        <time>2026-05-22T19:49:03.000Z</time>
      </trkpt>
      <trkpt lat="40.786697" lon="-73.978878">
        <ele>22.2</ele>
        <time>2026-05-22T19:49:04.000Z</time>
      </trkpt>
      <trkpt lat="40.786703" lon="-73.978889">
        <ele>22</ele>
        <time>2026-05-22T19:49:05.000Z</time>
      </trkpt>
      <trkpt lat="40.786711" lon="-73.978907">
        <ele>22</ele>
        <time>2026-05-22T19:49:06.000Z</time>
      </trkpt>
      <trkpt lat="40.786715" lon="-73.978914">
        <ele>22</ele>
        <time>2026-05-22T19:49:07.000Z</time>
      </trkpt>
      <trkpt lat="40.786718" lon="-73.978921">
        <ele>21.8</ele>
        <time>2026-05-22T19:49:08.000Z</time>
      </trkpt>
      <trkpt lat="40.786723" lon="-73.978933">
        <ele>21.6</ele>
        <time>2026-05-22T19:49:09.000Z</time>
      </trkpt>
      <trkpt lat="40.786729" lon="-73.978946">
        <ele>21.6</ele>
        <time>2026-05-22T19:49:10.000Z</time>
      </trkpt>
      <trkpt lat="40.786735" lon="-73.97896">
        <ele>21.4</ele>
        <time>2026-05-22T19:49:11.000Z</time>
      </trkpt>
      <trkpt lat="40.786741" lon="-73.978973">
        <ele>21.4</ele>
        <time>2026-05-22T19:49:12.000Z</time>
      </trkpt>
      <trkpt lat="40.786746" lon="-73.978983">
        <ele>21.2</ele>
        <time>2026-05-22T19:49:13.000Z</time>
      </trkpt>
      <trkpt lat="40.786751" lon="-73.978996">
        <ele>21.2</ele>
        <time>2026-05-22T19:49:14.000Z</time>
      </trkpt>
      <trkpt lat="40.786757" lon="-73.979009">
        <ele>21</ele>
        <time>2026-05-22T19:49:15.000Z</time>
      </trkpt>
      <trkpt lat="40.786762" lon="-73.979021">
        <ele>21</ele>
        <time>2026-05-22T19:49:16.000Z</time>
      </trkpt>
      <trkpt lat="40.786768" lon="-73.979034">
        <ele>20.8</ele>
        <time>2026-05-22T19:49:17.000Z</time>
      </trkpt>
      <trkpt lat="40.786773" lon="-73.979047">
        <ele>20.8</ele>
        <time>2026-05-22T19:49:18.000Z</time>
      </trkpt>
      <trkpt lat="40.786778" lon="-73.979059">
        <ele>20.8</ele>
        <time>2026-05-22T19:49:19.000Z</time>
      </trkpt>
      <trkpt lat="40.786784" lon="-73.979073">
        <ele>20.8</ele>
        <time>2026-05-22T19:49:20.000Z</time>
      </trkpt>
      <trkpt lat="40.78679" lon="-73.979086">
        <ele>20.8</ele>
        <time>2026-05-22T19:49:21.000Z</time>
      </trkpt>
      <trkpt lat="40.786794" lon="-73.979097">
        <ele>20.8</ele>
        <time>2026-05-22T19:49:22.000Z</time>
      </trkpt>
      <trkpt lat="40.7868" lon="-73.97911">
        <ele>20.6</ele>
        <time>2026-05-22T19:49:23.000Z</time>
      </trkpt>
      <trkpt lat="40.786805" lon="-73.979123">
        <ele>20.6</ele>
        <time>2026-05-22T19:49:24.000Z</time>
      </trkpt>
      <trkpt lat="40.78681" lon="-73.979136">
        <ele>20.6</ele>
        <time>2026-05-22T19:49:25.000Z</time>
      </trkpt>
      <trkpt lat="40.786816" lon="-73.979149">
        <ele>20.6</ele>
        <time>2026-05-22T19:49:26.000Z</time>
      </trkpt>
      <trkpt lat="40.786821" lon="-73.979162">
        <ele>20.6</ele>
        <time>2026-05-22T19:49:27.000Z</time>
      </trkpt>
      <trkpt lat="40.786827" lon="-73.979175">
        <ele>20.6</ele>
        <time>2026-05-22T19:49:28.000Z</time>
      </trkpt>
      <trkpt lat="40.786832" lon="-73.979188">
        <ele>20.6</ele>
        <time>2026-05-22T19:49:29.000Z</time>
      </trkpt>
      <trkpt lat="40.786839" lon="-73.979201">
        <ele>20.8</ele>
        <time>2026-05-22T19:49:30.000Z</time>
      </trkpt>
      <trkpt lat="40.786845" lon="-73.979212">
        <ele>20.8</ele>
        <time>2026-05-22T19:49:31.000Z</time>
      </trkpt>
      <trkpt lat="40.786851" lon="-73.979224">
        <ele>20.8</ele>
        <time>2026-05-22T19:49:32.000Z</time>
      </trkpt>
      <trkpt lat="40.786857" lon="-73.979235">
        <ele>20.8</ele>
        <time>2026-05-22T19:49:33.000Z</time>
      </trkpt>
      <trkpt lat="40.786864" lon="-73.979247">
        <ele>20.8</ele>
        <time>2026-05-22T19:49:34.000Z</time>
      </trkpt>
      <trkpt lat="40.78687" lon="-73.979259">
        <ele>20.8</ele>
        <time>2026-05-22T19:49:35.000Z</time>
      </trkpt>
      <trkpt lat="40.786876" lon="-73.97927">
        <ele>20.8</ele>
        <time>2026-05-22T19:49:36.000Z</time>
      </trkpt>
      <trkpt lat="40.786882" lon="-73.979282">
        <ele>20.8</ele>
        <time>2026-05-22T19:49:37.000Z</time>
      </trkpt>
      <trkpt lat="40.786888" lon="-73.979294">
        <ele>20.8</ele>
        <time>2026-05-22T19:49:38.000Z</time>
      </trkpt>
      <trkpt lat="40.786894" lon="-73.979305">
        <ele>20.8</ele>
        <time>2026-05-22T19:49:39.000Z</time>
      </trkpt>
      <trkpt lat="40.786899" lon="-73.979316">
        <ele>20.8</ele>
        <time>2026-05-22T19:49:40.000Z</time>
      </trkpt>
      <trkpt lat="40.786904" lon="-73.979327">
        <ele>20.8</ele>
        <time>2026-05-22T19:49:41.000Z</time>
      </trkpt>
      <trkpt lat="40.786908" lon="-73.979338">
        <ele>20.8</ele>
        <time>2026-05-22T19:49:42.000Z</time>
      </trkpt>
      <trkpt lat="40.786912" lon="-73.979348">
        <ele>20.8</ele>
        <time>2026-05-22T19:49:43.000Z</time>
      </trkpt>
      <trkpt lat="40.786915" lon="-73.979358">
        <ele>20.8</ele>
        <time>2026-05-22T19:49:44.000Z</time>
      </trkpt>
      <trkpt lat="40.786919" lon="-73.979367">
        <ele>20.8</ele>
        <time>2026-05-22T19:49:45.000Z</time>
      </trkpt>
      <trkpt lat="40.786922" lon="-73.979376">
        <ele>20.8</ele>
        <time>2026-05-22T19:49:46.000Z</time>
      </trkpt>
      <trkpt lat="40.786926" lon="-73.979385">
        <ele>20.8</ele>
        <time>2026-05-22T19:49:47.000Z</time>
      </trkpt>
      <trkpt lat="40.78693" lon="-73.979393">
        <ele>20.6</ele>
        <time>2026-05-22T19:49:48.000Z</time>
      </trkpt>
      <trkpt lat="40.786935" lon="-73.979399">
        <ele>20.6</ele>
        <time>2026-05-22T19:49:49.000Z</time>
      </trkpt>
      <trkpt lat="40.78694" lon="-73.979403">
        <ele>20.6</ele>
        <time>2026-05-22T19:49:50.000Z</time>
      </trkpt>
      <trkpt lat="40.786946" lon="-73.979406">
        <ele>20.6</ele>
        <time>2026-05-22T19:49:51.000Z</time>
      </trkpt>
      <trkpt lat="40.786953" lon="-73.979407">
        <ele>20.6</ele>
        <time>2026-05-22T19:49:52.000Z</time>
      </trkpt>
      <trkpt lat="40.78696" lon="-73.979407">
        <ele>20.6</ele>
        <time>2026-05-22T19:49:53.000Z</time>
      </trkpt>
      <trkpt lat="40.786968" lon="-73.979405">
        <ele>20.4</ele>
        <time>2026-05-22T19:49:54.000Z</time>
      </trkpt>
      <trkpt lat="40.786976" lon="-73.979402">
        <ele>20.4</ele>
        <time>2026-05-22T19:49:55.000Z</time>
      </trkpt>
      <trkpt lat="40.786985" lon="-73.979397">
        <ele>20.4</ele>
        <time>2026-05-22T19:49:56.000Z</time>
      </trkpt>
      <trkpt lat="40.786995" lon="-73.979393">
        <ele>20.4</ele>
        <time>2026-05-22T19:49:57.000Z</time>
      </trkpt>
      <trkpt lat="40.787004" lon="-73.979387">
        <ele>20.4</ele>
        <time>2026-05-22T19:49:58.000Z</time>
      </trkpt>
      <trkpt lat="40.787014" lon="-73.97938">
        <ele>20.4</ele>
        <time>2026-05-22T19:49:59.000Z</time>
      </trkpt>
      <trkpt lat="40.787023" lon="-73.979373">
        <ele>20.4</ele>
        <time>2026-05-22T19:50:00.000Z</time>
      </trkpt>
      <trkpt lat="40.787033" lon="-73.979365">
        <ele>20.4</ele>
        <time>2026-05-22T19:50:01.000Z</time>
      </trkpt>
      <trkpt lat="40.787042" lon="-73.979357">
        <ele>20.4</ele>
        <time>2026-05-22T19:50:02.000Z</time>
      </trkpt>
      <trkpt lat="40.787052" lon="-73.97935">
        <ele>20.4</ele>
        <time>2026-05-22T19:50:03.000Z</time>
      </trkpt>
      <trkpt lat="40.787062" lon="-73.979342">
        <ele>20.4</ele>
        <time>2026-05-22T19:50:04.000Z</time>
      </trkpt>
      <trkpt lat="40.787072" lon="-73.979335">
        <ele>20.4</ele>
        <time>2026-05-22T19:50:05.000Z</time>
      </trkpt>
      <trkpt lat="40.787082" lon="-73.979328">
        <ele>20.4</ele>
        <time>2026-05-22T19:50:06.000Z</time>
      </trkpt>
      <trkpt lat="40.787092" lon="-73.979321">
        <ele>20.4</ele>
        <time>2026-05-22T19:50:07.000Z</time>
      </trkpt>
      <trkpt lat="40.787102" lon="-73.979313">
        <ele>20.4</ele>
        <time>2026-05-22T19:50:08.000Z</time>
      </trkpt>
      <trkpt lat="40.787112" lon="-73.979306">
        <ele>20.4</ele>
        <time>2026-05-22T19:50:09.000Z</time>
      </trkpt>
      <trkpt lat="40.787123" lon="-73.979299">
        <ele>20.4</ele>
        <time>2026-05-22T19:50:10.000Z</time>
      </trkpt>
      <trkpt lat="40.787133" lon="-73.979292">
        <ele>20.4</ele>
        <time>2026-05-22T19:50:11.000Z</time>
      </trkpt>
      <trkpt lat="40.787143" lon="-73.979285">
        <ele>20.4</ele>
        <time>2026-05-22T19:50:12.000Z</time>
      </trkpt>
      <trkpt lat="40.787153" lon="-73.979278">
        <ele>20.4</ele>
        <time>2026-05-22T19:50:13.000Z</time>
      </trkpt>
      <trkpt lat="40.787163" lon="-73.979271">
        <ele>20.6</ele>
        <time>2026-05-22T19:50:14.000Z</time>
      </trkpt>
      <trkpt lat="40.787173" lon="-73.979264">
        <ele>20.6</ele>
        <time>2026-05-22T19:50:15.000Z</time>
      </trkpt>
      <trkpt lat="40.787183" lon="-73.979257">
        <ele>20.6</ele>
        <time>2026-05-22T19:50:16.000Z</time>
      </trkpt>
      <trkpt lat="40.787193" lon="-73.97925">
        <ele>20.6</ele>
        <time>2026-05-22T19:50:17.000Z</time>
      </trkpt>
      <trkpt lat="40.78721" lon="-73.979238">
        <ele>20.6</ele>
        <time>2026-05-22T19:50:18.000Z</time>
      </trkpt>
      <trkpt lat="40.787217" lon="-73.979232">
        <ele>20.6</ele>
        <time>2026-05-22T19:50:19.000Z</time>
      </trkpt>
      <trkpt lat="40.787225" lon="-73.979227">
        <ele>20.6</ele>
        <time>2026-05-22T19:50:20.000Z</time>
      </trkpt>
      <trkpt lat="40.787232" lon="-73.979221">
        <ele>20.6</ele>
        <time>2026-05-22T19:50:21.000Z</time>
      </trkpt>
      <trkpt lat="40.787239" lon="-73.979216">
        <ele>20.8</ele>
        <time>2026-05-22T19:50:22.000Z</time>
      </trkpt>
      <trkpt lat="40.787248" lon="-73.979209">
        <ele>20.8</ele>
        <time>2026-05-22T19:50:23.000Z</time>
      </trkpt>
      <trkpt lat="40.787256" lon="-73.979203">
        <ele>20.8</ele>
        <time>2026-05-22T19:50:24.000Z</time>
      </trkpt>
      <trkpt lat="40.787265" lon="-73.979196">
        <ele>20.8</ele>
        <time>2026-05-22T19:50:25.000Z</time>
      </trkpt>
      <trkpt lat="40.787274" lon="-73.97919">
        <ele>20.8</ele>
        <time>2026-05-22T19:50:26.000Z</time>
      </trkpt>
      <trkpt lat="40.787282" lon="-73.979184">
        <ele>20.8</ele>
        <time>2026-05-22T19:50:27.000Z</time>
      </trkpt>
      <trkpt lat="40.787291" lon="-73.979178">
        <ele>20.8</ele>
        <time>2026-05-22T19:50:28.000Z</time>
      </trkpt>
      <trkpt lat="40.787299" lon="-73.979172">
        <ele>21</ele>
        <time>2026-05-22T19:50:29.000Z</time>
      </trkpt>
      <trkpt lat="40.787308" lon="-73.979166">
        <ele>21</ele>
        <time>2026-05-22T19:50:30.000Z</time>
      </trkpt>
      <trkpt lat="40.787316" lon="-73.979159">
        <ele>21</ele>
        <time>2026-05-22T19:50:31.000Z</time>
      </trkpt>
      <trkpt lat="40.787324" lon="-73.979153">
        <ele>21</ele>
        <time>2026-05-22T19:50:32.000Z</time>
      </trkpt>
      <trkpt lat="40.787333" lon="-73.979147">
        <ele>21</ele>
        <time>2026-05-22T19:50:33.000Z</time>
      </trkpt>
      <trkpt lat="40.787341" lon="-73.979141">
        <ele>21</ele>
        <time>2026-05-22T19:50:34.000Z</time>
      </trkpt>
      <trkpt lat="40.78735" lon="-73.979134">
        <ele>21</ele>
        <time>2026-05-22T19:50:35.000Z</time>
      </trkpt>
      <trkpt lat="40.787359" lon="-73.979127">
        <ele>21</ele>
        <time>2026-05-22T19:50:36.000Z</time>
      </trkpt>
      <trkpt lat="40.787367" lon="-73.97912">
        <ele>21</ele>
        <time>2026-05-22T19:50:37.000Z</time>
      </trkpt>
      <trkpt lat="40.787377" lon="-73.979113">
        <ele>21</ele>
        <time>2026-05-22T19:50:38.000Z</time>
      </trkpt>
      <trkpt lat="40.787386" lon="-73.979105">
        <ele>21</ele>
        <time>2026-05-22T19:50:39.000Z</time>
      </trkpt>
      <trkpt lat="40.787396" lon="-73.979097">
        <ele>21</ele>
        <time>2026-05-22T19:50:40.000Z</time>
      </trkpt>
      <trkpt lat="40.787406" lon="-73.979089">
        <ele>20.8</ele>
        <time>2026-05-22T19:50:41.000Z</time>
      </trkpt>
      <trkpt lat="40.787415" lon="-73.97908">
        <ele>20.8</ele>
        <time>2026-05-22T19:50:42.000Z</time>
      </trkpt>
      <trkpt lat="40.787425" lon="-73.979072">
        <ele>20.6</ele>
        <time>2026-05-22T19:50:43.000Z</time>
      </trkpt>
      <trkpt lat="40.787435" lon="-73.979064">
        <ele>20.4</ele>
        <time>2026-05-22T19:50:44.000Z</time>
      </trkpt>
      <trkpt lat="40.787449" lon="-73.979054">
        <ele>20.2</ele>
        <time>2026-05-22T19:50:45.000Z</time>
      </trkpt>
      <trkpt lat="40.78746" lon="-73.979046">
        <ele>20</ele>
        <time>2026-05-22T19:50:46.000Z</time>
      </trkpt>
      <trkpt lat="40.78747" lon="-73.979038">
        <ele>20</ele>
        <time>2026-05-22T19:50:47.000Z</time>
      </trkpt>
      <trkpt lat="40.787481" lon="-73.97903">
        <ele>19.8</ele>
        <time>2026-05-22T19:50:48.000Z</time>
      </trkpt>
      <trkpt lat="40.787492" lon="-73.979023">
        <ele>19.8</ele>
        <time>2026-05-22T19:50:49.000Z</time>
      </trkpt>
      <trkpt lat="40.787503" lon="-73.979015">
        <ele>19.8</ele>
        <time>2026-05-22T19:50:50.000Z</time>
      </trkpt>
      <trkpt lat="40.787514" lon="-73.979007">
        <ele>19.8</ele>
        <time>2026-05-22T19:50:51.000Z</time>
      </trkpt>
      <trkpt lat="40.787526" lon="-73.979">
        <ele>19.8</ele>
        <time>2026-05-22T19:50:52.000Z</time>
      </trkpt>
      <trkpt lat="40.787537" lon="-73.978992">
        <ele>20</ele>
        <time>2026-05-22T19:50:53.000Z</time>
      </trkpt>
      <trkpt lat="40.787548" lon="-73.978985">
        <ele>20.2</ele>
        <time>2026-05-22T19:50:54.000Z</time>
      </trkpt>
      <trkpt lat="40.787559" lon="-73.978978">
        <ele>20.4</ele>
        <time>2026-05-22T19:50:55.000Z</time>
      </trkpt>
      <trkpt lat="40.787565" lon="-73.978973">
        <ele>20.4</ele>
        <time>2026-05-22T19:50:56.000Z</time>
      </trkpt>
      <trkpt lat="40.787576" lon="-73.978966">
        <ele>20.6</ele>
        <time>2026-05-22T19:50:57.000Z</time>
      </trkpt>
      <trkpt lat="40.787587" lon="-73.978959">
        <ele>20.8</ele>
        <time>2026-05-22T19:50:58.000Z</time>
      </trkpt>
      <trkpt lat="40.787597" lon="-73.978951">
        <ele>20.8</ele>
        <time>2026-05-22T19:50:59.000Z</time>
      </trkpt>
      <trkpt lat="40.787607" lon="-73.978944">
        <ele>20.8</ele>
        <time>2026-05-22T19:51:00.000Z</time>
      </trkpt>
      <trkpt lat="40.787617" lon="-73.978937">
        <ele>21</ele>
        <time>2026-05-22T19:51:01.000Z</time>
      </trkpt>
      <trkpt lat="40.787626" lon="-73.978929">
        <ele>21</ele>
        <time>2026-05-22T19:51:02.000Z</time>
      </trkpt>
      <trkpt lat="40.787636" lon="-73.978921">
        <ele>21</ele>
        <time>2026-05-22T19:51:03.000Z</time>
      </trkpt>
      <trkpt lat="40.787645" lon="-73.978913">
        <ele>21</ele>
        <time>2026-05-22T19:51:04.000Z</time>
      </trkpt>
      <trkpt lat="40.787655" lon="-73.978905">
        <ele>21</ele>
        <time>2026-05-22T19:51:05.000Z</time>
      </trkpt>
      <trkpt lat="40.787664" lon="-73.978897">
        <ele>20.8</ele>
        <time>2026-05-22T19:51:06.000Z</time>
      </trkpt>
      <trkpt lat="40.787673" lon="-73.978888">
        <ele>20.8</ele>
        <time>2026-05-22T19:51:07.000Z</time>
      </trkpt>
      <trkpt lat="40.787682" lon="-73.978879">
        <ele>20.8</ele>
        <time>2026-05-22T19:51:08.000Z</time>
      </trkpt>
      <trkpt lat="40.78769" lon="-73.97887">
        <ele>20.8</ele>
        <time>2026-05-22T19:51:09.000Z</time>
      </trkpt>
      <trkpt lat="40.787698" lon="-73.978861">
        <ele>20.8</ele>
        <time>2026-05-22T19:51:10.000Z</time>
      </trkpt>
      <trkpt lat="40.787706" lon="-73.978853">
        <ele>20.8</ele>
        <time>2026-05-22T19:51:11.000Z</time>
      </trkpt>
      <trkpt lat="40.787715" lon="-73.978846">
        <ele>20.8</ele>
        <time>2026-05-22T19:51:12.000Z</time>
      </trkpt>
      <trkpt lat="40.787724" lon="-73.978839">
        <ele>20.8</ele>
        <time>2026-05-22T19:51:13.000Z</time>
      </trkpt>
      <trkpt lat="40.787733" lon="-73.978833">
        <ele>20.8</ele>
        <time>2026-05-22T19:51:14.000Z</time>
      </trkpt>
      <trkpt lat="40.787742" lon="-73.978827">
        <ele>20.8</ele>
        <time>2026-05-22T19:51:15.000Z</time>
      </trkpt>
      <trkpt lat="40.787751" lon="-73.978822">
        <ele>20.8</ele>
        <time>2026-05-22T19:51:16.000Z</time>
      </trkpt>
      <trkpt lat="40.787761" lon="-73.978817">
        <ele>20.8</ele>
        <time>2026-05-22T19:51:17.000Z</time>
      </trkpt>
      <trkpt lat="40.787771" lon="-73.978812">
        <ele>20.8</ele>
        <time>2026-05-22T19:51:18.000Z</time>
      </trkpt>
      <trkpt lat="40.787781" lon="-73.978806">
        <ele>20.8</ele>
        <time>2026-05-22T19:51:19.000Z</time>
      </trkpt>
      <trkpt lat="40.787791" lon="-73.978801">
        <ele>20.8</ele>
        <time>2026-05-22T19:51:20.000Z</time>
      </trkpt>
      <trkpt lat="40.787801" lon="-73.978795">
        <ele>20.8</ele>
        <time>2026-05-22T19:51:21.000Z</time>
      </trkpt>
      <trkpt lat="40.787812" lon="-73.978789">
        <ele>20.8</ele>
        <time>2026-05-22T19:51:22.000Z</time>
      </trkpt>
      <trkpt lat="40.787822" lon="-73.978783">
        <ele>20.8</ele>
        <time>2026-05-22T19:51:23.000Z</time>
      </trkpt>
      <trkpt lat="40.787833" lon="-73.978777">
        <ele>20.8</ele>
        <time>2026-05-22T19:51:24.000Z</time>
      </trkpt>
      <trkpt lat="40.787843" lon="-73.97877">
        <ele>20.8</ele>
        <time>2026-05-22T19:51:25.000Z</time>
      </trkpt>
      <trkpt lat="40.787854" lon="-73.978763">
        <ele>20.8</ele>
        <time>2026-05-22T19:51:26.000Z</time>
      </trkpt>
      <trkpt lat="40.787864" lon="-73.978756">
        <ele>20.8</ele>
        <time>2026-05-22T19:51:27.000Z</time>
      </trkpt>
      <trkpt lat="40.787875" lon="-73.978749">
        <ele>20.8</ele>
        <time>2026-05-22T19:51:28.000Z</time>
      </trkpt>
      <trkpt lat="40.787886" lon="-73.978742">
        <ele>20.8</ele>
        <time>2026-05-22T19:51:29.000Z</time>
      </trkpt>
      <trkpt lat="40.787897" lon="-73.978734">
        <ele>20.8</ele>
        <time>2026-05-22T19:51:30.000Z</time>
      </trkpt>
      <trkpt lat="40.787908" lon="-73.978727">
        <ele>20.8</ele>
        <time>2026-05-22T19:51:31.000Z</time>
      </trkpt>
      <trkpt lat="40.787919" lon="-73.978719">
        <ele>20.8</ele>
        <time>2026-05-22T19:51:32.000Z</time>
      </trkpt>
      <trkpt lat="40.78793" lon="-73.978712">
        <ele>20.8</ele>
        <time>2026-05-22T19:51:33.000Z</time>
      </trkpt>
      <trkpt lat="40.78794" lon="-73.978704">
        <ele>20.8</ele>
        <time>2026-05-22T19:51:34.000Z</time>
      </trkpt>
      <trkpt lat="40.787951" lon="-73.978697">
        <ele>20.8</ele>
        <time>2026-05-22T19:51:35.000Z</time>
      </trkpt>
      <trkpt lat="40.787961" lon="-73.978689">
        <ele>20.8</ele>
        <time>2026-05-22T19:51:36.000Z</time>
      </trkpt>
      <trkpt lat="40.787971" lon="-73.978682">
        <ele>20.8</ele>
        <time>2026-05-22T19:51:37.000Z</time>
      </trkpt>
      <trkpt lat="40.787981" lon="-73.978674">
        <ele>20.8</ele>
        <time>2026-05-22T19:51:38.000Z</time>
      </trkpt>
      <trkpt lat="40.787992" lon="-73.978667">
        <ele>20.8</ele>
        <time>2026-05-22T19:51:39.000Z</time>
      </trkpt>
      <trkpt lat="40.788002" lon="-73.97866">
        <ele>20.8</ele>
        <time>2026-05-22T19:51:40.000Z</time>
      </trkpt>
      <trkpt lat="40.788012" lon="-73.978653">
        <ele>21</ele>
        <time>2026-05-22T19:51:41.000Z</time>
      </trkpt>
      <trkpt lat="40.788021" lon="-73.978646">
        <ele>21</ele>
        <time>2026-05-22T19:51:42.000Z</time>
      </trkpt>
      <trkpt lat="40.78803" lon="-73.978639">
        <ele>21</ele>
        <time>2026-05-22T19:51:43.000Z</time>
      </trkpt>
      <trkpt lat="40.788039" lon="-73.978632">
        <ele>21</ele>
        <time>2026-05-22T19:51:44.000Z</time>
      </trkpt>
      <trkpt lat="40.788048" lon="-73.978626">
        <ele>21</ele>
        <time>2026-05-22T19:51:45.000Z</time>
      </trkpt>
      <trkpt lat="40.788057" lon="-73.978619">
        <ele>21</ele>
        <time>2026-05-22T19:51:46.000Z</time>
      </trkpt>
      <trkpt lat="40.788066" lon="-73.978613">
        <ele>21</ele>
        <time>2026-05-22T19:51:47.000Z</time>
      </trkpt>
      <trkpt lat="40.788074" lon="-73.978607">
        <ele>21</ele>
        <time>2026-05-22T19:51:48.000Z</time>
      </trkpt>
      <trkpt lat="40.788083" lon="-73.9786">
        <ele>21</ele>
        <time>2026-05-22T19:51:49.000Z</time>
      </trkpt>
      <trkpt lat="40.788091" lon="-73.978594">
        <ele>21</ele>
        <time>2026-05-22T19:51:50.000Z</time>
      </trkpt>
      <trkpt lat="40.7881" lon="-73.978587">
        <ele>21</ele>
        <time>2026-05-22T19:51:51.000Z</time>
      </trkpt>
      <trkpt lat="40.788108" lon="-73.978581">
        <ele>21</ele>
        <time>2026-05-22T19:51:52.000Z</time>
      </trkpt>
      <trkpt lat="40.788117" lon="-73.978574">
        <ele>21</ele>
        <time>2026-05-22T19:51:53.000Z</time>
      </trkpt>
      <trkpt lat="40.788126" lon="-73.978568">
        <ele>21</ele>
        <time>2026-05-22T19:51:54.000Z</time>
      </trkpt>
      <trkpt lat="40.788136" lon="-73.978561">
        <ele>21</ele>
        <time>2026-05-22T19:51:55.000Z</time>
      </trkpt>
      <trkpt lat="40.788145" lon="-73.978554">
        <ele>21</ele>
        <time>2026-05-22T19:51:56.000Z</time>
      </trkpt>
      <trkpt lat="40.788154" lon="-73.978547">
        <ele>21</ele>
        <time>2026-05-22T19:51:57.000Z</time>
      </trkpt>
      <trkpt lat="40.788164" lon="-73.97854">
        <ele>21</ele>
        <time>2026-05-22T19:51:58.000Z</time>
      </trkpt>
      <trkpt lat="40.788179" lon="-73.97853">
        <ele>21</ele>
        <time>2026-05-22T19:51:59.000Z</time>
      </trkpt>
      <trkpt lat="40.788183" lon="-73.978526">
        <ele>21</ele>
        <time>2026-05-22T19:52:00.000Z</time>
      </trkpt>
      <trkpt lat="40.788199" lon="-73.978514">
        <ele>21</ele>
        <time>2026-05-22T19:52:01.000Z</time>
      </trkpt>
      <trkpt lat="40.788206" lon="-73.97851">
        <ele>21</ele>
        <time>2026-05-22T19:52:02.000Z</time>
      </trkpt>
      <trkpt lat="40.788212" lon="-73.978505">
        <ele>21</ele>
        <time>2026-05-22T19:52:03.000Z</time>
      </trkpt>
      <trkpt lat="40.788222" lon="-73.978498">
        <ele>21</ele>
        <time>2026-05-22T19:52:04.000Z</time>
      </trkpt>
      <trkpt lat="40.788232" lon="-73.978491">
        <ele>21</ele>
        <time>2026-05-22T19:52:05.000Z</time>
      </trkpt>
      <trkpt lat="40.788241" lon="-73.978484">
        <ele>21</ele>
        <time>2026-05-22T19:52:06.000Z</time>
      </trkpt>
      <trkpt lat="40.788251" lon="-73.978477">
        <ele>21</ele>
        <time>2026-05-22T19:52:07.000Z</time>
      </trkpt>
      <trkpt lat="40.788258" lon="-73.978472">
        <ele>21</ele>
        <time>2026-05-22T19:52:08.000Z</time>
      </trkpt>
      <trkpt lat="40.788268" lon="-73.978465">
        <ele>21</ele>
        <time>2026-05-22T19:52:09.000Z</time>
      </trkpt>
      <trkpt lat="40.788277" lon="-73.978458">
        <ele>21</ele>
        <time>2026-05-22T19:52:10.000Z</time>
      </trkpt>
      <trkpt lat="40.788293" lon="-73.978447">
        <ele>21</ele>
        <time>2026-05-22T19:52:11.000Z</time>
      </trkpt>
      <trkpt lat="40.788299" lon="-73.978442">
        <ele>21</ele>
        <time>2026-05-22T19:52:12.000Z</time>
      </trkpt>
      <trkpt lat="40.788305" lon="-73.978438">
        <ele>21</ele>
        <time>2026-05-22T19:52:13.000Z</time>
      </trkpt>
      <trkpt lat="40.788316" lon="-73.97843">
        <ele>21</ele>
        <time>2026-05-22T19:52:14.000Z</time>
      </trkpt>
      <trkpt lat="40.788326" lon="-73.978423">
        <ele>21</ele>
        <time>2026-05-22T19:52:15.000Z</time>
      </trkpt>
      <trkpt lat="40.788334" lon="-73.978417">
        <ele>21</ele>
        <time>2026-05-22T19:52:16.000Z</time>
      </trkpt>
      <trkpt lat="40.788344" lon="-73.97841">
        <ele>21</ele>
        <time>2026-05-22T19:52:17.000Z</time>
      </trkpt>
      <trkpt lat="40.788353" lon="-73.978402">
        <ele>21</ele>
        <time>2026-05-22T19:52:18.000Z</time>
      </trkpt>
      <trkpt lat="40.788364" lon="-73.978395">
        <ele>21</ele>
        <time>2026-05-22T19:52:19.000Z</time>
      </trkpt>
      <trkpt lat="40.788374" lon="-73.978388">
        <ele>21</ele>
        <time>2026-05-22T19:52:20.000Z</time>
      </trkpt>
      <trkpt lat="40.788383" lon="-73.978381">
        <ele>21</ele>
        <time>2026-05-22T19:52:21.000Z</time>
      </trkpt>
      <trkpt lat="40.788392" lon="-73.978374">
        <ele>21</ele>
        <time>2026-05-22T19:52:22.000Z</time>
      </trkpt>
      <trkpt lat="40.788402" lon="-73.978367">
        <ele>21</ele>
        <time>2026-05-22T19:52:23.000Z</time>
      </trkpt>
      <trkpt lat="40.78841" lon="-73.978361">
        <ele>21</ele>
        <time>2026-05-22T19:52:24.000Z</time>
      </trkpt>
      <trkpt lat="40.788419" lon="-73.978354">
        <ele>21</ele>
        <time>2026-05-22T19:52:25.000Z</time>
      </trkpt>
      <trkpt lat="40.788428" lon="-73.978348">
        <ele>21</ele>
        <time>2026-05-22T19:52:26.000Z</time>
      </trkpt>
      <trkpt lat="40.788436" lon="-73.978341">
        <ele>21</ele>
        <time>2026-05-22T19:52:27.000Z</time>
      </trkpt>
      <trkpt lat="40.788445" lon="-73.978335">
        <ele>21.2</ele>
        <time>2026-05-22T19:52:28.000Z</time>
      </trkpt>
      <trkpt lat="40.788453" lon="-73.978328">
        <ele>21</ele>
        <time>2026-05-22T19:52:29.000Z</time>
      </trkpt>
      <trkpt lat="40.788461" lon="-73.978321">
        <ele>21</ele>
        <time>2026-05-22T19:52:30.000Z</time>
      </trkpt>
      <trkpt lat="40.78847" lon="-73.978314">
        <ele>21</ele>
        <time>2026-05-22T19:52:31.000Z</time>
      </trkpt>
      <trkpt lat="40.788479" lon="-73.978307">
        <ele>21</ele>
        <time>2026-05-22T19:52:32.000Z</time>
      </trkpt>
      <trkpt lat="40.788489" lon="-73.978299">
        <ele>21</ele>
        <time>2026-05-22T19:52:33.000Z</time>
      </trkpt>
      <trkpt lat="40.788498" lon="-73.97829">
        <ele>21</ele>
        <time>2026-05-22T19:52:34.000Z</time>
      </trkpt>
      <trkpt lat="40.788508" lon="-73.978282">
        <ele>21</ele>
        <time>2026-05-22T19:52:35.000Z</time>
      </trkpt>
      <trkpt lat="40.788517" lon="-73.978273">
        <ele>21</ele>
        <time>2026-05-22T19:52:36.000Z</time>
      </trkpt>
      <trkpt lat="40.788527" lon="-73.978264">
        <ele>21</ele>
        <time>2026-05-22T19:52:37.000Z</time>
      </trkpt>
      <trkpt lat="40.788536" lon="-73.978255">
        <ele>21.2</ele>
        <time>2026-05-22T19:52:38.000Z</time>
      </trkpt>
      <trkpt lat="40.788546" lon="-73.978245">
        <ele>21.2</ele>
        <time>2026-05-22T19:52:39.000Z</time>
      </trkpt>
      <trkpt lat="40.788556" lon="-73.978236">
        <ele>21.2</ele>
        <time>2026-05-22T19:52:40.000Z</time>
      </trkpt>
      <trkpt lat="40.788566" lon="-73.978227">
        <ele>21.2</ele>
        <time>2026-05-22T19:52:41.000Z</time>
      </trkpt>
      <trkpt lat="40.788576" lon="-73.978219">
        <ele>21.2</ele>
        <time>2026-05-22T19:52:42.000Z</time>
      </trkpt>
      <trkpt lat="40.788587" lon="-73.978212">
        <ele>21.4</ele>
        <time>2026-05-22T19:52:43.000Z</time>
      </trkpt>
      <trkpt lat="40.788597" lon="-73.978205">
        <ele>21.4</ele>
        <time>2026-05-22T19:52:44.000Z</time>
      </trkpt>
      <trkpt lat="40.788608" lon="-73.978199">
        <ele>21.4</ele>
        <time>2026-05-22T19:52:45.000Z</time>
      </trkpt>
      <trkpt lat="40.788619" lon="-73.978193">
        <ele>21.6</ele>
        <time>2026-05-22T19:52:46.000Z</time>
      </trkpt>
      <trkpt lat="40.78863" lon="-73.978187">
        <ele>21.6</ele>
        <time>2026-05-22T19:52:47.000Z</time>
      </trkpt>
      <trkpt lat="40.788641" lon="-73.978182">
        <ele>21.6</ele>
        <time>2026-05-22T19:52:48.000Z</time>
      </trkpt>
      <trkpt lat="40.788652" lon="-73.978175">
        <ele>21.6</ele>
        <time>2026-05-22T19:52:49.000Z</time>
      </trkpt>
      <trkpt lat="40.788662" lon="-73.978169">
        <ele>21.6</ele>
        <time>2026-05-22T19:52:50.000Z</time>
      </trkpt>
      <trkpt lat="40.788672" lon="-73.978162">
        <ele>21.6</ele>
        <time>2026-05-22T19:52:51.000Z</time>
      </trkpt>
      <trkpt lat="40.788682" lon="-73.978155">
        <ele>21.6</ele>
        <time>2026-05-22T19:52:52.000Z</time>
      </trkpt>
      <trkpt lat="40.788692" lon="-73.978148">
        <ele>21.6</ele>
        <time>2026-05-22T19:52:53.000Z</time>
      </trkpt>
      <trkpt lat="40.788702" lon="-73.978141">
        <ele>21.6</ele>
        <time>2026-05-22T19:52:54.000Z</time>
      </trkpt>
      <trkpt lat="40.788712" lon="-73.978133">
        <ele>21.6</ele>
        <time>2026-05-22T19:52:55.000Z</time>
      </trkpt>
      <trkpt lat="40.788722" lon="-73.978126">
        <ele>21.6</ele>
        <time>2026-05-22T19:52:56.000Z</time>
      </trkpt>
      <trkpt lat="40.788731" lon="-73.978119">
        <ele>21.6</ele>
        <time>2026-05-22T19:52:57.000Z</time>
      </trkpt>
      <trkpt lat="40.788741" lon="-73.978112">
        <ele>21.4</ele>
        <time>2026-05-22T19:52:58.000Z</time>
      </trkpt>
      <trkpt lat="40.788751" lon="-73.978106">
        <ele>21.4</ele>
        <time>2026-05-22T19:52:59.000Z</time>
      </trkpt>
      <trkpt lat="40.788761" lon="-73.978099">
        <ele>21.4</ele>
        <time>2026-05-22T19:53:00.000Z</time>
      </trkpt>
      <trkpt lat="40.788771" lon="-73.978093">
        <ele>21.4</ele>
        <time>2026-05-22T19:53:01.000Z</time>
      </trkpt>
      <trkpt lat="40.78878" lon="-73.978087">
        <ele>21.4</ele>
        <time>2026-05-22T19:53:02.000Z</time>
      </trkpt>
      <trkpt lat="40.78879" lon="-73.97808">
        <ele>21.4</ele>
        <time>2026-05-22T19:53:03.000Z</time>
      </trkpt>
      <trkpt lat="40.7888" lon="-73.978074">
        <ele>21.4</ele>
        <time>2026-05-22T19:53:04.000Z</time>
      </trkpt>
      <trkpt lat="40.78881" lon="-73.978068">
        <ele>21.4</ele>
        <time>2026-05-22T19:53:05.000Z</time>
      </trkpt>
      <trkpt lat="40.78882" lon="-73.978061">
        <ele>21.4</ele>
        <time>2026-05-22T19:53:06.000Z</time>
      </trkpt>
      <trkpt lat="40.78883" lon="-73.978055">
        <ele>21.4</ele>
        <time>2026-05-22T19:53:07.000Z</time>
      </trkpt>
      <trkpt lat="40.78884" lon="-73.978048">
        <ele>21.4</ele>
        <time>2026-05-22T19:53:08.000Z</time>
      </trkpt>
      <trkpt lat="40.78885" lon="-73.978041">
        <ele>21.4</ele>
        <time>2026-05-22T19:53:09.000Z</time>
      </trkpt>
      <trkpt lat="40.78886" lon="-73.978034">
        <ele>21.4</ele>
        <time>2026-05-22T19:53:10.000Z</time>
      </trkpt>
      <trkpt lat="40.78887" lon="-73.978026">
        <ele>21.4</ele>
        <time>2026-05-22T19:53:11.000Z</time>
      </trkpt>
      <trkpt lat="40.788881" lon="-73.978018">
        <ele>21.4</ele>
        <time>2026-05-22T19:53:12.000Z</time>
      </trkpt>
      <trkpt lat="40.788892" lon="-73.97801">
        <ele>21.4</ele>
        <time>2026-05-22T19:53:13.000Z</time>
      </trkpt>
      <trkpt lat="40.788902" lon="-73.978002">
        <ele>21.4</ele>
        <time>2026-05-22T19:53:14.000Z</time>
      </trkpt>
      <trkpt lat="40.788913" lon="-73.977994">
        <ele>21.4</ele>
        <time>2026-05-22T19:53:15.000Z</time>
      </trkpt>
      <trkpt lat="40.788924" lon="-73.977986">
        <ele>21.4</ele>
        <time>2026-05-22T19:53:16.000Z</time>
      </trkpt>
      <trkpt lat="40.788935" lon="-73.977978">
        <ele>21.4</ele>
        <time>2026-05-22T19:53:17.000Z</time>
      </trkpt>
      <trkpt lat="40.788946" lon="-73.97797">
        <ele>21.4</ele>
        <time>2026-05-22T19:53:18.000Z</time>
      </trkpt>
      <trkpt lat="40.788957" lon="-73.977962">
        <ele>21.4</ele>
        <time>2026-05-22T19:53:19.000Z</time>
      </trkpt>
      <trkpt lat="40.788968" lon="-73.977954">
        <ele>21.4</ele>
        <time>2026-05-22T19:53:20.000Z</time>
      </trkpt>
      <trkpt lat="40.788979" lon="-73.977947">
        <ele>21.4</ele>
        <time>2026-05-22T19:53:21.000Z</time>
      </trkpt>
      <trkpt lat="40.788989" lon="-73.97794">
        <ele>21.4</ele>
        <time>2026-05-22T19:53:22.000Z</time>
      </trkpt>
      <trkpt lat="40.789" lon="-73.977933">
        <ele>21.4</ele>
        <time>2026-05-22T19:53:23.000Z</time>
      </trkpt>
      <trkpt lat="40.78901" lon="-73.977926">
        <ele>21.4</ele>
        <time>2026-05-22T19:53:24.000Z</time>
      </trkpt>
      <trkpt lat="40.78902" lon="-73.977919">
        <ele>21.4</ele>
        <time>2026-05-22T19:53:25.000Z</time>
      </trkpt>
      <trkpt lat="40.789031" lon="-73.977912">
        <ele>21.6</ele>
        <time>2026-05-22T19:53:26.000Z</time>
      </trkpt>
      <trkpt lat="40.789041" lon="-73.977905">
        <ele>21.6</ele>
        <time>2026-05-22T19:53:27.000Z</time>
      </trkpt>
      <trkpt lat="40.789051" lon="-73.977898">
        <ele>21.6</ele>
        <time>2026-05-22T19:53:28.000Z</time>
      </trkpt>
      <trkpt lat="40.789062" lon="-73.97789">
        <ele>21.6</ele>
        <time>2026-05-22T19:53:29.000Z</time>
      </trkpt>
      <trkpt lat="40.789072" lon="-73.977883">
        <ele>21.6</ele>
        <time>2026-05-22T19:53:30.000Z</time>
      </trkpt>
      <trkpt lat="40.789082" lon="-73.977874">
        <ele>21.8</ele>
        <time>2026-05-22T19:53:31.000Z</time>
      </trkpt>
      <trkpt lat="40.789093" lon="-73.977866">
        <ele>21.8</ele>
        <time>2026-05-22T19:53:32.000Z</time>
      </trkpt>
      <trkpt lat="40.789103" lon="-73.977858">
        <ele>21.8</ele>
        <time>2026-05-22T19:53:33.000Z</time>
      </trkpt>
      <trkpt lat="40.789113" lon="-73.977849">
        <ele>21.8</ele>
        <time>2026-05-22T19:53:34.000Z</time>
      </trkpt>
      <trkpt lat="40.789123" lon="-73.977841">
        <ele>22</ele>
        <time>2026-05-22T19:53:35.000Z</time>
      </trkpt>
      <trkpt lat="40.789133" lon="-73.977833">
        <ele>22</ele>
        <time>2026-05-22T19:53:36.000Z</time>
      </trkpt>
      <trkpt lat="40.789142" lon="-73.977825">
        <ele>22</ele>
        <time>2026-05-22T19:53:37.000Z</time>
      </trkpt>
      <trkpt lat="40.789152" lon="-73.977817">
        <ele>22.2</ele>
        <time>2026-05-22T19:53:38.000Z</time>
      </trkpt>
      <trkpt lat="40.789162" lon="-73.977809">
        <ele>22.2</ele>
        <time>2026-05-22T19:53:39.000Z</time>
      </trkpt>
      <trkpt lat="40.789169" lon="-73.977804">
        <ele>22.2</ele>
        <time>2026-05-22T19:53:40.000Z</time>
      </trkpt>
      <trkpt lat="40.789178" lon="-73.977796">
        <ele>22.4</ele>
        <time>2026-05-22T19:53:41.000Z</time>
      </trkpt>
      <trkpt lat="40.789188" lon="-73.977789">
        <ele>22.4</ele>
        <time>2026-05-22T19:53:42.000Z</time>
      </trkpt>
      <trkpt lat="40.789197" lon="-73.977781">
        <ele>22.4</ele>
        <time>2026-05-22T19:53:43.000Z</time>
      </trkpt>
      <trkpt lat="40.789207" lon="-73.977773">
        <ele>22.4</ele>
        <time>2026-05-22T19:53:44.000Z</time>
      </trkpt>
      <trkpt lat="40.789216" lon="-73.977765">
        <ele>22.6</ele>
        <time>2026-05-22T19:53:45.000Z</time>
      </trkpt>
      <trkpt lat="40.789225" lon="-73.977757">
        <ele>22.6</ele>
        <time>2026-05-22T19:53:46.000Z</time>
      </trkpt>
      <trkpt lat="40.789235" lon="-73.977749">
        <ele>22.6</ele>
        <time>2026-05-22T19:53:47.000Z</time>
      </trkpt>
      <trkpt lat="40.789245" lon="-73.977741">
        <ele>22.6</ele>
        <time>2026-05-22T19:53:48.000Z</time>
      </trkpt>
      <trkpt lat="40.789254" lon="-73.977733">
        <ele>22.6</ele>
        <time>2026-05-22T19:53:49.000Z</time>
      </trkpt>
      <trkpt lat="40.789264" lon="-73.977725">
        <ele>22.6</ele>
        <time>2026-05-22T19:53:50.000Z</time>
      </trkpt>
      <trkpt lat="40.789274" lon="-73.977717">
        <ele>22.6</ele>
        <time>2026-05-22T19:53:51.000Z</time>
      </trkpt>
      <trkpt lat="40.789283" lon="-73.97771">
        <ele>22.6</ele>
        <time>2026-05-22T19:53:52.000Z</time>
      </trkpt>
      <trkpt lat="40.789293" lon="-73.977703">
        <ele>22.6</ele>
        <time>2026-05-22T19:53:53.000Z</time>
      </trkpt>
      <trkpt lat="40.789302" lon="-73.977696">
        <ele>22.6</ele>
        <time>2026-05-22T19:53:54.000Z</time>
      </trkpt>
      <trkpt lat="40.789311" lon="-73.977689">
        <ele>22.6</ele>
        <time>2026-05-22T19:53:55.000Z</time>
      </trkpt>
      <trkpt lat="40.789321" lon="-73.977682">
        <ele>22.6</ele>
        <time>2026-05-22T19:53:56.000Z</time>
      </trkpt>
      <trkpt lat="40.789335" lon="-73.977672">
        <ele>22.4</ele>
        <time>2026-05-22T19:53:57.000Z</time>
      </trkpt>
      <trkpt lat="40.789345" lon="-73.977665">
        <ele>22.4</ele>
        <time>2026-05-22T19:53:58.000Z</time>
      </trkpt>
      <trkpt lat="40.789355" lon="-73.977658">
        <ele>22.4</ele>
        <time>2026-05-22T19:53:59.000Z</time>
      </trkpt>
      <trkpt lat="40.789365" lon="-73.977651">
        <ele>22.4</ele>
        <time>2026-05-22T19:54:00.000Z</time>
      </trkpt>
      <trkpt lat="40.789376" lon="-73.977643">
        <ele>22.4</ele>
        <time>2026-05-22T19:54:01.000Z</time>
      </trkpt>
      <trkpt lat="40.789387" lon="-73.977636">
        <ele>22.4</ele>
        <time>2026-05-22T19:54:02.000Z</time>
      </trkpt>
      <trkpt lat="40.789398" lon="-73.977628">
        <ele>22.4</ele>
        <time>2026-05-22T19:54:03.000Z</time>
      </trkpt>
      <trkpt lat="40.789408" lon="-73.97762">
        <ele>22.4</ele>
        <time>2026-05-22T19:54:04.000Z</time>
      </trkpt>
      <trkpt lat="40.789419" lon="-73.977612">
        <ele>22.4</ele>
        <time>2026-05-22T19:54:05.000Z</time>
      </trkpt>
      <trkpt lat="40.78943" lon="-73.977604">
        <ele>22.4</ele>
        <time>2026-05-22T19:54:06.000Z</time>
      </trkpt>
      <trkpt lat="40.789441" lon="-73.977596">
        <ele>22.4</ele>
        <time>2026-05-22T19:54:07.000Z</time>
      </trkpt>
      <trkpt lat="40.789451" lon="-73.977588">
        <ele>22.4</ele>
        <time>2026-05-22T19:54:08.000Z</time>
      </trkpt>
      <trkpt lat="40.789462" lon="-73.977579">
        <ele>22.4</ele>
        <time>2026-05-22T19:54:09.000Z</time>
      </trkpt>
      <trkpt lat="40.789472" lon="-73.977571">
        <ele>22.4</ele>
        <time>2026-05-22T19:54:10.000Z</time>
      </trkpt>
      <trkpt lat="40.789483" lon="-73.977563">
        <ele>22.4</ele>
        <time>2026-05-22T19:54:11.000Z</time>
      </trkpt>
      <trkpt lat="40.789493" lon="-73.977555">
        <ele>22.4</ele>
        <time>2026-05-22T19:54:12.000Z</time>
      </trkpt>
      <trkpt lat="40.789504" lon="-73.977547">
        <ele>22.4</ele>
        <time>2026-05-22T19:54:13.000Z</time>
      </trkpt>
      <trkpt lat="40.789514" lon="-73.977539">
        <ele>22.4</ele>
        <time>2026-05-22T19:54:14.000Z</time>
      </trkpt>
      <trkpt lat="40.789524" lon="-73.977531">
        <ele>22.4</ele>
        <time>2026-05-22T19:54:15.000Z</time>
      </trkpt>
      <trkpt lat="40.789534" lon="-73.977523">
        <ele>22.4</ele>
        <time>2026-05-22T19:54:16.000Z</time>
      </trkpt>
      <trkpt lat="40.789544" lon="-73.977515">
        <ele>22.4</ele>
        <time>2026-05-22T19:54:17.000Z</time>
      </trkpt>
      <trkpt lat="40.789554" lon="-73.977507">
        <ele>22.6</ele>
        <time>2026-05-22T19:54:18.000Z</time>
      </trkpt>
      <trkpt lat="40.789564" lon="-73.977499">
        <ele>22.6</ele>
        <time>2026-05-22T19:54:19.000Z</time>
      </trkpt>
      <trkpt lat="40.789574" lon="-73.977491">
        <ele>22.6</ele>
        <time>2026-05-22T19:54:20.000Z</time>
      </trkpt>
      <trkpt lat="40.789584" lon="-73.977484">
        <ele>22.6</ele>
        <time>2026-05-22T19:54:21.000Z</time>
      </trkpt>
      <trkpt lat="40.789594" lon="-73.977476">
        <ele>22.6</ele>
        <time>2026-05-22T19:54:22.000Z</time>
      </trkpt>
      <trkpt lat="40.789604" lon="-73.977468">
        <ele>22.8</ele>
        <time>2026-05-22T19:54:23.000Z</time>
      </trkpt>
      <trkpt lat="40.789614" lon="-73.977461">
        <ele>22.8</ele>
        <time>2026-05-22T19:54:24.000Z</time>
      </trkpt>
      <trkpt lat="40.789624" lon="-73.977453">
        <ele>22.8</ele>
        <time>2026-05-22T19:54:25.000Z</time>
      </trkpt>
      <trkpt lat="40.789634" lon="-73.977446">
        <ele>22.8</ele>
        <time>2026-05-22T19:54:26.000Z</time>
      </trkpt>
      <trkpt lat="40.789645" lon="-73.977438">
        <ele>23</ele>
        <time>2026-05-22T19:54:27.000Z</time>
      </trkpt>
      <trkpt lat="40.789655" lon="-73.97743">
        <ele>23</ele>
        <time>2026-05-22T19:54:28.000Z</time>
      </trkpt>
      <trkpt lat="40.789666" lon="-73.977422">
        <ele>23</ele>
        <time>2026-05-22T19:54:29.000Z</time>
      </trkpt>
      <trkpt lat="40.789676" lon="-73.977415">
        <ele>23.2</ele>
        <time>2026-05-22T19:54:30.000Z</time>
      </trkpt>
      <trkpt lat="40.789687" lon="-73.977408">
        <ele>23.2</ele>
        <time>2026-05-22T19:54:31.000Z</time>
      </trkpt>
      <trkpt lat="40.789697" lon="-73.977401">
        <ele>23.2</ele>
        <time>2026-05-22T19:54:32.000Z</time>
      </trkpt>
      <trkpt lat="40.789708" lon="-73.977395">
        <ele>23.2</ele>
        <time>2026-05-22T19:54:33.000Z</time>
      </trkpt>
      <trkpt lat="40.789718" lon="-73.977389">
        <ele>23.4</ele>
        <time>2026-05-22T19:54:34.000Z</time>
      </trkpt>
      <trkpt lat="40.789728" lon="-73.977383">
        <ele>23.4</ele>
        <time>2026-05-22T19:54:35.000Z</time>
      </trkpt>
      <trkpt lat="40.789738" lon="-73.977378">
        <ele>23.4</ele>
        <time>2026-05-22T19:54:36.000Z</time>
      </trkpt>
      <trkpt lat="40.789748" lon="-73.977372">
        <ele>23.4</ele>
        <time>2026-05-22T19:54:37.000Z</time>
      </trkpt>
      <trkpt lat="40.789758" lon="-73.977367">
        <ele>23.4</ele>
        <time>2026-05-22T19:54:38.000Z</time>
      </trkpt>
      <trkpt lat="40.789768" lon="-73.977362">
        <ele>23.6</ele>
        <time>2026-05-22T19:54:39.000Z</time>
      </trkpt>
      <trkpt lat="40.789778" lon="-73.977358">
        <ele>23.6</ele>
        <time>2026-05-22T19:54:40.000Z</time>
      </trkpt>
      <trkpt lat="40.789787" lon="-73.977353">
        <ele>23.6</ele>
        <time>2026-05-22T19:54:41.000Z</time>
      </trkpt>
      <trkpt lat="40.789796" lon="-73.977349">
        <ele>23.6</ele>
        <time>2026-05-22T19:54:42.000Z</time>
      </trkpt>
      <trkpt lat="40.789804" lon="-73.977344">
        <ele>23.6</ele>
        <time>2026-05-22T19:54:43.000Z</time>
      </trkpt>
      <trkpt lat="40.789812" lon="-73.97734">
        <ele>23.6</ele>
        <time>2026-05-22T19:54:44.000Z</time>
      </trkpt>
      <trkpt lat="40.78982" lon="-73.977335">
        <ele>23.6</ele>
        <time>2026-05-22T19:54:45.000Z</time>
      </trkpt>
      <trkpt lat="40.789827" lon="-73.97733">
        <ele>23.6</ele>
        <time>2026-05-22T19:54:46.000Z</time>
      </trkpt>
      <trkpt lat="40.789834" lon="-73.977325">
        <ele>23.8</ele>
        <time>2026-05-22T19:54:47.000Z</time>
      </trkpt>
      <trkpt lat="40.789841" lon="-73.97732">
        <ele>23.8</ele>
        <time>2026-05-22T19:54:48.000Z</time>
      </trkpt>
      <trkpt lat="40.789848" lon="-73.977316">
        <ele>23.8</ele>
        <time>2026-05-22T19:54:49.000Z</time>
      </trkpt>
      <trkpt lat="40.789854" lon="-73.977311">
        <ele>23.8</ele>
        <time>2026-05-22T19:54:50.000Z</time>
      </trkpt>
      <trkpt lat="40.78986" lon="-73.977307">
        <ele>23.8</ele>
        <time>2026-05-22T19:54:51.000Z</time>
      </trkpt>
      <trkpt lat="40.78986" lon="-73.977307">
        <ele>23.8</ele>
        <time>2026-05-22T19:54:52.000Z</time>
      </trkpt>
      <trkpt lat="40.789867" lon="-73.977302">
        <ele>24</ele>
        <time>2026-05-22T19:54:53.000Z</time>
      </trkpt>
      <trkpt lat="40.789874" lon="-73.977297">
        <ele>24</ele>
        <time>2026-05-22T19:54:54.000Z</time>
      </trkpt>
      <trkpt lat="40.789883" lon="-73.97729">
        <ele>24</ele>
        <time>2026-05-22T19:54:55.000Z</time>
      </trkpt>
      <trkpt lat="40.78989" lon="-73.977284">
        <ele>24</ele>
        <time>2026-05-22T19:54:56.000Z</time>
      </trkpt>
      <trkpt lat="40.789897" lon="-73.977278">
        <ele>24</ele>
        <time>2026-05-22T19:54:57.000Z</time>
      </trkpt>
      <trkpt lat="40.789905" lon="-73.977273">
        <ele>24</ele>
        <time>2026-05-22T19:54:58.000Z</time>
      </trkpt>
      <trkpt lat="40.789912" lon="-73.977267">
        <ele>24.2</ele>
        <time>2026-05-22T19:54:59.000Z</time>
      </trkpt>
      <trkpt lat="40.789918" lon="-73.977262">
        <ele>24.2</ele>
        <time>2026-05-22T19:55:00.000Z</time>
      </trkpt>
      <trkpt lat="40.789925" lon="-73.977256">
        <ele>24.2</ele>
        <time>2026-05-22T19:55:01.000Z</time>
      </trkpt>
      <trkpt lat="40.789933" lon="-73.97725">
        <ele>24.2</ele>
        <time>2026-05-22T19:55:02.000Z</time>
      </trkpt>
      <trkpt lat="40.789941" lon="-73.977244">
        <ele>24.2</ele>
        <time>2026-05-22T19:55:03.000Z</time>
      </trkpt>
      <trkpt lat="40.789949" lon="-73.977238">
        <ele>24.2</ele>
        <time>2026-05-22T19:55:04.000Z</time>
      </trkpt>
      <trkpt lat="40.789957" lon="-73.977232">
        <ele>24.2</ele>
        <time>2026-05-22T19:55:05.000Z</time>
      </trkpt>
      <trkpt lat="40.789966" lon="-73.977224">
        <ele>24.2</ele>
        <time>2026-05-22T19:55:06.000Z</time>
      </trkpt>
      <trkpt lat="40.789974" lon="-73.977218">
        <ele>24.2</ele>
        <time>2026-05-22T19:55:07.000Z</time>
      </trkpt>
      <trkpt lat="40.789982" lon="-73.977213">
        <ele>24.4</ele>
        <time>2026-05-22T19:55:08.000Z</time>
      </trkpt>
      <trkpt lat="40.789991" lon="-73.977207">
        <ele>24.4</ele>
        <time>2026-05-22T19:55:09.000Z</time>
      </trkpt>
      <trkpt lat="40.789999" lon="-73.977201">
        <ele>24.4</ele>
        <time>2026-05-22T19:55:10.000Z</time>
      </trkpt>
      <trkpt lat="40.790008" lon="-73.977195">
        <ele>24.4</ele>
        <time>2026-05-22T19:55:11.000Z</time>
      </trkpt>
      <trkpt lat="40.790015" lon="-73.97719">
        <ele>24.4</ele>
        <time>2026-05-22T19:55:12.000Z</time>
      </trkpt>
      <trkpt lat="40.790024" lon="-73.977184">
        <ele>24.4</ele>
        <time>2026-05-22T19:55:13.000Z</time>
      </trkpt>
      <trkpt lat="40.790033" lon="-73.977178">
        <ele>24.4</ele>
        <time>2026-05-22T19:55:14.000Z</time>
      </trkpt>
      <trkpt lat="40.790043" lon="-73.977172">
        <ele>24.4</ele>
        <time>2026-05-22T19:55:15.000Z</time>
      </trkpt>
      <trkpt lat="40.790052" lon="-73.977165">
        <ele>24.4</ele>
        <time>2026-05-22T19:55:16.000Z</time>
      </trkpt>
      <trkpt lat="40.790062" lon="-73.977159">
        <ele>24.4</ele>
        <time>2026-05-22T19:55:17.000Z</time>
      </trkpt>
      <trkpt lat="40.790071" lon="-73.977153">
        <ele>24.4</ele>
        <time>2026-05-22T19:55:18.000Z</time>
      </trkpt>
      <trkpt lat="40.79008" lon="-73.977147">
        <ele>24.4</ele>
        <time>2026-05-22T19:55:19.000Z</time>
      </trkpt>
      <trkpt lat="40.79009" lon="-73.97714">
        <ele>24.4</ele>
        <time>2026-05-22T19:55:20.000Z</time>
      </trkpt>
      <trkpt lat="40.790099" lon="-73.977134">
        <ele>24.4</ele>
        <time>2026-05-22T19:55:21.000Z</time>
      </trkpt>
      <trkpt lat="40.790108" lon="-73.977127">
        <ele>24.4</ele>
        <time>2026-05-22T19:55:22.000Z</time>
      </trkpt>
      <trkpt lat="40.790117" lon="-73.977121">
        <ele>24.4</ele>
        <time>2026-05-22T19:55:23.000Z</time>
      </trkpt>
      <trkpt lat="40.790134" lon="-73.977108">
        <ele>24.6</ele>
        <time>2026-05-22T19:55:24.000Z</time>
      </trkpt>
      <trkpt lat="40.790142" lon="-73.977101">
        <ele>24.6</ele>
        <time>2026-05-22T19:55:25.000Z</time>
      </trkpt>
      <trkpt lat="40.790151" lon="-73.977095">
        <ele>24.6</ele>
        <time>2026-05-22T19:55:26.000Z</time>
      </trkpt>
      <trkpt lat="40.790159" lon="-73.977088">
        <ele>24.6</ele>
        <time>2026-05-22T19:55:27.000Z</time>
      </trkpt>
      <trkpt lat="40.790167" lon="-73.977082">
        <ele>24.6</ele>
        <time>2026-05-22T19:55:28.000Z</time>
      </trkpt>
      <trkpt lat="40.790175" lon="-73.977075">
        <ele>24.6</ele>
        <time>2026-05-22T19:55:29.000Z</time>
      </trkpt>
      <trkpt lat="40.790185" lon="-73.977066">
        <ele>24.8</ele>
        <time>2026-05-22T19:55:30.000Z</time>
      </trkpt>
      <trkpt lat="40.790195" lon="-73.977058">
        <ele>24.8</ele>
        <time>2026-05-22T19:55:31.000Z</time>
      </trkpt>
      <trkpt lat="40.790205" lon="-73.977049">
        <ele>24.8</ele>
        <time>2026-05-22T19:55:32.000Z</time>
      </trkpt>
      <trkpt lat="40.790215" lon="-73.97704">
        <ele>24.8</ele>
        <time>2026-05-22T19:55:33.000Z</time>
      </trkpt>
      <trkpt lat="40.790225" lon="-73.977031">
        <ele>24.8</ele>
        <time>2026-05-22T19:55:34.000Z</time>
      </trkpt>
      <trkpt lat="40.790235" lon="-73.977022">
        <ele>24.8</ele>
        <time>2026-05-22T19:55:35.000Z</time>
      </trkpt>
      <trkpt lat="40.790245" lon="-73.977012">
        <ele>24.8</ele>
        <time>2026-05-22T19:55:36.000Z</time>
      </trkpt>
      <trkpt lat="40.790255" lon="-73.977002">
        <ele>24.8</ele>
        <time>2026-05-22T19:55:37.000Z</time>
      </trkpt>
      <trkpt lat="40.790265" lon="-73.976992">
        <ele>24.8</ele>
        <time>2026-05-22T19:55:38.000Z</time>
      </trkpt>
      <trkpt lat="40.790275" lon="-73.976981">
        <ele>24.8</ele>
        <time>2026-05-22T19:55:39.000Z</time>
      </trkpt>
      <trkpt lat="40.790285" lon="-73.97697">
        <ele>24.8</ele>
        <time>2026-05-22T19:55:40.000Z</time>
      </trkpt>
      <trkpt lat="40.790295" lon="-73.976959">
        <ele>24.8</ele>
        <time>2026-05-22T19:55:41.000Z</time>
      </trkpt>
      <trkpt lat="40.790306" lon="-73.976948">
        <ele>24.8</ele>
        <time>2026-05-22T19:55:42.000Z</time>
      </trkpt>
      <trkpt lat="40.790316" lon="-73.976937">
        <ele>24.8</ele>
        <time>2026-05-22T19:55:43.000Z</time>
      </trkpt>
      <trkpt lat="40.790327" lon="-73.976927">
        <ele>24.8</ele>
        <time>2026-05-22T19:55:44.000Z</time>
      </trkpt>
      <trkpt lat="40.790337" lon="-73.976917">
        <ele>24.8</ele>
        <time>2026-05-22T19:55:45.000Z</time>
      </trkpt>
      <trkpt lat="40.790348" lon="-73.976907">
        <ele>24.8</ele>
        <time>2026-05-22T19:55:46.000Z</time>
      </trkpt>
      <trkpt lat="40.790358" lon="-73.976898">
        <ele>24.8</ele>
        <time>2026-05-22T19:55:47.000Z</time>
      </trkpt>
      <trkpt lat="40.790368" lon="-73.97689">
        <ele>24.8</ele>
        <time>2026-05-22T19:55:48.000Z</time>
      </trkpt>
      <trkpt lat="40.790378" lon="-73.976882">
        <ele>24.8</ele>
        <time>2026-05-22T19:55:49.000Z</time>
      </trkpt>
      <trkpt lat="40.790388" lon="-73.976875">
        <ele>25</ele>
        <time>2026-05-22T19:55:50.000Z</time>
      </trkpt>
      <trkpt lat="40.790398" lon="-73.976869">
        <ele>25</ele>
        <time>2026-05-22T19:55:51.000Z</time>
      </trkpt>
      <trkpt lat="40.790409" lon="-73.976863">
        <ele>25</ele>
        <time>2026-05-22T19:55:52.000Z</time>
      </trkpt>
      <trkpt lat="40.790419" lon="-73.976858">
        <ele>25</ele>
        <time>2026-05-22T19:55:53.000Z</time>
      </trkpt>
      <trkpt lat="40.790429" lon="-73.976853">
        <ele>25</ele>
        <time>2026-05-22T19:55:54.000Z</time>
      </trkpt>
      <trkpt lat="40.790438" lon="-73.976849">
        <ele>25</ele>
        <time>2026-05-22T19:55:55.000Z</time>
      </trkpt>
      <trkpt lat="40.790448" lon="-73.976844">
        <ele>25</ele>
        <time>2026-05-22T19:55:56.000Z</time>
      </trkpt>
      <trkpt lat="40.790458" lon="-73.97684">
        <ele>25</ele>
        <time>2026-05-22T19:55:57.000Z</time>
      </trkpt>
      <trkpt lat="40.790467" lon="-73.976836">
        <ele>25</ele>
        <time>2026-05-22T19:55:58.000Z</time>
      </trkpt>
      <trkpt lat="40.790477" lon="-73.976832">
        <ele>25.2</ele>
        <time>2026-05-22T19:55:59.000Z</time>
      </trkpt>
      <trkpt lat="40.790486" lon="-73.976828">
        <ele>25.2</ele>
        <time>2026-05-22T19:56:00.000Z</time>
      </trkpt>
      <trkpt lat="40.790495" lon="-73.976825">
        <ele>25.2</ele>
        <time>2026-05-22T19:56:01.000Z</time>
      </trkpt>
      <trkpt lat="40.790505" lon="-73.976821">
        <ele>25.2</ele>
        <time>2026-05-22T19:56:02.000Z</time>
      </trkpt>
      <trkpt lat="40.790514" lon="-73.976818">
        <ele>25.2</ele>
        <time>2026-05-22T19:56:03.000Z</time>
      </trkpt>
      <trkpt lat="40.790522" lon="-73.976814">
        <ele>25.2</ele>
        <time>2026-05-22T19:56:04.000Z</time>
      </trkpt>
      <trkpt lat="40.790532" lon="-73.976809">
        <ele>25</ele>
        <time>2026-05-22T19:56:05.000Z</time>
      </trkpt>
      <trkpt lat="40.790542" lon="-73.976804">
        <ele>25</ele>
        <time>2026-05-22T19:56:06.000Z</time>
      </trkpt>
      <trkpt lat="40.790551" lon="-73.976798">
        <ele>25</ele>
        <time>2026-05-22T19:56:07.000Z</time>
      </trkpt>
      <trkpt lat="40.790568" lon="-73.976786">
        <ele>25</ele>
        <time>2026-05-22T19:56:08.000Z</time>
      </trkpt>
      <trkpt lat="40.790574" lon="-73.976782">
        <ele>25</ele>
        <time>2026-05-22T19:56:09.000Z</time>
      </trkpt>
      <trkpt lat="40.790581" lon="-73.976777">
        <ele>25</ele>
        <time>2026-05-22T19:56:10.000Z</time>
      </trkpt>
      <trkpt lat="40.790591" lon="-73.976771">
        <ele>25.2</ele>
        <time>2026-05-22T19:56:11.000Z</time>
      </trkpt>
      <trkpt lat="40.7906" lon="-73.976764">
        <ele>25.2</ele>
        <time>2026-05-22T19:56:12.000Z</time>
      </trkpt>
      <trkpt lat="40.79061" lon="-73.976757">
        <ele>25.2</ele>
        <time>2026-05-22T19:56:13.000Z</time>
      </trkpt>
      <trkpt lat="40.790621" lon="-73.97675">
        <ele>25.2</ele>
        <time>2026-05-22T19:56:14.000Z</time>
      </trkpt>
      <trkpt lat="40.790631" lon="-73.976742">
        <ele>25.2</ele>
        <time>2026-05-22T19:56:15.000Z</time>
      </trkpt>
      <trkpt lat="40.790649" lon="-73.976729">
        <ele>25.2</ele>
        <time>2026-05-22T19:56:16.000Z</time>
      </trkpt>
      <trkpt lat="40.790655" lon="-73.976723">
        <ele>25.2</ele>
        <time>2026-05-22T19:56:17.000Z</time>
      </trkpt>
      <trkpt lat="40.790662" lon="-73.976718">
        <ele>25.2</ele>
        <time>2026-05-22T19:56:18.000Z</time>
      </trkpt>
      <trkpt lat="40.790672" lon="-73.97671">
        <ele>25.2</ele>
        <time>2026-05-22T19:56:19.000Z</time>
      </trkpt>
      <trkpt lat="40.790682" lon="-73.976702">
        <ele>25.2</ele>
        <time>2026-05-22T19:56:20.000Z</time>
      </trkpt>
      <trkpt lat="40.790694" lon="-73.976692">
        <ele>25.2</ele>
        <time>2026-05-22T19:56:21.000Z</time>
      </trkpt>
      <trkpt lat="40.790704" lon="-73.976683">
        <ele>25.2</ele>
        <time>2026-05-22T19:56:22.000Z</time>
      </trkpt>
      <trkpt lat="40.790713" lon="-73.976674">
        <ele>25.2</ele>
        <time>2026-05-22T19:56:23.000Z</time>
      </trkpt>
      <trkpt lat="40.790723" lon="-73.976666">
        <ele>25.2</ele>
        <time>2026-05-22T19:56:24.000Z</time>
      </trkpt>
      <trkpt lat="40.790733" lon="-73.976658">
        <ele>25.2</ele>
        <time>2026-05-22T19:56:25.000Z</time>
      </trkpt>
      <trkpt lat="40.790743" lon="-73.976651">
        <ele>25.2</ele>
        <time>2026-05-22T19:56:26.000Z</time>
      </trkpt>
      <trkpt lat="40.790751" lon="-73.976646">
        <ele>25.2</ele>
        <time>2026-05-22T19:56:27.000Z</time>
      </trkpt>
      <trkpt lat="40.790762" lon="-73.97664">
        <ele>25.2</ele>
        <time>2026-05-22T19:56:28.000Z</time>
      </trkpt>
      <trkpt lat="40.790772" lon="-73.976633">
        <ele>25.2</ele>
        <time>2026-05-22T19:56:29.000Z</time>
      </trkpt>
      <trkpt lat="40.790782" lon="-73.976627">
        <ele>25.2</ele>
        <time>2026-05-22T19:56:30.000Z</time>
      </trkpt>
      <trkpt lat="40.790801" lon="-73.976616">
        <ele>25.2</ele>
        <time>2026-05-22T19:56:31.000Z</time>
      </trkpt>
      <trkpt lat="40.790808" lon="-73.976611">
        <ele>25.2</ele>
        <time>2026-05-22T19:56:32.000Z</time>
      </trkpt>
      <trkpt lat="40.790816" lon="-73.976606">
        <ele>25.2</ele>
        <time>2026-05-22T19:56:33.000Z</time>
      </trkpt>
      <trkpt lat="40.790826" lon="-73.976599">
        <ele>25.2</ele>
        <time>2026-05-22T19:56:34.000Z</time>
      </trkpt>
      <trkpt lat="40.790836" lon="-73.976592">
        <ele>25.2</ele>
        <time>2026-05-22T19:56:35.000Z</time>
      </trkpt>
      <trkpt lat="40.790846" lon="-73.976585">
        <ele>25.2</ele>
        <time>2026-05-22T19:56:36.000Z</time>
      </trkpt>
      <trkpt lat="40.790856" lon="-73.976578">
        <ele>25.2</ele>
        <time>2026-05-22T19:56:37.000Z</time>
      </trkpt>
      <trkpt lat="40.790865" lon="-73.976571">
        <ele>25.2</ele>
        <time>2026-05-22T19:56:38.000Z</time>
      </trkpt>
      <trkpt lat="40.790875" lon="-73.976564">
        <ele>25.2</ele>
        <time>2026-05-22T19:56:39.000Z</time>
      </trkpt>
      <trkpt lat="40.790885" lon="-73.976557">
        <ele>25.2</ele>
        <time>2026-05-22T19:56:40.000Z</time>
      </trkpt>
      <trkpt lat="40.790894" lon="-73.976551">
        <ele>25.2</ele>
        <time>2026-05-22T19:56:41.000Z</time>
      </trkpt>
      <trkpt lat="40.790904" lon="-73.976545">
        <ele>25.4</ele>
        <time>2026-05-22T19:56:42.000Z</time>
      </trkpt>
      <trkpt lat="40.790913" lon="-73.976539">
        <ele>25.4</ele>
        <time>2026-05-22T19:56:43.000Z</time>
      </trkpt>
      <trkpt lat="40.790923" lon="-73.976533">
        <ele>25.4</ele>
        <time>2026-05-22T19:56:44.000Z</time>
      </trkpt>
      <trkpt lat="40.790932" lon="-73.976527">
        <ele>25.4</ele>
        <time>2026-05-22T19:56:45.000Z</time>
      </trkpt>
      <trkpt lat="40.79094" lon="-73.976522">
        <ele>25.4</ele>
        <time>2026-05-22T19:56:46.000Z</time>
      </trkpt>
      <trkpt lat="40.790949" lon="-73.976516">
        <ele>25.4</ele>
        <time>2026-05-22T19:56:47.000Z</time>
      </trkpt>
      <trkpt lat="40.790957" lon="-73.97651">
        <ele>25.4</ele>
        <time>2026-05-22T19:56:48.000Z</time>
      </trkpt>
      <trkpt lat="40.790965" lon="-73.976504">
        <ele>25.4</ele>
        <time>2026-05-22T19:56:49.000Z</time>
      </trkpt>
      <trkpt lat="40.790973" lon="-73.976498">
        <ele>25.4</ele>
        <time>2026-05-22T19:56:50.000Z</time>
      </trkpt>
      <trkpt lat="40.790978" lon="-73.976494">
        <ele>25.4</ele>
        <time>2026-05-22T19:56:51.000Z</time>
      </trkpt>
      <trkpt lat="40.790985" lon="-73.976488">
        <ele>25.4</ele>
        <time>2026-05-22T19:56:52.000Z</time>
      </trkpt>
      <trkpt lat="40.790992" lon="-73.976482">
        <ele>25.4</ele>
        <time>2026-05-22T19:56:53.000Z</time>
      </trkpt>
      <trkpt lat="40.790999" lon="-73.976475">
        <ele>25.4</ele>
        <time>2026-05-22T19:56:54.000Z</time>
      </trkpt>
      <trkpt lat="40.791006" lon="-73.976469">
        <ele>25.4</ele>
        <time>2026-05-22T19:56:55.000Z</time>
      </trkpt>
      <trkpt lat="40.791013" lon="-73.976463">
        <ele>25.4</ele>
        <time>2026-05-22T19:56:56.000Z</time>
      </trkpt>
      <trkpt lat="40.791025" lon="-73.976451">
        <ele>25.4</ele>
        <time>2026-05-22T19:56:57.000Z</time>
      </trkpt>
      <trkpt lat="40.791032" lon="-73.976446">
        <ele>25.4</ele>
        <time>2026-05-22T19:56:58.000Z</time>
      </trkpt>
      <trkpt lat="40.791038" lon="-73.97644">
        <ele>25.4</ele>
        <time>2026-05-22T19:56:59.000Z</time>
      </trkpt>
      <trkpt lat="40.791045" lon="-73.976435">
        <ele>25.4</ele>
        <time>2026-05-22T19:57:00.000Z</time>
      </trkpt>
      <trkpt lat="40.791051" lon="-73.976429">
        <ele>25.4</ele>
        <time>2026-05-22T19:57:01.000Z</time>
      </trkpt>
      <trkpt lat="40.791059" lon="-73.976422">
        <ele>25.2</ele>
        <time>2026-05-22T19:57:02.000Z</time>
      </trkpt>
      <trkpt lat="40.791068" lon="-73.976416">
        <ele>25.2</ele>
        <time>2026-05-22T19:57:03.000Z</time>
      </trkpt>
      <trkpt lat="40.791076" lon="-73.976409">
        <ele>25.2</ele>
        <time>2026-05-22T19:57:04.000Z</time>
      </trkpt>
      <trkpt lat="40.791085" lon="-73.976403">
        <ele>25.2</ele>
        <time>2026-05-22T19:57:05.000Z</time>
      </trkpt>
      <trkpt lat="40.791094" lon="-73.976396">
        <ele>25.2</ele>
        <time>2026-05-22T19:57:06.000Z</time>
      </trkpt>
      <trkpt lat="40.791103" lon="-73.97639">
        <ele>25.2</ele>
        <time>2026-05-22T19:57:07.000Z</time>
      </trkpt>
      <trkpt lat="40.791112" lon="-73.976383">
        <ele>25.2</ele>
        <time>2026-05-22T19:57:08.000Z</time>
      </trkpt>
      <trkpt lat="40.791121" lon="-73.976377">
        <ele>25.2</ele>
        <time>2026-05-22T19:57:09.000Z</time>
      </trkpt>
      <trkpt lat="40.791131" lon="-73.97637">
        <ele>25.2</ele>
        <time>2026-05-22T19:57:10.000Z</time>
      </trkpt>
      <trkpt lat="40.791141" lon="-73.976364">
        <ele>25.2</ele>
        <time>2026-05-22T19:57:11.000Z</time>
      </trkpt>
      <trkpt lat="40.791151" lon="-73.976357">
        <ele>25.4</ele>
        <time>2026-05-22T19:57:12.000Z</time>
      </trkpt>
      <trkpt lat="40.791161" lon="-73.97635">
        <ele>25.4</ele>
        <time>2026-05-22T19:57:13.000Z</time>
      </trkpt>
      <trkpt lat="40.791172" lon="-73.976343">
        <ele>25.4</ele>
        <time>2026-05-22T19:57:14.000Z</time>
      </trkpt>
      <trkpt lat="40.791182" lon="-73.976336">
        <ele>25.4</ele>
        <time>2026-05-22T19:57:15.000Z</time>
      </trkpt>
      <trkpt lat="40.791193" lon="-73.976329">
        <ele>25.4</ele>
        <time>2026-05-22T19:57:16.000Z</time>
      </trkpt>
      <trkpt lat="40.791203" lon="-73.976321">
        <ele>25.4</ele>
        <time>2026-05-22T19:57:17.000Z</time>
      </trkpt>
      <trkpt lat="40.791214" lon="-73.976314">
        <ele>25.4</ele>
        <time>2026-05-22T19:57:18.000Z</time>
      </trkpt>
      <trkpt lat="40.791224" lon="-73.976307">
        <ele>25.6</ele>
        <time>2026-05-22T19:57:19.000Z</time>
      </trkpt>
      <trkpt lat="40.791235" lon="-73.9763">
        <ele>25.6</ele>
        <time>2026-05-22T19:57:20.000Z</time>
      </trkpt>
      <trkpt lat="40.791246" lon="-73.976292">
        <ele>25.6</ele>
        <time>2026-05-22T19:57:21.000Z</time>
      </trkpt>
      <trkpt lat="40.791256" lon="-73.976285">
        <ele>25.6</ele>
        <time>2026-05-22T19:57:22.000Z</time>
      </trkpt>
      <trkpt lat="40.791267" lon="-73.976277">
        <ele>25.6</ele>
        <time>2026-05-22T19:57:23.000Z</time>
      </trkpt>
      <trkpt lat="40.791278" lon="-73.97627">
        <ele>25.6</ele>
        <time>2026-05-22T19:57:24.000Z</time>
      </trkpt>
      <trkpt lat="40.791289" lon="-73.976262">
        <ele>25.6</ele>
        <time>2026-05-22T19:57:25.000Z</time>
      </trkpt>
      <trkpt lat="40.7913" lon="-73.976255">
        <ele>25.6</ele>
        <time>2026-05-22T19:57:26.000Z</time>
      </trkpt>
      <trkpt lat="40.79131" lon="-73.976247">
        <ele>25.6</ele>
        <time>2026-05-22T19:57:27.000Z</time>
      </trkpt>
      <trkpt lat="40.791321" lon="-73.976239">
        <ele>25.6</ele>
        <time>2026-05-22T19:57:28.000Z</time>
      </trkpt>
      <trkpt lat="40.791331" lon="-73.976232">
        <ele>25.6</ele>
        <time>2026-05-22T19:57:29.000Z</time>
      </trkpt>
      <trkpt lat="40.791341" lon="-73.976224">
        <ele>25.6</ele>
        <time>2026-05-22T19:57:30.000Z</time>
      </trkpt>
      <trkpt lat="40.791352" lon="-73.976217">
        <ele>25.6</ele>
        <time>2026-05-22T19:57:31.000Z</time>
      </trkpt>
      <trkpt lat="40.791362" lon="-73.976209">
        <ele>25.6</ele>
        <time>2026-05-22T19:57:32.000Z</time>
      </trkpt>
      <trkpt lat="40.791372" lon="-73.976202">
        <ele>25.6</ele>
        <time>2026-05-22T19:57:33.000Z</time>
      </trkpt>
      <trkpt lat="40.791382" lon="-73.976194">
        <ele>25.6</ele>
        <time>2026-05-22T19:57:34.000Z</time>
      </trkpt>
      <trkpt lat="40.791392" lon="-73.976187">
        <ele>25.6</ele>
        <time>2026-05-22T19:57:35.000Z</time>
      </trkpt>
      <trkpt lat="40.791402" lon="-73.97618">
        <ele>25.6</ele>
        <time>2026-05-22T19:57:36.000Z</time>
      </trkpt>
      <trkpt lat="40.791412" lon="-73.976173">
        <ele>25.6</ele>
        <time>2026-05-22T19:57:37.000Z</time>
      </trkpt>
      <trkpt lat="40.791422" lon="-73.976166">
        <ele>25.6</ele>
        <time>2026-05-22T19:57:38.000Z</time>
      </trkpt>
      <trkpt lat="40.791432" lon="-73.976159">
        <ele>25.6</ele>
        <time>2026-05-22T19:57:39.000Z</time>
      </trkpt>
      <trkpt lat="40.791442" lon="-73.976152">
        <ele>25.8</ele>
        <time>2026-05-22T19:57:40.000Z</time>
      </trkpt>
      <trkpt lat="40.791452" lon="-73.976145">
        <ele>25.8</ele>
        <time>2026-05-22T19:57:41.000Z</time>
      </trkpt>
      <trkpt lat="40.791461" lon="-73.976137">
        <ele>25.8</ele>
        <time>2026-05-22T19:57:42.000Z</time>
      </trkpt>
      <trkpt lat="40.791477" lon="-73.976125">
        <ele>25.8</ele>
        <time>2026-05-22T19:57:43.000Z</time>
      </trkpt>
      <trkpt lat="40.791483" lon="-73.97612">
        <ele>25.8</ele>
        <time>2026-05-22T19:57:44.000Z</time>
      </trkpt>
      <trkpt lat="40.791489" lon="-73.976115">
        <ele>25.8</ele>
        <time>2026-05-22T19:57:45.000Z</time>
      </trkpt>
      <trkpt lat="40.791498" lon="-73.976108">
        <ele>25.8</ele>
        <time>2026-05-22T19:57:46.000Z</time>
      </trkpt>
      <trkpt lat="40.791507" lon="-73.976101">
        <ele>25.8</ele>
        <time>2026-05-22T19:57:47.000Z</time>
      </trkpt>
      <trkpt lat="40.791516" lon="-73.976094">
        <ele>25.8</ele>
        <time>2026-05-22T19:57:48.000Z</time>
      </trkpt>
      <trkpt lat="40.791525" lon="-73.976087">
        <ele>25.8</ele>
        <time>2026-05-22T19:57:49.000Z</time>
      </trkpt>
      <trkpt lat="40.791535" lon="-73.97608">
        <ele>25.8</ele>
        <time>2026-05-22T19:57:50.000Z</time>
      </trkpt>
      <trkpt lat="40.79155" lon="-73.976069">
        <ele>25.8</ele>
        <time>2026-05-22T19:57:51.000Z</time>
      </trkpt>
      <trkpt lat="40.791555" lon="-73.976065">
        <ele>25.8</ele>
        <time>2026-05-22T19:57:52.000Z</time>
      </trkpt>
      <trkpt lat="40.791561" lon="-73.97606">
        <ele>25.8</ele>
        <time>2026-05-22T19:57:53.000Z</time>
      </trkpt>
      <trkpt lat="40.79157" lon="-73.976054">
        <ele>25.8</ele>
        <time>2026-05-22T19:57:54.000Z</time>
      </trkpt>
      <trkpt lat="40.79157" lon="-73.976054">
        <ele>25.8</ele>
        <time>2026-05-22T19:57:55.000Z</time>
      </trkpt>
      <trkpt lat="40.791579" lon="-73.976047">
        <ele>25.6</ele>
        <time>2026-05-22T19:57:56.000Z</time>
      </trkpt>
      <trkpt lat="40.791588" lon="-73.97604">
        <ele>25.6</ele>
        <time>2026-05-22T19:57:57.000Z</time>
      </trkpt>
      <trkpt lat="40.7916" lon="-73.976031">
        <ele>25.6</ele>
        <time>2026-05-22T19:57:58.000Z</time>
      </trkpt>
      <trkpt lat="40.791609" lon="-73.976024">
        <ele>25.6</ele>
        <time>2026-05-22T19:57:59.000Z</time>
      </trkpt>
      <trkpt lat="40.791619" lon="-73.976018">
        <ele>25.6</ele>
        <time>2026-05-22T19:58:00.000Z</time>
      </trkpt>
      <trkpt lat="40.791628" lon="-73.976011">
        <ele>25.6</ele>
        <time>2026-05-22T19:58:01.000Z</time>
      </trkpt>
      <trkpt lat="40.791638" lon="-73.976004">
        <ele>25.6</ele>
        <time>2026-05-22T19:58:02.000Z</time>
      </trkpt>
      <trkpt lat="40.791647" lon="-73.975997">
        <ele>25.6</ele>
        <time>2026-05-22T19:58:03.000Z</time>
      </trkpt>
      <trkpt lat="40.791657" lon="-73.97599">
        <ele>25.6</ele>
        <time>2026-05-22T19:58:04.000Z</time>
      </trkpt>
      <trkpt lat="40.791666" lon="-73.975983">
        <ele>25.6</ele>
        <time>2026-05-22T19:58:05.000Z</time>
      </trkpt>
      <trkpt lat="40.791675" lon="-73.975976">
        <ele>25.6</ele>
        <time>2026-05-22T19:58:06.000Z</time>
      </trkpt>
      <trkpt lat="40.791684" lon="-73.97597">
        <ele>25.6</ele>
        <time>2026-05-22T19:58:07.000Z</time>
      </trkpt>
      <trkpt lat="40.791693" lon="-73.975963">
        <ele>25.6</ele>
        <time>2026-05-22T19:58:08.000Z</time>
      </trkpt>
      <trkpt lat="40.791702" lon="-73.975957">
        <ele>25.6</ele>
        <time>2026-05-22T19:58:09.000Z</time>
      </trkpt>
      <trkpt lat="40.791711" lon="-73.975951">
        <ele>25.6</ele>
        <time>2026-05-22T19:58:10.000Z</time>
      </trkpt>
      <trkpt lat="40.791719" lon="-73.975944">
        <ele>25.6</ele>
        <time>2026-05-22T19:58:11.000Z</time>
      </trkpt>
      <trkpt lat="40.791728" lon="-73.975938">
        <ele>25.6</ele>
        <time>2026-05-22T19:58:12.000Z</time>
      </trkpt>
      <trkpt lat="40.791735" lon="-73.975932">
        <ele>25.6</ele>
        <time>2026-05-22T19:58:13.000Z</time>
      </trkpt>
      <trkpt lat="40.791744" lon="-73.975926">
        <ele>25.6</ele>
        <time>2026-05-22T19:58:14.000Z</time>
      </trkpt>
      <trkpt lat="40.791752" lon="-73.975919">
        <ele>25.6</ele>
        <time>2026-05-22T19:58:15.000Z</time>
      </trkpt>
      <trkpt lat="40.791763" lon="-73.975911">
        <ele>25.6</ele>
        <time>2026-05-22T19:58:16.000Z</time>
      </trkpt>
      <trkpt lat="40.79177" lon="-73.975906">
        <ele>25.6</ele>
        <time>2026-05-22T19:58:17.000Z</time>
      </trkpt>
      <trkpt lat="40.791779" lon="-73.9759">
        <ele>25.6</ele>
        <time>2026-05-22T19:58:18.000Z</time>
      </trkpt>
      <trkpt lat="40.791788" lon="-73.975894">
        <ele>25.6</ele>
        <time>2026-05-22T19:58:19.000Z</time>
      </trkpt>
      <trkpt lat="40.791802" lon="-73.975885">
        <ele>25.8</ele>
        <time>2026-05-22T19:58:20.000Z</time>
      </trkpt>
      <trkpt lat="40.791806" lon="-73.975882">
        <ele>25.8</ele>
        <time>2026-05-22T19:58:21.000Z</time>
      </trkpt>
      <trkpt lat="40.791815" lon="-73.975876">
        <ele>25.8</ele>
        <time>2026-05-22T19:58:22.000Z</time>
      </trkpt>
      <trkpt lat="40.791825" lon="-73.97587">
        <ele>25.8</ele>
        <time>2026-05-22T19:58:23.000Z</time>
      </trkpt>
      <trkpt lat="40.791834" lon="-73.975864">
        <ele>25.8</ele>
        <time>2026-05-22T19:58:24.000Z</time>
      </trkpt>
      <trkpt lat="40.791843" lon="-73.975858">
        <ele>25.8</ele>
        <time>2026-05-22T19:58:25.000Z</time>
      </trkpt>
      <trkpt lat="40.791852" lon="-73.975852">
        <ele>25.8</ele>
        <time>2026-05-22T19:58:26.000Z</time>
      </trkpt>
      <trkpt lat="40.791861" lon="-73.975846">
        <ele>25.8</ele>
        <time>2026-05-22T19:58:27.000Z</time>
      </trkpt>
      <trkpt lat="40.79187" lon="-73.975839">
        <ele>26</ele>
        <time>2026-05-22T19:58:28.000Z</time>
      </trkpt>
      <trkpt lat="40.791879" lon="-73.975833">
        <ele>26</ele>
        <time>2026-05-22T19:58:29.000Z</time>
      </trkpt>
      <trkpt lat="40.791888" lon="-73.975825">
        <ele>26</ele>
        <time>2026-05-22T19:58:30.000Z</time>
      </trkpt>
      <trkpt lat="40.791896" lon="-73.975819">
        <ele>26</ele>
        <time>2026-05-22T19:58:31.000Z</time>
      </trkpt>
      <trkpt lat="40.791905" lon="-73.975812">
        <ele>26</ele>
        <time>2026-05-22T19:58:32.000Z</time>
      </trkpt>
      <trkpt lat="40.791914" lon="-73.975805">
        <ele>26</ele>
        <time>2026-05-22T19:58:33.000Z</time>
      </trkpt>
      <trkpt lat="40.791923" lon="-73.975798">
        <ele>26.2</ele>
        <time>2026-05-22T19:58:34.000Z</time>
      </trkpt>
      <trkpt lat="40.791932" lon="-73.975792">
        <ele>26.2</ele>
        <time>2026-05-22T19:58:35.000Z</time>
      </trkpt>
      <trkpt lat="40.791942" lon="-73.975785">
        <ele>26.2</ele>
        <time>2026-05-22T19:58:36.000Z</time>
      </trkpt>
      <trkpt lat="40.791951" lon="-73.975778">
        <ele>26.2</ele>
        <time>2026-05-22T19:58:37.000Z</time>
      </trkpt>
      <trkpt lat="40.791961" lon="-73.975771">
        <ele>26.2</ele>
        <time>2026-05-22T19:58:38.000Z</time>
      </trkpt>
      <trkpt lat="40.79197" lon="-73.975764">
        <ele>26.2</ele>
        <time>2026-05-22T19:58:39.000Z</time>
      </trkpt>
      <trkpt lat="40.79198" lon="-73.975757">
        <ele>26.2</ele>
        <time>2026-05-22T19:58:40.000Z</time>
      </trkpt>
      <trkpt lat="40.791989" lon="-73.975751">
        <ele>26.4</ele>
        <time>2026-05-22T19:58:41.000Z</time>
      </trkpt>
      <trkpt lat="40.791998" lon="-73.975745">
        <ele>26.4</ele>
        <time>2026-05-22T19:58:42.000Z</time>
      </trkpt>
      <trkpt lat="40.792008" lon="-73.975739">
        <ele>26.4</ele>
        <time>2026-05-22T19:58:43.000Z</time>
      </trkpt>
      <trkpt lat="40.792017" lon="-73.975734">
        <ele>26.4</ele>
        <time>2026-05-22T19:58:44.000Z</time>
      </trkpt>
      <trkpt lat="40.792026" lon="-73.975729">
        <ele>26.4</ele>
        <time>2026-05-22T19:58:45.000Z</time>
      </trkpt>
      <trkpt lat="40.792035" lon="-73.975724">
        <ele>26.4</ele>
        <time>2026-05-22T19:58:46.000Z</time>
      </trkpt>
      <trkpt lat="40.792043" lon="-73.97572">
        <ele>26.4</ele>
        <time>2026-05-22T19:58:47.000Z</time>
      </trkpt>
      <trkpt lat="40.792052" lon="-73.975716">
        <ele>26.4</ele>
        <time>2026-05-22T19:58:48.000Z</time>
      </trkpt>
      <trkpt lat="40.792059" lon="-73.975713">
        <ele>26.4</ele>
        <time>2026-05-22T19:58:49.000Z</time>
      </trkpt>
      <trkpt lat="40.792067" lon="-73.97571">
        <ele>26.4</ele>
        <time>2026-05-22T19:58:50.000Z</time>
      </trkpt>
      <trkpt lat="40.792073" lon="-73.975707">
        <ele>26.4</ele>
        <time>2026-05-22T19:58:51.000Z</time>
      </trkpt>
      <trkpt lat="40.792079" lon="-73.975703">
        <ele>26.4</ele>
        <time>2026-05-22T19:58:52.000Z</time>
      </trkpt>
      <trkpt lat="40.792084" lon="-73.975701">
        <ele>26.4</ele>
        <time>2026-05-22T19:58:53.000Z</time>
      </trkpt>
      <trkpt lat="40.792088" lon="-73.975698">
        <ele>26.4</ele>
        <time>2026-05-22T19:58:54.000Z</time>
      </trkpt>
      <trkpt lat="40.792092" lon="-73.975695">
        <ele>26.4</ele>
        <time>2026-05-22T19:58:55.000Z</time>
      </trkpt>
      <trkpt lat="40.792095" lon="-73.975692">
        <ele>26.4</ele>
        <time>2026-05-22T19:58:56.000Z</time>
      </trkpt>
      <trkpt lat="40.792098" lon="-73.97569">
        <ele>26.4</ele>
        <time>2026-05-22T19:58:57.000Z</time>
      </trkpt>
      <trkpt lat="40.792101" lon="-73.975687">
        <ele>26.4</ele>
        <time>2026-05-22T19:58:58.000Z</time>
      </trkpt>
      <trkpt lat="40.792103" lon="-73.975685">
        <ele>26.4</ele>
        <time>2026-05-22T19:58:59.000Z</time>
      </trkpt>
      <trkpt lat="40.792105" lon="-73.975682">
        <ele>26.4</ele>
        <time>2026-05-22T19:59:00.000Z</time>
      </trkpt>
      <trkpt lat="40.792107" lon="-73.975679">
        <ele>26.4</ele>
        <time>2026-05-22T19:59:01.000Z</time>
      </trkpt>
      <trkpt lat="40.792109" lon="-73.975676">
        <ele>26.4</ele>
        <time>2026-05-22T19:59:02.000Z</time>
      </trkpt>
      <trkpt lat="40.792111" lon="-73.975673">
        <ele>26.4</ele>
        <time>2026-05-22T19:59:03.000Z</time>
      </trkpt>
      <trkpt lat="40.792114" lon="-73.975669">
        <ele>26.4</ele>
        <time>2026-05-22T19:59:04.000Z</time>
      </trkpt>
      <trkpt lat="40.792116" lon="-73.975665">
        <ele>26.2</ele>
        <time>2026-05-22T19:59:05.000Z</time>
      </trkpt>
      <trkpt lat="40.79212" lon="-73.975661">
        <ele>26.2</ele>
        <time>2026-05-22T19:59:06.000Z</time>
      </trkpt>
      <trkpt lat="40.792123" lon="-73.975656">
        <ele>26.2</ele>
        <time>2026-05-22T19:59:07.000Z</time>
      </trkpt>
      <trkpt lat="40.792127" lon="-73.975651">
        <ele>26.2</ele>
        <time>2026-05-22T19:59:08.000Z</time>
      </trkpt>
      <trkpt lat="40.792132" lon="-73.975646">
        <ele>26.2</ele>
        <time>2026-05-22T19:59:09.000Z</time>
      </trkpt>
      <trkpt lat="40.792137" lon="-73.97564">
        <ele>26.2</ele>
        <time>2026-05-22T19:59:10.000Z</time>
      </trkpt>
      <trkpt lat="40.792148" lon="-73.975632">
        <ele>26</ele>
        <time>2026-05-22T19:59:11.000Z</time>
      </trkpt>
      <trkpt lat="40.792153" lon="-73.975628">
        <ele>26</ele>
        <time>2026-05-22T19:59:12.000Z</time>
      </trkpt>
      <trkpt lat="40.792159" lon="-73.975625">
        <ele>26</ele>
        <time>2026-05-22T19:59:13.000Z</time>
      </trkpt>
      <trkpt lat="40.792164" lon="-73.975621">
        <ele>26</ele>
        <time>2026-05-22T19:59:14.000Z</time>
      </trkpt>
      <trkpt lat="40.79217" lon="-73.975618">
        <ele>26</ele>
        <time>2026-05-22T19:59:15.000Z</time>
      </trkpt>
      <trkpt lat="40.792175" lon="-73.975614">
        <ele>25.8</ele>
        <time>2026-05-22T19:59:16.000Z</time>
      </trkpt>
      <trkpt lat="40.792181" lon="-73.975611">
        <ele>25.8</ele>
        <time>2026-05-22T19:59:17.000Z</time>
      </trkpt>
      <trkpt lat="40.792186" lon="-73.975607">
        <ele>25.8</ele>
        <time>2026-05-22T19:59:18.000Z</time>
      </trkpt>
      <trkpt lat="40.792193" lon="-73.975602">
        <ele>25.8</ele>
        <time>2026-05-22T19:59:19.000Z</time>
      </trkpt>
      <trkpt lat="40.7922" lon="-73.975597">
        <ele>25.8</ele>
        <time>2026-05-22T19:59:20.000Z</time>
      </trkpt>
      <trkpt lat="40.792208" lon="-73.975592">
        <ele>25.8</ele>
        <time>2026-05-22T19:59:21.000Z</time>
      </trkpt>
      <trkpt lat="40.792216" lon="-73.975586">
        <ele>25.8</ele>
        <time>2026-05-22T19:59:22.000Z</time>
      </trkpt>
      <trkpt lat="40.792224" lon="-73.975581">
        <ele>25.8</ele>
        <time>2026-05-22T19:59:23.000Z</time>
      </trkpt>
      <trkpt lat="40.792232" lon="-73.975575">
        <ele>25.6</ele>
        <time>2026-05-22T19:59:24.000Z</time>
      </trkpt>
      <trkpt lat="40.792239" lon="-73.975569">
        <ele>25.6</ele>
        <time>2026-05-22T19:59:25.000Z</time>
      </trkpt>
      <trkpt lat="40.792247" lon="-73.975564">
        <ele>25.6</ele>
        <time>2026-05-22T19:59:26.000Z</time>
      </trkpt>
      <trkpt lat="40.792255" lon="-73.975558">
        <ele>25.6</ele>
        <time>2026-05-22T19:59:27.000Z</time>
      </trkpt>
      <trkpt lat="40.792263" lon="-73.975552">
        <ele>25.6</ele>
        <time>2026-05-22T19:59:28.000Z</time>
      </trkpt>
      <trkpt lat="40.792272" lon="-73.975546">
        <ele>25.6</ele>
        <time>2026-05-22T19:59:29.000Z</time>
      </trkpt>
      <trkpt lat="40.79228" lon="-73.97554">
        <ele>25.6</ele>
        <time>2026-05-22T19:59:30.000Z</time>
      </trkpt>
      <trkpt lat="40.792288" lon="-73.975534">
        <ele>25.6</ele>
        <time>2026-05-22T19:59:31.000Z</time>
      </trkpt>
      <trkpt lat="40.792296" lon="-73.975528">
        <ele>25.6</ele>
        <time>2026-05-22T19:59:32.000Z</time>
      </trkpt>
      <trkpt lat="40.792304" lon="-73.975522">
        <ele>25.6</ele>
        <time>2026-05-22T19:59:33.000Z</time>
      </trkpt>
      <trkpt lat="40.792313" lon="-73.975516">
        <ele>25.6</ele>
        <time>2026-05-22T19:59:34.000Z</time>
      </trkpt>
      <trkpt lat="40.792321" lon="-73.97551">
        <ele>25.6</ele>
        <time>2026-05-22T19:59:35.000Z</time>
      </trkpt>
      <trkpt lat="40.79233" lon="-73.975504">
        <ele>25.6</ele>
        <time>2026-05-22T19:59:36.000Z</time>
      </trkpt>
      <trkpt lat="40.792341" lon="-73.975496">
        <ele>25.4</ele>
        <time>2026-05-22T19:59:37.000Z</time>
      </trkpt>
      <trkpt lat="40.79235" lon="-73.975489">
        <ele>25.4</ele>
        <time>2026-05-22T19:59:38.000Z</time>
      </trkpt>
      <trkpt lat="40.792359" lon="-73.975483">
        <ele>25.4</ele>
        <time>2026-05-22T19:59:39.000Z</time>
      </trkpt>
      <trkpt lat="40.792368" lon="-73.975476">
        <ele>25.4</ele>
        <time>2026-05-22T19:59:40.000Z</time>
      </trkpt>
      <trkpt lat="40.792377" lon="-73.97547">
        <ele>25.4</ele>
        <time>2026-05-22T19:59:41.000Z</time>
      </trkpt>
      <trkpt lat="40.792385" lon="-73.975464">
        <ele>25.4</ele>
        <time>2026-05-22T19:59:42.000Z</time>
      </trkpt>
      <trkpt lat="40.792394" lon="-73.975457">
        <ele>25.4</ele>
        <time>2026-05-22T19:59:43.000Z</time>
      </trkpt>
      <trkpt lat="40.7924" lon="-73.975453">
        <ele>25.2</ele>
        <time>2026-05-22T19:59:44.000Z</time>
      </trkpt>
      <trkpt lat="40.792408" lon="-73.975447">
        <ele>25.2</ele>
        <time>2026-05-22T19:59:45.000Z</time>
      </trkpt>
      <trkpt lat="40.792416" lon="-73.975441">
        <ele>25.2</ele>
        <time>2026-05-22T19:59:46.000Z</time>
      </trkpt>
      <trkpt lat="40.792424" lon="-73.975435">
        <ele>25.2</ele>
        <time>2026-05-22T19:59:47.000Z</time>
      </trkpt>
      <trkpt lat="40.792432" lon="-73.97543">
        <ele>25.2</ele>
        <time>2026-05-22T19:59:48.000Z</time>
      </trkpt>
      <trkpt lat="40.79244" lon="-73.975424">
        <ele>25</ele>
        <time>2026-05-22T19:59:49.000Z</time>
      </trkpt>
      <trkpt lat="40.792448" lon="-73.975418">
        <ele>25</ele>
        <time>2026-05-22T19:59:50.000Z</time>
      </trkpt>
      <trkpt lat="40.792456" lon="-73.975412">
        <ele>25</ele>
        <time>2026-05-22T19:59:51.000Z</time>
      </trkpt>
      <trkpt lat="40.792463" lon="-73.975407">
        <ele>25</ele>
        <time>2026-05-22T19:59:52.000Z</time>
      </trkpt>
      <trkpt lat="40.792471" lon="-73.975401">
        <ele>25</ele>
        <time>2026-05-22T19:59:53.000Z</time>
      </trkpt>
      <trkpt lat="40.792478" lon="-73.975395">
        <ele>25</ele>
        <time>2026-05-22T19:59:54.000Z</time>
      </trkpt>
      <trkpt lat="40.792486" lon="-73.97539">
        <ele>24.8</ele>
        <time>2026-05-22T19:59:55.000Z</time>
      </trkpt>
      <trkpt lat="40.792493" lon="-73.975384">
        <ele>24.8</ele>
        <time>2026-05-22T19:59:56.000Z</time>
      </trkpt>
      <trkpt lat="40.7925" lon="-73.975379">
        <ele>24.8</ele>
        <time>2026-05-22T19:59:57.000Z</time>
      </trkpt>
      <trkpt lat="40.792507" lon="-73.975373">
        <ele>24.8</ele>
        <time>2026-05-22T19:59:58.000Z</time>
      </trkpt>
      <trkpt lat="40.792515" lon="-73.975367">
        <ele>24.8</ele>
        <time>2026-05-22T19:59:59.000Z</time>
      </trkpt>
      <trkpt lat="40.792522" lon="-73.975361">
        <ele>24.8</ele>
        <time>2026-05-22T20:00:00.000Z</time>
      </trkpt>
      <trkpt lat="40.792529" lon="-73.975355">
        <ele>24.8</ele>
        <time>2026-05-22T20:00:01.000Z</time>
      </trkpt>
      <trkpt lat="40.792535" lon="-73.975349">
        <ele>24.6</ele>
        <time>2026-05-22T20:00:02.000Z</time>
      </trkpt>
      <trkpt lat="40.792542" lon="-73.975343">
        <ele>24.6</ele>
        <time>2026-05-22T20:00:03.000Z</time>
      </trkpt>
      <trkpt lat="40.792549" lon="-73.975337">
        <ele>24.6</ele>
        <time>2026-05-22T20:00:04.000Z</time>
      </trkpt>
      <trkpt lat="40.792556" lon="-73.975331">
        <ele>24.6</ele>
        <time>2026-05-22T20:00:05.000Z</time>
      </trkpt>
      <trkpt lat="40.792563" lon="-73.975324">
        <ele>24.6</ele>
        <time>2026-05-22T20:00:06.000Z</time>
      </trkpt>
      <trkpt lat="40.79257" lon="-73.975317">
        <ele>24.6</ele>
        <time>2026-05-22T20:00:07.000Z</time>
      </trkpt>
      <trkpt lat="40.792577" lon="-73.975311">
        <ele>24.4</ele>
        <time>2026-05-22T20:00:08.000Z</time>
      </trkpt>
      <trkpt lat="40.792585" lon="-73.975304">
        <ele>24.4</ele>
        <time>2026-05-22T20:00:09.000Z</time>
      </trkpt>
      <trkpt lat="40.792592" lon="-73.975297">
        <ele>24.4</ele>
        <time>2026-05-22T20:00:10.000Z</time>
      </trkpt>
      <trkpt lat="40.792599" lon="-73.975289">
        <ele>24.4</ele>
        <time>2026-05-22T20:00:11.000Z</time>
      </trkpt>
      <trkpt lat="40.792606" lon="-73.975282">
        <ele>24.4</ele>
        <time>2026-05-22T20:00:12.000Z</time>
      </trkpt>
      <trkpt lat="40.792613" lon="-73.975274">
        <ele>24.4</ele>
        <time>2026-05-22T20:00:13.000Z</time>
      </trkpt>
      <trkpt lat="40.792621" lon="-73.975266">
        <ele>24.4</ele>
        <time>2026-05-22T20:00:14.000Z</time>
      </trkpt>
      <trkpt lat="40.792628" lon="-73.975257">
        <ele>24.2</ele>
        <time>2026-05-22T20:00:15.000Z</time>
      </trkpt>
      <trkpt lat="40.792636" lon="-73.975248">
        <ele>24.2</ele>
        <time>2026-05-22T20:00:16.000Z</time>
      </trkpt>
      <trkpt lat="40.792644" lon="-73.975239">
        <ele>24.2</ele>
        <time>2026-05-22T20:00:17.000Z</time>
      </trkpt>
      <trkpt lat="40.792653" lon="-73.97523">
        <ele>24.2</ele>
        <time>2026-05-22T20:00:18.000Z</time>
      </trkpt>
      <trkpt lat="40.792662" lon="-73.975221">
        <ele>24.2</ele>
        <time>2026-05-22T20:00:19.000Z</time>
      </trkpt>
      <trkpt lat="40.792671" lon="-73.975212">
        <ele>24.2</ele>
        <time>2026-05-22T20:00:20.000Z</time>
      </trkpt>
      <trkpt lat="40.79268" lon="-73.975203">
        <ele>24.4</ele>
        <time>2026-05-22T20:00:21.000Z</time>
      </trkpt>
      <trkpt lat="40.792695" lon="-73.97519">
        <ele>24.4</ele>
        <time>2026-05-22T20:00:22.000Z</time>
      </trkpt>
      <trkpt lat="40.792705" lon="-73.975181">
        <ele>24.4</ele>
        <time>2026-05-22T20:00:23.000Z</time>
      </trkpt>
      <trkpt lat="40.792715" lon="-73.975172">
        <ele>24.4</ele>
        <time>2026-05-22T20:00:24.000Z</time>
      </trkpt>
      <trkpt lat="40.792726" lon="-73.975163">
        <ele>24.6</ele>
        <time>2026-05-22T20:00:25.000Z</time>
      </trkpt>
      <trkpt lat="40.792736" lon="-73.975155">
        <ele>24.6</ele>
        <time>2026-05-22T20:00:26.000Z</time>
      </trkpt>
      <trkpt lat="40.792747" lon="-73.975147">
        <ele>24.6</ele>
        <time>2026-05-22T20:00:27.000Z</time>
      </trkpt>
      <trkpt lat="40.792758" lon="-73.975139">
        <ele>24.6</ele>
        <time>2026-05-22T20:00:28.000Z</time>
      </trkpt>
      <trkpt lat="40.792769" lon="-73.975133">
        <ele>24.6</ele>
        <time>2026-05-22T20:00:29.000Z</time>
      </trkpt>
      <trkpt lat="40.792781" lon="-73.975126">
        <ele>24.8</ele>
        <time>2026-05-22T20:00:30.000Z</time>
      </trkpt>
      <trkpt lat="40.792792" lon="-73.97512">
        <ele>24.8</ele>
        <time>2026-05-22T20:00:31.000Z</time>
      </trkpt>
      <trkpt lat="40.792804" lon="-73.975113">
        <ele>24.8</ele>
        <time>2026-05-22T20:00:32.000Z</time>
      </trkpt>
      <trkpt lat="40.792816" lon="-73.975107">
        <ele>24.8</ele>
        <time>2026-05-22T20:00:33.000Z</time>
      </trkpt>
      <trkpt lat="40.792828" lon="-73.975101">
        <ele>24.8</ele>
        <time>2026-05-22T20:00:34.000Z</time>
      </trkpt>
      <trkpt lat="40.79284" lon="-73.975095">
        <ele>24.8</ele>
        <time>2026-05-22T20:00:35.000Z</time>
      </trkpt>
      <trkpt lat="40.792853" lon="-73.975089">
        <ele>24.8</ele>
        <time>2026-05-22T20:00:36.000Z</time>
      </trkpt>
      <trkpt lat="40.792865" lon="-73.975083">
        <ele>24.8</ele>
        <time>2026-05-22T20:00:37.000Z</time>
      </trkpt>
      <trkpt lat="40.792877" lon="-73.975078">
        <ele>24.8</ele>
        <time>2026-05-22T20:00:38.000Z</time>
      </trkpt>
      <trkpt lat="40.792889" lon="-73.975072">
        <ele>24.8</ele>
        <time>2026-05-22T20:00:39.000Z</time>
      </trkpt>
      <trkpt lat="40.792901" lon="-73.975066">
        <ele>24.8</ele>
        <time>2026-05-22T20:00:40.000Z</time>
      </trkpt>
      <trkpt lat="40.792912" lon="-73.97506">
        <ele>24.8</ele>
        <time>2026-05-22T20:00:41.000Z</time>
      </trkpt>
      <trkpt lat="40.792924" lon="-73.975055">
        <ele>24.8</ele>
        <time>2026-05-22T20:00:42.000Z</time>
      </trkpt>
      <trkpt lat="40.792935" lon="-73.975049">
        <ele>24.8</ele>
        <time>2026-05-22T20:00:43.000Z</time>
      </trkpt>
      <trkpt lat="40.792946" lon="-73.975043">
        <ele>24.8</ele>
        <time>2026-05-22T20:00:44.000Z</time>
      </trkpt>
      <trkpt lat="40.792956" lon="-73.975037">
        <ele>24.6</ele>
        <time>2026-05-22T20:00:45.000Z</time>
      </trkpt>
      <trkpt lat="40.792966" lon="-73.97503">
        <ele>24.6</ele>
        <time>2026-05-22T20:00:46.000Z</time>
      </trkpt>
      <trkpt lat="40.792976" lon="-73.975024">
        <ele>24.6</ele>
        <time>2026-05-22T20:00:47.000Z</time>
      </trkpt>
      <trkpt lat="40.792986" lon="-73.975018">
        <ele>24.6</ele>
        <time>2026-05-22T20:00:48.000Z</time>
      </trkpt>
      <trkpt lat="40.792995" lon="-73.975011">
        <ele>24.6</ele>
        <time>2026-05-22T20:00:49.000Z</time>
      </trkpt>
      <trkpt lat="40.793005" lon="-73.975005">
        <ele>24.6</ele>
        <time>2026-05-22T20:00:50.000Z</time>
      </trkpt>
      <trkpt lat="40.793014" lon="-73.974999">
        <ele>24.6</ele>
        <time>2026-05-22T20:00:51.000Z</time>
      </trkpt>
      <trkpt lat="40.793023" lon="-73.974992">
        <ele>24.6</ele>
        <time>2026-05-22T20:00:52.000Z</time>
      </trkpt>
      <trkpt lat="40.793032" lon="-73.974986">
        <ele>24.6</ele>
        <time>2026-05-22T20:00:53.000Z</time>
      </trkpt>
      <trkpt lat="40.79304" lon="-73.974979">
        <ele>24.6</ele>
        <time>2026-05-22T20:00:54.000Z</time>
      </trkpt>
      <trkpt lat="40.793049" lon="-73.974973">
        <ele>24.6</ele>
        <time>2026-05-22T20:00:55.000Z</time>
      </trkpt>
      <trkpt lat="40.793058" lon="-73.974967">
        <ele>24.6</ele>
        <time>2026-05-22T20:00:56.000Z</time>
      </trkpt>
      <trkpt lat="40.793066" lon="-73.974961">
        <ele>24.6</ele>
        <time>2026-05-22T20:00:57.000Z</time>
      </trkpt>
      <trkpt lat="40.793066" lon="-73.974961">
        <ele>24.6</ele>
        <time>2026-05-22T20:00:58.000Z</time>
      </trkpt>
      <trkpt lat="40.793075" lon="-73.974955">
        <ele>24.6</ele>
        <time>2026-05-22T20:00:59.000Z</time>
      </trkpt>
      <trkpt lat="40.793083" lon="-73.97495">
        <ele>24.4</ele>
        <time>2026-05-22T20:01:00.000Z</time>
      </trkpt>
      <trkpt lat="40.793091" lon="-73.974944">
        <ele>24.4</ele>
        <time>2026-05-22T20:01:01.000Z</time>
      </trkpt>
      <trkpt lat="40.793099" lon="-73.974939">
        <ele>24.4</ele>
        <time>2026-05-22T20:01:02.000Z</time>
      </trkpt>
      <trkpt lat="40.793107" lon="-73.974934">
        <ele>24.4</ele>
        <time>2026-05-22T20:01:03.000Z</time>
      </trkpt>
      <trkpt lat="40.793114" lon="-73.97493">
        <ele>24.4</ele>
        <time>2026-05-22T20:01:04.000Z</time>
      </trkpt>
      <trkpt lat="40.793122" lon="-73.974926">
        <ele>24.4</ele>
        <time>2026-05-22T20:01:05.000Z</time>
      </trkpt>
      <trkpt lat="40.793129" lon="-73.974922">
        <ele>24.4</ele>
        <time>2026-05-22T20:01:06.000Z</time>
      </trkpt>
      <trkpt lat="40.793136" lon="-73.974919">
        <ele>24.4</ele>
        <time>2026-05-22T20:01:07.000Z</time>
      </trkpt>
      <trkpt lat="40.793143" lon="-73.974916">
        <ele>24.4</ele>
        <time>2026-05-22T20:01:08.000Z</time>
      </trkpt>
      <trkpt lat="40.79315" lon="-73.974913">
        <ele>24.4</ele>
        <time>2026-05-22T20:01:09.000Z</time>
      </trkpt>
      <trkpt lat="40.793156" lon="-73.97491">
        <ele>24.4</ele>
        <time>2026-05-22T20:01:10.000Z</time>
      </trkpt>
      <trkpt lat="40.793163" lon="-73.974907">
        <ele>24.4</ele>
        <time>2026-05-22T20:01:11.000Z</time>
      </trkpt>
      <trkpt lat="40.793169" lon="-73.974905">
        <ele>24.4</ele>
        <time>2026-05-22T20:01:12.000Z</time>
      </trkpt>
      <trkpt lat="40.793174" lon="-73.974903">
        <ele>24.4</ele>
        <time>2026-05-22T20:01:13.000Z</time>
      </trkpt>
      <trkpt lat="40.793179" lon="-73.9749">
        <ele>24.4</ele>
        <time>2026-05-22T20:01:14.000Z</time>
      </trkpt>
      <trkpt lat="40.793184" lon="-73.974898">
        <ele>24.4</ele>
        <time>2026-05-22T20:01:15.000Z</time>
      </trkpt>
      <trkpt lat="40.793188" lon="-73.974895">
        <ele>24.4</ele>
        <time>2026-05-22T20:01:16.000Z</time>
      </trkpt>
      <trkpt lat="40.793192" lon="-73.974892">
        <ele>24.4</ele>
        <time>2026-05-22T20:01:17.000Z</time>
      </trkpt>
      <trkpt lat="40.793196" lon="-73.97489">
        <ele>24.2</ele>
        <time>2026-05-22T20:01:18.000Z</time>
      </trkpt>
      <trkpt lat="40.793199" lon="-73.974887">
        <ele>24.2</ele>
        <time>2026-05-22T20:01:19.000Z</time>
      </trkpt>
      <trkpt lat="40.793203" lon="-73.974884">
        <ele>24.2</ele>
        <time>2026-05-22T20:01:20.000Z</time>
      </trkpt>
      <trkpt lat="40.793206" lon="-73.974881">
        <ele>24</ele>
        <time>2026-05-22T20:01:21.000Z</time>
      </trkpt>
      <trkpt lat="40.793209" lon="-73.974877">
        <ele>24</ele>
        <time>2026-05-22T20:01:22.000Z</time>
      </trkpt>
      <trkpt lat="40.793212" lon="-73.974874">
        <ele>23.8</ele>
        <time>2026-05-22T20:01:23.000Z</time>
      </trkpt>
      <trkpt lat="40.793216" lon="-73.97487">
        <ele>23.6</ele>
        <time>2026-05-22T20:01:24.000Z</time>
      </trkpt>
      <trkpt lat="40.793219" lon="-73.974867">
        <ele>23.6</ele>
        <time>2026-05-22T20:01:25.000Z</time>
      </trkpt>
      <trkpt lat="40.793223" lon="-73.974863">
        <ele>23.4</ele>
        <time>2026-05-22T20:01:26.000Z</time>
      </trkpt>
      <trkpt lat="40.793226" lon="-73.97486">
        <ele>23.4</ele>
        <time>2026-05-22T20:01:27.000Z</time>
      </trkpt>
      <trkpt lat="40.793229" lon="-73.974857">
        <ele>23.4</ele>
        <time>2026-05-22T20:01:28.000Z</time>
      </trkpt>
      <trkpt lat="40.793232" lon="-73.974853">
        <ele>23.4</ele>
        <time>2026-05-22T20:01:29.000Z</time>
      </trkpt>
      <trkpt lat="40.793235" lon="-73.97485">
        <ele>23.4</ele>
        <time>2026-05-22T20:01:30.000Z</time>
      </trkpt>
      <trkpt lat="40.793238" lon="-73.974847">
        <ele>23.4</ele>
        <time>2026-05-22T20:01:31.000Z</time>
      </trkpt>
      <trkpt lat="40.793241" lon="-73.974844">
        <ele>23.4</ele>
        <time>2026-05-22T20:01:32.000Z</time>
      </trkpt>
      <trkpt lat="40.793243" lon="-73.974842">
        <ele>23.4</ele>
        <time>2026-05-22T20:01:33.000Z</time>
      </trkpt>
      <trkpt lat="40.793246" lon="-73.974839">
        <ele>23.4</ele>
        <time>2026-05-22T20:01:34.000Z</time>
      </trkpt>
      <trkpt lat="40.793248" lon="-73.974837">
        <ele>23.4</ele>
        <time>2026-05-22T20:01:35.000Z</time>
      </trkpt>
      <trkpt lat="40.793251" lon="-73.974834">
        <ele>23.6</ele>
        <time>2026-05-22T20:01:36.000Z</time>
      </trkpt>
      <trkpt lat="40.793253" lon="-73.974832">
        <ele>23.6</ele>
        <time>2026-05-22T20:01:37.000Z</time>
      </trkpt>
      <trkpt lat="40.793253" lon="-73.974832">
        <ele>23.6</ele>
        <time>2026-05-22T20:01:41.000Z</time>
      </trkpt>
      <trkpt lat="40.793253" lon="-73.974832">
        <ele>23.6</ele>
        <time>2026-05-22T20:01:42.000Z</time>
      </trkpt>
      <trkpt lat="40.793253" lon="-73.974832">
        <ele>23.6</ele>
        <time>2026-05-22T20:01:51.000Z</time>
      </trkpt>
      <trkpt lat="40.793253" lon="-73.974832">
        <ele>23.6</ele>
        <time>2026-05-22T20:01:52.000Z</time>
      </trkpt>
      <trkpt lat="40.793253" lon="-73.974832">
        <ele>23.6</ele>
        <time>2026-05-22T20:01:57.000Z</time>
      </trkpt>
      <trkpt lat="40.793253" lon="-73.974832">
        <ele>23.6</ele>
        <time>2026-05-22T20:02:05.000Z</time>
      </trkpt>
      <trkpt lat="40.793253" lon="-73.974832">
        <ele>23.6</ele>
        <time>2026-05-22T20:02:06.000Z</time>
      </trkpt>
    </trkseg>
  </trk>
</gpx>
