<?xml version="1.0" encoding="UTF-8"?>
<gpx version="1.1" creator="sync-strava">
  <trk>
    <name>Great Hill #MC</name>
    <trkseg>
      <trkpt lat="40.793048" lon="-73.973851">
        <ele>0</ele>
        <time>2026-06-13T19:58:21.000Z</time>
      </trkpt>
      <trkpt lat="40.793048" lon="-73.973851">
        <ele>0</ele>
        <time>2026-06-13T19:58:23.000Z</time>
      </trkpt>
      <trkpt lat="40.793043" lon="-73.973841">
        <ele>0</ele>
        <time>2026-06-13T19:58:24.000Z</time>
      </trkpt>
      <trkpt lat="40.793037" lon="-73.973831">
        <ele>0</ele>
        <time>2026-06-13T19:58:25.000Z</time>
      </trkpt>
      <trkpt lat="40.793032" lon="-73.973821">
        <ele>0</ele>
        <time>2026-06-13T19:58:26.000Z</time>
      </trkpt>
      <trkpt lat="40.793027" lon="-73.97381">
        <ele>0</ele>
        <time>2026-06-13T19:58:27.000Z</time>
      </trkpt>
      <trkpt lat="40.793021" lon="-73.9738">
        <ele>0</ele>
        <time>2026-06-13T19:58:28.000Z</time>
      </trkpt>
      <trkpt lat="40.793016" lon="-73.97379">
        <ele>0</ele>
        <time>2026-06-13T19:58:29.000Z</time>
      </trkpt>
      <trkpt lat="40.79301" lon="-73.973779">
        <ele>0</ele>
        <time>2026-06-13T19:58:30.000Z</time>
      </trkpt>
      <trkpt lat="40.793005" lon="-73.973769">
        <ele>0</ele>
        <time>2026-06-13T19:58:31.000Z</time>
      </trkpt>
      <trkpt lat="40.793" lon="-73.973759">
        <ele>0</ele>
        <time>2026-06-13T19:58:32.000Z</time>
      </trkpt>
      <trkpt lat="40.792994" lon="-73.973748">
        <ele>0</ele>
        <time>2026-06-13T19:58:33.000Z</time>
      </trkpt>
      <trkpt lat="40.792989" lon="-73.973738">
        <ele>0</ele>
        <time>2026-06-13T19:58:34.000Z</time>
      </trkpt>
      <trkpt lat="40.792983" lon="-73.973727">
        <ele>0</ele>
        <time>2026-06-13T19:58:35.000Z</time>
      </trkpt>
      <trkpt lat="40.792978" lon="-73.973716">
        <ele>0</ele>
        <time>2026-06-13T19:58:36.000Z</time>
      </trkpt>
      <trkpt lat="40.792972" lon="-73.973705">
        <ele>0</ele>
        <time>2026-06-13T19:58:37.000Z</time>
      </trkpt>
      <trkpt lat="40.792967" lon="-73.973695">
        <ele>0</ele>
        <time>2026-06-13T19:58:38.000Z</time>
      </trkpt>
      <trkpt lat="40.792961" lon="-73.973684">
        <ele>0</ele>
        <time>2026-06-13T19:58:39.000Z</time>
      </trkpt>
      <trkpt lat="40.792956" lon="-73.973673">
        <ele>0</ele>
        <time>2026-06-13T19:58:40.000Z</time>
      </trkpt>
      <trkpt lat="40.79295" lon="-73.973662">
        <ele>0</ele>
        <time>2026-06-13T19:58:41.000Z</time>
      </trkpt>
      <trkpt lat="40.792945" lon="-73.97365">
        <ele>0</ele>
        <time>2026-06-13T19:58:42.000Z</time>
      </trkpt>
      <trkpt lat="40.79294" lon="-73.973639">
        <ele>0</ele>
        <time>2026-06-13T19:58:43.000Z</time>
      </trkpt>
      <trkpt lat="40.792934" lon="-73.973628">
        <ele>0</ele>
        <time>2026-06-13T19:58:44.000Z</time>
      </trkpt>
      <trkpt lat="40.792929" lon="-73.973617">
        <ele>0</ele>
        <time>2026-06-13T19:58:45.000Z</time>
      </trkpt>
      <trkpt lat="40.792924" lon="-73.973606">
        <ele>0</ele>
        <time>2026-06-13T19:58:46.000Z</time>
      </trkpt>
      <trkpt lat="40.792919" lon="-73.973595">
        <ele>0</ele>
        <time>2026-06-13T19:58:47.000Z</time>
      </trkpt>
      <trkpt lat="40.792913" lon="-73.973583">
        <ele>0</ele>
        <time>2026-06-13T19:58:48.000Z</time>
      </trkpt>
      <trkpt lat="40.792908" lon="-73.973572">
        <ele>0</ele>
        <time>2026-06-13T19:58:49.000Z</time>
      </trkpt>
      <trkpt lat="40.792904" lon="-73.973562">
        <ele>0</ele>
        <time>2026-06-13T19:58:50.000Z</time>
      </trkpt>
      <trkpt lat="40.792899" lon="-73.973551">
        <ele>0</ele>
        <time>2026-06-13T19:58:51.000Z</time>
      </trkpt>
      <trkpt lat="40.792894" lon="-73.97354">
        <ele>0</ele>
        <time>2026-06-13T19:58:53.000Z</time>
      </trkpt>
      <trkpt lat="40.79289" lon="-73.97353">
        <ele>0</ele>
        <time>2026-06-13T19:58:54.000Z</time>
      </trkpt>
      <trkpt lat="40.792885" lon="-73.97352">
        <ele>0</ele>
        <time>2026-06-13T19:58:55.000Z</time>
      </trkpt>
      <trkpt lat="40.792881" lon="-73.97351">
        <ele>0</ele>
        <time>2026-06-13T19:58:56.000Z</time>
      </trkpt>
      <trkpt lat="40.792877" lon="-73.9735">
        <ele>0</ele>
        <time>2026-06-13T19:58:57.000Z</time>
      </trkpt>
      <trkpt lat="40.792873" lon="-73.973491">
        <ele>0</ele>
        <time>2026-06-13T19:58:58.000Z</time>
      </trkpt>
      <trkpt lat="40.792869" lon="-73.973481">
        <ele>0</ele>
        <time>2026-06-13T19:58:59.000Z</time>
      </trkpt>
      <trkpt lat="40.792866" lon="-73.973473">
        <ele>0</ele>
        <time>2026-06-13T19:59:00.000Z</time>
      </trkpt>
      <trkpt lat="40.792862" lon="-73.973465">
        <ele>0</ele>
        <time>2026-06-13T19:59:01.000Z</time>
      </trkpt>
      <trkpt lat="40.792859" lon="-73.973457">
        <ele>0</ele>
        <time>2026-06-13T19:59:02.000Z</time>
      </trkpt>
      <trkpt lat="40.792857" lon="-73.973449">
        <ele>0</ele>
        <time>2026-06-13T19:59:03.000Z</time>
      </trkpt>
      <trkpt lat="40.792854" lon="-73.973443">
        <ele>0</ele>
        <time>2026-06-13T19:59:04.000Z</time>
      </trkpt>
      <trkpt lat="40.792852" lon="-73.973436">
        <ele>0</ele>
        <time>2026-06-13T19:59:05.000Z</time>
      </trkpt>
      <trkpt lat="40.79285" lon="-73.973431">
        <ele>0</ele>
        <time>2026-06-13T19:59:06.000Z</time>
      </trkpt>
      <trkpt lat="40.792848" lon="-73.973426">
        <ele>0</ele>
        <time>2026-06-13T19:59:07.000Z</time>
      </trkpt>
      <trkpt lat="40.792847" lon="-73.973421">
        <ele>0</ele>
        <time>2026-06-13T19:59:08.000Z</time>
      </trkpt>
      <trkpt lat="40.792846" lon="-73.973417">
        <ele>0</ele>
        <time>2026-06-13T19:59:09.000Z</time>
      </trkpt>
      <trkpt lat="40.792845" lon="-73.973414">
        <ele>0</ele>
        <time>2026-06-13T19:59:10.000Z</time>
      </trkpt>
      <trkpt lat="40.792844" lon="-73.973411">
        <ele>0</ele>
        <time>2026-06-13T19:59:11.000Z</time>
      </trkpt>
      <trkpt lat="40.792844" lon="-73.973409">
        <ele>0</ele>
        <time>2026-06-13T19:59:12.000Z</time>
      </trkpt>
      <trkpt lat="40.792844" lon="-73.973407">
        <ele>0</ele>
        <time>2026-06-13T19:59:13.000Z</time>
      </trkpt>
      <trkpt lat="40.792844" lon="-73.973406">
        <ele>0</ele>
        <time>2026-06-13T19:59:14.000Z</time>
      </trkpt>
      <trkpt lat="40.792844" lon="-73.973405">
        <ele>0</ele>
        <time>2026-06-13T19:59:15.000Z</time>
      </trkpt>
      <trkpt lat="40.792844" lon="-73.973404">
        <ele>0</ele>
        <time>2026-06-13T19:59:16.000Z</time>
      </trkpt>
      <trkpt lat="40.792844" lon="-73.973404">
        <ele>0</ele>
        <time>2026-06-13T19:59:17.000Z</time>
      </trkpt>
      <trkpt lat="40.792845" lon="-73.973404">
        <ele>0</ele>
        <time>2026-06-13T19:59:18.000Z</time>
      </trkpt>
      <trkpt lat="40.792845" lon="-73.973404">
        <ele>0</ele>
        <time>2026-06-13T19:59:19.000Z</time>
      </trkpt>
      <trkpt lat="40.792846" lon="-73.973404">
        <ele>0</ele>
        <time>2026-06-13T19:59:20.000Z</time>
      </trkpt>
      <trkpt lat="40.792846" lon="-73.973404">
        <ele>0</ele>
        <time>2026-06-13T19:59:21.000Z</time>
      </trkpt>
      <trkpt lat="40.792846" lon="-73.973405">
        <ele>0</ele>
        <time>2026-06-13T19:59:22.000Z</time>
      </trkpt>
      <trkpt lat="40.792847" lon="-73.973405">
        <ele>0</ele>
        <time>2026-06-13T19:59:23.000Z</time>
      </trkpt>
      <trkpt lat="40.792847" lon="-73.973405">
        <ele>0</ele>
        <time>2026-06-13T19:59:24.000Z</time>
      </trkpt>
      <trkpt lat="40.792847" lon="-73.973404">
        <ele>0</ele>
        <time>2026-06-13T19:59:25.000Z</time>
      </trkpt>
      <trkpt lat="40.792846" lon="-73.973404">
        <ele>0</ele>
        <time>2026-06-13T19:59:26.000Z</time>
      </trkpt>
      <trkpt lat="40.792846" lon="-73.973403">
        <ele>0</ele>
        <time>2026-06-13T19:59:27.000Z</time>
      </trkpt>
      <trkpt lat="40.792846" lon="-73.973403">
        <ele>0</ele>
        <time>2026-06-13T19:59:28.000Z</time>
      </trkpt>
      <trkpt lat="40.792846" lon="-73.973403">
        <ele>0</ele>
        <time>2026-06-13T19:59:29.000Z</time>
      </trkpt>
      <trkpt lat="40.792846" lon="-73.973403">
        <ele>0</ele>
        <time>2026-06-13T19:59:30.000Z</time>
      </trkpt>
      <trkpt lat="40.792846" lon="-73.973403">
        <ele>0</ele>
        <time>2026-06-13T19:59:31.000Z</time>
      </trkpt>
      <trkpt lat="40.792846" lon="-73.973403">
        <ele>0</ele>
        <time>2026-06-13T19:59:32.000Z</time>
      </trkpt>
      <trkpt lat="40.792846" lon="-73.973404">
        <ele>0</ele>
        <time>2026-06-13T19:59:33.000Z</time>
      </trkpt>
      <trkpt lat="40.792846" lon="-73.973405">
        <ele>0</ele>
        <time>2026-06-13T19:59:34.000Z</time>
      </trkpt>
      <trkpt lat="40.792847" lon="-73.973405">
        <ele>0</ele>
        <time>2026-06-13T19:59:35.000Z</time>
      </trkpt>
      <trkpt lat="40.792847" lon="-73.973406">
        <ele>0</ele>
        <time>2026-06-13T19:59:36.000Z</time>
      </trkpt>
      <trkpt lat="40.792847" lon="-73.973407">
        <ele>0</ele>
        <time>2026-06-13T19:59:37.000Z</time>
      </trkpt>
      <trkpt lat="40.792847" lon="-73.973408">
        <ele>0</ele>
        <time>2026-06-13T19:59:38.000Z</time>
      </trkpt>
      <trkpt lat="40.792847" lon="-73.973409">
        <ele>0</ele>
        <time>2026-06-13T19:59:39.000Z</time>
      </trkpt>
      <trkpt lat="40.792847" lon="-73.97341">
        <ele>0</ele>
        <time>2026-06-13T19:59:40.000Z</time>
      </trkpt>
      <trkpt lat="40.792847" lon="-73.973411">
        <ele>0</ele>
        <time>2026-06-13T19:59:41.000Z</time>
      </trkpt>
      <trkpt lat="40.792847" lon="-73.973412">
        <ele>0</ele>
        <time>2026-06-13T19:59:42.000Z</time>
      </trkpt>
      <trkpt lat="40.792847" lon="-73.973412">
        <ele>0</ele>
        <time>2026-06-13T19:59:43.000Z</time>
      </trkpt>
      <trkpt lat="40.792846" lon="-73.973412">
        <ele>0</ele>
        <time>2026-06-13T19:59:44.000Z</time>
      </trkpt>
      <trkpt lat="40.792846" lon="-73.973412">
        <ele>0</ele>
        <time>2026-06-13T19:59:45.000Z</time>
      </trkpt>
      <trkpt lat="40.792846" lon="-73.973412">
        <ele>0</ele>
        <time>2026-06-13T19:59:46.000Z</time>
      </trkpt>
      <trkpt lat="40.792845" lon="-73.973411">
        <ele>0</ele>
        <time>2026-06-13T19:59:47.000Z</time>
      </trkpt>
      <trkpt lat="40.792845" lon="-73.97341">
        <ele>0</ele>
        <time>2026-06-13T19:59:48.000Z</time>
      </trkpt>
      <trkpt lat="40.792844" lon="-73.973408">
        <ele>0</ele>
        <time>2026-06-13T19:59:49.000Z</time>
      </trkpt>
      <trkpt lat="40.792843" lon="-73.973405">
        <ele>0</ele>
        <time>2026-06-13T19:59:50.000Z</time>
      </trkpt>
      <trkpt lat="40.792841" lon="-73.973402">
        <ele>0</ele>
        <time>2026-06-13T19:59:51.000Z</time>
      </trkpt>
      <trkpt lat="40.792839" lon="-73.973397">
        <ele>0</ele>
        <time>2026-06-13T19:59:52.000Z</time>
      </trkpt>
      <trkpt lat="40.792836" lon="-73.97339">
        <ele>0</ele>
        <time>2026-06-13T19:59:53.000Z</time>
      </trkpt>
      <trkpt lat="40.792832" lon="-73.97338">
        <ele>0</ele>
        <time>2026-06-13T19:59:54.000Z</time>
      </trkpt>
      <trkpt lat="40.792827" lon="-73.973368">
        <ele>0</ele>
        <time>2026-06-13T19:59:55.000Z</time>
      </trkpt>
      <trkpt lat="40.792821" lon="-73.973356">
        <ele>0</ele>
        <time>2026-06-13T19:59:56.000Z</time>
      </trkpt>
      <trkpt lat="40.792816" lon="-73.973343">
        <ele>0</ele>
        <time>2026-06-13T19:59:57.000Z</time>
      </trkpt>
      <trkpt lat="40.79281" lon="-73.97333">
        <ele>0</ele>
        <time>2026-06-13T19:59:58.000Z</time>
      </trkpt>
      <trkpt lat="40.792805" lon="-73.973317">
        <ele>0</ele>
        <time>2026-06-13T19:59:59.000Z</time>
      </trkpt>
      <trkpt lat="40.792799" lon="-73.973303">
        <ele>0</ele>
        <time>2026-06-13T20:00:00.000Z</time>
      </trkpt>
      <trkpt lat="40.792794" lon="-73.97329">
        <ele>0</ele>
        <time>2026-06-13T20:00:01.000Z</time>
      </trkpt>
      <trkpt lat="40.792788" lon="-73.973276">
        <ele>0</ele>
        <time>2026-06-13T20:00:02.000Z</time>
      </trkpt>
      <trkpt lat="40.792782" lon="-73.973263">
        <ele>0</ele>
        <time>2026-06-13T20:00:03.000Z</time>
      </trkpt>
      <trkpt lat="40.792776" lon="-73.973249">
        <ele>0</ele>
        <time>2026-06-13T20:00:04.000Z</time>
      </trkpt>
      <trkpt lat="40.79277" lon="-73.973235">
        <ele>0</ele>
        <time>2026-06-13T20:00:05.000Z</time>
      </trkpt>
      <trkpt lat="40.792764" lon="-73.973221">
        <ele>0</ele>
        <time>2026-06-13T20:00:06.000Z</time>
      </trkpt>
      <trkpt lat="40.792758" lon="-73.973206">
        <ele>0</ele>
        <time>2026-06-13T20:00:07.000Z</time>
      </trkpt>
      <trkpt lat="40.792752" lon="-73.973192">
        <ele>0</ele>
        <time>2026-06-13T20:00:08.000Z</time>
      </trkpt>
      <trkpt lat="40.792746" lon="-73.973177">
        <ele>0</ele>
        <time>2026-06-13T20:00:09.000Z</time>
      </trkpt>
      <trkpt lat="40.792739" lon="-73.973163">
        <ele>0</ele>
        <time>2026-06-13T20:00:10.000Z</time>
      </trkpt>
      <trkpt lat="40.792734" lon="-73.973149">
        <ele>0</ele>
        <time>2026-06-13T20:00:11.000Z</time>
      </trkpt>
      <trkpt lat="40.792728" lon="-73.973135">
        <ele>0</ele>
        <time>2026-06-13T20:00:12.000Z</time>
      </trkpt>
      <trkpt lat="40.792722" lon="-73.973121">
        <ele>0</ele>
        <time>2026-06-13T20:00:13.000Z</time>
      </trkpt>
      <trkpt lat="40.792716" lon="-73.973106">
        <ele>0</ele>
        <time>2026-06-13T20:00:14.000Z</time>
      </trkpt>
      <trkpt lat="40.79271" lon="-73.973092">
        <ele>0</ele>
        <time>2026-06-13T20:00:15.000Z</time>
      </trkpt>
      <trkpt lat="40.792704" lon="-73.973077">
        <ele>0</ele>
        <time>2026-06-13T20:00:16.000Z</time>
      </trkpt>
      <trkpt lat="40.792697" lon="-73.973062">
        <ele>0</ele>
        <time>2026-06-13T20:00:17.000Z</time>
      </trkpt>
      <trkpt lat="40.792691" lon="-73.973048">
        <ele>0</ele>
        <time>2026-06-13T20:00:18.000Z</time>
      </trkpt>
      <trkpt lat="40.792686" lon="-73.973034">
        <ele>0</ele>
        <time>2026-06-13T20:00:19.000Z</time>
      </trkpt>
      <trkpt lat="40.79268" lon="-73.973021">
        <ele>0</ele>
        <time>2026-06-13T20:00:20.000Z</time>
      </trkpt>
      <trkpt lat="40.79267" lon="-73.972996">
        <ele>0</ele>
        <time>2026-06-13T20:00:21.000Z</time>
      </trkpt>
      <trkpt lat="40.792665" lon="-73.972983">
        <ele>0</ele>
        <time>2026-06-13T20:00:22.000Z</time>
      </trkpt>
      <trkpt lat="40.79266" lon="-73.972971">
        <ele>0</ele>
        <time>2026-06-13T20:00:23.000Z</time>
      </trkpt>
      <trkpt lat="40.792655" lon="-73.972959">
        <ele>0</ele>
        <time>2026-06-13T20:00:24.000Z</time>
      </trkpt>
      <trkpt lat="40.79265" lon="-73.972946">
        <ele>0</ele>
        <time>2026-06-13T20:00:25.000Z</time>
      </trkpt>
      <trkpt lat="40.792645" lon="-73.972934">
        <ele>0</ele>
        <time>2026-06-13T20:00:26.000Z</time>
      </trkpt>
      <trkpt lat="40.79264" lon="-73.972922">
        <ele>0</ele>
        <time>2026-06-13T20:00:27.000Z</time>
      </trkpt>
      <trkpt lat="40.792635" lon="-73.972909">
        <ele>0</ele>
        <time>2026-06-13T20:00:28.000Z</time>
      </trkpt>
      <trkpt lat="40.79263" lon="-73.972897">
        <ele>0</ele>
        <time>2026-06-13T20:00:29.000Z</time>
      </trkpt>
      <trkpt lat="40.792625" lon="-73.972885">
        <ele>0</ele>
        <time>2026-06-13T20:00:30.000Z</time>
      </trkpt>
      <trkpt lat="40.79262" lon="-73.972872">
        <ele>0</ele>
        <time>2026-06-13T20:00:31.000Z</time>
      </trkpt>
      <trkpt lat="40.792615" lon="-73.97286">
        <ele>0</ele>
        <time>2026-06-13T20:00:32.000Z</time>
      </trkpt>
      <trkpt lat="40.79261" lon="-73.972848">
        <ele>0</ele>
        <time>2026-06-13T20:00:33.000Z</time>
      </trkpt>
      <trkpt lat="40.792605" lon="-73.972835">
        <ele>0</ele>
        <time>2026-06-13T20:00:34.000Z</time>
      </trkpt>
      <trkpt lat="40.7926" lon="-73.972823">
        <ele>0</ele>
        <time>2026-06-13T20:00:35.000Z</time>
      </trkpt>
      <trkpt lat="40.792595" lon="-73.972811">
        <ele>0</ele>
        <time>2026-06-13T20:00:36.000Z</time>
      </trkpt>
      <trkpt lat="40.79259" lon="-73.972798">
        <ele>0</ele>
        <time>2026-06-13T20:00:37.000Z</time>
      </trkpt>
      <trkpt lat="40.792585" lon="-73.972786">
        <ele>0</ele>
        <time>2026-06-13T20:00:38.000Z</time>
      </trkpt>
      <trkpt lat="40.79258" lon="-73.972774">
        <ele>0</ele>
        <time>2026-06-13T20:00:39.000Z</time>
      </trkpt>
      <trkpt lat="40.792575" lon="-73.972761">
        <ele>0</ele>
        <time>2026-06-13T20:00:40.000Z</time>
      </trkpt>
      <trkpt lat="40.792571" lon="-73.972749">
        <ele>0</ele>
        <time>2026-06-13T20:00:41.000Z</time>
      </trkpt>
      <trkpt lat="40.79256" lon="-73.972724">
        <ele>0</ele>
        <time>2026-06-13T20:00:42.000Z</time>
      </trkpt>
      <trkpt lat="40.792554" lon="-73.972712">
        <ele>0</ele>
        <time>2026-06-13T20:00:43.000Z</time>
      </trkpt>
      <trkpt lat="40.792549" lon="-73.9727">
        <ele>0</ele>
        <time>2026-06-13T20:00:44.000Z</time>
      </trkpt>
      <trkpt lat="40.792543" lon="-73.972688">
        <ele>0</ele>
        <time>2026-06-13T20:00:45.000Z</time>
      </trkpt>
      <trkpt lat="40.792538" lon="-73.972676">
        <ele>0</ele>
        <time>2026-06-13T20:00:46.000Z</time>
      </trkpt>
      <trkpt lat="40.792532" lon="-73.972664">
        <ele>0</ele>
        <time>2026-06-13T20:00:47.000Z</time>
      </trkpt>
      <trkpt lat="40.792527" lon="-73.972651">
        <ele>0</ele>
        <time>2026-06-13T20:00:48.000Z</time>
      </trkpt>
      <trkpt lat="40.792522" lon="-73.972639">
        <ele>0</ele>
        <time>2026-06-13T20:00:49.000Z</time>
      </trkpt>
      <trkpt lat="40.792516" lon="-73.972627">
        <ele>0</ele>
        <time>2026-06-13T20:00:50.000Z</time>
      </trkpt>
      <trkpt lat="40.792511" lon="-73.972615">
        <ele>0</ele>
        <time>2026-06-13T20:00:51.000Z</time>
      </trkpt>
      <trkpt lat="40.792505" lon="-73.972603">
        <ele>0</ele>
        <time>2026-06-13T20:00:52.000Z</time>
      </trkpt>
      <trkpt lat="40.7925" lon="-73.972591">
        <ele>0</ele>
        <time>2026-06-13T20:00:53.000Z</time>
      </trkpt>
      <trkpt lat="40.792494" lon="-73.972579">
        <ele>0</ele>
        <time>2026-06-13T20:00:54.000Z</time>
      </trkpt>
      <trkpt lat="40.792489" lon="-73.972567">
        <ele>0</ele>
        <time>2026-06-13T20:00:55.000Z</time>
      </trkpt>
      <trkpt lat="40.792483" lon="-73.972555">
        <ele>0</ele>
        <time>2026-06-13T20:00:56.000Z</time>
      </trkpt>
      <trkpt lat="40.792478" lon="-73.972543">
        <ele>0</ele>
        <time>2026-06-13T20:00:57.000Z</time>
      </trkpt>
      <trkpt lat="40.792473" lon="-73.972531">
        <ele>0</ele>
        <time>2026-06-13T20:00:58.000Z</time>
      </trkpt>
      <trkpt lat="40.792467" lon="-73.972519">
        <ele>0</ele>
        <time>2026-06-13T20:00:59.000Z</time>
      </trkpt>
      <trkpt lat="40.792462" lon="-73.972506">
        <ele>0</ele>
        <time>2026-06-13T20:01:00.000Z</time>
      </trkpt>
      <trkpt lat="40.792456" lon="-73.972494">
        <ele>0</ele>
        <time>2026-06-13T20:01:01.000Z</time>
      </trkpt>
      <trkpt lat="40.792451" lon="-73.972482">
        <ele>0</ele>
        <time>2026-06-13T20:01:02.000Z</time>
      </trkpt>
      <trkpt lat="40.792445" lon="-73.97247">
        <ele>0</ele>
        <time>2026-06-13T20:01:03.000Z</time>
      </trkpt>
      <trkpt lat="40.79244" lon="-73.972458">
        <ele>0</ele>
        <time>2026-06-13T20:01:04.000Z</time>
      </trkpt>
      <trkpt lat="40.792435" lon="-73.972446">
        <ele>0</ele>
        <time>2026-06-13T20:01:05.000Z</time>
      </trkpt>
      <trkpt lat="40.792429" lon="-73.972434">
        <ele>0</ele>
        <time>2026-06-13T20:01:06.000Z</time>
      </trkpt>
      <trkpt lat="40.792424" lon="-73.972422">
        <ele>0</ele>
        <time>2026-06-13T20:01:07.000Z</time>
      </trkpt>
      <trkpt lat="40.792418" lon="-73.97241">
        <ele>0</ele>
        <time>2026-06-13T20:01:08.000Z</time>
      </trkpt>
      <trkpt lat="40.792413" lon="-73.972398">
        <ele>0</ele>
        <time>2026-06-13T20:01:09.000Z</time>
      </trkpt>
      <trkpt lat="40.792407" lon="-73.972386">
        <ele>0</ele>
        <time>2026-06-13T20:01:10.000Z</time>
      </trkpt>
      <trkpt lat="40.792402" lon="-73.972374">
        <ele>0</ele>
        <time>2026-06-13T20:01:11.000Z</time>
      </trkpt>
      <trkpt lat="40.792397" lon="-73.972361">
        <ele>0</ele>
        <time>2026-06-13T20:01:12.000Z</time>
      </trkpt>
      <trkpt lat="40.792386" lon="-73.972338">
        <ele>0</ele>
        <time>2026-06-13T20:01:13.000Z</time>
      </trkpt>
      <trkpt lat="40.792381" lon="-73.972327">
        <ele>0</ele>
        <time>2026-06-13T20:01:14.000Z</time>
      </trkpt>
      <trkpt lat="40.792376" lon="-73.972316">
        <ele>0</ele>
        <time>2026-06-13T20:01:15.000Z</time>
      </trkpt>
      <trkpt lat="40.792371" lon="-73.972305">
        <ele>0</ele>
        <time>2026-06-13T20:01:16.000Z</time>
      </trkpt>
      <trkpt lat="40.792366" lon="-73.972294">
        <ele>0</ele>
        <time>2026-06-13T20:01:17.000Z</time>
      </trkpt>
      <trkpt lat="40.792361" lon="-73.972283">
        <ele>0</ele>
        <time>2026-06-13T20:01:18.000Z</time>
      </trkpt>
      <trkpt lat="40.792356" lon="-73.972272">
        <ele>0</ele>
        <time>2026-06-13T20:01:19.000Z</time>
      </trkpt>
      <trkpt lat="40.792352" lon="-73.972261">
        <ele>0</ele>
        <time>2026-06-13T20:01:20.000Z</time>
      </trkpt>
      <trkpt lat="40.792347" lon="-73.97225">
        <ele>0</ele>
        <time>2026-06-13T20:01:21.000Z</time>
      </trkpt>
      <trkpt lat="40.792342" lon="-73.972239">
        <ele>0</ele>
        <time>2026-06-13T20:01:22.000Z</time>
      </trkpt>
      <trkpt lat="40.792337" lon="-73.972228">
        <ele>0</ele>
        <time>2026-06-13T20:01:23.000Z</time>
      </trkpt>
      <trkpt lat="40.792332" lon="-73.972217">
        <ele>0</ele>
        <time>2026-06-13T20:01:24.000Z</time>
      </trkpt>
      <trkpt lat="40.792327" lon="-73.972206">
        <ele>0</ele>
        <time>2026-06-13T20:01:25.000Z</time>
      </trkpt>
      <trkpt lat="40.792322" lon="-73.972195">
        <ele>0</ele>
        <time>2026-06-13T20:01:26.000Z</time>
      </trkpt>
      <trkpt lat="40.792317" lon="-73.972184">
        <ele>0</ele>
        <time>2026-06-13T20:01:27.000Z</time>
      </trkpt>
      <trkpt lat="40.792312" lon="-73.972173">
        <ele>0</ele>
        <time>2026-06-13T20:01:28.000Z</time>
      </trkpt>
      <trkpt lat="40.792307" lon="-73.972162">
        <ele>0</ele>
        <time>2026-06-13T20:01:29.000Z</time>
      </trkpt>
      <trkpt lat="40.792302" lon="-73.972151">
        <ele>0</ele>
        <time>2026-06-13T20:01:30.000Z</time>
      </trkpt>
      <trkpt lat="40.792297" lon="-73.97214">
        <ele>0</ele>
        <time>2026-06-13T20:01:31.000Z</time>
      </trkpt>
      <trkpt lat="40.792292" lon="-73.972129">
        <ele>0</ele>
        <time>2026-06-13T20:01:32.000Z</time>
      </trkpt>
      <trkpt lat="40.792287" lon="-73.972118">
        <ele>0</ele>
        <time>2026-06-13T20:01:33.000Z</time>
      </trkpt>
      <trkpt lat="40.792282" lon="-73.972107">
        <ele>0</ele>
        <time>2026-06-13T20:01:34.000Z</time>
      </trkpt>
      <trkpt lat="40.792277" lon="-73.972096">
        <ele>0</ele>
        <time>2026-06-13T20:01:35.000Z</time>
      </trkpt>
      <trkpt lat="40.792273" lon="-73.972085">
        <ele>0</ele>
        <time>2026-06-13T20:01:36.000Z</time>
      </trkpt>
      <trkpt lat="40.792268" lon="-73.972074">
        <ele>0</ele>
        <time>2026-06-13T20:01:37.000Z</time>
      </trkpt>
      <trkpt lat="40.792263" lon="-73.972063">
        <ele>0</ele>
        <time>2026-06-13T20:01:38.000Z</time>
      </trkpt>
      <trkpt lat="40.792258" lon="-73.972052">
        <ele>0</ele>
        <time>2026-06-13T20:01:39.000Z</time>
      </trkpt>
      <trkpt lat="40.792253" lon="-73.972041">
        <ele>0</ele>
        <time>2026-06-13T20:01:40.000Z</time>
      </trkpt>
      <trkpt lat="40.792248" lon="-73.97203">
        <ele>0</ele>
        <time>2026-06-13T20:01:41.000Z</time>
      </trkpt>
      <trkpt lat="40.792243" lon="-73.972019">
        <ele>0</ele>
        <time>2026-06-13T20:01:42.000Z</time>
      </trkpt>
      <trkpt lat="40.792238" lon="-73.972007">
        <ele>0</ele>
        <time>2026-06-13T20:01:43.000Z</time>
      </trkpt>
      <trkpt lat="40.792231" lon="-73.971992">
        <ele>0</ele>
        <time>2026-06-13T20:01:44.000Z</time>
      </trkpt>
      <trkpt lat="40.792229" lon="-73.971987">
        <ele>0</ele>
        <time>2026-06-13T20:01:45.000Z</time>
      </trkpt>
      <trkpt lat="40.792226" lon="-73.971981">
        <ele>0</ele>
        <time>2026-06-13T20:01:46.000Z</time>
      </trkpt>
      <trkpt lat="40.792224" lon="-73.971976">
        <ele>0</ele>
        <time>2026-06-13T20:01:47.000Z</time>
      </trkpt>
      <trkpt lat="40.792221" lon="-73.97197">
        <ele>0</ele>
        <time>2026-06-13T20:01:48.000Z</time>
      </trkpt>
      <trkpt lat="40.792215" lon="-73.971959">
        <ele>0</ele>
        <time>2026-06-13T20:01:49.000Z</time>
      </trkpt>
      <trkpt lat="40.792212" lon="-73.971951">
        <ele>0</ele>
        <time>2026-06-13T20:01:50.000Z</time>
      </trkpt>
      <trkpt lat="40.792208" lon="-73.971944">
        <ele>0</ele>
        <time>2026-06-13T20:01:52.000Z</time>
      </trkpt>
      <trkpt lat="40.792205" lon="-73.971937">
        <ele>0</ele>
        <time>2026-06-13T20:01:53.000Z</time>
      </trkpt>
      <trkpt lat="40.792201" lon="-73.971929">
        <ele>0</ele>
        <time>2026-06-13T20:01:54.000Z</time>
      </trkpt>
      <trkpt lat="40.792198" lon="-73.971922">
        <ele>0</ele>
        <time>2026-06-13T20:01:55.000Z</time>
      </trkpt>
      <trkpt lat="40.792194" lon="-73.971914">
        <ele>0</ele>
        <time>2026-06-13T20:01:56.000Z</time>
      </trkpt>
      <trkpt lat="40.79219" lon="-73.971907">
        <ele>0</ele>
        <time>2026-06-13T20:01:57.000Z</time>
      </trkpt>
      <trkpt lat="40.792187" lon="-73.9719">
        <ele>0</ele>
        <time>2026-06-13T20:01:58.000Z</time>
      </trkpt>
      <trkpt lat="40.792183" lon="-73.971892">
        <ele>0</ele>
        <time>2026-06-13T20:01:59.000Z</time>
      </trkpt>
      <trkpt lat="40.79218" lon="-73.971885">
        <ele>0</ele>
        <time>2026-06-13T20:02:00.000Z</time>
      </trkpt>
      <trkpt lat="40.792176" lon="-73.971878">
        <ele>0</ele>
        <time>2026-06-13T20:02:01.000Z</time>
      </trkpt>
      <trkpt lat="40.792172" lon="-73.97187">
        <ele>0</ele>
        <time>2026-06-13T20:02:02.000Z</time>
      </trkpt>
      <trkpt lat="40.792169" lon="-73.971863">
        <ele>0</ele>
        <time>2026-06-13T20:02:03.000Z</time>
      </trkpt>
      <trkpt lat="40.792165" lon="-73.971856">
        <ele>0</ele>
        <time>2026-06-13T20:02:04.000Z</time>
      </trkpt>
      <trkpt lat="40.792162" lon="-73.971848">
        <ele>0</ele>
        <time>2026-06-13T20:02:05.000Z</time>
      </trkpt>
      <trkpt lat="40.792158" lon="-73.971841">
        <ele>0</ele>
        <time>2026-06-13T20:02:06.000Z</time>
      </trkpt>
      <trkpt lat="40.792155" lon="-73.971834">
        <ele>0</ele>
        <time>2026-06-13T20:02:07.000Z</time>
      </trkpt>
      <trkpt lat="40.792151" lon="-73.971826">
        <ele>0</ele>
        <time>2026-06-13T20:02:08.000Z</time>
      </trkpt>
      <trkpt lat="40.792147" lon="-73.971819">
        <ele>0</ele>
        <time>2026-06-13T20:02:09.000Z</time>
      </trkpt>
      <trkpt lat="40.792144" lon="-73.971811">
        <ele>0</ele>
        <time>2026-06-13T20:02:10.000Z</time>
      </trkpt>
      <trkpt lat="40.79214" lon="-73.971804">
        <ele>0</ele>
        <time>2026-06-13T20:02:11.000Z</time>
      </trkpt>
      <trkpt lat="40.792137" lon="-73.971797">
        <ele>0</ele>
        <time>2026-06-13T20:02:12.000Z</time>
      </trkpt>
      <trkpt lat="40.792133" lon="-73.971789">
        <ele>0</ele>
        <time>2026-06-13T20:02:13.000Z</time>
      </trkpt>
      <trkpt lat="40.792129" lon="-73.971782">
        <ele>0</ele>
        <time>2026-06-13T20:02:14.000Z</time>
      </trkpt>
      <trkpt lat="40.792126" lon="-73.971775">
        <ele>0</ele>
        <time>2026-06-13T20:02:15.000Z</time>
      </trkpt>
      <trkpt lat="40.792122" lon="-73.971767">
        <ele>0</ele>
        <time>2026-06-13T20:02:16.000Z</time>
      </trkpt>
      <trkpt lat="40.792119" lon="-73.97176">
        <ele>0</ele>
        <time>2026-06-13T20:02:17.000Z</time>
      </trkpt>
      <trkpt lat="40.792115" lon="-73.971753">
        <ele>0</ele>
        <time>2026-06-13T20:02:18.000Z</time>
      </trkpt>
      <trkpt lat="40.792112" lon="-73.971745">
        <ele>0</ele>
        <time>2026-06-13T20:02:19.000Z</time>
      </trkpt>
      <trkpt lat="40.792108" lon="-73.971738">
        <ele>0</ele>
        <time>2026-06-13T20:02:20.000Z</time>
      </trkpt>
      <trkpt lat="40.792104" lon="-73.97173">
        <ele>0</ele>
        <time>2026-06-13T20:02:21.000Z</time>
      </trkpt>
      <trkpt lat="40.792101" lon="-73.971723">
        <ele>0</ele>
        <time>2026-06-13T20:02:22.000Z</time>
      </trkpt>
      <trkpt lat="40.792097" lon="-73.971716">
        <ele>0</ele>
        <time>2026-06-13T20:02:23.000Z</time>
      </trkpt>
      <trkpt lat="40.792094" lon="-73.971708">
        <ele>0</ele>
        <time>2026-06-13T20:02:24.000Z</time>
      </trkpt>
      <trkpt lat="40.79209" lon="-73.971701">
        <ele>0</ele>
        <time>2026-06-13T20:02:25.000Z</time>
      </trkpt>
      <trkpt lat="40.792086" lon="-73.971694">
        <ele>0</ele>
        <time>2026-06-13T20:02:26.000Z</time>
      </trkpt>
      <trkpt lat="40.792083" lon="-73.971686">
        <ele>0</ele>
        <time>2026-06-13T20:02:27.000Z</time>
      </trkpt>
      <trkpt lat="40.792079" lon="-73.971679">
        <ele>0</ele>
        <time>2026-06-13T20:02:28.000Z</time>
      </trkpt>
      <trkpt lat="40.792076" lon="-73.971672">
        <ele>0</ele>
        <time>2026-06-13T20:02:29.000Z</time>
      </trkpt>
      <trkpt lat="40.792072" lon="-73.971664">
        <ele>0</ele>
        <time>2026-06-13T20:02:30.000Z</time>
      </trkpt>
      <trkpt lat="40.792069" lon="-73.971657">
        <ele>0</ele>
        <time>2026-06-13T20:02:31.000Z</time>
      </trkpt>
      <trkpt lat="40.792065" lon="-73.971649">
        <ele>0</ele>
        <time>2026-06-13T20:02:32.000Z</time>
      </trkpt>
      <trkpt lat="40.792061" lon="-73.971642">
        <ele>0</ele>
        <time>2026-06-13T20:02:33.000Z</time>
      </trkpt>
      <trkpt lat="40.792058" lon="-73.971635">
        <ele>0</ele>
        <time>2026-06-13T20:02:34.000Z</time>
      </trkpt>
      <trkpt lat="40.792054" lon="-73.971627">
        <ele>0</ele>
        <time>2026-06-13T20:02:35.000Z</time>
      </trkpt>
      <trkpt lat="40.792051" lon="-73.97162">
        <ele>0</ele>
        <time>2026-06-13T20:02:36.000Z</time>
      </trkpt>
      <trkpt lat="40.792047" lon="-73.971613">
        <ele>0</ele>
        <time>2026-06-13T20:02:37.000Z</time>
      </trkpt>
      <trkpt lat="40.792043" lon="-73.971605">
        <ele>0</ele>
        <time>2026-06-13T20:02:38.000Z</time>
      </trkpt>
      <trkpt lat="40.79204" lon="-73.971598">
        <ele>0</ele>
        <time>2026-06-13T20:02:39.000Z</time>
      </trkpt>
      <trkpt lat="40.792036" lon="-73.971591">
        <ele>0</ele>
        <time>2026-06-13T20:02:40.000Z</time>
      </trkpt>
      <trkpt lat="40.792033" lon="-73.971583">
        <ele>0</ele>
        <time>2026-06-13T20:02:41.000Z</time>
      </trkpt>
      <trkpt lat="40.792029" lon="-73.971576">
        <ele>0</ele>
        <time>2026-06-13T20:02:42.000Z</time>
      </trkpt>
      <trkpt lat="40.792026" lon="-73.971569">
        <ele>0</ele>
        <time>2026-06-13T20:02:43.000Z</time>
      </trkpt>
      <trkpt lat="40.792022" lon="-73.971561">
        <ele>0</ele>
        <time>2026-06-13T20:02:44.000Z</time>
      </trkpt>
      <trkpt lat="40.792018" lon="-73.971554">
        <ele>0</ele>
        <time>2026-06-13T20:02:45.000Z</time>
      </trkpt>
      <trkpt lat="40.792015" lon="-73.971546">
        <ele>0</ele>
        <time>2026-06-13T20:02:46.000Z</time>
      </trkpt>
      <trkpt lat="40.792011" lon="-73.971539">
        <ele>0</ele>
        <time>2026-06-13T20:02:47.000Z</time>
      </trkpt>
      <trkpt lat="40.792008" lon="-73.971532">
        <ele>0</ele>
        <time>2026-06-13T20:02:48.000Z</time>
      </trkpt>
      <trkpt lat="40.792004" lon="-73.971524">
        <ele>0</ele>
        <time>2026-06-13T20:02:49.000Z</time>
      </trkpt>
      <trkpt lat="40.792001" lon="-73.971517">
        <ele>0</ele>
        <time>2026-06-13T20:02:50.000Z</time>
      </trkpt>
      <trkpt lat="40.79199" lon="-73.971489">
        <ele>0</ele>
        <time>2026-06-13T20:02:51.000Z</time>
      </trkpt>
      <trkpt lat="40.791984" lon="-73.971476">
        <ele>0</ele>
        <time>2026-06-13T20:02:52.000Z</time>
      </trkpt>
      <trkpt lat="40.791979" lon="-73.971462">
        <ele>0</ele>
        <time>2026-06-13T20:02:53.000Z</time>
      </trkpt>
      <trkpt lat="40.791973" lon="-73.971448">
        <ele>0</ele>
        <time>2026-06-13T20:02:54.000Z</time>
      </trkpt>
      <trkpt lat="40.791968" lon="-73.971435">
        <ele>0</ele>
        <time>2026-06-13T20:02:55.000Z</time>
      </trkpt>
      <trkpt lat="40.791962" lon="-73.971421">
        <ele>0</ele>
        <time>2026-06-13T20:02:56.000Z</time>
      </trkpt>
      <trkpt lat="40.791957" lon="-73.971407">
        <ele>0</ele>
        <time>2026-06-13T20:02:57.000Z</time>
      </trkpt>
      <trkpt lat="40.791951" lon="-73.971394">
        <ele>0</ele>
        <time>2026-06-13T20:02:58.000Z</time>
      </trkpt>
      <trkpt lat="40.791946" lon="-73.97138">
        <ele>0</ele>
        <time>2026-06-13T20:02:59.000Z</time>
      </trkpt>
      <trkpt lat="40.791941" lon="-73.971367">
        <ele>0</ele>
        <time>2026-06-13T20:03:00.000Z</time>
      </trkpt>
      <trkpt lat="40.791935" lon="-73.971353">
        <ele>0</ele>
        <time>2026-06-13T20:03:01.000Z</time>
      </trkpt>
      <trkpt lat="40.79193" lon="-73.971339">
        <ele>0</ele>
        <time>2026-06-13T20:03:02.000Z</time>
      </trkpt>
      <trkpt lat="40.791924" lon="-73.971326">
        <ele>0</ele>
        <time>2026-06-13T20:03:03.000Z</time>
      </trkpt>
      <trkpt lat="40.791919" lon="-73.971312">
        <ele>0</ele>
        <time>2026-06-13T20:03:04.000Z</time>
      </trkpt>
      <trkpt lat="40.791913" lon="-73.971298">
        <ele>0</ele>
        <time>2026-06-13T20:03:05.000Z</time>
      </trkpt>
      <trkpt lat="40.791908" lon="-73.971285">
        <ele>0</ele>
        <time>2026-06-13T20:03:06.000Z</time>
      </trkpt>
      <trkpt lat="40.791902" lon="-73.971271">
        <ele>0</ele>
        <time>2026-06-13T20:03:07.000Z</time>
      </trkpt>
      <trkpt lat="40.791897" lon="-73.971257">
        <ele>0</ele>
        <time>2026-06-13T20:03:08.000Z</time>
      </trkpt>
      <trkpt lat="40.791892" lon="-73.971244">
        <ele>0</ele>
        <time>2026-06-13T20:03:09.000Z</time>
      </trkpt>
      <trkpt lat="40.791886" lon="-73.97123">
        <ele>0</ele>
        <time>2026-06-13T20:03:10.000Z</time>
      </trkpt>
      <trkpt lat="40.791881" lon="-73.971216">
        <ele>0</ele>
        <time>2026-06-13T20:03:11.000Z</time>
      </trkpt>
      <trkpt lat="40.791875" lon="-73.971203">
        <ele>0</ele>
        <time>2026-06-13T20:03:12.000Z</time>
      </trkpt>
      <trkpt lat="40.79187" lon="-73.971189">
        <ele>0</ele>
        <time>2026-06-13T20:03:13.000Z</time>
      </trkpt>
      <trkpt lat="40.791864" lon="-73.971176">
        <ele>0</ele>
        <time>2026-06-13T20:03:14.000Z</time>
      </trkpt>
      <trkpt lat="40.791859" lon="-73.971162">
        <ele>0</ele>
        <time>2026-06-13T20:03:15.000Z</time>
      </trkpt>
      <trkpt lat="40.791853" lon="-73.971148">
        <ele>0</ele>
        <time>2026-06-13T20:03:16.000Z</time>
      </trkpt>
      <trkpt lat="40.791848" lon="-73.971135">
        <ele>0</ele>
        <time>2026-06-13T20:03:17.000Z</time>
      </trkpt>
      <trkpt lat="40.791843" lon="-73.971121">
        <ele>0</ele>
        <time>2026-06-13T20:03:18.000Z</time>
      </trkpt>
      <trkpt lat="40.791832" lon="-73.971095">
        <ele>0</ele>
        <time>2026-06-13T20:03:19.000Z</time>
      </trkpt>
      <trkpt lat="40.791827" lon="-73.971083">
        <ele>0</ele>
        <time>2026-06-13T20:03:20.000Z</time>
      </trkpt>
      <trkpt lat="40.791823" lon="-73.971071">
        <ele>0</ele>
        <time>2026-06-13T20:03:21.000Z</time>
      </trkpt>
      <trkpt lat="40.791818" lon="-73.971059">
        <ele>0</ele>
        <time>2026-06-13T20:03:22.000Z</time>
      </trkpt>
      <trkpt lat="40.791813" lon="-73.971047">
        <ele>0</ele>
        <time>2026-06-13T20:03:23.000Z</time>
      </trkpt>
      <trkpt lat="40.791808" lon="-73.971035">
        <ele>0</ele>
        <time>2026-06-13T20:03:24.000Z</time>
      </trkpt>
      <trkpt lat="40.791804" lon="-73.971023">
        <ele>0</ele>
        <time>2026-06-13T20:03:25.000Z</time>
      </trkpt>
      <trkpt lat="40.791799" lon="-73.97101">
        <ele>0</ele>
        <time>2026-06-13T20:03:26.000Z</time>
      </trkpt>
      <trkpt lat="40.791794" lon="-73.970998">
        <ele>0</ele>
        <time>2026-06-13T20:03:27.000Z</time>
      </trkpt>
      <trkpt lat="40.791789" lon="-73.970986">
        <ele>0</ele>
        <time>2026-06-13T20:03:28.000Z</time>
      </trkpt>
      <trkpt lat="40.791785" lon="-73.970974">
        <ele>0</ele>
        <time>2026-06-13T20:03:29.000Z</time>
      </trkpt>
      <trkpt lat="40.79178" lon="-73.970962">
        <ele>0</ele>
        <time>2026-06-13T20:03:30.000Z</time>
      </trkpt>
      <trkpt lat="40.791775" lon="-73.97095">
        <ele>0</ele>
        <time>2026-06-13T20:03:31.000Z</time>
      </trkpt>
      <trkpt lat="40.79177" lon="-73.970938">
        <ele>0</ele>
        <time>2026-06-13T20:03:32.000Z</time>
      </trkpt>
      <trkpt lat="40.791766" lon="-73.970926">
        <ele>0</ele>
        <time>2026-06-13T20:03:33.000Z</time>
      </trkpt>
      <trkpt lat="40.791761" lon="-73.970914">
        <ele>0</ele>
        <time>2026-06-13T20:03:34.000Z</time>
      </trkpt>
      <trkpt lat="40.791756" lon="-73.970902">
        <ele>0</ele>
        <time>2026-06-13T20:03:35.000Z</time>
      </trkpt>
      <trkpt lat="40.791751" lon="-73.97089">
        <ele>0</ele>
        <time>2026-06-13T20:03:36.000Z</time>
      </trkpt>
      <trkpt lat="40.791747" lon="-73.970878">
        <ele>0</ele>
        <time>2026-06-13T20:03:37.000Z</time>
      </trkpt>
      <trkpt lat="40.791742" lon="-73.970866">
        <ele>0</ele>
        <time>2026-06-13T20:03:38.000Z</time>
      </trkpt>
      <trkpt lat="40.791737" lon="-73.970854">
        <ele>0</ele>
        <time>2026-06-13T20:03:39.000Z</time>
      </trkpt>
      <trkpt lat="40.791732" lon="-73.970841">
        <ele>0</ele>
        <time>2026-06-13T20:03:40.000Z</time>
      </trkpt>
      <trkpt lat="40.791728" lon="-73.970829">
        <ele>0</ele>
        <time>2026-06-13T20:03:41.000Z</time>
      </trkpt>
      <trkpt lat="40.791723" lon="-73.970817">
        <ele>0</ele>
        <time>2026-06-13T20:03:42.000Z</time>
      </trkpt>
      <trkpt lat="40.791718" lon="-73.970805">
        <ele>0</ele>
        <time>2026-06-13T20:03:43.000Z</time>
      </trkpt>
      <trkpt lat="40.791713" lon="-73.970793">
        <ele>0</ele>
        <time>2026-06-13T20:03:44.000Z</time>
      </trkpt>
      <trkpt lat="40.791709" lon="-73.970781">
        <ele>0</ele>
        <time>2026-06-13T20:03:45.000Z</time>
      </trkpt>
      <trkpt lat="40.791704" lon="-73.970769">
        <ele>0</ele>
        <time>2026-06-13T20:03:46.000Z</time>
      </trkpt>
      <trkpt lat="40.791699" lon="-73.970757">
        <ele>0</ele>
        <time>2026-06-13T20:03:47.000Z</time>
      </trkpt>
      <trkpt lat="40.791689" lon="-73.970732">
        <ele>0</ele>
        <time>2026-06-13T20:03:48.000Z</time>
      </trkpt>
      <trkpt lat="40.791684" lon="-73.97072">
        <ele>0</ele>
        <time>2026-06-13T20:03:49.000Z</time>
      </trkpt>
      <trkpt lat="40.79168" lon="-73.970708">
        <ele>0</ele>
        <time>2026-06-13T20:03:50.000Z</time>
      </trkpt>
      <trkpt lat="40.791675" lon="-73.970696">
        <ele>0</ele>
        <time>2026-06-13T20:03:51.000Z</time>
      </trkpt>
      <trkpt lat="40.79167" lon="-73.970684">
        <ele>0</ele>
        <time>2026-06-13T20:03:52.000Z</time>
      </trkpt>
      <trkpt lat="40.791665" lon="-73.970672">
        <ele>0</ele>
        <time>2026-06-13T20:03:53.000Z</time>
      </trkpt>
      <trkpt lat="40.79166" lon="-73.970659">
        <ele>0</ele>
        <time>2026-06-13T20:03:54.000Z</time>
      </trkpt>
      <trkpt lat="40.791656" lon="-73.970647">
        <ele>0</ele>
        <time>2026-06-13T20:03:55.000Z</time>
      </trkpt>
      <trkpt lat="40.791651" lon="-73.970635">
        <ele>0</ele>
        <time>2026-06-13T20:03:56.000Z</time>
      </trkpt>
      <trkpt lat="40.791646" lon="-73.970623">
        <ele>0</ele>
        <time>2026-06-13T20:03:57.000Z</time>
      </trkpt>
      <trkpt lat="40.791641" lon="-73.970611">
        <ele>0</ele>
        <time>2026-06-13T20:03:58.000Z</time>
      </trkpt>
      <trkpt lat="40.791636" lon="-73.970599">
        <ele>0</ele>
        <time>2026-06-13T20:03:59.000Z</time>
      </trkpt>
      <trkpt lat="40.791632" lon="-73.970587">
        <ele>0</ele>
        <time>2026-06-13T20:04:00.000Z</time>
      </trkpt>
      <trkpt lat="40.791627" lon="-73.970575">
        <ele>0</ele>
        <time>2026-06-13T20:04:01.000Z</time>
      </trkpt>
      <trkpt lat="40.791622" lon="-73.970563">
        <ele>0</ele>
        <time>2026-06-13T20:04:02.000Z</time>
      </trkpt>
      <trkpt lat="40.791617" lon="-73.970551">
        <ele>0</ele>
        <time>2026-06-13T20:04:03.000Z</time>
      </trkpt>
      <trkpt lat="40.791612" lon="-73.970539">
        <ele>0</ele>
        <time>2026-06-13T20:04:04.000Z</time>
      </trkpt>
      <trkpt lat="40.791608" lon="-73.970527">
        <ele>0</ele>
        <time>2026-06-13T20:04:05.000Z</time>
      </trkpt>
      <trkpt lat="40.791603" lon="-73.970515">
        <ele>0</ele>
        <time>2026-06-13T20:04:06.000Z</time>
      </trkpt>
      <trkpt lat="40.791598" lon="-73.970503">
        <ele>0</ele>
        <time>2026-06-13T20:04:07.000Z</time>
      </trkpt>
      <trkpt lat="40.791593" lon="-73.97049">
        <ele>0</ele>
        <time>2026-06-13T20:04:08.000Z</time>
      </trkpt>
      <trkpt lat="40.791588" lon="-73.970478">
        <ele>0</ele>
        <time>2026-06-13T20:04:09.000Z</time>
      </trkpt>
      <trkpt lat="40.791584" lon="-73.970466">
        <ele>0</ele>
        <time>2026-06-13T20:04:10.000Z</time>
      </trkpt>
      <trkpt lat="40.791579" lon="-73.970454">
        <ele>0</ele>
        <time>2026-06-13T20:04:11.000Z</time>
      </trkpt>
      <trkpt lat="40.791574" lon="-73.970442">
        <ele>0</ele>
        <time>2026-06-13T20:04:12.000Z</time>
      </trkpt>
      <trkpt lat="40.791569" lon="-73.97043">
        <ele>0</ele>
        <time>2026-06-13T20:04:13.000Z</time>
      </trkpt>
      <trkpt lat="40.791564" lon="-73.970418">
        <ele>0</ele>
        <time>2026-06-13T20:04:14.000Z</time>
      </trkpt>
      <trkpt lat="40.79156" lon="-73.970406">
        <ele>0</ele>
        <time>2026-06-13T20:04:15.000Z</time>
      </trkpt>
      <trkpt lat="40.791549" lon="-73.97038">
        <ele>0</ele>
        <time>2026-06-13T20:04:16.000Z</time>
      </trkpt>
      <trkpt lat="40.791543" lon="-73.970366">
        <ele>0</ele>
        <time>2026-06-13T20:04:17.000Z</time>
      </trkpt>
      <trkpt lat="40.791538" lon="-73.970353">
        <ele>0</ele>
        <time>2026-06-13T20:04:18.000Z</time>
      </trkpt>
      <trkpt lat="40.791533" lon="-73.97034">
        <ele>0</ele>
        <time>2026-06-13T20:04:19.000Z</time>
      </trkpt>
      <trkpt lat="40.791527" lon="-73.970327">
        <ele>0</ele>
        <time>2026-06-13T20:04:20.000Z</time>
      </trkpt>
      <trkpt lat="40.791522" lon="-73.970313">
        <ele>0</ele>
        <time>2026-06-13T20:04:21.000Z</time>
      </trkpt>
      <trkpt lat="40.791517" lon="-73.9703">
        <ele>0</ele>
        <time>2026-06-13T20:04:22.000Z</time>
      </trkpt>
      <trkpt lat="40.791511" lon="-73.970287">
        <ele>0</ele>
        <time>2026-06-13T20:04:23.000Z</time>
      </trkpt>
      <trkpt lat="40.791506" lon="-73.970274">
        <ele>0</ele>
        <time>2026-06-13T20:04:24.000Z</time>
      </trkpt>
      <trkpt lat="40.791501" lon="-73.97026">
        <ele>0</ele>
        <time>2026-06-13T20:04:25.000Z</time>
      </trkpt>
      <trkpt lat="40.791495" lon="-73.970247">
        <ele>0</ele>
        <time>2026-06-13T20:04:26.000Z</time>
      </trkpt>
      <trkpt lat="40.79149" lon="-73.970234">
        <ele>0</ele>
        <time>2026-06-13T20:04:27.000Z</time>
      </trkpt>
      <trkpt lat="40.791485" lon="-73.970221">
        <ele>0</ele>
        <time>2026-06-13T20:04:28.000Z</time>
      </trkpt>
      <trkpt lat="40.791479" lon="-73.970207">
        <ele>0</ele>
        <time>2026-06-13T20:04:29.000Z</time>
      </trkpt>
      <trkpt lat="40.791474" lon="-73.970194">
        <ele>0</ele>
        <time>2026-06-13T20:04:30.000Z</time>
      </trkpt>
      <trkpt lat="40.791469" lon="-73.970181">
        <ele>0</ele>
        <time>2026-06-13T20:04:31.000Z</time>
      </trkpt>
      <trkpt lat="40.791463" lon="-73.970168">
        <ele>0</ele>
        <time>2026-06-13T20:04:32.000Z</time>
      </trkpt>
      <trkpt lat="40.791458" lon="-73.970154">
        <ele>0</ele>
        <time>2026-06-13T20:04:33.000Z</time>
      </trkpt>
      <trkpt lat="40.791453" lon="-73.970141">
        <ele>0</ele>
        <time>2026-06-13T20:04:34.000Z</time>
      </trkpt>
      <trkpt lat="40.791447" lon="-73.970128">
        <ele>0</ele>
        <time>2026-06-13T20:04:35.000Z</time>
      </trkpt>
      <trkpt lat="40.791442" lon="-73.970115">
        <ele>0</ele>
        <time>2026-06-13T20:04:36.000Z</time>
      </trkpt>
      <trkpt lat="40.791437" lon="-73.970101">
        <ele>0</ele>
        <time>2026-06-13T20:04:37.000Z</time>
      </trkpt>
      <trkpt lat="40.791431" lon="-73.970088">
        <ele>0</ele>
        <time>2026-06-13T20:04:38.000Z</time>
      </trkpt>
      <trkpt lat="40.791426" lon="-73.970075">
        <ele>0</ele>
        <time>2026-06-13T20:04:39.000Z</time>
      </trkpt>
      <trkpt lat="40.791421" lon="-73.970062">
        <ele>0</ele>
        <time>2026-06-13T20:04:40.000Z</time>
      </trkpt>
      <trkpt lat="40.791415" lon="-73.970048">
        <ele>0</ele>
        <time>2026-06-13T20:04:41.000Z</time>
      </trkpt>
      <trkpt lat="40.79141" lon="-73.970035">
        <ele>0</ele>
        <time>2026-06-13T20:04:42.000Z</time>
      </trkpt>
      <trkpt lat="40.791405" lon="-73.970022">
        <ele>0</ele>
        <time>2026-06-13T20:04:43.000Z</time>
      </trkpt>
      <trkpt lat="40.791394" lon="-73.969994">
        <ele>0</ele>
        <time>2026-06-13T20:04:44.000Z</time>
      </trkpt>
      <trkpt lat="40.791388" lon="-73.969981">
        <ele>0</ele>
        <time>2026-06-13T20:04:45.000Z</time>
      </trkpt>
      <trkpt lat="40.791383" lon="-73.969967">
        <ele>0</ele>
        <time>2026-06-13T20:04:46.000Z</time>
      </trkpt>
      <trkpt lat="40.791377" lon="-73.969954">
        <ele>0</ele>
        <time>2026-06-13T20:04:47.000Z</time>
      </trkpt>
      <trkpt lat="40.791372" lon="-73.96994">
        <ele>0</ele>
        <time>2026-06-13T20:04:48.000Z</time>
      </trkpt>
      <trkpt lat="40.791366" lon="-73.969927">
        <ele>0</ele>
        <time>2026-06-13T20:04:49.000Z</time>
      </trkpt>
      <trkpt lat="40.791361" lon="-73.969913">
        <ele>0</ele>
        <time>2026-06-13T20:04:50.000Z</time>
      </trkpt>
      <trkpt lat="40.791355" lon="-73.9699">
        <ele>0</ele>
        <time>2026-06-13T20:04:52.000Z</time>
      </trkpt>
      <trkpt lat="40.79135" lon="-73.969886">
        <ele>0</ele>
        <time>2026-06-13T20:04:53.000Z</time>
      </trkpt>
      <trkpt lat="40.791344" lon="-73.969873">
        <ele>0</ele>
        <time>2026-06-13T20:04:54.000Z</time>
      </trkpt>
      <trkpt lat="40.791339" lon="-73.969859">
        <ele>0</ele>
        <time>2026-06-13T20:04:55.000Z</time>
      </trkpt>
      <trkpt lat="40.791333" lon="-73.969846">
        <ele>0</ele>
        <time>2026-06-13T20:04:56.000Z</time>
      </trkpt>
      <trkpt lat="40.791328" lon="-73.969832">
        <ele>0</ele>
        <time>2026-06-13T20:04:57.000Z</time>
      </trkpt>
      <trkpt lat="40.791322" lon="-73.969819">
        <ele>0</ele>
        <time>2026-06-13T20:04:58.000Z</time>
      </trkpt>
      <trkpt lat="40.791317" lon="-73.969805">
        <ele>0</ele>
        <time>2026-06-13T20:04:59.000Z</time>
      </trkpt>
      <trkpt lat="40.791311" lon="-73.969792">
        <ele>0</ele>
        <time>2026-06-13T20:05:00.000Z</time>
      </trkpt>
      <trkpt lat="40.791306" lon="-73.969778">
        <ele>0</ele>
        <time>2026-06-13T20:05:01.000Z</time>
      </trkpt>
      <trkpt lat="40.7913" lon="-73.969765">
        <ele>0</ele>
        <time>2026-06-13T20:05:02.000Z</time>
      </trkpt>
      <trkpt lat="40.791295" lon="-73.969751">
        <ele>0</ele>
        <time>2026-06-13T20:05:03.000Z</time>
      </trkpt>
      <trkpt lat="40.791289" lon="-73.969738">
        <ele>0</ele>
        <time>2026-06-13T20:05:04.000Z</time>
      </trkpt>
      <trkpt lat="40.791278" lon="-73.96971">
        <ele>0</ele>
        <time>2026-06-13T20:05:05.000Z</time>
      </trkpt>
      <trkpt lat="40.791272" lon="-73.969697">
        <ele>0</ele>
        <time>2026-06-13T20:05:06.000Z</time>
      </trkpt>
      <trkpt lat="40.791267" lon="-73.969684">
        <ele>0</ele>
        <time>2026-06-13T20:05:07.000Z</time>
      </trkpt>
      <trkpt lat="40.791261" lon="-73.969671">
        <ele>0</ele>
        <time>2026-06-13T20:05:08.000Z</time>
      </trkpt>
      <trkpt lat="40.791256" lon="-73.969658">
        <ele>0</ele>
        <time>2026-06-13T20:05:09.000Z</time>
      </trkpt>
      <trkpt lat="40.79125" lon="-73.969645">
        <ele>0</ele>
        <time>2026-06-13T20:05:10.000Z</time>
      </trkpt>
      <trkpt lat="40.791245" lon="-73.969631">
        <ele>0</ele>
        <time>2026-06-13T20:05:11.000Z</time>
      </trkpt>
      <trkpt lat="40.791239" lon="-73.969618">
        <ele>0</ele>
        <time>2026-06-13T20:05:12.000Z</time>
      </trkpt>
      <trkpt lat="40.791234" lon="-73.969605">
        <ele>0</ele>
        <time>2026-06-13T20:05:13.000Z</time>
      </trkpt>
      <trkpt lat="40.791228" lon="-73.969592">
        <ele>0</ele>
        <time>2026-06-13T20:05:14.000Z</time>
      </trkpt>
      <trkpt lat="40.791223" lon="-73.969579">
        <ele>0</ele>
        <time>2026-06-13T20:05:15.000Z</time>
      </trkpt>
      <trkpt lat="40.791218" lon="-73.969566">
        <ele>0</ele>
        <time>2026-06-13T20:05:16.000Z</time>
      </trkpt>
      <trkpt lat="40.791212" lon="-73.969553">
        <ele>0</ele>
        <time>2026-06-13T20:05:17.000Z</time>
      </trkpt>
      <trkpt lat="40.791207" lon="-73.96954">
        <ele>0</ele>
        <time>2026-06-13T20:05:18.000Z</time>
      </trkpt>
      <trkpt lat="40.791201" lon="-73.969527">
        <ele>0</ele>
        <time>2026-06-13T20:05:19.000Z</time>
      </trkpt>
      <trkpt lat="40.791196" lon="-73.969514">
        <ele>0</ele>
        <time>2026-06-13T20:05:20.000Z</time>
      </trkpt>
      <trkpt lat="40.79119" lon="-73.969501">
        <ele>0</ele>
        <time>2026-06-13T20:05:21.000Z</time>
      </trkpt>
      <trkpt lat="40.791185" lon="-73.969488">
        <ele>0</ele>
        <time>2026-06-13T20:05:22.000Z</time>
      </trkpt>
      <trkpt lat="40.791179" lon="-73.969474">
        <ele>0</ele>
        <time>2026-06-13T20:05:23.000Z</time>
      </trkpt>
      <trkpt lat="40.791174" lon="-73.969461">
        <ele>0</ele>
        <time>2026-06-13T20:05:24.000Z</time>
      </trkpt>
      <trkpt lat="40.791169" lon="-73.969448">
        <ele>0</ele>
        <time>2026-06-13T20:05:25.000Z</time>
      </trkpt>
      <trkpt lat="40.791163" lon="-73.969435">
        <ele>0</ele>
        <time>2026-06-13T20:05:26.000Z</time>
      </trkpt>
      <trkpt lat="40.791158" lon="-73.969422">
        <ele>0</ele>
        <time>2026-06-13T20:05:27.000Z</time>
      </trkpt>
      <trkpt lat="40.791152" lon="-73.969409">
        <ele>0</ele>
        <time>2026-06-13T20:05:28.000Z</time>
      </trkpt>
      <trkpt lat="40.791147" lon="-73.969396">
        <ele>0</ele>
        <time>2026-06-13T20:05:29.000Z</time>
      </trkpt>
      <trkpt lat="40.791141" lon="-73.969383">
        <ele>0</ele>
        <time>2026-06-13T20:05:30.000Z</time>
      </trkpt>
      <trkpt lat="40.791136" lon="-73.96937">
        <ele>0</ele>
        <time>2026-06-13T20:05:31.000Z</time>
      </trkpt>
      <trkpt lat="40.79113" lon="-73.969357">
        <ele>0</ele>
        <time>2026-06-13T20:05:32.000Z</time>
      </trkpt>
      <trkpt lat="40.791125" lon="-73.969344">
        <ele>0</ele>
        <time>2026-06-13T20:05:33.000Z</time>
      </trkpt>
      <trkpt lat="40.791119" lon="-73.969331">
        <ele>0</ele>
        <time>2026-06-13T20:05:34.000Z</time>
      </trkpt>
      <trkpt lat="40.791114" lon="-73.969317">
        <ele>0</ele>
        <time>2026-06-13T20:05:35.000Z</time>
      </trkpt>
      <trkpt lat="40.791102" lon="-73.969291">
        <ele>0</ele>
        <time>2026-06-13T20:05:36.000Z</time>
      </trkpt>
      <trkpt lat="40.791097" lon="-73.969278">
        <ele>0</ele>
        <time>2026-06-13T20:05:37.000Z</time>
      </trkpt>
      <trkpt lat="40.791091" lon="-73.969265">
        <ele>0</ele>
        <time>2026-06-13T20:05:38.000Z</time>
      </trkpt>
      <trkpt lat="40.791085" lon="-73.969253">
        <ele>0</ele>
        <time>2026-06-13T20:05:39.000Z</time>
      </trkpt>
      <trkpt lat="40.79108" lon="-73.96924">
        <ele>0</ele>
        <time>2026-06-13T20:05:40.000Z</time>
      </trkpt>
      <trkpt lat="40.791074" lon="-73.969227">
        <ele>0</ele>
        <time>2026-06-13T20:05:41.000Z</time>
      </trkpt>
      <trkpt lat="40.791068" lon="-73.969214">
        <ele>0</ele>
        <time>2026-06-13T20:05:42.000Z</time>
      </trkpt>
      <trkpt lat="40.791062" lon="-73.969201">
        <ele>0</ele>
        <time>2026-06-13T20:05:43.000Z</time>
      </trkpt>
      <trkpt lat="40.791057" lon="-73.969188">
        <ele>0</ele>
        <time>2026-06-13T20:05:44.000Z</time>
      </trkpt>
      <trkpt lat="40.791051" lon="-73.969175">
        <ele>0</ele>
        <time>2026-06-13T20:05:45.000Z</time>
      </trkpt>
      <trkpt lat="40.791045" lon="-73.969163">
        <ele>0</ele>
        <time>2026-06-13T20:05:46.000Z</time>
      </trkpt>
      <trkpt lat="40.79104" lon="-73.96915">
        <ele>0</ele>
        <time>2026-06-13T20:05:47.000Z</time>
      </trkpt>
      <trkpt lat="40.791034" lon="-73.969137">
        <ele>0</ele>
        <time>2026-06-13T20:05:48.000Z</time>
      </trkpt>
      <trkpt lat="40.791028" lon="-73.969124">
        <ele>0</ele>
        <time>2026-06-13T20:05:49.000Z</time>
      </trkpt>
      <trkpt lat="40.791023" lon="-73.969111">
        <ele>0</ele>
        <time>2026-06-13T20:05:50.000Z</time>
      </trkpt>
      <trkpt lat="40.791017" lon="-73.969098">
        <ele>0</ele>
        <time>2026-06-13T20:05:51.000Z</time>
      </trkpt>
      <trkpt lat="40.791011" lon="-73.969085">
        <ele>0</ele>
        <time>2026-06-13T20:05:52.000Z</time>
      </trkpt>
      <trkpt lat="40.791006" lon="-73.969073">
        <ele>0</ele>
        <time>2026-06-13T20:05:53.000Z</time>
      </trkpt>
      <trkpt lat="40.791" lon="-73.96906">
        <ele>0</ele>
        <time>2026-06-13T20:05:54.000Z</time>
      </trkpt>
      <trkpt lat="40.790994" lon="-73.969047">
        <ele>0</ele>
        <time>2026-06-13T20:05:55.000Z</time>
      </trkpt>
      <trkpt lat="40.790988" lon="-73.969034">
        <ele>0</ele>
        <time>2026-06-13T20:05:56.000Z</time>
      </trkpt>
      <trkpt lat="40.790983" lon="-73.969021">
        <ele>0</ele>
        <time>2026-06-13T20:05:57.000Z</time>
      </trkpt>
      <trkpt lat="40.790977" lon="-73.969008">
        <ele>0</ele>
        <time>2026-06-13T20:05:58.000Z</time>
      </trkpt>
      <trkpt lat="40.790971" lon="-73.968995">
        <ele>0</ele>
        <time>2026-06-13T20:05:59.000Z</time>
      </trkpt>
      <trkpt lat="40.790966" lon="-73.968983">
        <ele>0</ele>
        <time>2026-06-13T20:06:00.000Z</time>
      </trkpt>
      <trkpt lat="40.79096" lon="-73.96897">
        <ele>0</ele>
        <time>2026-06-13T20:06:01.000Z</time>
      </trkpt>
      <trkpt lat="40.790954" lon="-73.968957">
        <ele>0</ele>
        <time>2026-06-13T20:06:02.000Z</time>
      </trkpt>
      <trkpt lat="40.790949" lon="-73.968944">
        <ele>0</ele>
        <time>2026-06-13T20:06:03.000Z</time>
      </trkpt>
      <trkpt lat="40.790943" lon="-73.968931">
        <ele>0</ele>
        <time>2026-06-13T20:06:04.000Z</time>
      </trkpt>
      <trkpt lat="40.790937" lon="-73.968918">
        <ele>0</ele>
        <time>2026-06-13T20:06:05.000Z</time>
      </trkpt>
      <trkpt lat="40.790932" lon="-73.968905">
        <ele>0</ele>
        <time>2026-06-13T20:06:06.000Z</time>
      </trkpt>
      <trkpt lat="40.790919" lon="-73.968883">
        <ele>0</ele>
        <time>2026-06-13T20:06:07.000Z</time>
      </trkpt>
      <trkpt lat="40.790913" lon="-73.968872">
        <ele>0</ele>
        <time>2026-06-13T20:06:08.000Z</time>
      </trkpt>
      <trkpt lat="40.790908" lon="-73.96886">
        <ele>0</ele>
        <time>2026-06-13T20:06:09.000Z</time>
      </trkpt>
      <trkpt lat="40.790902" lon="-73.968849">
        <ele>0</ele>
        <time>2026-06-13T20:06:10.000Z</time>
      </trkpt>
      <trkpt lat="40.790897" lon="-73.968837">
        <ele>0</ele>
        <time>2026-06-13T20:06:11.000Z</time>
      </trkpt>
      <trkpt lat="40.790892" lon="-73.968826">
        <ele>0</ele>
        <time>2026-06-13T20:06:12.000Z</time>
      </trkpt>
      <trkpt lat="40.790886" lon="-73.968814">
        <ele>0</ele>
        <time>2026-06-13T20:06:13.000Z</time>
      </trkpt>
      <trkpt lat="40.790881" lon="-73.968803">
        <ele>0</ele>
        <time>2026-06-13T20:06:14.000Z</time>
      </trkpt>
      <trkpt lat="40.790875" lon="-73.968791">
        <ele>0</ele>
        <time>2026-06-13T20:06:15.000Z</time>
      </trkpt>
      <trkpt lat="40.79087" lon="-73.96878">
        <ele>0</ele>
        <time>2026-06-13T20:06:16.000Z</time>
      </trkpt>
      <trkpt lat="40.790865" lon="-73.968768">
        <ele>0</ele>
        <time>2026-06-13T20:06:17.000Z</time>
      </trkpt>
      <trkpt lat="40.790859" lon="-73.968757">
        <ele>0</ele>
        <time>2026-06-13T20:06:18.000Z</time>
      </trkpt>
      <trkpt lat="40.790854" lon="-73.968745">
        <ele>0</ele>
        <time>2026-06-13T20:06:19.000Z</time>
      </trkpt>
      <trkpt lat="40.790848" lon="-73.968734">
        <ele>0</ele>
        <time>2026-06-13T20:06:20.000Z</time>
      </trkpt>
      <trkpt lat="40.790843" lon="-73.968722">
        <ele>0</ele>
        <time>2026-06-13T20:06:21.000Z</time>
      </trkpt>
      <trkpt lat="40.790838" lon="-73.968711">
        <ele>0</ele>
        <time>2026-06-13T20:06:22.000Z</time>
      </trkpt>
      <trkpt lat="40.790832" lon="-73.968699">
        <ele>0</ele>
        <time>2026-06-13T20:06:23.000Z</time>
      </trkpt>
      <trkpt lat="40.790827" lon="-73.968688">
        <ele>0</ele>
        <time>2026-06-13T20:06:24.000Z</time>
      </trkpt>
      <trkpt lat="40.790821" lon="-73.968676">
        <ele>0</ele>
        <time>2026-06-13T20:06:25.000Z</time>
      </trkpt>
      <trkpt lat="40.790816" lon="-73.968665">
        <ele>0</ele>
        <time>2026-06-13T20:06:26.000Z</time>
      </trkpt>
      <trkpt lat="40.790811" lon="-73.968653">
        <ele>0</ele>
        <time>2026-06-13T20:06:27.000Z</time>
      </trkpt>
      <trkpt lat="40.790805" lon="-73.968642">
        <ele>0</ele>
        <time>2026-06-13T20:06:28.000Z</time>
      </trkpt>
      <trkpt lat="40.7908" lon="-73.96863">
        <ele>0</ele>
        <time>2026-06-13T20:06:29.000Z</time>
      </trkpt>
      <trkpt lat="40.790794" lon="-73.968619">
        <ele>0</ele>
        <time>2026-06-13T20:06:30.000Z</time>
      </trkpt>
      <trkpt lat="40.790789" lon="-73.968607">
        <ele>0</ele>
        <time>2026-06-13T20:06:31.000Z</time>
      </trkpt>
      <trkpt lat="40.790784" lon="-73.968596">
        <ele>0</ele>
        <time>2026-06-13T20:06:32.000Z</time>
      </trkpt>
      <trkpt lat="40.790778" lon="-73.968584">
        <ele>0</ele>
        <time>2026-06-13T20:06:33.000Z</time>
      </trkpt>
      <trkpt lat="40.790773" lon="-73.968573">
        <ele>0</ele>
        <time>2026-06-13T20:06:34.000Z</time>
      </trkpt>
      <trkpt lat="40.790767" lon="-73.968561">
        <ele>0</ele>
        <time>2026-06-13T20:06:35.000Z</time>
      </trkpt>
      <trkpt lat="40.790762" lon="-73.96855">
        <ele>0</ele>
        <time>2026-06-13T20:06:36.000Z</time>
      </trkpt>
      <trkpt lat="40.790757" lon="-73.968538">
        <ele>0</ele>
        <time>2026-06-13T20:06:37.000Z</time>
      </trkpt>
      <trkpt lat="40.790746" lon="-73.968514">
        <ele>0</ele>
        <time>2026-06-13T20:06:38.000Z</time>
      </trkpt>
      <trkpt lat="40.79074" lon="-73.968501">
        <ele>0</ele>
        <time>2026-06-13T20:06:39.000Z</time>
      </trkpt>
      <trkpt lat="40.790735" lon="-73.968489">
        <ele>0</ele>
        <time>2026-06-13T20:06:40.000Z</time>
      </trkpt>
      <trkpt lat="40.790729" lon="-73.968477">
        <ele>0</ele>
        <time>2026-06-13T20:06:41.000Z</time>
      </trkpt>
      <trkpt lat="40.790724" lon="-73.968465">
        <ele>0</ele>
        <time>2026-06-13T20:06:42.000Z</time>
      </trkpt>
      <trkpt lat="40.790718" lon="-73.968452">
        <ele>0</ele>
        <time>2026-06-13T20:06:43.000Z</time>
      </trkpt>
      <trkpt lat="40.790713" lon="-73.96844">
        <ele>0</ele>
        <time>2026-06-13T20:06:44.000Z</time>
      </trkpt>
      <trkpt lat="40.790707" lon="-73.968428">
        <ele>0</ele>
        <time>2026-06-13T20:06:45.000Z</time>
      </trkpt>
      <trkpt lat="40.790702" lon="-73.968416">
        <ele>0</ele>
        <time>2026-06-13T20:06:46.000Z</time>
      </trkpt>
      <trkpt lat="40.790696" lon="-73.968403">
        <ele>0</ele>
        <time>2026-06-13T20:06:47.000Z</time>
      </trkpt>
      <trkpt lat="40.790691" lon="-73.968391">
        <ele>0</ele>
        <time>2026-06-13T20:06:48.000Z</time>
      </trkpt>
      <trkpt lat="40.790685" lon="-73.968379">
        <ele>0</ele>
        <time>2026-06-13T20:06:49.000Z</time>
      </trkpt>
      <trkpt lat="40.79068" lon="-73.968367">
        <ele>0</ele>
        <time>2026-06-13T20:06:50.000Z</time>
      </trkpt>
      <trkpt lat="40.790674" lon="-73.968354">
        <ele>0</ele>
        <time>2026-06-13T20:06:51.000Z</time>
      </trkpt>
      <trkpt lat="40.790669" lon="-73.968342">
        <ele>0</ele>
        <time>2026-06-13T20:06:52.000Z</time>
      </trkpt>
      <trkpt lat="40.790663" lon="-73.96833">
        <ele>0</ele>
        <time>2026-06-13T20:06:53.000Z</time>
      </trkpt>
      <trkpt lat="40.790658" lon="-73.968318">
        <ele>0</ele>
        <time>2026-06-13T20:06:54.000Z</time>
      </trkpt>
      <trkpt lat="40.790652" lon="-73.968305">
        <ele>0</ele>
        <time>2026-06-13T20:06:55.000Z</time>
      </trkpt>
      <trkpt lat="40.790647" lon="-73.968293">
        <ele>0</ele>
        <time>2026-06-13T20:06:56.000Z</time>
      </trkpt>
      <trkpt lat="40.790641" lon="-73.968281">
        <ele>0</ele>
        <time>2026-06-13T20:06:57.000Z</time>
      </trkpt>
      <trkpt lat="40.790636" lon="-73.968269">
        <ele>0</ele>
        <time>2026-06-13T20:06:58.000Z</time>
      </trkpt>
      <trkpt lat="40.79063" lon="-73.968256">
        <ele>0</ele>
        <time>2026-06-13T20:06:59.000Z</time>
      </trkpt>
      <trkpt lat="40.790625" lon="-73.968244">
        <ele>0</ele>
        <time>2026-06-13T20:07:00.000Z</time>
      </trkpt>
      <trkpt lat="40.790619" lon="-73.968232">
        <ele>0</ele>
        <time>2026-06-13T20:07:01.000Z</time>
      </trkpt>
      <trkpt lat="40.790614" lon="-73.96822">
        <ele>0</ele>
        <time>2026-06-13T20:07:02.000Z</time>
      </trkpt>
      <trkpt lat="40.790608" lon="-73.968207">
        <ele>0</ele>
        <time>2026-06-13T20:07:03.000Z</time>
      </trkpt>
      <trkpt lat="40.790603" lon="-73.968195">
        <ele>0</ele>
        <time>2026-06-13T20:07:04.000Z</time>
      </trkpt>
      <trkpt lat="40.790597" lon="-73.968183">
        <ele>0</ele>
        <time>2026-06-13T20:07:05.000Z</time>
      </trkpt>
      <trkpt lat="40.790592" lon="-73.968171">
        <ele>0</ele>
        <time>2026-06-13T20:07:06.000Z</time>
      </trkpt>
      <trkpt lat="40.790586" lon="-73.968158">
        <ele>0</ele>
        <time>2026-06-13T20:07:07.000Z</time>
      </trkpt>
      <trkpt lat="40.790575" lon="-73.968133">
        <ele>0</ele>
        <time>2026-06-13T20:07:08.000Z</time>
      </trkpt>
      <trkpt lat="40.790569" lon="-73.968121">
        <ele>0</ele>
        <time>2026-06-13T20:07:09.000Z</time>
      </trkpt>
      <trkpt lat="40.790564" lon="-73.968109">
        <ele>0</ele>
        <time>2026-06-13T20:07:10.000Z</time>
      </trkpt>
      <trkpt lat="40.790559" lon="-73.968097">
        <ele>0</ele>
        <time>2026-06-13T20:07:11.000Z</time>
      </trkpt>
      <trkpt lat="40.790554" lon="-73.968085">
        <ele>0</ele>
        <time>2026-06-13T20:07:12.000Z</time>
      </trkpt>
      <trkpt lat="40.790548" lon="-73.968073">
        <ele>0</ele>
        <time>2026-06-13T20:07:13.000Z</time>
      </trkpt>
      <trkpt lat="40.790543" lon="-73.968061">
        <ele>0</ele>
        <time>2026-06-13T20:07:14.000Z</time>
      </trkpt>
      <trkpt lat="40.790538" lon="-73.968049">
        <ele>0</ele>
        <time>2026-06-13T20:07:15.000Z</time>
      </trkpt>
      <trkpt lat="40.790533" lon="-73.968037">
        <ele>0</ele>
        <time>2026-06-13T20:07:16.000Z</time>
      </trkpt>
      <trkpt lat="40.790527" lon="-73.968025">
        <ele>0</ele>
        <time>2026-06-13T20:07:17.000Z</time>
      </trkpt>
      <trkpt lat="40.790522" lon="-73.968013">
        <ele>0</ele>
        <time>2026-06-13T20:07:18.000Z</time>
      </trkpt>
      <trkpt lat="40.790517" lon="-73.968001">
        <ele>0</ele>
        <time>2026-06-13T20:07:19.000Z</time>
      </trkpt>
      <trkpt lat="40.790512" lon="-73.967989">
        <ele>0</ele>
        <time>2026-06-13T20:07:20.000Z</time>
      </trkpt>
      <trkpt lat="40.790506" lon="-73.967977">
        <ele>0</ele>
        <time>2026-06-13T20:07:21.000Z</time>
      </trkpt>
      <trkpt lat="40.790501" lon="-73.967965">
        <ele>0</ele>
        <time>2026-06-13T20:07:22.000Z</time>
      </trkpt>
      <trkpt lat="40.790496" lon="-73.967953">
        <ele>0</ele>
        <time>2026-06-13T20:07:23.000Z</time>
      </trkpt>
      <trkpt lat="40.790491" lon="-73.967941">
        <ele>0</ele>
        <time>2026-06-13T20:07:24.000Z</time>
      </trkpt>
      <trkpt lat="40.790485" lon="-73.967929">
        <ele>0</ele>
        <time>2026-06-13T20:07:25.000Z</time>
      </trkpt>
      <trkpt lat="40.79048" lon="-73.967917">
        <ele>0</ele>
        <time>2026-06-13T20:07:26.000Z</time>
      </trkpt>
      <trkpt lat="40.790475" lon="-73.967905">
        <ele>0</ele>
        <time>2026-06-13T20:07:27.000Z</time>
      </trkpt>
      <trkpt lat="40.79047" lon="-73.967893">
        <ele>0</ele>
        <time>2026-06-13T20:07:28.000Z</time>
      </trkpt>
      <trkpt lat="40.790464" lon="-73.967881">
        <ele>0</ele>
        <time>2026-06-13T20:07:29.000Z</time>
      </trkpt>
      <trkpt lat="40.790459" lon="-73.967869">
        <ele>0</ele>
        <time>2026-06-13T20:07:30.000Z</time>
      </trkpt>
      <trkpt lat="40.790454" lon="-73.967857">
        <ele>0</ele>
        <time>2026-06-13T20:07:31.000Z</time>
      </trkpt>
      <trkpt lat="40.790449" lon="-73.967845">
        <ele>0</ele>
        <time>2026-06-13T20:07:32.000Z</time>
      </trkpt>
      <trkpt lat="40.790443" lon="-73.967833">
        <ele>0</ele>
        <time>2026-06-13T20:07:33.000Z</time>
      </trkpt>
      <trkpt lat="40.790438" lon="-73.967821">
        <ele>0</ele>
        <time>2026-06-13T20:07:34.000Z</time>
      </trkpt>
      <trkpt lat="40.790433" lon="-73.967809">
        <ele>0</ele>
        <time>2026-06-13T20:07:35.000Z</time>
      </trkpt>
      <trkpt lat="40.790428" lon="-73.967797">
        <ele>0</ele>
        <time>2026-06-13T20:07:36.000Z</time>
      </trkpt>
      <trkpt lat="40.790422" lon="-73.967785">
        <ele>0</ele>
        <time>2026-06-13T20:07:37.000Z</time>
      </trkpt>
      <trkpt lat="40.790417" lon="-73.967772">
        <ele>0</ele>
        <time>2026-06-13T20:07:38.000Z</time>
      </trkpt>
      <trkpt lat="40.790407" lon="-73.967748">
        <ele>0</ele>
        <time>2026-06-13T20:07:39.000Z</time>
      </trkpt>
      <trkpt lat="40.790401" lon="-73.967735">
        <ele>0</ele>
        <time>2026-06-13T20:07:40.000Z</time>
      </trkpt>
      <trkpt lat="40.790396" lon="-73.967723">
        <ele>0</ele>
        <time>2026-06-13T20:07:41.000Z</time>
      </trkpt>
      <trkpt lat="40.790391" lon="-73.96771">
        <ele>0</ele>
        <time>2026-06-13T20:07:42.000Z</time>
      </trkpt>
      <trkpt lat="40.790385" lon="-73.967698">
        <ele>0</ele>
        <time>2026-06-13T20:07:43.000Z</time>
      </trkpt>
      <trkpt lat="40.79038" lon="-73.967686">
        <ele>0</ele>
        <time>2026-06-13T20:07:44.000Z</time>
      </trkpt>
      <trkpt lat="40.790375" lon="-73.967673">
        <ele>0</ele>
        <time>2026-06-13T20:07:45.000Z</time>
      </trkpt>
      <trkpt lat="40.790369" lon="-73.967661">
        <ele>0</ele>
        <time>2026-06-13T20:07:47.000Z</time>
      </trkpt>
      <trkpt lat="40.790364" lon="-73.967649">
        <ele>0</ele>
        <time>2026-06-13T20:07:48.000Z</time>
      </trkpt>
      <trkpt lat="40.790359" lon="-73.967636">
        <ele>0</ele>
        <time>2026-06-13T20:07:49.000Z</time>
      </trkpt>
      <trkpt lat="40.790354" lon="-73.967624">
        <ele>0</ele>
        <time>2026-06-13T20:07:50.000Z</time>
      </trkpt>
      <trkpt lat="40.790348" lon="-73.967611">
        <ele>0</ele>
        <time>2026-06-13T20:07:51.000Z</time>
      </trkpt>
      <trkpt lat="40.790343" lon="-73.967599">
        <ele>0</ele>
        <time>2026-06-13T20:07:52.000Z</time>
      </trkpt>
      <trkpt lat="40.790338" lon="-73.967587">
        <ele>0</ele>
        <time>2026-06-13T20:07:53.000Z</time>
      </trkpt>
      <trkpt lat="40.790332" lon="-73.967574">
        <ele>0</ele>
        <time>2026-06-13T20:07:54.000Z</time>
      </trkpt>
      <trkpt lat="40.790327" lon="-73.967562">
        <ele>0</ele>
        <time>2026-06-13T20:07:55.000Z</time>
      </trkpt>
      <trkpt lat="40.790322" lon="-73.967549">
        <ele>0</ele>
        <time>2026-06-13T20:07:56.000Z</time>
      </trkpt>
      <trkpt lat="40.790316" lon="-73.967537">
        <ele>0</ele>
        <time>2026-06-13T20:07:57.000Z</time>
      </trkpt>
      <trkpt lat="40.790311" lon="-73.967525">
        <ele>0</ele>
        <time>2026-06-13T20:07:58.000Z</time>
      </trkpt>
      <trkpt lat="40.790306" lon="-73.967512">
        <ele>0</ele>
        <time>2026-06-13T20:07:59.000Z</time>
      </trkpt>
      <trkpt lat="40.7903" lon="-73.9675">
        <ele>0</ele>
        <time>2026-06-13T20:08:00.000Z</time>
      </trkpt>
      <trkpt lat="40.790295" lon="-73.967488">
        <ele>0</ele>
        <time>2026-06-13T20:08:01.000Z</time>
      </trkpt>
      <trkpt lat="40.79029" lon="-73.967475">
        <ele>0</ele>
        <time>2026-06-13T20:08:02.000Z</time>
      </trkpt>
      <trkpt lat="40.790284" lon="-73.967463">
        <ele>0</ele>
        <time>2026-06-13T20:08:03.000Z</time>
      </trkpt>
      <trkpt lat="40.790279" lon="-73.96745">
        <ele>0</ele>
        <time>2026-06-13T20:08:04.000Z</time>
      </trkpt>
      <trkpt lat="40.790274" lon="-73.967438">
        <ele>0</ele>
        <time>2026-06-13T20:08:05.000Z</time>
      </trkpt>
      <trkpt lat="40.790268" lon="-73.967426">
        <ele>0</ele>
        <time>2026-06-13T20:08:06.000Z</time>
      </trkpt>
      <trkpt lat="40.790263" lon="-73.967413">
        <ele>0</ele>
        <time>2026-06-13T20:08:07.000Z</time>
      </trkpt>
      <trkpt lat="40.790258" lon="-73.967401">
        <ele>0</ele>
        <time>2026-06-13T20:08:08.000Z</time>
      </trkpt>
      <trkpt lat="40.790253" lon="-73.967388">
        <ele>0</ele>
        <time>2026-06-13T20:08:09.000Z</time>
      </trkpt>
      <trkpt lat="40.790243" lon="-73.967367">
        <ele>0</ele>
        <time>2026-06-13T20:08:10.000Z</time>
      </trkpt>
      <trkpt lat="40.790239" lon="-73.967358">
        <ele>0</ele>
        <time>2026-06-13T20:08:11.000Z</time>
      </trkpt>
      <trkpt lat="40.790235" lon="-73.967348">
        <ele>0</ele>
        <time>2026-06-13T20:08:12.000Z</time>
      </trkpt>
      <trkpt lat="40.790231" lon="-73.967339">
        <ele>0</ele>
        <time>2026-06-13T20:08:13.000Z</time>
      </trkpt>
      <trkpt lat="40.790226" lon="-73.96733">
        <ele>0</ele>
        <time>2026-06-13T20:08:14.000Z</time>
      </trkpt>
      <trkpt lat="40.790222" lon="-73.967321">
        <ele>0</ele>
        <time>2026-06-13T20:08:15.000Z</time>
      </trkpt>
      <trkpt lat="40.790218" lon="-73.967311">
        <ele>0</ele>
        <time>2026-06-13T20:08:16.000Z</time>
      </trkpt>
      <trkpt lat="40.790214" lon="-73.967302">
        <ele>0</ele>
        <time>2026-06-13T20:08:17.000Z</time>
      </trkpt>
      <trkpt lat="40.79021" lon="-73.967293">
        <ele>0</ele>
        <time>2026-06-13T20:08:18.000Z</time>
      </trkpt>
      <trkpt lat="40.790206" lon="-73.967284">
        <ele>0</ele>
        <time>2026-06-13T20:08:19.000Z</time>
      </trkpt>
      <trkpt lat="40.790202" lon="-73.967274">
        <ele>0</ele>
        <time>2026-06-13T20:08:20.000Z</time>
      </trkpt>
      <trkpt lat="40.790198" lon="-73.967265">
        <ele>0</ele>
        <time>2026-06-13T20:08:21.000Z</time>
      </trkpt>
      <trkpt lat="40.790194" lon="-73.967256">
        <ele>0</ele>
        <time>2026-06-13T20:08:22.000Z</time>
      </trkpt>
      <trkpt lat="40.790189" lon="-73.967247">
        <ele>0</ele>
        <time>2026-06-13T20:08:23.000Z</time>
      </trkpt>
      <trkpt lat="40.790185" lon="-73.967237">
        <ele>0</ele>
        <time>2026-06-13T20:08:24.000Z</time>
      </trkpt>
      <trkpt lat="40.790181" lon="-73.967228">
        <ele>0</ele>
        <time>2026-06-13T20:08:25.000Z</time>
      </trkpt>
      <trkpt lat="40.790177" lon="-73.967219">
        <ele>0</ele>
        <time>2026-06-13T20:08:26.000Z</time>
      </trkpt>
      <trkpt lat="40.790173" lon="-73.96721">
        <ele>0</ele>
        <time>2026-06-13T20:08:27.000Z</time>
      </trkpt>
      <trkpt lat="40.790169" lon="-73.9672">
        <ele>0</ele>
        <time>2026-06-13T20:08:28.000Z</time>
      </trkpt>
      <trkpt lat="40.790165" lon="-73.967191">
        <ele>0</ele>
        <time>2026-06-13T20:08:29.000Z</time>
      </trkpt>
      <trkpt lat="40.790161" lon="-73.967182">
        <ele>0</ele>
        <time>2026-06-13T20:08:30.000Z</time>
      </trkpt>
      <trkpt lat="40.790157" lon="-73.967173">
        <ele>0</ele>
        <time>2026-06-13T20:08:31.000Z</time>
      </trkpt>
      <trkpt lat="40.790152" lon="-73.967163">
        <ele>0</ele>
        <time>2026-06-13T20:08:32.000Z</time>
      </trkpt>
      <trkpt lat="40.790148" lon="-73.967154">
        <ele>0</ele>
        <time>2026-06-13T20:08:33.000Z</time>
      </trkpt>
      <trkpt lat="40.790144" lon="-73.967145">
        <ele>0</ele>
        <time>2026-06-13T20:08:34.000Z</time>
      </trkpt>
      <trkpt lat="40.79014" lon="-73.967136">
        <ele>0</ele>
        <time>2026-06-13T20:08:35.000Z</time>
      </trkpt>
      <trkpt lat="40.790136" lon="-73.967126">
        <ele>0</ele>
        <time>2026-06-13T20:08:36.000Z</time>
      </trkpt>
      <trkpt lat="40.790132" lon="-73.967117">
        <ele>0</ele>
        <time>2026-06-13T20:08:37.000Z</time>
      </trkpt>
      <trkpt lat="40.790128" lon="-73.967108">
        <ele>0</ele>
        <time>2026-06-13T20:08:38.000Z</time>
      </trkpt>
      <trkpt lat="40.790124" lon="-73.967099">
        <ele>0</ele>
        <time>2026-06-13T20:08:39.000Z</time>
      </trkpt>
      <trkpt lat="40.79012" lon="-73.967089">
        <ele>0</ele>
        <time>2026-06-13T20:08:40.000Z</time>
      </trkpt>
      <trkpt lat="40.790109" lon="-73.967066">
        <ele>0</ele>
        <time>2026-06-13T20:08:41.000Z</time>
      </trkpt>
      <trkpt lat="40.790104" lon="-73.967055">
        <ele>0</ele>
        <time>2026-06-13T20:08:42.000Z</time>
      </trkpt>
      <trkpt lat="40.790099" lon="-73.967044">
        <ele>0</ele>
        <time>2026-06-13T20:08:43.000Z</time>
      </trkpt>
      <trkpt lat="40.790094" lon="-73.967033">
        <ele>0</ele>
        <time>2026-06-13T20:08:44.000Z</time>
      </trkpt>
      <trkpt lat="40.790089" lon="-73.967022">
        <ele>0</ele>
        <time>2026-06-13T20:08:45.000Z</time>
      </trkpt>
      <trkpt lat="40.790085" lon="-73.96701">
        <ele>0</ele>
        <time>2026-06-13T20:08:46.000Z</time>
      </trkpt>
      <trkpt lat="40.79008" lon="-73.966999">
        <ele>0</ele>
        <time>2026-06-13T20:08:47.000Z</time>
      </trkpt>
      <trkpt lat="40.790075" lon="-73.966988">
        <ele>0</ele>
        <time>2026-06-13T20:08:48.000Z</time>
      </trkpt>
      <trkpt lat="40.79007" lon="-73.966977">
        <ele>0</ele>
        <time>2026-06-13T20:08:49.000Z</time>
      </trkpt>
      <trkpt lat="40.790065" lon="-73.966966">
        <ele>0</ele>
        <time>2026-06-13T20:08:50.000Z</time>
      </trkpt>
      <trkpt lat="40.79006" lon="-73.966955">
        <ele>0</ele>
        <time>2026-06-13T20:08:51.000Z</time>
      </trkpt>
      <trkpt lat="40.790055" lon="-73.966944">
        <ele>0</ele>
        <time>2026-06-13T20:08:52.000Z</time>
      </trkpt>
      <trkpt lat="40.79005" lon="-73.966933">
        <ele>0</ele>
        <time>2026-06-13T20:08:53.000Z</time>
      </trkpt>
      <trkpt lat="40.790045" lon="-73.966922">
        <ele>0</ele>
        <time>2026-06-13T20:08:54.000Z</time>
      </trkpt>
      <trkpt lat="40.79004" lon="-73.966911">
        <ele>0</ele>
        <time>2026-06-13T20:08:55.000Z</time>
      </trkpt>
      <trkpt lat="40.790036" lon="-73.966899">
        <ele>0</ele>
        <time>2026-06-13T20:08:56.000Z</time>
      </trkpt>
      <trkpt lat="40.790031" lon="-73.966888">
        <ele>0</ele>
        <time>2026-06-13T20:08:57.000Z</time>
      </trkpt>
      <trkpt lat="40.790026" lon="-73.966877">
        <ele>0</ele>
        <time>2026-06-13T20:08:58.000Z</time>
      </trkpt>
      <trkpt lat="40.790021" lon="-73.966866">
        <ele>0</ele>
        <time>2026-06-13T20:08:59.000Z</time>
      </trkpt>
      <trkpt lat="40.790016" lon="-73.966855">
        <ele>0</ele>
        <time>2026-06-13T20:09:00.000Z</time>
      </trkpt>
      <trkpt lat="40.790011" lon="-73.966844">
        <ele>0</ele>
        <time>2026-06-13T20:09:01.000Z</time>
      </trkpt>
      <trkpt lat="40.790006" lon="-73.966833">
        <ele>0</ele>
        <time>2026-06-13T20:09:02.000Z</time>
      </trkpt>
      <trkpt lat="40.790001" lon="-73.966822">
        <ele>0</ele>
        <time>2026-06-13T20:09:03.000Z</time>
      </trkpt>
      <trkpt lat="40.789996" lon="-73.966811">
        <ele>0</ele>
        <time>2026-06-13T20:09:04.000Z</time>
      </trkpt>
      <trkpt lat="40.789991" lon="-73.9668">
        <ele>0</ele>
        <time>2026-06-13T20:09:05.000Z</time>
      </trkpt>
      <trkpt lat="40.789987" lon="-73.966788">
        <ele>0</ele>
        <time>2026-06-13T20:09:06.000Z</time>
      </trkpt>
      <trkpt lat="40.789982" lon="-73.966777">
        <ele>0</ele>
        <time>2026-06-13T20:09:07.000Z</time>
      </trkpt>
      <trkpt lat="40.789977" lon="-73.966766">
        <ele>0</ele>
        <time>2026-06-13T20:09:08.000Z</time>
      </trkpt>
      <trkpt lat="40.789972" lon="-73.966755">
        <ele>0</ele>
        <time>2026-06-13T20:09:09.000Z</time>
      </trkpt>
      <trkpt lat="40.789967" lon="-73.966744">
        <ele>0</ele>
        <time>2026-06-13T20:09:10.000Z</time>
      </trkpt>
      <trkpt lat="40.789962" lon="-73.966733">
        <ele>0</ele>
        <time>2026-06-13T20:09:11.000Z</time>
      </trkpt>
      <trkpt lat="40.78995" lon="-73.966707">
        <ele>0</ele>
        <time>2026-06-13T20:09:12.000Z</time>
      </trkpt>
      <trkpt lat="40.789945" lon="-73.966694">
        <ele>0</ele>
        <time>2026-06-13T20:09:13.000Z</time>
      </trkpt>
      <trkpt lat="40.789939" lon="-73.966681">
        <ele>0</ele>
        <time>2026-06-13T20:09:14.000Z</time>
      </trkpt>
      <trkpt lat="40.789933" lon="-73.966668">
        <ele>0</ele>
        <time>2026-06-13T20:09:15.000Z</time>
      </trkpt>
      <trkpt lat="40.789928" lon="-73.966654">
        <ele>0</ele>
        <time>2026-06-13T20:09:16.000Z</time>
      </trkpt>
      <trkpt lat="40.789922" lon="-73.966641">
        <ele>0</ele>
        <time>2026-06-13T20:09:17.000Z</time>
      </trkpt>
      <trkpt lat="40.789916" lon="-73.966628">
        <ele>0</ele>
        <time>2026-06-13T20:09:18.000Z</time>
      </trkpt>
      <trkpt lat="40.789911" lon="-73.966615">
        <ele>0</ele>
        <time>2026-06-13T20:09:19.000Z</time>
      </trkpt>
      <trkpt lat="40.789905" lon="-73.966602">
        <ele>0</ele>
        <time>2026-06-13T20:09:20.000Z</time>
      </trkpt>
      <trkpt lat="40.789899" lon="-73.966589">
        <ele>0</ele>
        <time>2026-06-13T20:09:21.000Z</time>
      </trkpt>
      <trkpt lat="40.789894" lon="-73.966576">
        <ele>0</ele>
        <time>2026-06-13T20:09:22.000Z</time>
      </trkpt>
      <trkpt lat="40.789888" lon="-73.966563">
        <ele>0</ele>
        <time>2026-06-13T20:09:23.000Z</time>
      </trkpt>
      <trkpt lat="40.789882" lon="-73.96655">
        <ele>0</ele>
        <time>2026-06-13T20:09:24.000Z</time>
      </trkpt>
      <trkpt lat="40.789877" lon="-73.966536">
        <ele>0</ele>
        <time>2026-06-13T20:09:25.000Z</time>
      </trkpt>
      <trkpt lat="40.789871" lon="-73.966523">
        <ele>0</ele>
        <time>2026-06-13T20:09:26.000Z</time>
      </trkpt>
      <trkpt lat="40.789865" lon="-73.96651">
        <ele>0</ele>
        <time>2026-06-13T20:09:27.000Z</time>
      </trkpt>
      <trkpt lat="40.789859" lon="-73.966497">
        <ele>0</ele>
        <time>2026-06-13T20:09:28.000Z</time>
      </trkpt>
      <trkpt lat="40.789854" lon="-73.966484">
        <ele>0</ele>
        <time>2026-06-13T20:09:29.000Z</time>
      </trkpt>
      <trkpt lat="40.789848" lon="-73.966471">
        <ele>0</ele>
        <time>2026-06-13T20:09:30.000Z</time>
      </trkpt>
      <trkpt lat="40.789842" lon="-73.966458">
        <ele>0</ele>
        <time>2026-06-13T20:09:31.000Z</time>
      </trkpt>
      <trkpt lat="40.789837" lon="-73.966445">
        <ele>0</ele>
        <time>2026-06-13T20:09:32.000Z</time>
      </trkpt>
      <trkpt lat="40.789831" lon="-73.966432">
        <ele>0</ele>
        <time>2026-06-13T20:09:33.000Z</time>
      </trkpt>
      <trkpt lat="40.789825" lon="-73.966418">
        <ele>0</ele>
        <time>2026-06-13T20:09:34.000Z</time>
      </trkpt>
      <trkpt lat="40.78982" lon="-73.966405">
        <ele>0</ele>
        <time>2026-06-13T20:09:35.000Z</time>
      </trkpt>
      <trkpt lat="40.789814" lon="-73.966392">
        <ele>0</ele>
        <time>2026-06-13T20:09:36.000Z</time>
      </trkpt>
      <trkpt lat="40.789808" lon="-73.966379">
        <ele>0</ele>
        <time>2026-06-13T20:09:37.000Z</time>
      </trkpt>
      <trkpt lat="40.789803" lon="-73.966366">
        <ele>0</ele>
        <time>2026-06-13T20:09:38.000Z</time>
      </trkpt>
      <trkpt lat="40.789797" lon="-73.966353">
        <ele>0</ele>
        <time>2026-06-13T20:09:39.000Z</time>
      </trkpt>
      <trkpt lat="40.789791" lon="-73.96634">
        <ele>0</ele>
        <time>2026-06-13T20:09:40.000Z</time>
      </trkpt>
      <trkpt lat="40.789786" lon="-73.966327">
        <ele>0</ele>
        <time>2026-06-13T20:09:41.000Z</time>
      </trkpt>
      <trkpt lat="40.78978" lon="-73.966313">
        <ele>0</ele>
        <time>2026-06-13T20:09:42.000Z</time>
      </trkpt>
      <trkpt lat="40.789767" lon="-73.966291">
        <ele>0</ele>
        <time>2026-06-13T20:09:43.000Z</time>
      </trkpt>
      <trkpt lat="40.78976" lon="-73.966282">
        <ele>0</ele>
        <time>2026-06-13T20:09:44.000Z</time>
      </trkpt>
      <trkpt lat="40.789753" lon="-73.966274">
        <ele>0</ele>
        <time>2026-06-13T20:09:45.000Z</time>
      </trkpt>
      <trkpt lat="40.789746" lon="-73.966265">
        <ele>0</ele>
        <time>2026-06-13T20:09:46.000Z</time>
      </trkpt>
      <trkpt lat="40.789739" lon="-73.966256">
        <ele>0</ele>
        <time>2026-06-13T20:09:47.000Z</time>
      </trkpt>
      <trkpt lat="40.789732" lon="-73.966247">
        <ele>0</ele>
        <time>2026-06-13T20:09:48.000Z</time>
      </trkpt>
      <trkpt lat="40.789725" lon="-73.966238">
        <ele>0</ele>
        <time>2026-06-13T20:09:49.000Z</time>
      </trkpt>
      <trkpt lat="40.789718" lon="-73.96623">
        <ele>0</ele>
        <time>2026-06-13T20:09:50.000Z</time>
      </trkpt>
      <trkpt lat="40.789711" lon="-73.966221">
        <ele>0</ele>
        <time>2026-06-13T20:09:51.000Z</time>
      </trkpt>
      <trkpt lat="40.789704" lon="-73.966212">
        <ele>0</ele>
        <time>2026-06-13T20:09:52.000Z</time>
      </trkpt>
      <trkpt lat="40.789697" lon="-73.966203">
        <ele>0</ele>
        <time>2026-06-13T20:09:53.000Z</time>
      </trkpt>
      <trkpt lat="40.78969" lon="-73.966195">
        <ele>0</ele>
        <time>2026-06-13T20:09:54.000Z</time>
      </trkpt>
      <trkpt lat="40.789683" lon="-73.966186">
        <ele>0</ele>
        <time>2026-06-13T20:09:55.000Z</time>
      </trkpt>
      <trkpt lat="40.789676" lon="-73.966177">
        <ele>0</ele>
        <time>2026-06-13T20:09:56.000Z</time>
      </trkpt>
      <trkpt lat="40.789669" lon="-73.966168">
        <ele>0</ele>
        <time>2026-06-13T20:09:57.000Z</time>
      </trkpt>
      <trkpt lat="40.789663" lon="-73.966159">
        <ele>0</ele>
        <time>2026-06-13T20:09:58.000Z</time>
      </trkpt>
      <trkpt lat="40.789656" lon="-73.966151">
        <ele>0</ele>
        <time>2026-06-13T20:09:59.000Z</time>
      </trkpt>
      <trkpt lat="40.789649" lon="-73.966142">
        <ele>0</ele>
        <time>2026-06-13T20:10:00.000Z</time>
      </trkpt>
      <trkpt lat="40.789642" lon="-73.966133">
        <ele>0</ele>
        <time>2026-06-13T20:10:01.000Z</time>
      </trkpt>
      <trkpt lat="40.789635" lon="-73.966124">
        <ele>0</ele>
        <time>2026-06-13T20:10:02.000Z</time>
      </trkpt>
      <trkpt lat="40.789628" lon="-73.966115">
        <ele>0</ele>
        <time>2026-06-13T20:10:03.000Z</time>
      </trkpt>
      <trkpt lat="40.789621" lon="-73.966107">
        <ele>0</ele>
        <time>2026-06-13T20:10:04.000Z</time>
      </trkpt>
      <trkpt lat="40.789614" lon="-73.966098">
        <ele>0</ele>
        <time>2026-06-13T20:10:05.000Z</time>
      </trkpt>
      <trkpt lat="40.789607" lon="-73.966089">
        <ele>0</ele>
        <time>2026-06-13T20:10:06.000Z</time>
      </trkpt>
      <trkpt lat="40.7896" lon="-73.96608">
        <ele>0</ele>
        <time>2026-06-13T20:10:07.000Z</time>
      </trkpt>
      <trkpt lat="40.789593" lon="-73.966071">
        <ele>0</ele>
        <time>2026-06-13T20:10:08.000Z</time>
      </trkpt>
      <trkpt lat="40.789586" lon="-73.966063">
        <ele>0</ele>
        <time>2026-06-13T20:10:09.000Z</time>
      </trkpt>
      <trkpt lat="40.789579" lon="-73.966054">
        <ele>0</ele>
        <time>2026-06-13T20:10:10.000Z</time>
      </trkpt>
      <trkpt lat="40.789572" lon="-73.966045">
        <ele>0</ele>
        <time>2026-06-13T20:10:11.000Z</time>
      </trkpt>
      <trkpt lat="40.789565" lon="-73.966036">
        <ele>0</ele>
        <time>2026-06-13T20:10:12.000Z</time>
      </trkpt>
      <trkpt lat="40.789558" lon="-73.966027">
        <ele>0</ele>
        <time>2026-06-13T20:10:13.000Z</time>
      </trkpt>
      <trkpt lat="40.789548" lon="-73.966012">
        <ele>0</ele>
        <time>2026-06-13T20:10:14.000Z</time>
      </trkpt>
      <trkpt lat="40.789545" lon="-73.966002">
        <ele>0</ele>
        <time>2026-06-13T20:10:15.000Z</time>
      </trkpt>
      <trkpt lat="40.789541" lon="-73.965993">
        <ele>0</ele>
        <time>2026-06-13T20:10:16.000Z</time>
      </trkpt>
      <trkpt lat="40.789537" lon="-73.965983">
        <ele>0</ele>
        <time>2026-06-13T20:10:17.000Z</time>
      </trkpt>
      <trkpt lat="40.789534" lon="-73.965973">
        <ele>0</ele>
        <time>2026-06-13T20:10:18.000Z</time>
      </trkpt>
      <trkpt lat="40.78953" lon="-73.965963">
        <ele>0</ele>
        <time>2026-06-13T20:10:19.000Z</time>
      </trkpt>
      <trkpt lat="40.789526" lon="-73.965953">
        <ele>0</ele>
        <time>2026-06-13T20:10:20.000Z</time>
      </trkpt>
      <trkpt lat="40.789522" lon="-73.965944">
        <ele>0</ele>
        <time>2026-06-13T20:10:21.000Z</time>
      </trkpt>
      <trkpt lat="40.789519" lon="-73.965934">
        <ele>0</ele>
        <time>2026-06-13T20:10:22.000Z</time>
      </trkpt>
      <trkpt lat="40.789515" lon="-73.965924">
        <ele>0</ele>
        <time>2026-06-13T20:10:23.000Z</time>
      </trkpt>
      <trkpt lat="40.789508" lon="-73.965901">
        <ele>0</ele>
        <time>2026-06-13T20:10:24.000Z</time>
      </trkpt>
      <trkpt lat="40.789505" lon="-73.965889">
        <ele>0</ele>
        <time>2026-06-13T20:10:25.000Z</time>
      </trkpt>
      <trkpt lat="40.789501" lon="-73.965877">
        <ele>0</ele>
        <time>2026-06-13T20:10:26.000Z</time>
      </trkpt>
      <trkpt lat="40.789498" lon="-73.965864">
        <ele>0</ele>
        <time>2026-06-13T20:10:27.000Z</time>
      </trkpt>
      <trkpt lat="40.789495" lon="-73.965852">
        <ele>0</ele>
        <time>2026-06-13T20:10:28.000Z</time>
      </trkpt>
      <trkpt lat="40.789492" lon="-73.96584">
        <ele>0</ele>
        <time>2026-06-13T20:10:29.000Z</time>
      </trkpt>
      <trkpt lat="40.789488" lon="-73.965828">
        <ele>0</ele>
        <time>2026-06-13T20:10:30.000Z</time>
      </trkpt>
      <trkpt lat="40.789485" lon="-73.965816">
        <ele>0</ele>
        <time>2026-06-13T20:10:31.000Z</time>
      </trkpt>
      <trkpt lat="40.789482" lon="-73.965804">
        <ele>0</ele>
        <time>2026-06-13T20:10:32.000Z</time>
      </trkpt>
      <trkpt lat="40.789479" lon="-73.965791">
        <ele>0</ele>
        <time>2026-06-13T20:10:33.000Z</time>
      </trkpt>
      <trkpt lat="40.789475" lon="-73.965779">
        <ele>0</ele>
        <time>2026-06-13T20:10:34.000Z</time>
      </trkpt>
      <trkpt lat="40.789472" lon="-73.965767">
        <ele>0</ele>
        <time>2026-06-13T20:10:35.000Z</time>
      </trkpt>
      <trkpt lat="40.789469" lon="-73.965755">
        <ele>0</ele>
        <time>2026-06-13T20:10:36.000Z</time>
      </trkpt>
      <trkpt lat="40.789466" lon="-73.965743">
        <ele>0</ele>
        <time>2026-06-13T20:10:37.000Z</time>
      </trkpt>
      <trkpt lat="40.789462" lon="-73.965731">
        <ele>0</ele>
        <time>2026-06-13T20:10:38.000Z</time>
      </trkpt>
      <trkpt lat="40.789459" lon="-73.965719">
        <ele>0</ele>
        <time>2026-06-13T20:10:39.000Z</time>
      </trkpt>
      <trkpt lat="40.789456" lon="-73.965706">
        <ele>0</ele>
        <time>2026-06-13T20:10:40.000Z</time>
      </trkpt>
      <trkpt lat="40.789453" lon="-73.965694">
        <ele>0</ele>
        <time>2026-06-13T20:10:41.000Z</time>
      </trkpt>
      <trkpt lat="40.789449" lon="-73.965682">
        <ele>0</ele>
        <time>2026-06-13T20:10:42.000Z</time>
      </trkpt>
      <trkpt lat="40.789446" lon="-73.96567">
        <ele>0</ele>
        <time>2026-06-13T20:10:43.000Z</time>
      </trkpt>
      <trkpt lat="40.789443" lon="-73.965658">
        <ele>0</ele>
        <time>2026-06-13T20:10:44.000Z</time>
      </trkpt>
      <trkpt lat="40.78944" lon="-73.965646">
        <ele>0</ele>
        <time>2026-06-13T20:10:45.000Z</time>
      </trkpt>
      <trkpt lat="40.789436" lon="-73.965633">
        <ele>0</ele>
        <time>2026-06-13T20:10:46.000Z</time>
      </trkpt>
      <trkpt lat="40.789433" lon="-73.965621">
        <ele>0</ele>
        <time>2026-06-13T20:10:47.000Z</time>
      </trkpt>
      <trkpt lat="40.78943" lon="-73.965609">
        <ele>0</ele>
        <time>2026-06-13T20:10:48.000Z</time>
      </trkpt>
      <trkpt lat="40.789427" lon="-73.965597">
        <ele>0</ele>
        <time>2026-06-13T20:10:49.000Z</time>
      </trkpt>
      <trkpt lat="40.789423" lon="-73.965568">
        <ele>0</ele>
        <time>2026-06-13T20:10:50.000Z</time>
      </trkpt>
      <trkpt lat="40.789422" lon="-73.965555">
        <ele>0</ele>
        <time>2026-06-13T20:10:51.000Z</time>
      </trkpt>
      <trkpt lat="40.789421" lon="-73.965542">
        <ele>0</ele>
        <time>2026-06-13T20:10:52.000Z</time>
      </trkpt>
      <trkpt lat="40.789421" lon="-73.965529">
        <ele>0</ele>
        <time>2026-06-13T20:10:53.000Z</time>
      </trkpt>
      <trkpt lat="40.78942" lon="-73.965516">
        <ele>0</ele>
        <time>2026-06-13T20:10:54.000Z</time>
      </trkpt>
      <trkpt lat="40.789419" lon="-73.965503">
        <ele>0</ele>
        <time>2026-06-13T20:10:55.000Z</time>
      </trkpt>
      <trkpt lat="40.789418" lon="-73.96549">
        <ele>0</ele>
        <time>2026-06-13T20:10:56.000Z</time>
      </trkpt>
      <trkpt lat="40.789417" lon="-73.965477">
        <ele>0</ele>
        <time>2026-06-13T20:10:57.000Z</time>
      </trkpt>
      <trkpt lat="40.789416" lon="-73.965463">
        <ele>0</ele>
        <time>2026-06-13T20:10:58.000Z</time>
      </trkpt>
      <trkpt lat="40.789415" lon="-73.96545">
        <ele>0</ele>
        <time>2026-06-13T20:10:59.000Z</time>
      </trkpt>
      <trkpt lat="40.789414" lon="-73.965437">
        <ele>0</ele>
        <time>2026-06-13T20:11:00.000Z</time>
      </trkpt>
      <trkpt lat="40.789414" lon="-73.965424">
        <ele>0</ele>
        <time>2026-06-13T20:11:01.000Z</time>
      </trkpt>
      <trkpt lat="40.789413" lon="-73.965411">
        <ele>0</ele>
        <time>2026-06-13T20:11:02.000Z</time>
      </trkpt>
      <trkpt lat="40.789412" lon="-73.965398">
        <ele>0</ele>
        <time>2026-06-13T20:11:03.000Z</time>
      </trkpt>
      <trkpt lat="40.789411" lon="-73.965385">
        <ele>0</ele>
        <time>2026-06-13T20:11:04.000Z</time>
      </trkpt>
      <trkpt lat="40.78941" lon="-73.965372">
        <ele>0</ele>
        <time>2026-06-13T20:11:05.000Z</time>
      </trkpt>
      <trkpt lat="40.789409" lon="-73.965359">
        <ele>0</ele>
        <time>2026-06-13T20:11:06.000Z</time>
      </trkpt>
      <trkpt lat="40.789408" lon="-73.965346">
        <ele>0</ele>
        <time>2026-06-13T20:11:07.000Z</time>
      </trkpt>
      <trkpt lat="40.789408" lon="-73.965333">
        <ele>0</ele>
        <time>2026-06-13T20:11:08.000Z</time>
      </trkpt>
      <trkpt lat="40.789407" lon="-73.96532">
        <ele>0</ele>
        <time>2026-06-13T20:11:09.000Z</time>
      </trkpt>
      <trkpt lat="40.789406" lon="-73.965307">
        <ele>0</ele>
        <time>2026-06-13T20:11:10.000Z</time>
      </trkpt>
      <trkpt lat="40.789405" lon="-73.965294">
        <ele>0</ele>
        <time>2026-06-13T20:11:11.000Z</time>
      </trkpt>
      <trkpt lat="40.789404" lon="-73.965281">
        <ele>0</ele>
        <time>2026-06-13T20:11:12.000Z</time>
      </trkpt>
      <trkpt lat="40.789403" lon="-73.965268">
        <ele>0</ele>
        <time>2026-06-13T20:11:13.000Z</time>
      </trkpt>
      <trkpt lat="40.789402" lon="-73.965255">
        <ele>0</ele>
        <time>2026-06-13T20:11:14.000Z</time>
      </trkpt>
      <trkpt lat="40.789402" lon="-73.965241">
        <ele>0</ele>
        <time>2026-06-13T20:11:15.000Z</time>
      </trkpt>
      <trkpt lat="40.789398" lon="-73.965218">
        <ele>0</ele>
        <time>2026-06-13T20:11:16.000Z</time>
      </trkpt>
      <trkpt lat="40.789395" lon="-73.965204">
        <ele>0</ele>
        <time>2026-06-13T20:11:17.000Z</time>
      </trkpt>
      <trkpt lat="40.789393" lon="-73.965191">
        <ele>0</ele>
        <time>2026-06-13T20:11:18.000Z</time>
      </trkpt>
      <trkpt lat="40.78939" lon="-73.965178">
        <ele>0</ele>
        <time>2026-06-13T20:11:19.000Z</time>
      </trkpt>
      <trkpt lat="40.789388" lon="-73.965164">
        <ele>0</ele>
        <time>2026-06-13T20:11:20.000Z</time>
      </trkpt>
      <trkpt lat="40.789385" lon="-73.965151">
        <ele>0</ele>
        <time>2026-06-13T20:11:21.000Z</time>
      </trkpt>
      <trkpt lat="40.789383" lon="-73.965138">
        <ele>0</ele>
        <time>2026-06-13T20:11:22.000Z</time>
      </trkpt>
      <trkpt lat="40.78938" lon="-73.965124">
        <ele>0</ele>
        <time>2026-06-13T20:11:23.000Z</time>
      </trkpt>
      <trkpt lat="40.789378" lon="-73.965111">
        <ele>0</ele>
        <time>2026-06-13T20:11:24.000Z</time>
      </trkpt>
      <trkpt lat="40.789376" lon="-73.965098">
        <ele>0</ele>
        <time>2026-06-13T20:11:25.000Z</time>
      </trkpt>
      <trkpt lat="40.789373" lon="-73.965084">
        <ele>0</ele>
        <time>2026-06-13T20:11:26.000Z</time>
      </trkpt>
      <trkpt lat="40.789371" lon="-73.965071">
        <ele>0</ele>
        <time>2026-06-13T20:11:27.000Z</time>
      </trkpt>
      <trkpt lat="40.789368" lon="-73.965058">
        <ele>0</ele>
        <time>2026-06-13T20:11:28.000Z</time>
      </trkpt>
      <trkpt lat="40.789366" lon="-73.965045">
        <ele>0</ele>
        <time>2026-06-13T20:11:29.000Z</time>
      </trkpt>
      <trkpt lat="40.789363" lon="-73.965031">
        <ele>0</ele>
        <time>2026-06-13T20:11:30.000Z</time>
      </trkpt>
      <trkpt lat="40.789361" lon="-73.965018">
        <ele>0</ele>
        <time>2026-06-13T20:11:31.000Z</time>
      </trkpt>
      <trkpt lat="40.789359" lon="-73.965005">
        <ele>0</ele>
        <time>2026-06-13T20:11:32.000Z</time>
      </trkpt>
      <trkpt lat="40.789356" lon="-73.964991">
        <ele>0</ele>
        <time>2026-06-13T20:11:33.000Z</time>
      </trkpt>
      <trkpt lat="40.789354" lon="-73.964978">
        <ele>0</ele>
        <time>2026-06-13T20:11:34.000Z</time>
      </trkpt>
      <trkpt lat="40.789351" lon="-73.964965">
        <ele>0</ele>
        <time>2026-06-13T20:11:35.000Z</time>
      </trkpt>
      <trkpt lat="40.789349" lon="-73.964951">
        <ele>0</ele>
        <time>2026-06-13T20:11:36.000Z</time>
      </trkpt>
      <trkpt lat="40.789346" lon="-73.964938">
        <ele>0</ele>
        <time>2026-06-13T20:11:37.000Z</time>
      </trkpt>
      <trkpt lat="40.789344" lon="-73.964925">
        <ele>0</ele>
        <time>2026-06-13T20:11:38.000Z</time>
      </trkpt>
      <trkpt lat="40.789341" lon="-73.964911">
        <ele>0</ele>
        <time>2026-06-13T20:11:39.000Z</time>
      </trkpt>
      <trkpt lat="40.789339" lon="-73.964898">
        <ele>0</ele>
        <time>2026-06-13T20:11:40.000Z</time>
      </trkpt>
      <trkpt lat="40.78934" lon="-73.964871">
        <ele>0</ele>
        <time>2026-06-13T20:11:41.000Z</time>
      </trkpt>
      <trkpt lat="40.789342" lon="-73.964858">
        <ele>0</ele>
        <time>2026-06-13T20:11:42.000Z</time>
      </trkpt>
      <trkpt lat="40.789343" lon="-73.964844">
        <ele>0</ele>
        <time>2026-06-13T20:11:43.000Z</time>
      </trkpt>
      <trkpt lat="40.789345" lon="-73.964831">
        <ele>0</ele>
        <time>2026-06-13T20:11:44.000Z</time>
      </trkpt>
      <trkpt lat="40.789346" lon="-73.964818">
        <ele>0</ele>
        <time>2026-06-13T20:11:45.000Z</time>
      </trkpt>
      <trkpt lat="40.789347" lon="-73.964805">
        <ele>0</ele>
        <time>2026-06-13T20:11:46.000Z</time>
      </trkpt>
      <trkpt lat="40.789349" lon="-73.964792">
        <ele>0</ele>
        <time>2026-06-13T20:11:47.000Z</time>
      </trkpt>
      <trkpt lat="40.78935" lon="-73.964778">
        <ele>0</ele>
        <time>2026-06-13T20:11:48.000Z</time>
      </trkpt>
      <trkpt lat="40.789352" lon="-73.964765">
        <ele>0</ele>
        <time>2026-06-13T20:11:49.000Z</time>
      </trkpt>
      <trkpt lat="40.789353" lon="-73.964752">
        <ele>0</ele>
        <time>2026-06-13T20:11:50.000Z</time>
      </trkpt>
      <trkpt lat="40.789354" lon="-73.964739">
        <ele>0</ele>
        <time>2026-06-13T20:11:51.000Z</time>
      </trkpt>
      <trkpt lat="40.789356" lon="-73.964725">
        <ele>0</ele>
        <time>2026-06-13T20:11:52.000Z</time>
      </trkpt>
      <trkpt lat="40.789357" lon="-73.964712">
        <ele>0</ele>
        <time>2026-06-13T20:11:53.000Z</time>
      </trkpt>
      <trkpt lat="40.789359" lon="-73.964699">
        <ele>0</ele>
        <time>2026-06-13T20:11:54.000Z</time>
      </trkpt>
      <trkpt lat="40.78936" lon="-73.964686">
        <ele>0</ele>
        <time>2026-06-13T20:11:55.000Z</time>
      </trkpt>
      <trkpt lat="40.789361" lon="-73.964673">
        <ele>0</ele>
        <time>2026-06-13T20:11:56.000Z</time>
      </trkpt>
      <trkpt lat="40.789363" lon="-73.964659">
        <ele>0</ele>
        <time>2026-06-13T20:11:57.000Z</time>
      </trkpt>
      <trkpt lat="40.789364" lon="-73.964646">
        <ele>0</ele>
        <time>2026-06-13T20:11:58.000Z</time>
      </trkpt>
      <trkpt lat="40.789366" lon="-73.964633">
        <ele>0</ele>
        <time>2026-06-13T20:11:59.000Z</time>
      </trkpt>
      <trkpt lat="40.789367" lon="-73.96462">
        <ele>0</ele>
        <time>2026-06-13T20:12:00.000Z</time>
      </trkpt>
      <trkpt lat="40.789368" lon="-73.964607">
        <ele>0</ele>
        <time>2026-06-13T20:12:01.000Z</time>
      </trkpt>
      <trkpt lat="40.78937" lon="-73.964593">
        <ele>0</ele>
        <time>2026-06-13T20:12:02.000Z</time>
      </trkpt>
      <trkpt lat="40.789371" lon="-73.96458">
        <ele>0</ele>
        <time>2026-06-13T20:12:03.000Z</time>
      </trkpt>
      <trkpt lat="40.789373" lon="-73.964567">
        <ele>0</ele>
        <time>2026-06-13T20:12:04.000Z</time>
      </trkpt>
      <trkpt lat="40.789374" lon="-73.964554">
        <ele>0</ele>
        <time>2026-06-13T20:12:05.000Z</time>
      </trkpt>
      <trkpt lat="40.789376" lon="-73.964541">
        <ele>0</ele>
        <time>2026-06-13T20:12:06.000Z</time>
      </trkpt>
      <trkpt lat="40.789378" lon="-73.964513">
        <ele>0</ele>
        <time>2026-06-13T20:12:07.000Z</time>
      </trkpt>
      <trkpt lat="40.789378" lon="-73.9645">
        <ele>0</ele>
        <time>2026-06-13T20:12:08.000Z</time>
      </trkpt>
      <trkpt lat="40.789379" lon="-73.964486">
        <ele>0</ele>
        <time>2026-06-13T20:12:09.000Z</time>
      </trkpt>
      <trkpt lat="40.789379" lon="-73.964473">
        <ele>0</ele>
        <time>2026-06-13T20:12:10.000Z</time>
      </trkpt>
      <trkpt lat="40.78938" lon="-73.964459">
        <ele>0</ele>
        <time>2026-06-13T20:12:11.000Z</time>
      </trkpt>
      <trkpt lat="40.78938" lon="-73.964446">
        <ele>0</ele>
        <time>2026-06-13T20:12:12.000Z</time>
      </trkpt>
      <trkpt lat="40.789381" lon="-73.964432">
        <ele>0</ele>
        <time>2026-06-13T20:12:13.000Z</time>
      </trkpt>
      <trkpt lat="40.789381" lon="-73.964419">
        <ele>0</ele>
        <time>2026-06-13T20:12:14.000Z</time>
      </trkpt>
      <trkpt lat="40.789382" lon="-73.964405">
        <ele>0</ele>
        <time>2026-06-13T20:12:15.000Z</time>
      </trkpt>
      <trkpt lat="40.789382" lon="-73.964392">
        <ele>0</ele>
        <time>2026-06-13T20:12:16.000Z</time>
      </trkpt>
      <trkpt lat="40.789383" lon="-73.964378">
        <ele>0</ele>
        <time>2026-06-13T20:12:17.000Z</time>
      </trkpt>
      <trkpt lat="40.789383" lon="-73.964365">
        <ele>0</ele>
        <time>2026-06-13T20:12:18.000Z</time>
      </trkpt>
      <trkpt lat="40.789384" lon="-73.964351">
        <ele>0</ele>
        <time>2026-06-13T20:12:19.000Z</time>
      </trkpt>
      <trkpt lat="40.789384" lon="-73.964338">
        <ele>0</ele>
        <time>2026-06-13T20:12:20.000Z</time>
      </trkpt>
      <trkpt lat="40.789385" lon="-73.964324">
        <ele>0</ele>
        <time>2026-06-13T20:12:21.000Z</time>
      </trkpt>
      <trkpt lat="40.789385" lon="-73.964311">
        <ele>0</ele>
        <time>2026-06-13T20:12:22.000Z</time>
      </trkpt>
      <trkpt lat="40.789386" lon="-73.964297">
        <ele>0</ele>
        <time>2026-06-13T20:12:23.000Z</time>
      </trkpt>
      <trkpt lat="40.789386" lon="-73.964284">
        <ele>0</ele>
        <time>2026-06-13T20:12:24.000Z</time>
      </trkpt>
      <trkpt lat="40.789387" lon="-73.96427">
        <ele>0</ele>
        <time>2026-06-13T20:12:25.000Z</time>
      </trkpt>
      <trkpt lat="40.789387" lon="-73.964257">
        <ele>0</ele>
        <time>2026-06-13T20:12:26.000Z</time>
      </trkpt>
      <trkpt lat="40.789388" lon="-73.964243">
        <ele>0</ele>
        <time>2026-06-13T20:12:27.000Z</time>
      </trkpt>
      <trkpt lat="40.789388" lon="-73.96423">
        <ele>0</ele>
        <time>2026-06-13T20:12:28.000Z</time>
      </trkpt>
      <trkpt lat="40.789389" lon="-73.964216">
        <ele>0</ele>
        <time>2026-06-13T20:12:29.000Z</time>
      </trkpt>
      <trkpt lat="40.789389" lon="-73.964203">
        <ele>0</ele>
        <time>2026-06-13T20:12:30.000Z</time>
      </trkpt>
      <trkpt lat="40.78939" lon="-73.964189">
        <ele>0</ele>
        <time>2026-06-13T20:12:31.000Z</time>
      </trkpt>
      <trkpt lat="40.789391" lon="-73.964175">
        <ele>0</ele>
        <time>2026-06-13T20:12:32.000Z</time>
      </trkpt>
      <trkpt lat="40.78939" lon="-73.964143">
        <ele>0</ele>
        <time>2026-06-13T20:12:33.000Z</time>
      </trkpt>
      <trkpt lat="40.789389" lon="-73.964129">
        <ele>0</ele>
        <time>2026-06-13T20:12:34.000Z</time>
      </trkpt>
      <trkpt lat="40.789389" lon="-73.964114">
        <ele>0</ele>
        <time>2026-06-13T20:12:35.000Z</time>
      </trkpt>
      <trkpt lat="40.789389" lon="-73.9641">
        <ele>0</ele>
        <time>2026-06-13T20:12:36.000Z</time>
      </trkpt>
      <trkpt lat="40.789388" lon="-73.964085">
        <ele>0</ele>
        <time>2026-06-13T20:12:37.000Z</time>
      </trkpt>
      <trkpt lat="40.789388" lon="-73.964071">
        <ele>0</ele>
        <time>2026-06-13T20:12:38.000Z</time>
      </trkpt>
      <trkpt lat="40.789388" lon="-73.964056">
        <ele>0</ele>
        <time>2026-06-13T20:12:39.000Z</time>
      </trkpt>
      <trkpt lat="40.789387" lon="-73.964042">
        <ele>0</ele>
        <time>2026-06-13T20:12:40.000Z</time>
      </trkpt>
      <trkpt lat="40.789387" lon="-73.964027">
        <ele>0</ele>
        <time>2026-06-13T20:12:41.000Z</time>
      </trkpt>
      <trkpt lat="40.789387" lon="-73.964013">
        <ele>0</ele>
        <time>2026-06-13T20:12:42.000Z</time>
      </trkpt>
      <trkpt lat="40.789386" lon="-73.963998">
        <ele>0</ele>
        <time>2026-06-13T20:12:43.000Z</time>
      </trkpt>
      <trkpt lat="40.789386" lon="-73.963984">
        <ele>0</ele>
        <time>2026-06-13T20:12:44.000Z</time>
      </trkpt>
      <trkpt lat="40.789386" lon="-73.963969">
        <ele>0</ele>
        <time>2026-06-13T20:12:45.000Z</time>
      </trkpt>
      <trkpt lat="40.789385" lon="-73.963955">
        <ele>0</ele>
        <time>2026-06-13T20:12:46.000Z</time>
      </trkpt>
      <trkpt lat="40.789385" lon="-73.96394">
        <ele>0</ele>
        <time>2026-06-13T20:12:47.000Z</time>
      </trkpt>
      <trkpt lat="40.789385" lon="-73.963926">
        <ele>0</ele>
        <time>2026-06-13T20:12:48.000Z</time>
      </trkpt>
      <trkpt lat="40.789384" lon="-73.963911">
        <ele>0</ele>
        <time>2026-06-13T20:12:49.000Z</time>
      </trkpt>
      <trkpt lat="40.789384" lon="-73.963897">
        <ele>0</ele>
        <time>2026-06-13T20:12:50.000Z</time>
      </trkpt>
      <trkpt lat="40.789384" lon="-73.963882">
        <ele>0</ele>
        <time>2026-06-13T20:12:51.000Z</time>
      </trkpt>
      <trkpt lat="40.789383" lon="-73.963868">
        <ele>0</ele>
        <time>2026-06-13T20:12:52.000Z</time>
      </trkpt>
      <trkpt lat="40.789383" lon="-73.963853">
        <ele>0</ele>
        <time>2026-06-13T20:12:53.000Z</time>
      </trkpt>
      <trkpt lat="40.789383" lon="-73.963839">
        <ele>0</ele>
        <time>2026-06-13T20:12:54.000Z</time>
      </trkpt>
      <trkpt lat="40.789382" lon="-73.963824">
        <ele>0</ele>
        <time>2026-06-13T20:12:55.000Z</time>
      </trkpt>
      <trkpt lat="40.789382" lon="-73.96381">
        <ele>0</ele>
        <time>2026-06-13T20:12:56.000Z</time>
      </trkpt>
      <trkpt lat="40.789382" lon="-73.963795">
        <ele>0</ele>
        <time>2026-06-13T20:12:57.000Z</time>
      </trkpt>
      <trkpt lat="40.789382" lon="-73.96378">
        <ele>0</ele>
        <time>2026-06-13T20:12:58.000Z</time>
      </trkpt>
      <trkpt lat="40.78938" lon="-73.963765">
        <ele>0</ele>
        <time>2026-06-13T20:12:59.000Z</time>
      </trkpt>
      <trkpt lat="40.789378" lon="-73.963756">
        <ele>0</ele>
        <time>2026-06-13T20:13:00.000Z</time>
      </trkpt>
      <trkpt lat="40.789377" lon="-73.963748">
        <ele>0</ele>
        <time>2026-06-13T20:13:01.000Z</time>
      </trkpt>
      <trkpt lat="40.789375" lon="-73.963739">
        <ele>0</ele>
        <time>2026-06-13T20:13:02.000Z</time>
      </trkpt>
      <trkpt lat="40.789374" lon="-73.96373">
        <ele>0</ele>
        <time>2026-06-13T20:13:03.000Z</time>
      </trkpt>
      <trkpt lat="40.789372" lon="-73.96371">
        <ele>0</ele>
        <time>2026-06-13T20:13:04.000Z</time>
      </trkpt>
      <trkpt lat="40.789369" lon="-73.963693">
        <ele>0</ele>
        <time>2026-06-13T20:13:05.000Z</time>
      </trkpt>
      <trkpt lat="40.789369" lon="-73.963682">
        <ele>0</ele>
        <time>2026-06-13T20:13:06.000Z</time>
      </trkpt>
      <trkpt lat="40.78937" lon="-73.963671">
        <ele>0</ele>
        <time>2026-06-13T20:13:07.000Z</time>
      </trkpt>
      <trkpt lat="40.789372" lon="-73.963663">
        <ele>0</ele>
        <time>2026-06-13T20:13:08.000Z</time>
      </trkpt>
      <trkpt lat="40.789374" lon="-73.963656">
        <ele>33.8</ele>
        <time>2026-06-13T20:13:09.000Z</time>
      </trkpt>
      <trkpt lat="40.789377" lon="-73.963644">
        <ele>33.6</ele>
        <time>2026-06-13T20:13:10.000Z</time>
      </trkpt>
      <trkpt lat="40.789381" lon="-73.963633">
        <ele>33.4</ele>
        <time>2026-06-13T20:13:11.000Z</time>
      </trkpt>
      <trkpt lat="40.789385" lon="-73.963623">
        <ele>33.2</ele>
        <time>2026-06-13T20:13:12.000Z</time>
      </trkpt>
      <trkpt lat="40.78939" lon="-73.963614">
        <ele>33</ele>
        <time>2026-06-13T20:13:13.000Z</time>
      </trkpt>
      <trkpt lat="40.789396" lon="-73.963606">
        <ele>33</ele>
        <time>2026-06-13T20:13:14.000Z</time>
      </trkpt>
      <trkpt lat="40.789402" lon="-73.963597">
        <ele>32.8</ele>
        <time>2026-06-13T20:13:15.000Z</time>
      </trkpt>
      <trkpt lat="40.789408" lon="-73.963589">
        <ele>32.8</ele>
        <time>2026-06-13T20:13:16.000Z</time>
      </trkpt>
      <trkpt lat="40.789414" lon="-73.963581">
        <ele>32.8</ele>
        <time>2026-06-13T20:13:17.000Z</time>
      </trkpt>
      <trkpt lat="40.789421" lon="-73.963573">
        <ele>32.6</ele>
        <time>2026-06-13T20:13:18.000Z</time>
      </trkpt>
      <trkpt lat="40.789428" lon="-73.963567">
        <ele>32.6</ele>
        <time>2026-06-13T20:13:19.000Z</time>
      </trkpt>
      <trkpt lat="40.789437" lon="-73.963561">
        <ele>32.6</ele>
        <time>2026-06-13T20:13:20.000Z</time>
      </trkpt>
      <trkpt lat="40.789445" lon="-73.963556">
        <ele>32.4</ele>
        <time>2026-06-13T20:13:21.000Z</time>
      </trkpt>
      <trkpt lat="40.789454" lon="-73.963551">
        <ele>32.4</ele>
        <time>2026-06-13T20:13:22.000Z</time>
      </trkpt>
      <trkpt lat="40.789463" lon="-73.963547">
        <ele>32.4</ele>
        <time>2026-06-13T20:13:23.000Z</time>
      </trkpt>
      <trkpt lat="40.789472" lon="-73.963543">
        <ele>32.2</ele>
        <time>2026-06-13T20:13:24.000Z</time>
      </trkpt>
      <trkpt lat="40.789481" lon="-73.96354">
        <ele>32.2</ele>
        <time>2026-06-13T20:13:25.000Z</time>
      </trkpt>
      <trkpt lat="40.789491" lon="-73.963536">
        <ele>32</ele>
        <time>2026-06-13T20:13:26.000Z</time>
      </trkpt>
      <trkpt lat="40.789501" lon="-73.963533">
        <ele>32</ele>
        <time>2026-06-13T20:13:27.000Z</time>
      </trkpt>
      <trkpt lat="40.789511" lon="-73.96353">
        <ele>31.8</ele>
        <time>2026-06-13T20:13:28.000Z</time>
      </trkpt>
      <trkpt lat="40.78952" lon="-73.963527">
        <ele>31.8</ele>
        <time>2026-06-13T20:13:29.000Z</time>
      </trkpt>
      <trkpt lat="40.78953" lon="-73.963523">
        <ele>31.6</ele>
        <time>2026-06-13T20:13:30.000Z</time>
      </trkpt>
      <trkpt lat="40.78954" lon="-73.96352">
        <ele>31.4</ele>
        <time>2026-06-13T20:13:31.000Z</time>
      </trkpt>
      <trkpt lat="40.789551" lon="-73.963517">
        <ele>31.4</ele>
        <time>2026-06-13T20:13:32.000Z</time>
      </trkpt>
      <trkpt lat="40.789561" lon="-73.963514">
        <ele>31.2</ele>
        <time>2026-06-13T20:13:33.000Z</time>
      </trkpt>
      <trkpt lat="40.789571" lon="-73.963511">
        <ele>31.2</ele>
        <time>2026-06-13T20:13:34.000Z</time>
      </trkpt>
      <trkpt lat="40.789582" lon="-73.96351">
        <ele>31</ele>
        <time>2026-06-13T20:13:35.000Z</time>
      </trkpt>
      <trkpt lat="40.789593" lon="-73.963511">
        <ele>31</ele>
        <time>2026-06-13T20:13:36.000Z</time>
      </trkpt>
      <trkpt lat="40.789604" lon="-73.963511">
        <ele>31</ele>
        <time>2026-06-13T20:13:37.000Z</time>
      </trkpt>
      <trkpt lat="40.789615" lon="-73.963512">
        <ele>30.8</ele>
        <time>2026-06-13T20:13:38.000Z</time>
      </trkpt>
      <trkpt lat="40.789626" lon="-73.963513">
        <ele>30.8</ele>
        <time>2026-06-13T20:13:39.000Z</time>
      </trkpt>
      <trkpt lat="40.789637" lon="-73.963514">
        <ele>30.8</ele>
        <time>2026-06-13T20:13:40.000Z</time>
      </trkpt>
      <trkpt lat="40.789649" lon="-73.963515">
        <ele>30.8</ele>
        <time>2026-06-13T20:13:41.000Z</time>
      </trkpt>
      <trkpt lat="40.789661" lon="-73.963516">
        <ele>30.6</ele>
        <time>2026-06-13T20:13:42.000Z</time>
      </trkpt>
      <trkpt lat="40.789673" lon="-73.963517">
        <ele>30.6</ele>
        <time>2026-06-13T20:13:43.000Z</time>
      </trkpt>
      <trkpt lat="40.789686" lon="-73.963518">
        <ele>30.6</ele>
        <time>2026-06-13T20:13:44.000Z</time>
      </trkpt>
      <trkpt lat="40.789698" lon="-73.963519">
        <ele>30.6</ele>
        <time>2026-06-13T20:13:45.000Z</time>
      </trkpt>
      <trkpt lat="40.789709" lon="-73.96352">
        <ele>30.6</ele>
        <time>2026-06-13T20:13:46.000Z</time>
      </trkpt>
      <trkpt lat="40.789719" lon="-73.963521">
        <ele>30.6</ele>
        <time>2026-06-13T20:13:47.000Z</time>
      </trkpt>
      <trkpt lat="40.789728" lon="-73.963522">
        <ele>30.6</ele>
        <time>2026-06-13T20:13:48.000Z</time>
      </trkpt>
      <trkpt lat="40.789738" lon="-73.963523">
        <ele>30.6</ele>
        <time>2026-06-13T20:13:49.000Z</time>
      </trkpt>
      <trkpt lat="40.789748" lon="-73.963524">
        <ele>30.6</ele>
        <time>2026-06-13T20:13:50.000Z</time>
      </trkpt>
      <trkpt lat="40.789759" lon="-73.963524">
        <ele>30.6</ele>
        <time>2026-06-13T20:13:51.000Z</time>
      </trkpt>
      <trkpt lat="40.789769" lon="-73.963525">
        <ele>30.6</ele>
        <time>2026-06-13T20:13:52.000Z</time>
      </trkpt>
      <trkpt lat="40.78978" lon="-73.963526">
        <ele>30.6</ele>
        <time>2026-06-13T20:13:53.000Z</time>
      </trkpt>
      <trkpt lat="40.789791" lon="-73.963526">
        <ele>30.6</ele>
        <time>2026-06-13T20:13:54.000Z</time>
      </trkpt>
      <trkpt lat="40.789803" lon="-73.963527">
        <ele>30.6</ele>
        <time>2026-06-13T20:13:55.000Z</time>
      </trkpt>
      <trkpt lat="40.789814" lon="-73.963527">
        <ele>30.6</ele>
        <time>2026-06-13T20:13:56.000Z</time>
      </trkpt>
      <trkpt lat="40.789825" lon="-73.963528">
        <ele>30.6</ele>
        <time>2026-06-13T20:13:57.000Z</time>
      </trkpt>
      <trkpt lat="40.789836" lon="-73.963528">
        <ele>30.6</ele>
        <time>2026-06-13T20:13:58.000Z</time>
      </trkpt>
      <trkpt lat="40.789848" lon="-73.963529">
        <ele>30.6</ele>
        <time>2026-06-13T20:13:59.000Z</time>
      </trkpt>
      <trkpt lat="40.78986" lon="-73.963529">
        <ele>30.6</ele>
        <time>2026-06-13T20:14:00.000Z</time>
      </trkpt>
      <trkpt lat="40.789871" lon="-73.963529">
        <ele>30.6</ele>
        <time>2026-06-13T20:14:01.000Z</time>
      </trkpt>
      <trkpt lat="40.789882" lon="-73.963529">
        <ele>30.6</ele>
        <time>2026-06-13T20:14:02.000Z</time>
      </trkpt>
      <trkpt lat="40.789894" lon="-73.963529">
        <ele>30.6</ele>
        <time>2026-06-13T20:14:03.000Z</time>
      </trkpt>
      <trkpt lat="40.789906" lon="-73.963529">
        <ele>30.6</ele>
        <time>2026-06-13T20:14:04.000Z</time>
      </trkpt>
      <trkpt lat="40.789919" lon="-73.963528">
        <ele>30.4</ele>
        <time>2026-06-13T20:14:05.000Z</time>
      </trkpt>
      <trkpt lat="40.789931" lon="-73.963527">
        <ele>30.4</ele>
        <time>2026-06-13T20:14:06.000Z</time>
      </trkpt>
      <trkpt lat="40.789942" lon="-73.963526">
        <ele>30.4</ele>
        <time>2026-06-13T20:14:07.000Z</time>
      </trkpt>
      <trkpt lat="40.789954" lon="-73.963525">
        <ele>30.6</ele>
        <time>2026-06-13T20:14:08.000Z</time>
      </trkpt>
      <trkpt lat="40.789966" lon="-73.963524">
        <ele>30.6</ele>
        <time>2026-06-13T20:14:09.000Z</time>
      </trkpt>
      <trkpt lat="40.789978" lon="-73.963523">
        <ele>30.6</ele>
        <time>2026-06-13T20:14:10.000Z</time>
      </trkpt>
      <trkpt lat="40.789989" lon="-73.963522">
        <ele>30.6</ele>
        <time>2026-06-13T20:14:11.000Z</time>
      </trkpt>
      <trkpt lat="40.790001" lon="-73.963521">
        <ele>30.6</ele>
        <time>2026-06-13T20:14:12.000Z</time>
      </trkpt>
      <trkpt lat="40.790012" lon="-73.96352">
        <ele>30.6</ele>
        <time>2026-06-13T20:14:13.000Z</time>
      </trkpt>
      <trkpt lat="40.790022" lon="-73.963519">
        <ele>30.6</ele>
        <time>2026-06-13T20:14:14.000Z</time>
      </trkpt>
      <trkpt lat="40.790032" lon="-73.963518">
        <ele>30.6</ele>
        <time>2026-06-13T20:14:15.000Z</time>
      </trkpt>
      <trkpt lat="40.790043" lon="-73.963516">
        <ele>30.8</ele>
        <time>2026-06-13T20:14:16.000Z</time>
      </trkpt>
      <trkpt lat="40.790054" lon="-73.963515">
        <ele>30.8</ele>
        <time>2026-06-13T20:14:17.000Z</time>
      </trkpt>
      <trkpt lat="40.790066" lon="-73.963513">
        <ele>30.8</ele>
        <time>2026-06-13T20:14:18.000Z</time>
      </trkpt>
      <trkpt lat="40.790078" lon="-73.963512">
        <ele>30.8</ele>
        <time>2026-06-13T20:14:19.000Z</time>
      </trkpt>
      <trkpt lat="40.79009" lon="-73.96351">
        <ele>30.8</ele>
        <time>2026-06-13T20:14:20.000Z</time>
      </trkpt>
      <trkpt lat="40.790102" lon="-73.963508">
        <ele>31</ele>
        <time>2026-06-13T20:14:21.000Z</time>
      </trkpt>
      <trkpt lat="40.790114" lon="-73.963507">
        <ele>31</ele>
        <time>2026-06-13T20:14:22.000Z</time>
      </trkpt>
      <trkpt lat="40.790125" lon="-73.963505">
        <ele>31</ele>
        <time>2026-06-13T20:14:23.000Z</time>
      </trkpt>
      <trkpt lat="40.790137" lon="-73.963504">
        <ele>31</ele>
        <time>2026-06-13T20:14:24.000Z</time>
      </trkpt>
      <trkpt lat="40.790147" lon="-73.963502">
        <ele>31</ele>
        <time>2026-06-13T20:14:25.000Z</time>
      </trkpt>
      <trkpt lat="40.790157" lon="-73.963501">
        <ele>31.2</ele>
        <time>2026-06-13T20:14:26.000Z</time>
      </trkpt>
      <trkpt lat="40.790168" lon="-73.963499">
        <ele>31.2</ele>
        <time>2026-06-13T20:14:27.000Z</time>
      </trkpt>
      <trkpt lat="40.790178" lon="-73.963497">
        <ele>31.2</ele>
        <time>2026-06-13T20:14:28.000Z</time>
      </trkpt>
      <trkpt lat="40.790188" lon="-73.963496">
        <ele>31.2</ele>
        <time>2026-06-13T20:14:29.000Z</time>
      </trkpt>
      <trkpt lat="40.790199" lon="-73.963494">
        <ele>31.2</ele>
        <time>2026-06-13T20:14:30.000Z</time>
      </trkpt>
      <trkpt lat="40.79021" lon="-73.963492">
        <ele>31.2</ele>
        <time>2026-06-13T20:14:31.000Z</time>
      </trkpt>
      <trkpt lat="40.79022" lon="-73.96349">
        <ele>31.2</ele>
        <time>2026-06-13T20:14:32.000Z</time>
      </trkpt>
      <trkpt lat="40.790231" lon="-73.963488">
        <ele>31.2</ele>
        <time>2026-06-13T20:14:33.000Z</time>
      </trkpt>
      <trkpt lat="40.790241" lon="-73.963486">
        <ele>31.2</ele>
        <time>2026-06-13T20:14:34.000Z</time>
      </trkpt>
      <trkpt lat="40.790251" lon="-73.963485">
        <ele>31.2</ele>
        <time>2026-06-13T20:14:35.000Z</time>
      </trkpt>
      <trkpt lat="40.79026" lon="-73.963483">
        <ele>31.2</ele>
        <time>2026-06-13T20:14:36.000Z</time>
      </trkpt>
      <trkpt lat="40.79027" lon="-73.963481">
        <ele>31.2</ele>
        <time>2026-06-13T20:14:37.000Z</time>
      </trkpt>
      <trkpt lat="40.79028" lon="-73.963479">
        <ele>31.4</ele>
        <time>2026-06-13T20:14:38.000Z</time>
      </trkpt>
      <trkpt lat="40.790291" lon="-73.963477">
        <ele>31.4</ele>
        <time>2026-06-13T20:14:39.000Z</time>
      </trkpt>
      <trkpt lat="40.7903" lon="-73.963475">
        <ele>31.4</ele>
        <time>2026-06-13T20:14:40.000Z</time>
      </trkpt>
      <trkpt lat="40.79031" lon="-73.963473">
        <ele>31.4</ele>
        <time>2026-06-13T20:14:41.000Z</time>
      </trkpt>
      <trkpt lat="40.790319" lon="-73.963471">
        <ele>31.4</ele>
        <time>2026-06-13T20:14:42.000Z</time>
      </trkpt>
      <trkpt lat="40.790328" lon="-73.963469">
        <ele>31.4</ele>
        <time>2026-06-13T20:14:43.000Z</time>
      </trkpt>
      <trkpt lat="40.790338" lon="-73.963467">
        <ele>31.4</ele>
        <time>2026-06-13T20:14:44.000Z</time>
      </trkpt>
      <trkpt lat="40.790348" lon="-73.963465">
        <ele>31.4</ele>
        <time>2026-06-13T20:14:45.000Z</time>
      </trkpt>
      <trkpt lat="40.790357" lon="-73.963463">
        <ele>31.4</ele>
        <time>2026-06-13T20:14:46.000Z</time>
      </trkpt>
      <trkpt lat="40.790367" lon="-73.963461">
        <ele>31.4</ele>
        <time>2026-06-13T20:14:47.000Z</time>
      </trkpt>
      <trkpt lat="40.790377" lon="-73.963459">
        <ele>31.4</ele>
        <time>2026-06-13T20:14:48.000Z</time>
      </trkpt>
      <trkpt lat="40.790386" lon="-73.963457">
        <ele>31.4</ele>
        <time>2026-06-13T20:14:49.000Z</time>
      </trkpt>
      <trkpt lat="40.790396" lon="-73.963455">
        <ele>31.2</ele>
        <time>2026-06-13T20:14:50.000Z</time>
      </trkpt>
      <trkpt lat="40.790406" lon="-73.963453">
        <ele>31.2</ele>
        <time>2026-06-13T20:14:51.000Z</time>
      </trkpt>
      <trkpt lat="40.790416" lon="-73.963451">
        <ele>31.2</ele>
        <time>2026-06-13T20:14:52.000Z</time>
      </trkpt>
      <trkpt lat="40.790426" lon="-73.963448">
        <ele>31.2</ele>
        <time>2026-06-13T20:14:53.000Z</time>
      </trkpt>
      <trkpt lat="40.790436" lon="-73.963446">
        <ele>31</ele>
        <time>2026-06-13T20:14:54.000Z</time>
      </trkpt>
      <trkpt lat="40.790445" lon="-73.963444">
        <ele>31</ele>
        <time>2026-06-13T20:14:55.000Z</time>
      </trkpt>
      <trkpt lat="40.790455" lon="-73.963441">
        <ele>31</ele>
        <time>2026-06-13T20:14:56.000Z</time>
      </trkpt>
      <trkpt lat="40.790464" lon="-73.963438">
        <ele>31</ele>
        <time>2026-06-13T20:14:57.000Z</time>
      </trkpt>
      <trkpt lat="40.790474" lon="-73.963435">
        <ele>30.8</ele>
        <time>2026-06-13T20:14:58.000Z</time>
      </trkpt>
      <trkpt lat="40.790483" lon="-73.963432">
        <ele>30.8</ele>
        <time>2026-06-13T20:14:59.000Z</time>
      </trkpt>
      <trkpt lat="40.790493" lon="-73.963429">
        <ele>30.8</ele>
        <time>2026-06-13T20:15:00.000Z</time>
      </trkpt>
      <trkpt lat="40.790502" lon="-73.963425">
        <ele>30.8</ele>
        <time>2026-06-13T20:15:01.000Z</time>
      </trkpt>
      <trkpt lat="40.790511" lon="-73.963421">
        <ele>30.8</ele>
        <time>2026-06-13T20:15:02.000Z</time>
      </trkpt>
      <trkpt lat="40.79052" lon="-73.963417">
        <ele>30.6</ele>
        <time>2026-06-13T20:15:03.000Z</time>
      </trkpt>
      <trkpt lat="40.790528" lon="-73.963414">
        <ele>30.6</ele>
        <time>2026-06-13T20:15:04.000Z</time>
      </trkpt>
      <trkpt lat="40.790537" lon="-73.96341">
        <ele>30.6</ele>
        <time>2026-06-13T20:15:05.000Z</time>
      </trkpt>
      <trkpt lat="40.790544" lon="-73.963408">
        <ele>30.6</ele>
        <time>2026-06-13T20:15:06.000Z</time>
      </trkpt>
      <trkpt lat="40.790552" lon="-73.963406">
        <ele>30.6</ele>
        <time>2026-06-13T20:15:07.000Z</time>
      </trkpt>
      <trkpt lat="40.790561" lon="-73.963408">
        <ele>30.6</ele>
        <time>2026-06-13T20:15:08.000Z</time>
      </trkpt>
      <trkpt lat="40.790571" lon="-73.963414">
        <ele>30.6</ele>
        <time>2026-06-13T20:15:09.000Z</time>
      </trkpt>
      <trkpt lat="40.790581" lon="-73.963422">
        <ele>30.6</ele>
        <time>2026-06-13T20:15:10.000Z</time>
      </trkpt>
      <trkpt lat="40.790592" lon="-73.963431">
        <ele>30.6</ele>
        <time>2026-06-13T20:15:11.000Z</time>
      </trkpt>
      <trkpt lat="40.790603" lon="-73.96344">
        <ele>30.6</ele>
        <time>2026-06-13T20:15:12.000Z</time>
      </trkpt>
      <trkpt lat="40.790614" lon="-73.96345">
        <ele>30.6</ele>
        <time>2026-06-13T20:15:13.000Z</time>
      </trkpt>
      <trkpt lat="40.790625" lon="-73.963463">
        <ele>30.6</ele>
        <time>2026-06-13T20:15:14.000Z</time>
      </trkpt>
      <trkpt lat="40.790635" lon="-73.963475">
        <ele>30.6</ele>
        <time>2026-06-13T20:15:15.000Z</time>
      </trkpt>
      <trkpt lat="40.790644" lon="-73.963487">
        <ele>30.6</ele>
        <time>2026-06-13T20:15:16.000Z</time>
      </trkpt>
      <trkpt lat="40.790652" lon="-73.963499">
        <ele>30.6</ele>
        <time>2026-06-13T20:15:17.000Z</time>
      </trkpt>
      <trkpt lat="40.790659" lon="-73.963511">
        <ele>30.6</ele>
        <time>2026-06-13T20:15:18.000Z</time>
      </trkpt>
      <trkpt lat="40.790667" lon="-73.963521">
        <ele>30.6</ele>
        <time>2026-06-13T20:15:19.000Z</time>
      </trkpt>
      <trkpt lat="40.790673" lon="-73.963532">
        <ele>30.6</ele>
        <time>2026-06-13T20:15:20.000Z</time>
      </trkpt>
      <trkpt lat="40.790679" lon="-73.963542">
        <ele>30.6</ele>
        <time>2026-06-13T20:15:21.000Z</time>
      </trkpt>
      <trkpt lat="40.790685" lon="-73.963553">
        <ele>30.6</ele>
        <time>2026-06-13T20:15:22.000Z</time>
      </trkpt>
      <trkpt lat="40.790691" lon="-73.963565">
        <ele>30.8</ele>
        <time>2026-06-13T20:15:23.000Z</time>
      </trkpt>
      <trkpt lat="40.790698" lon="-73.963576">
        <ele>30.8</ele>
        <time>2026-06-13T20:15:24.000Z</time>
      </trkpt>
      <trkpt lat="40.790704" lon="-73.963586">
        <ele>30.8</ele>
        <time>2026-06-13T20:15:25.000Z</time>
      </trkpt>
      <trkpt lat="40.790709" lon="-73.963596">
        <ele>30.8</ele>
        <time>2026-06-13T20:15:26.000Z</time>
      </trkpt>
      <trkpt lat="40.790715" lon="-73.963606">
        <ele>30.8</ele>
        <time>2026-06-13T20:15:27.000Z</time>
      </trkpt>
      <trkpt lat="40.790721" lon="-73.963615">
        <ele>30.8</ele>
        <time>2026-06-13T20:15:28.000Z</time>
      </trkpt>
      <trkpt lat="40.790728" lon="-73.963624">
        <ele>30.8</ele>
        <time>2026-06-13T20:15:29.000Z</time>
      </trkpt>
      <trkpt lat="40.790733" lon="-73.963634">
        <ele>30.8</ele>
        <time>2026-06-13T20:15:30.000Z</time>
      </trkpt>
      <trkpt lat="40.79074" lon="-73.963643">
        <ele>30.8</ele>
        <time>2026-06-13T20:15:31.000Z</time>
      </trkpt>
      <trkpt lat="40.790747" lon="-73.963653">
        <ele>30.8</ele>
        <time>2026-06-13T20:15:32.000Z</time>
      </trkpt>
      <trkpt lat="40.790754" lon="-73.963662">
        <ele>30.8</ele>
        <time>2026-06-13T20:15:33.000Z</time>
      </trkpt>
      <trkpt lat="40.790762" lon="-73.96367">
        <ele>30.8</ele>
        <time>2026-06-13T20:15:34.000Z</time>
      </trkpt>
      <trkpt lat="40.79077" lon="-73.963676">
        <ele>30.8</ele>
        <time>2026-06-13T20:15:35.000Z</time>
      </trkpt>
      <trkpt lat="40.790777" lon="-73.963681">
        <ele>30.8</ele>
        <time>2026-06-13T20:15:36.000Z</time>
      </trkpt>
      <trkpt lat="40.790784" lon="-73.963683">
        <ele>30.8</ele>
        <time>2026-06-13T20:15:37.000Z</time>
      </trkpt>
      <trkpt lat="40.79079" lon="-73.963685">
        <ele>30.8</ele>
        <time>2026-06-13T20:15:38.000Z</time>
      </trkpt>
      <trkpt lat="40.790794" lon="-73.963686">
        <ele>31</ele>
        <time>2026-06-13T20:15:39.000Z</time>
      </trkpt>
      <trkpt lat="40.790798" lon="-73.963688">
        <ele>31</ele>
        <time>2026-06-13T20:15:40.000Z</time>
      </trkpt>
      <trkpt lat="40.790805" lon="-73.963689">
        <ele>31</ele>
        <time>2026-06-13T20:15:41.000Z</time>
      </trkpt>
      <trkpt lat="40.790813" lon="-73.96369">
        <ele>31</ele>
        <time>2026-06-13T20:15:42.000Z</time>
      </trkpt>
      <trkpt lat="40.790822" lon="-73.963692">
        <ele>31</ele>
        <time>2026-06-13T20:15:43.000Z</time>
      </trkpt>
      <trkpt lat="40.790831" lon="-73.963693">
        <ele>31</ele>
        <time>2026-06-13T20:15:44.000Z</time>
      </trkpt>
      <trkpt lat="40.790839" lon="-73.963695">
        <ele>31.2</ele>
        <time>2026-06-13T20:15:45.000Z</time>
      </trkpt>
      <trkpt lat="40.790847" lon="-73.963698">
        <ele>31.2</ele>
        <time>2026-06-13T20:15:46.000Z</time>
      </trkpt>
      <trkpt lat="40.790856" lon="-73.963701">
        <ele>31.2</ele>
        <time>2026-06-13T20:15:47.000Z</time>
      </trkpt>
      <trkpt lat="40.790866" lon="-73.963704">
        <ele>31.2</ele>
        <time>2026-06-13T20:15:48.000Z</time>
      </trkpt>
      <trkpt lat="40.790874" lon="-73.963709">
        <ele>31.2</ele>
        <time>2026-06-13T20:15:49.000Z</time>
      </trkpt>
      <trkpt lat="40.790882" lon="-73.963718">
        <ele>31.2</ele>
        <time>2026-06-13T20:15:50.000Z</time>
      </trkpt>
      <trkpt lat="40.79089" lon="-73.963728">
        <ele>31.2</ele>
        <time>2026-06-13T20:15:51.000Z</time>
      </trkpt>
      <trkpt lat="40.790899" lon="-73.963739">
        <ele>31.2</ele>
        <time>2026-06-13T20:15:52.000Z</time>
      </trkpt>
      <trkpt lat="40.790907" lon="-73.96375">
        <ele>31.2</ele>
        <time>2026-06-13T20:15:53.000Z</time>
      </trkpt>
      <trkpt lat="40.790917" lon="-73.963761">
        <ele>31.4</ele>
        <time>2026-06-13T20:15:54.000Z</time>
      </trkpt>
      <trkpt lat="40.790927" lon="-73.963773">
        <ele>31.4</ele>
        <time>2026-06-13T20:15:55.000Z</time>
      </trkpt>
      <trkpt lat="40.790945" lon="-73.96379">
        <ele>31.4</ele>
        <time>2026-06-13T20:15:56.000Z</time>
      </trkpt>
      <trkpt lat="40.790953" lon="-73.963796">
        <ele>31.4</ele>
        <time>2026-06-13T20:15:57.000Z</time>
      </trkpt>
      <trkpt lat="40.79096" lon="-73.963802">
        <ele>31.4</ele>
        <time>2026-06-13T20:15:58.000Z</time>
      </trkpt>
      <trkpt lat="40.79097" lon="-73.96381">
        <ele>31.4</ele>
        <time>2026-06-13T20:15:59.000Z</time>
      </trkpt>
      <trkpt lat="40.79098" lon="-73.963817">
        <ele>31.4</ele>
        <time>2026-06-13T20:16:00.000Z</time>
      </trkpt>
      <trkpt lat="40.790992" lon="-73.963824">
        <ele>31.4</ele>
        <time>2026-06-13T20:16:01.000Z</time>
      </trkpt>
      <trkpt lat="40.791003" lon="-73.96383">
        <ele>31.4</ele>
        <time>2026-06-13T20:16:02.000Z</time>
      </trkpt>
      <trkpt lat="40.791016" lon="-73.963835">
        <ele>31.4</ele>
        <time>2026-06-13T20:16:03.000Z</time>
      </trkpt>
      <trkpt lat="40.791029" lon="-73.963838">
        <ele>31.4</ele>
        <time>2026-06-13T20:16:04.000Z</time>
      </trkpt>
      <trkpt lat="40.791042" lon="-73.96384">
        <ele>31.4</ele>
        <time>2026-06-13T20:16:05.000Z</time>
      </trkpt>
      <trkpt lat="40.791054" lon="-73.963842">
        <ele>31.6</ele>
        <time>2026-06-13T20:16:06.000Z</time>
      </trkpt>
      <trkpt lat="40.791066" lon="-73.963843">
        <ele>31.6</ele>
        <time>2026-06-13T20:16:07.000Z</time>
      </trkpt>
      <trkpt lat="40.791077" lon="-73.963844">
        <ele>31.6</ele>
        <time>2026-06-13T20:16:08.000Z</time>
      </trkpt>
      <trkpt lat="40.791089" lon="-73.963845">
        <ele>31.6</ele>
        <time>2026-06-13T20:16:09.000Z</time>
      </trkpt>
      <trkpt lat="40.791102" lon="-73.963848">
        <ele>31.6</ele>
        <time>2026-06-13T20:16:10.000Z</time>
      </trkpt>
      <trkpt lat="40.791114" lon="-73.963853">
        <ele>31.6</ele>
        <time>2026-06-13T20:16:11.000Z</time>
      </trkpt>
      <trkpt lat="40.791126" lon="-73.963858">
        <ele>31.6</ele>
        <time>2026-06-13T20:16:12.000Z</time>
      </trkpt>
      <trkpt lat="40.791137" lon="-73.963863">
        <ele>31.6</ele>
        <time>2026-06-13T20:16:13.000Z</time>
      </trkpt>
      <trkpt lat="40.791148" lon="-73.963868">
        <ele>31.6</ele>
        <time>2026-06-13T20:16:14.000Z</time>
      </trkpt>
      <trkpt lat="40.791159" lon="-73.963875">
        <ele>31.6</ele>
        <time>2026-06-13T20:16:15.000Z</time>
      </trkpt>
      <trkpt lat="40.79117" lon="-73.963884">
        <ele>31.6</ele>
        <time>2026-06-13T20:16:16.000Z</time>
      </trkpt>
      <trkpt lat="40.79118" lon="-73.963892">
        <ele>31.6</ele>
        <time>2026-06-13T20:16:17.000Z</time>
      </trkpt>
      <trkpt lat="40.791189" lon="-73.963899">
        <ele>31.6</ele>
        <time>2026-06-13T20:16:18.000Z</time>
      </trkpt>
      <trkpt lat="40.791197" lon="-73.963906">
        <ele>31.6</ele>
        <time>2026-06-13T20:16:19.000Z</time>
      </trkpt>
      <trkpt lat="40.791205" lon="-73.963913">
        <ele>31.6</ele>
        <time>2026-06-13T20:16:20.000Z</time>
      </trkpt>
      <trkpt lat="40.791213" lon="-73.963921">
        <ele>31.6</ele>
        <time>2026-06-13T20:16:21.000Z</time>
      </trkpt>
      <trkpt lat="40.791221" lon="-73.963929">
        <ele>31.6</ele>
        <time>2026-06-13T20:16:22.000Z</time>
      </trkpt>
      <trkpt lat="40.791228" lon="-73.963938">
        <ele>31.6</ele>
        <time>2026-06-13T20:16:23.000Z</time>
      </trkpt>
      <trkpt lat="40.791235" lon="-73.963947">
        <ele>31.6</ele>
        <time>2026-06-13T20:16:24.000Z</time>
      </trkpt>
      <trkpt lat="40.791242" lon="-73.963956">
        <ele>31.6</ele>
        <time>2026-06-13T20:16:25.000Z</time>
      </trkpt>
      <trkpt lat="40.791249" lon="-73.963965">
        <ele>31.6</ele>
        <time>2026-06-13T20:16:26.000Z</time>
      </trkpt>
      <trkpt lat="40.791256" lon="-73.963975">
        <ele>31.6</ele>
        <time>2026-06-13T20:16:27.000Z</time>
      </trkpt>
      <trkpt lat="40.791263" lon="-73.963984">
        <ele>31.6</ele>
        <time>2026-06-13T20:16:28.000Z</time>
      </trkpt>
      <trkpt lat="40.791269" lon="-73.963992">
        <ele>31.6</ele>
        <time>2026-06-13T20:16:29.000Z</time>
      </trkpt>
      <trkpt lat="40.791275" lon="-73.964">
        <ele>31.6</ele>
        <time>2026-06-13T20:16:30.000Z</time>
      </trkpt>
      <trkpt lat="40.79128" lon="-73.964007">
        <ele>31.6</ele>
        <time>2026-06-13T20:16:31.000Z</time>
      </trkpt>
      <trkpt lat="40.791284" lon="-73.964012">
        <ele>31.6</ele>
        <time>2026-06-13T20:16:32.000Z</time>
      </trkpt>
      <trkpt lat="40.791289" lon="-73.964016">
        <ele>31.6</ele>
        <time>2026-06-13T20:16:33.000Z</time>
      </trkpt>
      <trkpt lat="40.791293" lon="-73.964017">
        <ele>31.4</ele>
        <time>2026-06-13T20:16:34.000Z</time>
      </trkpt>
      <trkpt lat="40.791296" lon="-73.964012">
        <ele>31.4</ele>
        <time>2026-06-13T20:16:35.000Z</time>
      </trkpt>
      <trkpt lat="40.791298" lon="-73.964001">
        <ele>31.4</ele>
        <time>2026-06-13T20:16:36.000Z</time>
      </trkpt>
      <trkpt lat="40.7913" lon="-73.963986">
        <ele>31.4</ele>
        <time>2026-06-13T20:16:37.000Z</time>
      </trkpt>
      <trkpt lat="40.791303" lon="-73.963969">
        <ele>31.4</ele>
        <time>2026-06-13T20:16:38.000Z</time>
      </trkpt>
      <trkpt lat="40.791305" lon="-73.963952">
        <ele>31.4</ele>
        <time>2026-06-13T20:16:39.000Z</time>
      </trkpt>
      <trkpt lat="40.791308" lon="-73.963935">
        <ele>31.4</ele>
        <time>2026-06-13T20:16:40.000Z</time>
      </trkpt>
      <trkpt lat="40.791311" lon="-73.963918">
        <ele>31.4</ele>
        <time>2026-06-13T20:16:41.000Z</time>
      </trkpt>
      <trkpt lat="40.791314" lon="-73.963901">
        <ele>31.4</ele>
        <time>2026-06-13T20:16:42.000Z</time>
      </trkpt>
      <trkpt lat="40.791317" lon="-73.963884">
        <ele>31.4</ele>
        <time>2026-06-13T20:16:43.000Z</time>
      </trkpt>
      <trkpt lat="40.791321" lon="-73.963867">
        <ele>31.4</ele>
        <time>2026-06-13T20:16:44.000Z</time>
      </trkpt>
      <trkpt lat="40.791325" lon="-73.96385">
        <ele>31.4</ele>
        <time>2026-06-13T20:16:45.000Z</time>
      </trkpt>
      <trkpt lat="40.791329" lon="-73.963834">
        <ele>31.4</ele>
        <time>2026-06-13T20:16:46.000Z</time>
      </trkpt>
      <trkpt lat="40.791333" lon="-73.963818">
        <ele>31.4</ele>
        <time>2026-06-13T20:16:47.000Z</time>
      </trkpt>
      <trkpt lat="40.791337" lon="-73.963802">
        <ele>31.4</ele>
        <time>2026-06-13T20:16:48.000Z</time>
      </trkpt>
      <trkpt lat="40.791342" lon="-73.963788">
        <ele>31.6</ele>
        <time>2026-06-13T20:16:49.000Z</time>
      </trkpt>
      <trkpt lat="40.791347" lon="-73.963773">
        <ele>31.6</ele>
        <time>2026-06-13T20:16:50.000Z</time>
      </trkpt>
      <trkpt lat="40.791352" lon="-73.963758">
        <ele>31.6</ele>
        <time>2026-06-13T20:16:51.000Z</time>
      </trkpt>
      <trkpt lat="40.791357" lon="-73.963743">
        <ele>31.8</ele>
        <time>2026-06-13T20:16:52.000Z</time>
      </trkpt>
      <trkpt lat="40.791362" lon="-73.963729">
        <ele>31.8</ele>
        <time>2026-06-13T20:16:53.000Z</time>
      </trkpt>
      <trkpt lat="40.791367" lon="-73.963716">
        <ele>31.8</ele>
        <time>2026-06-13T20:16:54.000Z</time>
      </trkpt>
      <trkpt lat="40.791371" lon="-73.963702">
        <ele>32</ele>
        <time>2026-06-13T20:16:55.000Z</time>
      </trkpt>
      <trkpt lat="40.791376" lon="-73.963689">
        <ele>32</ele>
        <time>2026-06-13T20:16:56.000Z</time>
      </trkpt>
      <trkpt lat="40.79138" lon="-73.963676">
        <ele>32.2</ele>
        <time>2026-06-13T20:16:57.000Z</time>
      </trkpt>
      <trkpt lat="40.791383" lon="-73.963663">
        <ele>32.2</ele>
        <time>2026-06-13T20:16:58.000Z</time>
      </trkpt>
      <trkpt lat="40.791387" lon="-73.96365">
        <ele>32.4</ele>
        <time>2026-06-13T20:16:59.000Z</time>
      </trkpt>
      <trkpt lat="40.79139" lon="-73.963637">
        <ele>32.4</ele>
        <time>2026-06-13T20:17:00.000Z</time>
      </trkpt>
      <trkpt lat="40.791393" lon="-73.963626">
        <ele>32.4</ele>
        <time>2026-06-13T20:17:01.000Z</time>
      </trkpt>
      <trkpt lat="40.791396" lon="-73.963615">
        <ele>32.6</ele>
        <time>2026-06-13T20:17:02.000Z</time>
      </trkpt>
      <trkpt lat="40.791399" lon="-73.963604">
        <ele>32.6</ele>
        <time>2026-06-13T20:17:03.000Z</time>
      </trkpt>
      <trkpt lat="40.791401" lon="-73.963593">
        <ele>32.8</ele>
        <time>2026-06-13T20:17:04.000Z</time>
      </trkpt>
      <trkpt lat="40.791403" lon="-73.963581">
        <ele>32.8</ele>
        <time>2026-06-13T20:17:05.000Z</time>
      </trkpt>
      <trkpt lat="40.791405" lon="-73.963568">
        <ele>32.8</ele>
        <time>2026-06-13T20:17:06.000Z</time>
      </trkpt>
      <trkpt lat="40.791407" lon="-73.963556">
        <ele>33</ele>
        <time>2026-06-13T20:17:07.000Z</time>
      </trkpt>
      <trkpt lat="40.791408" lon="-73.963545">
        <ele>33</ele>
        <time>2026-06-13T20:17:08.000Z</time>
      </trkpt>
      <trkpt lat="40.79141" lon="-73.963533">
        <ele>33</ele>
        <time>2026-06-13T20:17:09.000Z</time>
      </trkpt>
      <trkpt lat="40.791411" lon="-73.963521">
        <ele>33.2</ele>
        <time>2026-06-13T20:17:10.000Z</time>
      </trkpt>
      <trkpt lat="40.791411" lon="-73.963509">
        <ele>33.2</ele>
        <time>2026-06-13T20:17:11.000Z</time>
      </trkpt>
      <trkpt lat="40.791412" lon="-73.963496">
        <ele>33.4</ele>
        <time>2026-06-13T20:17:12.000Z</time>
      </trkpt>
      <trkpt lat="40.791412" lon="-73.963483">
        <ele>33.4</ele>
        <time>2026-06-13T20:17:13.000Z</time>
      </trkpt>
      <trkpt lat="40.791411" lon="-73.96347">
        <ele>33.4</ele>
        <time>2026-06-13T20:17:14.000Z</time>
      </trkpt>
      <trkpt lat="40.791411" lon="-73.963457">
        <ele>33.6</ele>
        <time>2026-06-13T20:17:15.000Z</time>
      </trkpt>
      <trkpt lat="40.79141" lon="-73.963445">
        <ele>33.6</ele>
        <time>2026-06-13T20:17:16.000Z</time>
      </trkpt>
      <trkpt lat="40.791409" lon="-73.963432">
        <ele>33.8</ele>
        <time>2026-06-13T20:17:17.000Z</time>
      </trkpt>
      <trkpt lat="40.791407" lon="-73.96342">
        <ele>33.8</ele>
        <time>2026-06-13T20:17:18.000Z</time>
      </trkpt>
      <trkpt lat="40.791406" lon="-73.963407">
        <ele>33.8</ele>
        <time>2026-06-13T20:17:19.000Z</time>
      </trkpt>
      <trkpt lat="40.791404" lon="-73.963393">
        <ele>34</ele>
        <time>2026-06-13T20:17:20.000Z</time>
      </trkpt>
      <trkpt lat="40.791402" lon="-73.963379">
        <ele>34</ele>
        <time>2026-06-13T20:17:21.000Z</time>
      </trkpt>
      <trkpt lat="40.791399" lon="-73.963366">
        <ele>34</ele>
        <time>2026-06-13T20:17:22.000Z</time>
      </trkpt>
      <trkpt lat="40.791397" lon="-73.963355">
        <ele>34.2</ele>
        <time>2026-06-13T20:17:23.000Z</time>
      </trkpt>
      <trkpt lat="40.791396" lon="-73.963347">
        <ele>34.2</ele>
        <time>2026-06-13T20:17:24.000Z</time>
      </trkpt>
      <trkpt lat="40.791394" lon="-73.963338">
        <ele>34.2</ele>
        <time>2026-06-13T20:17:25.000Z</time>
      </trkpt>
      <trkpt lat="40.791392" lon="-73.963329">
        <ele>34.2</ele>
        <time>2026-06-13T20:17:26.000Z</time>
      </trkpt>
      <trkpt lat="40.79139" lon="-73.963321">
        <ele>34.2</ele>
        <time>2026-06-13T20:17:27.000Z</time>
      </trkpt>
      <trkpt lat="40.791387" lon="-73.963312">
        <ele>34.2</ele>
        <time>2026-06-13T20:17:28.000Z</time>
      </trkpt>
      <trkpt lat="40.791384" lon="-73.963302">
        <ele>34.2</ele>
        <time>2026-06-13T20:17:29.000Z</time>
      </trkpt>
      <trkpt lat="40.79138" lon="-73.963291">
        <ele>34</ele>
        <time>2026-06-13T20:17:30.000Z</time>
      </trkpt>
      <trkpt lat="40.791376" lon="-73.963278">
        <ele>34</ele>
        <time>2026-06-13T20:17:31.000Z</time>
      </trkpt>
      <trkpt lat="40.791371" lon="-73.963265">
        <ele>34</ele>
        <time>2026-06-13T20:17:32.000Z</time>
      </trkpt>
      <trkpt lat="40.791367" lon="-73.963249">
        <ele>33.8</ele>
        <time>2026-06-13T20:17:33.000Z</time>
      </trkpt>
      <trkpt lat="40.791363" lon="-73.963233">
        <ele>33.8</ele>
        <time>2026-06-13T20:17:34.000Z</time>
      </trkpt>
      <trkpt lat="40.791359" lon="-73.963218">
        <ele>33.8</ele>
        <time>2026-06-13T20:17:35.000Z</time>
      </trkpt>
      <trkpt lat="40.791356" lon="-73.963203">
        <ele>33.6</ele>
        <time>2026-06-13T20:17:36.000Z</time>
      </trkpt>
      <trkpt lat="40.791354" lon="-73.963188">
        <ele>33.6</ele>
        <time>2026-06-13T20:17:37.000Z</time>
      </trkpt>
      <trkpt lat="40.791352" lon="-73.963174">
        <ele>33.6</ele>
        <time>2026-06-13T20:17:38.000Z</time>
      </trkpt>
      <trkpt lat="40.791351" lon="-73.963159">
        <ele>33.4</ele>
        <time>2026-06-13T20:17:39.000Z</time>
      </trkpt>
      <trkpt lat="40.79135" lon="-73.963142">
        <ele>33.4</ele>
        <time>2026-06-13T20:17:40.000Z</time>
      </trkpt>
      <trkpt lat="40.79135" lon="-73.963126">
        <ele>33.4</ele>
        <time>2026-06-13T20:17:41.000Z</time>
      </trkpt>
      <trkpt lat="40.791352" lon="-73.963109">
        <ele>33.4</ele>
        <time>2026-06-13T20:17:42.000Z</time>
      </trkpt>
      <trkpt lat="40.791354" lon="-73.963093">
        <ele>33.2</ele>
        <time>2026-06-13T20:17:43.000Z</time>
      </trkpt>
      <trkpt lat="40.791356" lon="-73.963078">
        <ele>33.2</ele>
        <time>2026-06-13T20:17:44.000Z</time>
      </trkpt>
      <trkpt lat="40.791359" lon="-73.963063">
        <ele>33.2</ele>
        <time>2026-06-13T20:17:45.000Z</time>
      </trkpt>
      <trkpt lat="40.791362" lon="-73.963049">
        <ele>33.2</ele>
        <time>2026-06-13T20:17:46.000Z</time>
      </trkpt>
      <trkpt lat="40.791366" lon="-73.963035">
        <ele>33.2</ele>
        <time>2026-06-13T20:17:47.000Z</time>
      </trkpt>
      <trkpt lat="40.791371" lon="-73.963021">
        <ele>33.2</ele>
        <time>2026-06-13T20:17:48.000Z</time>
      </trkpt>
      <trkpt lat="40.791376" lon="-73.963007">
        <ele>33.2</ele>
        <time>2026-06-13T20:17:49.000Z</time>
      </trkpt>
      <trkpt lat="40.791381" lon="-73.962994">
        <ele>33.2</ele>
        <time>2026-06-13T20:17:50.000Z</time>
      </trkpt>
      <trkpt lat="40.791387" lon="-73.962981">
        <ele>33.2</ele>
        <time>2026-06-13T20:17:51.000Z</time>
      </trkpt>
      <trkpt lat="40.791392" lon="-73.962969">
        <ele>33.2</ele>
        <time>2026-06-13T20:17:52.000Z</time>
      </trkpt>
      <trkpt lat="40.791397" lon="-73.962957">
        <ele>33.4</ele>
        <time>2026-06-13T20:17:53.000Z</time>
      </trkpt>
      <trkpt lat="40.791402" lon="-73.962946">
        <ele>33.4</ele>
        <time>2026-06-13T20:17:54.000Z</time>
      </trkpt>
      <trkpt lat="40.791408" lon="-73.962935">
        <ele>33.4</ele>
        <time>2026-06-13T20:17:55.000Z</time>
      </trkpt>
      <trkpt lat="40.791414" lon="-73.962923">
        <ele>33.4</ele>
        <time>2026-06-13T20:17:56.000Z</time>
      </trkpt>
      <trkpt lat="40.79142" lon="-73.962912">
        <ele>33.4</ele>
        <time>2026-06-13T20:17:57.000Z</time>
      </trkpt>
      <trkpt lat="40.791426" lon="-73.962901">
        <ele>33.6</ele>
        <time>2026-06-13T20:17:58.000Z</time>
      </trkpt>
      <trkpt lat="40.791432" lon="-73.96289">
        <ele>33.6</ele>
        <time>2026-06-13T20:17:59.000Z</time>
      </trkpt>
      <trkpt lat="40.791438" lon="-73.962879">
        <ele>33.6</ele>
        <time>2026-06-13T20:18:00.000Z</time>
      </trkpt>
      <trkpt lat="40.791444" lon="-73.962869">
        <ele>33.6</ele>
        <time>2026-06-13T20:18:01.000Z</time>
      </trkpt>
      <trkpt lat="40.79145" lon="-73.96286">
        <ele>33.6</ele>
        <time>2026-06-13T20:18:02.000Z</time>
      </trkpt>
      <trkpt lat="40.791456" lon="-73.962851">
        <ele>33.8</ele>
        <time>2026-06-13T20:18:03.000Z</time>
      </trkpt>
      <trkpt lat="40.791463" lon="-73.962841">
        <ele>33.8</ele>
        <time>2026-06-13T20:18:04.000Z</time>
      </trkpt>
      <trkpt lat="40.791474" lon="-73.962824">
        <ele>33.8</ele>
        <time>2026-06-13T20:18:05.000Z</time>
      </trkpt>
      <trkpt lat="40.79148" lon="-73.962817">
        <ele>33.8</ele>
        <time>2026-06-13T20:18:06.000Z</time>
      </trkpt>
      <trkpt lat="40.791485" lon="-73.962809">
        <ele>33.8</ele>
        <time>2026-06-13T20:18:07.000Z</time>
      </trkpt>
      <trkpt lat="40.791491" lon="-73.962802">
        <ele>33.8</ele>
        <time>2026-06-13T20:18:08.000Z</time>
      </trkpt>
      <trkpt lat="40.791496" lon="-73.962794">
        <ele>33.6</ele>
        <time>2026-06-13T20:18:09.000Z</time>
      </trkpt>
      <trkpt lat="40.791503" lon="-73.962784">
        <ele>33.6</ele>
        <time>2026-06-13T20:18:10.000Z</time>
      </trkpt>
      <trkpt lat="40.79151" lon="-73.962774">
        <ele>33.6</ele>
        <time>2026-06-13T20:18:11.000Z</time>
      </trkpt>
      <trkpt lat="40.791518" lon="-73.962764">
        <ele>33.6</ele>
        <time>2026-06-13T20:18:12.000Z</time>
      </trkpt>
      <trkpt lat="40.791525" lon="-73.962754">
        <ele>33.6</ele>
        <time>2026-06-13T20:18:13.000Z</time>
      </trkpt>
      <trkpt lat="40.791533" lon="-73.962745">
        <ele>33.4</ele>
        <time>2026-06-13T20:18:14.000Z</time>
      </trkpt>
      <trkpt lat="40.791546" lon="-73.962731">
        <ele>33.4</ele>
        <time>2026-06-13T20:18:15.000Z</time>
      </trkpt>
      <trkpt lat="40.791552" lon="-73.962725">
        <ele>33.4</ele>
        <time>2026-06-13T20:18:16.000Z</time>
      </trkpt>
      <trkpt lat="40.791558" lon="-73.962719">
        <ele>33.4</ele>
        <time>2026-06-13T20:18:17.000Z</time>
      </trkpt>
      <trkpt lat="40.791568" lon="-73.96271">
        <ele>33.2</ele>
        <time>2026-06-13T20:18:18.000Z</time>
      </trkpt>
      <trkpt lat="40.791577" lon="-73.962701">
        <ele>33.2</ele>
        <time>2026-06-13T20:18:19.000Z</time>
      </trkpt>
      <trkpt lat="40.791587" lon="-73.962694">
        <ele>33.2</ele>
        <time>2026-06-13T20:18:20.000Z</time>
      </trkpt>
      <trkpt lat="40.791596" lon="-73.962686">
        <ele>33.2</ele>
        <time>2026-06-13T20:18:21.000Z</time>
      </trkpt>
      <trkpt lat="40.791606" lon="-73.962679">
        <ele>33</ele>
        <time>2026-06-13T20:18:22.000Z</time>
      </trkpt>
      <trkpt lat="40.791616" lon="-73.962673">
        <ele>33</ele>
        <time>2026-06-13T20:18:23.000Z</time>
      </trkpt>
      <trkpt lat="40.791626" lon="-73.962666">
        <ele>33</ele>
        <time>2026-06-13T20:18:24.000Z</time>
      </trkpt>
      <trkpt lat="40.791636" lon="-73.96266">
        <ele>33</ele>
        <time>2026-06-13T20:18:25.000Z</time>
      </trkpt>
      <trkpt lat="40.791645" lon="-73.962654">
        <ele>33</ele>
        <time>2026-06-13T20:18:26.000Z</time>
      </trkpt>
      <trkpt lat="40.791654" lon="-73.962648">
        <ele>33</ele>
        <time>2026-06-13T20:18:27.000Z</time>
      </trkpt>
      <trkpt lat="40.791664" lon="-73.962642">
        <ele>33</ele>
        <time>2026-06-13T20:18:28.000Z</time>
      </trkpt>
      <trkpt lat="40.791674" lon="-73.962636">
        <ele>33</ele>
        <time>2026-06-13T20:18:29.000Z</time>
      </trkpt>
      <trkpt lat="40.791684" lon="-73.962631">
        <ele>33.2</ele>
        <time>2026-06-13T20:18:30.000Z</time>
      </trkpt>
      <trkpt lat="40.791694" lon="-73.962625">
        <ele>33.2</ele>
        <time>2026-06-13T20:18:31.000Z</time>
      </trkpt>
      <trkpt lat="40.791703" lon="-73.962619">
        <ele>33.2</ele>
        <time>2026-06-13T20:18:32.000Z</time>
      </trkpt>
      <trkpt lat="40.791713" lon="-73.962614">
        <ele>33.2</ele>
        <time>2026-06-13T20:18:33.000Z</time>
      </trkpt>
      <trkpt lat="40.791723" lon="-73.962608">
        <ele>33.2</ele>
        <time>2026-06-13T20:18:34.000Z</time>
      </trkpt>
      <trkpt lat="40.791732" lon="-73.962603">
        <ele>33.2</ele>
        <time>2026-06-13T20:18:35.000Z</time>
      </trkpt>
      <trkpt lat="40.791742" lon="-73.962597">
        <ele>33.2</ele>
        <time>2026-06-13T20:18:36.000Z</time>
      </trkpt>
      <trkpt lat="40.791752" lon="-73.962592">
        <ele>33.2</ele>
        <time>2026-06-13T20:18:37.000Z</time>
      </trkpt>
      <trkpt lat="40.791761" lon="-73.962586">
        <ele>33.4</ele>
        <time>2026-06-13T20:18:38.000Z</time>
      </trkpt>
      <trkpt lat="40.791771" lon="-73.962581">
        <ele>33.4</ele>
        <time>2026-06-13T20:18:39.000Z</time>
      </trkpt>
      <trkpt lat="40.791779" lon="-73.962577">
        <ele>33.4</ele>
        <time>2026-06-13T20:18:40.000Z</time>
      </trkpt>
      <trkpt lat="40.791788" lon="-73.962573">
        <ele>33.4</ele>
        <time>2026-06-13T20:18:41.000Z</time>
      </trkpt>
      <trkpt lat="40.791797" lon="-73.962569">
        <ele>33.4</ele>
        <time>2026-06-13T20:18:42.000Z</time>
      </trkpt>
      <trkpt lat="40.791805" lon="-73.962566">
        <ele>33.4</ele>
        <time>2026-06-13T20:18:43.000Z</time>
      </trkpt>
      <trkpt lat="40.791812" lon="-73.962563">
        <ele>33.4</ele>
        <time>2026-06-13T20:18:44.000Z</time>
      </trkpt>
      <trkpt lat="40.791819" lon="-73.96256">
        <ele>33.2</ele>
        <time>2026-06-13T20:18:45.000Z</time>
      </trkpt>
      <trkpt lat="40.791824" lon="-73.962558">
        <ele>33.2</ele>
        <time>2026-06-13T20:18:46.000Z</time>
      </trkpt>
      <trkpt lat="40.79183" lon="-73.962557">
        <ele>33.2</ele>
        <time>2026-06-13T20:18:47.000Z</time>
      </trkpt>
      <trkpt lat="40.791836" lon="-73.962558">
        <ele>33.2</ele>
        <time>2026-06-13T20:18:48.000Z</time>
      </trkpt>
      <trkpt lat="40.791842" lon="-73.962562">
        <ele>33.2</ele>
        <time>2026-06-13T20:18:49.000Z</time>
      </trkpt>
      <trkpt lat="40.791849" lon="-73.962565">
        <ele>33.2</ele>
        <time>2026-06-13T20:18:50.000Z</time>
      </trkpt>
      <trkpt lat="40.791857" lon="-73.962564">
        <ele>33</ele>
        <time>2026-06-13T20:18:51.000Z</time>
      </trkpt>
      <trkpt lat="40.791864" lon="-73.962564">
        <ele>33</ele>
        <time>2026-06-13T20:18:52.000Z</time>
      </trkpt>
      <trkpt lat="40.791871" lon="-73.962565">
        <ele>33</ele>
        <time>2026-06-13T20:18:53.000Z</time>
      </trkpt>
      <trkpt lat="40.791877" lon="-73.962572">
        <ele>33</ele>
        <time>2026-06-13T20:18:54.000Z</time>
      </trkpt>
      <trkpt lat="40.791884" lon="-73.962583">
        <ele>32.8</ele>
        <time>2026-06-13T20:18:55.000Z</time>
      </trkpt>
      <trkpt lat="40.791891" lon="-73.962596">
        <ele>32.8</ele>
        <time>2026-06-13T20:18:56.000Z</time>
      </trkpt>
      <trkpt lat="40.7919" lon="-73.96261">
        <ele>32.8</ele>
        <time>2026-06-13T20:18:57.000Z</time>
      </trkpt>
      <trkpt lat="40.791908" lon="-73.962626">
        <ele>32.8</ele>
        <time>2026-06-13T20:18:58.000Z</time>
      </trkpt>
      <trkpt lat="40.791916" lon="-73.962643">
        <ele>32.6</ele>
        <time>2026-06-13T20:18:59.000Z</time>
      </trkpt>
      <trkpt lat="40.791925" lon="-73.96266">
        <ele>32.6</ele>
        <time>2026-06-13T20:19:00.000Z</time>
      </trkpt>
      <trkpt lat="40.791933" lon="-73.962678">
        <ele>32.6</ele>
        <time>2026-06-13T20:19:01.000Z</time>
      </trkpt>
      <trkpt lat="40.791941" lon="-73.962695">
        <ele>32.6</ele>
        <time>2026-06-13T20:19:02.000Z</time>
      </trkpt>
      <trkpt lat="40.791948" lon="-73.962712">
        <ele>32.4</ele>
        <time>2026-06-13T20:19:03.000Z</time>
      </trkpt>
      <trkpt lat="40.791955" lon="-73.962726">
        <ele>32.4</ele>
        <time>2026-06-13T20:19:04.000Z</time>
      </trkpt>
      <trkpt lat="40.791961" lon="-73.962739">
        <ele>32.4</ele>
        <time>2026-06-13T20:19:05.000Z</time>
      </trkpt>
      <trkpt lat="40.791967" lon="-73.962751">
        <ele>32.4</ele>
        <time>2026-06-13T20:19:06.000Z</time>
      </trkpt>
      <trkpt lat="40.791973" lon="-73.962764">
        <ele>32.4</ele>
        <time>2026-06-13T20:19:07.000Z</time>
      </trkpt>
      <trkpt lat="40.791978" lon="-73.962778">
        <ele>32.2</ele>
        <time>2026-06-13T20:19:08.000Z</time>
      </trkpt>
      <trkpt lat="40.791984" lon="-73.962793">
        <ele>32.2</ele>
        <time>2026-06-13T20:19:09.000Z</time>
      </trkpt>
      <trkpt lat="40.791989" lon="-73.962808">
        <ele>32.2</ele>
        <time>2026-06-13T20:19:10.000Z</time>
      </trkpt>
      <trkpt lat="40.791994" lon="-73.962823">
        <ele>32.4</ele>
        <time>2026-06-13T20:19:11.000Z</time>
      </trkpt>
      <trkpt lat="40.791999" lon="-73.962838">
        <ele>32.4</ele>
        <time>2026-06-13T20:19:12.000Z</time>
      </trkpt>
      <trkpt lat="40.792003" lon="-73.962853">
        <ele>32.4</ele>
        <time>2026-06-13T20:19:13.000Z</time>
      </trkpt>
      <trkpt lat="40.792006" lon="-73.962868">
        <ele>32.4</ele>
        <time>2026-06-13T20:19:14.000Z</time>
      </trkpt>
      <trkpt lat="40.79201" lon="-73.962883">
        <ele>32.4</ele>
        <time>2026-06-13T20:19:15.000Z</time>
      </trkpt>
      <trkpt lat="40.792013" lon="-73.962898">
        <ele>32.6</ele>
        <time>2026-06-13T20:19:16.000Z</time>
      </trkpt>
      <trkpt lat="40.792017" lon="-73.962914">
        <ele>32.6</ele>
        <time>2026-06-13T20:19:17.000Z</time>
      </trkpt>
      <trkpt lat="40.792021" lon="-73.962929">
        <ele>32.8</ele>
        <time>2026-06-13T20:19:18.000Z</time>
      </trkpt>
      <trkpt lat="40.792025" lon="-73.962945">
        <ele>32.8</ele>
        <time>2026-06-13T20:19:19.000Z</time>
      </trkpt>
      <trkpt lat="40.792029" lon="-73.96296">
        <ele>32.8</ele>
        <time>2026-06-13T20:19:20.000Z</time>
      </trkpt>
      <trkpt lat="40.792034" lon="-73.962975">
        <ele>33</ele>
        <time>2026-06-13T20:19:21.000Z</time>
      </trkpt>
      <trkpt lat="40.792039" lon="-73.962989">
        <ele>33</ele>
        <time>2026-06-13T20:19:22.000Z</time>
      </trkpt>
      <trkpt lat="40.792044" lon="-73.963003">
        <ele>33.2</ele>
        <time>2026-06-13T20:19:23.000Z</time>
      </trkpt>
      <trkpt lat="40.792049" lon="-73.963015">
        <ele>33.2</ele>
        <time>2026-06-13T20:19:24.000Z</time>
      </trkpt>
      <trkpt lat="40.792055" lon="-73.963026">
        <ele>33.2</ele>
        <time>2026-06-13T20:19:25.000Z</time>
      </trkpt>
      <trkpt lat="40.79206" lon="-73.963038">
        <ele>33.4</ele>
        <time>2026-06-13T20:19:26.000Z</time>
      </trkpt>
      <trkpt lat="40.792066" lon="-73.963049">
        <ele>33.4</ele>
        <time>2026-06-13T20:19:27.000Z</time>
      </trkpt>
      <trkpt lat="40.792073" lon="-73.96306">
        <ele>33.6</ele>
        <time>2026-06-13T20:19:28.000Z</time>
      </trkpt>
      <trkpt lat="40.792079" lon="-73.96307">
        <ele>33.6</ele>
        <time>2026-06-13T20:19:29.000Z</time>
      </trkpt>
      <trkpt lat="40.792086" lon="-73.963081">
        <ele>33.6</ele>
        <time>2026-06-13T20:19:30.000Z</time>
      </trkpt>
      <trkpt lat="40.792093" lon="-73.963091">
        <ele>33.8</ele>
        <time>2026-06-13T20:19:31.000Z</time>
      </trkpt>
      <trkpt lat="40.792101" lon="-73.963102">
        <ele>33.8</ele>
        <time>2026-06-13T20:19:32.000Z</time>
      </trkpt>
      <trkpt lat="40.792109" lon="-73.963113">
        <ele>33.8</ele>
        <time>2026-06-13T20:19:33.000Z</time>
      </trkpt>
      <trkpt lat="40.792116" lon="-73.963123">
        <ele>33.8</ele>
        <time>2026-06-13T20:19:34.000Z</time>
      </trkpt>
      <trkpt lat="40.792124" lon="-73.963131">
        <ele>34</ele>
        <time>2026-06-13T20:19:35.000Z</time>
      </trkpt>
      <trkpt lat="40.792133" lon="-73.963139">
        <ele>34</ele>
        <time>2026-06-13T20:19:36.000Z</time>
      </trkpt>
      <trkpt lat="40.792141" lon="-73.963147">
        <ele>34</ele>
        <time>2026-06-13T20:19:37.000Z</time>
      </trkpt>
      <trkpt lat="40.792148" lon="-73.963153">
        <ele>34</ele>
        <time>2026-06-13T20:19:38.000Z</time>
      </trkpt>
      <trkpt lat="40.792155" lon="-73.963159">
        <ele>34</ele>
        <time>2026-06-13T20:19:39.000Z</time>
      </trkpt>
      <trkpt lat="40.792161" lon="-73.963163">
        <ele>34</ele>
        <time>2026-06-13T20:19:40.000Z</time>
      </trkpt>
      <trkpt lat="40.792168" lon="-73.963166">
        <ele>34</ele>
        <time>2026-06-13T20:19:41.000Z</time>
      </trkpt>
      <trkpt lat="40.792174" lon="-73.963169">
        <ele>34</ele>
        <time>2026-06-13T20:19:42.000Z</time>
      </trkpt>
      <trkpt lat="40.79218" lon="-73.963171">
        <ele>34</ele>
        <time>2026-06-13T20:19:43.000Z</time>
      </trkpt>
      <trkpt lat="40.792187" lon="-73.963174">
        <ele>34</ele>
        <time>2026-06-13T20:19:44.000Z</time>
      </trkpt>
      <trkpt lat="40.792193" lon="-73.963176">
        <ele>33.8</ele>
        <time>2026-06-13T20:19:45.000Z</time>
      </trkpt>
      <trkpt lat="40.792199" lon="-73.963178">
        <ele>33.8</ele>
        <time>2026-06-13T20:19:46.000Z</time>
      </trkpt>
      <trkpt lat="40.792205" lon="-73.963181">
        <ele>33.6</ele>
        <time>2026-06-13T20:19:47.000Z</time>
      </trkpt>
      <trkpt lat="40.792212" lon="-73.963183">
        <ele>33.6</ele>
        <time>2026-06-13T20:19:48.000Z</time>
      </trkpt>
      <trkpt lat="40.792219" lon="-73.963185">
        <ele>33.4</ele>
        <time>2026-06-13T20:19:49.000Z</time>
      </trkpt>
      <trkpt lat="40.792227" lon="-73.963187">
        <ele>33.4</ele>
        <time>2026-06-13T20:19:50.000Z</time>
      </trkpt>
      <trkpt lat="40.792236" lon="-73.963189">
        <ele>33.2</ele>
        <time>2026-06-13T20:19:51.000Z</time>
      </trkpt>
      <trkpt lat="40.792244" lon="-73.96319">
        <ele>33</ele>
        <time>2026-06-13T20:19:52.000Z</time>
      </trkpt>
      <trkpt lat="40.792251" lon="-73.963191">
        <ele>32.8</ele>
        <time>2026-06-13T20:19:53.000Z</time>
      </trkpt>
      <trkpt lat="40.792257" lon="-73.963191">
        <ele>32.6</ele>
        <time>2026-06-13T20:19:54.000Z</time>
      </trkpt>
      <trkpt lat="40.792265" lon="-73.963192">
        <ele>32.6</ele>
        <time>2026-06-13T20:19:55.000Z</time>
      </trkpt>
      <trkpt lat="40.792274" lon="-73.963191">
        <ele>32.4</ele>
        <time>2026-06-13T20:19:56.000Z</time>
      </trkpt>
      <trkpt lat="40.792286" lon="-73.963191">
        <ele>32.2</ele>
        <time>2026-06-13T20:19:57.000Z</time>
      </trkpt>
      <trkpt lat="40.792307" lon="-73.963191">
        <ele>32</ele>
        <time>2026-06-13T20:19:58.000Z</time>
      </trkpt>
      <trkpt lat="40.792316" lon="-73.96319">
        <ele>31.8</ele>
        <time>2026-06-13T20:19:59.000Z</time>
      </trkpt>
      <trkpt lat="40.792324" lon="-73.96319">
        <ele>31.6</ele>
        <time>2026-06-13T20:20:00.000Z</time>
      </trkpt>
      <trkpt lat="40.792336" lon="-73.963189">
        <ele>31.6</ele>
        <time>2026-06-13T20:20:01.000Z</time>
      </trkpt>
      <trkpt lat="40.792347" lon="-73.963188">
        <ele>31.4</ele>
        <time>2026-06-13T20:20:02.000Z</time>
      </trkpt>
      <trkpt lat="40.792358" lon="-73.963187">
        <ele>31.4</ele>
        <time>2026-06-13T20:20:03.000Z</time>
      </trkpt>
      <trkpt lat="40.792369" lon="-73.963185">
        <ele>31.2</ele>
        <time>2026-06-13T20:20:04.000Z</time>
      </trkpt>
      <trkpt lat="40.79238" lon="-73.963182">
        <ele>31.2</ele>
        <time>2026-06-13T20:20:05.000Z</time>
      </trkpt>
      <trkpt lat="40.792391" lon="-73.963179">
        <ele>31.2</ele>
        <time>2026-06-13T20:20:06.000Z</time>
      </trkpt>
      <trkpt lat="40.792402" lon="-73.963176">
        <ele>31.2</ele>
        <time>2026-06-13T20:20:07.000Z</time>
      </trkpt>
      <trkpt lat="40.792412" lon="-73.963173">
        <ele>31</ele>
        <time>2026-06-13T20:20:08.000Z</time>
      </trkpt>
      <trkpt lat="40.792422" lon="-73.96317">
        <ele>31</ele>
        <time>2026-06-13T20:20:09.000Z</time>
      </trkpt>
      <trkpt lat="40.792432" lon="-73.963166">
        <ele>31</ele>
        <time>2026-06-13T20:20:10.000Z</time>
      </trkpt>
      <trkpt lat="40.792442" lon="-73.963162">
        <ele>31</ele>
        <time>2026-06-13T20:20:11.000Z</time>
      </trkpt>
      <trkpt lat="40.792451" lon="-73.963159">
        <ele>31</ele>
        <time>2026-06-13T20:20:12.000Z</time>
      </trkpt>
      <trkpt lat="40.79246" lon="-73.963155">
        <ele>31</ele>
        <time>2026-06-13T20:20:13.000Z</time>
      </trkpt>
      <trkpt lat="40.792469" lon="-73.963152">
        <ele>30.8</ele>
        <time>2026-06-13T20:20:14.000Z</time>
      </trkpt>
      <trkpt lat="40.792478" lon="-73.963148">
        <ele>30.8</ele>
        <time>2026-06-13T20:20:15.000Z</time>
      </trkpt>
      <trkpt lat="40.792487" lon="-73.963145">
        <ele>30.8</ele>
        <time>2026-06-13T20:20:16.000Z</time>
      </trkpt>
      <trkpt lat="40.792497" lon="-73.963142">
        <ele>30.8</ele>
        <time>2026-06-13T20:20:17.000Z</time>
      </trkpt>
      <trkpt lat="40.792507" lon="-73.963138">
        <ele>30.6</ele>
        <time>2026-06-13T20:20:18.000Z</time>
      </trkpt>
      <trkpt lat="40.792518" lon="-73.963134">
        <ele>30.6</ele>
        <time>2026-06-13T20:20:19.000Z</time>
      </trkpt>
      <trkpt lat="40.792528" lon="-73.963131">
        <ele>30.6</ele>
        <time>2026-06-13T20:20:20.000Z</time>
      </trkpt>
      <trkpt lat="40.792538" lon="-73.963127">
        <ele>30.6</ele>
        <time>2026-06-13T20:20:21.000Z</time>
      </trkpt>
      <trkpt lat="40.792548" lon="-73.963124">
        <ele>30.4</ele>
        <time>2026-06-13T20:20:22.000Z</time>
      </trkpt>
      <trkpt lat="40.792559" lon="-73.963121">
        <ele>30.4</ele>
        <time>2026-06-13T20:20:23.000Z</time>
      </trkpt>
      <trkpt lat="40.792569" lon="-73.963117">
        <ele>30.4</ele>
        <time>2026-06-13T20:20:24.000Z</time>
      </trkpt>
      <trkpt lat="40.792581" lon="-73.963113">
        <ele>30.4</ele>
        <time>2026-06-13T20:20:25.000Z</time>
      </trkpt>
      <trkpt lat="40.792592" lon="-73.963108">
        <ele>30.2</ele>
        <time>2026-06-13T20:20:26.000Z</time>
      </trkpt>
      <trkpt lat="40.79261" lon="-73.963101">
        <ele>30.2</ele>
        <time>2026-06-13T20:20:27.000Z</time>
      </trkpt>
      <trkpt lat="40.792615" lon="-73.963099">
        <ele>30.2</ele>
        <time>2026-06-13T20:20:28.000Z</time>
      </trkpt>
      <trkpt lat="40.792625" lon="-73.963093">
        <ele>30.2</ele>
        <time>2026-06-13T20:20:29.000Z</time>
      </trkpt>
      <trkpt lat="40.792636" lon="-73.963088">
        <ele>30.2</ele>
        <time>2026-06-13T20:20:30.000Z</time>
      </trkpt>
      <trkpt lat="40.792646" lon="-73.963082">
        <ele>30</ele>
        <time>2026-06-13T20:20:31.000Z</time>
      </trkpt>
      <trkpt lat="40.792656" lon="-73.963077">
        <ele>30</ele>
        <time>2026-06-13T20:20:32.000Z</time>
      </trkpt>
      <trkpt lat="40.792664" lon="-73.963072">
        <ele>30</ele>
        <time>2026-06-13T20:20:33.000Z</time>
      </trkpt>
      <trkpt lat="40.792673" lon="-73.963067">
        <ele>30</ele>
        <time>2026-06-13T20:20:34.000Z</time>
      </trkpt>
      <trkpt lat="40.792683" lon="-73.963062">
        <ele>30</ele>
        <time>2026-06-13T20:20:35.000Z</time>
      </trkpt>
      <trkpt lat="40.792692" lon="-73.963056">
        <ele>30</ele>
        <time>2026-06-13T20:20:36.000Z</time>
      </trkpt>
      <trkpt lat="40.792701" lon="-73.963051">
        <ele>29.8</ele>
        <time>2026-06-13T20:20:37.000Z</time>
      </trkpt>
      <trkpt lat="40.79271" lon="-73.963045">
        <ele>29.8</ele>
        <time>2026-06-13T20:20:38.000Z</time>
      </trkpt>
      <trkpt lat="40.792719" lon="-73.96304">
        <ele>29.8</ele>
        <time>2026-06-13T20:20:39.000Z</time>
      </trkpt>
      <trkpt lat="40.792729" lon="-73.963034">
        <ele>29.8</ele>
        <time>2026-06-13T20:20:40.000Z</time>
      </trkpt>
      <trkpt lat="40.792738" lon="-73.963028">
        <ele>29.6</ele>
        <time>2026-06-13T20:20:41.000Z</time>
      </trkpt>
      <trkpt lat="40.792747" lon="-73.963022">
        <ele>29.6</ele>
        <time>2026-06-13T20:20:42.000Z</time>
      </trkpt>
      <trkpt lat="40.792757" lon="-73.963017">
        <ele>29.6</ele>
        <time>2026-06-13T20:20:43.000Z</time>
      </trkpt>
      <trkpt lat="40.792766" lon="-73.963011">
        <ele>29.6</ele>
        <time>2026-06-13T20:20:44.000Z</time>
      </trkpt>
      <trkpt lat="40.792775" lon="-73.963005">
        <ele>29.4</ele>
        <time>2026-06-13T20:20:45.000Z</time>
      </trkpt>
      <trkpt lat="40.792784" lon="-73.962999">
        <ele>29.4</ele>
        <time>2026-06-13T20:20:46.000Z</time>
      </trkpt>
      <trkpt lat="40.792794" lon="-73.962993">
        <ele>29.4</ele>
        <time>2026-06-13T20:20:47.000Z</time>
      </trkpt>
      <trkpt lat="40.792803" lon="-73.962986">
        <ele>29.4</ele>
        <time>2026-06-13T20:20:48.000Z</time>
      </trkpt>
      <trkpt lat="40.792813" lon="-73.96298">
        <ele>29.2</ele>
        <time>2026-06-13T20:20:49.000Z</time>
      </trkpt>
      <trkpt lat="40.792822" lon="-73.962974">
        <ele>29.2</ele>
        <time>2026-06-13T20:20:50.000Z</time>
      </trkpt>
      <trkpt lat="40.792832" lon="-73.962967">
        <ele>29.2</ele>
        <time>2026-06-13T20:20:51.000Z</time>
      </trkpt>
      <trkpt lat="40.792841" lon="-73.962961">
        <ele>29.2</ele>
        <time>2026-06-13T20:20:52.000Z</time>
      </trkpt>
      <trkpt lat="40.79285" lon="-73.962955">
        <ele>29.2</ele>
        <time>2026-06-13T20:20:53.000Z</time>
      </trkpt>
      <trkpt lat="40.792859" lon="-73.962949">
        <ele>29.2</ele>
        <time>2026-06-13T20:20:54.000Z</time>
      </trkpt>
      <trkpt lat="40.792868" lon="-73.962943">
        <ele>29</ele>
        <time>2026-06-13T20:20:55.000Z</time>
      </trkpt>
      <trkpt lat="40.792878" lon="-73.962937">
        <ele>29</ele>
        <time>2026-06-13T20:20:56.000Z</time>
      </trkpt>
      <trkpt lat="40.792887" lon="-73.96293">
        <ele>29</ele>
        <time>2026-06-13T20:20:57.000Z</time>
      </trkpt>
      <trkpt lat="40.792896" lon="-73.962924">
        <ele>29</ele>
        <time>2026-06-13T20:20:58.000Z</time>
      </trkpt>
      <trkpt lat="40.792905" lon="-73.962917">
        <ele>28.8</ele>
        <time>2026-06-13T20:20:59.000Z</time>
      </trkpt>
      <trkpt lat="40.792915" lon="-73.96291">
        <ele>28.8</ele>
        <time>2026-06-13T20:21:00.000Z</time>
      </trkpt>
      <trkpt lat="40.792924" lon="-73.962903">
        <ele>28.8</ele>
        <time>2026-06-13T20:21:01.000Z</time>
      </trkpt>
      <trkpt lat="40.792933" lon="-73.962897">
        <ele>28.8</ele>
        <time>2026-06-13T20:21:02.000Z</time>
      </trkpt>
      <trkpt lat="40.792942" lon="-73.96289">
        <ele>28.8</ele>
        <time>2026-06-13T20:21:03.000Z</time>
      </trkpt>
      <trkpt lat="40.792952" lon="-73.962883">
        <ele>28.8</ele>
        <time>2026-06-13T20:21:04.000Z</time>
      </trkpt>
      <trkpt lat="40.792962" lon="-73.962876">
        <ele>28.6</ele>
        <time>2026-06-13T20:21:05.000Z</time>
      </trkpt>
      <trkpt lat="40.792971" lon="-73.962868">
        <ele>28.6</ele>
        <time>2026-06-13T20:21:06.000Z</time>
      </trkpt>
      <trkpt lat="40.792981" lon="-73.962861">
        <ele>28.6</ele>
        <time>2026-06-13T20:21:07.000Z</time>
      </trkpt>
      <trkpt lat="40.79299" lon="-73.962854">
        <ele>28.6</ele>
        <time>2026-06-13T20:21:08.000Z</time>
      </trkpt>
      <trkpt lat="40.792999" lon="-73.962846">
        <ele>28.6</ele>
        <time>2026-06-13T20:21:09.000Z</time>
      </trkpt>
      <trkpt lat="40.793009" lon="-73.962839">
        <ele>28.6</ele>
        <time>2026-06-13T20:21:10.000Z</time>
      </trkpt>
      <trkpt lat="40.793018" lon="-73.962832">
        <ele>28.4</ele>
        <time>2026-06-13T20:21:11.000Z</time>
      </trkpt>
      <trkpt lat="40.793027" lon="-73.962824">
        <ele>28.4</ele>
        <time>2026-06-13T20:21:12.000Z</time>
      </trkpt>
      <trkpt lat="40.793036" lon="-73.962817">
        <ele>28.4</ele>
        <time>2026-06-13T20:21:13.000Z</time>
      </trkpt>
      <trkpt lat="40.793045" lon="-73.96281">
        <ele>28.4</ele>
        <time>2026-06-13T20:21:14.000Z</time>
      </trkpt>
      <trkpt lat="40.793054" lon="-73.962802">
        <ele>28.4</ele>
        <time>2026-06-13T20:21:15.000Z</time>
      </trkpt>
      <trkpt lat="40.793062" lon="-73.962795">
        <ele>28.4</ele>
        <time>2026-06-13T20:21:16.000Z</time>
      </trkpt>
      <trkpt lat="40.793071" lon="-73.962787">
        <ele>28.4</ele>
        <time>2026-06-13T20:21:17.000Z</time>
      </trkpt>
      <trkpt lat="40.79308" lon="-73.962779">
        <ele>28.4</ele>
        <time>2026-06-13T20:21:18.000Z</time>
      </trkpt>
      <trkpt lat="40.793088" lon="-73.962771">
        <ele>28.4</ele>
        <time>2026-06-13T20:21:19.000Z</time>
      </trkpt>
      <trkpt lat="40.793096" lon="-73.962763">
        <ele>28.4</ele>
        <time>2026-06-13T20:21:20.000Z</time>
      </trkpt>
      <trkpt lat="40.793104" lon="-73.962755">
        <ele>28.4</ele>
        <time>2026-06-13T20:21:21.000Z</time>
      </trkpt>
      <trkpt lat="40.793113" lon="-73.962748">
        <ele>28.4</ele>
        <time>2026-06-13T20:21:22.000Z</time>
      </trkpt>
      <trkpt lat="40.793121" lon="-73.962739">
        <ele>28.4</ele>
        <time>2026-06-13T20:21:23.000Z</time>
      </trkpt>
      <trkpt lat="40.793129" lon="-73.962731">
        <ele>28.4</ele>
        <time>2026-06-13T20:21:24.000Z</time>
      </trkpt>
      <trkpt lat="40.793137" lon="-73.962723">
        <ele>28.4</ele>
        <time>2026-06-13T20:21:25.000Z</time>
      </trkpt>
      <trkpt lat="40.793145" lon="-73.962715">
        <ele>28.4</ele>
        <time>2026-06-13T20:21:26.000Z</time>
      </trkpt>
      <trkpt lat="40.793152" lon="-73.962708">
        <ele>28.4</ele>
        <time>2026-06-13T20:21:27.000Z</time>
      </trkpt>
      <trkpt lat="40.79316" lon="-73.9627">
        <ele>28.4</ele>
        <time>2026-06-13T20:21:28.000Z</time>
      </trkpt>
      <trkpt lat="40.793167" lon="-73.962693">
        <ele>28.4</ele>
        <time>2026-06-13T20:21:29.000Z</time>
      </trkpt>
      <trkpt lat="40.793175" lon="-73.962685">
        <ele>28.4</ele>
        <time>2026-06-13T20:21:30.000Z</time>
      </trkpt>
      <trkpt lat="40.793183" lon="-73.962677">
        <ele>28.4</ele>
        <time>2026-06-13T20:21:31.000Z</time>
      </trkpt>
      <trkpt lat="40.793192" lon="-73.962667">
        <ele>28.4</ele>
        <time>2026-06-13T20:21:32.000Z</time>
      </trkpt>
      <trkpt lat="40.793201" lon="-73.962658">
        <ele>28.4</ele>
        <time>2026-06-13T20:21:33.000Z</time>
      </trkpt>
      <trkpt lat="40.79321" lon="-73.962648">
        <ele>28.4</ele>
        <time>2026-06-13T20:21:34.000Z</time>
      </trkpt>
      <trkpt lat="40.793219" lon="-73.962639">
        <ele>28.4</ele>
        <time>2026-06-13T20:21:35.000Z</time>
      </trkpt>
      <trkpt lat="40.793228" lon="-73.962629">
        <ele>28.4</ele>
        <time>2026-06-13T20:21:36.000Z</time>
      </trkpt>
      <trkpt lat="40.793237" lon="-73.962619">
        <ele>28.4</ele>
        <time>2026-06-13T20:21:37.000Z</time>
      </trkpt>
      <trkpt lat="40.793246" lon="-73.962609">
        <ele>28.4</ele>
        <time>2026-06-13T20:21:38.000Z</time>
      </trkpt>
      <trkpt lat="40.793255" lon="-73.962599">
        <ele>28.4</ele>
        <time>2026-06-13T20:21:39.000Z</time>
      </trkpt>
      <trkpt lat="40.793263" lon="-73.96259">
        <ele>28.4</ele>
        <time>2026-06-13T20:21:40.000Z</time>
      </trkpt>
      <trkpt lat="40.793271" lon="-73.962581">
        <ele>28.4</ele>
        <time>2026-06-13T20:21:41.000Z</time>
      </trkpt>
      <trkpt lat="40.79328" lon="-73.962572">
        <ele>28.4</ele>
        <time>2026-06-13T20:21:42.000Z</time>
      </trkpt>
      <trkpt lat="40.793288" lon="-73.962564">
        <ele>28.4</ele>
        <time>2026-06-13T20:21:43.000Z</time>
      </trkpt>
      <trkpt lat="40.793296" lon="-73.962555">
        <ele>28.2</ele>
        <time>2026-06-13T20:21:44.000Z</time>
      </trkpt>
      <trkpt lat="40.793305" lon="-73.962547">
        <ele>28.2</ele>
        <time>2026-06-13T20:21:45.000Z</time>
      </trkpt>
      <trkpt lat="40.793313" lon="-73.962539">
        <ele>28.2</ele>
        <time>2026-06-13T20:21:46.000Z</time>
      </trkpt>
      <trkpt lat="40.793321" lon="-73.96253">
        <ele>28.2</ele>
        <time>2026-06-13T20:21:47.000Z</time>
      </trkpt>
      <trkpt lat="40.793329" lon="-73.962522">
        <ele>28.2</ele>
        <time>2026-06-13T20:21:48.000Z</time>
      </trkpt>
      <trkpt lat="40.793337" lon="-73.962515">
        <ele>28.2</ele>
        <time>2026-06-13T20:21:49.000Z</time>
      </trkpt>
      <trkpt lat="40.793345" lon="-73.962507">
        <ele>28.2</ele>
        <time>2026-06-13T20:21:50.000Z</time>
      </trkpt>
      <trkpt lat="40.793354" lon="-73.9625">
        <ele>28</ele>
        <time>2026-06-13T20:21:51.000Z</time>
      </trkpt>
      <trkpt lat="40.793362" lon="-73.962493">
        <ele>28</ele>
        <time>2026-06-13T20:21:52.000Z</time>
      </trkpt>
      <trkpt lat="40.793371" lon="-73.962485">
        <ele>28</ele>
        <time>2026-06-13T20:21:53.000Z</time>
      </trkpt>
      <trkpt lat="40.793379" lon="-73.962478">
        <ele>28</ele>
        <time>2026-06-13T20:21:54.000Z</time>
      </trkpt>
      <trkpt lat="40.793387" lon="-73.96247">
        <ele>28</ele>
        <time>2026-06-13T20:21:55.000Z</time>
      </trkpt>
      <trkpt lat="40.793394" lon="-73.962461">
        <ele>28</ele>
        <time>2026-06-13T20:21:56.000Z</time>
      </trkpt>
      <trkpt lat="40.7934" lon="-73.962453">
        <ele>27.8</ele>
        <time>2026-06-13T20:21:57.000Z</time>
      </trkpt>
      <trkpt lat="40.793407" lon="-73.962445">
        <ele>27.8</ele>
        <time>2026-06-13T20:21:58.000Z</time>
      </trkpt>
      <trkpt lat="40.793414" lon="-73.962438">
        <ele>27.8</ele>
        <time>2026-06-13T20:21:59.000Z</time>
      </trkpt>
      <trkpt lat="40.79342" lon="-73.962431">
        <ele>27.8</ele>
        <time>2026-06-13T20:22:00.000Z</time>
      </trkpt>
      <trkpt lat="40.793426" lon="-73.962424">
        <ele>27.8</ele>
        <time>2026-06-13T20:22:01.000Z</time>
      </trkpt>
      <trkpt lat="40.793432" lon="-73.962417">
        <ele>27.6</ele>
        <time>2026-06-13T20:22:02.000Z</time>
      </trkpt>
      <trkpt lat="40.793437" lon="-73.96241">
        <ele>27.6</ele>
        <time>2026-06-13T20:22:03.000Z</time>
      </trkpt>
      <trkpt lat="40.793443" lon="-73.962403">
        <ele>27.6</ele>
        <time>2026-06-13T20:22:04.000Z</time>
      </trkpt>
      <trkpt lat="40.79345" lon="-73.962395">
        <ele>27.4</ele>
        <time>2026-06-13T20:22:05.000Z</time>
      </trkpt>
      <trkpt lat="40.793457" lon="-73.962385">
        <ele>27.4</ele>
        <time>2026-06-13T20:22:06.000Z</time>
      </trkpt>
      <trkpt lat="40.793463" lon="-73.962374">
        <ele>27.2</ele>
        <time>2026-06-13T20:22:07.000Z</time>
      </trkpt>
      <trkpt lat="40.793469" lon="-73.962362">
        <ele>27.2</ele>
        <time>2026-06-13T20:22:08.000Z</time>
      </trkpt>
      <trkpt lat="40.793475" lon="-73.962351">
        <ele>27</ele>
        <time>2026-06-13T20:22:09.000Z</time>
      </trkpt>
      <trkpt lat="40.793482" lon="-73.96234">
        <ele>27</ele>
        <time>2026-06-13T20:22:10.000Z</time>
      </trkpt>
      <trkpt lat="40.793489" lon="-73.962329">
        <ele>26.8</ele>
        <time>2026-06-13T20:22:11.000Z</time>
      </trkpt>
      <trkpt lat="40.793496" lon="-73.962318">
        <ele>26.8</ele>
        <time>2026-06-13T20:22:12.000Z</time>
      </trkpt>
      <trkpt lat="40.793504" lon="-73.962308">
        <ele>26.6</ele>
        <time>2026-06-13T20:22:13.000Z</time>
      </trkpt>
      <trkpt lat="40.793512" lon="-73.962297">
        <ele>26.6</ele>
        <time>2026-06-13T20:22:14.000Z</time>
      </trkpt>
      <trkpt lat="40.79352" lon="-73.962286">
        <ele>26.4</ele>
        <time>2026-06-13T20:22:15.000Z</time>
      </trkpt>
      <trkpt lat="40.793528" lon="-73.962275">
        <ele>26.4</ele>
        <time>2026-06-13T20:22:16.000Z</time>
      </trkpt>
      <trkpt lat="40.793537" lon="-73.962263">
        <ele>26.2</ele>
        <time>2026-06-13T20:22:17.000Z</time>
      </trkpt>
      <trkpt lat="40.793545" lon="-73.962251">
        <ele>26.2</ele>
        <time>2026-06-13T20:22:18.000Z</time>
      </trkpt>
      <trkpt lat="40.793552" lon="-73.962239">
        <ele>26</ele>
        <time>2026-06-13T20:22:19.000Z</time>
      </trkpt>
      <trkpt lat="40.793559" lon="-73.962226">
        <ele>26</ele>
        <time>2026-06-13T20:22:20.000Z</time>
      </trkpt>
      <trkpt lat="40.793566" lon="-73.962214">
        <ele>26</ele>
        <time>2026-06-13T20:22:21.000Z</time>
      </trkpt>
      <trkpt lat="40.793578" lon="-73.962193">
        <ele>25.8</ele>
        <time>2026-06-13T20:22:22.000Z</time>
      </trkpt>
      <trkpt lat="40.793584" lon="-73.962184">
        <ele>25.8</ele>
        <time>2026-06-13T20:22:23.000Z</time>
      </trkpt>
      <trkpt lat="40.793589" lon="-73.962175">
        <ele>25.8</ele>
        <time>2026-06-13T20:22:24.000Z</time>
      </trkpt>
      <trkpt lat="40.793594" lon="-73.962166">
        <ele>25.8</ele>
        <time>2026-06-13T20:22:25.000Z</time>
      </trkpt>
      <trkpt lat="40.7936" lon="-73.962157">
        <ele>25.8</ele>
        <time>2026-06-13T20:22:26.000Z</time>
      </trkpt>
      <trkpt lat="40.793605" lon="-73.962148">
        <ele>25.6</ele>
        <time>2026-06-13T20:22:27.000Z</time>
      </trkpt>
      <trkpt lat="40.793611" lon="-73.962137">
        <ele>25.6</ele>
        <time>2026-06-13T20:22:28.000Z</time>
      </trkpt>
      <trkpt lat="40.793616" lon="-73.962125">
        <ele>25.6</ele>
        <time>2026-06-13T20:22:29.000Z</time>
      </trkpt>
      <trkpt lat="40.793622" lon="-73.962113">
        <ele>25.6</ele>
        <time>2026-06-13T20:22:30.000Z</time>
      </trkpt>
      <trkpt lat="40.793627" lon="-73.9621">
        <ele>25.6</ele>
        <time>2026-06-13T20:22:31.000Z</time>
      </trkpt>
      <trkpt lat="40.793633" lon="-73.962088">
        <ele>25.6</ele>
        <time>2026-06-13T20:22:32.000Z</time>
      </trkpt>
      <trkpt lat="40.793639" lon="-73.962075">
        <ele>25.6</ele>
        <time>2026-06-13T20:22:33.000Z</time>
      </trkpt>
      <trkpt lat="40.793642" lon="-73.962062">
        <ele>25.6</ele>
        <time>2026-06-13T20:22:34.000Z</time>
      </trkpt>
      <trkpt lat="40.793645" lon="-73.962048">
        <ele>25.6</ele>
        <time>2026-06-13T20:22:35.000Z</time>
      </trkpt>
      <trkpt lat="40.793648" lon="-73.962035">
        <ele>25.4</ele>
        <time>2026-06-13T20:22:36.000Z</time>
      </trkpt>
      <trkpt lat="40.793652" lon="-73.962023">
        <ele>25.4</ele>
        <time>2026-06-13T20:22:37.000Z</time>
      </trkpt>
      <trkpt lat="40.793657" lon="-73.962012">
        <ele>25.4</ele>
        <time>2026-06-13T20:22:38.000Z</time>
      </trkpt>
      <trkpt lat="40.793663" lon="-73.962001">
        <ele>25.4</ele>
        <time>2026-06-13T20:22:39.000Z</time>
      </trkpt>
      <trkpt lat="40.793669" lon="-73.961989">
        <ele>25.4</ele>
        <time>2026-06-13T20:22:40.000Z</time>
      </trkpt>
      <trkpt lat="40.793676" lon="-73.961977">
        <ele>25.4</ele>
        <time>2026-06-13T20:22:41.000Z</time>
      </trkpt>
      <trkpt lat="40.793682" lon="-73.961965">
        <ele>25.4</ele>
        <time>2026-06-13T20:22:42.000Z</time>
      </trkpt>
      <trkpt lat="40.793688" lon="-73.961955">
        <ele>25.4</ele>
        <time>2026-06-13T20:22:43.000Z</time>
      </trkpt>
      <trkpt lat="40.793695" lon="-73.961945">
        <ele>25.4</ele>
        <time>2026-06-13T20:22:44.000Z</time>
      </trkpt>
      <trkpt lat="40.793703" lon="-73.961935">
        <ele>25.6</ele>
        <time>2026-06-13T20:22:45.000Z</time>
      </trkpt>
      <trkpt lat="40.793712" lon="-73.961925">
        <ele>25.6</ele>
        <time>2026-06-13T20:22:46.000Z</time>
      </trkpt>
      <trkpt lat="40.793721" lon="-73.961915">
        <ele>25.6</ele>
        <time>2026-06-13T20:22:47.000Z</time>
      </trkpt>
      <trkpt lat="40.79373" lon="-73.961906">
        <ele>25.6</ele>
        <time>2026-06-13T20:22:48.000Z</time>
      </trkpt>
      <trkpt lat="40.793738" lon="-73.961898">
        <ele>25.6</ele>
        <time>2026-06-13T20:22:49.000Z</time>
      </trkpt>
      <trkpt lat="40.793748" lon="-73.961891">
        <ele>25.8</ele>
        <time>2026-06-13T20:22:50.000Z</time>
      </trkpt>
      <trkpt lat="40.793757" lon="-73.961883">
        <ele>25.8</ele>
        <time>2026-06-13T20:22:51.000Z</time>
      </trkpt>
      <trkpt lat="40.793767" lon="-73.961875">
        <ele>25.8</ele>
        <time>2026-06-13T20:22:52.000Z</time>
      </trkpt>
      <trkpt lat="40.793776" lon="-73.961868">
        <ele>25.8</ele>
        <time>2026-06-13T20:22:53.000Z</time>
      </trkpt>
      <trkpt lat="40.793784" lon="-73.961862">
        <ele>25.8</ele>
        <time>2026-06-13T20:22:54.000Z</time>
      </trkpt>
      <trkpt lat="40.793793" lon="-73.961856">
        <ele>25.8</ele>
        <time>2026-06-13T20:22:55.000Z</time>
      </trkpt>
      <trkpt lat="40.793802" lon="-73.961852">
        <ele>25.8</ele>
        <time>2026-06-13T20:22:56.000Z</time>
      </trkpt>
      <trkpt lat="40.793811" lon="-73.961846">
        <ele>25.8</ele>
        <time>2026-06-13T20:22:57.000Z</time>
      </trkpt>
      <trkpt lat="40.79382" lon="-73.96184">
        <ele>25.8</ele>
        <time>2026-06-13T20:22:58.000Z</time>
      </trkpt>
      <trkpt lat="40.793829" lon="-73.961834">
        <ele>25.8</ele>
        <time>2026-06-13T20:22:59.000Z</time>
      </trkpt>
      <trkpt lat="40.793837" lon="-73.961828">
        <ele>25.8</ele>
        <time>2026-06-13T20:23:00.000Z</time>
      </trkpt>
      <trkpt lat="40.793845" lon="-73.961821">
        <ele>25.6</ele>
        <time>2026-06-13T20:23:01.000Z</time>
      </trkpt>
      <trkpt lat="40.793855" lon="-73.961814">
        <ele>25.6</ele>
        <time>2026-06-13T20:23:02.000Z</time>
      </trkpt>
      <trkpt lat="40.793865" lon="-73.961806">
        <ele>25.6</ele>
        <time>2026-06-13T20:23:03.000Z</time>
      </trkpt>
      <trkpt lat="40.793874" lon="-73.961799">
        <ele>25.4</ele>
        <time>2026-06-13T20:23:04.000Z</time>
      </trkpt>
      <trkpt lat="40.793883" lon="-73.961793">
        <ele>25.4</ele>
        <time>2026-06-13T20:23:05.000Z</time>
      </trkpt>
      <trkpt lat="40.793892" lon="-73.961786">
        <ele>25.2</ele>
        <time>2026-06-13T20:23:06.000Z</time>
      </trkpt>
      <trkpt lat="40.793899" lon="-73.961781">
        <ele>25.2</ele>
        <time>2026-06-13T20:23:07.000Z</time>
      </trkpt>
      <trkpt lat="40.793907" lon="-73.961776">
        <ele>25</ele>
        <time>2026-06-13T20:23:08.000Z</time>
      </trkpt>
      <trkpt lat="40.793915" lon="-73.96177">
        <ele>25</ele>
        <time>2026-06-13T20:23:09.000Z</time>
      </trkpt>
      <trkpt lat="40.793923" lon="-73.961765">
        <ele>24.8</ele>
        <time>2026-06-13T20:23:10.000Z</time>
      </trkpt>
      <trkpt lat="40.793931" lon="-73.96176">
        <ele>24.8</ele>
        <time>2026-06-13T20:23:11.000Z</time>
      </trkpt>
      <trkpt lat="40.79394" lon="-73.961753">
        <ele>24.6</ele>
        <time>2026-06-13T20:23:12.000Z</time>
      </trkpt>
      <trkpt lat="40.793948" lon="-73.961745">
        <ele>24.6</ele>
        <time>2026-06-13T20:23:13.000Z</time>
      </trkpt>
      <trkpt lat="40.793957" lon="-73.961737">
        <ele>24.4</ele>
        <time>2026-06-13T20:23:14.000Z</time>
      </trkpt>
      <trkpt lat="40.793966" lon="-73.961729">
        <ele>24.4</ele>
        <time>2026-06-13T20:23:15.000Z</time>
      </trkpt>
      <trkpt lat="40.793976" lon="-73.961721">
        <ele>24.2</ele>
        <time>2026-06-13T20:23:16.000Z</time>
      </trkpt>
      <trkpt lat="40.793985" lon="-73.961713">
        <ele>24.2</ele>
        <time>2026-06-13T20:23:17.000Z</time>
      </trkpt>
      <trkpt lat="40.793993" lon="-73.961702">
        <ele>24.2</ele>
        <time>2026-06-13T20:23:18.000Z</time>
      </trkpt>
      <trkpt lat="40.794" lon="-73.96169">
        <ele>24</ele>
        <time>2026-06-13T20:23:19.000Z</time>
      </trkpt>
      <trkpt lat="40.794006" lon="-73.961677">
        <ele>24</ele>
        <time>2026-06-13T20:23:20.000Z</time>
      </trkpt>
      <trkpt lat="40.794011" lon="-73.961664">
        <ele>24</ele>
        <time>2026-06-13T20:23:21.000Z</time>
      </trkpt>
      <trkpt lat="40.794014" lon="-73.961649">
        <ele>23.8</ele>
        <time>2026-06-13T20:23:22.000Z</time>
      </trkpt>
      <trkpt lat="40.794015" lon="-73.961635">
        <ele>23.8</ele>
        <time>2026-06-13T20:23:23.000Z</time>
      </trkpt>
      <trkpt lat="40.794016" lon="-73.96162">
        <ele>23.8</ele>
        <time>2026-06-13T20:23:24.000Z</time>
      </trkpt>
      <trkpt lat="40.794017" lon="-73.961605">
        <ele>23.8</ele>
        <time>2026-06-13T20:23:25.000Z</time>
      </trkpt>
      <trkpt lat="40.794018" lon="-73.96159">
        <ele>23.8</ele>
        <time>2026-06-13T20:23:26.000Z</time>
      </trkpt>
      <trkpt lat="40.79402" lon="-73.961576">
        <ele>23.6</ele>
        <time>2026-06-13T20:23:27.000Z</time>
      </trkpt>
      <trkpt lat="40.794023" lon="-73.961561">
        <ele>23.6</ele>
        <time>2026-06-13T20:23:28.000Z</time>
      </trkpt>
      <trkpt lat="40.794027" lon="-73.961547">
        <ele>23.6</ele>
        <time>2026-06-13T20:23:29.000Z</time>
      </trkpt>
      <trkpt lat="40.794031" lon="-73.961534">
        <ele>23.6</ele>
        <time>2026-06-13T20:23:30.000Z</time>
      </trkpt>
      <trkpt lat="40.794035" lon="-73.961521">
        <ele>23.4</ele>
        <time>2026-06-13T20:23:31.000Z</time>
      </trkpt>
      <trkpt lat="40.79404" lon="-73.961509">
        <ele>23.4</ele>
        <time>2026-06-13T20:23:32.000Z</time>
      </trkpt>
      <trkpt lat="40.794044" lon="-73.961498">
        <ele>23.4</ele>
        <time>2026-06-13T20:23:33.000Z</time>
      </trkpt>
      <trkpt lat="40.794048" lon="-73.961486">
        <ele>23.4</ele>
        <time>2026-06-13T20:23:34.000Z</time>
      </trkpt>
      <trkpt lat="40.794053" lon="-73.961475">
        <ele>23.4</ele>
        <time>2026-06-13T20:23:35.000Z</time>
      </trkpt>
      <trkpt lat="40.794058" lon="-73.961464">
        <ele>23.4</ele>
        <time>2026-06-13T20:23:36.000Z</time>
      </trkpt>
      <trkpt lat="40.794064" lon="-73.961452">
        <ele>23.2</ele>
        <time>2026-06-13T20:23:37.000Z</time>
      </trkpt>
      <trkpt lat="40.79407" lon="-73.961441">
        <ele>23.2</ele>
        <time>2026-06-13T20:23:38.000Z</time>
      </trkpt>
      <trkpt lat="40.794076" lon="-73.961429">
        <ele>23.2</ele>
        <time>2026-06-13T20:23:39.000Z</time>
      </trkpt>
      <trkpt lat="40.794082" lon="-73.961416">
        <ele>23.2</ele>
        <time>2026-06-13T20:23:40.000Z</time>
      </trkpt>
      <trkpt lat="40.794087" lon="-73.961403">
        <ele>23.2</ele>
        <time>2026-06-13T20:23:41.000Z</time>
      </trkpt>
      <trkpt lat="40.794093" lon="-73.96139">
        <ele>23.2</ele>
        <time>2026-06-13T20:23:42.000Z</time>
      </trkpt>
      <trkpt lat="40.794099" lon="-73.961378">
        <ele>23.2</ele>
        <time>2026-06-13T20:23:43.000Z</time>
      </trkpt>
      <trkpt lat="40.794104" lon="-73.961365">
        <ele>23</ele>
        <time>2026-06-13T20:23:44.000Z</time>
      </trkpt>
      <trkpt lat="40.794109" lon="-73.961352">
        <ele>23</ele>
        <time>2026-06-13T20:23:45.000Z</time>
      </trkpt>
      <trkpt lat="40.794114" lon="-73.96134">
        <ele>23</ele>
        <time>2026-06-13T20:23:46.000Z</time>
      </trkpt>
      <trkpt lat="40.794119" lon="-73.961328">
        <ele>23</ele>
        <time>2026-06-13T20:23:47.000Z</time>
      </trkpt>
      <trkpt lat="40.794123" lon="-73.961316">
        <ele>22.8</ele>
        <time>2026-06-13T20:23:48.000Z</time>
      </trkpt>
      <trkpt lat="40.794126" lon="-73.961304">
        <ele>22.8</ele>
        <time>2026-06-13T20:23:49.000Z</time>
      </trkpt>
      <trkpt lat="40.79413" lon="-73.961291">
        <ele>22.8</ele>
        <time>2026-06-13T20:23:50.000Z</time>
      </trkpt>
      <trkpt lat="40.794134" lon="-73.961279">
        <ele>22.6</ele>
        <time>2026-06-13T20:23:51.000Z</time>
      </trkpt>
      <trkpt lat="40.794139" lon="-73.961267">
        <ele>22.6</ele>
        <time>2026-06-13T20:23:52.000Z</time>
      </trkpt>
      <trkpt lat="40.794143" lon="-73.961256">
        <ele>22.6</ele>
        <time>2026-06-13T20:23:53.000Z</time>
      </trkpt>
      <trkpt lat="40.794149" lon="-73.961245">
        <ele>22.6</ele>
        <time>2026-06-13T20:23:54.000Z</time>
      </trkpt>
      <trkpt lat="40.794155" lon="-73.961234">
        <ele>22.4</ele>
        <time>2026-06-13T20:23:55.000Z</time>
      </trkpt>
      <trkpt lat="40.79416" lon="-73.961223">
        <ele>22.4</ele>
        <time>2026-06-13T20:23:56.000Z</time>
      </trkpt>
      <trkpt lat="40.794165" lon="-73.961212">
        <ele>22.4</ele>
        <time>2026-06-13T20:23:57.000Z</time>
      </trkpt>
      <trkpt lat="40.794171" lon="-73.961201">
        <ele>22.4</ele>
        <time>2026-06-13T20:23:58.000Z</time>
      </trkpt>
      <trkpt lat="40.794176" lon="-73.961191">
        <ele>22.2</ele>
        <time>2026-06-13T20:23:59.000Z</time>
      </trkpt>
      <trkpt lat="40.79418" lon="-73.961182">
        <ele>22.2</ele>
        <time>2026-06-13T20:24:00.000Z</time>
      </trkpt>
      <trkpt lat="40.794187" lon="-73.961173">
        <ele>22.2</ele>
        <time>2026-06-13T20:24:01.000Z</time>
      </trkpt>
      <trkpt lat="40.794194" lon="-73.961164">
        <ele>22</ele>
        <time>2026-06-13T20:24:02.000Z</time>
      </trkpt>
      <trkpt lat="40.794201" lon="-73.961157">
        <ele>22</ele>
        <time>2026-06-13T20:24:03.000Z</time>
      </trkpt>
      <trkpt lat="40.794209" lon="-73.96115">
        <ele>22</ele>
        <time>2026-06-13T20:24:04.000Z</time>
      </trkpt>
      <trkpt lat="40.794217" lon="-73.961144">
        <ele>21.8</ele>
        <time>2026-06-13T20:24:05.000Z</time>
      </trkpt>
      <trkpt lat="40.794224" lon="-73.961139">
        <ele>21.8</ele>
        <time>2026-06-13T20:24:06.000Z</time>
      </trkpt>
      <trkpt lat="40.794232" lon="-73.961133">
        <ele>21.8</ele>
        <time>2026-06-13T20:24:07.000Z</time>
      </trkpt>
      <trkpt lat="40.79424" lon="-73.961128">
        <ele>21.6</ele>
        <time>2026-06-13T20:24:08.000Z</time>
      </trkpt>
      <trkpt lat="40.794248" lon="-73.961122">
        <ele>21.6</ele>
        <time>2026-06-13T20:24:09.000Z</time>
      </trkpt>
      <trkpt lat="40.794256" lon="-73.961114">
        <ele>21.4</ele>
        <time>2026-06-13T20:24:10.000Z</time>
      </trkpt>
      <trkpt lat="40.794263" lon="-73.961107">
        <ele>21.4</ele>
        <time>2026-06-13T20:24:11.000Z</time>
      </trkpt>
      <trkpt lat="40.794268" lon="-73.961098">
        <ele>21.4</ele>
        <time>2026-06-13T20:24:12.000Z</time>
      </trkpt>
      <trkpt lat="40.794274" lon="-73.961089">
        <ele>21.2</ele>
        <time>2026-06-13T20:24:13.000Z</time>
      </trkpt>
      <trkpt lat="40.794278" lon="-73.961079">
        <ele>21.2</ele>
        <time>2026-06-13T20:24:14.000Z</time>
      </trkpt>
      <trkpt lat="40.794283" lon="-73.961069">
        <ele>21.2</ele>
        <time>2026-06-13T20:24:15.000Z</time>
      </trkpt>
      <trkpt lat="40.794286" lon="-73.96106">
        <ele>21</ele>
        <time>2026-06-13T20:24:16.000Z</time>
      </trkpt>
      <trkpt lat="40.794289" lon="-73.96105">
        <ele>21</ele>
        <time>2026-06-13T20:24:17.000Z</time>
      </trkpt>
      <trkpt lat="40.794291" lon="-73.961039">
        <ele>20.8</ele>
        <time>2026-06-13T20:24:18.000Z</time>
      </trkpt>
      <trkpt lat="40.794293" lon="-73.961029">
        <ele>20.8</ele>
        <time>2026-06-13T20:24:19.000Z</time>
      </trkpt>
      <trkpt lat="40.794295" lon="-73.961018">
        <ele>20.8</ele>
        <time>2026-06-13T20:24:20.000Z</time>
      </trkpt>
      <trkpt lat="40.794296" lon="-73.961007">
        <ele>20.8</ele>
        <time>2026-06-13T20:24:21.000Z</time>
      </trkpt>
      <trkpt lat="40.794296" lon="-73.960993">
        <ele>20.6</ele>
        <time>2026-06-13T20:24:22.000Z</time>
      </trkpt>
      <trkpt lat="40.794296" lon="-73.960979">
        <ele>20.6</ele>
        <time>2026-06-13T20:24:23.000Z</time>
      </trkpt>
      <trkpt lat="40.794295" lon="-73.960965">
        <ele>20.6</ele>
        <time>2026-06-13T20:24:24.000Z</time>
      </trkpt>
      <trkpt lat="40.794294" lon="-73.960951">
        <ele>20.6</ele>
        <time>2026-06-13T20:24:25.000Z</time>
      </trkpt>
      <trkpt lat="40.794292" lon="-73.960937">
        <ele>20.4</ele>
        <time>2026-06-13T20:24:26.000Z</time>
      </trkpt>
      <trkpt lat="40.79429" lon="-73.960923">
        <ele>20.4</ele>
        <time>2026-06-13T20:24:27.000Z</time>
      </trkpt>
      <trkpt lat="40.794288" lon="-73.960909">
        <ele>20.4</ele>
        <time>2026-06-13T20:24:28.000Z</time>
      </trkpt>
      <trkpt lat="40.794285" lon="-73.960895">
        <ele>20.4</ele>
        <time>2026-06-13T20:24:29.000Z</time>
      </trkpt>
      <trkpt lat="40.794283" lon="-73.960881">
        <ele>20.4</ele>
        <time>2026-06-13T20:24:30.000Z</time>
      </trkpt>
      <trkpt lat="40.79428" lon="-73.960866">
        <ele>20.4</ele>
        <time>2026-06-13T20:24:31.000Z</time>
      </trkpt>
      <trkpt lat="40.794277" lon="-73.960851">
        <ele>20.4</ele>
        <time>2026-06-13T20:24:32.000Z</time>
      </trkpt>
      <trkpt lat="40.794274" lon="-73.960836">
        <ele>20.4</ele>
        <time>2026-06-13T20:24:33.000Z</time>
      </trkpt>
      <trkpt lat="40.79427" lon="-73.960815">
        <ele>20.4</ele>
        <time>2026-06-13T20:24:34.000Z</time>
      </trkpt>
      <trkpt lat="40.794268" lon="-73.960809">
        <ele>20.4</ele>
        <time>2026-06-13T20:24:35.000Z</time>
      </trkpt>
      <trkpt lat="40.794265" lon="-73.960797">
        <ele>20.4</ele>
        <time>2026-06-13T20:24:36.000Z</time>
      </trkpt>
      <trkpt lat="40.794263" lon="-73.960784">
        <ele>20.4</ele>
        <time>2026-06-13T20:24:37.000Z</time>
      </trkpt>
      <trkpt lat="40.79426" lon="-73.960773">
        <ele>20.4</ele>
        <time>2026-06-13T20:24:38.000Z</time>
      </trkpt>
      <trkpt lat="40.794257" lon="-73.96076">
        <ele>20.4</ele>
        <time>2026-06-13T20:24:39.000Z</time>
      </trkpt>
      <trkpt lat="40.794254" lon="-73.960746">
        <ele>20.4</ele>
        <time>2026-06-13T20:24:40.000Z</time>
      </trkpt>
      <trkpt lat="40.794251" lon="-73.960732">
        <ele>20.6</ele>
        <time>2026-06-13T20:24:41.000Z</time>
      </trkpt>
      <trkpt lat="40.794249" lon="-73.960718">
        <ele>20.6</ele>
        <time>2026-06-13T20:24:42.000Z</time>
      </trkpt>
      <trkpt lat="40.794247" lon="-73.960704">
        <ele>20.6</ele>
        <time>2026-06-13T20:24:43.000Z</time>
      </trkpt>
      <trkpt lat="40.794246" lon="-73.96069">
        <ele>20.6</ele>
        <time>2026-06-13T20:24:44.000Z</time>
      </trkpt>
      <trkpt lat="40.794245" lon="-73.960675">
        <ele>20.6</ele>
        <time>2026-06-13T20:24:45.000Z</time>
      </trkpt>
      <trkpt lat="40.794245" lon="-73.96066">
        <ele>20.6</ele>
        <time>2026-06-13T20:24:46.000Z</time>
      </trkpt>
      <trkpt lat="40.794246" lon="-73.960645">
        <ele>20.6</ele>
        <time>2026-06-13T20:24:47.000Z</time>
      </trkpt>
      <trkpt lat="40.794247" lon="-73.96063">
        <ele>20.6</ele>
        <time>2026-06-13T20:24:48.000Z</time>
      </trkpt>
      <trkpt lat="40.794248" lon="-73.960616">
        <ele>20.8</ele>
        <time>2026-06-13T20:24:49.000Z</time>
      </trkpt>
      <trkpt lat="40.794249" lon="-73.960602">
        <ele>20.8</ele>
        <time>2026-06-13T20:24:50.000Z</time>
      </trkpt>
      <trkpt lat="40.79425" lon="-73.960587">
        <ele>20.8</ele>
        <time>2026-06-13T20:24:51.000Z</time>
      </trkpt>
      <trkpt lat="40.794252" lon="-73.960573">
        <ele>20.8</ele>
        <time>2026-06-13T20:24:52.000Z</time>
      </trkpt>
      <trkpt lat="40.794254" lon="-73.960559">
        <ele>20.8</ele>
        <time>2026-06-13T20:24:53.000Z</time>
      </trkpt>
      <trkpt lat="40.794257" lon="-73.960545">
        <ele>20.8</ele>
        <time>2026-06-13T20:24:54.000Z</time>
      </trkpt>
      <trkpt lat="40.794261" lon="-73.96053">
        <ele>20.8</ele>
        <time>2026-06-13T20:24:55.000Z</time>
      </trkpt>
      <trkpt lat="40.794266" lon="-73.960515">
        <ele>20.8</ele>
        <time>2026-06-13T20:24:56.000Z</time>
      </trkpt>
      <trkpt lat="40.794272" lon="-73.960501">
        <ele>20.8</ele>
        <time>2026-06-13T20:24:57.000Z</time>
      </trkpt>
      <trkpt lat="40.794279" lon="-73.960488">
        <ele>20.8</ele>
        <time>2026-06-13T20:24:58.000Z</time>
      </trkpt>
      <trkpt lat="40.794286" lon="-73.960476">
        <ele>20.8</ele>
        <time>2026-06-13T20:24:59.000Z</time>
      </trkpt>
      <trkpt lat="40.794293" lon="-73.960464">
        <ele>20.8</ele>
        <time>2026-06-13T20:25:00.000Z</time>
      </trkpt>
      <trkpt lat="40.794299" lon="-73.960454">
        <ele>20.8</ele>
        <time>2026-06-13T20:25:01.000Z</time>
      </trkpt>
      <trkpt lat="40.794305" lon="-73.960445">
        <ele>20.6</ele>
        <time>2026-06-13T20:25:02.000Z</time>
      </trkpt>
      <trkpt lat="40.794312" lon="-73.960436">
        <ele>20.6</ele>
        <time>2026-06-13T20:25:03.000Z</time>
      </trkpt>
      <trkpt lat="40.794318" lon="-73.960427">
        <ele>20.6</ele>
        <time>2026-06-13T20:25:04.000Z</time>
      </trkpt>
      <trkpt lat="40.794325" lon="-73.960418">
        <ele>20.6</ele>
        <time>2026-06-13T20:25:05.000Z</time>
      </trkpt>
      <trkpt lat="40.794332" lon="-73.960408">
        <ele>20.6</ele>
        <time>2026-06-13T20:25:06.000Z</time>
      </trkpt>
      <trkpt lat="40.79434" lon="-73.960399">
        <ele>20.6</ele>
        <time>2026-06-13T20:25:07.000Z</time>
      </trkpt>
      <trkpt lat="40.794347" lon="-73.96039">
        <ele>20.6</ele>
        <time>2026-06-13T20:25:08.000Z</time>
      </trkpt>
      <trkpt lat="40.794354" lon="-73.960381">
        <ele>20.6</ele>
        <time>2026-06-13T20:25:09.000Z</time>
      </trkpt>
      <trkpt lat="40.794361" lon="-73.960371">
        <ele>20.6</ele>
        <time>2026-06-13T20:25:10.000Z</time>
      </trkpt>
      <trkpt lat="40.794369" lon="-73.960361">
        <ele>20.6</ele>
        <time>2026-06-13T20:25:11.000Z</time>
      </trkpt>
      <trkpt lat="40.794378" lon="-73.960351">
        <ele>20.4</ele>
        <time>2026-06-13T20:25:12.000Z</time>
      </trkpt>
      <trkpt lat="40.794386" lon="-73.960341">
        <ele>20.4</ele>
        <time>2026-06-13T20:25:13.000Z</time>
      </trkpt>
      <trkpt lat="40.794395" lon="-73.960331">
        <ele>20.4</ele>
        <time>2026-06-13T20:25:14.000Z</time>
      </trkpt>
      <trkpt lat="40.794402" lon="-73.960322">
        <ele>20.4</ele>
        <time>2026-06-13T20:25:15.000Z</time>
      </trkpt>
      <trkpt lat="40.794409" lon="-73.960313">
        <ele>20.2</ele>
        <time>2026-06-13T20:25:16.000Z</time>
      </trkpt>
      <trkpt lat="40.794415" lon="-73.960305">
        <ele>20.2</ele>
        <time>2026-06-13T20:25:17.000Z</time>
      </trkpt>
      <trkpt lat="40.794422" lon="-73.960296">
        <ele>20.2</ele>
        <time>2026-06-13T20:25:18.000Z</time>
      </trkpt>
      <trkpt lat="40.794428" lon="-73.960287">
        <ele>20</ele>
        <time>2026-06-13T20:25:19.000Z</time>
      </trkpt>
      <trkpt lat="40.794434" lon="-73.960277">
        <ele>20</ele>
        <time>2026-06-13T20:25:20.000Z</time>
      </trkpt>
      <trkpt lat="40.79444" lon="-73.960268">
        <ele>20</ele>
        <time>2026-06-13T20:25:21.000Z</time>
      </trkpt>
      <trkpt lat="40.794445" lon="-73.960259">
        <ele>19.8</ele>
        <time>2026-06-13T20:25:22.000Z</time>
      </trkpt>
      <trkpt lat="40.79445" lon="-73.960251">
        <ele>19.8</ele>
        <time>2026-06-13T20:25:23.000Z</time>
      </trkpt>
      <trkpt lat="40.794455" lon="-73.960241">
        <ele>19.8</ele>
        <time>2026-06-13T20:25:24.000Z</time>
      </trkpt>
      <trkpt lat="40.794459" lon="-73.960232">
        <ele>19.6</ele>
        <time>2026-06-13T20:25:25.000Z</time>
      </trkpt>
      <trkpt lat="40.794463" lon="-73.960222">
        <ele>19.6</ele>
        <time>2026-06-13T20:25:26.000Z</time>
      </trkpt>
      <trkpt lat="40.794468" lon="-73.960211">
        <ele>19.6</ele>
        <time>2026-06-13T20:25:27.000Z</time>
      </trkpt>
      <trkpt lat="40.794472" lon="-73.9602">
        <ele>19.4</ele>
        <time>2026-06-13T20:25:28.000Z</time>
      </trkpt>
      <trkpt lat="40.794476" lon="-73.960189">
        <ele>19.4</ele>
        <time>2026-06-13T20:25:29.000Z</time>
      </trkpt>
      <trkpt lat="40.794481" lon="-73.960178">
        <ele>19.4</ele>
        <time>2026-06-13T20:25:30.000Z</time>
      </trkpt>
      <trkpt lat="40.794485" lon="-73.960166">
        <ele>19.4</ele>
        <time>2026-06-13T20:25:31.000Z</time>
      </trkpt>
      <trkpt lat="40.794489" lon="-73.960153">
        <ele>19.2</ele>
        <time>2026-06-13T20:25:32.000Z</time>
      </trkpt>
      <trkpt lat="40.794492" lon="-73.96014">
        <ele>19.2</ele>
        <time>2026-06-13T20:25:33.000Z</time>
      </trkpt>
      <trkpt lat="40.794496" lon="-73.960127">
        <ele>19.2</ele>
        <time>2026-06-13T20:25:34.000Z</time>
      </trkpt>
      <trkpt lat="40.794499" lon="-73.960115">
        <ele>19.2</ele>
        <time>2026-06-13T20:25:35.000Z</time>
      </trkpt>
      <trkpt lat="40.794502" lon="-73.960102">
        <ele>19.2</ele>
        <time>2026-06-13T20:25:36.000Z</time>
      </trkpt>
      <trkpt lat="40.794504" lon="-73.96009">
        <ele>19.2</ele>
        <time>2026-06-13T20:25:37.000Z</time>
      </trkpt>
      <trkpt lat="40.794507" lon="-73.960078">
        <ele>19.2</ele>
        <time>2026-06-13T20:25:38.000Z</time>
      </trkpt>
      <trkpt lat="40.794509" lon="-73.960065">
        <ele>19.2</ele>
        <time>2026-06-13T20:25:39.000Z</time>
      </trkpt>
      <trkpt lat="40.794512" lon="-73.960053">
        <ele>19.2</ele>
        <time>2026-06-13T20:25:40.000Z</time>
      </trkpt>
      <trkpt lat="40.794514" lon="-73.96004">
        <ele>19</ele>
        <time>2026-06-13T20:25:41.000Z</time>
      </trkpt>
      <trkpt lat="40.794516" lon="-73.960027">
        <ele>19</ele>
        <time>2026-06-13T20:25:42.000Z</time>
      </trkpt>
      <trkpt lat="40.794518" lon="-73.960014">
        <ele>19</ele>
        <time>2026-06-13T20:25:43.000Z</time>
      </trkpt>
      <trkpt lat="40.79452" lon="-73.960001">
        <ele>19</ele>
        <time>2026-06-13T20:25:44.000Z</time>
      </trkpt>
      <trkpt lat="40.794522" lon="-73.959988">
        <ele>19</ele>
        <time>2026-06-13T20:25:45.000Z</time>
      </trkpt>
      <trkpt lat="40.794523" lon="-73.959975">
        <ele>19</ele>
        <time>2026-06-13T20:25:46.000Z</time>
      </trkpt>
      <trkpt lat="40.794524" lon="-73.959961">
        <ele>19</ele>
        <time>2026-06-13T20:25:47.000Z</time>
      </trkpt>
      <trkpt lat="40.794526" lon="-73.959948">
        <ele>19</ele>
        <time>2026-06-13T20:25:48.000Z</time>
      </trkpt>
      <trkpt lat="40.794527" lon="-73.959934">
        <ele>18.8</ele>
        <time>2026-06-13T20:25:49.000Z</time>
      </trkpt>
      <trkpt lat="40.794528" lon="-73.95992">
        <ele>18.8</ele>
        <time>2026-06-13T20:25:50.000Z</time>
      </trkpt>
      <trkpt lat="40.794529" lon="-73.959907">
        <ele>18.8</ele>
        <time>2026-06-13T20:25:51.000Z</time>
      </trkpt>
      <trkpt lat="40.79453" lon="-73.959893">
        <ele>18.8</ele>
        <time>2026-06-13T20:25:52.000Z</time>
      </trkpt>
      <trkpt lat="40.794531" lon="-73.959879">
        <ele>18.8</ele>
        <time>2026-06-13T20:25:53.000Z</time>
      </trkpt>
      <trkpt lat="40.794532" lon="-73.959866">
        <ele>18.8</ele>
        <time>2026-06-13T20:25:54.000Z</time>
      </trkpt>
      <trkpt lat="40.794533" lon="-73.959852">
        <ele>18.8</ele>
        <time>2026-06-13T20:25:55.000Z</time>
      </trkpt>
      <trkpt lat="40.794534" lon="-73.959839">
        <ele>18.8</ele>
        <time>2026-06-13T20:25:56.000Z</time>
      </trkpt>
      <trkpt lat="40.794535" lon="-73.959826">
        <ele>18.8</ele>
        <time>2026-06-13T20:25:57.000Z</time>
      </trkpt>
      <trkpt lat="40.794536" lon="-73.959814">
        <ele>18.8</ele>
        <time>2026-06-13T20:25:58.000Z</time>
      </trkpt>
      <trkpt lat="40.794537" lon="-73.959803">
        <ele>18.6</ele>
        <time>2026-06-13T20:25:59.000Z</time>
      </trkpt>
      <trkpt lat="40.794538" lon="-73.959792">
        <ele>18.6</ele>
        <time>2026-06-13T20:26:00.000Z</time>
      </trkpt>
      <trkpt lat="40.794539" lon="-73.959781">
        <ele>18.6</ele>
        <time>2026-06-13T20:26:01.000Z</time>
      </trkpt>
      <trkpt lat="40.794539" lon="-73.95977">
        <ele>18.6</ele>
        <time>2026-06-13T20:26:02.000Z</time>
      </trkpt>
      <trkpt lat="40.79454" lon="-73.959758">
        <ele>18.6</ele>
        <time>2026-06-13T20:26:03.000Z</time>
      </trkpt>
      <trkpt lat="40.794541" lon="-73.959747">
        <ele>18.8</ele>
        <time>2026-06-13T20:26:04.000Z</time>
      </trkpt>
      <trkpt lat="40.794542" lon="-73.959736">
        <ele>18.8</ele>
        <time>2026-06-13T20:26:05.000Z</time>
      </trkpt>
      <trkpt lat="40.794543" lon="-73.959726">
        <ele>18.8</ele>
        <time>2026-06-13T20:26:06.000Z</time>
      </trkpt>
      <trkpt lat="40.794545" lon="-73.959715">
        <ele>18.8</ele>
        <time>2026-06-13T20:26:07.000Z</time>
      </trkpt>
      <trkpt lat="40.794546" lon="-73.959704">
        <ele>18.8</ele>
        <time>2026-06-13T20:26:08.000Z</time>
      </trkpt>
      <trkpt lat="40.794549" lon="-73.959694">
        <ele>18.8</ele>
        <time>2026-06-13T20:26:09.000Z</time>
      </trkpt>
      <trkpt lat="40.794552" lon="-73.959684">
        <ele>18.8</ele>
        <time>2026-06-13T20:26:10.000Z</time>
      </trkpt>
      <trkpt lat="40.794556" lon="-73.959674">
        <ele>18.8</ele>
        <time>2026-06-13T20:26:11.000Z</time>
      </trkpt>
      <trkpt lat="40.794563" lon="-73.959667">
        <ele>18.8</ele>
        <time>2026-06-13T20:26:12.000Z</time>
      </trkpt>
      <trkpt lat="40.794573" lon="-73.959661">
        <ele>18.8</ele>
        <time>2026-06-13T20:26:13.000Z</time>
      </trkpt>
      <trkpt lat="40.794585" lon="-73.959656">
        <ele>18.8</ele>
        <time>2026-06-13T20:26:14.000Z</time>
      </trkpt>
      <trkpt lat="40.794598" lon="-73.959651">
        <ele>18.8</ele>
        <time>2026-06-13T20:26:15.000Z</time>
      </trkpt>
      <trkpt lat="40.794612" lon="-73.959647">
        <ele>18.8</ele>
        <time>2026-06-13T20:26:16.000Z</time>
      </trkpt>
      <trkpt lat="40.794627" lon="-73.959643">
        <ele>18.8</ele>
        <time>2026-06-13T20:26:17.000Z</time>
      </trkpt>
      <trkpt lat="40.794642" lon="-73.959638">
        <ele>18.8</ele>
        <time>2026-06-13T20:26:18.000Z</time>
      </trkpt>
      <trkpt lat="40.794657" lon="-73.959633">
        <ele>18.8</ele>
        <time>2026-06-13T20:26:19.000Z</time>
      </trkpt>
      <trkpt lat="40.794672" lon="-73.959629">
        <ele>18.8</ele>
        <time>2026-06-13T20:26:20.000Z</time>
      </trkpt>
      <trkpt lat="40.794686" lon="-73.959625">
        <ele>18.8</ele>
        <time>2026-06-13T20:26:21.000Z</time>
      </trkpt>
      <trkpt lat="40.7947" lon="-73.959622">
        <ele>18.8</ele>
        <time>2026-06-13T20:26:22.000Z</time>
      </trkpt>
      <trkpt lat="40.794713" lon="-73.959621">
        <ele>18.8</ele>
        <time>2026-06-13T20:26:23.000Z</time>
      </trkpt>
      <trkpt lat="40.794724" lon="-73.959621">
        <ele>18.8</ele>
        <time>2026-06-13T20:26:24.000Z</time>
      </trkpt>
      <trkpt lat="40.794736" lon="-73.959622">
        <ele>18.8</ele>
        <time>2026-06-13T20:26:25.000Z</time>
      </trkpt>
      <trkpt lat="40.794746" lon="-73.959623">
        <ele>18.8</ele>
        <time>2026-06-13T20:26:26.000Z</time>
      </trkpt>
      <trkpt lat="40.794755" lon="-73.959624">
        <ele>18.8</ele>
        <time>2026-06-13T20:26:27.000Z</time>
      </trkpt>
      <trkpt lat="40.794763" lon="-73.959626">
        <ele>18.8</ele>
        <time>2026-06-13T20:26:28.000Z</time>
      </trkpt>
      <trkpt lat="40.794771" lon="-73.959628">
        <ele>18.8</ele>
        <time>2026-06-13T20:26:29.000Z</time>
      </trkpt>
      <trkpt lat="40.794778" lon="-73.959629">
        <ele>18.8</ele>
        <time>2026-06-13T20:26:30.000Z</time>
      </trkpt>
      <trkpt lat="40.794786" lon="-73.959632">
        <ele>18.8</ele>
        <time>2026-06-13T20:26:31.000Z</time>
      </trkpt>
      <trkpt lat="40.794796" lon="-73.959635">
        <ele>18.8</ele>
        <time>2026-06-13T20:26:32.000Z</time>
      </trkpt>
      <trkpt lat="40.794806" lon="-73.959639">
        <ele>18.8</ele>
        <time>2026-06-13T20:26:33.000Z</time>
      </trkpt>
      <trkpt lat="40.794815" lon="-73.959644">
        <ele>18.8</ele>
        <time>2026-06-13T20:26:34.000Z</time>
      </trkpt>
      <trkpt lat="40.794825" lon="-73.95965">
        <ele>18.8</ele>
        <time>2026-06-13T20:26:35.000Z</time>
      </trkpt>
      <trkpt lat="40.794834" lon="-73.959656">
        <ele>18.8</ele>
        <time>2026-06-13T20:26:36.000Z</time>
      </trkpt>
      <trkpt lat="40.794842" lon="-73.959662">
        <ele>18.6</ele>
        <time>2026-06-13T20:26:37.000Z</time>
      </trkpt>
      <trkpt lat="40.79485" lon="-73.959669">
        <ele>18.6</ele>
        <time>2026-06-13T20:26:38.000Z</time>
      </trkpt>
      <trkpt lat="40.794859" lon="-73.959676">
        <ele>18.6</ele>
        <time>2026-06-13T20:26:39.000Z</time>
      </trkpt>
      <trkpt lat="40.794867" lon="-73.959684">
        <ele>18.6</ele>
        <time>2026-06-13T20:26:40.000Z</time>
      </trkpt>
      <trkpt lat="40.794875" lon="-73.959691">
        <ele>18.6</ele>
        <time>2026-06-13T20:26:41.000Z</time>
      </trkpt>
      <trkpt lat="40.794882" lon="-73.959697">
        <ele>18.6</ele>
        <time>2026-06-13T20:26:42.000Z</time>
      </trkpt>
      <trkpt lat="40.794889" lon="-73.959703">
        <ele>18.8</ele>
        <time>2026-06-13T20:26:43.000Z</time>
      </trkpt>
      <trkpt lat="40.794896" lon="-73.959708">
        <ele>18.8</ele>
        <time>2026-06-13T20:26:44.000Z</time>
      </trkpt>
      <trkpt lat="40.794903" lon="-73.959711">
        <ele>18.8</ele>
        <time>2026-06-13T20:26:45.000Z</time>
      </trkpt>
      <trkpt lat="40.794909" lon="-73.959712">
        <ele>18.8</ele>
        <time>2026-06-13T20:26:46.000Z</time>
      </trkpt>
      <trkpt lat="40.794918" lon="-73.95971">
        <ele>18.8</ele>
        <time>2026-06-13T20:26:47.000Z</time>
      </trkpt>
      <trkpt lat="40.794927" lon="-73.959706">
        <ele>18.8</ele>
        <time>2026-06-13T20:26:48.000Z</time>
      </trkpt>
      <trkpt lat="40.794937" lon="-73.959701">
        <ele>19</ele>
        <time>2026-06-13T20:26:49.000Z</time>
      </trkpt>
      <trkpt lat="40.794948" lon="-73.959697">
        <ele>19</ele>
        <time>2026-06-13T20:26:50.000Z</time>
      </trkpt>
      <trkpt lat="40.794957" lon="-73.959693">
        <ele>19</ele>
        <time>2026-06-13T20:26:51.000Z</time>
      </trkpt>
      <trkpt lat="40.794963" lon="-73.95969">
        <ele>19.2</ele>
        <time>2026-06-13T20:26:52.000Z</time>
      </trkpt>
      <trkpt lat="40.794967" lon="-73.959688">
        <ele>19.2</ele>
        <time>2026-06-13T20:26:53.000Z</time>
      </trkpt>
      <trkpt lat="40.794971" lon="-73.959686">
        <ele>19.2</ele>
        <time>2026-06-13T20:26:54.000Z</time>
      </trkpt>
      <trkpt lat="40.794977" lon="-73.959684">
        <ele>19.4</ele>
        <time>2026-06-13T20:26:55.000Z</time>
      </trkpt>
      <trkpt lat="40.794985" lon="-73.959681">
        <ele>19.4</ele>
        <time>2026-06-13T20:26:56.000Z</time>
      </trkpt>
      <trkpt lat="40.794993" lon="-73.959678">
        <ele>19.4</ele>
        <time>2026-06-13T20:26:57.000Z</time>
      </trkpt>
      <trkpt lat="40.795009" lon="-73.959672">
        <ele>19.6</ele>
        <time>2026-06-13T20:26:58.000Z</time>
      </trkpt>
      <trkpt lat="40.795016" lon="-73.959669">
        <ele>19.6</ele>
        <time>2026-06-13T20:26:59.000Z</time>
      </trkpt>
      <trkpt lat="40.795024" lon="-73.959665">
        <ele>19.6</ele>
        <time>2026-06-13T20:27:00.000Z</time>
      </trkpt>
      <trkpt lat="40.795031" lon="-73.959662">
        <ele>19.6</ele>
        <time>2026-06-13T20:27:01.000Z</time>
      </trkpt>
      <trkpt lat="40.795039" lon="-73.959659">
        <ele>19.8</ele>
        <time>2026-06-13T20:27:02.000Z</time>
      </trkpt>
      <trkpt lat="40.795051" lon="-73.959653">
        <ele>19.8</ele>
        <time>2026-06-13T20:27:03.000Z</time>
      </trkpt>
      <trkpt lat="40.795061" lon="-73.959645">
        <ele>19.8</ele>
        <time>2026-06-13T20:27:04.000Z</time>
      </trkpt>
      <trkpt lat="40.795071" lon="-73.959638">
        <ele>19.8</ele>
        <time>2026-06-13T20:27:05.000Z</time>
      </trkpt>
      <trkpt lat="40.795085" lon="-73.959627">
        <ele>20</ele>
        <time>2026-06-13T20:27:06.000Z</time>
      </trkpt>
      <trkpt lat="40.79509" lon="-73.959623">
        <ele>20</ele>
        <time>2026-06-13T20:27:07.000Z</time>
      </trkpt>
      <trkpt lat="40.795099" lon="-73.959614">
        <ele>20</ele>
        <time>2026-06-13T20:27:08.000Z</time>
      </trkpt>
      <trkpt lat="40.795107" lon="-73.959606">
        <ele>20</ele>
        <time>2026-06-13T20:27:09.000Z</time>
      </trkpt>
      <trkpt lat="40.795115" lon="-73.959599">
        <ele>20</ele>
        <time>2026-06-13T20:27:10.000Z</time>
      </trkpt>
      <trkpt lat="40.795123" lon="-73.959591">
        <ele>20.2</ele>
        <time>2026-06-13T20:27:11.000Z</time>
      </trkpt>
      <trkpt lat="40.79513" lon="-73.959583">
        <ele>20.2</ele>
        <time>2026-06-13T20:27:12.000Z</time>
      </trkpt>
      <trkpt lat="40.795138" lon="-73.959574">
        <ele>20.2</ele>
        <time>2026-06-13T20:27:13.000Z</time>
      </trkpt>
      <trkpt lat="40.795145" lon="-73.959566">
        <ele>20.2</ele>
        <time>2026-06-13T20:27:14.000Z</time>
      </trkpt>
      <trkpt lat="40.795152" lon="-73.959557">
        <ele>20.4</ele>
        <time>2026-06-13T20:27:15.000Z</time>
      </trkpt>
      <trkpt lat="40.795159" lon="-73.959549">
        <ele>20.4</ele>
        <time>2026-06-13T20:27:16.000Z</time>
      </trkpt>
      <trkpt lat="40.795166" lon="-73.959541">
        <ele>20.4</ele>
        <time>2026-06-13T20:27:17.000Z</time>
      </trkpt>
      <trkpt lat="40.795173" lon="-73.959531">
        <ele>20.6</ele>
        <time>2026-06-13T20:27:18.000Z</time>
      </trkpt>
      <trkpt lat="40.79518" lon="-73.959521">
        <ele>20.6</ele>
        <time>2026-06-13T20:27:19.000Z</time>
      </trkpt>
      <trkpt lat="40.795187" lon="-73.959511">
        <ele>20.8</ele>
        <time>2026-06-13T20:27:20.000Z</time>
      </trkpt>
      <trkpt lat="40.795194" lon="-73.959501">
        <ele>20.8</ele>
        <time>2026-06-13T20:27:21.000Z</time>
      </trkpt>
      <trkpt lat="40.795199" lon="-73.959492">
        <ele>21</ele>
        <time>2026-06-13T20:27:22.000Z</time>
      </trkpt>
      <trkpt lat="40.795204" lon="-73.959484">
        <ele>21.2</ele>
        <time>2026-06-13T20:27:23.000Z</time>
      </trkpt>
      <trkpt lat="40.795209" lon="-73.959476">
        <ele>21.2</ele>
        <time>2026-06-13T20:27:24.000Z</time>
      </trkpt>
      <trkpt lat="40.795214" lon="-73.959469">
        <ele>21.4</ele>
        <time>2026-06-13T20:27:25.000Z</time>
      </trkpt>
      <trkpt lat="40.795219" lon="-73.959462">
        <ele>21.6</ele>
        <time>2026-06-13T20:27:26.000Z</time>
      </trkpt>
      <trkpt lat="40.795225" lon="-73.959453">
        <ele>21.8</ele>
        <time>2026-06-13T20:27:27.000Z</time>
      </trkpt>
      <trkpt lat="40.795232" lon="-73.959444">
        <ele>22</ele>
        <time>2026-06-13T20:27:28.000Z</time>
      </trkpt>
      <trkpt lat="40.795239" lon="-73.959436">
        <ele>22.2</ele>
        <time>2026-06-13T20:27:29.000Z</time>
      </trkpt>
      <trkpt lat="40.795245" lon="-73.959428">
        <ele>22.4</ele>
        <time>2026-06-13T20:27:30.000Z</time>
      </trkpt>
      <trkpt lat="40.795251" lon="-73.959421">
        <ele>22.6</ele>
        <time>2026-06-13T20:27:31.000Z</time>
      </trkpt>
      <trkpt lat="40.795256" lon="-73.959415">
        <ele>22.6</ele>
        <time>2026-06-13T20:27:32.000Z</time>
      </trkpt>
      <trkpt lat="40.795262" lon="-73.959409">
        <ele>22.8</ele>
        <time>2026-06-13T20:27:33.000Z</time>
      </trkpt>
      <trkpt lat="40.795269" lon="-73.959402">
        <ele>23</ele>
        <time>2026-06-13T20:27:34.000Z</time>
      </trkpt>
      <trkpt lat="40.795275" lon="-73.959394">
        <ele>23.2</ele>
        <time>2026-06-13T20:27:35.000Z</time>
      </trkpt>
      <trkpt lat="40.795282" lon="-73.959386">
        <ele>23.4</ele>
        <time>2026-06-13T20:27:36.000Z</time>
      </trkpt>
      <trkpt lat="40.79529" lon="-73.959376">
        <ele>23.6</ele>
        <time>2026-06-13T20:27:37.000Z</time>
      </trkpt>
      <trkpt lat="40.795298" lon="-73.959367">
        <ele>23.8</ele>
        <time>2026-06-13T20:27:38.000Z</time>
      </trkpt>
      <trkpt lat="40.795305" lon="-73.959358">
        <ele>24</ele>
        <time>2026-06-13T20:27:39.000Z</time>
      </trkpt>
      <trkpt lat="40.795312" lon="-73.959349">
        <ele>24</ele>
        <time>2026-06-13T20:27:40.000Z</time>
      </trkpt>
      <trkpt lat="40.795319" lon="-73.95934">
        <ele>24.2</ele>
        <time>2026-06-13T20:27:41.000Z</time>
      </trkpt>
      <trkpt lat="40.795327" lon="-73.95933">
        <ele>24.4</ele>
        <time>2026-06-13T20:27:42.000Z</time>
      </trkpt>
      <trkpt lat="40.795334" lon="-73.95932">
        <ele>24.4</ele>
        <time>2026-06-13T20:27:43.000Z</time>
      </trkpt>
      <trkpt lat="40.79534" lon="-73.959312">
        <ele>24.6</ele>
        <time>2026-06-13T20:27:44.000Z</time>
      </trkpt>
      <trkpt lat="40.795346" lon="-73.959304">
        <ele>24.6</ele>
        <time>2026-06-13T20:27:45.000Z</time>
      </trkpt>
      <trkpt lat="40.795352" lon="-73.959296">
        <ele>24.8</ele>
        <time>2026-06-13T20:27:46.000Z</time>
      </trkpt>
      <trkpt lat="40.795357" lon="-73.959289">
        <ele>24.8</ele>
        <time>2026-06-13T20:27:47.000Z</time>
      </trkpt>
      <trkpt lat="40.795364" lon="-73.959281">
        <ele>25</ele>
        <time>2026-06-13T20:27:48.000Z</time>
      </trkpt>
      <trkpt lat="40.79537" lon="-73.959272">
        <ele>25</ele>
        <time>2026-06-13T20:27:49.000Z</time>
      </trkpt>
      <trkpt lat="40.795377" lon="-73.959264">
        <ele>25.2</ele>
        <time>2026-06-13T20:27:50.000Z</time>
      </trkpt>
      <trkpt lat="40.795384" lon="-73.959256">
        <ele>25.2</ele>
        <time>2026-06-13T20:27:51.000Z</time>
      </trkpt>
      <trkpt lat="40.795391" lon="-73.959248">
        <ele>25.4</ele>
        <time>2026-06-13T20:27:52.000Z</time>
      </trkpt>
      <trkpt lat="40.795399" lon="-73.959239">
        <ele>25.4</ele>
        <time>2026-06-13T20:27:53.000Z</time>
      </trkpt>
      <trkpt lat="40.795407" lon="-73.95923">
        <ele>25.4</ele>
        <time>2026-06-13T20:27:54.000Z</time>
      </trkpt>
      <trkpt lat="40.795415" lon="-73.959221">
        <ele>25.6</ele>
        <time>2026-06-13T20:27:55.000Z</time>
      </trkpt>
      <trkpt lat="40.795422" lon="-73.959213">
        <ele>25.6</ele>
        <time>2026-06-13T20:27:56.000Z</time>
      </trkpt>
      <trkpt lat="40.795429" lon="-73.959205">
        <ele>25.8</ele>
        <time>2026-06-13T20:27:57.000Z</time>
      </trkpt>
      <trkpt lat="40.795436" lon="-73.959197">
        <ele>25.8</ele>
        <time>2026-06-13T20:27:58.000Z</time>
      </trkpt>
      <trkpt lat="40.795443" lon="-73.959189">
        <ele>26</ele>
        <time>2026-06-13T20:27:59.000Z</time>
      </trkpt>
      <trkpt lat="40.79545" lon="-73.959182">
        <ele>26</ele>
        <time>2026-06-13T20:28:00.000Z</time>
      </trkpt>
      <trkpt lat="40.795458" lon="-73.959174">
        <ele>26.2</ele>
        <time>2026-06-13T20:28:01.000Z</time>
      </trkpt>
      <trkpt lat="40.795465" lon="-73.959166">
        <ele>26.2</ele>
        <time>2026-06-13T20:28:02.000Z</time>
      </trkpt>
      <trkpt lat="40.795472" lon="-73.959159">
        <ele>26.2</ele>
        <time>2026-06-13T20:28:03.000Z</time>
      </trkpt>
      <trkpt lat="40.795479" lon="-73.959151">
        <ele>26.4</ele>
        <time>2026-06-13T20:28:04.000Z</time>
      </trkpt>
      <trkpt lat="40.795486" lon="-73.959144">
        <ele>26.4</ele>
        <time>2026-06-13T20:28:05.000Z</time>
      </trkpt>
      <trkpt lat="40.795493" lon="-73.959137">
        <ele>26.6</ele>
        <time>2026-06-13T20:28:06.000Z</time>
      </trkpt>
      <trkpt lat="40.7955" lon="-73.95913">
        <ele>26.6</ele>
        <time>2026-06-13T20:28:07.000Z</time>
      </trkpt>
      <trkpt lat="40.795507" lon="-73.959122">
        <ele>26.6</ele>
        <time>2026-06-13T20:28:08.000Z</time>
      </trkpt>
      <trkpt lat="40.795515" lon="-73.959114">
        <ele>26.8</ele>
        <time>2026-06-13T20:28:09.000Z</time>
      </trkpt>
      <trkpt lat="40.79553" lon="-73.9591">
        <ele>26.8</ele>
        <time>2026-06-13T20:28:10.000Z</time>
      </trkpt>
      <trkpt lat="40.795536" lon="-73.959095">
        <ele>27</ele>
        <time>2026-06-13T20:28:11.000Z</time>
      </trkpt>
      <trkpt lat="40.795543" lon="-73.959089">
        <ele>27</ele>
        <time>2026-06-13T20:28:12.000Z</time>
      </trkpt>
      <trkpt lat="40.795553" lon="-73.95908">
        <ele>27</ele>
        <time>2026-06-13T20:28:13.000Z</time>
      </trkpt>
      <trkpt lat="40.795562" lon="-73.959072">
        <ele>27.2</ele>
        <time>2026-06-13T20:28:14.000Z</time>
      </trkpt>
      <trkpt lat="40.795569" lon="-73.959066">
        <ele>27.2</ele>
        <time>2026-06-13T20:28:15.000Z</time>
      </trkpt>
      <trkpt lat="40.795576" lon="-73.959059">
        <ele>27.2</ele>
        <time>2026-06-13T20:28:16.000Z</time>
      </trkpt>
      <trkpt lat="40.795583" lon="-73.959053">
        <ele>27.4</ele>
        <time>2026-06-13T20:28:17.000Z</time>
      </trkpt>
      <trkpt lat="40.795591" lon="-73.959046">
        <ele>27.4</ele>
        <time>2026-06-13T20:28:18.000Z</time>
      </trkpt>
      <trkpt lat="40.795599" lon="-73.959039">
        <ele>27.4</ele>
        <time>2026-06-13T20:28:19.000Z</time>
      </trkpt>
      <trkpt lat="40.795605" lon="-73.959034">
        <ele>27.6</ele>
        <time>2026-06-13T20:28:20.000Z</time>
      </trkpt>
      <trkpt lat="40.795612" lon="-73.959028">
        <ele>27.6</ele>
        <time>2026-06-13T20:28:21.000Z</time>
      </trkpt>
      <trkpt lat="40.795619" lon="-73.959022">
        <ele>27.6</ele>
        <time>2026-06-13T20:28:22.000Z</time>
      </trkpt>
      <trkpt lat="40.795627" lon="-73.959015">
        <ele>27.8</ele>
        <time>2026-06-13T20:28:23.000Z</time>
      </trkpt>
      <trkpt lat="40.795635" lon="-73.959008">
        <ele>27.8</ele>
        <time>2026-06-13T20:28:24.000Z</time>
      </trkpt>
      <trkpt lat="40.795642" lon="-73.959001">
        <ele>27.8</ele>
        <time>2026-06-13T20:28:25.000Z</time>
      </trkpt>
      <trkpt lat="40.79565" lon="-73.958995">
        <ele>28</ele>
        <time>2026-06-13T20:28:26.000Z</time>
      </trkpt>
      <trkpt lat="40.795659" lon="-73.958988">
        <ele>28</ele>
        <time>2026-06-13T20:28:27.000Z</time>
      </trkpt>
      <trkpt lat="40.795666" lon="-73.958981">
        <ele>28</ele>
        <time>2026-06-13T20:28:28.000Z</time>
      </trkpt>
      <trkpt lat="40.795673" lon="-73.958975">
        <ele>28.2</ele>
        <time>2026-06-13T20:28:29.000Z</time>
      </trkpt>
      <trkpt lat="40.795681" lon="-73.958969">
        <ele>28.2</ele>
        <time>2026-06-13T20:28:30.000Z</time>
      </trkpt>
      <trkpt lat="40.795688" lon="-73.958963">
        <ele>28.4</ele>
        <time>2026-06-13T20:28:31.000Z</time>
      </trkpt>
      <trkpt lat="40.795696" lon="-73.958957">
        <ele>28.4</ele>
        <time>2026-06-13T20:28:32.000Z</time>
      </trkpt>
      <trkpt lat="40.795711" lon="-73.958945">
        <ele>28.4</ele>
        <time>2026-06-13T20:28:33.000Z</time>
      </trkpt>
      <trkpt lat="40.795718" lon="-73.958939">
        <ele>28.6</ele>
        <time>2026-06-13T20:28:34.000Z</time>
      </trkpt>
      <trkpt lat="40.795724" lon="-73.958934">
        <ele>28.6</ele>
        <time>2026-06-13T20:28:35.000Z</time>
      </trkpt>
      <trkpt lat="40.795733" lon="-73.958925">
        <ele>28.8</ele>
        <time>2026-06-13T20:28:36.000Z</time>
      </trkpt>
      <trkpt lat="40.795742" lon="-73.958917">
        <ele>28.8</ele>
        <time>2026-06-13T20:28:37.000Z</time>
      </trkpt>
      <trkpt lat="40.795748" lon="-73.95891">
        <ele>29</ele>
        <time>2026-06-13T20:28:38.000Z</time>
      </trkpt>
      <trkpt lat="40.795754" lon="-73.958904">
        <ele>29</ele>
        <time>2026-06-13T20:28:39.000Z</time>
      </trkpt>
      <trkpt lat="40.795758" lon="-73.958899">
        <ele>29.2</ele>
        <time>2026-06-13T20:28:40.000Z</time>
      </trkpt>
      <trkpt lat="40.795763" lon="-73.958894">
        <ele>29.2</ele>
        <time>2026-06-13T20:28:41.000Z</time>
      </trkpt>
      <trkpt lat="40.795767" lon="-73.95889">
        <ele>29.4</ele>
        <time>2026-06-13T20:28:42.000Z</time>
      </trkpt>
      <trkpt lat="40.795771" lon="-73.958886">
        <ele>29.4</ele>
        <time>2026-06-13T20:28:43.000Z</time>
      </trkpt>
      <trkpt lat="40.795774" lon="-73.958882">
        <ele>29.6</ele>
        <time>2026-06-13T20:28:44.000Z</time>
      </trkpt>
      <trkpt lat="40.795777" lon="-73.958877">
        <ele>29.8</ele>
        <time>2026-06-13T20:28:45.000Z</time>
      </trkpt>
      <trkpt lat="40.795781" lon="-73.958873">
        <ele>29.8</ele>
        <time>2026-06-13T20:28:46.000Z</time>
      </trkpt>
      <trkpt lat="40.795784" lon="-73.958868">
        <ele>30</ele>
        <time>2026-06-13T20:28:47.000Z</time>
      </trkpt>
      <trkpt lat="40.795788" lon="-73.958863">
        <ele>30.2</ele>
        <time>2026-06-13T20:28:48.000Z</time>
      </trkpt>
      <trkpt lat="40.795795" lon="-73.958851">
        <ele>30.4</ele>
        <time>2026-06-13T20:28:49.000Z</time>
      </trkpt>
      <trkpt lat="40.7958" lon="-73.958844">
        <ele>30.4</ele>
        <time>2026-06-13T20:28:50.000Z</time>
      </trkpt>
      <trkpt lat="40.795804" lon="-73.958837">
        <ele>30.6</ele>
        <time>2026-06-13T20:28:51.000Z</time>
      </trkpt>
      <trkpt lat="40.795809" lon="-73.95883">
        <ele>30.8</ele>
        <time>2026-06-13T20:28:52.000Z</time>
      </trkpt>
      <trkpt lat="40.795813" lon="-73.958823">
        <ele>31</ele>
        <time>2026-06-13T20:28:53.000Z</time>
      </trkpt>
      <trkpt lat="40.795819" lon="-73.958811">
        <ele>31</ele>
        <time>2026-06-13T20:28:54.000Z</time>
      </trkpt>
      <trkpt lat="40.795824" lon="-73.9588">
        <ele>31.2</ele>
        <time>2026-06-13T20:28:55.000Z</time>
      </trkpt>
      <trkpt lat="40.795835" lon="-73.958778">
        <ele>31.4</ele>
        <time>2026-06-13T20:28:56.000Z</time>
      </trkpt>
      <trkpt lat="40.795839" lon="-73.95877">
        <ele>31.4</ele>
        <time>2026-06-13T20:28:57.000Z</time>
      </trkpt>
      <trkpt lat="40.795844" lon="-73.958761">
        <ele>31.6</ele>
        <time>2026-06-13T20:28:58.000Z</time>
      </trkpt>
      <trkpt lat="40.795849" lon="-73.958747">
        <ele>31.8</ele>
        <time>2026-06-13T20:28:59.000Z</time>
      </trkpt>
      <trkpt lat="40.795854" lon="-73.958732">
        <ele>31.8</ele>
        <time>2026-06-13T20:29:00.000Z</time>
      </trkpt>
      <trkpt lat="40.795858" lon="-73.958718">
        <ele>32</ele>
        <time>2026-06-13T20:29:01.000Z</time>
      </trkpt>
      <trkpt lat="40.795863" lon="-73.958704">
        <ele>32</ele>
        <time>2026-06-13T20:29:02.000Z</time>
      </trkpt>
      <trkpt lat="40.795867" lon="-73.958691">
        <ele>32.2</ele>
        <time>2026-06-13T20:29:03.000Z</time>
      </trkpt>
      <trkpt lat="40.795871" lon="-73.958678">
        <ele>32.2</ele>
        <time>2026-06-13T20:29:04.000Z</time>
      </trkpt>
      <trkpt lat="40.795875" lon="-73.958665">
        <ele>32.4</ele>
        <time>2026-06-13T20:29:05.000Z</time>
      </trkpt>
      <trkpt lat="40.795879" lon="-73.958653">
        <ele>32.4</ele>
        <time>2026-06-13T20:29:06.000Z</time>
      </trkpt>
      <trkpt lat="40.795882" lon="-73.958641">
        <ele>32.6</ele>
        <time>2026-06-13T20:29:07.000Z</time>
      </trkpt>
      <trkpt lat="40.795886" lon="-73.958629">
        <ele>32.8</ele>
        <time>2026-06-13T20:29:08.000Z</time>
      </trkpt>
      <trkpt lat="40.79589" lon="-73.958617">
        <ele>32.8</ele>
        <time>2026-06-13T20:29:09.000Z</time>
      </trkpt>
      <trkpt lat="40.795893" lon="-73.958605">
        <ele>32.8</ele>
        <time>2026-06-13T20:29:10.000Z</time>
      </trkpt>
      <trkpt lat="40.795897" lon="-73.958594">
        <ele>33</ele>
        <time>2026-06-13T20:29:11.000Z</time>
      </trkpt>
      <trkpt lat="40.7959" lon="-73.958582">
        <ele>33</ele>
        <time>2026-06-13T20:29:12.000Z</time>
      </trkpt>
      <trkpt lat="40.795902" lon="-73.95857">
        <ele>33.2</ele>
        <time>2026-06-13T20:29:13.000Z</time>
      </trkpt>
      <trkpt lat="40.795905" lon="-73.958559">
        <ele>33.2</ele>
        <time>2026-06-13T20:29:14.000Z</time>
      </trkpt>
      <trkpt lat="40.795908" lon="-73.958547">
        <ele>33.4</ele>
        <time>2026-06-13T20:29:15.000Z</time>
      </trkpt>
      <trkpt lat="40.795911" lon="-73.958535">
        <ele>33.4</ele>
        <time>2026-06-13T20:29:16.000Z</time>
      </trkpt>
      <trkpt lat="40.795914" lon="-73.958523">
        <ele>33.4</ele>
        <time>2026-06-13T20:29:17.000Z</time>
      </trkpt>
      <trkpt lat="40.795917" lon="-73.95851">
        <ele>33.6</ele>
        <time>2026-06-13T20:29:18.000Z</time>
      </trkpt>
      <trkpt lat="40.79592" lon="-73.958498">
        <ele>33.6</ele>
        <time>2026-06-13T20:29:19.000Z</time>
      </trkpt>
      <trkpt lat="40.795923" lon="-73.958485">
        <ele>33.8</ele>
        <time>2026-06-13T20:29:20.000Z</time>
      </trkpt>
      <trkpt lat="40.795926" lon="-73.958472">
        <ele>33.8</ele>
        <time>2026-06-13T20:29:21.000Z</time>
      </trkpt>
      <trkpt lat="40.795929" lon="-73.958459">
        <ele>33.8</ele>
        <time>2026-06-13T20:29:22.000Z</time>
      </trkpt>
      <trkpt lat="40.795932" lon="-73.958446">
        <ele>34</ele>
        <time>2026-06-13T20:29:23.000Z</time>
      </trkpt>
      <trkpt lat="40.795936" lon="-73.958433">
        <ele>34</ele>
        <time>2026-06-13T20:29:24.000Z</time>
      </trkpt>
      <trkpt lat="40.795939" lon="-73.958419">
        <ele>34.2</ele>
        <time>2026-06-13T20:29:25.000Z</time>
      </trkpt>
      <trkpt lat="40.795942" lon="-73.958406">
        <ele>34.2</ele>
        <time>2026-06-13T20:29:26.000Z</time>
      </trkpt>
      <trkpt lat="40.795945" lon="-73.958393">
        <ele>34.2</ele>
        <time>2026-06-13T20:29:27.000Z</time>
      </trkpt>
      <trkpt lat="40.795948" lon="-73.95838">
        <ele>34.4</ele>
        <time>2026-06-13T20:29:28.000Z</time>
      </trkpt>
      <trkpt lat="40.795951" lon="-73.958368">
        <ele>34.4</ele>
        <time>2026-06-13T20:29:29.000Z</time>
      </trkpt>
      <trkpt lat="40.795955" lon="-73.958356">
        <ele>34.4</ele>
        <time>2026-06-13T20:29:30.000Z</time>
      </trkpt>
      <trkpt lat="40.795959" lon="-73.958344">
        <ele>34.6</ele>
        <time>2026-06-13T20:29:31.000Z</time>
      </trkpt>
      <trkpt lat="40.795963" lon="-73.958332">
        <ele>34.6</ele>
        <time>2026-06-13T20:29:32.000Z</time>
      </trkpt>
      <trkpt lat="40.795968" lon="-73.958321">
        <ele>34.8</ele>
        <time>2026-06-13T20:29:33.000Z</time>
      </trkpt>
      <trkpt lat="40.795972" lon="-73.95831">
        <ele>34.8</ele>
        <time>2026-06-13T20:29:34.000Z</time>
      </trkpt>
      <trkpt lat="40.795977" lon="-73.958299">
        <ele>35</ele>
        <time>2026-06-13T20:29:35.000Z</time>
      </trkpt>
      <trkpt lat="40.795982" lon="-73.958288">
        <ele>35</ele>
        <time>2026-06-13T20:29:36.000Z</time>
      </trkpt>
      <trkpt lat="40.795988" lon="-73.958278">
        <ele>35</ele>
        <time>2026-06-13T20:29:37.000Z</time>
      </trkpt>
      <trkpt lat="40.795994" lon="-73.958269">
        <ele>35.2</ele>
        <time>2026-06-13T20:29:38.000Z</time>
      </trkpt>
      <trkpt lat="40.796002" lon="-73.958261">
        <ele>35.2</ele>
        <time>2026-06-13T20:29:39.000Z</time>
      </trkpt>
      <trkpt lat="40.79601" lon="-73.958253">
        <ele>35.4</ele>
        <time>2026-06-13T20:29:40.000Z</time>
      </trkpt>
      <trkpt lat="40.79602" lon="-73.958246">
        <ele>35.4</ele>
        <time>2026-06-13T20:29:41.000Z</time>
      </trkpt>
      <trkpt lat="40.796032" lon="-73.95824">
        <ele>35.6</ele>
        <time>2026-06-13T20:29:42.000Z</time>
      </trkpt>
      <trkpt lat="40.796044" lon="-73.958235">
        <ele>35.6</ele>
        <time>2026-06-13T20:29:43.000Z</time>
      </trkpt>
      <trkpt lat="40.796056" lon="-73.958231">
        <ele>35.8</ele>
        <time>2026-06-13T20:29:44.000Z</time>
      </trkpt>
      <trkpt lat="40.796067" lon="-73.958229">
        <ele>35.8</ele>
        <time>2026-06-13T20:29:45.000Z</time>
      </trkpt>
      <trkpt lat="40.796077" lon="-73.958227">
        <ele>36</ele>
        <time>2026-06-13T20:29:46.000Z</time>
      </trkpt>
      <trkpt lat="40.796088" lon="-73.958227">
        <ele>36.2</ele>
        <time>2026-06-13T20:29:47.000Z</time>
      </trkpt>
      <trkpt lat="40.796099" lon="-73.958227">
        <ele>36.2</ele>
        <time>2026-06-13T20:29:48.000Z</time>
      </trkpt>
      <trkpt lat="40.79611" lon="-73.958228">
        <ele>36.4</ele>
        <time>2026-06-13T20:29:49.000Z</time>
      </trkpt>
      <trkpt lat="40.796121" lon="-73.958229">
        <ele>36.4</ele>
        <time>2026-06-13T20:29:50.000Z</time>
      </trkpt>
      <trkpt lat="40.796131" lon="-73.958233">
        <ele>36.6</ele>
        <time>2026-06-13T20:29:51.000Z</time>
      </trkpt>
      <trkpt lat="40.79614" lon="-73.958237">
        <ele>36.6</ele>
        <time>2026-06-13T20:29:52.000Z</time>
      </trkpt>
      <trkpt lat="40.79615" lon="-73.958242">
        <ele>36.8</ele>
        <time>2026-06-13T20:29:53.000Z</time>
      </trkpt>
      <trkpt lat="40.796158" lon="-73.958247">
        <ele>36.8</ele>
        <time>2026-06-13T20:29:54.000Z</time>
      </trkpt>
      <trkpt lat="40.796167" lon="-73.958254">
        <ele>37</ele>
        <time>2026-06-13T20:29:55.000Z</time>
      </trkpt>
      <trkpt lat="40.796176" lon="-73.95826">
        <ele>37</ele>
        <time>2026-06-13T20:29:56.000Z</time>
      </trkpt>
      <trkpt lat="40.796184" lon="-73.958267">
        <ele>37.2</ele>
        <time>2026-06-13T20:29:57.000Z</time>
      </trkpt>
      <trkpt lat="40.796193" lon="-73.958274">
        <ele>37.2</ele>
        <time>2026-06-13T20:29:58.000Z</time>
      </trkpt>
      <trkpt lat="40.796201" lon="-73.958283">
        <ele>37.2</ele>
        <time>2026-06-13T20:29:59.000Z</time>
      </trkpt>
      <trkpt lat="40.79621" lon="-73.958292">
        <ele>37.4</ele>
        <time>2026-06-13T20:30:00.000Z</time>
      </trkpt>
      <trkpt lat="40.796218" lon="-73.9583">
        <ele>37.4</ele>
        <time>2026-06-13T20:30:01.000Z</time>
      </trkpt>
      <trkpt lat="40.796226" lon="-73.958309">
        <ele>37.6</ele>
        <time>2026-06-13T20:30:02.000Z</time>
      </trkpt>
      <trkpt lat="40.796233" lon="-73.958318">
        <ele>37.6</ele>
        <time>2026-06-13T20:30:03.000Z</time>
      </trkpt>
      <trkpt lat="40.79624" lon="-73.958327">
        <ele>37.8</ele>
        <time>2026-06-13T20:30:04.000Z</time>
      </trkpt>
      <trkpt lat="40.796246" lon="-73.958336">
        <ele>37.8</ele>
        <time>2026-06-13T20:30:05.000Z</time>
      </trkpt>
      <trkpt lat="40.796252" lon="-73.958346">
        <ele>38</ele>
        <time>2026-06-13T20:30:06.000Z</time>
      </trkpt>
      <trkpt lat="40.796258" lon="-73.958357">
        <ele>38</ele>
        <time>2026-06-13T20:30:07.000Z</time>
      </trkpt>
      <trkpt lat="40.796264" lon="-73.958368">
        <ele>38.2</ele>
        <time>2026-06-13T20:30:08.000Z</time>
      </trkpt>
      <trkpt lat="40.79627" lon="-73.95838">
        <ele>38.2</ele>
        <time>2026-06-13T20:30:09.000Z</time>
      </trkpt>
      <trkpt lat="40.796277" lon="-73.958393">
        <ele>38.4</ele>
        <time>2026-06-13T20:30:10.000Z</time>
      </trkpt>
      <trkpt lat="40.796283" lon="-73.958405">
        <ele>38.4</ele>
        <time>2026-06-13T20:30:11.000Z</time>
      </trkpt>
      <trkpt lat="40.79629" lon="-73.958415">
        <ele>38.6</ele>
        <time>2026-06-13T20:30:12.000Z</time>
      </trkpt>
      <trkpt lat="40.796297" lon="-73.958426">
        <ele>38.6</ele>
        <time>2026-06-13T20:30:13.000Z</time>
      </trkpt>
      <trkpt lat="40.796306" lon="-73.958435">
        <ele>38.8</ele>
        <time>2026-06-13T20:30:14.000Z</time>
      </trkpt>
      <trkpt lat="40.796315" lon="-73.958443">
        <ele>38.8</ele>
        <time>2026-06-13T20:30:15.000Z</time>
      </trkpt>
      <trkpt lat="40.796325" lon="-73.958449">
        <ele>39</ele>
        <time>2026-06-13T20:30:16.000Z</time>
      </trkpt>
      <trkpt lat="40.796334" lon="-73.958454">
        <ele>39</ele>
        <time>2026-06-13T20:30:17.000Z</time>
      </trkpt>
      <trkpt lat="40.796344" lon="-73.958456">
        <ele>39.2</ele>
        <time>2026-06-13T20:30:18.000Z</time>
      </trkpt>
      <trkpt lat="40.796355" lon="-73.958458">
        <ele>39.2</ele>
        <time>2026-06-13T20:30:19.000Z</time>
      </trkpt>
      <trkpt lat="40.796365" lon="-73.958459">
        <ele>39.2</ele>
        <time>2026-06-13T20:30:20.000Z</time>
      </trkpt>
      <trkpt lat="40.796375" lon="-73.958459">
        <ele>39.4</ele>
        <time>2026-06-13T20:30:21.000Z</time>
      </trkpt>
      <trkpt lat="40.796386" lon="-73.958459">
        <ele>39.4</ele>
        <time>2026-06-13T20:30:22.000Z</time>
      </trkpt>
      <trkpt lat="40.796397" lon="-73.958458">
        <ele>39.4</ele>
        <time>2026-06-13T20:30:23.000Z</time>
      </trkpt>
      <trkpt lat="40.796406" lon="-73.958458">
        <ele>39.6</ele>
        <time>2026-06-13T20:30:24.000Z</time>
      </trkpt>
      <trkpt lat="40.796416" lon="-73.958458">
        <ele>39.6</ele>
        <time>2026-06-13T20:30:25.000Z</time>
      </trkpt>
      <trkpt lat="40.796427" lon="-73.958457">
        <ele>39.8</ele>
        <time>2026-06-13T20:30:26.000Z</time>
      </trkpt>
      <trkpt lat="40.796438" lon="-73.958456">
        <ele>39.8</ele>
        <time>2026-06-13T20:30:27.000Z</time>
      </trkpt>
      <trkpt lat="40.796449" lon="-73.958455">
        <ele>39.8</ele>
        <time>2026-06-13T20:30:28.000Z</time>
      </trkpt>
      <trkpt lat="40.79646" lon="-73.958453">
        <ele>40</ele>
        <time>2026-06-13T20:30:29.000Z</time>
      </trkpt>
      <trkpt lat="40.796471" lon="-73.958452">
        <ele>40</ele>
        <time>2026-06-13T20:30:30.000Z</time>
      </trkpt>
      <trkpt lat="40.796482" lon="-73.958451">
        <ele>40.2</ele>
        <time>2026-06-13T20:30:31.000Z</time>
      </trkpt>
      <trkpt lat="40.796492" lon="-73.958449">
        <ele>40.2</ele>
        <time>2026-06-13T20:30:32.000Z</time>
      </trkpt>
      <trkpt lat="40.796502" lon="-73.958447">
        <ele>40.2</ele>
        <time>2026-06-13T20:30:33.000Z</time>
      </trkpt>
      <trkpt lat="40.796511" lon="-73.958445">
        <ele>40.4</ele>
        <time>2026-06-13T20:30:34.000Z</time>
      </trkpt>
      <trkpt lat="40.79652" lon="-73.958443">
        <ele>40.4</ele>
        <time>2026-06-13T20:30:35.000Z</time>
      </trkpt>
      <trkpt lat="40.79653" lon="-73.958441">
        <ele>40.4</ele>
        <time>2026-06-13T20:30:36.000Z</time>
      </trkpt>
      <trkpt lat="40.79654" lon="-73.958438">
        <ele>40.6</ele>
        <time>2026-06-13T20:30:37.000Z</time>
      </trkpt>
      <trkpt lat="40.79655" lon="-73.958435">
        <ele>40.6</ele>
        <time>2026-06-13T20:30:38.000Z</time>
      </trkpt>
      <trkpt lat="40.79656" lon="-73.958433">
        <ele>40.6</ele>
        <time>2026-06-13T20:30:39.000Z</time>
      </trkpt>
      <trkpt lat="40.796569" lon="-73.95843">
        <ele>40.6</ele>
        <time>2026-06-13T20:30:40.000Z</time>
      </trkpt>
      <trkpt lat="40.796579" lon="-73.958426">
        <ele>40.6</ele>
        <time>2026-06-13T20:30:41.000Z</time>
      </trkpt>
      <trkpt lat="40.796588" lon="-73.958423">
        <ele>40.6</ele>
        <time>2026-06-13T20:30:42.000Z</time>
      </trkpt>
      <trkpt lat="40.796597" lon="-73.958419">
        <ele>40.6</ele>
        <time>2026-06-13T20:30:43.000Z</time>
      </trkpt>
      <trkpt lat="40.796607" lon="-73.958415">
        <ele>40.6</ele>
        <time>2026-06-13T20:30:44.000Z</time>
      </trkpt>
      <trkpt lat="40.796617" lon="-73.958413">
        <ele>40.8</ele>
        <time>2026-06-13T20:30:45.000Z</time>
      </trkpt>
      <trkpt lat="40.796627" lon="-73.958411">
        <ele>40.8</ele>
        <time>2026-06-13T20:30:46.000Z</time>
      </trkpt>
      <trkpt lat="40.796638" lon="-73.95841">
        <ele>40.8</ele>
        <time>2026-06-13T20:30:47.000Z</time>
      </trkpt>
      <trkpt lat="40.796648" lon="-73.958408">
        <ele>40.8</ele>
        <time>2026-06-13T20:30:48.000Z</time>
      </trkpt>
      <trkpt lat="40.796658" lon="-73.958403">
        <ele>40.8</ele>
        <time>2026-06-13T20:30:49.000Z</time>
      </trkpt>
      <trkpt lat="40.796666" lon="-73.958396">
        <ele>40.8</ele>
        <time>2026-06-13T20:30:50.000Z</time>
      </trkpt>
      <trkpt lat="40.796674" lon="-73.958387">
        <ele>40.8</ele>
        <time>2026-06-13T20:30:51.000Z</time>
      </trkpt>
      <trkpt lat="40.796682" lon="-73.958378">
        <ele>40.8</ele>
        <time>2026-06-13T20:30:52.000Z</time>
      </trkpt>
      <trkpt lat="40.79669" lon="-73.958368">
        <ele>40.8</ele>
        <time>2026-06-13T20:30:53.000Z</time>
      </trkpt>
      <trkpt lat="40.796699" lon="-73.958357">
        <ele>40.8</ele>
        <time>2026-06-13T20:30:54.000Z</time>
      </trkpt>
      <trkpt lat="40.796707" lon="-73.958347">
        <ele>40.6</ele>
        <time>2026-06-13T20:30:55.000Z</time>
      </trkpt>
      <trkpt lat="40.796715" lon="-73.958336">
        <ele>40.6</ele>
        <time>2026-06-13T20:30:56.000Z</time>
      </trkpt>
      <trkpt lat="40.796723" lon="-73.958326">
        <ele>40.6</ele>
        <time>2026-06-13T20:30:57.000Z</time>
      </trkpt>
      <trkpt lat="40.79673" lon="-73.958317">
        <ele>40.6</ele>
        <time>2026-06-13T20:30:58.000Z</time>
      </trkpt>
      <trkpt lat="40.796738" lon="-73.958308">
        <ele>40.6</ele>
        <time>2026-06-13T20:30:59.000Z</time>
      </trkpt>
      <trkpt lat="40.796745" lon="-73.9583">
        <ele>40.6</ele>
        <time>2026-06-13T20:31:00.000Z</time>
      </trkpt>
      <trkpt lat="40.796753" lon="-73.958291">
        <ele>40.6</ele>
        <time>2026-06-13T20:31:01.000Z</time>
      </trkpt>
      <trkpt lat="40.796761" lon="-73.958282">
        <ele>40.4</ele>
        <time>2026-06-13T20:31:02.000Z</time>
      </trkpt>
      <trkpt lat="40.79677" lon="-73.958274">
        <ele>40.4</ele>
        <time>2026-06-13T20:31:03.000Z</time>
      </trkpt>
      <trkpt lat="40.796778" lon="-73.958266">
        <ele>40.4</ele>
        <time>2026-06-13T20:31:04.000Z</time>
      </trkpt>
      <trkpt lat="40.796787" lon="-73.958257">
        <ele>40.4</ele>
        <time>2026-06-13T20:31:05.000Z</time>
      </trkpt>
      <trkpt lat="40.796796" lon="-73.958249">
        <ele>40.4</ele>
        <time>2026-06-13T20:31:06.000Z</time>
      </trkpt>
      <trkpt lat="40.796805" lon="-73.95824">
        <ele>40.4</ele>
        <time>2026-06-13T20:31:07.000Z</time>
      </trkpt>
      <trkpt lat="40.796813" lon="-73.958231">
        <ele>40.4</ele>
        <time>2026-06-13T20:31:08.000Z</time>
      </trkpt>
      <trkpt lat="40.796822" lon="-73.958224">
        <ele>40.4</ele>
        <time>2026-06-13T20:31:09.000Z</time>
      </trkpt>
      <trkpt lat="40.79683" lon="-73.958216">
        <ele>40.4</ele>
        <time>2026-06-13T20:31:10.000Z</time>
      </trkpt>
      <trkpt lat="40.796839" lon="-73.958209">
        <ele>40.4</ele>
        <time>2026-06-13T20:31:11.000Z</time>
      </trkpt>
      <trkpt lat="40.796847" lon="-73.958203">
        <ele>40.4</ele>
        <time>2026-06-13T20:31:12.000Z</time>
      </trkpt>
      <trkpt lat="40.796856" lon="-73.958197">
        <ele>40.2</ele>
        <time>2026-06-13T20:31:13.000Z</time>
      </trkpt>
      <trkpt lat="40.796866" lon="-73.958192">
        <ele>40.2</ele>
        <time>2026-06-13T20:31:14.000Z</time>
      </trkpt>
      <trkpt lat="40.796876" lon="-73.958189">
        <ele>40.2</ele>
        <time>2026-06-13T20:31:15.000Z</time>
      </trkpt>
      <trkpt lat="40.796885" lon="-73.958185">
        <ele>40.2</ele>
        <time>2026-06-13T20:31:16.000Z</time>
      </trkpt>
      <trkpt lat="40.796895" lon="-73.958181">
        <ele>40.2</ele>
        <time>2026-06-13T20:31:17.000Z</time>
      </trkpt>
      <trkpt lat="40.796904" lon="-73.958177">
        <ele>40.2</ele>
        <time>2026-06-13T20:31:18.000Z</time>
      </trkpt>
      <trkpt lat="40.796914" lon="-73.958173">
        <ele>40.2</ele>
        <time>2026-06-13T20:31:19.000Z</time>
      </trkpt>
      <trkpt lat="40.796924" lon="-73.95817">
        <ele>40.2</ele>
        <time>2026-06-13T20:31:20.000Z</time>
      </trkpt>
      <trkpt lat="40.796933" lon="-73.958166">
        <ele>40.2</ele>
        <time>2026-06-13T20:31:21.000Z</time>
      </trkpt>
      <trkpt lat="40.796943" lon="-73.958164">
        <ele>40.2</ele>
        <time>2026-06-13T20:31:22.000Z</time>
      </trkpt>
      <trkpt lat="40.796954" lon="-73.958162">
        <ele>40.2</ele>
        <time>2026-06-13T20:31:23.000Z</time>
      </trkpt>
      <trkpt lat="40.796964" lon="-73.958161">
        <ele>40.2</ele>
        <time>2026-06-13T20:31:24.000Z</time>
      </trkpt>
      <trkpt lat="40.796975" lon="-73.95816">
        <ele>40.2</ele>
        <time>2026-06-13T20:31:25.000Z</time>
      </trkpt>
      <trkpt lat="40.796985" lon="-73.95816">
        <ele>40.2</ele>
        <time>2026-06-13T20:31:26.000Z</time>
      </trkpt>
      <trkpt lat="40.796995" lon="-73.95816">
        <ele>40.2</ele>
        <time>2026-06-13T20:31:27.000Z</time>
      </trkpt>
      <trkpt lat="40.797005" lon="-73.95816">
        <ele>40.2</ele>
        <time>2026-06-13T20:31:28.000Z</time>
      </trkpt>
      <trkpt lat="40.797015" lon="-73.95816">
        <ele>40.2</ele>
        <time>2026-06-13T20:31:29.000Z</time>
      </trkpt>
      <trkpt lat="40.797025" lon="-73.958162">
        <ele>40.2</ele>
        <time>2026-06-13T20:31:30.000Z</time>
      </trkpt>
      <trkpt lat="40.797035" lon="-73.958163">
        <ele>40.2</ele>
        <time>2026-06-13T20:31:31.000Z</time>
      </trkpt>
      <trkpt lat="40.797046" lon="-73.958165">
        <ele>40.2</ele>
        <time>2026-06-13T20:31:32.000Z</time>
      </trkpt>
      <trkpt lat="40.797056" lon="-73.958167">
        <ele>40.2</ele>
        <time>2026-06-13T20:31:33.000Z</time>
      </trkpt>
      <trkpt lat="40.797066" lon="-73.958169">
        <ele>40.2</ele>
        <time>2026-06-13T20:31:34.000Z</time>
      </trkpt>
      <trkpt lat="40.797076" lon="-73.95817">
        <ele>40.2</ele>
        <time>2026-06-13T20:31:35.000Z</time>
      </trkpt>
      <trkpt lat="40.797086" lon="-73.958172">
        <ele>40.2</ele>
        <time>2026-06-13T20:31:36.000Z</time>
      </trkpt>
      <trkpt lat="40.797096" lon="-73.958173">
        <ele>40.2</ele>
        <time>2026-06-13T20:31:37.000Z</time>
      </trkpt>
      <trkpt lat="40.797106" lon="-73.958175">
        <ele>40</ele>
        <time>2026-06-13T20:31:38.000Z</time>
      </trkpt>
      <trkpt lat="40.797116" lon="-73.958177">
        <ele>40</ele>
        <time>2026-06-13T20:31:39.000Z</time>
      </trkpt>
      <trkpt lat="40.797126" lon="-73.958179">
        <ele>40</ele>
        <time>2026-06-13T20:31:40.000Z</time>
      </trkpt>
      <trkpt lat="40.797135" lon="-73.958182">
        <ele>40</ele>
        <time>2026-06-13T20:31:41.000Z</time>
      </trkpt>
      <trkpt lat="40.797144" lon="-73.958186">
        <ele>40</ele>
        <time>2026-06-13T20:31:42.000Z</time>
      </trkpt>
      <trkpt lat="40.797153" lon="-73.958191">
        <ele>40</ele>
        <time>2026-06-13T20:31:43.000Z</time>
      </trkpt>
      <trkpt lat="40.797162" lon="-73.958196">
        <ele>40</ele>
        <time>2026-06-13T20:31:44.000Z</time>
      </trkpt>
      <trkpt lat="40.797171" lon="-73.958201">
        <ele>40</ele>
        <time>2026-06-13T20:31:45.000Z</time>
      </trkpt>
      <trkpt lat="40.79718" lon="-73.958207">
        <ele>40.2</ele>
        <time>2026-06-13T20:31:46.000Z</time>
      </trkpt>
      <trkpt lat="40.797189" lon="-73.958214">
        <ele>40.2</ele>
        <time>2026-06-13T20:31:47.000Z</time>
      </trkpt>
      <trkpt lat="40.797197" lon="-73.95822">
        <ele>40.2</ele>
        <time>2026-06-13T20:31:48.000Z</time>
      </trkpt>
      <trkpt lat="40.797205" lon="-73.958227">
        <ele>40.2</ele>
        <time>2026-06-13T20:31:49.000Z</time>
      </trkpt>
      <trkpt lat="40.797212" lon="-73.958233">
        <ele>40.2</ele>
        <time>2026-06-13T20:31:50.000Z</time>
      </trkpt>
      <trkpt lat="40.79722" lon="-73.95824">
        <ele>40.2</ele>
        <time>2026-06-13T20:31:51.000Z</time>
      </trkpt>
      <trkpt lat="40.797227" lon="-73.958248">
        <ele>40.2</ele>
        <time>2026-06-13T20:31:52.000Z</time>
      </trkpt>
      <trkpt lat="40.797234" lon="-73.958256">
        <ele>40.2</ele>
        <time>2026-06-13T20:31:53.000Z</time>
      </trkpt>
      <trkpt lat="40.79724" lon="-73.958264">
        <ele>40.2</ele>
        <time>2026-06-13T20:31:54.000Z</time>
      </trkpt>
      <trkpt lat="40.797247" lon="-73.958272">
        <ele>40.2</ele>
        <time>2026-06-13T20:31:55.000Z</time>
      </trkpt>
      <trkpt lat="40.797253" lon="-73.95828">
        <ele>40.2</ele>
        <time>2026-06-13T20:31:56.000Z</time>
      </trkpt>
      <trkpt lat="40.797259" lon="-73.958289">
        <ele>40.2</ele>
        <time>2026-06-13T20:31:57.000Z</time>
      </trkpt>
      <trkpt lat="40.797265" lon="-73.958299">
        <ele>40.4</ele>
        <time>2026-06-13T20:31:58.000Z</time>
      </trkpt>
      <trkpt lat="40.797272" lon="-73.95831">
        <ele>40.4</ele>
        <time>2026-06-13T20:31:59.000Z</time>
      </trkpt>
      <trkpt lat="40.797278" lon="-73.958321">
        <ele>40.4</ele>
        <time>2026-06-13T20:32:00.000Z</time>
      </trkpt>
      <trkpt lat="40.797284" lon="-73.958332">
        <ele>40.4</ele>
        <time>2026-06-13T20:32:01.000Z</time>
      </trkpt>
      <trkpt lat="40.79729" lon="-73.958343">
        <ele>40.4</ele>
        <time>2026-06-13T20:32:02.000Z</time>
      </trkpt>
      <trkpt lat="40.797295" lon="-73.958354">
        <ele>40.4</ele>
        <time>2026-06-13T20:32:03.000Z</time>
      </trkpt>
      <trkpt lat="40.797299" lon="-73.958366">
        <ele>40.6</ele>
        <time>2026-06-13T20:32:04.000Z</time>
      </trkpt>
      <trkpt lat="40.797303" lon="-73.958378">
        <ele>40.6</ele>
        <time>2026-06-13T20:32:05.000Z</time>
      </trkpt>
      <trkpt lat="40.797307" lon="-73.95839">
        <ele>40.6</ele>
        <time>2026-06-13T20:32:06.000Z</time>
      </trkpt>
      <trkpt lat="40.79731" lon="-73.958403">
        <ele>40.6</ele>
        <time>2026-06-13T20:32:07.000Z</time>
      </trkpt>
      <trkpt lat="40.797312" lon="-73.958416">
        <ele>40.6</ele>
        <time>2026-06-13T20:32:08.000Z</time>
      </trkpt>
      <trkpt lat="40.797314" lon="-73.95843">
        <ele>40.6</ele>
        <time>2026-06-13T20:32:09.000Z</time>
      </trkpt>
      <trkpt lat="40.797316" lon="-73.958444">
        <ele>40.6</ele>
        <time>2026-06-13T20:32:10.000Z</time>
      </trkpt>
      <trkpt lat="40.797318" lon="-73.958458">
        <ele>40.6</ele>
        <time>2026-06-13T20:32:11.000Z</time>
      </trkpt>
      <trkpt lat="40.79732" lon="-73.958472">
        <ele>40.6</ele>
        <time>2026-06-13T20:32:12.000Z</time>
      </trkpt>
      <trkpt lat="40.797322" lon="-73.958485">
        <ele>40.6</ele>
        <time>2026-06-13T20:32:13.000Z</time>
      </trkpt>
      <trkpt lat="40.797323" lon="-73.958499">
        <ele>40.6</ele>
        <time>2026-06-13T20:32:14.000Z</time>
      </trkpt>
      <trkpt lat="40.797324" lon="-73.958513">
        <ele>40.6</ele>
        <time>2026-06-13T20:32:15.000Z</time>
      </trkpt>
      <trkpt lat="40.797325" lon="-73.958527">
        <ele>40.6</ele>
        <time>2026-06-13T20:32:16.000Z</time>
      </trkpt>
      <trkpt lat="40.797326" lon="-73.958541">
        <ele>40.4</ele>
        <time>2026-06-13T20:32:17.000Z</time>
      </trkpt>
      <trkpt lat="40.797327" lon="-73.958554">
        <ele>40.4</ele>
        <time>2026-06-13T20:32:18.000Z</time>
      </trkpt>
      <trkpt lat="40.797328" lon="-73.958567">
        <ele>40.4</ele>
        <time>2026-06-13T20:32:19.000Z</time>
      </trkpt>
      <trkpt lat="40.797329" lon="-73.958581">
        <ele>40.4</ele>
        <time>2026-06-13T20:32:20.000Z</time>
      </trkpt>
      <trkpt lat="40.797329" lon="-73.958594">
        <ele>40.4</ele>
        <time>2026-06-13T20:32:21.000Z</time>
      </trkpt>
      <trkpt lat="40.797329" lon="-73.958607">
        <ele>40.4</ele>
        <time>2026-06-13T20:32:22.000Z</time>
      </trkpt>
      <trkpt lat="40.797328" lon="-73.95862">
        <ele>40.4</ele>
        <time>2026-06-13T20:32:23.000Z</time>
      </trkpt>
      <trkpt lat="40.797328" lon="-73.958635">
        <ele>40.4</ele>
        <time>2026-06-13T20:32:24.000Z</time>
      </trkpt>
      <trkpt lat="40.797327" lon="-73.958649">
        <ele>40.4</ele>
        <time>2026-06-13T20:32:25.000Z</time>
      </trkpt>
      <trkpt lat="40.797327" lon="-73.958663">
        <ele>40.4</ele>
        <time>2026-06-13T20:32:26.000Z</time>
      </trkpt>
      <trkpt lat="40.797327" lon="-73.958677">
        <ele>40.4</ele>
        <time>2026-06-13T20:32:27.000Z</time>
      </trkpt>
      <trkpt lat="40.797327" lon="-73.95869">
        <ele>40.4</ele>
        <time>2026-06-13T20:32:28.000Z</time>
      </trkpt>
      <trkpt lat="40.797326" lon="-73.958704">
        <ele>40.4</ele>
        <time>2026-06-13T20:32:29.000Z</time>
      </trkpt>
      <trkpt lat="40.797326" lon="-73.958717">
        <ele>40.4</ele>
        <time>2026-06-13T20:32:30.000Z</time>
      </trkpt>
      <trkpt lat="40.797325" lon="-73.958731">
        <ele>40.4</ele>
        <time>2026-06-13T20:32:31.000Z</time>
      </trkpt>
      <trkpt lat="40.797324" lon="-73.958744">
        <ele>40.4</ele>
        <time>2026-06-13T20:32:32.000Z</time>
      </trkpt>
      <trkpt lat="40.797323" lon="-73.958757">
        <ele>40.4</ele>
        <time>2026-06-13T20:32:33.000Z</time>
      </trkpt>
      <trkpt lat="40.797321" lon="-73.958771">
        <ele>40.4</ele>
        <time>2026-06-13T20:32:34.000Z</time>
      </trkpt>
      <trkpt lat="40.797319" lon="-73.958785">
        <ele>40.4</ele>
        <time>2026-06-13T20:32:35.000Z</time>
      </trkpt>
      <trkpt lat="40.797317" lon="-73.958799">
        <ele>40.4</ele>
        <time>2026-06-13T20:32:36.000Z</time>
      </trkpt>
      <trkpt lat="40.797315" lon="-73.958812">
        <ele>40.4</ele>
        <time>2026-06-13T20:32:37.000Z</time>
      </trkpt>
      <trkpt lat="40.797313" lon="-73.958825">
        <ele>40.4</ele>
        <time>2026-06-13T20:32:38.000Z</time>
      </trkpt>
      <trkpt lat="40.797313" lon="-73.958839">
        <ele>40.4</ele>
        <time>2026-06-13T20:32:39.000Z</time>
      </trkpt>
      <trkpt lat="40.797312" lon="-73.958853">
        <ele>40.4</ele>
        <time>2026-06-13T20:32:40.000Z</time>
      </trkpt>
      <trkpt lat="40.797311" lon="-73.958867">
        <ele>40.4</ele>
        <time>2026-06-13T20:32:41.000Z</time>
      </trkpt>
      <trkpt lat="40.79731" lon="-73.95888">
        <ele>40.6</ele>
        <time>2026-06-13T20:32:42.000Z</time>
      </trkpt>
      <trkpt lat="40.797309" lon="-73.958893">
        <ele>40.6</ele>
        <time>2026-06-13T20:32:43.000Z</time>
      </trkpt>
      <trkpt lat="40.797307" lon="-73.958906">
        <ele>40.6</ele>
        <time>2026-06-13T20:32:44.000Z</time>
      </trkpt>
      <trkpt lat="40.797306" lon="-73.958919">
        <ele>40.6</ele>
        <time>2026-06-13T20:32:45.000Z</time>
      </trkpt>
      <trkpt lat="40.797304" lon="-73.958933">
        <ele>40.6</ele>
        <time>2026-06-13T20:32:46.000Z</time>
      </trkpt>
      <trkpt lat="40.797301" lon="-73.958948">
        <ele>40.6</ele>
        <time>2026-06-13T20:32:47.000Z</time>
      </trkpt>
      <trkpt lat="40.797299" lon="-73.958962">
        <ele>40.6</ele>
        <time>2026-06-13T20:32:48.000Z</time>
      </trkpt>
      <trkpt lat="40.797296" lon="-73.958976">
        <ele>40.6</ele>
        <time>2026-06-13T20:32:49.000Z</time>
      </trkpt>
      <trkpt lat="40.797294" lon="-73.95899">
        <ele>40.6</ele>
        <time>2026-06-13T20:32:50.000Z</time>
      </trkpt>
      <trkpt lat="40.797292" lon="-73.959003">
        <ele>40.6</ele>
        <time>2026-06-13T20:32:51.000Z</time>
      </trkpt>
      <trkpt lat="40.797289" lon="-73.959016">
        <ele>40.6</ele>
        <time>2026-06-13T20:32:52.000Z</time>
      </trkpt>
      <trkpt lat="40.797287" lon="-73.959028">
        <ele>40.6</ele>
        <time>2026-06-13T20:32:53.000Z</time>
      </trkpt>
      <trkpt lat="40.797284" lon="-73.959042">
        <ele>40.6</ele>
        <time>2026-06-13T20:32:54.000Z</time>
      </trkpt>
      <trkpt lat="40.797282" lon="-73.959055">
        <ele>40.6</ele>
        <time>2026-06-13T20:32:55.000Z</time>
      </trkpt>
      <trkpt lat="40.797279" lon="-73.959068">
        <ele>40.6</ele>
        <time>2026-06-13T20:32:56.000Z</time>
      </trkpt>
      <trkpt lat="40.797276" lon="-73.95908">
        <ele>40.6</ele>
        <time>2026-06-13T20:32:57.000Z</time>
      </trkpt>
      <trkpt lat="40.797273" lon="-73.95909">
        <ele>40.6</ele>
        <time>2026-06-13T20:32:58.000Z</time>
      </trkpt>
      <trkpt lat="40.797272" lon="-73.959099">
        <ele>40.8</ele>
        <time>2026-06-13T20:32:59.000Z</time>
      </trkpt>
      <trkpt lat="40.797272" lon="-73.959104">
        <ele>40.8</ele>
        <time>2026-06-13T20:33:00.000Z</time>
      </trkpt>
      <trkpt lat="40.797273" lon="-73.959109">
        <ele>40.8</ele>
        <time>2026-06-13T20:33:01.000Z</time>
      </trkpt>
      <trkpt lat="40.797275" lon="-73.959114">
        <ele>40.8</ele>
        <time>2026-06-13T20:33:02.000Z</time>
      </trkpt>
      <trkpt lat="40.797282" lon="-73.959117">
        <ele>41</ele>
        <time>2026-06-13T20:33:03.000Z</time>
      </trkpt>
      <trkpt lat="40.797293" lon="-73.959118">
        <ele>41</ele>
        <time>2026-06-13T20:33:04.000Z</time>
      </trkpt>
      <trkpt lat="40.797305" lon="-73.959117">
        <ele>41</ele>
        <time>2026-06-13T20:33:05.000Z</time>
      </trkpt>
      <trkpt lat="40.797315" lon="-73.959117">
        <ele>41</ele>
        <time>2026-06-13T20:33:06.000Z</time>
      </trkpt>
      <trkpt lat="40.797315" lon="-73.959116">
        <ele>41</ele>
        <time>2026-06-13T20:33:07.000Z</time>
      </trkpt>
      <trkpt lat="40.797316" lon="-73.959116">
        <ele>41</ele>
        <time>2026-06-13T20:33:08.000Z</time>
      </trkpt>
      <trkpt lat="40.797316" lon="-73.959116">
        <ele>41</ele>
        <time>2026-06-13T20:33:09.000Z</time>
      </trkpt>
      <trkpt lat="40.797317" lon="-73.959115">
        <ele>41</ele>
        <time>2026-06-13T20:33:10.000Z</time>
      </trkpt>
      <trkpt lat="40.797317" lon="-73.959115">
        <ele>40.8</ele>
        <time>2026-06-13T20:33:11.000Z</time>
      </trkpt>
      <trkpt lat="40.797318" lon="-73.959115">
        <ele>40.8</ele>
        <time>2026-06-13T20:33:12.000Z</time>
      </trkpt>
      <trkpt lat="40.797318" lon="-73.959114">
        <ele>40.8</ele>
        <time>2026-06-13T20:33:13.000Z</time>
      </trkpt>
      <trkpt lat="40.797319" lon="-73.959114">
        <ele>40.8</ele>
        <time>2026-06-13T20:33:14.000Z</time>
      </trkpt>
      <trkpt lat="40.797319" lon="-73.959114">
        <ele>40.8</ele>
        <time>2026-06-13T20:33:15.000Z</time>
      </trkpt>
      <trkpt lat="40.79732" lon="-73.959113">
        <ele>40.8</ele>
        <time>2026-06-13T20:33:16.000Z</time>
      </trkpt>
      <trkpt lat="40.79732" lon="-73.959113">
        <ele>40.8</ele>
        <time>2026-06-13T20:33:17.000Z</time>
      </trkpt>
      <trkpt lat="40.797321" lon="-73.959113">
        <ele>40.8</ele>
        <time>2026-06-13T20:33:18.000Z</time>
      </trkpt>
      <trkpt lat="40.797321" lon="-73.959112">
        <ele>40.8</ele>
        <time>2026-06-13T20:33:19.000Z</time>
      </trkpt>
      <trkpt lat="40.797322" lon="-73.959112">
        <ele>40.8</ele>
        <time>2026-06-13T20:33:20.000Z</time>
      </trkpt>
      <trkpt lat="40.797322" lon="-73.959112">
        <ele>40.8</ele>
        <time>2026-06-13T20:33:21.000Z</time>
      </trkpt>
      <trkpt lat="40.797323" lon="-73.959111">
        <ele>40.8</ele>
        <time>2026-06-13T20:33:22.000Z</time>
      </trkpt>
      <trkpt lat="40.797323" lon="-73.959111">
        <ele>40.8</ele>
        <time>2026-06-13T20:33:23.000Z</time>
      </trkpt>
      <trkpt lat="40.797324" lon="-73.95911">
        <ele>40.8</ele>
        <time>2026-06-13T20:33:24.000Z</time>
      </trkpt>
      <trkpt lat="40.797324" lon="-73.95911">
        <ele>40.8</ele>
        <time>2026-06-13T20:33:25.000Z</time>
      </trkpt>
      <trkpt lat="40.797325" lon="-73.95911">
        <ele>40.6</ele>
        <time>2026-06-13T20:33:26.000Z</time>
      </trkpt>
      <trkpt lat="40.797325" lon="-73.959109">
        <ele>40.6</ele>
        <time>2026-06-13T20:33:27.000Z</time>
      </trkpt>
      <trkpt lat="40.797326" lon="-73.959109">
        <ele>40.6</ele>
        <time>2026-06-13T20:33:28.000Z</time>
      </trkpt>
      <trkpt lat="40.797326" lon="-73.959109">
        <ele>40.6</ele>
        <time>2026-06-13T20:33:29.000Z</time>
      </trkpt>
      <trkpt lat="40.797327" lon="-73.959108">
        <ele>40.6</ele>
        <time>2026-06-13T20:33:30.000Z</time>
      </trkpt>
      <trkpt lat="40.797327" lon="-73.959108">
        <ele>40.6</ele>
        <time>2026-06-13T20:33:31.000Z</time>
      </trkpt>
      <trkpt lat="40.797328" lon="-73.959108">
        <ele>40.6</ele>
        <time>2026-06-13T20:33:32.000Z</time>
      </trkpt>
      <trkpt lat="40.797328" lon="-73.959107">
        <ele>40.6</ele>
        <time>2026-06-13T20:33:33.000Z</time>
      </trkpt>
      <trkpt lat="40.797329" lon="-73.959107">
        <ele>40.8</ele>
        <time>2026-06-13T20:33:34.000Z</time>
      </trkpt>
      <trkpt lat="40.797329" lon="-73.959107">
        <ele>40.8</ele>
        <time>2026-06-13T20:33:35.000Z</time>
      </trkpt>
      <trkpt lat="40.79733" lon="-73.959106">
        <ele>40.8</ele>
        <time>2026-06-13T20:33:36.000Z</time>
      </trkpt>
      <trkpt lat="40.79733" lon="-73.959106">
        <ele>40.8</ele>
        <time>2026-06-13T20:33:37.000Z</time>
      </trkpt>
      <trkpt lat="40.797331" lon="-73.959106">
        <ele>40.8</ele>
        <time>2026-06-13T20:33:38.000Z</time>
      </trkpt>
      <trkpt lat="40.797331" lon="-73.959105">
        <ele>40.8</ele>
        <time>2026-06-13T20:33:39.000Z</time>
      </trkpt>
      <trkpt lat="40.797332" lon="-73.959105">
        <ele>40.8</ele>
        <time>2026-06-13T20:33:40.000Z</time>
      </trkpt>
      <trkpt lat="40.797333" lon="-73.959105">
        <ele>40.8</ele>
        <time>2026-06-13T20:33:41.000Z</time>
      </trkpt>
      <trkpt lat="40.797333" lon="-73.959104">
        <ele>40.8</ele>
        <time>2026-06-13T20:33:42.000Z</time>
      </trkpt>
      <trkpt lat="40.797334" lon="-73.959104">
        <ele>41</ele>
        <time>2026-06-13T20:33:43.000Z</time>
      </trkpt>
      <trkpt lat="40.797334" lon="-73.959104">
        <ele>41</ele>
        <time>2026-06-13T20:33:44.000Z</time>
      </trkpt>
      <trkpt lat="40.797335" lon="-73.959103">
        <ele>41</ele>
        <time>2026-06-13T20:33:45.000Z</time>
      </trkpt>
      <trkpt lat="40.797335" lon="-73.959103">
        <ele>41</ele>
        <time>2026-06-13T20:33:46.000Z</time>
      </trkpt>
      <trkpt lat="40.797336" lon="-73.959103">
        <ele>41</ele>
        <time>2026-06-13T20:33:47.000Z</time>
      </trkpt>
      <trkpt lat="40.797336" lon="-73.959102">
        <ele>41</ele>
        <time>2026-06-13T20:33:48.000Z</time>
      </trkpt>
      <trkpt lat="40.797337" lon="-73.959102">
        <ele>41.2</ele>
        <time>2026-06-13T20:33:49.000Z</time>
      </trkpt>
      <trkpt lat="40.797337" lon="-73.959102">
        <ele>41.2</ele>
        <time>2026-06-13T20:33:50.000Z</time>
      </trkpt>
      <trkpt lat="40.797338" lon="-73.959101">
        <ele>41.2</ele>
        <time>2026-06-13T20:33:51.000Z</time>
      </trkpt>
      <trkpt lat="40.797338" lon="-73.959101">
        <ele>41.2</ele>
        <time>2026-06-13T20:33:52.000Z</time>
      </trkpt>
      <trkpt lat="40.797339" lon="-73.959101">
        <ele>41.2</ele>
        <time>2026-06-13T20:33:53.000Z</time>
      </trkpt>
      <trkpt lat="40.797339" lon="-73.9591">
        <ele>41.2</ele>
        <time>2026-06-13T20:33:54.000Z</time>
      </trkpt>
      <trkpt lat="40.79734" lon="-73.9591">
        <ele>41.4</ele>
        <time>2026-06-13T20:33:55.000Z</time>
      </trkpt>
      <trkpt lat="40.79734" lon="-73.9591">
        <ele>41.4</ele>
        <time>2026-06-13T20:33:56.000Z</time>
      </trkpt>
      <trkpt lat="40.797341" lon="-73.959099">
        <ele>41.4</ele>
        <time>2026-06-13T20:33:57.000Z</time>
      </trkpt>
      <trkpt lat="40.797341" lon="-73.959099">
        <ele>41.4</ele>
        <time>2026-06-13T20:33:58.000Z</time>
      </trkpt>
      <trkpt lat="40.797342" lon="-73.959098">
        <ele>41.4</ele>
        <time>2026-06-13T20:33:59.000Z</time>
      </trkpt>
      <trkpt lat="40.797342" lon="-73.959098">
        <ele>41.4</ele>
        <time>2026-06-13T20:34:00.000Z</time>
      </trkpt>
      <trkpt lat="40.797343" lon="-73.959098">
        <ele>41.4</ele>
        <time>2026-06-13T20:34:01.000Z</time>
      </trkpt>
      <trkpt lat="40.797343" lon="-73.959097">
        <ele>41.2</ele>
        <time>2026-06-13T20:34:02.000Z</time>
      </trkpt>
      <trkpt lat="40.797344" lon="-73.959097">
        <ele>41.2</ele>
        <time>2026-06-13T20:34:03.000Z</time>
      </trkpt>
      <trkpt lat="40.797344" lon="-73.959097">
        <ele>41.2</ele>
        <time>2026-06-13T20:34:04.000Z</time>
      </trkpt>
      <trkpt lat="40.797345" lon="-73.959096">
        <ele>41.2</ele>
        <time>2026-06-13T20:34:05.000Z</time>
      </trkpt>
      <trkpt lat="40.797345" lon="-73.959096">
        <ele>41.2</ele>
        <time>2026-06-13T20:34:06.000Z</time>
      </trkpt>
      <trkpt lat="40.797346" lon="-73.959096">
        <ele>41</ele>
        <time>2026-06-13T20:34:07.000Z</time>
      </trkpt>
      <trkpt lat="40.797346" lon="-73.959095">
        <ele>41</ele>
        <time>2026-06-13T20:34:08.000Z</time>
      </trkpt>
      <trkpt lat="40.797347" lon="-73.959095">
        <ele>41</ele>
        <time>2026-06-13T20:34:09.000Z</time>
      </trkpt>
      <trkpt lat="40.797347" lon="-73.959095">
        <ele>41</ele>
        <time>2026-06-13T20:34:10.000Z</time>
      </trkpt>
      <trkpt lat="40.797348" lon="-73.959094">
        <ele>41</ele>
        <time>2026-06-13T20:34:11.000Z</time>
      </trkpt>
      <trkpt lat="40.797348" lon="-73.959094">
        <ele>41</ele>
        <time>2026-06-13T20:34:12.000Z</time>
      </trkpt>
      <trkpt lat="40.797349" lon="-73.959094">
        <ele>41</ele>
        <time>2026-06-13T20:34:13.000Z</time>
      </trkpt>
      <trkpt lat="40.797349" lon="-73.959093">
        <ele>41</ele>
        <time>2026-06-13T20:34:14.000Z</time>
      </trkpt>
      <trkpt lat="40.79735" lon="-73.959093">
        <ele>41</ele>
        <time>2026-06-13T20:34:15.000Z</time>
      </trkpt>
      <trkpt lat="40.79735" lon="-73.959094">
        <ele>41</ele>
        <time>2026-06-13T20:34:16.000Z</time>
      </trkpt>
      <trkpt lat="40.797349" lon="-73.959094">
        <ele>41</ele>
        <time>2026-06-13T20:34:17.000Z</time>
      </trkpt>
      <trkpt lat="40.797348" lon="-73.959094">
        <ele>41</ele>
        <time>2026-06-13T20:34:18.000Z</time>
      </trkpt>
      <trkpt lat="40.797348" lon="-73.959094">
        <ele>41</ele>
        <time>2026-06-13T20:34:19.000Z</time>
      </trkpt>
      <trkpt lat="40.797348" lon="-73.959094">
        <ele>41</ele>
        <time>2026-06-13T20:34:20.000Z</time>
      </trkpt>
      <trkpt lat="40.797347" lon="-73.959093">
        <ele>41</ele>
        <time>2026-06-13T20:34:21.000Z</time>
      </trkpt>
      <trkpt lat="40.797347" lon="-73.959092">
        <ele>41</ele>
        <time>2026-06-13T20:34:22.000Z</time>
      </trkpt>
      <trkpt lat="40.797347" lon="-73.959091">
        <ele>41</ele>
        <time>2026-06-13T20:34:23.000Z</time>
      </trkpt>
      <trkpt lat="40.797347" lon="-73.95909">
        <ele>41</ele>
        <time>2026-06-13T20:34:24.000Z</time>
      </trkpt>
      <trkpt lat="40.797346" lon="-73.959089">
        <ele>41</ele>
        <time>2026-06-13T20:34:25.000Z</time>
      </trkpt>
      <trkpt lat="40.797345" lon="-73.959089">
        <ele>41</ele>
        <time>2026-06-13T20:34:26.000Z</time>
      </trkpt>
      <trkpt lat="40.797344" lon="-73.959088">
        <ele>41.2</ele>
        <time>2026-06-13T20:34:27.000Z</time>
      </trkpt>
      <trkpt lat="40.797343" lon="-73.959088">
        <ele>41.2</ele>
        <time>2026-06-13T20:34:28.000Z</time>
      </trkpt>
      <trkpt lat="40.797342" lon="-73.959088">
        <ele>41.2</ele>
        <time>2026-06-13T20:34:29.000Z</time>
      </trkpt>
      <trkpt lat="40.797341" lon="-73.959088">
        <ele>41.2</ele>
        <time>2026-06-13T20:34:30.000Z</time>
      </trkpt>
      <trkpt lat="40.79734" lon="-73.959088">
        <ele>41.2</ele>
        <time>2026-06-13T20:34:31.000Z</time>
      </trkpt>
      <trkpt lat="40.797339" lon="-73.959088">
        <ele>41.2</ele>
        <time>2026-06-13T20:34:32.000Z</time>
      </trkpt>
      <trkpt lat="40.797339" lon="-73.959088">
        <ele>41.2</ele>
        <time>2026-06-13T20:34:33.000Z</time>
      </trkpt>
      <trkpt lat="40.797338" lon="-73.959089">
        <ele>41.2</ele>
        <time>2026-06-13T20:34:34.000Z</time>
      </trkpt>
      <trkpt lat="40.797337" lon="-73.959089">
        <ele>41.2</ele>
        <time>2026-06-13T20:34:35.000Z</time>
      </trkpt>
      <trkpt lat="40.797337" lon="-73.95909">
        <ele>41.2</ele>
        <time>2026-06-13T20:34:36.000Z</time>
      </trkpt>
      <trkpt lat="40.797337" lon="-73.959091">
        <ele>41.2</ele>
        <time>2026-06-13T20:34:37.000Z</time>
      </trkpt>
      <trkpt lat="40.797337" lon="-73.959093">
        <ele>41.2</ele>
        <time>2026-06-13T20:34:38.000Z</time>
      </trkpt>
      <trkpt lat="40.797337" lon="-73.959095">
        <ele>41.2</ele>
        <time>2026-06-13T20:34:39.000Z</time>
      </trkpt>
      <trkpt lat="40.797336" lon="-73.959098">
        <ele>41.2</ele>
        <time>2026-06-13T20:34:40.000Z</time>
      </trkpt>
      <trkpt lat="40.797337" lon="-73.959101">
        <ele>41.2</ele>
        <time>2026-06-13T20:34:41.000Z</time>
      </trkpt>
      <trkpt lat="40.797337" lon="-73.959105">
        <ele>41.2</ele>
        <time>2026-06-13T20:34:42.000Z</time>
      </trkpt>
      <trkpt lat="40.797338" lon="-73.959108">
        <ele>41.2</ele>
        <time>2026-06-13T20:34:43.000Z</time>
      </trkpt>
      <trkpt lat="40.797338" lon="-73.959109">
        <ele>41.2</ele>
        <time>2026-06-13T20:34:44.000Z</time>
      </trkpt>
      <trkpt lat="40.797338" lon="-73.959109">
        <ele>41.2</ele>
        <time>2026-06-13T20:34:45.000Z</time>
      </trkpt>
      <trkpt lat="40.797339" lon="-73.959109">
        <ele>41.2</ele>
        <time>2026-06-13T20:34:46.000Z</time>
      </trkpt>
      <trkpt lat="40.797339" lon="-73.959108">
        <ele>41.2</ele>
        <time>2026-06-13T20:34:47.000Z</time>
      </trkpt>
      <trkpt lat="40.79734" lon="-73.959108">
        <ele>41.2</ele>
        <time>2026-06-13T20:34:48.000Z</time>
      </trkpt>
      <trkpt lat="40.797341" lon="-73.959108">
        <ele>41.2</ele>
        <time>2026-06-13T20:34:49.000Z</time>
      </trkpt>
      <trkpt lat="40.797343" lon="-73.959107">
        <ele>41.2</ele>
        <time>2026-06-13T20:34:50.000Z</time>
      </trkpt>
      <trkpt lat="40.797344" lon="-73.959106">
        <ele>41.2</ele>
        <time>2026-06-13T20:34:51.000Z</time>
      </trkpt>
      <trkpt lat="40.797344" lon="-73.959106">
        <ele>41.2</ele>
        <time>2026-06-13T20:34:52.000Z</time>
      </trkpt>
      <trkpt lat="40.797342" lon="-73.959106">
        <ele>41.2</ele>
        <time>2026-06-13T20:34:53.000Z</time>
      </trkpt>
      <trkpt lat="40.797339" lon="-73.959107">
        <ele>41.2</ele>
        <time>2026-06-13T20:34:54.000Z</time>
      </trkpt>
      <trkpt lat="40.797335" lon="-73.959107">
        <ele>41.2</ele>
        <time>2026-06-13T20:34:55.000Z</time>
      </trkpt>
      <trkpt lat="40.797329" lon="-73.959107">
        <ele>41.2</ele>
        <time>2026-06-13T20:34:56.000Z</time>
      </trkpt>
      <trkpt lat="40.797322" lon="-73.959108">
        <ele>41.2</ele>
        <time>2026-06-13T20:34:57.000Z</time>
      </trkpt>
      <trkpt lat="40.797313" lon="-73.959109">
        <ele>41.2</ele>
        <time>2026-06-13T20:34:58.000Z</time>
      </trkpt>
      <trkpt lat="40.797305" lon="-73.959112">
        <ele>41.2</ele>
        <time>2026-06-13T20:34:59.000Z</time>
      </trkpt>
      <trkpt lat="40.797297" lon="-73.959116">
        <ele>41.2</ele>
        <time>2026-06-13T20:35:00.000Z</time>
      </trkpt>
      <trkpt lat="40.797289" lon="-73.959123">
        <ele>41</ele>
        <time>2026-06-13T20:35:01.000Z</time>
      </trkpt>
      <trkpt lat="40.797282" lon="-73.959132">
        <ele>41</ele>
        <time>2026-06-13T20:35:02.000Z</time>
      </trkpt>
      <trkpt lat="40.797277" lon="-73.959143">
        <ele>41</ele>
        <time>2026-06-13T20:35:03.000Z</time>
      </trkpt>
      <trkpt lat="40.797272" lon="-73.959155">
        <ele>41</ele>
        <time>2026-06-13T20:35:04.000Z</time>
      </trkpt>
      <trkpt lat="40.797268" lon="-73.959168">
        <ele>41</ele>
        <time>2026-06-13T20:35:05.000Z</time>
      </trkpt>
      <trkpt lat="40.797264" lon="-73.959182">
        <ele>41</ele>
        <time>2026-06-13T20:35:06.000Z</time>
      </trkpt>
      <trkpt lat="40.797261" lon="-73.959195">
        <ele>41</ele>
        <time>2026-06-13T20:35:07.000Z</time>
      </trkpt>
      <trkpt lat="40.797257" lon="-73.959208">
        <ele>41</ele>
        <time>2026-06-13T20:35:08.000Z</time>
      </trkpt>
      <trkpt lat="40.797253" lon="-73.959221">
        <ele>41</ele>
        <time>2026-06-13T20:35:09.000Z</time>
      </trkpt>
      <trkpt lat="40.79725" lon="-73.959234">
        <ele>41.2</ele>
        <time>2026-06-13T20:35:10.000Z</time>
      </trkpt>
      <trkpt lat="40.797246" lon="-73.959246">
        <ele>41.2</ele>
        <time>2026-06-13T20:35:11.000Z</time>
      </trkpt>
      <trkpt lat="40.797242" lon="-73.959259">
        <ele>41.2</ele>
        <time>2026-06-13T20:35:12.000Z</time>
      </trkpt>
      <trkpt lat="40.797238" lon="-73.959271">
        <ele>41.2</ele>
        <time>2026-06-13T20:35:13.000Z</time>
      </trkpt>
      <trkpt lat="40.797234" lon="-73.959284">
        <ele>41.2</ele>
        <time>2026-06-13T20:35:14.000Z</time>
      </trkpt>
      <trkpt lat="40.797229" lon="-73.959296">
        <ele>41.2</ele>
        <time>2026-06-13T20:35:15.000Z</time>
      </trkpt>
      <trkpt lat="40.797225" lon="-73.959309">
        <ele>41.2</ele>
        <time>2026-06-13T20:35:16.000Z</time>
      </trkpt>
      <trkpt lat="40.79722" lon="-73.959321">
        <ele>41.2</ele>
        <time>2026-06-13T20:35:17.000Z</time>
      </trkpt>
      <trkpt lat="40.797215" lon="-73.959334">
        <ele>41.2</ele>
        <time>2026-06-13T20:35:18.000Z</time>
      </trkpt>
      <trkpt lat="40.79721" lon="-73.959346">
        <ele>41.4</ele>
        <time>2026-06-13T20:35:19.000Z</time>
      </trkpt>
      <trkpt lat="40.797205" lon="-73.959359">
        <ele>41.4</ele>
        <time>2026-06-13T20:35:20.000Z</time>
      </trkpt>
      <trkpt lat="40.7972" lon="-73.959371">
        <ele>41.4</ele>
        <time>2026-06-13T20:35:21.000Z</time>
      </trkpt>
      <trkpt lat="40.797196" lon="-73.959384">
        <ele>41.4</ele>
        <time>2026-06-13T20:35:22.000Z</time>
      </trkpt>
      <trkpt lat="40.797192" lon="-73.959396">
        <ele>41.4</ele>
        <time>2026-06-13T20:35:23.000Z</time>
      </trkpt>
      <trkpt lat="40.797188" lon="-73.959409">
        <ele>41.4</ele>
        <time>2026-06-13T20:35:24.000Z</time>
      </trkpt>
      <trkpt lat="40.797183" lon="-73.959421">
        <ele>41.4</ele>
        <time>2026-06-13T20:35:25.000Z</time>
      </trkpt>
      <trkpt lat="40.797179" lon="-73.959434">
        <ele>41.4</ele>
        <time>2026-06-13T20:35:26.000Z</time>
      </trkpt>
      <trkpt lat="40.797175" lon="-73.959447">
        <ele>41.4</ele>
        <time>2026-06-13T20:35:27.000Z</time>
      </trkpt>
      <trkpt lat="40.79717" lon="-73.95946">
        <ele>41.4</ele>
        <time>2026-06-13T20:35:28.000Z</time>
      </trkpt>
      <trkpt lat="40.797165" lon="-73.959473">
        <ele>41.4</ele>
        <time>2026-06-13T20:35:29.000Z</time>
      </trkpt>
      <trkpt lat="40.797157" lon="-73.959495">
        <ele>41.6</ele>
        <time>2026-06-13T20:35:30.000Z</time>
      </trkpt>
      <trkpt lat="40.797154" lon="-73.959503">
        <ele>41.6</ele>
        <time>2026-06-13T20:35:31.000Z</time>
      </trkpt>
      <trkpt lat="40.797151" lon="-73.959512">
        <ele>41.6</ele>
        <time>2026-06-13T20:35:32.000Z</time>
      </trkpt>
      <trkpt lat="40.797146" lon="-73.959523">
        <ele>41.6</ele>
        <time>2026-06-13T20:35:33.000Z</time>
      </trkpt>
      <trkpt lat="40.79714" lon="-73.959535">
        <ele>41.6</ele>
        <time>2026-06-13T20:35:34.000Z</time>
      </trkpt>
      <trkpt lat="40.797134" lon="-73.959545">
        <ele>41.6</ele>
        <time>2026-06-13T20:35:35.000Z</time>
      </trkpt>
      <trkpt lat="40.797127" lon="-73.959555">
        <ele>41.6</ele>
        <time>2026-06-13T20:35:36.000Z</time>
      </trkpt>
      <trkpt lat="40.797119" lon="-73.959563">
        <ele>41.6</ele>
        <time>2026-06-13T20:35:37.000Z</time>
      </trkpt>
      <trkpt lat="40.797111" lon="-73.95957">
        <ele>41.6</ele>
        <time>2026-06-13T20:35:38.000Z</time>
      </trkpt>
      <trkpt lat="40.797103" lon="-73.959577">
        <ele>41.6</ele>
        <time>2026-06-13T20:35:39.000Z</time>
      </trkpt>
      <trkpt lat="40.797095" lon="-73.959583">
        <ele>41.6</ele>
        <time>2026-06-13T20:35:40.000Z</time>
      </trkpt>
      <trkpt lat="40.797087" lon="-73.959589">
        <ele>41.6</ele>
        <time>2026-06-13T20:35:41.000Z</time>
      </trkpt>
      <trkpt lat="40.79708" lon="-73.959594">
        <ele>41.8</ele>
        <time>2026-06-13T20:35:42.000Z</time>
      </trkpt>
      <trkpt lat="40.797072" lon="-73.9596">
        <ele>41.8</ele>
        <time>2026-06-13T20:35:43.000Z</time>
      </trkpt>
      <trkpt lat="40.797064" lon="-73.959605">
        <ele>41.8</ele>
        <time>2026-06-13T20:35:44.000Z</time>
      </trkpt>
      <trkpt lat="40.797056" lon="-73.959611">
        <ele>41.8</ele>
        <time>2026-06-13T20:35:45.000Z</time>
      </trkpt>
      <trkpt lat="40.797047" lon="-73.959616">
        <ele>41.8</ele>
        <time>2026-06-13T20:35:46.000Z</time>
      </trkpt>
      <trkpt lat="40.797039" lon="-73.959622">
        <ele>41.8</ele>
        <time>2026-06-13T20:35:47.000Z</time>
      </trkpt>
      <trkpt lat="40.797031" lon="-73.959628">
        <ele>41.8</ele>
        <time>2026-06-13T20:35:48.000Z</time>
      </trkpt>
      <trkpt lat="40.797022" lon="-73.959634">
        <ele>41.8</ele>
        <time>2026-06-13T20:35:49.000Z</time>
      </trkpt>
      <trkpt lat="40.797014" lon="-73.95964">
        <ele>41.8</ele>
        <time>2026-06-13T20:35:50.000Z</time>
      </trkpt>
      <trkpt lat="40.797005" lon="-73.959645">
        <ele>41.8</ele>
        <time>2026-06-13T20:35:51.000Z</time>
      </trkpt>
      <trkpt lat="40.796997" lon="-73.95965">
        <ele>41.8</ele>
        <time>2026-06-13T20:35:52.000Z</time>
      </trkpt>
      <trkpt lat="40.796988" lon="-73.959653">
        <ele>41.8</ele>
        <time>2026-06-13T20:35:53.000Z</time>
      </trkpt>
      <trkpt lat="40.796979" lon="-73.959656">
        <ele>41.6</ele>
        <time>2026-06-13T20:35:54.000Z</time>
      </trkpt>
      <trkpt lat="40.79697" lon="-73.959658">
        <ele>41.6</ele>
        <time>2026-06-13T20:35:55.000Z</time>
      </trkpt>
      <trkpt lat="40.79696" lon="-73.959659">
        <ele>41.6</ele>
        <time>2026-06-13T20:35:56.000Z</time>
      </trkpt>
      <trkpt lat="40.79695" lon="-73.95966">
        <ele>41.6</ele>
        <time>2026-06-13T20:35:57.000Z</time>
      </trkpt>
      <trkpt lat="40.796941" lon="-73.95966">
        <ele>41.6</ele>
        <time>2026-06-13T20:35:58.000Z</time>
      </trkpt>
      <trkpt lat="40.796931" lon="-73.95966">
        <ele>41.6</ele>
        <time>2026-06-13T20:35:59.000Z</time>
      </trkpt>
      <trkpt lat="40.796921" lon="-73.959661">
        <ele>41.6</ele>
        <time>2026-06-13T20:36:00.000Z</time>
      </trkpt>
      <trkpt lat="40.79691" lon="-73.959661">
        <ele>41.6</ele>
        <time>2026-06-13T20:36:01.000Z</time>
      </trkpt>
      <trkpt lat="40.7969" lon="-73.959662">
        <ele>41.6</ele>
        <time>2026-06-13T20:36:02.000Z</time>
      </trkpt>
      <trkpt lat="40.79689" lon="-73.959663">
        <ele>41.6</ele>
        <time>2026-06-13T20:36:03.000Z</time>
      </trkpt>
      <trkpt lat="40.79688" lon="-73.959665">
        <ele>41.6</ele>
        <time>2026-06-13T20:36:04.000Z</time>
      </trkpt>
      <trkpt lat="40.79687" lon="-73.959668">
        <ele>41.6</ele>
        <time>2026-06-13T20:36:05.000Z</time>
      </trkpt>
      <trkpt lat="40.79686" lon="-73.959672">
        <ele>41.6</ele>
        <time>2026-06-13T20:36:06.000Z</time>
      </trkpt>
      <trkpt lat="40.796852" lon="-73.959677">
        <ele>41.8</ele>
        <time>2026-06-13T20:36:07.000Z</time>
      </trkpt>
      <trkpt lat="40.796844" lon="-73.959683">
        <ele>41.8</ele>
        <time>2026-06-13T20:36:08.000Z</time>
      </trkpt>
      <trkpt lat="40.796837" lon="-73.959691">
        <ele>41.8</ele>
        <time>2026-06-13T20:36:09.000Z</time>
      </trkpt>
      <trkpt lat="40.79683" lon="-73.959701">
        <ele>41.8</ele>
        <time>2026-06-13T20:36:10.000Z</time>
      </trkpt>
      <trkpt lat="40.796824" lon="-73.959711">
        <ele>41.8</ele>
        <time>2026-06-13T20:36:11.000Z</time>
      </trkpt>
      <trkpt lat="40.796819" lon="-73.959723">
        <ele>41.8</ele>
        <time>2026-06-13T20:36:12.000Z</time>
      </trkpt>
      <trkpt lat="40.796815" lon="-73.959735">
        <ele>41.8</ele>
        <time>2026-06-13T20:36:13.000Z</time>
      </trkpt>
      <trkpt lat="40.79681" lon="-73.959748">
        <ele>41.6</ele>
        <time>2026-06-13T20:36:14.000Z</time>
      </trkpt>
      <trkpt lat="40.796806" lon="-73.959761">
        <ele>41.6</ele>
        <time>2026-06-13T20:36:15.000Z</time>
      </trkpt>
      <trkpt lat="40.796803" lon="-73.959773">
        <ele>41.6</ele>
        <time>2026-06-13T20:36:16.000Z</time>
      </trkpt>
      <trkpt lat="40.796799" lon="-73.959784">
        <ele>41.6</ele>
        <time>2026-06-13T20:36:17.000Z</time>
      </trkpt>
      <trkpt lat="40.796796" lon="-73.959796">
        <ele>41.4</ele>
        <time>2026-06-13T20:36:18.000Z</time>
      </trkpt>
      <trkpt lat="40.796792" lon="-73.959809">
        <ele>41.4</ele>
        <time>2026-06-13T20:36:19.000Z</time>
      </trkpt>
      <trkpt lat="40.796788" lon="-73.959821">
        <ele>41.4</ele>
        <time>2026-06-13T20:36:20.000Z</time>
      </trkpt>
      <trkpt lat="40.796783" lon="-73.959833">
        <ele>41.2</ele>
        <time>2026-06-13T20:36:21.000Z</time>
      </trkpt>
      <trkpt lat="40.796779" lon="-73.959845">
        <ele>41.2</ele>
        <time>2026-06-13T20:36:22.000Z</time>
      </trkpt>
      <trkpt lat="40.796774" lon="-73.959857">
        <ele>41.2</ele>
        <time>2026-06-13T20:36:23.000Z</time>
      </trkpt>
      <trkpt lat="40.796769" lon="-73.959868">
        <ele>41</ele>
        <time>2026-06-13T20:36:24.000Z</time>
      </trkpt>
      <trkpt lat="40.796764" lon="-73.959878">
        <ele>41</ele>
        <time>2026-06-13T20:36:25.000Z</time>
      </trkpt>
      <trkpt lat="40.796758" lon="-73.959888">
        <ele>41</ele>
        <time>2026-06-13T20:36:26.000Z</time>
      </trkpt>
      <trkpt lat="40.796752" lon="-73.959898">
        <ele>40.8</ele>
        <time>2026-06-13T20:36:27.000Z</time>
      </trkpt>
      <trkpt lat="40.796745" lon="-73.959907">
        <ele>40.8</ele>
        <time>2026-06-13T20:36:28.000Z</time>
      </trkpt>
      <trkpt lat="40.796738" lon="-73.959917">
        <ele>40.8</ele>
        <time>2026-06-13T20:36:29.000Z</time>
      </trkpt>
      <trkpt lat="40.796731" lon="-73.959926">
        <ele>40.8</ele>
        <time>2026-06-13T20:36:30.000Z</time>
      </trkpt>
      <trkpt lat="40.796723" lon="-73.959934">
        <ele>40.8</ele>
        <time>2026-06-13T20:36:31.000Z</time>
      </trkpt>
      <trkpt lat="40.796716" lon="-73.959942">
        <ele>40.6</ele>
        <time>2026-06-13T20:36:32.000Z</time>
      </trkpt>
      <trkpt lat="40.796708" lon="-73.959949">
        <ele>40.6</ele>
        <time>2026-06-13T20:36:33.000Z</time>
      </trkpt>
      <trkpt lat="40.7967" lon="-73.959956">
        <ele>40.6</ele>
        <time>2026-06-13T20:36:34.000Z</time>
      </trkpt>
      <trkpt lat="40.796693" lon="-73.959962">
        <ele>40.6</ele>
        <time>2026-06-13T20:36:35.000Z</time>
      </trkpt>
      <trkpt lat="40.796685" lon="-73.959968">
        <ele>40.6</ele>
        <time>2026-06-13T20:36:36.000Z</time>
      </trkpt>
      <trkpt lat="40.796677" lon="-73.959973">
        <ele>40.6</ele>
        <time>2026-06-13T20:36:37.000Z</time>
      </trkpt>
      <trkpt lat="40.79667" lon="-73.959978">
        <ele>40.6</ele>
        <time>2026-06-13T20:36:38.000Z</time>
      </trkpt>
      <trkpt lat="40.796662" lon="-73.959983">
        <ele>40.4</ele>
        <time>2026-06-13T20:36:39.000Z</time>
      </trkpt>
      <trkpt lat="40.796653" lon="-73.959989">
        <ele>40.4</ele>
        <time>2026-06-13T20:36:40.000Z</time>
      </trkpt>
      <trkpt lat="40.796645" lon="-73.959994">
        <ele>40.4</ele>
        <time>2026-06-13T20:36:41.000Z</time>
      </trkpt>
      <trkpt lat="40.796636" lon="-73.959999">
        <ele>40.4</ele>
        <time>2026-06-13T20:36:42.000Z</time>
      </trkpt>
      <trkpt lat="40.796627" lon="-73.960004">
        <ele>40.4</ele>
        <time>2026-06-13T20:36:43.000Z</time>
      </trkpt>
      <trkpt lat="40.796618" lon="-73.960008">
        <ele>40.4</ele>
        <time>2026-06-13T20:36:44.000Z</time>
      </trkpt>
      <trkpt lat="40.796608" lon="-73.960012">
        <ele>40.4</ele>
        <time>2026-06-13T20:36:45.000Z</time>
      </trkpt>
      <trkpt lat="40.796599" lon="-73.960016">
        <ele>40.4</ele>
        <time>2026-06-13T20:36:46.000Z</time>
      </trkpt>
      <trkpt lat="40.796589" lon="-73.96002">
        <ele>40.2</ele>
        <time>2026-06-13T20:36:47.000Z</time>
      </trkpt>
      <trkpt lat="40.796579" lon="-73.960024">
        <ele>40.2</ele>
        <time>2026-06-13T20:36:48.000Z</time>
      </trkpt>
      <trkpt lat="40.796569" lon="-73.960028">
        <ele>40.2</ele>
        <time>2026-06-13T20:36:49.000Z</time>
      </trkpt>
      <trkpt lat="40.796559" lon="-73.960032">
        <ele>40.2</ele>
        <time>2026-06-13T20:36:50.000Z</time>
      </trkpt>
      <trkpt lat="40.796549" lon="-73.960036">
        <ele>40.2</ele>
        <time>2026-06-13T20:36:51.000Z</time>
      </trkpt>
      <trkpt lat="40.796539" lon="-73.96004">
        <ele>40.2</ele>
        <time>2026-06-13T20:36:52.000Z</time>
      </trkpt>
      <trkpt lat="40.796529" lon="-73.960044">
        <ele>40.2</ele>
        <time>2026-06-13T20:36:53.000Z</time>
      </trkpt>
      <trkpt lat="40.796518" lon="-73.960048">
        <ele>40.2</ele>
        <time>2026-06-13T20:36:54.000Z</time>
      </trkpt>
      <trkpt lat="40.796508" lon="-73.960051">
        <ele>40.2</ele>
        <time>2026-06-13T20:36:55.000Z</time>
      </trkpt>
      <trkpt lat="40.796498" lon="-73.960054">
        <ele>40.2</ele>
        <time>2026-06-13T20:36:56.000Z</time>
      </trkpt>
      <trkpt lat="40.796489" lon="-73.960056">
        <ele>40.2</ele>
        <time>2026-06-13T20:36:57.000Z</time>
      </trkpt>
      <trkpt lat="40.796479" lon="-73.960059">
        <ele>40</ele>
        <time>2026-06-13T20:36:58.000Z</time>
      </trkpt>
      <trkpt lat="40.79647" lon="-73.960061">
        <ele>40</ele>
        <time>2026-06-13T20:36:59.000Z</time>
      </trkpt>
      <trkpt lat="40.796461" lon="-73.960063">
        <ele>40</ele>
        <time>2026-06-13T20:37:00.000Z</time>
      </trkpt>
      <trkpt lat="40.796452" lon="-73.960064">
        <ele>40</ele>
        <time>2026-06-13T20:37:01.000Z</time>
      </trkpt>
      <trkpt lat="40.796443" lon="-73.960066">
        <ele>40</ele>
        <time>2026-06-13T20:37:02.000Z</time>
      </trkpt>
      <trkpt lat="40.796434" lon="-73.960067">
        <ele>40</ele>
        <time>2026-06-13T20:37:03.000Z</time>
      </trkpt>
      <trkpt lat="40.796424" lon="-73.960068">
        <ele>40</ele>
        <time>2026-06-13T20:37:04.000Z</time>
      </trkpt>
      <trkpt lat="40.796415" lon="-73.960067">
        <ele>40</ele>
        <time>2026-06-13T20:37:05.000Z</time>
      </trkpt>
      <trkpt lat="40.796405" lon="-73.960066">
        <ele>40</ele>
        <time>2026-06-13T20:37:06.000Z</time>
      </trkpt>
      <trkpt lat="40.796394" lon="-73.960065">
        <ele>40</ele>
        <time>2026-06-13T20:37:07.000Z</time>
      </trkpt>
      <trkpt lat="40.796384" lon="-73.960063">
        <ele>40</ele>
        <time>2026-06-13T20:37:08.000Z</time>
      </trkpt>
      <trkpt lat="40.796375" lon="-73.960061">
        <ele>40</ele>
        <time>2026-06-13T20:37:09.000Z</time>
      </trkpt>
      <trkpt lat="40.796365" lon="-73.960059">
        <ele>40</ele>
        <time>2026-06-13T20:37:10.000Z</time>
      </trkpt>
      <trkpt lat="40.796356" lon="-73.960058">
        <ele>40</ele>
        <time>2026-06-13T20:37:11.000Z</time>
      </trkpt>
      <trkpt lat="40.796346" lon="-73.960057">
        <ele>40</ele>
        <time>2026-06-13T20:37:12.000Z</time>
      </trkpt>
      <trkpt lat="40.796336" lon="-73.960056">
        <ele>40</ele>
        <time>2026-06-13T20:37:13.000Z</time>
      </trkpt>
      <trkpt lat="40.796326" lon="-73.960056">
        <ele>40</ele>
        <time>2026-06-13T20:37:14.000Z</time>
      </trkpt>
      <trkpt lat="40.796316" lon="-73.960056">
        <ele>40</ele>
        <time>2026-06-13T20:37:15.000Z</time>
      </trkpt>
      <trkpt lat="40.796306" lon="-73.960056">
        <ele>40</ele>
        <time>2026-06-13T20:37:16.000Z</time>
      </trkpt>
      <trkpt lat="40.796297" lon="-73.960056">
        <ele>40</ele>
        <time>2026-06-13T20:37:17.000Z</time>
      </trkpt>
      <trkpt lat="40.796287" lon="-73.960056">
        <ele>40</ele>
        <time>2026-06-13T20:37:18.000Z</time>
      </trkpt>
      <trkpt lat="40.796277" lon="-73.960056">
        <ele>39.8</ele>
        <time>2026-06-13T20:37:19.000Z</time>
      </trkpt>
      <trkpt lat="40.796267" lon="-73.960057">
        <ele>39.8</ele>
        <time>2026-06-13T20:37:20.000Z</time>
      </trkpt>
      <trkpt lat="40.796258" lon="-73.960058">
        <ele>39.8</ele>
        <time>2026-06-13T20:37:21.000Z</time>
      </trkpt>
      <trkpt lat="40.796248" lon="-73.960059">
        <ele>39.8</ele>
        <time>2026-06-13T20:37:22.000Z</time>
      </trkpt>
      <trkpt lat="40.796239" lon="-73.96006">
        <ele>39.8</ele>
        <time>2026-06-13T20:37:23.000Z</time>
      </trkpt>
      <trkpt lat="40.796229" lon="-73.96006">
        <ele>39.6</ele>
        <time>2026-06-13T20:37:24.000Z</time>
      </trkpt>
      <trkpt lat="40.79622" lon="-73.960061">
        <ele>39.6</ele>
        <time>2026-06-13T20:37:25.000Z</time>
      </trkpt>
      <trkpt lat="40.79621" lon="-73.960061">
        <ele>39.6</ele>
        <time>2026-06-13T20:37:26.000Z</time>
      </trkpt>
      <trkpt lat="40.7962" lon="-73.960061">
        <ele>39.6</ele>
        <time>2026-06-13T20:37:27.000Z</time>
      </trkpt>
      <trkpt lat="40.796191" lon="-73.960061">
        <ele>39.6</ele>
        <time>2026-06-13T20:37:28.000Z</time>
      </trkpt>
      <trkpt lat="40.796181" lon="-73.960061">
        <ele>39.6</ele>
        <time>2026-06-13T20:37:29.000Z</time>
      </trkpt>
      <trkpt lat="40.796171" lon="-73.960061">
        <ele>39.4</ele>
        <time>2026-06-13T20:37:30.000Z</time>
      </trkpt>
      <trkpt lat="40.796162" lon="-73.960061">
        <ele>39.4</ele>
        <time>2026-06-13T20:37:31.000Z</time>
      </trkpt>
      <trkpt lat="40.796152" lon="-73.960061">
        <ele>39.4</ele>
        <time>2026-06-13T20:37:32.000Z</time>
      </trkpt>
      <trkpt lat="40.796143" lon="-73.960061">
        <ele>39.4</ele>
        <time>2026-06-13T20:37:33.000Z</time>
      </trkpt>
      <trkpt lat="40.796135" lon="-73.960062">
        <ele>39.4</ele>
        <time>2026-06-13T20:37:34.000Z</time>
      </trkpt>
      <trkpt lat="40.796126" lon="-73.960063">
        <ele>39.2</ele>
        <time>2026-06-13T20:37:35.000Z</time>
      </trkpt>
      <trkpt lat="40.796117" lon="-73.960064">
        <ele>39.2</ele>
        <time>2026-06-13T20:37:36.000Z</time>
      </trkpt>
      <trkpt lat="40.796109" lon="-73.960066">
        <ele>39.2</ele>
        <time>2026-06-13T20:37:37.000Z</time>
      </trkpt>
      <trkpt lat="40.796101" lon="-73.960069">
        <ele>39.2</ele>
        <time>2026-06-13T20:37:38.000Z</time>
      </trkpt>
      <trkpt lat="40.796092" lon="-73.96007">
        <ele>39</ele>
        <time>2026-06-13T20:37:39.000Z</time>
      </trkpt>
      <trkpt lat="40.796082" lon="-73.960072">
        <ele>39</ele>
        <time>2026-06-13T20:37:40.000Z</time>
      </trkpt>
      <trkpt lat="40.796072" lon="-73.960075">
        <ele>39</ele>
        <time>2026-06-13T20:37:41.000Z</time>
      </trkpt>
      <trkpt lat="40.796062" lon="-73.960079">
        <ele>39</ele>
        <time>2026-06-13T20:37:42.000Z</time>
      </trkpt>
      <trkpt lat="40.796053" lon="-73.960083">
        <ele>38.8</ele>
        <time>2026-06-13T20:37:43.000Z</time>
      </trkpt>
      <trkpt lat="40.796043" lon="-73.960087">
        <ele>38.8</ele>
        <time>2026-06-13T20:37:44.000Z</time>
      </trkpt>
      <trkpt lat="40.796034" lon="-73.960092">
        <ele>38.8</ele>
        <time>2026-06-13T20:37:45.000Z</time>
      </trkpt>
      <trkpt lat="40.796025" lon="-73.960096">
        <ele>38.6</ele>
        <time>2026-06-13T20:37:46.000Z</time>
      </trkpt>
      <trkpt lat="40.796016" lon="-73.960101">
        <ele>38.6</ele>
        <time>2026-06-13T20:37:47.000Z</time>
      </trkpt>
      <trkpt lat="40.796007" lon="-73.960105">
        <ele>38.6</ele>
        <time>2026-06-13T20:37:48.000Z</time>
      </trkpt>
      <trkpt lat="40.795999" lon="-73.960109">
        <ele>38.4</ele>
        <time>2026-06-13T20:37:49.000Z</time>
      </trkpt>
      <trkpt lat="40.79599" lon="-73.960114">
        <ele>38.4</ele>
        <time>2026-06-13T20:37:50.000Z</time>
      </trkpt>
      <trkpt lat="40.795981" lon="-73.960119">
        <ele>38.4</ele>
        <time>2026-06-13T20:37:51.000Z</time>
      </trkpt>
      <trkpt lat="40.795971" lon="-73.960125">
        <ele>38.2</ele>
        <time>2026-06-13T20:37:52.000Z</time>
      </trkpt>
      <trkpt lat="40.795959" lon="-73.960131">
        <ele>38.2</ele>
        <time>2026-06-13T20:37:53.000Z</time>
      </trkpt>
      <trkpt lat="40.795948" lon="-73.960138">
        <ele>38.2</ele>
        <time>2026-06-13T20:37:54.000Z</time>
      </trkpt>
      <trkpt lat="40.795938" lon="-73.960145">
        <ele>38.2</ele>
        <time>2026-06-13T20:37:55.000Z</time>
      </trkpt>
      <trkpt lat="40.795929" lon="-73.960151">
        <ele>38</ele>
        <time>2026-06-13T20:37:56.000Z</time>
      </trkpt>
      <trkpt lat="40.79592" lon="-73.960156">
        <ele>38</ele>
        <time>2026-06-13T20:37:57.000Z</time>
      </trkpt>
      <trkpt lat="40.795911" lon="-73.960163">
        <ele>38</ele>
        <time>2026-06-13T20:37:58.000Z</time>
      </trkpt>
      <trkpt lat="40.795902" lon="-73.960171">
        <ele>38</ele>
        <time>2026-06-13T20:37:59.000Z</time>
      </trkpt>
      <trkpt lat="40.795893" lon="-73.96018">
        <ele>38</ele>
        <time>2026-06-13T20:38:00.000Z</time>
      </trkpt>
      <trkpt lat="40.795884" lon="-73.960189">
        <ele>37.8</ele>
        <time>2026-06-13T20:38:01.000Z</time>
      </trkpt>
      <trkpt lat="40.795876" lon="-73.960199">
        <ele>37.8</ele>
        <time>2026-06-13T20:38:02.000Z</time>
      </trkpt>
      <trkpt lat="40.795868" lon="-73.960209">
        <ele>37.8</ele>
        <time>2026-06-13T20:38:03.000Z</time>
      </trkpt>
      <trkpt lat="40.795861" lon="-73.96022">
        <ele>37.8</ele>
        <time>2026-06-13T20:38:04.000Z</time>
      </trkpt>
      <trkpt lat="40.795855" lon="-73.96023">
        <ele>37.6</ele>
        <time>2026-06-13T20:38:05.000Z</time>
      </trkpt>
      <trkpt lat="40.795849" lon="-73.960242">
        <ele>37.6</ele>
        <time>2026-06-13T20:38:06.000Z</time>
      </trkpt>
      <trkpt lat="40.795844" lon="-73.960255">
        <ele>37.6</ele>
        <time>2026-06-13T20:38:07.000Z</time>
      </trkpt>
      <trkpt lat="40.795839" lon="-73.960267">
        <ele>37.4</ele>
        <time>2026-06-13T20:38:08.000Z</time>
      </trkpt>
      <trkpt lat="40.795836" lon="-73.960279">
        <ele>37.4</ele>
        <time>2026-06-13T20:38:09.000Z</time>
      </trkpt>
      <trkpt lat="40.795833" lon="-73.96029">
        <ele>37.4</ele>
        <time>2026-06-13T20:38:10.000Z</time>
      </trkpt>
      <trkpt lat="40.79583" lon="-73.960301">
        <ele>37.4</ele>
        <time>2026-06-13T20:38:11.000Z</time>
      </trkpt>
      <trkpt lat="40.795828" lon="-73.960312">
        <ele>37.2</ele>
        <time>2026-06-13T20:38:12.000Z</time>
      </trkpt>
      <trkpt lat="40.795827" lon="-73.960324">
        <ele>37.2</ele>
        <time>2026-06-13T20:38:13.000Z</time>
      </trkpt>
      <trkpt lat="40.795825" lon="-73.960337">
        <ele>37</ele>
        <time>2026-06-13T20:38:14.000Z</time>
      </trkpt>
      <trkpt lat="40.795824" lon="-73.960351">
        <ele>37</ele>
        <time>2026-06-13T20:38:15.000Z</time>
      </trkpt>
      <trkpt lat="40.795823" lon="-73.960364">
        <ele>37</ele>
        <time>2026-06-13T20:38:16.000Z</time>
      </trkpt>
      <trkpt lat="40.795822" lon="-73.960378">
        <ele>36.8</ele>
        <time>2026-06-13T20:38:17.000Z</time>
      </trkpt>
      <trkpt lat="40.795821" lon="-73.960392">
        <ele>36.8</ele>
        <time>2026-06-13T20:38:18.000Z</time>
      </trkpt>
      <trkpt lat="40.79582" lon="-73.960406">
        <ele>36.6</ele>
        <time>2026-06-13T20:38:19.000Z</time>
      </trkpt>
      <trkpt lat="40.79582" lon="-73.96042">
        <ele>36.6</ele>
        <time>2026-06-13T20:38:20.000Z</time>
      </trkpt>
      <trkpt lat="40.795819" lon="-73.960435">
        <ele>36.4</ele>
        <time>2026-06-13T20:38:21.000Z</time>
      </trkpt>
      <trkpt lat="40.795819" lon="-73.96045">
        <ele>36.2</ele>
        <time>2026-06-13T20:38:22.000Z</time>
      </trkpt>
      <trkpt lat="40.79582" lon="-73.960466">
        <ele>36.2</ele>
        <time>2026-06-13T20:38:23.000Z</time>
      </trkpt>
      <trkpt lat="40.795821" lon="-73.960482">
        <ele>36</ele>
        <time>2026-06-13T20:38:24.000Z</time>
      </trkpt>
      <trkpt lat="40.795821" lon="-73.960497">
        <ele>36</ele>
        <time>2026-06-13T20:38:25.000Z</time>
      </trkpt>
      <trkpt lat="40.795822" lon="-73.960511">
        <ele>35.8</ele>
        <time>2026-06-13T20:38:26.000Z</time>
      </trkpt>
      <trkpt lat="40.795824" lon="-73.960525">
        <ele>35.6</ele>
        <time>2026-06-13T20:38:27.000Z</time>
      </trkpt>
      <trkpt lat="40.795825" lon="-73.960539">
        <ele>35.6</ele>
        <time>2026-06-13T20:38:28.000Z</time>
      </trkpt>
      <trkpt lat="40.795827" lon="-73.960553">
        <ele>35.4</ele>
        <time>2026-06-13T20:38:29.000Z</time>
      </trkpt>
      <trkpt lat="40.795829" lon="-73.960567">
        <ele>35.4</ele>
        <time>2026-06-13T20:38:30.000Z</time>
      </trkpt>
      <trkpt lat="40.795831" lon="-73.960581">
        <ele>35.2</ele>
        <time>2026-06-13T20:38:31.000Z</time>
      </trkpt>
      <trkpt lat="40.795833" lon="-73.960594">
        <ele>35.2</ele>
        <time>2026-06-13T20:38:32.000Z</time>
      </trkpt>
      <trkpt lat="40.795835" lon="-73.960608">
        <ele>35</ele>
        <time>2026-06-13T20:38:33.000Z</time>
      </trkpt>
      <trkpt lat="40.795837" lon="-73.96062">
        <ele>35</ele>
        <time>2026-06-13T20:38:34.000Z</time>
      </trkpt>
      <trkpt lat="40.795839" lon="-73.960632">
        <ele>34.8</ele>
        <time>2026-06-13T20:38:35.000Z</time>
      </trkpt>
      <trkpt lat="40.795841" lon="-73.960643">
        <ele>34.8</ele>
        <time>2026-06-13T20:38:36.000Z</time>
      </trkpt>
      <trkpt lat="40.795843" lon="-73.960654">
        <ele>34.8</ele>
        <time>2026-06-13T20:38:37.000Z</time>
      </trkpt>
      <trkpt lat="40.795845" lon="-73.960666">
        <ele>34.6</ele>
        <time>2026-06-13T20:38:38.000Z</time>
      </trkpt>
      <trkpt lat="40.795848" lon="-73.960678">
        <ele>34.6</ele>
        <time>2026-06-13T20:38:39.000Z</time>
      </trkpt>
      <trkpt lat="40.795851" lon="-73.96069">
        <ele>34.4</ele>
        <time>2026-06-13T20:38:40.000Z</time>
      </trkpt>
      <trkpt lat="40.795853" lon="-73.960701">
        <ele>34.4</ele>
        <time>2026-06-13T20:38:41.000Z</time>
      </trkpt>
      <trkpt lat="40.795855" lon="-73.960711">
        <ele>34.2</ele>
        <time>2026-06-13T20:38:42.000Z</time>
      </trkpt>
      <trkpt lat="40.795858" lon="-73.960721">
        <ele>34</ele>
        <time>2026-06-13T20:38:43.000Z</time>
      </trkpt>
      <trkpt lat="40.795861" lon="-73.960733">
        <ele>34</ele>
        <time>2026-06-13T20:38:44.000Z</time>
      </trkpt>
      <trkpt lat="40.795864" lon="-73.960745">
        <ele>33.8</ele>
        <time>2026-06-13T20:38:45.000Z</time>
      </trkpt>
      <trkpt lat="40.795867" lon="-73.960757">
        <ele>33.8</ele>
        <time>2026-06-13T20:38:46.000Z</time>
      </trkpt>
      <trkpt lat="40.795871" lon="-73.960769">
        <ele>33.6</ele>
        <time>2026-06-13T20:38:47.000Z</time>
      </trkpt>
      <trkpt lat="40.795874" lon="-73.96078">
        <ele>33.4</ele>
        <time>2026-06-13T20:38:48.000Z</time>
      </trkpt>
      <trkpt lat="40.795878" lon="-73.960791">
        <ele>33.4</ele>
        <time>2026-06-13T20:38:49.000Z</time>
      </trkpt>
      <trkpt lat="40.795881" lon="-73.960802">
        <ele>33.2</ele>
        <time>2026-06-13T20:38:50.000Z</time>
      </trkpt>
      <trkpt lat="40.795884" lon="-73.960814">
        <ele>33.2</ele>
        <time>2026-06-13T20:38:51.000Z</time>
      </trkpt>
      <trkpt lat="40.795887" lon="-73.960827">
        <ele>33</ele>
        <time>2026-06-13T20:38:52.000Z</time>
      </trkpt>
      <trkpt lat="40.795889" lon="-73.960839">
        <ele>33</ele>
        <time>2026-06-13T20:38:53.000Z</time>
      </trkpt>
      <trkpt lat="40.79589" lon="-73.960852">
        <ele>32.8</ele>
        <time>2026-06-13T20:38:54.000Z</time>
      </trkpt>
      <trkpt lat="40.795891" lon="-73.960864">
        <ele>32.8</ele>
        <time>2026-06-13T20:38:55.000Z</time>
      </trkpt>
      <trkpt lat="40.795892" lon="-73.960876">
        <ele>32.6</ele>
        <time>2026-06-13T20:38:56.000Z</time>
      </trkpt>
      <trkpt lat="40.795892" lon="-73.960889">
        <ele>32.4</ele>
        <time>2026-06-13T20:38:57.000Z</time>
      </trkpt>
      <trkpt lat="40.795892" lon="-73.960898">
        <ele>32.4</ele>
        <time>2026-06-13T20:38:58.000Z</time>
      </trkpt>
      <trkpt lat="40.795892" lon="-73.960905">
        <ele>32.2</ele>
        <time>2026-06-13T20:38:59.000Z</time>
      </trkpt>
      <trkpt lat="40.795892" lon="-73.960912">
        <ele>32.2</ele>
        <time>2026-06-13T20:39:00.000Z</time>
      </trkpt>
      <trkpt lat="40.795892" lon="-73.960918">
        <ele>32</ele>
        <time>2026-06-13T20:39:01.000Z</time>
      </trkpt>
      <trkpt lat="40.795892" lon="-73.960926">
        <ele>31.8</ele>
        <time>2026-06-13T20:39:02.000Z</time>
      </trkpt>
      <trkpt lat="40.795892" lon="-73.960936">
        <ele>31.8</ele>
        <time>2026-06-13T20:39:03.000Z</time>
      </trkpt>
      <trkpt lat="40.795891" lon="-73.960947">
        <ele>31.6</ele>
        <time>2026-06-13T20:39:04.000Z</time>
      </trkpt>
      <trkpt lat="40.79589" lon="-73.960959">
        <ele>31.4</ele>
        <time>2026-06-13T20:39:05.000Z</time>
      </trkpt>
      <trkpt lat="40.795888" lon="-73.96097">
        <ele>31.2</ele>
        <time>2026-06-13T20:39:06.000Z</time>
      </trkpt>
      <trkpt lat="40.795887" lon="-73.96098">
        <ele>31</ele>
        <time>2026-06-13T20:39:07.000Z</time>
      </trkpt>
      <trkpt lat="40.795885" lon="-73.960989">
        <ele>30.8</ele>
        <time>2026-06-13T20:39:08.000Z</time>
      </trkpt>
      <trkpt lat="40.795883" lon="-73.960996">
        <ele>30.8</ele>
        <time>2026-06-13T20:39:09.000Z</time>
      </trkpt>
      <trkpt lat="40.795881" lon="-73.961003">
        <ele>30.6</ele>
        <time>2026-06-13T20:39:10.000Z</time>
      </trkpt>
      <trkpt lat="40.795879" lon="-73.96101">
        <ele>30.4</ele>
        <time>2026-06-13T20:39:11.000Z</time>
      </trkpt>
      <trkpt lat="40.795875" lon="-73.961019">
        <ele>30.2</ele>
        <time>2026-06-13T20:39:12.000Z</time>
      </trkpt>
      <trkpt lat="40.795872" lon="-73.961031">
        <ele>30</ele>
        <time>2026-06-13T20:39:13.000Z</time>
      </trkpt>
      <trkpt lat="40.795868" lon="-73.961043">
        <ele>29.8</ele>
        <time>2026-06-13T20:39:14.000Z</time>
      </trkpt>
      <trkpt lat="40.795865" lon="-73.961055">
        <ele>29.6</ele>
        <time>2026-06-13T20:39:15.000Z</time>
      </trkpt>
      <trkpt lat="40.795861" lon="-73.961068">
        <ele>29.4</ele>
        <time>2026-06-13T20:39:16.000Z</time>
      </trkpt>
      <trkpt lat="40.795857" lon="-73.961081">
        <ele>29.2</ele>
        <time>2026-06-13T20:39:17.000Z</time>
      </trkpt>
      <trkpt lat="40.795853" lon="-73.961094">
        <ele>29</ele>
        <time>2026-06-13T20:39:18.000Z</time>
      </trkpt>
      <trkpt lat="40.795849" lon="-73.961106">
        <ele>28.8</ele>
        <time>2026-06-13T20:39:19.000Z</time>
      </trkpt>
      <trkpt lat="40.795845" lon="-73.961118">
        <ele>28.8</ele>
        <time>2026-06-13T20:39:20.000Z</time>
      </trkpt>
      <trkpt lat="40.795842" lon="-73.961131">
        <ele>28.6</ele>
        <time>2026-06-13T20:39:21.000Z</time>
      </trkpt>
      <trkpt lat="40.795841" lon="-73.961144">
        <ele>28.4</ele>
        <time>2026-06-13T20:39:22.000Z</time>
      </trkpt>
      <trkpt lat="40.795842" lon="-73.961157">
        <ele>28.4</ele>
        <time>2026-06-13T20:39:23.000Z</time>
      </trkpt>
      <trkpt lat="40.795843" lon="-73.961172">
        <ele>28.2</ele>
        <time>2026-06-13T20:39:24.000Z</time>
      </trkpt>
      <trkpt lat="40.795845" lon="-73.961188">
        <ele>28.2</ele>
        <time>2026-06-13T20:39:25.000Z</time>
      </trkpt>
      <trkpt lat="40.795848" lon="-73.961203">
        <ele>28</ele>
        <time>2026-06-13T20:39:26.000Z</time>
      </trkpt>
      <trkpt lat="40.795858" lon="-73.961227">
        <ele>28</ele>
        <time>2026-06-13T20:39:27.000Z</time>
      </trkpt>
      <trkpt lat="40.795863" lon="-73.961235">
        <ele>27.8</ele>
        <time>2026-06-13T20:39:28.000Z</time>
      </trkpt>
      <trkpt lat="40.795868" lon="-73.961244">
        <ele>27.8</ele>
        <time>2026-06-13T20:39:29.000Z</time>
      </trkpt>
      <trkpt lat="40.795883" lon="-73.961262">
        <ele>27.8</ele>
        <time>2026-06-13T20:39:30.000Z</time>
      </trkpt>
      <trkpt lat="40.795888" lon="-73.961268">
        <ele>27.8</ele>
        <time>2026-06-13T20:39:31.000Z</time>
      </trkpt>
      <trkpt lat="40.795904" lon="-73.961288">
        <ele>27.8</ele>
        <time>2026-06-13T20:39:32.000Z</time>
      </trkpt>
      <trkpt lat="40.795911" lon="-73.961296">
        <ele>27.8</ele>
        <time>2026-06-13T20:39:33.000Z</time>
      </trkpt>
      <trkpt lat="40.795917" lon="-73.961304">
        <ele>27.8</ele>
        <time>2026-06-13T20:39:34.000Z</time>
      </trkpt>
      <trkpt lat="40.795926" lon="-73.961315">
        <ele>27.8</ele>
        <time>2026-06-13T20:39:35.000Z</time>
      </trkpt>
      <trkpt lat="40.795934" lon="-73.961326">
        <ele>27.8</ele>
        <time>2026-06-13T20:39:36.000Z</time>
      </trkpt>
      <trkpt lat="40.795941" lon="-73.961336">
        <ele>27.8</ele>
        <time>2026-06-13T20:39:37.000Z</time>
      </trkpt>
      <trkpt lat="40.795947" lon="-73.961347">
        <ele>28</ele>
        <time>2026-06-13T20:39:38.000Z</time>
      </trkpt>
      <trkpt lat="40.795951" lon="-73.961358">
        <ele>28</ele>
        <time>2026-06-13T20:39:39.000Z</time>
      </trkpt>
      <trkpt lat="40.795953" lon="-73.961369">
        <ele>28</ele>
        <time>2026-06-13T20:39:40.000Z</time>
      </trkpt>
      <trkpt lat="40.795952" lon="-73.96138">
        <ele>28</ele>
        <time>2026-06-13T20:39:41.000Z</time>
      </trkpt>
      <trkpt lat="40.79595" lon="-73.961389">
        <ele>28</ele>
        <time>2026-06-13T20:39:42.000Z</time>
      </trkpt>
      <trkpt lat="40.795946" lon="-73.961395">
        <ele>28</ele>
        <time>2026-06-13T20:39:43.000Z</time>
      </trkpt>
      <trkpt lat="40.79594" lon="-73.9614">
        <ele>28.2</ele>
        <time>2026-06-13T20:39:44.000Z</time>
      </trkpt>
      <trkpt lat="40.795933" lon="-73.961407">
        <ele>28.2</ele>
        <time>2026-06-13T20:39:45.000Z</time>
      </trkpt>
      <trkpt lat="40.795924" lon="-73.961417">
        <ele>28.2</ele>
        <time>2026-06-13T20:39:46.000Z</time>
      </trkpt>
      <trkpt lat="40.795914" lon="-73.961428">
        <ele>28.2</ele>
        <time>2026-06-13T20:39:47.000Z</time>
      </trkpt>
      <trkpt lat="40.795905" lon="-73.961438">
        <ele>28.2</ele>
        <time>2026-06-13T20:39:48.000Z</time>
      </trkpt>
      <trkpt lat="40.795895" lon="-73.961447">
        <ele>28.2</ele>
        <time>2026-06-13T20:39:49.000Z</time>
      </trkpt>
      <trkpt lat="40.795886" lon="-73.961455">
        <ele>28.2</ele>
        <time>2026-06-13T20:39:50.000Z</time>
      </trkpt>
      <trkpt lat="40.795876" lon="-73.961463">
        <ele>28.2</ele>
        <time>2026-06-13T20:39:51.000Z</time>
      </trkpt>
      <trkpt lat="40.795866" lon="-73.96147">
        <ele>28.2</ele>
        <time>2026-06-13T20:39:52.000Z</time>
      </trkpt>
      <trkpt lat="40.795856" lon="-73.961477">
        <ele>28.2</ele>
        <time>2026-06-13T20:39:53.000Z</time>
      </trkpt>
      <trkpt lat="40.795847" lon="-73.961483">
        <ele>28.2</ele>
        <time>2026-06-13T20:39:54.000Z</time>
      </trkpt>
      <trkpt lat="40.795838" lon="-73.961488">
        <ele>28.2</ele>
        <time>2026-06-13T20:39:55.000Z</time>
      </trkpt>
      <trkpt lat="40.795829" lon="-73.961492">
        <ele>28.2</ele>
        <time>2026-06-13T20:39:56.000Z</time>
      </trkpt>
      <trkpt lat="40.79582" lon="-73.961495">
        <ele>28.2</ele>
        <time>2026-06-13T20:39:57.000Z</time>
      </trkpt>
      <trkpt lat="40.79581" lon="-73.961498">
        <ele>28.2</ele>
        <time>2026-06-13T20:39:58.000Z</time>
      </trkpt>
      <trkpt lat="40.795799" lon="-73.961501">
        <ele>28.2</ele>
        <time>2026-06-13T20:39:59.000Z</time>
      </trkpt>
      <trkpt lat="40.795788" lon="-73.961505">
        <ele>28.2</ele>
        <time>2026-06-13T20:40:00.000Z</time>
      </trkpt>
      <trkpt lat="40.795778" lon="-73.961512">
        <ele>28.2</ele>
        <time>2026-06-13T20:40:01.000Z</time>
      </trkpt>
      <trkpt lat="40.795768" lon="-73.96152">
        <ele>28.2</ele>
        <time>2026-06-13T20:40:02.000Z</time>
      </trkpt>
      <trkpt lat="40.795759" lon="-73.961529">
        <ele>28.2</ele>
        <time>2026-06-13T20:40:03.000Z</time>
      </trkpt>
      <trkpt lat="40.795751" lon="-73.961538">
        <ele>28.2</ele>
        <time>2026-06-13T20:40:04.000Z</time>
      </trkpt>
      <trkpt lat="40.795743" lon="-73.961546">
        <ele>28.4</ele>
        <time>2026-06-13T20:40:05.000Z</time>
      </trkpt>
      <trkpt lat="40.795734" lon="-73.961554">
        <ele>28.4</ele>
        <time>2026-06-13T20:40:06.000Z</time>
      </trkpt>
      <trkpt lat="40.795724" lon="-73.961562">
        <ele>28.4</ele>
        <time>2026-06-13T20:40:07.000Z</time>
      </trkpt>
      <trkpt lat="40.795714" lon="-73.96157">
        <ele>28.4</ele>
        <time>2026-06-13T20:40:08.000Z</time>
      </trkpt>
      <trkpt lat="40.795705" lon="-73.961578">
        <ele>28.4</ele>
        <time>2026-06-13T20:40:09.000Z</time>
      </trkpt>
      <trkpt lat="40.795697" lon="-73.961585">
        <ele>28.4</ele>
        <time>2026-06-13T20:40:10.000Z</time>
      </trkpt>
      <trkpt lat="40.795688" lon="-73.961592">
        <ele>28.4</ele>
        <time>2026-06-13T20:40:11.000Z</time>
      </trkpt>
      <trkpt lat="40.79568" lon="-73.9616">
        <ele>28.4</ele>
        <time>2026-06-13T20:40:12.000Z</time>
      </trkpt>
      <trkpt lat="40.795672" lon="-73.961608">
        <ele>28.4</ele>
        <time>2026-06-13T20:40:13.000Z</time>
      </trkpt>
      <trkpt lat="40.795664" lon="-73.961615">
        <ele>28.4</ele>
        <time>2026-06-13T20:40:14.000Z</time>
      </trkpt>
      <trkpt lat="40.795656" lon="-73.961621">
        <ele>28.4</ele>
        <time>2026-06-13T20:40:15.000Z</time>
      </trkpt>
      <trkpt lat="40.795645" lon="-73.961626">
        <ele>28.4</ele>
        <time>2026-06-13T20:40:16.000Z</time>
      </trkpt>
      <trkpt lat="40.795635" lon="-73.961631">
        <ele>28.4</ele>
        <time>2026-06-13T20:40:17.000Z</time>
      </trkpt>
      <trkpt lat="40.795625" lon="-73.961637">
        <ele>28.4</ele>
        <time>2026-06-13T20:40:18.000Z</time>
      </trkpt>
      <trkpt lat="40.795615" lon="-73.961644">
        <ele>28.4</ele>
        <time>2026-06-13T20:40:19.000Z</time>
      </trkpt>
      <trkpt lat="40.795606" lon="-73.961652">
        <ele>28.2</ele>
        <time>2026-06-13T20:40:20.000Z</time>
      </trkpt>
      <trkpt lat="40.795597" lon="-73.961659">
        <ele>28.2</ele>
        <time>2026-06-13T20:40:21.000Z</time>
      </trkpt>
      <trkpt lat="40.795589" lon="-73.961667">
        <ele>28.2</ele>
        <time>2026-06-13T20:40:22.000Z</time>
      </trkpt>
      <trkpt lat="40.79558" lon="-73.961674">
        <ele>28.2</ele>
        <time>2026-06-13T20:40:23.000Z</time>
      </trkpt>
      <trkpt lat="40.795571" lon="-73.961682">
        <ele>28.2</ele>
        <time>2026-06-13T20:40:24.000Z</time>
      </trkpt>
      <trkpt lat="40.795562" lon="-73.961689">
        <ele>28.2</ele>
        <time>2026-06-13T20:40:25.000Z</time>
      </trkpt>
      <trkpt lat="40.795553" lon="-73.961696">
        <ele>28.2</ele>
        <time>2026-06-13T20:40:26.000Z</time>
      </trkpt>
      <trkpt lat="40.795544" lon="-73.961703">
        <ele>28.2</ele>
        <time>2026-06-13T20:40:27.000Z</time>
      </trkpt>
      <trkpt lat="40.795534" lon="-73.961711">
        <ele>28.2</ele>
        <time>2026-06-13T20:40:28.000Z</time>
      </trkpt>
      <trkpt lat="40.795523" lon="-73.961718">
        <ele>28.2</ele>
        <time>2026-06-13T20:40:29.000Z</time>
      </trkpt>
      <trkpt lat="40.795513" lon="-73.961725">
        <ele>28.2</ele>
        <time>2026-06-13T20:40:30.000Z</time>
      </trkpt>
      <trkpt lat="40.795503" lon="-73.961732">
        <ele>28.2</ele>
        <time>2026-06-13T20:40:31.000Z</time>
      </trkpt>
      <trkpt lat="40.795493" lon="-73.961738">
        <ele>28.2</ele>
        <time>2026-06-13T20:40:32.000Z</time>
      </trkpt>
      <trkpt lat="40.795483" lon="-73.961744">
        <ele>28.2</ele>
        <time>2026-06-13T20:40:33.000Z</time>
      </trkpt>
      <trkpt lat="40.795473" lon="-73.96175">
        <ele>28.2</ele>
        <time>2026-06-13T20:40:34.000Z</time>
      </trkpt>
      <trkpt lat="40.795462" lon="-73.961756">
        <ele>28.2</ele>
        <time>2026-06-13T20:40:35.000Z</time>
      </trkpt>
      <trkpt lat="40.795452" lon="-73.961762">
        <ele>28.2</ele>
        <time>2026-06-13T20:40:36.000Z</time>
      </trkpt>
      <trkpt lat="40.795441" lon="-73.961768">
        <ele>28.2</ele>
        <time>2026-06-13T20:40:37.000Z</time>
      </trkpt>
      <trkpt lat="40.795431" lon="-73.961773">
        <ele>28.2</ele>
        <time>2026-06-13T20:40:38.000Z</time>
      </trkpt>
      <trkpt lat="40.795421" lon="-73.961779">
        <ele>28.2</ele>
        <time>2026-06-13T20:40:39.000Z</time>
      </trkpt>
      <trkpt lat="40.795411" lon="-73.961785">
        <ele>28.2</ele>
        <time>2026-06-13T20:40:40.000Z</time>
      </trkpt>
      <trkpt lat="40.795401" lon="-73.961792">
        <ele>28.2</ele>
        <time>2026-06-13T20:40:41.000Z</time>
      </trkpt>
      <trkpt lat="40.79539" lon="-73.961799">
        <ele>28.2</ele>
        <time>2026-06-13T20:40:42.000Z</time>
      </trkpt>
      <trkpt lat="40.79538" lon="-73.961805">
        <ele>28.2</ele>
        <time>2026-06-13T20:40:43.000Z</time>
      </trkpt>
      <trkpt lat="40.795371" lon="-73.961811">
        <ele>28.2</ele>
        <time>2026-06-13T20:40:44.000Z</time>
      </trkpt>
      <trkpt lat="40.795362" lon="-73.961817">
        <ele>28.2</ele>
        <time>2026-06-13T20:40:45.000Z</time>
      </trkpt>
      <trkpt lat="40.795352" lon="-73.961824">
        <ele>28.2</ele>
        <time>2026-06-13T20:40:46.000Z</time>
      </trkpt>
      <trkpt lat="40.795343" lon="-73.961831">
        <ele>28.2</ele>
        <time>2026-06-13T20:40:47.000Z</time>
      </trkpt>
      <trkpt lat="40.795333" lon="-73.961838">
        <ele>28.2</ele>
        <time>2026-06-13T20:40:48.000Z</time>
      </trkpt>
      <trkpt lat="40.795324" lon="-73.961845">
        <ele>28.2</ele>
        <time>2026-06-13T20:40:49.000Z</time>
      </trkpt>
      <trkpt lat="40.795315" lon="-73.961851">
        <ele>28.2</ele>
        <time>2026-06-13T20:40:50.000Z</time>
      </trkpt>
      <trkpt lat="40.795305" lon="-73.961857">
        <ele>28.2</ele>
        <time>2026-06-13T20:40:51.000Z</time>
      </trkpt>
      <trkpt lat="40.795296" lon="-73.961863">
        <ele>28.2</ele>
        <time>2026-06-13T20:40:52.000Z</time>
      </trkpt>
      <trkpt lat="40.795287" lon="-73.96187">
        <ele>28.2</ele>
        <time>2026-06-13T20:40:53.000Z</time>
      </trkpt>
      <trkpt lat="40.795278" lon="-73.961877">
        <ele>28.2</ele>
        <time>2026-06-13T20:40:54.000Z</time>
      </trkpt>
      <trkpt lat="40.79527" lon="-73.961885">
        <ele>28.2</ele>
        <time>2026-06-13T20:40:55.000Z</time>
      </trkpt>
      <trkpt lat="40.795262" lon="-73.961892">
        <ele>28.2</ele>
        <time>2026-06-13T20:40:56.000Z</time>
      </trkpt>
      <trkpt lat="40.795254" lon="-73.9619">
        <ele>28.4</ele>
        <time>2026-06-13T20:40:57.000Z</time>
      </trkpt>
      <trkpt lat="40.795245" lon="-73.961908">
        <ele>28.4</ele>
        <time>2026-06-13T20:40:58.000Z</time>
      </trkpt>
      <trkpt lat="40.795236" lon="-73.961915">
        <ele>28.4</ele>
        <time>2026-06-13T20:40:59.000Z</time>
      </trkpt>
      <trkpt lat="40.795226" lon="-73.961921">
        <ele>28.4</ele>
        <time>2026-06-13T20:41:00.000Z</time>
      </trkpt>
      <trkpt lat="40.795216" lon="-73.961926">
        <ele>28.4</ele>
        <time>2026-06-13T20:41:01.000Z</time>
      </trkpt>
      <trkpt lat="40.795206" lon="-73.961931">
        <ele>28.4</ele>
        <time>2026-06-13T20:41:02.000Z</time>
      </trkpt>
      <trkpt lat="40.795197" lon="-73.961937">
        <ele>28.4</ele>
        <time>2026-06-13T20:41:03.000Z</time>
      </trkpt>
      <trkpt lat="40.795188" lon="-73.961943">
        <ele>28.4</ele>
        <time>2026-06-13T20:41:04.000Z</time>
      </trkpt>
      <trkpt lat="40.79518" lon="-73.961949">
        <ele>28.4</ele>
        <time>2026-06-13T20:41:05.000Z</time>
      </trkpt>
      <trkpt lat="40.795171" lon="-73.961956">
        <ele>28.4</ele>
        <time>2026-06-13T20:41:06.000Z</time>
      </trkpt>
      <trkpt lat="40.795162" lon="-73.961964">
        <ele>28.4</ele>
        <time>2026-06-13T20:41:07.000Z</time>
      </trkpt>
      <trkpt lat="40.795153" lon="-73.961971">
        <ele>28.4</ele>
        <time>2026-06-13T20:41:08.000Z</time>
      </trkpt>
      <trkpt lat="40.795144" lon="-73.961979">
        <ele>28.4</ele>
        <time>2026-06-13T20:41:09.000Z</time>
      </trkpt>
      <trkpt lat="40.795136" lon="-73.961987">
        <ele>28.4</ele>
        <time>2026-06-13T20:41:10.000Z</time>
      </trkpt>
      <trkpt lat="40.795127" lon="-73.961995">
        <ele>28.4</ele>
        <time>2026-06-13T20:41:11.000Z</time>
      </trkpt>
      <trkpt lat="40.795118" lon="-73.962003">
        <ele>28.4</ele>
        <time>2026-06-13T20:41:12.000Z</time>
      </trkpt>
      <trkpt lat="40.795108" lon="-73.962011">
        <ele>28.6</ele>
        <time>2026-06-13T20:41:13.000Z</time>
      </trkpt>
      <trkpt lat="40.795097" lon="-73.962017">
        <ele>28.6</ele>
        <time>2026-06-13T20:41:14.000Z</time>
      </trkpt>
      <trkpt lat="40.795087" lon="-73.962023">
        <ele>28.6</ele>
        <time>2026-06-13T20:41:15.000Z</time>
      </trkpt>
      <trkpt lat="40.795077" lon="-73.962028">
        <ele>28.6</ele>
        <time>2026-06-13T20:41:16.000Z</time>
      </trkpt>
      <trkpt lat="40.795067" lon="-73.962034">
        <ele>28.6</ele>
        <time>2026-06-13T20:41:17.000Z</time>
      </trkpt>
      <trkpt lat="40.795052" lon="-73.962045">
        <ele>28.6</ele>
        <time>2026-06-13T20:41:18.000Z</time>
      </trkpt>
      <trkpt lat="40.795047" lon="-73.962049">
        <ele>28.6</ele>
        <time>2026-06-13T20:41:19.000Z</time>
      </trkpt>
      <trkpt lat="40.795037" lon="-73.962055">
        <ele>28.6</ele>
        <time>2026-06-13T20:41:20.000Z</time>
      </trkpt>
      <trkpt lat="40.795028" lon="-73.962062">
        <ele>28.6</ele>
        <time>2026-06-13T20:41:21.000Z</time>
      </trkpt>
      <trkpt lat="40.795018" lon="-73.96207">
        <ele>28.6</ele>
        <time>2026-06-13T20:41:22.000Z</time>
      </trkpt>
      <trkpt lat="40.795009" lon="-73.962077">
        <ele>28.6</ele>
        <time>2026-06-13T20:41:23.000Z</time>
      </trkpt>
      <trkpt lat="40.795" lon="-73.962085">
        <ele>28.4</ele>
        <time>2026-06-13T20:41:24.000Z</time>
      </trkpt>
      <trkpt lat="40.794991" lon="-73.962093">
        <ele>28.4</ele>
        <time>2026-06-13T20:41:25.000Z</time>
      </trkpt>
      <trkpt lat="40.794981" lon="-73.9621">
        <ele>28.4</ele>
        <time>2026-06-13T20:41:26.000Z</time>
      </trkpt>
      <trkpt lat="40.79497" lon="-73.962107">
        <ele>28.4</ele>
        <time>2026-06-13T20:41:27.000Z</time>
      </trkpt>
      <trkpt lat="40.794959" lon="-73.962113">
        <ele>28.4</ele>
        <time>2026-06-13T20:41:28.000Z</time>
      </trkpt>
      <trkpt lat="40.794949" lon="-73.96212">
        <ele>28.2</ele>
        <time>2026-06-13T20:41:29.000Z</time>
      </trkpt>
      <trkpt lat="40.794939" lon="-73.962126">
        <ele>28.2</ele>
        <time>2026-06-13T20:41:30.000Z</time>
      </trkpt>
      <trkpt lat="40.79493" lon="-73.962132">
        <ele>28.2</ele>
        <time>2026-06-13T20:41:31.000Z</time>
      </trkpt>
      <trkpt lat="40.794921" lon="-73.962138">
        <ele>28.2</ele>
        <time>2026-06-13T20:41:32.000Z</time>
      </trkpt>
      <trkpt lat="40.794913" lon="-73.962145">
        <ele>28.2</ele>
        <time>2026-06-13T20:41:33.000Z</time>
      </trkpt>
      <trkpt lat="40.794904" lon="-73.962151">
        <ele>28</ele>
        <time>2026-06-13T20:41:34.000Z</time>
      </trkpt>
      <trkpt lat="40.794894" lon="-73.962158">
        <ele>28</ele>
        <time>2026-06-13T20:41:35.000Z</time>
      </trkpt>
      <trkpt lat="40.794884" lon="-73.962165">
        <ele>28</ele>
        <time>2026-06-13T20:41:36.000Z</time>
      </trkpt>
      <trkpt lat="40.794875" lon="-73.962172">
        <ele>28</ele>
        <time>2026-06-13T20:41:37.000Z</time>
      </trkpt>
      <trkpt lat="40.794867" lon="-73.962179">
        <ele>28</ele>
        <time>2026-06-13T20:41:38.000Z</time>
      </trkpt>
      <trkpt lat="40.794859" lon="-73.962185">
        <ele>27.8</ele>
        <time>2026-06-13T20:41:39.000Z</time>
      </trkpt>
      <trkpt lat="40.79485" lon="-73.962192">
        <ele>27.8</ele>
        <time>2026-06-13T20:41:40.000Z</time>
      </trkpt>
      <trkpt lat="40.794842" lon="-73.962198">
        <ele>27.8</ele>
        <time>2026-06-13T20:41:41.000Z</time>
      </trkpt>
      <trkpt lat="40.794834" lon="-73.962204">
        <ele>27.8</ele>
        <time>2026-06-13T20:41:42.000Z</time>
      </trkpt>
      <trkpt lat="40.794827" lon="-73.962209">
        <ele>27.8</ele>
        <time>2026-06-13T20:41:43.000Z</time>
      </trkpt>
      <trkpt lat="40.794819" lon="-73.962215">
        <ele>27.8</ele>
        <time>2026-06-13T20:41:44.000Z</time>
      </trkpt>
      <trkpt lat="40.794811" lon="-73.96222">
        <ele>27.8</ele>
        <time>2026-06-13T20:41:45.000Z</time>
      </trkpt>
      <trkpt lat="40.794801" lon="-73.962227">
        <ele>27.8</ele>
        <time>2026-06-13T20:41:46.000Z</time>
      </trkpt>
      <trkpt lat="40.794792" lon="-73.962234">
        <ele>27.8</ele>
        <time>2026-06-13T20:41:47.000Z</time>
      </trkpt>
      <trkpt lat="40.794783" lon="-73.962241">
        <ele>27.8</ele>
        <time>2026-06-13T20:41:48.000Z</time>
      </trkpt>
      <trkpt lat="40.794775" lon="-73.962247">
        <ele>27.8</ele>
        <time>2026-06-13T20:41:49.000Z</time>
      </trkpt>
      <trkpt lat="40.794767" lon="-73.962254">
        <ele>27.8</ele>
        <time>2026-06-13T20:41:50.000Z</time>
      </trkpt>
      <trkpt lat="40.794759" lon="-73.962261">
        <ele>27.8</ele>
        <time>2026-06-13T20:41:51.000Z</time>
      </trkpt>
      <trkpt lat="40.794751" lon="-73.962269">
        <ele>27.8</ele>
        <time>2026-06-13T20:41:52.000Z</time>
      </trkpt>
      <trkpt lat="40.794742" lon="-73.962278">
        <ele>27.8</ele>
        <time>2026-06-13T20:41:53.000Z</time>
      </trkpt>
      <trkpt lat="40.794733" lon="-73.962286">
        <ele>27.8</ele>
        <time>2026-06-13T20:41:54.000Z</time>
      </trkpt>
      <trkpt lat="40.794724" lon="-73.962295">
        <ele>27.8</ele>
        <time>2026-06-13T20:41:55.000Z</time>
      </trkpt>
      <trkpt lat="40.794715" lon="-73.962303">
        <ele>27.8</ele>
        <time>2026-06-13T20:41:56.000Z</time>
      </trkpt>
      <trkpt lat="40.794705" lon="-73.962311">
        <ele>27.8</ele>
        <time>2026-06-13T20:41:57.000Z</time>
      </trkpt>
      <trkpt lat="40.794696" lon="-73.962318">
        <ele>27.8</ele>
        <time>2026-06-13T20:41:58.000Z</time>
      </trkpt>
      <trkpt lat="40.794681" lon="-73.962331">
        <ele>27.8</ele>
        <time>2026-06-13T20:41:59.000Z</time>
      </trkpt>
      <trkpt lat="40.794675" lon="-73.962337">
        <ele>27.8</ele>
        <time>2026-06-13T20:42:00.000Z</time>
      </trkpt>
      <trkpt lat="40.79467" lon="-73.962344">
        <ele>27.8</ele>
        <time>2026-06-13T20:42:01.000Z</time>
      </trkpt>
      <trkpt lat="40.794664" lon="-73.96235">
        <ele>27.8</ele>
        <time>2026-06-13T20:42:02.000Z</time>
      </trkpt>
      <trkpt lat="40.794658" lon="-73.962356">
        <ele>28</ele>
        <time>2026-06-13T20:42:03.000Z</time>
      </trkpt>
      <trkpt lat="40.794645" lon="-73.962371">
        <ele>28</ele>
        <time>2026-06-13T20:42:04.000Z</time>
      </trkpt>
      <trkpt lat="40.794639" lon="-73.962376">
        <ele>28</ele>
        <time>2026-06-13T20:42:05.000Z</time>
      </trkpt>
      <trkpt lat="40.794634" lon="-73.962382">
        <ele>28</ele>
        <time>2026-06-13T20:42:06.000Z</time>
      </trkpt>
      <trkpt lat="40.794626" lon="-73.96239">
        <ele>28</ele>
        <time>2026-06-13T20:42:07.000Z</time>
      </trkpt>
      <trkpt lat="40.794617" lon="-73.962398">
        <ele>28</ele>
        <time>2026-06-13T20:42:08.000Z</time>
      </trkpt>
      <trkpt lat="40.794608" lon="-73.962406">
        <ele>28</ele>
        <time>2026-06-13T20:42:09.000Z</time>
      </trkpt>
      <trkpt lat="40.794599" lon="-73.962415">
        <ele>28</ele>
        <time>2026-06-13T20:42:10.000Z</time>
      </trkpt>
      <trkpt lat="40.79459" lon="-73.962423">
        <ele>28</ele>
        <time>2026-06-13T20:42:11.000Z</time>
      </trkpt>
      <trkpt lat="40.794581" lon="-73.962432">
        <ele>28</ele>
        <time>2026-06-13T20:42:12.000Z</time>
      </trkpt>
      <trkpt lat="40.794572" lon="-73.962439">
        <ele>28</ele>
        <time>2026-06-13T20:42:13.000Z</time>
      </trkpt>
      <trkpt lat="40.794563" lon="-73.962447">
        <ele>28</ele>
        <time>2026-06-13T20:42:14.000Z</time>
      </trkpt>
      <trkpt lat="40.794555" lon="-73.962454">
        <ele>28</ele>
        <time>2026-06-13T20:42:15.000Z</time>
      </trkpt>
      <trkpt lat="40.794546" lon="-73.962462">
        <ele>28</ele>
        <time>2026-06-13T20:42:16.000Z</time>
      </trkpt>
      <trkpt lat="40.794538" lon="-73.962469">
        <ele>28</ele>
        <time>2026-06-13T20:42:17.000Z</time>
      </trkpt>
      <trkpt lat="40.794529" lon="-73.962476">
        <ele>28</ele>
        <time>2026-06-13T20:42:18.000Z</time>
      </trkpt>
      <trkpt lat="40.794519" lon="-73.962484">
        <ele>28</ele>
        <time>2026-06-13T20:42:19.000Z</time>
      </trkpt>
      <trkpt lat="40.794509" lon="-73.962492">
        <ele>28</ele>
        <time>2026-06-13T20:42:20.000Z</time>
      </trkpt>
      <trkpt lat="40.794499" lon="-73.9625">
        <ele>28</ele>
        <time>2026-06-13T20:42:21.000Z</time>
      </trkpt>
      <trkpt lat="40.794489" lon="-73.962508">
        <ele>28</ele>
        <time>2026-06-13T20:42:22.000Z</time>
      </trkpt>
      <trkpt lat="40.794479" lon="-73.962515">
        <ele>28</ele>
        <time>2026-06-13T20:42:23.000Z</time>
      </trkpt>
      <trkpt lat="40.79447" lon="-73.962523">
        <ele>28</ele>
        <time>2026-06-13T20:42:24.000Z</time>
      </trkpt>
      <trkpt lat="40.79446" lon="-73.96253">
        <ele>28.2</ele>
        <time>2026-06-13T20:42:25.000Z</time>
      </trkpt>
      <trkpt lat="40.794451" lon="-73.962537">
        <ele>28.2</ele>
        <time>2026-06-13T20:42:26.000Z</time>
      </trkpt>
      <trkpt lat="40.794442" lon="-73.962544">
        <ele>28.2</ele>
        <time>2026-06-13T20:42:27.000Z</time>
      </trkpt>
      <trkpt lat="40.794434" lon="-73.96255">
        <ele>28.2</ele>
        <time>2026-06-13T20:42:28.000Z</time>
      </trkpt>
      <trkpt lat="40.794426" lon="-73.962557">
        <ele>28.2</ele>
        <time>2026-06-13T20:42:29.000Z</time>
      </trkpt>
      <trkpt lat="40.794417" lon="-73.962563">
        <ele>28.2</ele>
        <time>2026-06-13T20:42:30.000Z</time>
      </trkpt>
      <trkpt lat="40.794409" lon="-73.96257">
        <ele>28.2</ele>
        <time>2026-06-13T20:42:31.000Z</time>
      </trkpt>
      <trkpt lat="40.794399" lon="-73.962577">
        <ele>28.2</ele>
        <time>2026-06-13T20:42:32.000Z</time>
      </trkpt>
      <trkpt lat="40.79439" lon="-73.962584">
        <ele>28.2</ele>
        <time>2026-06-13T20:42:33.000Z</time>
      </trkpt>
      <trkpt lat="40.794381" lon="-73.962591">
        <ele>28.2</ele>
        <time>2026-06-13T20:42:34.000Z</time>
      </trkpt>
      <trkpt lat="40.794371" lon="-73.962598">
        <ele>28.2</ele>
        <time>2026-06-13T20:42:35.000Z</time>
      </trkpt>
      <trkpt lat="40.794361" lon="-73.962606">
        <ele>28.2</ele>
        <time>2026-06-13T20:42:36.000Z</time>
      </trkpt>
      <trkpt lat="40.794351" lon="-73.962613">
        <ele>28.2</ele>
        <time>2026-06-13T20:42:37.000Z</time>
      </trkpt>
      <trkpt lat="40.794342" lon="-73.96262">
        <ele>28.2</ele>
        <time>2026-06-13T20:42:38.000Z</time>
      </trkpt>
      <trkpt lat="40.794332" lon="-73.962627">
        <ele>28.2</ele>
        <time>2026-06-13T20:42:39.000Z</time>
      </trkpt>
      <trkpt lat="40.794323" lon="-73.962634">
        <ele>28.4</ele>
        <time>2026-06-13T20:42:40.000Z</time>
      </trkpt>
      <trkpt lat="40.794313" lon="-73.962641">
        <ele>28.4</ele>
        <time>2026-06-13T20:42:41.000Z</time>
      </trkpt>
      <trkpt lat="40.794304" lon="-73.962648">
        <ele>28.4</ele>
        <time>2026-06-13T20:42:42.000Z</time>
      </trkpt>
      <trkpt lat="40.794296" lon="-73.962654">
        <ele>28.4</ele>
        <time>2026-06-13T20:42:43.000Z</time>
      </trkpt>
      <trkpt lat="40.794287" lon="-73.962661">
        <ele>28.4</ele>
        <time>2026-06-13T20:42:44.000Z</time>
      </trkpt>
      <trkpt lat="40.794278" lon="-73.962667">
        <ele>28.4</ele>
        <time>2026-06-13T20:42:45.000Z</time>
      </trkpt>
      <trkpt lat="40.794268" lon="-73.962674">
        <ele>28.4</ele>
        <time>2026-06-13T20:42:46.000Z</time>
      </trkpt>
      <trkpt lat="40.794259" lon="-73.962681">
        <ele>28.4</ele>
        <time>2026-06-13T20:42:47.000Z</time>
      </trkpt>
      <trkpt lat="40.794249" lon="-73.962688">
        <ele>28.4</ele>
        <time>2026-06-13T20:42:48.000Z</time>
      </trkpt>
      <trkpt lat="40.79424" lon="-73.962695">
        <ele>28.4</ele>
        <time>2026-06-13T20:42:49.000Z</time>
      </trkpt>
      <trkpt lat="40.794232" lon="-73.962701">
        <ele>28.4</ele>
        <time>2026-06-13T20:42:50.000Z</time>
      </trkpt>
      <trkpt lat="40.794224" lon="-73.962706">
        <ele>28.4</ele>
        <time>2026-06-13T20:42:51.000Z</time>
      </trkpt>
      <trkpt lat="40.794216" lon="-73.962712">
        <ele>28.4</ele>
        <time>2026-06-13T20:42:52.000Z</time>
      </trkpt>
      <trkpt lat="40.794206" lon="-73.962718">
        <ele>28.4</ele>
        <time>2026-06-13T20:42:53.000Z</time>
      </trkpt>
      <trkpt lat="40.794197" lon="-73.962725">
        <ele>28.4</ele>
        <time>2026-06-13T20:42:54.000Z</time>
      </trkpt>
      <trkpt lat="40.794187" lon="-73.962732">
        <ele>28.4</ele>
        <time>2026-06-13T20:42:55.000Z</time>
      </trkpt>
      <trkpt lat="40.794178" lon="-73.962739">
        <ele>28.4</ele>
        <time>2026-06-13T20:42:56.000Z</time>
      </trkpt>
      <trkpt lat="40.794169" lon="-73.962746">
        <ele>28.6</ele>
        <time>2026-06-13T20:42:57.000Z</time>
      </trkpt>
      <trkpt lat="40.794159" lon="-73.962753">
        <ele>28.6</ele>
        <time>2026-06-13T20:42:58.000Z</time>
      </trkpt>
      <trkpt lat="40.79415" lon="-73.96276">
        <ele>28.6</ele>
        <time>2026-06-13T20:42:59.000Z</time>
      </trkpt>
      <trkpt lat="40.794141" lon="-73.962767">
        <ele>28.6</ele>
        <time>2026-06-13T20:43:00.000Z</time>
      </trkpt>
      <trkpt lat="40.794132" lon="-73.962774">
        <ele>28.6</ele>
        <time>2026-06-13T20:43:01.000Z</time>
      </trkpt>
      <trkpt lat="40.794123" lon="-73.962781">
        <ele>28.6</ele>
        <time>2026-06-13T20:43:02.000Z</time>
      </trkpt>
      <trkpt lat="40.794113" lon="-73.962787">
        <ele>28.6</ele>
        <time>2026-06-13T20:43:03.000Z</time>
      </trkpt>
      <trkpt lat="40.794103" lon="-73.962793">
        <ele>28.6</ele>
        <time>2026-06-13T20:43:04.000Z</time>
      </trkpt>
      <trkpt lat="40.794094" lon="-73.9628">
        <ele>28.6</ele>
        <time>2026-06-13T20:43:05.000Z</time>
      </trkpt>
      <trkpt lat="40.794084" lon="-73.962807">
        <ele>28.6</ele>
        <time>2026-06-13T20:43:06.000Z</time>
      </trkpt>
      <trkpt lat="40.794075" lon="-73.962814">
        <ele>28.6</ele>
        <time>2026-06-13T20:43:07.000Z</time>
      </trkpt>
      <trkpt lat="40.794066" lon="-73.962821">
        <ele>28.6</ele>
        <time>2026-06-13T20:43:08.000Z</time>
      </trkpt>
      <trkpt lat="40.794056" lon="-73.962828">
        <ele>28.6</ele>
        <time>2026-06-13T20:43:09.000Z</time>
      </trkpt>
      <trkpt lat="40.794048" lon="-73.962834">
        <ele>28.6</ele>
        <time>2026-06-13T20:43:10.000Z</time>
      </trkpt>
      <trkpt lat="40.794039" lon="-73.962841">
        <ele>28.8</ele>
        <time>2026-06-13T20:43:11.000Z</time>
      </trkpt>
      <trkpt lat="40.794031" lon="-73.962847">
        <ele>28.8</ele>
        <time>2026-06-13T20:43:12.000Z</time>
      </trkpt>
      <trkpt lat="40.794023" lon="-73.962853">
        <ele>28.8</ele>
        <time>2026-06-13T20:43:13.000Z</time>
      </trkpt>
      <trkpt lat="40.794015" lon="-73.962859">
        <ele>28.8</ele>
        <time>2026-06-13T20:43:14.000Z</time>
      </trkpt>
      <trkpt lat="40.794007" lon="-73.962864">
        <ele>28.8</ele>
        <time>2026-06-13T20:43:15.000Z</time>
      </trkpt>
      <trkpt lat="40.793999" lon="-73.96287">
        <ele>28.8</ele>
        <time>2026-06-13T20:43:16.000Z</time>
      </trkpt>
      <trkpt lat="40.79399" lon="-73.962875">
        <ele>28.8</ele>
        <time>2026-06-13T20:43:17.000Z</time>
      </trkpt>
      <trkpt lat="40.793982" lon="-73.96288">
        <ele>28.8</ele>
        <time>2026-06-13T20:43:18.000Z</time>
      </trkpt>
      <trkpt lat="40.793973" lon="-73.962885">
        <ele>28.8</ele>
        <time>2026-06-13T20:43:19.000Z</time>
      </trkpt>
      <trkpt lat="40.793964" lon="-73.96289">
        <ele>28.8</ele>
        <time>2026-06-13T20:43:20.000Z</time>
      </trkpt>
      <trkpt lat="40.793954" lon="-73.962895">
        <ele>28.8</ele>
        <time>2026-06-13T20:43:21.000Z</time>
      </trkpt>
      <trkpt lat="40.793944" lon="-73.962898">
        <ele>28.8</ele>
        <time>2026-06-13T20:43:22.000Z</time>
      </trkpt>
      <trkpt lat="40.793934" lon="-73.962901">
        <ele>28.8</ele>
        <time>2026-06-13T20:43:23.000Z</time>
      </trkpt>
      <trkpt lat="40.793922" lon="-73.962903">
        <ele>28.8</ele>
        <time>2026-06-13T20:43:24.000Z</time>
      </trkpt>
      <trkpt lat="40.79391" lon="-73.962904">
        <ele>29</ele>
        <time>2026-06-13T20:43:25.000Z</time>
      </trkpt>
      <trkpt lat="40.793898" lon="-73.962904">
        <ele>29</ele>
        <time>2026-06-13T20:43:26.000Z</time>
      </trkpt>
      <trkpt lat="40.793886" lon="-73.962904">
        <ele>29</ele>
        <time>2026-06-13T20:43:27.000Z</time>
      </trkpt>
      <trkpt lat="40.793875" lon="-73.962907">
        <ele>29</ele>
        <time>2026-06-13T20:43:28.000Z</time>
      </trkpt>
      <trkpt lat="40.793866" lon="-73.962912">
        <ele>29</ele>
        <time>2026-06-13T20:43:29.000Z</time>
      </trkpt>
      <trkpt lat="40.793858" lon="-73.962919">
        <ele>29</ele>
        <time>2026-06-13T20:43:30.000Z</time>
      </trkpt>
      <trkpt lat="40.79385" lon="-73.962928">
        <ele>29</ele>
        <time>2026-06-13T20:43:31.000Z</time>
      </trkpt>
      <trkpt lat="40.793842" lon="-73.962936">
        <ele>29</ele>
        <time>2026-06-13T20:43:32.000Z</time>
      </trkpt>
      <trkpt lat="40.793833" lon="-73.962944">
        <ele>29</ele>
        <time>2026-06-13T20:43:33.000Z</time>
      </trkpt>
      <trkpt lat="40.793824" lon="-73.962951">
        <ele>29</ele>
        <time>2026-06-13T20:43:34.000Z</time>
      </trkpt>
      <trkpt lat="40.793815" lon="-73.962958">
        <ele>29</ele>
        <time>2026-06-13T20:43:35.000Z</time>
      </trkpt>
      <trkpt lat="40.793805" lon="-73.962965">
        <ele>29</ele>
        <time>2026-06-13T20:43:36.000Z</time>
      </trkpt>
      <trkpt lat="40.793796" lon="-73.962971">
        <ele>29</ele>
        <time>2026-06-13T20:43:37.000Z</time>
      </trkpt>
      <trkpt lat="40.793786" lon="-73.962977">
        <ele>29</ele>
        <time>2026-06-13T20:43:38.000Z</time>
      </trkpt>
      <trkpt lat="40.793775" lon="-73.962982">
        <ele>29</ele>
        <time>2026-06-13T20:43:39.000Z</time>
      </trkpt>
      <trkpt lat="40.793765" lon="-73.962987">
        <ele>29</ele>
        <time>2026-06-13T20:43:40.000Z</time>
      </trkpt>
      <trkpt lat="40.793756" lon="-73.962993">
        <ele>29</ele>
        <time>2026-06-13T20:43:41.000Z</time>
      </trkpt>
      <trkpt lat="40.793746" lon="-73.963">
        <ele>29</ele>
        <time>2026-06-13T20:43:42.000Z</time>
      </trkpt>
      <trkpt lat="40.793736" lon="-73.963006">
        <ele>29</ele>
        <time>2026-06-13T20:43:43.000Z</time>
      </trkpt>
      <trkpt lat="40.793726" lon="-73.963012">
        <ele>29</ele>
        <time>2026-06-13T20:43:44.000Z</time>
      </trkpt>
      <trkpt lat="40.793716" lon="-73.963017">
        <ele>29</ele>
        <time>2026-06-13T20:43:45.000Z</time>
      </trkpt>
      <trkpt lat="40.793706" lon="-73.963021">
        <ele>29.2</ele>
        <time>2026-06-13T20:43:46.000Z</time>
      </trkpt>
      <trkpt lat="40.793698" lon="-73.963024">
        <ele>29.2</ele>
        <time>2026-06-13T20:43:47.000Z</time>
      </trkpt>
      <trkpt lat="40.793689" lon="-73.963028">
        <ele>29.2</ele>
        <time>2026-06-13T20:43:48.000Z</time>
      </trkpt>
      <trkpt lat="40.793679" lon="-73.963033">
        <ele>29.2</ele>
        <time>2026-06-13T20:43:49.000Z</time>
      </trkpt>
      <trkpt lat="40.79367" lon="-73.963038">
        <ele>29.2</ele>
        <time>2026-06-13T20:43:50.000Z</time>
      </trkpt>
      <trkpt lat="40.793661" lon="-73.963045">
        <ele>29.2</ele>
        <time>2026-06-13T20:43:51.000Z</time>
      </trkpt>
      <trkpt lat="40.793651" lon="-73.963053">
        <ele>29.4</ele>
        <time>2026-06-13T20:43:52.000Z</time>
      </trkpt>
      <trkpt lat="40.793642" lon="-73.963062">
        <ele>29.4</ele>
        <time>2026-06-13T20:43:53.000Z</time>
      </trkpt>
      <trkpt lat="40.793633" lon="-73.963071">
        <ele>29.4</ele>
        <time>2026-06-13T20:43:54.000Z</time>
      </trkpt>
      <trkpt lat="40.793623" lon="-73.963079">
        <ele>29.4</ele>
        <time>2026-06-13T20:43:55.000Z</time>
      </trkpt>
      <trkpt lat="40.793612" lon="-73.963087">
        <ele>29.4</ele>
        <time>2026-06-13T20:43:56.000Z</time>
      </trkpt>
      <trkpt lat="40.793596" lon="-73.963098">
        <ele>29.4</ele>
        <time>2026-06-13T20:43:57.000Z</time>
      </trkpt>
      <trkpt lat="40.79359" lon="-73.963102">
        <ele>29.4</ele>
        <time>2026-06-13T20:43:58.000Z</time>
      </trkpt>
      <trkpt lat="40.793583" lon="-73.963106">
        <ele>29.4</ele>
        <time>2026-06-13T20:43:59.000Z</time>
      </trkpt>
      <trkpt lat="40.793573" lon="-73.963113">
        <ele>29.4</ele>
        <time>2026-06-13T20:44:00.000Z</time>
      </trkpt>
      <trkpt lat="40.793563" lon="-73.963119">
        <ele>29.4</ele>
        <time>2026-06-13T20:44:01.000Z</time>
      </trkpt>
      <trkpt lat="40.793554" lon="-73.963125">
        <ele>29.4</ele>
        <time>2026-06-13T20:44:02.000Z</time>
      </trkpt>
      <trkpt lat="40.793545" lon="-73.963131">
        <ele>29.4</ele>
        <time>2026-06-13T20:44:03.000Z</time>
      </trkpt>
      <trkpt lat="40.793536" lon="-73.963139">
        <ele>29.4</ele>
        <time>2026-06-13T20:44:04.000Z</time>
      </trkpt>
      <trkpt lat="40.793527" lon="-73.963147">
        <ele>29.4</ele>
        <time>2026-06-13T20:44:05.000Z</time>
      </trkpt>
      <trkpt lat="40.793518" lon="-73.963156">
        <ele>29.4</ele>
        <time>2026-06-13T20:44:06.000Z</time>
      </trkpt>
      <trkpt lat="40.79351" lon="-73.963165">
        <ele>29.4</ele>
        <time>2026-06-13T20:44:07.000Z</time>
      </trkpt>
      <trkpt lat="40.793501" lon="-73.963173">
        <ele>29.4</ele>
        <time>2026-06-13T20:44:08.000Z</time>
      </trkpt>
      <trkpt lat="40.793493" lon="-73.963179">
        <ele>29.4</ele>
        <time>2026-06-13T20:44:09.000Z</time>
      </trkpt>
      <trkpt lat="40.793485" lon="-73.963184">
        <ele>29.4</ele>
        <time>2026-06-13T20:44:10.000Z</time>
      </trkpt>
      <trkpt lat="40.793476" lon="-73.963187">
        <ele>29.4</ele>
        <time>2026-06-13T20:44:11.000Z</time>
      </trkpt>
      <trkpt lat="40.793467" lon="-73.963191">
        <ele>29.4</ele>
        <time>2026-06-13T20:44:12.000Z</time>
      </trkpt>
      <trkpt lat="40.793458" lon="-73.963195">
        <ele>29.4</ele>
        <time>2026-06-13T20:44:13.000Z</time>
      </trkpt>
      <trkpt lat="40.793449" lon="-73.9632">
        <ele>29.6</ele>
        <time>2026-06-13T20:44:14.000Z</time>
      </trkpt>
      <trkpt lat="40.793439" lon="-73.963206">
        <ele>29.6</ele>
        <time>2026-06-13T20:44:15.000Z</time>
      </trkpt>
      <trkpt lat="40.793429" lon="-73.963211">
        <ele>29.6</ele>
        <time>2026-06-13T20:44:16.000Z</time>
      </trkpt>
      <trkpt lat="40.793419" lon="-73.963217">
        <ele>29.6</ele>
        <time>2026-06-13T20:44:17.000Z</time>
      </trkpt>
      <trkpt lat="40.793409" lon="-73.963224">
        <ele>29.6</ele>
        <time>2026-06-13T20:44:18.000Z</time>
      </trkpt>
      <trkpt lat="40.7934" lon="-73.96323">
        <ele>29.6</ele>
        <time>2026-06-13T20:44:19.000Z</time>
      </trkpt>
      <trkpt lat="40.793392" lon="-73.963238">
        <ele>29.8</ele>
        <time>2026-06-13T20:44:20.000Z</time>
      </trkpt>
      <trkpt lat="40.793382" lon="-73.963246">
        <ele>29.8</ele>
        <time>2026-06-13T20:44:21.000Z</time>
      </trkpt>
      <trkpt lat="40.793372" lon="-73.963254">
        <ele>29.8</ele>
        <time>2026-06-13T20:44:22.000Z</time>
      </trkpt>
      <trkpt lat="40.793363" lon="-73.963262">
        <ele>29.8</ele>
        <time>2026-06-13T20:44:23.000Z</time>
      </trkpt>
      <trkpt lat="40.793353" lon="-73.963269">
        <ele>29.8</ele>
        <time>2026-06-13T20:44:24.000Z</time>
      </trkpt>
      <trkpt lat="40.793343" lon="-73.963276">
        <ele>29.8</ele>
        <time>2026-06-13T20:44:25.000Z</time>
      </trkpt>
      <trkpt lat="40.793332" lon="-73.963281">
        <ele>29.8</ele>
        <time>2026-06-13T20:44:26.000Z</time>
      </trkpt>
      <trkpt lat="40.793322" lon="-73.963286">
        <ele>29.8</ele>
        <time>2026-06-13T20:44:27.000Z</time>
      </trkpt>
      <trkpt lat="40.793311" lon="-73.96329">
        <ele>29.8</ele>
        <time>2026-06-13T20:44:28.000Z</time>
      </trkpt>
      <trkpt lat="40.7933" lon="-73.963296">
        <ele>29.8</ele>
        <time>2026-06-13T20:44:29.000Z</time>
      </trkpt>
      <trkpt lat="40.793289" lon="-73.963302">
        <ele>30</ele>
        <time>2026-06-13T20:44:30.000Z</time>
      </trkpt>
      <trkpt lat="40.793279" lon="-73.963308">
        <ele>30</ele>
        <time>2026-06-13T20:44:31.000Z</time>
      </trkpt>
      <trkpt lat="40.79327" lon="-73.963316">
        <ele>30</ele>
        <time>2026-06-13T20:44:32.000Z</time>
      </trkpt>
      <trkpt lat="40.793262" lon="-73.963325">
        <ele>30</ele>
        <time>2026-06-13T20:44:33.000Z</time>
      </trkpt>
      <trkpt lat="40.793254" lon="-73.963335">
        <ele>30</ele>
        <time>2026-06-13T20:44:34.000Z</time>
      </trkpt>
      <trkpt lat="40.793246" lon="-73.963345">
        <ele>30</ele>
        <time>2026-06-13T20:44:35.000Z</time>
      </trkpt>
      <trkpt lat="40.793238" lon="-73.963354">
        <ele>30</ele>
        <time>2026-06-13T20:44:36.000Z</time>
      </trkpt>
      <trkpt lat="40.79323" lon="-73.963363">
        <ele>30</ele>
        <time>2026-06-13T20:44:37.000Z</time>
      </trkpt>
      <trkpt lat="40.793223" lon="-73.963372">
        <ele>30</ele>
        <time>2026-06-13T20:44:38.000Z</time>
      </trkpt>
      <trkpt lat="40.793215" lon="-73.96338">
        <ele>30</ele>
        <time>2026-06-13T20:44:39.000Z</time>
      </trkpt>
      <trkpt lat="40.793206" lon="-73.963388">
        <ele>30.2</ele>
        <time>2026-06-13T20:44:40.000Z</time>
      </trkpt>
      <trkpt lat="40.793198" lon="-73.963396">
        <ele>30.2</ele>
        <time>2026-06-13T20:44:41.000Z</time>
      </trkpt>
      <trkpt lat="40.79319" lon="-73.963404">
        <ele>30.2</ele>
        <time>2026-06-13T20:44:42.000Z</time>
      </trkpt>
      <trkpt lat="40.793182" lon="-73.963411">
        <ele>30.2</ele>
        <time>2026-06-13T20:44:43.000Z</time>
      </trkpt>
      <trkpt lat="40.793174" lon="-73.963417">
        <ele>30.2</ele>
        <time>2026-06-13T20:44:44.000Z</time>
      </trkpt>
      <trkpt lat="40.793165" lon="-73.963424">
        <ele>30.2</ele>
        <time>2026-06-13T20:44:45.000Z</time>
      </trkpt>
      <trkpt lat="40.793156" lon="-73.963431">
        <ele>30.2</ele>
        <time>2026-06-13T20:44:46.000Z</time>
      </trkpt>
      <trkpt lat="40.793147" lon="-73.963438">
        <ele>30</ele>
        <time>2026-06-13T20:44:47.000Z</time>
      </trkpt>
      <trkpt lat="40.793138" lon="-73.963445">
        <ele>30</ele>
        <time>2026-06-13T20:44:48.000Z</time>
      </trkpt>
      <trkpt lat="40.79313" lon="-73.963452">
        <ele>30</ele>
        <time>2026-06-13T20:44:49.000Z</time>
      </trkpt>
      <trkpt lat="40.793122" lon="-73.963458">
        <ele>30</ele>
        <time>2026-06-13T20:44:50.000Z</time>
      </trkpt>
      <trkpt lat="40.793113" lon="-73.963465">
        <ele>30</ele>
        <time>2026-06-13T20:44:51.000Z</time>
      </trkpt>
      <trkpt lat="40.793104" lon="-73.96347">
        <ele>30</ele>
        <time>2026-06-13T20:44:52.000Z</time>
      </trkpt>
      <trkpt lat="40.793095" lon="-73.963476">
        <ele>30</ele>
        <time>2026-06-13T20:44:53.000Z</time>
      </trkpt>
      <trkpt lat="40.793086" lon="-73.963482">
        <ele>30</ele>
        <time>2026-06-13T20:44:54.000Z</time>
      </trkpt>
      <trkpt lat="40.793077" lon="-73.963488">
        <ele>30</ele>
        <time>2026-06-13T20:44:55.000Z</time>
      </trkpt>
      <trkpt lat="40.793068" lon="-73.963494">
        <ele>30</ele>
        <time>2026-06-13T20:44:56.000Z</time>
      </trkpt>
      <trkpt lat="40.793059" lon="-73.9635">
        <ele>30</ele>
        <time>2026-06-13T20:44:57.000Z</time>
      </trkpt>
      <trkpt lat="40.79305" lon="-73.963507">
        <ele>30.2</ele>
        <time>2026-06-13T20:44:58.000Z</time>
      </trkpt>
      <trkpt lat="40.793041" lon="-73.963515">
        <ele>30.2</ele>
        <time>2026-06-13T20:44:59.000Z</time>
      </trkpt>
      <trkpt lat="40.793032" lon="-73.963523">
        <ele>30.2</ele>
        <time>2026-06-13T20:45:00.000Z</time>
      </trkpt>
      <trkpt lat="40.793023" lon="-73.963531">
        <ele>30.2</ele>
        <time>2026-06-13T20:45:01.000Z</time>
      </trkpt>
      <trkpt lat="40.793014" lon="-73.96354">
        <ele>30.2</ele>
        <time>2026-06-13T20:45:02.000Z</time>
      </trkpt>
      <trkpt lat="40.793005" lon="-73.963548">
        <ele>30.2</ele>
        <time>2026-06-13T20:45:03.000Z</time>
      </trkpt>
      <trkpt lat="40.792996" lon="-73.963555">
        <ele>30.2</ele>
        <time>2026-06-13T20:45:04.000Z</time>
      </trkpt>
      <trkpt lat="40.792987" lon="-73.963561">
        <ele>30.2</ele>
        <time>2026-06-13T20:45:05.000Z</time>
      </trkpt>
      <trkpt lat="40.792978" lon="-73.963568">
        <ele>30.2</ele>
        <time>2026-06-13T20:45:06.000Z</time>
      </trkpt>
      <trkpt lat="40.792969" lon="-73.963574">
        <ele>30.4</ele>
        <time>2026-06-13T20:45:07.000Z</time>
      </trkpt>
      <trkpt lat="40.792961" lon="-73.96358">
        <ele>30.4</ele>
        <time>2026-06-13T20:45:08.000Z</time>
      </trkpt>
      <trkpt lat="40.792952" lon="-73.963585">
        <ele>30.4</ele>
        <time>2026-06-13T20:45:09.000Z</time>
      </trkpt>
      <trkpt lat="40.792942" lon="-73.963591">
        <ele>30.4</ele>
        <time>2026-06-13T20:45:10.000Z</time>
      </trkpt>
      <trkpt lat="40.792932" lon="-73.963597">
        <ele>30.4</ele>
        <time>2026-06-13T20:45:11.000Z</time>
      </trkpt>
      <trkpt lat="40.792922" lon="-73.963604">
        <ele>30.4</ele>
        <time>2026-06-13T20:45:12.000Z</time>
      </trkpt>
      <trkpt lat="40.792914" lon="-73.963612">
        <ele>30.4</ele>
        <time>2026-06-13T20:45:13.000Z</time>
      </trkpt>
      <trkpt lat="40.792904" lon="-73.963619">
        <ele>30.4</ele>
        <time>2026-06-13T20:45:14.000Z</time>
      </trkpt>
      <trkpt lat="40.792895" lon="-73.963627">
        <ele>30.4</ele>
        <time>2026-06-13T20:45:15.000Z</time>
      </trkpt>
      <trkpt lat="40.792885" lon="-73.963635">
        <ele>30.4</ele>
        <time>2026-06-13T20:45:16.000Z</time>
      </trkpt>
      <trkpt lat="40.792875" lon="-73.963643">
        <ele>30.4</ele>
        <time>2026-06-13T20:45:17.000Z</time>
      </trkpt>
      <trkpt lat="40.792866" lon="-73.96365">
        <ele>30.4</ele>
        <time>2026-06-13T20:45:18.000Z</time>
      </trkpt>
      <trkpt lat="40.792857" lon="-73.963657">
        <ele>30.4</ele>
        <time>2026-06-13T20:45:19.000Z</time>
      </trkpt>
      <trkpt lat="40.792848" lon="-73.963664">
        <ele>30.4</ele>
        <time>2026-06-13T20:45:20.000Z</time>
      </trkpt>
      <trkpt lat="40.79284" lon="-73.96367">
        <ele>30.4</ele>
        <time>2026-06-13T20:45:21.000Z</time>
      </trkpt>
      <trkpt lat="40.792831" lon="-73.963675">
        <ele>30.4</ele>
        <time>2026-06-13T20:45:22.000Z</time>
      </trkpt>
      <trkpt lat="40.792822" lon="-73.96368">
        <ele>30.4</ele>
        <time>2026-06-13T20:45:23.000Z</time>
      </trkpt>
      <trkpt lat="40.792812" lon="-73.963684">
        <ele>30.4</ele>
        <time>2026-06-13T20:45:24.000Z</time>
      </trkpt>
      <trkpt lat="40.792803" lon="-73.963688">
        <ele>30.4</ele>
        <time>2026-06-13T20:45:25.000Z</time>
      </trkpt>
      <trkpt lat="40.792794" lon="-73.963692">
        <ele>30.4</ele>
        <time>2026-06-13T20:45:26.000Z</time>
      </trkpt>
      <trkpt lat="40.792786" lon="-73.963697">
        <ele>30.4</ele>
        <time>2026-06-13T20:45:27.000Z</time>
      </trkpt>
      <trkpt lat="40.792777" lon="-73.963702">
        <ele>30.6</ele>
        <time>2026-06-13T20:45:28.000Z</time>
      </trkpt>
      <trkpt lat="40.792768" lon="-73.963707">
        <ele>30.6</ele>
        <time>2026-06-13T20:45:29.000Z</time>
      </trkpt>
      <trkpt lat="40.792759" lon="-73.963713">
        <ele>30.6</ele>
        <time>2026-06-13T20:45:30.000Z</time>
      </trkpt>
      <trkpt lat="40.79275" lon="-73.963719">
        <ele>30.6</ele>
        <time>2026-06-13T20:45:31.000Z</time>
      </trkpt>
      <trkpt lat="40.79274" lon="-73.963727">
        <ele>30.6</ele>
        <time>2026-06-13T20:45:32.000Z</time>
      </trkpt>
      <trkpt lat="40.79273" lon="-73.963736">
        <ele>30.6</ele>
        <time>2026-06-13T20:45:33.000Z</time>
      </trkpt>
      <trkpt lat="40.792721" lon="-73.963745">
        <ele>30.6</ele>
        <time>2026-06-13T20:45:34.000Z</time>
      </trkpt>
      <trkpt lat="40.792712" lon="-73.963755">
        <ele>30.6</ele>
        <time>2026-06-13T20:45:35.000Z</time>
      </trkpt>
      <trkpt lat="40.792703" lon="-73.963763">
        <ele>30.6</ele>
        <time>2026-06-13T20:45:36.000Z</time>
      </trkpt>
      <trkpt lat="40.792693" lon="-73.963771">
        <ele>30.6</ele>
        <time>2026-06-13T20:45:37.000Z</time>
      </trkpt>
      <trkpt lat="40.792684" lon="-73.963778">
        <ele>30.6</ele>
        <time>2026-06-13T20:45:38.000Z</time>
      </trkpt>
      <trkpt lat="40.792673" lon="-73.963784">
        <ele>30.6</ele>
        <time>2026-06-13T20:45:39.000Z</time>
      </trkpt>
      <trkpt lat="40.792664" lon="-73.96379">
        <ele>30.6</ele>
        <time>2026-06-13T20:45:40.000Z</time>
      </trkpt>
      <trkpt lat="40.792654" lon="-73.963795">
        <ele>30.6</ele>
        <time>2026-06-13T20:45:41.000Z</time>
      </trkpt>
      <trkpt lat="40.792644" lon="-73.963801">
        <ele>30.6</ele>
        <time>2026-06-13T20:45:42.000Z</time>
      </trkpt>
      <trkpt lat="40.792635" lon="-73.963807">
        <ele>30.6</ele>
        <time>2026-06-13T20:45:43.000Z</time>
      </trkpt>
      <trkpt lat="40.792625" lon="-73.963813">
        <ele>30.8</ele>
        <time>2026-06-13T20:45:44.000Z</time>
      </trkpt>
      <trkpt lat="40.792615" lon="-73.96382">
        <ele>30.8</ele>
        <time>2026-06-13T20:45:45.000Z</time>
      </trkpt>
      <trkpt lat="40.792606" lon="-73.963826">
        <ele>30.8</ele>
        <time>2026-06-13T20:45:46.000Z</time>
      </trkpt>
      <trkpt lat="40.792597" lon="-73.963833">
        <ele>30.8</ele>
        <time>2026-06-13T20:45:47.000Z</time>
      </trkpt>
      <trkpt lat="40.792588" lon="-73.96384">
        <ele>30.8</ele>
        <time>2026-06-13T20:45:48.000Z</time>
      </trkpt>
      <trkpt lat="40.792578" lon="-73.963849">
        <ele>30.8</ele>
        <time>2026-06-13T20:45:49.000Z</time>
      </trkpt>
      <trkpt lat="40.792568" lon="-73.963857">
        <ele>30.8</ele>
        <time>2026-06-13T20:45:50.000Z</time>
      </trkpt>
      <trkpt lat="40.792559" lon="-73.963865">
        <ele>31</ele>
        <time>2026-06-13T20:45:51.000Z</time>
      </trkpt>
      <trkpt lat="40.79255" lon="-73.963872">
        <ele>31</ele>
        <time>2026-06-13T20:45:52.000Z</time>
      </trkpt>
      <trkpt lat="40.792541" lon="-73.963879">
        <ele>31</ele>
        <time>2026-06-13T20:45:53.000Z</time>
      </trkpt>
      <trkpt lat="40.792532" lon="-73.963886">
        <ele>31</ele>
        <time>2026-06-13T20:45:54.000Z</time>
      </trkpt>
      <trkpt lat="40.792523" lon="-73.963893">
        <ele>31</ele>
        <time>2026-06-13T20:45:55.000Z</time>
      </trkpt>
      <trkpt lat="40.792514" lon="-73.9639">
        <ele>31</ele>
        <time>2026-06-13T20:45:56.000Z</time>
      </trkpt>
      <trkpt lat="40.792505" lon="-73.963906">
        <ele>31</ele>
        <time>2026-06-13T20:45:57.000Z</time>
      </trkpt>
      <trkpt lat="40.792496" lon="-73.963913">
        <ele>31</ele>
        <time>2026-06-13T20:45:58.000Z</time>
      </trkpt>
      <trkpt lat="40.792486" lon="-73.96392">
        <ele>31</ele>
        <time>2026-06-13T20:45:59.000Z</time>
      </trkpt>
      <trkpt lat="40.792477" lon="-73.963927">
        <ele>31</ele>
        <time>2026-06-13T20:46:00.000Z</time>
      </trkpt>
      <trkpt lat="40.792468" lon="-73.963934">
        <ele>31</ele>
        <time>2026-06-13T20:46:01.000Z</time>
      </trkpt>
      <trkpt lat="40.792459" lon="-73.963941">
        <ele>31</ele>
        <time>2026-06-13T20:46:02.000Z</time>
      </trkpt>
      <trkpt lat="40.792449" lon="-73.963947">
        <ele>31</ele>
        <time>2026-06-13T20:46:03.000Z</time>
      </trkpt>
      <trkpt lat="40.79244" lon="-73.963954">
        <ele>31</ele>
        <time>2026-06-13T20:46:04.000Z</time>
      </trkpt>
      <trkpt lat="40.792431" lon="-73.963961">
        <ele>31</ele>
        <time>2026-06-13T20:46:05.000Z</time>
      </trkpt>
      <trkpt lat="40.792422" lon="-73.963968">
        <ele>31</ele>
        <time>2026-06-13T20:46:06.000Z</time>
      </trkpt>
      <trkpt lat="40.792413" lon="-73.963974">
        <ele>31</ele>
        <time>2026-06-13T20:46:07.000Z</time>
      </trkpt>
      <trkpt lat="40.792404" lon="-73.963981">
        <ele>31</ele>
        <time>2026-06-13T20:46:08.000Z</time>
      </trkpt>
      <trkpt lat="40.792395" lon="-73.963988">
        <ele>31</ele>
        <time>2026-06-13T20:46:09.000Z</time>
      </trkpt>
      <trkpt lat="40.792386" lon="-73.963994">
        <ele>31</ele>
        <time>2026-06-13T20:46:10.000Z</time>
      </trkpt>
      <trkpt lat="40.792377" lon="-73.964001">
        <ele>31</ele>
        <time>2026-06-13T20:46:11.000Z</time>
      </trkpt>
      <trkpt lat="40.792368" lon="-73.964008">
        <ele>31</ele>
        <time>2026-06-13T20:46:12.000Z</time>
      </trkpt>
      <trkpt lat="40.792359" lon="-73.964015">
        <ele>31</ele>
        <time>2026-06-13T20:46:13.000Z</time>
      </trkpt>
      <trkpt lat="40.79235" lon="-73.964021">
        <ele>31</ele>
        <time>2026-06-13T20:46:14.000Z</time>
      </trkpt>
      <trkpt lat="40.79234" lon="-73.964028">
        <ele>31</ele>
        <time>2026-06-13T20:46:15.000Z</time>
      </trkpt>
      <trkpt lat="40.792331" lon="-73.964035">
        <ele>31</ele>
        <time>2026-06-13T20:46:16.000Z</time>
      </trkpt>
      <trkpt lat="40.792321" lon="-73.964043">
        <ele>31</ele>
        <time>2026-06-13T20:46:17.000Z</time>
      </trkpt>
      <trkpt lat="40.792312" lon="-73.96405">
        <ele>31</ele>
        <time>2026-06-13T20:46:18.000Z</time>
      </trkpt>
      <trkpt lat="40.792302" lon="-73.964057">
        <ele>31</ele>
        <time>2026-06-13T20:46:19.000Z</time>
      </trkpt>
      <trkpt lat="40.792293" lon="-73.964064">
        <ele>31</ele>
        <time>2026-06-13T20:46:20.000Z</time>
      </trkpt>
      <trkpt lat="40.792283" lon="-73.964071">
        <ele>31</ele>
        <time>2026-06-13T20:46:21.000Z</time>
      </trkpt>
      <trkpt lat="40.792274" lon="-73.964078">
        <ele>31</ele>
        <time>2026-06-13T20:46:22.000Z</time>
      </trkpt>
      <trkpt lat="40.792265" lon="-73.964086">
        <ele>31</ele>
        <time>2026-06-13T20:46:23.000Z</time>
      </trkpt>
      <trkpt lat="40.792255" lon="-73.964093">
        <ele>31</ele>
        <time>2026-06-13T20:46:24.000Z</time>
      </trkpt>
      <trkpt lat="40.792246" lon="-73.9641">
        <ele>31</ele>
        <time>2026-06-13T20:46:25.000Z</time>
      </trkpt>
      <trkpt lat="40.792237" lon="-73.964107">
        <ele>31</ele>
        <time>2026-06-13T20:46:26.000Z</time>
      </trkpt>
      <trkpt lat="40.792228" lon="-73.964113">
        <ele>31</ele>
        <time>2026-06-13T20:46:27.000Z</time>
      </trkpt>
      <trkpt lat="40.792219" lon="-73.96412">
        <ele>31</ele>
        <time>2026-06-13T20:46:28.000Z</time>
      </trkpt>
      <trkpt lat="40.79221" lon="-73.964127">
        <ele>31</ele>
        <time>2026-06-13T20:46:29.000Z</time>
      </trkpt>
      <trkpt lat="40.792202" lon="-73.964134">
        <ele>31.2</ele>
        <time>2026-06-13T20:46:30.000Z</time>
      </trkpt>
      <trkpt lat="40.792193" lon="-73.96414">
        <ele>31.2</ele>
        <time>2026-06-13T20:46:31.000Z</time>
      </trkpt>
      <trkpt lat="40.792184" lon="-73.964147">
        <ele>31.2</ele>
        <time>2026-06-13T20:46:32.000Z</time>
      </trkpt>
      <trkpt lat="40.792174" lon="-73.964154">
        <ele>31.2</ele>
        <time>2026-06-13T20:46:33.000Z</time>
      </trkpt>
      <trkpt lat="40.792164" lon="-73.964162">
        <ele>31.2</ele>
        <time>2026-06-13T20:46:34.000Z</time>
      </trkpt>
      <trkpt lat="40.792155" lon="-73.964169">
        <ele>31.2</ele>
        <time>2026-06-13T20:46:35.000Z</time>
      </trkpt>
      <trkpt lat="40.792146" lon="-73.964175">
        <ele>31.2</ele>
        <time>2026-06-13T20:46:36.000Z</time>
      </trkpt>
      <trkpt lat="40.792137" lon="-73.964181">
        <ele>31.4</ele>
        <time>2026-06-13T20:46:37.000Z</time>
      </trkpt>
      <trkpt lat="40.792129" lon="-73.964187">
        <ele>31.4</ele>
        <time>2026-06-13T20:46:38.000Z</time>
      </trkpt>
      <trkpt lat="40.79212" lon="-73.964193">
        <ele>31.4</ele>
        <time>2026-06-13T20:46:39.000Z</time>
      </trkpt>
      <trkpt lat="40.792112" lon="-73.964199">
        <ele>31.4</ele>
        <time>2026-06-13T20:46:40.000Z</time>
      </trkpt>
      <trkpt lat="40.792103" lon="-73.964205">
        <ele>31.4</ele>
        <time>2026-06-13T20:46:41.000Z</time>
      </trkpt>
      <trkpt lat="40.792093" lon="-73.964212">
        <ele>31.6</ele>
        <time>2026-06-13T20:46:42.000Z</time>
      </trkpt>
      <trkpt lat="40.792083" lon="-73.96422">
        <ele>31.6</ele>
        <time>2026-06-13T20:46:43.000Z</time>
      </trkpt>
      <trkpt lat="40.792072" lon="-73.964227">
        <ele>31.6</ele>
        <time>2026-06-13T20:46:44.000Z</time>
      </trkpt>
      <trkpt lat="40.792062" lon="-73.964235">
        <ele>31.6</ele>
        <time>2026-06-13T20:46:45.000Z</time>
      </trkpt>
      <trkpt lat="40.792051" lon="-73.964242">
        <ele>31.6</ele>
        <time>2026-06-13T20:46:46.000Z</time>
      </trkpt>
      <trkpt lat="40.792041" lon="-73.96425">
        <ele>31.6</ele>
        <time>2026-06-13T20:46:47.000Z</time>
      </trkpt>
      <trkpt lat="40.792031" lon="-73.964257">
        <ele>31.6</ele>
        <time>2026-06-13T20:46:48.000Z</time>
      </trkpt>
      <trkpt lat="40.792022" lon="-73.964263">
        <ele>31.6</ele>
        <time>2026-06-13T20:46:49.000Z</time>
      </trkpt>
      <trkpt lat="40.792012" lon="-73.96427">
        <ele>31.6</ele>
        <time>2026-06-13T20:46:50.000Z</time>
      </trkpt>
      <trkpt lat="40.792002" lon="-73.964278">
        <ele>31.6</ele>
        <time>2026-06-13T20:46:51.000Z</time>
      </trkpt>
      <trkpt lat="40.791993" lon="-73.964284">
        <ele>31.6</ele>
        <time>2026-06-13T20:46:52.000Z</time>
      </trkpt>
      <trkpt lat="40.791985" lon="-73.96429">
        <ele>31.6</ele>
        <time>2026-06-13T20:46:53.000Z</time>
      </trkpt>
      <trkpt lat="40.791976" lon="-73.964297">
        <ele>31.6</ele>
        <time>2026-06-13T20:46:54.000Z</time>
      </trkpt>
      <trkpt lat="40.791967" lon="-73.964303">
        <ele>31.6</ele>
        <time>2026-06-13T20:46:55.000Z</time>
      </trkpt>
      <trkpt lat="40.791958" lon="-73.96431">
        <ele>31.6</ele>
        <time>2026-06-13T20:46:56.000Z</time>
      </trkpt>
      <trkpt lat="40.791949" lon="-73.964316">
        <ele>31.8</ele>
        <time>2026-06-13T20:46:57.000Z</time>
      </trkpt>
      <trkpt lat="40.79194" lon="-73.964323">
        <ele>31.8</ele>
        <time>2026-06-13T20:46:58.000Z</time>
      </trkpt>
      <trkpt lat="40.791931" lon="-73.96433">
        <ele>31.8</ele>
        <time>2026-06-13T20:46:59.000Z</time>
      </trkpt>
      <trkpt lat="40.791921" lon="-73.964337">
        <ele>31.8</ele>
        <time>2026-06-13T20:47:00.000Z</time>
      </trkpt>
      <trkpt lat="40.791911" lon="-73.964345">
        <ele>31.8</ele>
        <time>2026-06-13T20:47:01.000Z</time>
      </trkpt>
      <trkpt lat="40.791903" lon="-73.964351">
        <ele>31.8</ele>
        <time>2026-06-13T20:47:02.000Z</time>
      </trkpt>
      <trkpt lat="40.791895" lon="-73.964357">
        <ele>32</ele>
        <time>2026-06-13T20:47:03.000Z</time>
      </trkpt>
      <trkpt lat="40.791886" lon="-73.964363">
        <ele>32</ele>
        <time>2026-06-13T20:47:04.000Z</time>
      </trkpt>
      <trkpt lat="40.791878" lon="-73.96437">
        <ele>32</ele>
        <time>2026-06-13T20:47:05.000Z</time>
      </trkpt>
      <trkpt lat="40.791869" lon="-73.964376">
        <ele>32</ele>
        <time>2026-06-13T20:47:06.000Z</time>
      </trkpt>
      <trkpt lat="40.791861" lon="-73.964382">
        <ele>32.2</ele>
        <time>2026-06-13T20:47:07.000Z</time>
      </trkpt>
      <trkpt lat="40.791853" lon="-73.964389">
        <ele>32.2</ele>
        <time>2026-06-13T20:47:08.000Z</time>
      </trkpt>
      <trkpt lat="40.791845" lon="-73.964395">
        <ele>32.2</ele>
        <time>2026-06-13T20:47:09.000Z</time>
      </trkpt>
      <trkpt lat="40.791836" lon="-73.964401">
        <ele>32.2</ele>
        <time>2026-06-13T20:47:10.000Z</time>
      </trkpt>
      <trkpt lat="40.791826" lon="-73.964408">
        <ele>32.2</ele>
        <time>2026-06-13T20:47:11.000Z</time>
      </trkpt>
      <trkpt lat="40.791817" lon="-73.964415">
        <ele>32.2</ele>
        <time>2026-06-13T20:47:12.000Z</time>
      </trkpt>
      <trkpt lat="40.791807" lon="-73.964422">
        <ele>32.2</ele>
        <time>2026-06-13T20:47:13.000Z</time>
      </trkpt>
      <trkpt lat="40.791798" lon="-73.964429">
        <ele>32.2</ele>
        <time>2026-06-13T20:47:14.000Z</time>
      </trkpt>
      <trkpt lat="40.791789" lon="-73.964435">
        <ele>32.2</ele>
        <time>2026-06-13T20:47:15.000Z</time>
      </trkpt>
      <trkpt lat="40.79178" lon="-73.964441">
        <ele>32.2</ele>
        <time>2026-06-13T20:47:16.000Z</time>
      </trkpt>
      <trkpt lat="40.79177" lon="-73.964448">
        <ele>32.2</ele>
        <time>2026-06-13T20:47:17.000Z</time>
      </trkpt>
      <trkpt lat="40.791756" lon="-73.964458">
        <ele>32.2</ele>
        <time>2026-06-13T20:47:18.000Z</time>
      </trkpt>
      <trkpt lat="40.791751" lon="-73.964462">
        <ele>32.2</ele>
        <time>2026-06-13T20:47:19.000Z</time>
      </trkpt>
      <trkpt lat="40.791745" lon="-73.964466">
        <ele>32.2</ele>
        <time>2026-06-13T20:47:20.000Z</time>
      </trkpt>
      <trkpt lat="40.791736" lon="-73.964472">
        <ele>32.2</ele>
        <time>2026-06-13T20:47:21.000Z</time>
      </trkpt>
      <trkpt lat="40.791728" lon="-73.964478">
        <ele>32.2</ele>
        <time>2026-06-13T20:47:22.000Z</time>
      </trkpt>
      <trkpt lat="40.791716" lon="-73.964487">
        <ele>32.2</ele>
        <time>2026-06-13T20:47:23.000Z</time>
      </trkpt>
      <trkpt lat="40.79171" lon="-73.964491">
        <ele>32.2</ele>
        <time>2026-06-13T20:47:24.000Z</time>
      </trkpt>
      <trkpt lat="40.791705" lon="-73.964495">
        <ele>32.2</ele>
        <time>2026-06-13T20:47:25.000Z</time>
      </trkpt>
      <trkpt lat="40.791699" lon="-73.964499">
        <ele>32.2</ele>
        <time>2026-06-13T20:47:26.000Z</time>
      </trkpt>
      <trkpt lat="40.791694" lon="-73.964503">
        <ele>32.2</ele>
        <time>2026-06-13T20:47:27.000Z</time>
      </trkpt>
      <trkpt lat="40.791688" lon="-73.964507">
        <ele>32.2</ele>
        <time>2026-06-13T20:47:28.000Z</time>
      </trkpt>
      <trkpt lat="40.791683" lon="-73.964511">
        <ele>32.2</ele>
        <time>2026-06-13T20:47:29.000Z</time>
      </trkpt>
      <trkpt lat="40.791677" lon="-73.964515">
        <ele>32.2</ele>
        <time>2026-06-13T20:47:30.000Z</time>
      </trkpt>
      <trkpt lat="40.791672" lon="-73.964519">
        <ele>32.2</ele>
        <time>2026-06-13T20:47:31.000Z</time>
      </trkpt>
      <trkpt lat="40.791666" lon="-73.964523">
        <ele>32.2</ele>
        <time>2026-06-13T20:47:32.000Z</time>
      </trkpt>
      <trkpt lat="40.791661" lon="-73.964527">
        <ele>32.2</ele>
        <time>2026-06-13T20:47:33.000Z</time>
      </trkpt>
      <trkpt lat="40.791655" lon="-73.964531">
        <ele>32.2</ele>
        <time>2026-06-13T20:47:34.000Z</time>
      </trkpt>
      <trkpt lat="40.79165" lon="-73.964535">
        <ele>32.2</ele>
        <time>2026-06-13T20:47:35.000Z</time>
      </trkpt>
      <trkpt lat="40.791644" lon="-73.964539">
        <ele>32.2</ele>
        <time>2026-06-13T20:47:36.000Z</time>
      </trkpt>
      <trkpt lat="40.791639" lon="-73.964543">
        <ele>32.2</ele>
        <time>2026-06-13T20:47:37.000Z</time>
      </trkpt>
      <trkpt lat="40.791633" lon="-73.964547">
        <ele>32.2</ele>
        <time>2026-06-13T20:47:38.000Z</time>
      </trkpt>
      <trkpt lat="40.791628" lon="-73.964551">
        <ele>32.2</ele>
        <time>2026-06-13T20:47:39.000Z</time>
      </trkpt>
      <trkpt lat="40.791622" lon="-73.964555">
        <ele>32.2</ele>
        <time>2026-06-13T20:47:40.000Z</time>
      </trkpt>
      <trkpt lat="40.791617" lon="-73.964559">
        <ele>32.2</ele>
        <time>2026-06-13T20:47:41.000Z</time>
      </trkpt>
      <trkpt lat="40.791611" lon="-73.964563">
        <ele>32.2</ele>
        <time>2026-06-13T20:47:42.000Z</time>
      </trkpt>
      <trkpt lat="40.791606" lon="-73.964567">
        <ele>32.2</ele>
        <time>2026-06-13T20:47:43.000Z</time>
      </trkpt>
      <trkpt lat="40.791597" lon="-73.964575">
        <ele>32.2</ele>
        <time>2026-06-13T20:47:44.000Z</time>
      </trkpt>
      <trkpt lat="40.791587" lon="-73.964581">
        <ele>32.2</ele>
        <time>2026-06-13T20:47:45.000Z</time>
      </trkpt>
      <trkpt lat="40.791577" lon="-73.964587">
        <ele>32.2</ele>
        <time>2026-06-13T20:47:46.000Z</time>
      </trkpt>
      <trkpt lat="40.791567" lon="-73.964592">
        <ele>32.2</ele>
        <time>2026-06-13T20:47:47.000Z</time>
      </trkpt>
      <trkpt lat="40.791558" lon="-73.964597">
        <ele>32.2</ele>
        <time>2026-06-13T20:47:48.000Z</time>
      </trkpt>
      <trkpt lat="40.791549" lon="-73.964603">
        <ele>32.2</ele>
        <time>2026-06-13T20:47:49.000Z</time>
      </trkpt>
      <trkpt lat="40.791539" lon="-73.96461">
        <ele>32.2</ele>
        <time>2026-06-13T20:47:50.000Z</time>
      </trkpt>
      <trkpt lat="40.79153" lon="-73.964617">
        <ele>32.2</ele>
        <time>2026-06-13T20:47:51.000Z</time>
      </trkpt>
      <trkpt lat="40.79152" lon="-73.964624">
        <ele>32.2</ele>
        <time>2026-06-13T20:47:52.000Z</time>
      </trkpt>
      <trkpt lat="40.79151" lon="-73.964632">
        <ele>32.4</ele>
        <time>2026-06-13T20:47:53.000Z</time>
      </trkpt>
      <trkpt lat="40.791501" lon="-73.964639">
        <ele>32.4</ele>
        <time>2026-06-13T20:47:54.000Z</time>
      </trkpt>
      <trkpt lat="40.791492" lon="-73.964645">
        <ele>32.4</ele>
        <time>2026-06-13T20:47:55.000Z</time>
      </trkpt>
      <trkpt lat="40.791483" lon="-73.964652">
        <ele>32.4</ele>
        <time>2026-06-13T20:47:56.000Z</time>
      </trkpt>
      <trkpt lat="40.791473" lon="-73.964658">
        <ele>32.4</ele>
        <time>2026-06-13T20:47:57.000Z</time>
      </trkpt>
      <trkpt lat="40.791465" lon="-73.964665">
        <ele>32.4</ele>
        <time>2026-06-13T20:47:58.000Z</time>
      </trkpt>
      <trkpt lat="40.791456" lon="-73.964672">
        <ele>32.4</ele>
        <time>2026-06-13T20:47:59.000Z</time>
      </trkpt>
      <trkpt lat="40.791448" lon="-73.964678">
        <ele>32.6</ele>
        <time>2026-06-13T20:48:00.000Z</time>
      </trkpt>
      <trkpt lat="40.791439" lon="-73.964685">
        <ele>32.6</ele>
        <time>2026-06-13T20:48:01.000Z</time>
      </trkpt>
      <trkpt lat="40.791429" lon="-73.964692">
        <ele>32.6</ele>
        <time>2026-06-13T20:48:02.000Z</time>
      </trkpt>
      <trkpt lat="40.791419" lon="-73.964698">
        <ele>32.6</ele>
        <time>2026-06-13T20:48:03.000Z</time>
      </trkpt>
      <trkpt lat="40.79141" lon="-73.964705">
        <ele>32.6</ele>
        <time>2026-06-13T20:48:04.000Z</time>
      </trkpt>
      <trkpt lat="40.791395" lon="-73.964716">
        <ele>32.6</ele>
        <time>2026-06-13T20:48:05.000Z</time>
      </trkpt>
      <trkpt lat="40.791389" lon="-73.964721">
        <ele>32.6</ele>
        <time>2026-06-13T20:48:06.000Z</time>
      </trkpt>
      <trkpt lat="40.791382" lon="-73.964727">
        <ele>32.6</ele>
        <time>2026-06-13T20:48:07.000Z</time>
      </trkpt>
      <trkpt lat="40.791376" lon="-73.964732">
        <ele>32.6</ele>
        <time>2026-06-13T20:48:08.000Z</time>
      </trkpt>
      <trkpt lat="40.79137" lon="-73.964737">
        <ele>32.6</ele>
        <time>2026-06-13T20:48:09.000Z</time>
      </trkpt>
      <trkpt lat="40.791361" lon="-73.964744">
        <ele>32.8</ele>
        <time>2026-06-13T20:48:10.000Z</time>
      </trkpt>
      <trkpt lat="40.791351" lon="-73.964751">
        <ele>32.8</ele>
        <time>2026-06-13T20:48:11.000Z</time>
      </trkpt>
      <trkpt lat="40.79134" lon="-73.964759">
        <ele>32.8</ele>
        <time>2026-06-13T20:48:12.000Z</time>
      </trkpt>
      <trkpt lat="40.79133" lon="-73.964767">
        <ele>32.8</ele>
        <time>2026-06-13T20:48:13.000Z</time>
      </trkpt>
      <trkpt lat="40.791321" lon="-73.964774">
        <ele>32.8</ele>
        <time>2026-06-13T20:48:14.000Z</time>
      </trkpt>
      <trkpt lat="40.791311" lon="-73.964781">
        <ele>32.8</ele>
        <time>2026-06-13T20:48:15.000Z</time>
      </trkpt>
      <trkpt lat="40.791302" lon="-73.964789">
        <ele>32.8</ele>
        <time>2026-06-13T20:48:16.000Z</time>
      </trkpt>
      <trkpt lat="40.791292" lon="-73.964796">
        <ele>32.8</ele>
        <time>2026-06-13T20:48:17.000Z</time>
      </trkpt>
      <trkpt lat="40.791282" lon="-73.964802">
        <ele>32.8</ele>
        <time>2026-06-13T20:48:18.000Z</time>
      </trkpt>
      <trkpt lat="40.791273" lon="-73.964808">
        <ele>33</ele>
        <time>2026-06-13T20:48:19.000Z</time>
      </trkpt>
      <trkpt lat="40.791263" lon="-73.964815">
        <ele>33</ele>
        <time>2026-06-13T20:48:20.000Z</time>
      </trkpt>
      <trkpt lat="40.791253" lon="-73.964821">
        <ele>33</ele>
        <time>2026-06-13T20:48:21.000Z</time>
      </trkpt>
      <trkpt lat="40.791244" lon="-73.964828">
        <ele>33</ele>
        <time>2026-06-13T20:48:22.000Z</time>
      </trkpt>
      <trkpt lat="40.791234" lon="-73.964835">
        <ele>33</ele>
        <time>2026-06-13T20:48:23.000Z</time>
      </trkpt>
      <trkpt lat="40.791225" lon="-73.964842">
        <ele>33</ele>
        <time>2026-06-13T20:48:24.000Z</time>
      </trkpt>
      <trkpt lat="40.791215" lon="-73.964849">
        <ele>33</ele>
        <time>2026-06-13T20:48:25.000Z</time>
      </trkpt>
      <trkpt lat="40.791206" lon="-73.964857">
        <ele>33</ele>
        <time>2026-06-13T20:48:26.000Z</time>
      </trkpt>
      <trkpt lat="40.791197" lon="-73.964864">
        <ele>33</ele>
        <time>2026-06-13T20:48:27.000Z</time>
      </trkpt>
      <trkpt lat="40.791188" lon="-73.96487">
        <ele>33</ele>
        <time>2026-06-13T20:48:28.000Z</time>
      </trkpt>
      <trkpt lat="40.791179" lon="-73.964877">
        <ele>33</ele>
        <time>2026-06-13T20:48:29.000Z</time>
      </trkpt>
      <trkpt lat="40.79117" lon="-73.964884">
        <ele>33</ele>
        <time>2026-06-13T20:48:30.000Z</time>
      </trkpt>
      <trkpt lat="40.791162" lon="-73.964891">
        <ele>33</ele>
        <time>2026-06-13T20:48:31.000Z</time>
      </trkpt>
      <trkpt lat="40.791153" lon="-73.964897">
        <ele>33.2</ele>
        <time>2026-06-13T20:48:32.000Z</time>
      </trkpt>
      <trkpt lat="40.791145" lon="-73.964903">
        <ele>33.2</ele>
        <time>2026-06-13T20:48:33.000Z</time>
      </trkpt>
      <trkpt lat="40.791136" lon="-73.964909">
        <ele>33.2</ele>
        <time>2026-06-13T20:48:34.000Z</time>
      </trkpt>
      <trkpt lat="40.791121" lon="-73.964921">
        <ele>33.2</ele>
        <time>2026-06-13T20:48:35.000Z</time>
      </trkpt>
      <trkpt lat="40.791115" lon="-73.964926">
        <ele>33.2</ele>
        <time>2026-06-13T20:48:36.000Z</time>
      </trkpt>
      <trkpt lat="40.791109" lon="-73.964931">
        <ele>33.2</ele>
        <time>2026-06-13T20:48:37.000Z</time>
      </trkpt>
      <trkpt lat="40.791099" lon="-73.96494">
        <ele>33.2</ele>
        <time>2026-06-13T20:48:38.000Z</time>
      </trkpt>
      <trkpt lat="40.79109" lon="-73.964948">
        <ele>33.2</ele>
        <time>2026-06-13T20:48:39.000Z</time>
      </trkpt>
      <trkpt lat="40.79108" lon="-73.964957">
        <ele>33.2</ele>
        <time>2026-06-13T20:48:40.000Z</time>
      </trkpt>
      <trkpt lat="40.791071" lon="-73.964965">
        <ele>33.2</ele>
        <time>2026-06-13T20:48:41.000Z</time>
      </trkpt>
      <trkpt lat="40.791062" lon="-73.964973">
        <ele>33.2</ele>
        <time>2026-06-13T20:48:42.000Z</time>
      </trkpt>
      <trkpt lat="40.791053" lon="-73.964982">
        <ele>33.2</ele>
        <time>2026-06-13T20:48:43.000Z</time>
      </trkpt>
      <trkpt lat="40.791046" lon="-73.964991">
        <ele>33.2</ele>
        <time>2026-06-13T20:48:44.000Z</time>
      </trkpt>
      <trkpt lat="40.791042" lon="-73.965002">
        <ele>33.2</ele>
        <time>2026-06-13T20:48:45.000Z</time>
      </trkpt>
      <trkpt lat="40.791044" lon="-73.965022">
        <ele>33.2</ele>
        <time>2026-06-13T20:48:46.000Z</time>
      </trkpt>
      <trkpt lat="40.791043" lon="-73.965035">
        <ele>33.2</ele>
        <time>2026-06-13T20:48:47.000Z</time>
      </trkpt>
      <trkpt lat="40.791042" lon="-73.965048">
        <ele>33.4</ele>
        <time>2026-06-13T20:48:48.000Z</time>
      </trkpt>
      <trkpt lat="40.791043" lon="-73.965062">
        <ele>33.4</ele>
        <time>2026-06-13T20:48:49.000Z</time>
      </trkpt>
      <trkpt lat="40.791045" lon="-73.965075">
        <ele>33.4</ele>
        <time>2026-06-13T20:48:50.000Z</time>
      </trkpt>
      <trkpt lat="40.791048" lon="-73.965089">
        <ele>33.4</ele>
        <time>2026-06-13T20:48:51.000Z</time>
      </trkpt>
      <trkpt lat="40.791051" lon="-73.965103">
        <ele>33.4</ele>
        <time>2026-06-13T20:48:52.000Z</time>
      </trkpt>
      <trkpt lat="40.791055" lon="-73.965117">
        <ele>33.4</ele>
        <time>2026-06-13T20:48:53.000Z</time>
      </trkpt>
      <trkpt lat="40.791059" lon="-73.96513">
        <ele>33.4</ele>
        <time>2026-06-13T20:48:54.000Z</time>
      </trkpt>
      <trkpt lat="40.791064" lon="-73.965144">
        <ele>33.4</ele>
        <time>2026-06-13T20:48:55.000Z</time>
      </trkpt>
      <trkpt lat="40.791069" lon="-73.965158">
        <ele>33.4</ele>
        <time>2026-06-13T20:48:56.000Z</time>
      </trkpt>
      <trkpt lat="40.791073" lon="-73.965172">
        <ele>33.4</ele>
        <time>2026-06-13T20:48:57.000Z</time>
      </trkpt>
      <trkpt lat="40.791078" lon="-73.965186">
        <ele>33.4</ele>
        <time>2026-06-13T20:48:58.000Z</time>
      </trkpt>
      <trkpt lat="40.791082" lon="-73.965199">
        <ele>33.4</ele>
        <time>2026-06-13T20:48:59.000Z</time>
      </trkpt>
      <trkpt lat="40.791087" lon="-73.965213">
        <ele>33.4</ele>
        <time>2026-06-13T20:49:00.000Z</time>
      </trkpt>
      <trkpt lat="40.791094" lon="-73.965235">
        <ele>33.4</ele>
        <time>2026-06-13T20:49:01.000Z</time>
      </trkpt>
      <trkpt lat="40.791096" lon="-73.965244">
        <ele>33.4</ele>
        <time>2026-06-13T20:49:02.000Z</time>
      </trkpt>
      <trkpt lat="40.791099" lon="-73.965253">
        <ele>33.4</ele>
        <time>2026-06-13T20:49:03.000Z</time>
      </trkpt>
      <trkpt lat="40.791103" lon="-73.965266">
        <ele>33.4</ele>
        <time>2026-06-13T20:49:04.000Z</time>
      </trkpt>
      <trkpt lat="40.791107" lon="-73.965279">
        <ele>33.4</ele>
        <time>2026-06-13T20:49:05.000Z</time>
      </trkpt>
      <trkpt lat="40.791111" lon="-73.965292">
        <ele>33.4</ele>
        <time>2026-06-13T20:49:06.000Z</time>
      </trkpt>
      <trkpt lat="40.791115" lon="-73.965304">
        <ele>33.4</ele>
        <time>2026-06-13T20:49:07.000Z</time>
      </trkpt>
      <trkpt lat="40.791119" lon="-73.965317">
        <ele>33.4</ele>
        <time>2026-06-13T20:49:08.000Z</time>
      </trkpt>
      <trkpt lat="40.791124" lon="-73.965329">
        <ele>33.6</ele>
        <time>2026-06-13T20:49:09.000Z</time>
      </trkpt>
      <trkpt lat="40.791129" lon="-73.965341">
        <ele>33.6</ele>
        <time>2026-06-13T20:49:10.000Z</time>
      </trkpt>
      <trkpt lat="40.791134" lon="-73.965353">
        <ele>33.6</ele>
        <time>2026-06-13T20:49:11.000Z</time>
      </trkpt>
      <trkpt lat="40.79114" lon="-73.965365">
        <ele>33.6</ele>
        <time>2026-06-13T20:49:12.000Z</time>
      </trkpt>
      <trkpt lat="40.791147" lon="-73.965377">
        <ele>33.6</ele>
        <time>2026-06-13T20:49:13.000Z</time>
      </trkpt>
      <trkpt lat="40.791153" lon="-73.965389">
        <ele>33.6</ele>
        <time>2026-06-13T20:49:14.000Z</time>
      </trkpt>
      <trkpt lat="40.79116" lon="-73.9654">
        <ele>33.6</ele>
        <time>2026-06-13T20:49:15.000Z</time>
      </trkpt>
      <trkpt lat="40.791166" lon="-73.965412">
        <ele>33.6</ele>
        <time>2026-06-13T20:49:16.000Z</time>
      </trkpt>
      <trkpt lat="40.791173" lon="-73.965424">
        <ele>33.6</ele>
        <time>2026-06-13T20:49:17.000Z</time>
      </trkpt>
      <trkpt lat="40.79118" lon="-73.965436">
        <ele>33.6</ele>
        <time>2026-06-13T20:49:18.000Z</time>
      </trkpt>
      <trkpt lat="40.791186" lon="-73.965448">
        <ele>33.6</ele>
        <time>2026-06-13T20:49:19.000Z</time>
      </trkpt>
      <trkpt lat="40.791193" lon="-73.96546">
        <ele>33.8</ele>
        <time>2026-06-13T20:49:20.000Z</time>
      </trkpt>
      <trkpt lat="40.791199" lon="-73.965472">
        <ele>33.8</ele>
        <time>2026-06-13T20:49:21.000Z</time>
      </trkpt>
      <trkpt lat="40.791205" lon="-73.965485">
        <ele>33.8</ele>
        <time>2026-06-13T20:49:22.000Z</time>
      </trkpt>
      <trkpt lat="40.791211" lon="-73.965497">
        <ele>33.8</ele>
        <time>2026-06-13T20:49:23.000Z</time>
      </trkpt>
      <trkpt lat="40.791217" lon="-73.965509">
        <ele>33.8</ele>
        <time>2026-06-13T20:49:24.000Z</time>
      </trkpt>
      <trkpt lat="40.791223" lon="-73.965522">
        <ele>33.8</ele>
        <time>2026-06-13T20:49:25.000Z</time>
      </trkpt>
      <trkpt lat="40.791229" lon="-73.965534">
        <ele>33.8</ele>
        <time>2026-06-13T20:49:26.000Z</time>
      </trkpt>
      <trkpt lat="40.791235" lon="-73.965546">
        <ele>33.8</ele>
        <time>2026-06-13T20:49:27.000Z</time>
      </trkpt>
      <trkpt lat="40.79124" lon="-73.965559">
        <ele>33.8</ele>
        <time>2026-06-13T20:49:28.000Z</time>
      </trkpt>
      <trkpt lat="40.791246" lon="-73.965571">
        <ele>33.8</ele>
        <time>2026-06-13T20:49:29.000Z</time>
      </trkpt>
      <trkpt lat="40.791251" lon="-73.965583">
        <ele>33.8</ele>
        <time>2026-06-13T20:49:30.000Z</time>
      </trkpt>
      <trkpt lat="40.791257" lon="-73.965595">
        <ele>33.8</ele>
        <time>2026-06-13T20:49:31.000Z</time>
      </trkpt>
      <trkpt lat="40.791262" lon="-73.965608">
        <ele>33.8</ele>
        <time>2026-06-13T20:49:32.000Z</time>
      </trkpt>
      <trkpt lat="40.791267" lon="-73.96562">
        <ele>33.8</ele>
        <time>2026-06-13T20:49:33.000Z</time>
      </trkpt>
      <trkpt lat="40.791272" lon="-73.965633">
        <ele>33.8</ele>
        <time>2026-06-13T20:49:34.000Z</time>
      </trkpt>
      <trkpt lat="40.791277" lon="-73.965646">
        <ele>33.8</ele>
        <time>2026-06-13T20:49:35.000Z</time>
      </trkpt>
      <trkpt lat="40.791282" lon="-73.965659">
        <ele>33.8</ele>
        <time>2026-06-13T20:49:36.000Z</time>
      </trkpt>
      <trkpt lat="40.791287" lon="-73.965672">
        <ele>33.8</ele>
        <time>2026-06-13T20:49:37.000Z</time>
      </trkpt>
      <trkpt lat="40.791291" lon="-73.965685">
        <ele>33.8</ele>
        <time>2026-06-13T20:49:38.000Z</time>
      </trkpt>
      <trkpt lat="40.791296" lon="-73.965699">
        <ele>33.8</ele>
        <time>2026-06-13T20:49:39.000Z</time>
      </trkpt>
      <trkpt lat="40.7913" lon="-73.965712">
        <ele>33.8</ele>
        <time>2026-06-13T20:49:40.000Z</time>
      </trkpt>
      <trkpt lat="40.791304" lon="-73.965726">
        <ele>33.8</ele>
        <time>2026-06-13T20:49:41.000Z</time>
      </trkpt>
      <trkpt lat="40.791308" lon="-73.965739">
        <ele>33.8</ele>
        <time>2026-06-13T20:49:42.000Z</time>
      </trkpt>
      <trkpt lat="40.791311" lon="-73.965752">
        <ele>33.8</ele>
        <time>2026-06-13T20:49:43.000Z</time>
      </trkpt>
      <trkpt lat="40.791315" lon="-73.965766">
        <ele>33.8</ele>
        <time>2026-06-13T20:49:44.000Z</time>
      </trkpt>
      <trkpt lat="40.791319" lon="-73.965779">
        <ele>33.8</ele>
        <time>2026-06-13T20:49:45.000Z</time>
      </trkpt>
      <trkpt lat="40.791324" lon="-73.965792">
        <ele>33.8</ele>
        <time>2026-06-13T20:49:46.000Z</time>
      </trkpt>
      <trkpt lat="40.791328" lon="-73.965805">
        <ele>33.8</ele>
        <time>2026-06-13T20:49:47.000Z</time>
      </trkpt>
      <trkpt lat="40.791333" lon="-73.965818">
        <ele>33.8</ele>
        <time>2026-06-13T20:49:48.000Z</time>
      </trkpt>
      <trkpt lat="40.791338" lon="-73.965831">
        <ele>33.8</ele>
        <time>2026-06-13T20:49:49.000Z</time>
      </trkpt>
      <trkpt lat="40.791343" lon="-73.965843">
        <ele>33.8</ele>
        <time>2026-06-13T20:49:50.000Z</time>
      </trkpt>
      <trkpt lat="40.791349" lon="-73.965856">
        <ele>33.8</ele>
        <time>2026-06-13T20:49:51.000Z</time>
      </trkpt>
      <trkpt lat="40.791354" lon="-73.965868">
        <ele>33.8</ele>
        <time>2026-06-13T20:49:52.000Z</time>
      </trkpt>
      <trkpt lat="40.791359" lon="-73.965881">
        <ele>33.8</ele>
        <time>2026-06-13T20:49:53.000Z</time>
      </trkpt>
      <trkpt lat="40.791365" lon="-73.965893">
        <ele>33.8</ele>
        <time>2026-06-13T20:49:54.000Z</time>
      </trkpt>
      <trkpt lat="40.79137" lon="-73.965906">
        <ele>33.8</ele>
        <time>2026-06-13T20:49:55.000Z</time>
      </trkpt>
      <trkpt lat="40.791376" lon="-73.965918">
        <ele>33.8</ele>
        <time>2026-06-13T20:49:56.000Z</time>
      </trkpt>
      <trkpt lat="40.791382" lon="-73.96593">
        <ele>33.8</ele>
        <time>2026-06-13T20:49:57.000Z</time>
      </trkpt>
      <trkpt lat="40.791387" lon="-73.965943">
        <ele>33.8</ele>
        <time>2026-06-13T20:49:58.000Z</time>
      </trkpt>
      <trkpt lat="40.791393" lon="-73.965955">
        <ele>34</ele>
        <time>2026-06-13T20:49:59.000Z</time>
      </trkpt>
      <trkpt lat="40.791398" lon="-73.965967">
        <ele>34</ele>
        <time>2026-06-13T20:50:00.000Z</time>
      </trkpt>
      <trkpt lat="40.791404" lon="-73.96598">
        <ele>34</ele>
        <time>2026-06-13T20:50:01.000Z</time>
      </trkpt>
      <trkpt lat="40.791409" lon="-73.965992">
        <ele>34</ele>
        <time>2026-06-13T20:50:02.000Z</time>
      </trkpt>
      <trkpt lat="40.791415" lon="-73.966004">
        <ele>34</ele>
        <time>2026-06-13T20:50:03.000Z</time>
      </trkpt>
      <trkpt lat="40.79142" lon="-73.966016">
        <ele>34</ele>
        <time>2026-06-13T20:50:04.000Z</time>
      </trkpt>
      <trkpt lat="40.791426" lon="-73.966028">
        <ele>34</ele>
        <time>2026-06-13T20:50:05.000Z</time>
      </trkpt>
      <trkpt lat="40.791431" lon="-73.96604">
        <ele>34</ele>
        <time>2026-06-13T20:50:06.000Z</time>
      </trkpt>
      <trkpt lat="40.791437" lon="-73.966053">
        <ele>34</ele>
        <time>2026-06-13T20:50:07.000Z</time>
      </trkpt>
      <trkpt lat="40.791442" lon="-73.966065">
        <ele>34</ele>
        <time>2026-06-13T20:50:08.000Z</time>
      </trkpt>
      <trkpt lat="40.791448" lon="-73.966078">
        <ele>34</ele>
        <time>2026-06-13T20:50:09.000Z</time>
      </trkpt>
      <trkpt lat="40.791453" lon="-73.96609">
        <ele>34.2</ele>
        <time>2026-06-13T20:50:10.000Z</time>
      </trkpt>
      <trkpt lat="40.791459" lon="-73.966103">
        <ele>34.2</ele>
        <time>2026-06-13T20:50:11.000Z</time>
      </trkpt>
      <trkpt lat="40.791464" lon="-73.966116">
        <ele>34.2</ele>
        <time>2026-06-13T20:50:12.000Z</time>
      </trkpt>
      <trkpt lat="40.79147" lon="-73.966129">
        <ele>34.2</ele>
        <time>2026-06-13T20:50:13.000Z</time>
      </trkpt>
      <trkpt lat="40.791475" lon="-73.966141">
        <ele>34.2</ele>
        <time>2026-06-13T20:50:14.000Z</time>
      </trkpt>
      <trkpt lat="40.791481" lon="-73.966153">
        <ele>34.2</ele>
        <time>2026-06-13T20:50:15.000Z</time>
      </trkpt>
      <trkpt lat="40.791486" lon="-73.966166">
        <ele>34.2</ele>
        <time>2026-06-13T20:50:16.000Z</time>
      </trkpt>
      <trkpt lat="40.791491" lon="-73.966178">
        <ele>34.2</ele>
        <time>2026-06-13T20:50:17.000Z</time>
      </trkpt>
      <trkpt lat="40.791497" lon="-73.96619">
        <ele>34.2</ele>
        <time>2026-06-13T20:50:18.000Z</time>
      </trkpt>
      <trkpt lat="40.791502" lon="-73.966203">
        <ele>34.4</ele>
        <time>2026-06-13T20:50:19.000Z</time>
      </trkpt>
      <trkpt lat="40.791508" lon="-73.966215">
        <ele>34.4</ele>
        <time>2026-06-13T20:50:20.000Z</time>
      </trkpt>
      <trkpt lat="40.791513" lon="-73.966228">
        <ele>34.4</ele>
        <time>2026-06-13T20:50:21.000Z</time>
      </trkpt>
      <trkpt lat="40.791518" lon="-73.966241">
        <ele>34.4</ele>
        <time>2026-06-13T20:50:22.000Z</time>
      </trkpt>
      <trkpt lat="40.791524" lon="-73.966253">
        <ele>34.4</ele>
        <time>2026-06-13T20:50:23.000Z</time>
      </trkpt>
      <trkpt lat="40.791529" lon="-73.966266">
        <ele>34.4</ele>
        <time>2026-06-13T20:50:24.000Z</time>
      </trkpt>
      <trkpt lat="40.791535" lon="-73.966278">
        <ele>34.4</ele>
        <time>2026-06-13T20:50:25.000Z</time>
      </trkpt>
      <trkpt lat="40.79154" lon="-73.966291">
        <ele>34.4</ele>
        <time>2026-06-13T20:50:26.000Z</time>
      </trkpt>
      <trkpt lat="40.791545" lon="-73.966304">
        <ele>34.4</ele>
        <time>2026-06-13T20:50:27.000Z</time>
      </trkpt>
      <trkpt lat="40.791551" lon="-73.966316">
        <ele>34.4</ele>
        <time>2026-06-13T20:50:28.000Z</time>
      </trkpt>
      <trkpt lat="40.791556" lon="-73.966329">
        <ele>34.4</ele>
        <time>2026-06-13T20:50:29.000Z</time>
      </trkpt>
      <trkpt lat="40.791561" lon="-73.966341">
        <ele>34.4</ele>
        <time>2026-06-13T20:50:30.000Z</time>
      </trkpt>
      <trkpt lat="40.791567" lon="-73.966354">
        <ele>34.4</ele>
        <time>2026-06-13T20:50:31.000Z</time>
      </trkpt>
      <trkpt lat="40.791572" lon="-73.966367">
        <ele>34.4</ele>
        <time>2026-06-13T20:50:32.000Z</time>
      </trkpt>
      <trkpt lat="40.791577" lon="-73.96638">
        <ele>34.4</ele>
        <time>2026-06-13T20:50:33.000Z</time>
      </trkpt>
      <trkpt lat="40.791583" lon="-73.966392">
        <ele>34.4</ele>
        <time>2026-06-13T20:50:34.000Z</time>
      </trkpt>
      <trkpt lat="40.791588" lon="-73.966405">
        <ele>34.4</ele>
        <time>2026-06-13T20:50:35.000Z</time>
      </trkpt>
      <trkpt lat="40.791593" lon="-73.966418">
        <ele>34.4</ele>
        <time>2026-06-13T20:50:36.000Z</time>
      </trkpt>
      <trkpt lat="40.791599" lon="-73.96643">
        <ele>34.4</ele>
        <time>2026-06-13T20:50:37.000Z</time>
      </trkpt>
      <trkpt lat="40.791604" lon="-73.966443">
        <ele>34.4</ele>
        <time>2026-06-13T20:50:38.000Z</time>
      </trkpt>
      <trkpt lat="40.791609" lon="-73.966456">
        <ele>34.4</ele>
        <time>2026-06-13T20:50:39.000Z</time>
      </trkpt>
      <trkpt lat="40.791614" lon="-73.966469">
        <ele>34.4</ele>
        <time>2026-06-13T20:50:40.000Z</time>
      </trkpt>
      <trkpt lat="40.79162" lon="-73.966481">
        <ele>34.4</ele>
        <time>2026-06-13T20:50:41.000Z</time>
      </trkpt>
      <trkpt lat="40.791625" lon="-73.966494">
        <ele>34.4</ele>
        <time>2026-06-13T20:50:42.000Z</time>
      </trkpt>
      <trkpt lat="40.79163" lon="-73.966507">
        <ele>34.4</ele>
        <time>2026-06-13T20:50:43.000Z</time>
      </trkpt>
      <trkpt lat="40.791635" lon="-73.966519">
        <ele>34.4</ele>
        <time>2026-06-13T20:50:44.000Z</time>
      </trkpt>
      <trkpt lat="40.79164" lon="-73.966532">
        <ele>34.4</ele>
        <time>2026-06-13T20:50:45.000Z</time>
      </trkpt>
      <trkpt lat="40.791645" lon="-73.966545">
        <ele>34.4</ele>
        <time>2026-06-13T20:50:46.000Z</time>
      </trkpt>
      <trkpt lat="40.79165" lon="-73.966558">
        <ele>34.4</ele>
        <time>2026-06-13T20:50:47.000Z</time>
      </trkpt>
      <trkpt lat="40.791655" lon="-73.966571">
        <ele>34.4</ele>
        <time>2026-06-13T20:50:48.000Z</time>
      </trkpt>
      <trkpt lat="40.791661" lon="-73.966583">
        <ele>34.4</ele>
        <time>2026-06-13T20:50:49.000Z</time>
      </trkpt>
      <trkpt lat="40.791666" lon="-73.966596">
        <ele>34.4</ele>
        <time>2026-06-13T20:50:50.000Z</time>
      </trkpt>
      <trkpt lat="40.791671" lon="-73.966609">
        <ele>34.4</ele>
        <time>2026-06-13T20:50:51.000Z</time>
      </trkpt>
      <trkpt lat="40.791675" lon="-73.966621">
        <ele>34.4</ele>
        <time>2026-06-13T20:50:52.000Z</time>
      </trkpt>
      <trkpt lat="40.79168" lon="-73.966633">
        <ele>34.4</ele>
        <time>2026-06-13T20:50:53.000Z</time>
      </trkpt>
      <trkpt lat="40.791685" lon="-73.966645">
        <ele>34.4</ele>
        <time>2026-06-13T20:50:54.000Z</time>
      </trkpt>
      <trkpt lat="40.79169" lon="-73.966657">
        <ele>34.4</ele>
        <time>2026-06-13T20:50:55.000Z</time>
      </trkpt>
      <trkpt lat="40.791695" lon="-73.966669">
        <ele>34.4</ele>
        <time>2026-06-13T20:50:56.000Z</time>
      </trkpt>
      <trkpt lat="40.7917" lon="-73.966682">
        <ele>34.4</ele>
        <time>2026-06-13T20:50:57.000Z</time>
      </trkpt>
      <trkpt lat="40.791705" lon="-73.966694">
        <ele>34.4</ele>
        <time>2026-06-13T20:50:58.000Z</time>
      </trkpt>
      <trkpt lat="40.79171" lon="-73.966706">
        <ele>34.4</ele>
        <time>2026-06-13T20:50:59.000Z</time>
      </trkpt>
      <trkpt lat="40.791715" lon="-73.966718">
        <ele>34.4</ele>
        <time>2026-06-13T20:51:00.000Z</time>
      </trkpt>
      <trkpt lat="40.79172" lon="-73.96673">
        <ele>34.4</ele>
        <time>2026-06-13T20:51:01.000Z</time>
      </trkpt>
      <trkpt lat="40.791725" lon="-73.966742">
        <ele>34.4</ele>
        <time>2026-06-13T20:51:02.000Z</time>
      </trkpt>
      <trkpt lat="40.79173" lon="-73.966755">
        <ele>34.4</ele>
        <time>2026-06-13T20:51:03.000Z</time>
      </trkpt>
      <trkpt lat="40.791735" lon="-73.966767">
        <ele>34.4</ele>
        <time>2026-06-13T20:51:04.000Z</time>
      </trkpt>
      <trkpt lat="40.79174" lon="-73.966779">
        <ele>34.4</ele>
        <time>2026-06-13T20:51:05.000Z</time>
      </trkpt>
      <trkpt lat="40.791745" lon="-73.966792">
        <ele>34.4</ele>
        <time>2026-06-13T20:51:06.000Z</time>
      </trkpt>
      <trkpt lat="40.791751" lon="-73.966804">
        <ele>34.4</ele>
        <time>2026-06-13T20:51:07.000Z</time>
      </trkpt>
      <trkpt lat="40.791756" lon="-73.966817">
        <ele>34.4</ele>
        <time>2026-06-13T20:51:08.000Z</time>
      </trkpt>
      <trkpt lat="40.791761" lon="-73.966829">
        <ele>34.4</ele>
        <time>2026-06-13T20:51:09.000Z</time>
      </trkpt>
      <trkpt lat="40.791766" lon="-73.966842">
        <ele>34.4</ele>
        <time>2026-06-13T20:51:10.000Z</time>
      </trkpt>
      <trkpt lat="40.791772" lon="-73.966854">
        <ele>34.4</ele>
        <time>2026-06-13T20:51:11.000Z</time>
      </trkpt>
      <trkpt lat="40.791777" lon="-73.966867">
        <ele>34.4</ele>
        <time>2026-06-13T20:51:12.000Z</time>
      </trkpt>
      <trkpt lat="40.791782" lon="-73.96688">
        <ele>34.4</ele>
        <time>2026-06-13T20:51:13.000Z</time>
      </trkpt>
      <trkpt lat="40.791788" lon="-73.966893">
        <ele>34.4</ele>
        <time>2026-06-13T20:51:14.000Z</time>
      </trkpt>
      <trkpt lat="40.791793" lon="-73.966906">
        <ele>34.4</ele>
        <time>2026-06-13T20:51:15.000Z</time>
      </trkpt>
      <trkpt lat="40.791799" lon="-73.966919">
        <ele>34.4</ele>
        <time>2026-06-13T20:51:16.000Z</time>
      </trkpt>
      <trkpt lat="40.791804" lon="-73.966932">
        <ele>34.4</ele>
        <time>2026-06-13T20:51:17.000Z</time>
      </trkpt>
      <trkpt lat="40.79181" lon="-73.966945">
        <ele>34.6</ele>
        <time>2026-06-13T20:51:18.000Z</time>
      </trkpt>
      <trkpt lat="40.791815" lon="-73.966958">
        <ele>34.6</ele>
        <time>2026-06-13T20:51:19.000Z</time>
      </trkpt>
      <trkpt lat="40.791821" lon="-73.966971">
        <ele>34.6</ele>
        <time>2026-06-13T20:51:20.000Z</time>
      </trkpt>
      <trkpt lat="40.791826" lon="-73.966984">
        <ele>34.6</ele>
        <time>2026-06-13T20:51:21.000Z</time>
      </trkpt>
      <trkpt lat="40.791832" lon="-73.966996">
        <ele>34.6</ele>
        <time>2026-06-13T20:51:22.000Z</time>
      </trkpt>
      <trkpt lat="40.791838" lon="-73.967009">
        <ele>34.6</ele>
        <time>2026-06-13T20:51:23.000Z</time>
      </trkpt>
      <trkpt lat="40.791843" lon="-73.967022">
        <ele>34.6</ele>
        <time>2026-06-13T20:51:24.000Z</time>
      </trkpt>
      <trkpt lat="40.791848" lon="-73.967035">
        <ele>34.6</ele>
        <time>2026-06-13T20:51:25.000Z</time>
      </trkpt>
      <trkpt lat="40.791854" lon="-73.967047">
        <ele>34.6</ele>
        <time>2026-06-13T20:51:26.000Z</time>
      </trkpt>
      <trkpt lat="40.791859" lon="-73.96706">
        <ele>34.6</ele>
        <time>2026-06-13T20:51:27.000Z</time>
      </trkpt>
      <trkpt lat="40.791865" lon="-73.967072">
        <ele>34.8</ele>
        <time>2026-06-13T20:51:28.000Z</time>
      </trkpt>
      <trkpt lat="40.79187" lon="-73.967085">
        <ele>34.8</ele>
        <time>2026-06-13T20:51:29.000Z</time>
      </trkpt>
      <trkpt lat="40.791876" lon="-73.967097">
        <ele>34.8</ele>
        <time>2026-06-13T20:51:30.000Z</time>
      </trkpt>
      <trkpt lat="40.791881" lon="-73.967109">
        <ele>34.8</ele>
        <time>2026-06-13T20:51:31.000Z</time>
      </trkpt>
      <trkpt lat="40.791886" lon="-73.967122">
        <ele>34.8</ele>
        <time>2026-06-13T20:51:32.000Z</time>
      </trkpt>
      <trkpt lat="40.791892" lon="-73.967134">
        <ele>34.8</ele>
        <time>2026-06-13T20:51:33.000Z</time>
      </trkpt>
      <trkpt lat="40.791897" lon="-73.967146">
        <ele>35</ele>
        <time>2026-06-13T20:51:34.000Z</time>
      </trkpt>
      <trkpt lat="40.791902" lon="-73.967158">
        <ele>35</ele>
        <time>2026-06-13T20:51:35.000Z</time>
      </trkpt>
      <trkpt lat="40.791908" lon="-73.96717">
        <ele>35</ele>
        <time>2026-06-13T20:51:36.000Z</time>
      </trkpt>
      <trkpt lat="40.791913" lon="-73.967183">
        <ele>35</ele>
        <time>2026-06-13T20:51:37.000Z</time>
      </trkpt>
      <trkpt lat="40.791918" lon="-73.967195">
        <ele>35</ele>
        <time>2026-06-13T20:51:38.000Z</time>
      </trkpt>
      <trkpt lat="40.791924" lon="-73.967207">
        <ele>35</ele>
        <time>2026-06-13T20:51:39.000Z</time>
      </trkpt>
      <trkpt lat="40.791929" lon="-73.967219">
        <ele>35</ele>
        <time>2026-06-13T20:51:40.000Z</time>
      </trkpt>
      <trkpt lat="40.791934" lon="-73.967232">
        <ele>35</ele>
        <time>2026-06-13T20:51:41.000Z</time>
      </trkpt>
      <trkpt lat="40.79194" lon="-73.967244">
        <ele>35</ele>
        <time>2026-06-13T20:51:42.000Z</time>
      </trkpt>
      <trkpt lat="40.791948" lon="-73.967264">
        <ele>35</ele>
        <time>2026-06-13T20:51:43.000Z</time>
      </trkpt>
      <trkpt lat="40.791952" lon="-73.967273">
        <ele>35</ele>
        <time>2026-06-13T20:51:44.000Z</time>
      </trkpt>
      <trkpt lat="40.791955" lon="-73.967281">
        <ele>35</ele>
        <time>2026-06-13T20:51:45.000Z</time>
      </trkpt>
      <trkpt lat="40.791961" lon="-73.967293">
        <ele>35</ele>
        <time>2026-06-13T20:51:46.000Z</time>
      </trkpt>
      <trkpt lat="40.791966" lon="-73.967305">
        <ele>35</ele>
        <time>2026-06-13T20:51:47.000Z</time>
      </trkpt>
      <trkpt lat="40.79197" lon="-73.967317">
        <ele>35</ele>
        <time>2026-06-13T20:51:48.000Z</time>
      </trkpt>
      <trkpt lat="40.791975" lon="-73.967329">
        <ele>35</ele>
        <time>2026-06-13T20:51:49.000Z</time>
      </trkpt>
      <trkpt lat="40.79198" lon="-73.96734">
        <ele>35</ele>
        <time>2026-06-13T20:51:50.000Z</time>
      </trkpt>
      <trkpt lat="40.791985" lon="-73.967352">
        <ele>35</ele>
        <time>2026-06-13T20:51:51.000Z</time>
      </trkpt>
      <trkpt lat="40.79199" lon="-73.967364">
        <ele>35</ele>
        <time>2026-06-13T20:51:52.000Z</time>
      </trkpt>
      <trkpt lat="40.791995" lon="-73.967376">
        <ele>35</ele>
        <time>2026-06-13T20:51:53.000Z</time>
      </trkpt>
      <trkpt lat="40.792" lon="-73.967388">
        <ele>35</ele>
        <time>2026-06-13T20:51:54.000Z</time>
      </trkpt>
      <trkpt lat="40.792005" lon="-73.9674">
        <ele>35</ele>
        <time>2026-06-13T20:51:55.000Z</time>
      </trkpt>
      <trkpt lat="40.792009" lon="-73.967412">
        <ele>35.2</ele>
        <time>2026-06-13T20:51:56.000Z</time>
      </trkpt>
      <trkpt lat="40.792014" lon="-73.967423">
        <ele>35.2</ele>
        <time>2026-06-13T20:51:57.000Z</time>
      </trkpt>
      <trkpt lat="40.792019" lon="-73.967435">
        <ele>35.2</ele>
        <time>2026-06-13T20:51:58.000Z</time>
      </trkpt>
      <trkpt lat="40.792023" lon="-73.967446">
        <ele>35.2</ele>
        <time>2026-06-13T20:51:59.000Z</time>
      </trkpt>
      <trkpt lat="40.792028" lon="-73.967458">
        <ele>35.2</ele>
        <time>2026-06-13T20:52:00.000Z</time>
      </trkpt>
      <trkpt lat="40.792033" lon="-73.96747">
        <ele>35.2</ele>
        <time>2026-06-13T20:52:01.000Z</time>
      </trkpt>
      <trkpt lat="40.792037" lon="-73.967481">
        <ele>35.2</ele>
        <time>2026-06-13T20:52:02.000Z</time>
      </trkpt>
      <trkpt lat="40.792042" lon="-73.967492">
        <ele>35</ele>
        <time>2026-06-13T20:52:03.000Z</time>
      </trkpt>
      <trkpt lat="40.792046" lon="-73.967502">
        <ele>35</ele>
        <time>2026-06-13T20:52:04.000Z</time>
      </trkpt>
      <trkpt lat="40.79205" lon="-73.967512">
        <ele>35</ele>
        <time>2026-06-13T20:52:05.000Z</time>
      </trkpt>
      <trkpt lat="40.792053" lon="-73.967521">
        <ele>35</ele>
        <time>2026-06-13T20:52:06.000Z</time>
      </trkpt>
      <trkpt lat="40.792057" lon="-73.96753">
        <ele>35</ele>
        <time>2026-06-13T20:52:07.000Z</time>
      </trkpt>
      <trkpt lat="40.792061" lon="-73.967539">
        <ele>35</ele>
        <time>2026-06-13T20:52:08.000Z</time>
      </trkpt>
      <trkpt lat="40.792064" lon="-73.967547">
        <ele>35</ele>
        <time>2026-06-13T20:52:09.000Z</time>
      </trkpt>
      <trkpt lat="40.792068" lon="-73.967556">
        <ele>34.8</ele>
        <time>2026-06-13T20:52:10.000Z</time>
      </trkpt>
      <trkpt lat="40.792072" lon="-73.967565">
        <ele>34.8</ele>
        <time>2026-06-13T20:52:11.000Z</time>
      </trkpt>
      <trkpt lat="40.792075" lon="-73.967574">
        <ele>34.8</ele>
        <time>2026-06-13T20:52:12.000Z</time>
      </trkpt>
      <trkpt lat="40.792079" lon="-73.967583">
        <ele>34.8</ele>
        <time>2026-06-13T20:52:13.000Z</time>
      </trkpt>
      <trkpt lat="40.792083" lon="-73.967592">
        <ele>34.8</ele>
        <time>2026-06-13T20:52:14.000Z</time>
      </trkpt>
      <trkpt lat="40.792087" lon="-73.967602">
        <ele>35</ele>
        <time>2026-06-13T20:52:15.000Z</time>
      </trkpt>
      <trkpt lat="40.792092" lon="-73.967612">
        <ele>35</ele>
        <time>2026-06-13T20:52:16.000Z</time>
      </trkpt>
      <trkpt lat="40.792096" lon="-73.967622">
        <ele>35</ele>
        <time>2026-06-13T20:52:17.000Z</time>
      </trkpt>
      <trkpt lat="40.792101" lon="-73.967633">
        <ele>35</ele>
        <time>2026-06-13T20:52:18.000Z</time>
      </trkpt>
      <trkpt lat="40.792105" lon="-73.967643">
        <ele>35</ele>
        <time>2026-06-13T20:52:19.000Z</time>
      </trkpt>
      <trkpt lat="40.79211" lon="-73.967654">
        <ele>35</ele>
        <time>2026-06-13T20:52:20.000Z</time>
      </trkpt>
      <trkpt lat="40.792115" lon="-73.967665">
        <ele>35</ele>
        <time>2026-06-13T20:52:21.000Z</time>
      </trkpt>
      <trkpt lat="40.79212" lon="-73.967677">
        <ele>35</ele>
        <time>2026-06-13T20:52:22.000Z</time>
      </trkpt>
      <trkpt lat="40.792126" lon="-73.967689">
        <ele>35</ele>
        <time>2026-06-13T20:52:23.000Z</time>
      </trkpt>
      <trkpt lat="40.792131" lon="-73.967701">
        <ele>35</ele>
        <time>2026-06-13T20:52:24.000Z</time>
      </trkpt>
      <trkpt lat="40.79214" lon="-73.96772">
        <ele>35</ele>
        <time>2026-06-13T20:52:25.000Z</time>
      </trkpt>
      <trkpt lat="40.792143" lon="-73.967727">
        <ele>35</ele>
        <time>2026-06-13T20:52:26.000Z</time>
      </trkpt>
      <trkpt lat="40.792149" lon="-73.967741">
        <ele>35.2</ele>
        <time>2026-06-13T20:52:27.000Z</time>
      </trkpt>
      <trkpt lat="40.792156" lon="-73.967754">
        <ele>35.2</ele>
        <time>2026-06-13T20:52:28.000Z</time>
      </trkpt>
      <trkpt lat="40.792162" lon="-73.967768">
        <ele>35.2</ele>
        <time>2026-06-13T20:52:29.000Z</time>
      </trkpt>
      <trkpt lat="40.792169" lon="-73.967783">
        <ele>35.2</ele>
        <time>2026-06-13T20:52:30.000Z</time>
      </trkpt>
      <trkpt lat="40.792176" lon="-73.967797">
        <ele>35.2</ele>
        <time>2026-06-13T20:52:31.000Z</time>
      </trkpt>
      <trkpt lat="40.792188" lon="-73.967822">
        <ele>35.2</ele>
        <time>2026-06-13T20:52:32.000Z</time>
      </trkpt>
      <trkpt lat="40.792192" lon="-73.967832">
        <ele>35.2</ele>
        <time>2026-06-13T20:52:33.000Z</time>
      </trkpt>
      <trkpt lat="40.792197" lon="-73.967842">
        <ele>35.2</ele>
        <time>2026-06-13T20:52:34.000Z</time>
      </trkpt>
      <trkpt lat="40.792208" lon="-73.967865">
        <ele>35.2</ele>
        <time>2026-06-13T20:52:35.000Z</time>
      </trkpt>
      <trkpt lat="40.792211" lon="-73.967873">
        <ele>35.2</ele>
        <time>2026-06-13T20:52:36.000Z</time>
      </trkpt>
      <trkpt lat="40.792219" lon="-73.967889">
        <ele>35.2</ele>
        <time>2026-06-13T20:52:37.000Z</time>
      </trkpt>
      <trkpt lat="40.792226" lon="-73.967905">
        <ele>35.2</ele>
        <time>2026-06-13T20:52:38.000Z</time>
      </trkpt>
      <trkpt lat="40.792233" lon="-73.96792">
        <ele>35.2</ele>
        <time>2026-06-13T20:52:39.000Z</time>
      </trkpt>
      <trkpt lat="40.792241" lon="-73.967936">
        <ele>35.2</ele>
        <time>2026-06-13T20:52:40.000Z</time>
      </trkpt>
      <trkpt lat="40.792248" lon="-73.967951">
        <ele>35.2</ele>
        <time>2026-06-13T20:52:41.000Z</time>
      </trkpt>
      <trkpt lat="40.792255" lon="-73.967966">
        <ele>35.2</ele>
        <time>2026-06-13T20:52:42.000Z</time>
      </trkpt>
      <trkpt lat="40.792265" lon="-73.967987">
        <ele>35.2</ele>
        <time>2026-06-13T20:52:43.000Z</time>
      </trkpt>
      <trkpt lat="40.792268" lon="-73.967994">
        <ele>35.2</ele>
        <time>2026-06-13T20:52:44.000Z</time>
      </trkpt>
      <trkpt lat="40.792275" lon="-73.968008">
        <ele>35.2</ele>
        <time>2026-06-13T20:52:45.000Z</time>
      </trkpt>
      <trkpt lat="40.792281" lon="-73.968021">
        <ele>35.2</ele>
        <time>2026-06-13T20:52:46.000Z</time>
      </trkpt>
      <trkpt lat="40.792287" lon="-73.968033">
        <ele>35.2</ele>
        <time>2026-06-13T20:52:47.000Z</time>
      </trkpt>
      <trkpt lat="40.792292" lon="-73.968045">
        <ele>35</ele>
        <time>2026-06-13T20:52:48.000Z</time>
      </trkpt>
      <trkpt lat="40.792297" lon="-73.968057">
        <ele>35</ele>
        <time>2026-06-13T20:52:49.000Z</time>
      </trkpt>
      <trkpt lat="40.792302" lon="-73.968068">
        <ele>35</ele>
        <time>2026-06-13T20:52:50.000Z</time>
      </trkpt>
      <trkpt lat="40.792306" lon="-73.968079">
        <ele>35</ele>
        <time>2026-06-13T20:52:51.000Z</time>
      </trkpt>
      <trkpt lat="40.79231" lon="-73.968089">
        <ele>35</ele>
        <time>2026-06-13T20:52:52.000Z</time>
      </trkpt>
      <trkpt lat="40.792313" lon="-73.9681">
        <ele>35.2</ele>
        <time>2026-06-13T20:52:53.000Z</time>
      </trkpt>
      <trkpt lat="40.792316" lon="-73.96811">
        <ele>35.2</ele>
        <time>2026-06-13T20:52:54.000Z</time>
      </trkpt>
      <trkpt lat="40.792319" lon="-73.96812">
        <ele>35.2</ele>
        <time>2026-06-13T20:52:55.000Z</time>
      </trkpt>
      <trkpt lat="40.792321" lon="-73.968131">
        <ele>35.2</ele>
        <time>2026-06-13T20:52:56.000Z</time>
      </trkpt>
      <trkpt lat="40.792323" lon="-73.968142">
        <ele>35.4</ele>
        <time>2026-06-13T20:52:57.000Z</time>
      </trkpt>
      <trkpt lat="40.792325" lon="-73.968153">
        <ele>35.4</ele>
        <time>2026-06-13T20:52:58.000Z</time>
      </trkpt>
      <trkpt lat="40.792328" lon="-73.968165">
        <ele>35.4</ele>
        <time>2026-06-13T20:52:59.000Z</time>
      </trkpt>
      <trkpt lat="40.79233" lon="-73.968176">
        <ele>35.6</ele>
        <time>2026-06-13T20:53:00.000Z</time>
      </trkpt>
      <trkpt lat="40.792334" lon="-73.968189">
        <ele>35.6</ele>
        <time>2026-06-13T20:53:01.000Z</time>
      </trkpt>
      <trkpt lat="40.792337" lon="-73.968202">
        <ele>35.6</ele>
        <time>2026-06-13T20:53:02.000Z</time>
      </trkpt>
      <trkpt lat="40.792342" lon="-73.968215">
        <ele>35.6</ele>
        <time>2026-06-13T20:53:03.000Z</time>
      </trkpt>
      <trkpt lat="40.792346" lon="-73.968229">
        <ele>35.6</ele>
        <time>2026-06-13T20:53:04.000Z</time>
      </trkpt>
      <trkpt lat="40.792352" lon="-73.968243">
        <ele>35.6</ele>
        <time>2026-06-13T20:53:05.000Z</time>
      </trkpt>
      <trkpt lat="40.79236" lon="-73.968264">
        <ele>35.4</ele>
        <time>2026-06-13T20:53:06.000Z</time>
      </trkpt>
      <trkpt lat="40.792363" lon="-73.968272">
        <ele>35.4</ele>
        <time>2026-06-13T20:53:07.000Z</time>
      </trkpt>
      <trkpt lat="40.792369" lon="-73.968286">
        <ele>35.4</ele>
        <time>2026-06-13T20:53:08.000Z</time>
      </trkpt>
      <trkpt lat="40.792375" lon="-73.968301">
        <ele>35.4</ele>
        <time>2026-06-13T20:53:09.000Z</time>
      </trkpt>
      <trkpt lat="40.792381" lon="-73.968317">
        <ele>35.4</ele>
        <time>2026-06-13T20:53:10.000Z</time>
      </trkpt>
      <trkpt lat="40.792391" lon="-73.968339">
        <ele>35.2</ele>
        <time>2026-06-13T20:53:11.000Z</time>
      </trkpt>
      <trkpt lat="40.792394" lon="-73.968347">
        <ele>35.2</ele>
        <time>2026-06-13T20:53:12.000Z</time>
      </trkpt>
      <trkpt lat="40.792404" lon="-73.968372">
        <ele>35.2</ele>
        <time>2026-06-13T20:53:13.000Z</time>
      </trkpt>
      <trkpt lat="40.792408" lon="-73.968383">
        <ele>35.2</ele>
        <time>2026-06-13T20:53:14.000Z</time>
      </trkpt>
      <trkpt lat="40.792412" lon="-73.968393">
        <ele>35</ele>
        <time>2026-06-13T20:53:15.000Z</time>
      </trkpt>
      <trkpt lat="40.792422" lon="-73.968418">
        <ele>35</ele>
        <time>2026-06-13T20:53:16.000Z</time>
      </trkpt>
      <trkpt lat="40.792427" lon="-73.968427">
        <ele>35</ele>
        <time>2026-06-13T20:53:17.000Z</time>
      </trkpt>
      <trkpt lat="40.792431" lon="-73.968437">
        <ele>35</ele>
        <time>2026-06-13T20:53:18.000Z</time>
      </trkpt>
      <trkpt lat="40.792436" lon="-73.968452">
        <ele>35</ele>
        <time>2026-06-13T20:53:19.000Z</time>
      </trkpt>
      <trkpt lat="40.792442" lon="-73.968466">
        <ele>35</ele>
        <time>2026-06-13T20:53:20.000Z</time>
      </trkpt>
      <trkpt lat="40.792452" lon="-73.968489">
        <ele>35</ele>
        <time>2026-06-13T20:53:21.000Z</time>
      </trkpt>
      <trkpt lat="40.792456" lon="-73.968499">
        <ele>34.8</ele>
        <time>2026-06-13T20:53:22.000Z</time>
      </trkpt>
      <trkpt lat="40.79246" lon="-73.968508">
        <ele>34.8</ele>
        <time>2026-06-13T20:53:23.000Z</time>
      </trkpt>
      <trkpt lat="40.792466" lon="-73.968522">
        <ele>34.8</ele>
        <time>2026-06-13T20:53:24.000Z</time>
      </trkpt>
      <trkpt lat="40.792471" lon="-73.968536">
        <ele>34.8</ele>
        <time>2026-06-13T20:53:25.000Z</time>
      </trkpt>
      <trkpt lat="40.792477" lon="-73.96855">
        <ele>34.8</ele>
        <time>2026-06-13T20:53:26.000Z</time>
      </trkpt>
      <trkpt lat="40.792483" lon="-73.968564">
        <ele>34.6</ele>
        <time>2026-06-13T20:53:27.000Z</time>
      </trkpt>
      <trkpt lat="40.792488" lon="-73.968577">
        <ele>34.6</ele>
        <time>2026-06-13T20:53:28.000Z</time>
      </trkpt>
      <trkpt lat="40.792494" lon="-73.968591">
        <ele>34.6</ele>
        <time>2026-06-13T20:53:29.000Z</time>
      </trkpt>
      <trkpt lat="40.792499" lon="-73.968604">
        <ele>34.6</ele>
        <time>2026-06-13T20:53:30.000Z</time>
      </trkpt>
      <trkpt lat="40.792509" lon="-73.968626">
        <ele>34.6</ele>
        <time>2026-06-13T20:53:31.000Z</time>
      </trkpt>
      <trkpt lat="40.792512" lon="-73.968634">
        <ele>34.4</ele>
        <time>2026-06-13T20:53:32.000Z</time>
      </trkpt>
      <trkpt lat="40.792516" lon="-73.968643">
        <ele>34.4</ele>
        <time>2026-06-13T20:53:33.000Z</time>
      </trkpt>
      <trkpt lat="40.792521" lon="-73.968657">
        <ele>34.4</ele>
        <time>2026-06-13T20:53:34.000Z</time>
      </trkpt>
      <trkpt lat="40.792527" lon="-73.96867">
        <ele>34.4</ele>
        <time>2026-06-13T20:53:35.000Z</time>
      </trkpt>
      <trkpt lat="40.792532" lon="-73.968683">
        <ele>34.4</ele>
        <time>2026-06-13T20:53:36.000Z</time>
      </trkpt>
      <trkpt lat="40.792538" lon="-73.968696">
        <ele>34.4</ele>
        <time>2026-06-13T20:53:37.000Z</time>
      </trkpt>
      <trkpt lat="40.792543" lon="-73.968709">
        <ele>34.4</ele>
        <time>2026-06-13T20:53:38.000Z</time>
      </trkpt>
      <trkpt lat="40.792552" lon="-73.968729">
        <ele>34.4</ele>
        <time>2026-06-13T20:53:39.000Z</time>
      </trkpt>
      <trkpt lat="40.792555" lon="-73.968738">
        <ele>34.4</ele>
        <time>2026-06-13T20:53:40.000Z</time>
      </trkpt>
      <trkpt lat="40.792559" lon="-73.968746">
        <ele>34.4</ele>
        <time>2026-06-13T20:53:41.000Z</time>
      </trkpt>
      <trkpt lat="40.792564" lon="-73.968758">
        <ele>34.4</ele>
        <time>2026-06-13T20:53:42.000Z</time>
      </trkpt>
      <trkpt lat="40.792569" lon="-73.96877">
        <ele>34.4</ele>
        <time>2026-06-13T20:53:43.000Z</time>
      </trkpt>
      <trkpt lat="40.792574" lon="-73.968783">
        <ele>34.4</ele>
        <time>2026-06-13T20:53:44.000Z</time>
      </trkpt>
      <trkpt lat="40.792579" lon="-73.968795">
        <ele>34.4</ele>
        <time>2026-06-13T20:53:45.000Z</time>
      </trkpt>
      <trkpt lat="40.792584" lon="-73.968808">
        <ele>34.4</ele>
        <time>2026-06-13T20:53:46.000Z</time>
      </trkpt>
      <trkpt lat="40.79259" lon="-73.96882">
        <ele>34.4</ele>
        <time>2026-06-13T20:53:47.000Z</time>
      </trkpt>
      <trkpt lat="40.792595" lon="-73.968833">
        <ele>34.2</ele>
        <time>2026-06-13T20:53:48.000Z</time>
      </trkpt>
      <trkpt lat="40.792604" lon="-73.968853">
        <ele>34.2</ele>
        <time>2026-06-13T20:53:49.000Z</time>
      </trkpt>
      <trkpt lat="40.792607" lon="-73.968862">
        <ele>34.2</ele>
        <time>2026-06-13T20:53:50.000Z</time>
      </trkpt>
      <trkpt lat="40.792611" lon="-73.96887">
        <ele>34.2</ele>
        <time>2026-06-13T20:53:51.000Z</time>
      </trkpt>
      <trkpt lat="40.792616" lon="-73.968883">
        <ele>34.2</ele>
        <time>2026-06-13T20:53:52.000Z</time>
      </trkpt>
      <trkpt lat="40.792621" lon="-73.968896">
        <ele>34.2</ele>
        <time>2026-06-13T20:53:53.000Z</time>
      </trkpt>
      <trkpt lat="40.792627" lon="-73.968909">
        <ele>34.2</ele>
        <time>2026-06-13T20:53:54.000Z</time>
      </trkpt>
      <trkpt lat="40.792632" lon="-73.968921">
        <ele>34.2</ele>
        <time>2026-06-13T20:53:55.000Z</time>
      </trkpt>
      <trkpt lat="40.792637" lon="-73.968934">
        <ele>34</ele>
        <time>2026-06-13T20:53:56.000Z</time>
      </trkpt>
      <trkpt lat="40.792643" lon="-73.968947">
        <ele>34</ele>
        <time>2026-06-13T20:53:57.000Z</time>
      </trkpt>
      <trkpt lat="40.792648" lon="-73.96896">
        <ele>34</ele>
        <time>2026-06-13T20:53:58.000Z</time>
      </trkpt>
      <trkpt lat="40.792653" lon="-73.968972">
        <ele>34</ele>
        <time>2026-06-13T20:53:59.000Z</time>
      </trkpt>
      <trkpt lat="40.792659" lon="-73.968985">
        <ele>34</ele>
        <time>2026-06-13T20:54:00.000Z</time>
      </trkpt>
      <trkpt lat="40.792664" lon="-73.968998">
        <ele>34</ele>
        <time>2026-06-13T20:54:01.000Z</time>
      </trkpt>
      <trkpt lat="40.792669" lon="-73.96901">
        <ele>34</ele>
        <time>2026-06-13T20:54:02.000Z</time>
      </trkpt>
      <trkpt lat="40.792675" lon="-73.969023">
        <ele>34</ele>
        <time>2026-06-13T20:54:03.000Z</time>
      </trkpt>
      <trkpt lat="40.79268" lon="-73.969036">
        <ele>34</ele>
        <time>2026-06-13T20:54:04.000Z</time>
      </trkpt>
      <trkpt lat="40.792685" lon="-73.969048">
        <ele>34</ele>
        <time>2026-06-13T20:54:05.000Z</time>
      </trkpt>
      <trkpt lat="40.79269" lon="-73.96906">
        <ele>34</ele>
        <time>2026-06-13T20:54:06.000Z</time>
      </trkpt>
      <trkpt lat="40.792695" lon="-73.969073">
        <ele>34</ele>
        <time>2026-06-13T20:54:07.000Z</time>
      </trkpt>
      <trkpt lat="40.792701" lon="-73.969085">
        <ele>34</ele>
        <time>2026-06-13T20:54:08.000Z</time>
      </trkpt>
      <trkpt lat="40.792706" lon="-73.969098">
        <ele>34</ele>
        <time>2026-06-13T20:54:09.000Z</time>
      </trkpt>
      <trkpt lat="40.792711" lon="-73.96911">
        <ele>33.8</ele>
        <time>2026-06-13T20:54:10.000Z</time>
      </trkpt>
      <trkpt lat="40.792717" lon="-73.969123">
        <ele>33.8</ele>
        <time>2026-06-13T20:54:11.000Z</time>
      </trkpt>
      <trkpt lat="40.792722" lon="-73.969135">
        <ele>33.8</ele>
        <time>2026-06-13T20:54:12.000Z</time>
      </trkpt>
      <trkpt lat="40.792727" lon="-73.969148">
        <ele>33.8</ele>
        <time>2026-06-13T20:54:13.000Z</time>
      </trkpt>
      <trkpt lat="40.792732" lon="-73.969161">
        <ele>33.8</ele>
        <time>2026-06-13T20:54:14.000Z</time>
      </trkpt>
      <trkpt lat="40.792738" lon="-73.969174">
        <ele>33.8</ele>
        <time>2026-06-13T20:54:15.000Z</time>
      </trkpt>
      <trkpt lat="40.792743" lon="-73.969186">
        <ele>33.8</ele>
        <time>2026-06-13T20:54:16.000Z</time>
      </trkpt>
      <trkpt lat="40.792749" lon="-73.969199">
        <ele>33.6</ele>
        <time>2026-06-13T20:54:17.000Z</time>
      </trkpt>
      <trkpt lat="40.792754" lon="-73.969212">
        <ele>33.6</ele>
        <time>2026-06-13T20:54:18.000Z</time>
      </trkpt>
      <trkpt lat="40.792759" lon="-73.969225">
        <ele>33.6</ele>
        <time>2026-06-13T20:54:19.000Z</time>
      </trkpt>
      <trkpt lat="40.792765" lon="-73.969237">
        <ele>33.6</ele>
        <time>2026-06-13T20:54:20.000Z</time>
      </trkpt>
      <trkpt lat="40.79277" lon="-73.96925">
        <ele>33.6</ele>
        <time>2026-06-13T20:54:21.000Z</time>
      </trkpt>
      <trkpt lat="40.792775" lon="-73.969263">
        <ele>33.6</ele>
        <time>2026-06-13T20:54:22.000Z</time>
      </trkpt>
      <trkpt lat="40.79278" lon="-73.969275">
        <ele>33.4</ele>
        <time>2026-06-13T20:54:23.000Z</time>
      </trkpt>
      <trkpt lat="40.792786" lon="-73.969288">
        <ele>33.4</ele>
        <time>2026-06-13T20:54:24.000Z</time>
      </trkpt>
      <trkpt lat="40.792791" lon="-73.9693">
        <ele>33.4</ele>
        <time>2026-06-13T20:54:25.000Z</time>
      </trkpt>
      <trkpt lat="40.792796" lon="-73.969313">
        <ele>33.4</ele>
        <time>2026-06-13T20:54:26.000Z</time>
      </trkpt>
      <trkpt lat="40.792801" lon="-73.969325">
        <ele>33.4</ele>
        <time>2026-06-13T20:54:27.000Z</time>
      </trkpt>
      <trkpt lat="40.792806" lon="-73.969338">
        <ele>33.2</ele>
        <time>2026-06-13T20:54:28.000Z</time>
      </trkpt>
      <trkpt lat="40.792812" lon="-73.96935">
        <ele>33.2</ele>
        <time>2026-06-13T20:54:29.000Z</time>
      </trkpt>
      <trkpt lat="40.792817" lon="-73.969362">
        <ele>33.2</ele>
        <time>2026-06-13T20:54:30.000Z</time>
      </trkpt>
      <trkpt lat="40.792822" lon="-73.969374">
        <ele>33.2</ele>
        <time>2026-06-13T20:54:31.000Z</time>
      </trkpt>
      <trkpt lat="40.792827" lon="-73.969387">
        <ele>33.2</ele>
        <time>2026-06-13T20:54:32.000Z</time>
      </trkpt>
      <trkpt lat="40.792832" lon="-73.969399">
        <ele>33.2</ele>
        <time>2026-06-13T20:54:33.000Z</time>
      </trkpt>
      <trkpt lat="40.792837" lon="-73.969411">
        <ele>33</ele>
        <time>2026-06-13T20:54:34.000Z</time>
      </trkpt>
      <trkpt lat="40.792842" lon="-73.969423">
        <ele>33</ele>
        <time>2026-06-13T20:54:35.000Z</time>
      </trkpt>
      <trkpt lat="40.792847" lon="-73.969435">
        <ele>33</ele>
        <time>2026-06-13T20:54:36.000Z</time>
      </trkpt>
      <trkpt lat="40.792852" lon="-73.969446">
        <ele>33</ele>
        <time>2026-06-13T20:54:37.000Z</time>
      </trkpt>
      <trkpt lat="40.792857" lon="-73.969458">
        <ele>33</ele>
        <time>2026-06-13T20:54:38.000Z</time>
      </trkpt>
      <trkpt lat="40.792862" lon="-73.96947">
        <ele>32.8</ele>
        <time>2026-06-13T20:54:39.000Z</time>
      </trkpt>
      <trkpt lat="40.792866" lon="-73.969481">
        <ele>32.8</ele>
        <time>2026-06-13T20:54:40.000Z</time>
      </trkpt>
      <trkpt lat="40.792874" lon="-73.969501">
        <ele>32.8</ele>
        <time>2026-06-13T20:54:41.000Z</time>
      </trkpt>
      <trkpt lat="40.792878" lon="-73.969509">
        <ele>32.8</ele>
        <time>2026-06-13T20:54:42.000Z</time>
      </trkpt>
      <trkpt lat="40.792881" lon="-73.969517">
        <ele>32.6</ele>
        <time>2026-06-13T20:54:43.000Z</time>
      </trkpt>
      <trkpt lat="40.792887" lon="-73.969529">
        <ele>32.6</ele>
        <time>2026-06-13T20:54:44.000Z</time>
      </trkpt>
      <trkpt lat="40.792892" lon="-73.969542">
        <ele>32.6</ele>
        <time>2026-06-13T20:54:45.000Z</time>
      </trkpt>
      <trkpt lat="40.792897" lon="-73.969554">
        <ele>32.6</ele>
        <time>2026-06-13T20:54:46.000Z</time>
      </trkpt>
      <trkpt lat="40.792902" lon="-73.969567">
        <ele>32.6</ele>
        <time>2026-06-13T20:54:47.000Z</time>
      </trkpt>
      <trkpt lat="40.792907" lon="-73.969579">
        <ele>32.6</ele>
        <time>2026-06-13T20:54:48.000Z</time>
      </trkpt>
      <trkpt lat="40.792915" lon="-73.969598">
        <ele>32.4</ele>
        <time>2026-06-13T20:54:49.000Z</time>
      </trkpt>
      <trkpt lat="40.792918" lon="-73.969604">
        <ele>32.4</ele>
        <time>2026-06-13T20:54:50.000Z</time>
      </trkpt>
      <trkpt lat="40.792923" lon="-73.969617">
        <ele>32.4</ele>
        <time>2026-06-13T20:54:51.000Z</time>
      </trkpt>
      <trkpt lat="40.792928" lon="-73.969629">
        <ele>32.4</ele>
        <time>2026-06-13T20:54:52.000Z</time>
      </trkpt>
      <trkpt lat="40.792933" lon="-73.969642">
        <ele>32.6</ele>
        <time>2026-06-13T20:54:53.000Z</time>
      </trkpt>
      <trkpt lat="40.792938" lon="-73.969654">
        <ele>32.6</ele>
        <time>2026-06-13T20:54:54.000Z</time>
      </trkpt>
      <trkpt lat="40.792943" lon="-73.969666">
        <ele>32.6</ele>
        <time>2026-06-13T20:54:55.000Z</time>
      </trkpt>
      <trkpt lat="40.792951" lon="-73.969686">
        <ele>32.6</ele>
        <time>2026-06-13T20:54:56.000Z</time>
      </trkpt>
      <trkpt lat="40.792955" lon="-73.969694">
        <ele>32.6</ele>
        <time>2026-06-13T20:54:57.000Z</time>
      </trkpt>
      <trkpt lat="40.792958" lon="-73.969702">
        <ele>32.6</ele>
        <time>2026-06-13T20:54:58.000Z</time>
      </trkpt>
      <trkpt lat="40.792966" lon="-73.969722">
        <ele>32.4</ele>
        <time>2026-06-13T20:54:59.000Z</time>
      </trkpt>
      <trkpt lat="40.79297" lon="-73.969731">
        <ele>32.4</ele>
        <time>2026-06-13T20:55:00.000Z</time>
      </trkpt>
      <trkpt lat="40.792973" lon="-73.969739">
        <ele>32.4</ele>
        <time>2026-06-13T20:55:01.000Z</time>
      </trkpt>
      <trkpt lat="40.792981" lon="-73.969757">
        <ele>32.4</ele>
        <time>2026-06-13T20:55:02.000Z</time>
      </trkpt>
      <trkpt lat="40.792983" lon="-73.969763">
        <ele>32.4</ele>
        <time>2026-06-13T20:55:03.000Z</time>
      </trkpt>
      <trkpt lat="40.792988" lon="-73.969776">
        <ele>32.4</ele>
        <time>2026-06-13T20:55:04.000Z</time>
      </trkpt>
      <trkpt lat="40.792994" lon="-73.969789">
        <ele>32.4</ele>
        <time>2026-06-13T20:55:05.000Z</time>
      </trkpt>
      <trkpt lat="40.792999" lon="-73.969802">
        <ele>32.4</ele>
        <time>2026-06-13T20:55:06.000Z</time>
      </trkpt>
      <trkpt lat="40.793004" lon="-73.969815">
        <ele>32.4</ele>
        <time>2026-06-13T20:55:07.000Z</time>
      </trkpt>
      <trkpt lat="40.793009" lon="-73.969828">
        <ele>32.4</ele>
        <time>2026-06-13T20:55:08.000Z</time>
      </trkpt>
      <trkpt lat="40.793015" lon="-73.969841">
        <ele>32.2</ele>
        <time>2026-06-13T20:55:09.000Z</time>
      </trkpt>
      <trkpt lat="40.79302" lon="-73.969854">
        <ele>32.2</ele>
        <time>2026-06-13T20:55:10.000Z</time>
      </trkpt>
      <trkpt lat="40.793025" lon="-73.969866">
        <ele>32.2</ele>
        <time>2026-06-13T20:55:11.000Z</time>
      </trkpt>
      <trkpt lat="40.79303" lon="-73.969879">
        <ele>32.2</ele>
        <time>2026-06-13T20:55:12.000Z</time>
      </trkpt>
      <trkpt lat="40.793035" lon="-73.969892">
        <ele>32.2</ele>
        <time>2026-06-13T20:55:13.000Z</time>
      </trkpt>
      <trkpt lat="40.793044" lon="-73.969914">
        <ele>32.2</ele>
        <time>2026-06-13T20:55:14.000Z</time>
      </trkpt>
      <trkpt lat="40.793048" lon="-73.969922">
        <ele>32.2</ele>
        <time>2026-06-13T20:55:15.000Z</time>
      </trkpt>
      <trkpt lat="40.793051" lon="-73.969931">
        <ele>32</ele>
        <time>2026-06-13T20:55:16.000Z</time>
      </trkpt>
      <trkpt lat="40.793056" lon="-73.969944">
        <ele>32</ele>
        <time>2026-06-13T20:55:17.000Z</time>
      </trkpt>
      <trkpt lat="40.793062" lon="-73.969957">
        <ele>32</ele>
        <time>2026-06-13T20:55:18.000Z</time>
      </trkpt>
      <trkpt lat="40.793067" lon="-73.96997">
        <ele>32</ele>
        <time>2026-06-13T20:55:19.000Z</time>
      </trkpt>
      <trkpt lat="40.793072" lon="-73.969983">
        <ele>32</ele>
        <time>2026-06-13T20:55:20.000Z</time>
      </trkpt>
      <trkpt lat="40.793077" lon="-73.969995">
        <ele>32</ele>
        <time>2026-06-13T20:55:21.000Z</time>
      </trkpt>
      <trkpt lat="40.793082" lon="-73.970008">
        <ele>32</ele>
        <time>2026-06-13T20:55:22.000Z</time>
      </trkpt>
      <trkpt lat="40.793088" lon="-73.970021">
        <ele>32</ele>
        <time>2026-06-13T20:55:23.000Z</time>
      </trkpt>
      <trkpt lat="40.793093" lon="-73.970033">
        <ele>31.8</ele>
        <time>2026-06-13T20:55:24.000Z</time>
      </trkpt>
      <trkpt lat="40.793098" lon="-73.970046">
        <ele>31.8</ele>
        <time>2026-06-13T20:55:25.000Z</time>
      </trkpt>
      <trkpt lat="40.793103" lon="-73.970058">
        <ele>31.8</ele>
        <time>2026-06-13T20:55:26.000Z</time>
      </trkpt>
      <trkpt lat="40.793108" lon="-73.970071">
        <ele>31.8</ele>
        <time>2026-06-13T20:55:27.000Z</time>
      </trkpt>
      <trkpt lat="40.793113" lon="-73.970083">
        <ele>31.8</ele>
        <time>2026-06-13T20:55:28.000Z</time>
      </trkpt>
      <trkpt lat="40.793118" lon="-73.970096">
        <ele>31.8</ele>
        <time>2026-06-13T20:55:29.000Z</time>
      </trkpt>
      <trkpt lat="40.793123" lon="-73.970108">
        <ele>31.8</ele>
        <time>2026-06-13T20:55:30.000Z</time>
      </trkpt>
      <trkpt lat="40.793128" lon="-73.970121">
        <ele>31.6</ele>
        <time>2026-06-13T20:55:31.000Z</time>
      </trkpt>
      <trkpt lat="40.793133" lon="-73.970133">
        <ele>31.6</ele>
        <time>2026-06-13T20:55:32.000Z</time>
      </trkpt>
      <trkpt lat="40.793138" lon="-73.970146">
        <ele>31.6</ele>
        <time>2026-06-13T20:55:33.000Z</time>
      </trkpt>
      <trkpt lat="40.793143" lon="-73.970158">
        <ele>31.6</ele>
        <time>2026-06-13T20:55:34.000Z</time>
      </trkpt>
      <trkpt lat="40.793148" lon="-73.970171">
        <ele>31.6</ele>
        <time>2026-06-13T20:55:35.000Z</time>
      </trkpt>
      <trkpt lat="40.793153" lon="-73.970183">
        <ele>31.6</ele>
        <time>2026-06-13T20:55:36.000Z</time>
      </trkpt>
      <trkpt lat="40.793158" lon="-73.970194">
        <ele>31.6</ele>
        <time>2026-06-13T20:55:37.000Z</time>
      </trkpt>
      <trkpt lat="40.793163" lon="-73.970206">
        <ele>31.6</ele>
        <time>2026-06-13T20:55:38.000Z</time>
      </trkpt>
      <trkpt lat="40.793167" lon="-73.970218">
        <ele>31.6</ele>
        <time>2026-06-13T20:55:39.000Z</time>
      </trkpt>
      <trkpt lat="40.793172" lon="-73.970229">
        <ele>31.6</ele>
        <time>2026-06-13T20:55:40.000Z</time>
      </trkpt>
      <trkpt lat="40.793177" lon="-73.970241">
        <ele>31.6</ele>
        <time>2026-06-13T20:55:41.000Z</time>
      </trkpt>
      <trkpt lat="40.793181" lon="-73.970252">
        <ele>31.6</ele>
        <time>2026-06-13T20:55:42.000Z</time>
      </trkpt>
      <trkpt lat="40.793186" lon="-73.970263">
        <ele>31.4</ele>
        <time>2026-06-13T20:55:43.000Z</time>
      </trkpt>
      <trkpt lat="40.79319" lon="-73.970274">
        <ele>31.4</ele>
        <time>2026-06-13T20:55:44.000Z</time>
      </trkpt>
      <trkpt lat="40.793194" lon="-73.970285">
        <ele>31.4</ele>
        <time>2026-06-13T20:55:45.000Z</time>
      </trkpt>
      <trkpt lat="40.793198" lon="-73.970295">
        <ele>31.4</ele>
        <time>2026-06-13T20:55:46.000Z</time>
      </trkpt>
      <trkpt lat="40.793202" lon="-73.970305">
        <ele>31.4</ele>
        <time>2026-06-13T20:55:47.000Z</time>
      </trkpt>
      <trkpt lat="40.793207" lon="-73.97032">
        <ele>31.4</ele>
        <time>2026-06-13T20:55:48.000Z</time>
      </trkpt>
      <trkpt lat="40.793209" lon="-73.970325">
        <ele>31.4</ele>
        <time>2026-06-13T20:55:49.000Z</time>
      </trkpt>
      <trkpt lat="40.793213" lon="-73.970336">
        <ele>31.4</ele>
        <time>2026-06-13T20:55:50.000Z</time>
      </trkpt>
      <trkpt lat="40.793216" lon="-73.970346">
        <ele>31.4</ele>
        <time>2026-06-13T20:55:51.000Z</time>
      </trkpt>
      <trkpt lat="40.79322" lon="-73.970357">
        <ele>31.2</ele>
        <time>2026-06-13T20:55:52.000Z</time>
      </trkpt>
      <trkpt lat="40.793224" lon="-73.970368">
        <ele>31.2</ele>
        <time>2026-06-13T20:55:53.000Z</time>
      </trkpt>
      <trkpt lat="40.793227" lon="-73.970379">
        <ele>31.2</ele>
        <time>2026-06-13T20:55:54.000Z</time>
      </trkpt>
      <trkpt lat="40.793231" lon="-73.97039">
        <ele>31.2</ele>
        <time>2026-06-13T20:55:55.000Z</time>
      </trkpt>
      <trkpt lat="40.793235" lon="-73.970402">
        <ele>31.2</ele>
        <time>2026-06-13T20:55:56.000Z</time>
      </trkpt>
      <trkpt lat="40.793239" lon="-73.970414">
        <ele>31.2</ele>
        <time>2026-06-13T20:55:57.000Z</time>
      </trkpt>
      <trkpt lat="40.793243" lon="-73.970426">
        <ele>31.2</ele>
        <time>2026-06-13T20:55:58.000Z</time>
      </trkpt>
      <trkpt lat="40.793248" lon="-73.970439">
        <ele>31.2</ele>
        <time>2026-06-13T20:55:59.000Z</time>
      </trkpt>
      <trkpt lat="40.793252" lon="-73.970452">
        <ele>31.2</ele>
        <time>2026-06-13T20:56:00.000Z</time>
      </trkpt>
      <trkpt lat="40.793259" lon="-73.970471">
        <ele>31.2</ele>
        <time>2026-06-13T20:56:01.000Z</time>
      </trkpt>
      <trkpt lat="40.793261" lon="-73.970478">
        <ele>31.2</ele>
        <time>2026-06-13T20:56:02.000Z</time>
      </trkpt>
      <trkpt lat="40.793265" lon="-73.970491">
        <ele>31.2</ele>
        <time>2026-06-13T20:56:03.000Z</time>
      </trkpt>
      <trkpt lat="40.793269" lon="-73.970504">
        <ele>31.2</ele>
        <time>2026-06-13T20:56:04.000Z</time>
      </trkpt>
      <trkpt lat="40.793273" lon="-73.970517">
        <ele>31.2</ele>
        <time>2026-06-13T20:56:05.000Z</time>
      </trkpt>
      <trkpt lat="40.793277" lon="-73.970529">
        <ele>31.2</ele>
        <time>2026-06-13T20:56:06.000Z</time>
      </trkpt>
      <trkpt lat="40.79328" lon="-73.970541">
        <ele>31.2</ele>
        <time>2026-06-13T20:56:07.000Z</time>
      </trkpt>
      <trkpt lat="40.793283" lon="-73.970553">
        <ele>31.2</ele>
        <time>2026-06-13T20:56:08.000Z</time>
      </trkpt>
      <trkpt lat="40.793287" lon="-73.97057">
        <ele>31</ele>
        <time>2026-06-13T20:56:09.000Z</time>
      </trkpt>
      <trkpt lat="40.793288" lon="-73.970576">
        <ele>31</ele>
        <time>2026-06-13T20:56:10.000Z</time>
      </trkpt>
      <trkpt lat="40.79329" lon="-73.970588">
        <ele>31</ele>
        <time>2026-06-13T20:56:11.000Z</time>
      </trkpt>
      <trkpt lat="40.793292" lon="-73.970599">
        <ele>31</ele>
        <time>2026-06-13T20:56:12.000Z</time>
      </trkpt>
      <trkpt lat="40.793294" lon="-73.97061">
        <ele>31</ele>
        <time>2026-06-13T20:56:13.000Z</time>
      </trkpt>
      <trkpt lat="40.793296" lon="-73.970621">
        <ele>30.8</ele>
        <time>2026-06-13T20:56:14.000Z</time>
      </trkpt>
      <trkpt lat="40.793297" lon="-73.970632">
        <ele>30.8</ele>
        <time>2026-06-13T20:56:15.000Z</time>
      </trkpt>
      <trkpt lat="40.793298" lon="-73.970642">
        <ele>30.8</ele>
        <time>2026-06-13T20:56:16.000Z</time>
      </trkpt>
      <trkpt lat="40.793299" lon="-73.970652">
        <ele>30.8</ele>
        <time>2026-06-13T20:56:17.000Z</time>
      </trkpt>
      <trkpt lat="40.793299" lon="-73.970662">
        <ele>30.6</ele>
        <time>2026-06-13T20:56:18.000Z</time>
      </trkpt>
      <trkpt lat="40.793299" lon="-73.970672">
        <ele>30.6</ele>
        <time>2026-06-13T20:56:19.000Z</time>
      </trkpt>
      <trkpt lat="40.7933" lon="-73.970682">
        <ele>30.6</ele>
        <time>2026-06-13T20:56:20.000Z</time>
      </trkpt>
      <trkpt lat="40.7933" lon="-73.970692">
        <ele>30.4</ele>
        <time>2026-06-13T20:56:21.000Z</time>
      </trkpt>
      <trkpt lat="40.7933" lon="-73.970701">
        <ele>30.4</ele>
        <time>2026-06-13T20:56:22.000Z</time>
      </trkpt>
      <trkpt lat="40.793301" lon="-73.970711">
        <ele>30.4</ele>
        <time>2026-06-13T20:56:23.000Z</time>
      </trkpt>
      <trkpt lat="40.793302" lon="-73.970721">
        <ele>30.4</ele>
        <time>2026-06-13T20:56:24.000Z</time>
      </trkpt>
      <trkpt lat="40.793303" lon="-73.970731">
        <ele>30.4</ele>
        <time>2026-06-13T20:56:25.000Z</time>
      </trkpt>
      <trkpt lat="40.793304" lon="-73.970741">
        <ele>30.4</ele>
        <time>2026-06-13T20:56:26.000Z</time>
      </trkpt>
      <trkpt lat="40.793306" lon="-73.970751">
        <ele>30.4</ele>
        <time>2026-06-13T20:56:27.000Z</time>
      </trkpt>
      <trkpt lat="40.793307" lon="-73.970761">
        <ele>30.4</ele>
        <time>2026-06-13T20:56:28.000Z</time>
      </trkpt>
      <trkpt lat="40.793311" lon="-73.970779">
        <ele>30.4</ele>
        <time>2026-06-13T20:56:29.000Z</time>
      </trkpt>
      <trkpt lat="40.793314" lon="-73.970788">
        <ele>30.4</ele>
        <time>2026-06-13T20:56:30.000Z</time>
      </trkpt>
      <trkpt lat="40.793316" lon="-73.970797">
        <ele>30.4</ele>
        <time>2026-06-13T20:56:31.000Z</time>
      </trkpt>
      <trkpt lat="40.793318" lon="-73.970806">
        <ele>30.4</ele>
        <time>2026-06-13T20:56:32.000Z</time>
      </trkpt>
      <trkpt lat="40.793321" lon="-73.970814">
        <ele>30.4</ele>
        <time>2026-06-13T20:56:33.000Z</time>
      </trkpt>
      <trkpt lat="40.793323" lon="-73.970823">
        <ele>30.6</ele>
        <time>2026-06-13T20:56:34.000Z</time>
      </trkpt>
      <trkpt lat="40.793325" lon="-73.970832">
        <ele>30.6</ele>
        <time>2026-06-13T20:56:35.000Z</time>
      </trkpt>
      <trkpt lat="40.793327" lon="-73.970841">
        <ele>30.6</ele>
        <time>2026-06-13T20:56:36.000Z</time>
      </trkpt>
      <trkpt lat="40.79333" lon="-73.97085">
        <ele>30.6</ele>
        <time>2026-06-13T20:56:37.000Z</time>
      </trkpt>
      <trkpt lat="40.793332" lon="-73.970859">
        <ele>30.6</ele>
        <time>2026-06-13T20:56:38.000Z</time>
      </trkpt>
      <trkpt lat="40.793336" lon="-73.970871">
        <ele>30.6</ele>
        <time>2026-06-13T20:56:39.000Z</time>
      </trkpt>
      <trkpt lat="40.793341" lon="-73.970883">
        <ele>30.6</ele>
        <time>2026-06-13T20:56:40.000Z</time>
      </trkpt>
      <trkpt lat="40.793345" lon="-73.970895">
        <ele>30.6</ele>
        <time>2026-06-13T20:56:41.000Z</time>
      </trkpt>
      <trkpt lat="40.79335" lon="-73.970908">
        <ele>30.6</ele>
        <time>2026-06-13T20:56:42.000Z</time>
      </trkpt>
      <trkpt lat="40.793355" lon="-73.970921">
        <ele>30.6</ele>
        <time>2026-06-13T20:56:43.000Z</time>
      </trkpt>
      <trkpt lat="40.79336" lon="-73.970934">
        <ele>30.6</ele>
        <time>2026-06-13T20:56:44.000Z</time>
      </trkpt>
      <trkpt lat="40.793365" lon="-73.970946">
        <ele>30.6</ele>
        <time>2026-06-13T20:56:45.000Z</time>
      </trkpt>
      <trkpt lat="40.79337" lon="-73.970959">
        <ele>30.6</ele>
        <time>2026-06-13T20:56:46.000Z</time>
      </trkpt>
      <trkpt lat="40.793375" lon="-73.970972">
        <ele>30.4</ele>
        <time>2026-06-13T20:56:47.000Z</time>
      </trkpt>
      <trkpt lat="40.79338" lon="-73.970985">
        <ele>30.4</ele>
        <time>2026-06-13T20:56:48.000Z</time>
      </trkpt>
      <trkpt lat="40.793386" lon="-73.970998">
        <ele>30.4</ele>
        <time>2026-06-13T20:56:49.000Z</time>
      </trkpt>
      <trkpt lat="40.793391" lon="-73.971011">
        <ele>30.4</ele>
        <time>2026-06-13T20:56:50.000Z</time>
      </trkpt>
      <trkpt lat="40.793396" lon="-73.971024">
        <ele>30.4</ele>
        <time>2026-06-13T20:56:51.000Z</time>
      </trkpt>
      <trkpt lat="40.793401" lon="-73.971037">
        <ele>30.4</ele>
        <time>2026-06-13T20:56:52.000Z</time>
      </trkpt>
      <trkpt lat="40.793406" lon="-73.97105">
        <ele>30.2</ele>
        <time>2026-06-13T20:56:53.000Z</time>
      </trkpt>
      <trkpt lat="40.793411" lon="-73.971063">
        <ele>30.2</ele>
        <time>2026-06-13T20:56:54.000Z</time>
      </trkpt>
      <trkpt lat="40.793417" lon="-73.971076">
        <ele>30.2</ele>
        <time>2026-06-13T20:56:55.000Z</time>
      </trkpt>
      <trkpt lat="40.793422" lon="-73.97109">
        <ele>30.2</ele>
        <time>2026-06-13T20:56:56.000Z</time>
      </trkpt>
      <trkpt lat="40.793428" lon="-73.971103">
        <ele>30.2</ele>
        <time>2026-06-13T20:56:57.000Z</time>
      </trkpt>
      <trkpt lat="40.793433" lon="-73.971117">
        <ele>30.2</ele>
        <time>2026-06-13T20:56:58.000Z</time>
      </trkpt>
      <trkpt lat="40.793439" lon="-73.971131">
        <ele>30</ele>
        <time>2026-06-13T20:56:59.000Z</time>
      </trkpt>
      <trkpt lat="40.793444" lon="-73.971144">
        <ele>30</ele>
        <time>2026-06-13T20:57:00.000Z</time>
      </trkpt>
      <trkpt lat="40.793449" lon="-73.971158">
        <ele>30</ele>
        <time>2026-06-13T20:57:01.000Z</time>
      </trkpt>
      <trkpt lat="40.793455" lon="-73.971171">
        <ele>30</ele>
        <time>2026-06-13T20:57:02.000Z</time>
      </trkpt>
      <trkpt lat="40.79346" lon="-73.971184">
        <ele>30</ele>
        <time>2026-06-13T20:57:03.000Z</time>
      </trkpt>
      <trkpt lat="40.793465" lon="-73.971198">
        <ele>29.8</ele>
        <time>2026-06-13T20:57:04.000Z</time>
      </trkpt>
      <trkpt lat="40.79347" lon="-73.971211">
        <ele>29.8</ele>
        <time>2026-06-13T20:57:05.000Z</time>
      </trkpt>
      <trkpt lat="40.793475" lon="-73.971224">
        <ele>29.8</ele>
        <time>2026-06-13T20:57:06.000Z</time>
      </trkpt>
      <trkpt lat="40.79348" lon="-73.971237">
        <ele>29.8</ele>
        <time>2026-06-13T20:57:07.000Z</time>
      </trkpt>
      <trkpt lat="40.793489" lon="-73.971255">
        <ele>29.8</ele>
        <time>2026-06-13T20:57:08.000Z</time>
      </trkpt>
      <trkpt lat="40.793491" lon="-73.971262">
        <ele>29.6</ele>
        <time>2026-06-13T20:57:09.000Z</time>
      </trkpt>
      <trkpt lat="40.793496" lon="-73.971275">
        <ele>29.6</ele>
        <time>2026-06-13T20:57:10.000Z</time>
      </trkpt>
      <trkpt lat="40.793501" lon="-73.971288">
        <ele>29.6</ele>
        <time>2026-06-13T20:57:11.000Z</time>
      </trkpt>
      <trkpt lat="40.793506" lon="-73.971301">
        <ele>29.6</ele>
        <time>2026-06-13T20:57:12.000Z</time>
      </trkpt>
      <trkpt lat="40.793511" lon="-73.971314">
        <ele>29.6</ele>
        <time>2026-06-13T20:57:13.000Z</time>
      </trkpt>
      <trkpt lat="40.793517" lon="-73.971327">
        <ele>29.6</ele>
        <time>2026-06-13T20:57:14.000Z</time>
      </trkpt>
      <trkpt lat="40.793522" lon="-73.97134">
        <ele>29.4</ele>
        <time>2026-06-13T20:57:15.000Z</time>
      </trkpt>
      <trkpt lat="40.793527" lon="-73.971353">
        <ele>29.4</ele>
        <time>2026-06-13T20:57:16.000Z</time>
      </trkpt>
      <trkpt lat="40.793533" lon="-73.971366">
        <ele>29.4</ele>
        <time>2026-06-13T20:57:17.000Z</time>
      </trkpt>
      <trkpt lat="40.793541" lon="-73.971387">
        <ele>29.4</ele>
        <time>2026-06-13T20:57:18.000Z</time>
      </trkpt>
      <trkpt lat="40.793545" lon="-73.971396">
        <ele>29.2</ele>
        <time>2026-06-13T20:57:19.000Z</time>
      </trkpt>
      <trkpt lat="40.793548" lon="-73.971404">
        <ele>29.2</ele>
        <time>2026-06-13T20:57:20.000Z</time>
      </trkpt>
      <trkpt lat="40.793556" lon="-73.971423">
        <ele>29</ele>
        <time>2026-06-13T20:57:21.000Z</time>
      </trkpt>
      <trkpt lat="40.793559" lon="-73.97143">
        <ele>29</ele>
        <time>2026-06-13T20:57:22.000Z</time>
      </trkpt>
      <trkpt lat="40.793567" lon="-73.971451">
        <ele>29</ele>
        <time>2026-06-13T20:57:23.000Z</time>
      </trkpt>
      <trkpt lat="40.793571" lon="-73.971459">
        <ele>28.8</ele>
        <time>2026-06-13T20:57:24.000Z</time>
      </trkpt>
      <trkpt lat="40.793574" lon="-73.971468">
        <ele>28.8</ele>
        <time>2026-06-13T20:57:25.000Z</time>
      </trkpt>
      <trkpt lat="40.79358" lon="-73.97148">
        <ele>28.8</ele>
        <time>2026-06-13T20:57:26.000Z</time>
      </trkpt>
      <trkpt lat="40.793585" lon="-73.971493">
        <ele>28.6</ele>
        <time>2026-06-13T20:57:27.000Z</time>
      </trkpt>
      <trkpt lat="40.793594" lon="-73.971514">
        <ele>28.6</ele>
        <time>2026-06-13T20:57:28.000Z</time>
      </trkpt>
      <trkpt lat="40.793597" lon="-73.971523">
        <ele>28.6</ele>
        <time>2026-06-13T20:57:29.000Z</time>
      </trkpt>
      <trkpt lat="40.793601" lon="-73.971531">
        <ele>28.6</ele>
        <time>2026-06-13T20:57:30.000Z</time>
      </trkpt>
      <trkpt lat="40.793606" lon="-73.971544">
        <ele>28.4</ele>
        <time>2026-06-13T20:57:31.000Z</time>
      </trkpt>
      <trkpt lat="40.793612" lon="-73.971557">
        <ele>28.4</ele>
        <time>2026-06-13T20:57:32.000Z</time>
      </trkpt>
      <trkpt lat="40.793617" lon="-73.97157">
        <ele>28.4</ele>
        <time>2026-06-13T20:57:33.000Z</time>
      </trkpt>
      <trkpt lat="40.793623" lon="-73.971583">
        <ele>28.2</ele>
        <time>2026-06-13T20:57:34.000Z</time>
      </trkpt>
      <trkpt lat="40.793628" lon="-73.971597">
        <ele>28.2</ele>
        <time>2026-06-13T20:57:35.000Z</time>
      </trkpt>
      <trkpt lat="40.793634" lon="-73.97161">
        <ele>28.2</ele>
        <time>2026-06-13T20:57:36.000Z</time>
      </trkpt>
      <trkpt lat="40.793639" lon="-73.971623">
        <ele>28</ele>
        <time>2026-06-13T20:57:37.000Z</time>
      </trkpt>
      <trkpt lat="40.793645" lon="-73.971637">
        <ele>28</ele>
        <time>2026-06-13T20:57:38.000Z</time>
      </trkpt>
      <trkpt lat="40.793653" lon="-73.971656">
        <ele>28</ele>
        <time>2026-06-13T20:57:39.000Z</time>
      </trkpt>
      <trkpt lat="40.793656" lon="-73.971663">
        <ele>28</ele>
        <time>2026-06-13T20:57:40.000Z</time>
      </trkpt>
      <trkpt lat="40.793662" lon="-73.971676">
        <ele>27.8</ele>
        <time>2026-06-13T20:57:41.000Z</time>
      </trkpt>
      <trkpt lat="40.793667" lon="-73.971689">
        <ele>27.8</ele>
        <time>2026-06-13T20:57:42.000Z</time>
      </trkpt>
      <trkpt lat="40.793673" lon="-73.971703">
        <ele>27.8</ele>
        <time>2026-06-13T20:57:43.000Z</time>
      </trkpt>
      <trkpt lat="40.793678" lon="-73.971716">
        <ele>27.8</ele>
        <time>2026-06-13T20:57:44.000Z</time>
      </trkpt>
      <trkpt lat="40.793684" lon="-73.971729">
        <ele>27.6</ele>
        <time>2026-06-13T20:57:45.000Z</time>
      </trkpt>
      <trkpt lat="40.793689" lon="-73.971742">
        <ele>27.6</ele>
        <time>2026-06-13T20:57:46.000Z</time>
      </trkpt>
      <trkpt lat="40.793695" lon="-73.971755">
        <ele>27.6</ele>
        <time>2026-06-13T20:57:47.000Z</time>
      </trkpt>
      <trkpt lat="40.7937" lon="-73.971768">
        <ele>27.6</ele>
        <time>2026-06-13T20:57:48.000Z</time>
      </trkpt>
      <trkpt lat="40.793709" lon="-73.971787">
        <ele>27.6</ele>
        <time>2026-06-13T20:57:49.000Z</time>
      </trkpt>
      <trkpt lat="40.793711" lon="-73.971794">
        <ele>27.4</ele>
        <time>2026-06-13T20:57:50.000Z</time>
      </trkpt>
      <trkpt lat="40.79372" lon="-73.971815">
        <ele>27.4</ele>
        <time>2026-06-13T20:57:51.000Z</time>
      </trkpt>
      <trkpt lat="40.793724" lon="-73.971823">
        <ele>27.4</ele>
        <time>2026-06-13T20:57:52.000Z</time>
      </trkpt>
      <trkpt lat="40.793727" lon="-73.971832">
        <ele>27.4</ele>
        <time>2026-06-13T20:57:53.000Z</time>
      </trkpt>
      <trkpt lat="40.793737" lon="-73.971853">
        <ele>27.2</ele>
        <time>2026-06-13T20:57:54.000Z</time>
      </trkpt>
      <trkpt lat="40.79374" lon="-73.971861">
        <ele>27.2</ele>
        <time>2026-06-13T20:57:55.000Z</time>
      </trkpt>
      <trkpt lat="40.793744" lon="-73.97187">
        <ele>27.2</ele>
        <time>2026-06-13T20:57:56.000Z</time>
      </trkpt>
      <trkpt lat="40.793752" lon="-73.971889">
        <ele>27</ele>
        <time>2026-06-13T20:57:57.000Z</time>
      </trkpt>
      <trkpt lat="40.793755" lon="-73.971896">
        <ele>27</ele>
        <time>2026-06-13T20:57:58.000Z</time>
      </trkpt>
      <trkpt lat="40.793764" lon="-73.971917">
        <ele>27</ele>
        <time>2026-06-13T20:57:59.000Z</time>
      </trkpt>
      <trkpt lat="40.793768" lon="-73.971926">
        <ele>26.8</ele>
        <time>2026-06-13T20:58:00.000Z</time>
      </trkpt>
      <trkpt lat="40.793772" lon="-73.971934">
        <ele>26.8</ele>
        <time>2026-06-13T20:58:01.000Z</time>
      </trkpt>
      <trkpt lat="40.79378" lon="-73.971953">
        <ele>26.8</ele>
        <time>2026-06-13T20:58:02.000Z</time>
      </trkpt>
      <trkpt lat="40.793783" lon="-73.97196">
        <ele>26.8</ele>
        <time>2026-06-13T20:58:03.000Z</time>
      </trkpt>
      <trkpt lat="40.793788" lon="-73.971973">
        <ele>26.6</ele>
        <time>2026-06-13T20:58:04.000Z</time>
      </trkpt>
      <trkpt lat="40.793794" lon="-73.971986">
        <ele>26.6</ele>
        <time>2026-06-13T20:58:05.000Z</time>
      </trkpt>
      <trkpt lat="40.793799" lon="-73.971998">
        <ele>26.6</ele>
        <time>2026-06-13T20:58:06.000Z</time>
      </trkpt>
      <trkpt lat="40.793805" lon="-73.972011">
        <ele>26.6</ele>
        <time>2026-06-13T20:58:07.000Z</time>
      </trkpt>
      <trkpt lat="40.79381" lon="-73.972023">
        <ele>26.4</ele>
        <time>2026-06-13T20:58:08.000Z</time>
      </trkpt>
      <trkpt lat="40.793815" lon="-73.972036">
        <ele>26.4</ele>
        <time>2026-06-13T20:58:09.000Z</time>
      </trkpt>
      <trkpt lat="40.793821" lon="-73.972048">
        <ele>26.4</ele>
        <time>2026-06-13T20:58:10.000Z</time>
      </trkpt>
      <trkpt lat="40.793826" lon="-73.972061">
        <ele>26.2</ele>
        <time>2026-06-13T20:58:11.000Z</time>
      </trkpt>
      <trkpt lat="40.793832" lon="-73.972073">
        <ele>26.2</ele>
        <time>2026-06-13T20:58:12.000Z</time>
      </trkpt>
      <trkpt lat="40.793837" lon="-73.972085">
        <ele>26.2</ele>
        <time>2026-06-13T20:58:13.000Z</time>
      </trkpt>
      <trkpt lat="40.793842" lon="-73.972098">
        <ele>26</ele>
        <time>2026-06-13T20:58:14.000Z</time>
      </trkpt>
      <trkpt lat="40.793848" lon="-73.972111">
        <ele>26</ele>
        <time>2026-06-13T20:58:15.000Z</time>
      </trkpt>
      <trkpt lat="40.793853" lon="-73.972123">
        <ele>25.8</ele>
        <time>2026-06-13T20:58:16.000Z</time>
      </trkpt>
      <trkpt lat="40.793859" lon="-73.972136">
        <ele>25.8</ele>
        <time>2026-06-13T20:58:17.000Z</time>
      </trkpt>
      <trkpt lat="40.793865" lon="-73.97215">
        <ele>25.8</ele>
        <time>2026-06-13T20:58:18.000Z</time>
      </trkpt>
      <trkpt lat="40.79387" lon="-73.972163">
        <ele>25.8</ele>
        <time>2026-06-13T20:58:19.000Z</time>
      </trkpt>
      <trkpt lat="40.793876" lon="-73.972176">
        <ele>25.6</ele>
        <time>2026-06-13T20:58:20.000Z</time>
      </trkpt>
      <trkpt lat="40.793882" lon="-73.97219">
        <ele>25.6</ele>
        <time>2026-06-13T20:58:21.000Z</time>
      </trkpt>
      <trkpt lat="40.793888" lon="-73.972204">
        <ele>25.6</ele>
        <time>2026-06-13T20:58:22.000Z</time>
      </trkpt>
      <trkpt lat="40.793894" lon="-73.972218">
        <ele>25.6</ele>
        <time>2026-06-13T20:58:23.000Z</time>
      </trkpt>
      <trkpt lat="40.7939" lon="-73.972231">
        <ele>25.4</ele>
        <time>2026-06-13T20:58:24.000Z</time>
      </trkpt>
      <trkpt lat="40.793906" lon="-73.972245">
        <ele>25.4</ele>
        <time>2026-06-13T20:58:25.000Z</time>
      </trkpt>
      <trkpt lat="40.793912" lon="-73.972259">
        <ele>25.4</ele>
        <time>2026-06-13T20:58:26.000Z</time>
      </trkpt>
      <trkpt lat="40.793918" lon="-73.972272">
        <ele>25.4</ele>
        <time>2026-06-13T20:58:27.000Z</time>
      </trkpt>
      <trkpt lat="40.793924" lon="-73.972286">
        <ele>25.4</ele>
        <time>2026-06-13T20:58:28.000Z</time>
      </trkpt>
      <trkpt lat="40.79393" lon="-73.972299">
        <ele>25.4</ele>
        <time>2026-06-13T20:58:29.000Z</time>
      </trkpt>
      <trkpt lat="40.793936" lon="-73.972313">
        <ele>25.4</ele>
        <time>2026-06-13T20:58:30.000Z</time>
      </trkpt>
      <trkpt lat="40.793942" lon="-73.972326">
        <ele>25.4</ele>
        <time>2026-06-13T20:58:31.000Z</time>
      </trkpt>
      <trkpt lat="40.793948" lon="-73.972339">
        <ele>25.4</ele>
        <time>2026-06-13T20:58:32.000Z</time>
      </trkpt>
      <trkpt lat="40.793954" lon="-73.972352">
        <ele>25.4</ele>
        <time>2026-06-13T20:58:33.000Z</time>
      </trkpt>
      <trkpt lat="40.79396" lon="-73.972365">
        <ele>25.6</ele>
        <time>2026-06-13T20:58:34.000Z</time>
      </trkpt>
      <trkpt lat="40.793965" lon="-73.972378">
        <ele>25.6</ele>
        <time>2026-06-13T20:58:35.000Z</time>
      </trkpt>
      <trkpt lat="40.793971" lon="-73.972391">
        <ele>25.6</ele>
        <time>2026-06-13T20:58:36.000Z</time>
      </trkpt>
      <trkpt lat="40.793977" lon="-73.972404">
        <ele>25.6</ele>
        <time>2026-06-13T20:58:37.000Z</time>
      </trkpt>
      <trkpt lat="40.793982" lon="-73.972417">
        <ele>25.6</ele>
        <time>2026-06-13T20:58:38.000Z</time>
      </trkpt>
      <trkpt lat="40.793988" lon="-73.97243">
        <ele>25.6</ele>
        <time>2026-06-13T20:58:39.000Z</time>
      </trkpt>
      <trkpt lat="40.793993" lon="-73.972443">
        <ele>25.6</ele>
        <time>2026-06-13T20:58:40.000Z</time>
      </trkpt>
      <trkpt lat="40.793999" lon="-73.972456">
        <ele>25.6</ele>
        <time>2026-06-13T20:58:41.000Z</time>
      </trkpt>
      <trkpt lat="40.794004" lon="-73.972468">
        <ele>25.6</ele>
        <time>2026-06-13T20:58:42.000Z</time>
      </trkpt>
      <trkpt lat="40.79401" lon="-73.972481">
        <ele>25.6</ele>
        <time>2026-06-13T20:58:43.000Z</time>
      </trkpt>
      <trkpt lat="40.794015" lon="-73.972493">
        <ele>25.6</ele>
        <time>2026-06-13T20:58:44.000Z</time>
      </trkpt>
      <trkpt lat="40.79402" lon="-73.972506">
        <ele>25.6</ele>
        <time>2026-06-13T20:58:45.000Z</time>
      </trkpt>
      <trkpt lat="40.794025" lon="-73.972518">
        <ele>25.6</ele>
        <time>2026-06-13T20:58:46.000Z</time>
      </trkpt>
      <trkpt lat="40.794031" lon="-73.972531">
        <ele>25.6</ele>
        <time>2026-06-13T20:58:47.000Z</time>
      </trkpt>
      <trkpt lat="40.794036" lon="-73.972543">
        <ele>25.6</ele>
        <time>2026-06-13T20:58:48.000Z</time>
      </trkpt>
      <trkpt lat="40.794041" lon="-73.972556">
        <ele>25.4</ele>
        <time>2026-06-13T20:58:49.000Z</time>
      </trkpt>
      <trkpt lat="40.794046" lon="-73.972569">
        <ele>25.4</ele>
        <time>2026-06-13T20:58:50.000Z</time>
      </trkpt>
      <trkpt lat="40.794052" lon="-73.972581">
        <ele>25.4</ele>
        <time>2026-06-13T20:58:51.000Z</time>
      </trkpt>
      <trkpt lat="40.794057" lon="-73.972594">
        <ele>25.4</ele>
        <time>2026-06-13T20:58:52.000Z</time>
      </trkpt>
      <trkpt lat="40.794062" lon="-73.972606">
        <ele>25.4</ele>
        <time>2026-06-13T20:58:53.000Z</time>
      </trkpt>
      <trkpt lat="40.794068" lon="-73.972619">
        <ele>25.4</ele>
        <time>2026-06-13T20:58:54.000Z</time>
      </trkpt>
      <trkpt lat="40.794073" lon="-73.972631">
        <ele>25.4</ele>
        <time>2026-06-13T20:58:55.000Z</time>
      </trkpt>
      <trkpt lat="40.794079" lon="-73.972643">
        <ele>25.2</ele>
        <time>2026-06-13T20:58:56.000Z</time>
      </trkpt>
      <trkpt lat="40.794085" lon="-73.972656">
        <ele>25.2</ele>
        <time>2026-06-13T20:58:57.000Z</time>
      </trkpt>
      <trkpt lat="40.794094" lon="-73.972677">
        <ele>25.2</ele>
        <time>2026-06-13T20:58:58.000Z</time>
      </trkpt>
      <trkpt lat="40.794098" lon="-73.972686">
        <ele>25</ele>
        <time>2026-06-13T20:58:59.000Z</time>
      </trkpt>
      <trkpt lat="40.794102" lon="-73.972694">
        <ele>25</ele>
        <time>2026-06-13T20:59:00.000Z</time>
      </trkpt>
      <trkpt lat="40.794108" lon="-73.972706">
        <ele>24.8</ele>
        <time>2026-06-13T20:59:01.000Z</time>
      </trkpt>
      <trkpt lat="40.794114" lon="-73.972719">
        <ele>24.8</ele>
        <time>2026-06-13T20:59:02.000Z</time>
      </trkpt>
      <trkpt lat="40.79412" lon="-73.972731">
        <ele>24.8</ele>
        <time>2026-06-13T20:59:03.000Z</time>
      </trkpt>
      <trkpt lat="40.794126" lon="-73.972743">
        <ele>24.6</ele>
        <time>2026-06-13T20:59:04.000Z</time>
      </trkpt>
      <trkpt lat="40.794133" lon="-73.972755">
        <ele>24.6</ele>
        <time>2026-06-13T20:59:05.000Z</time>
      </trkpt>
      <trkpt lat="40.794143" lon="-73.972775">
        <ele>24.4</ele>
        <time>2026-06-13T20:59:06.000Z</time>
      </trkpt>
      <trkpt lat="40.794148" lon="-73.972783">
        <ele>24.4</ele>
        <time>2026-06-13T20:59:07.000Z</time>
      </trkpt>
      <trkpt lat="40.794152" lon="-73.972791">
        <ele>24.2</ele>
        <time>2026-06-13T20:59:08.000Z</time>
      </trkpt>
      <trkpt lat="40.794158" lon="-73.972802">
        <ele>24.2</ele>
        <time>2026-06-13T20:59:09.000Z</time>
      </trkpt>
      <trkpt lat="40.794165" lon="-73.972814">
        <ele>24</ele>
        <time>2026-06-13T20:59:10.000Z</time>
      </trkpt>
      <trkpt lat="40.794177" lon="-73.972833">
        <ele>23.8</ele>
        <time>2026-06-13T20:59:11.000Z</time>
      </trkpt>
      <trkpt lat="40.794181" lon="-73.97284">
        <ele>23.8</ele>
        <time>2026-06-13T20:59:12.000Z</time>
      </trkpt>
      <trkpt lat="40.794186" lon="-73.972848">
        <ele>23.6</ele>
        <time>2026-06-13T20:59:13.000Z</time>
      </trkpt>
      <trkpt lat="40.794192" lon="-73.97286">
        <ele>23.6</ele>
        <time>2026-06-13T20:59:14.000Z</time>
      </trkpt>
      <trkpt lat="40.794199" lon="-73.972872">
        <ele>23.4</ele>
        <time>2026-06-13T20:59:15.000Z</time>
      </trkpt>
      <trkpt lat="40.794211" lon="-73.972892">
        <ele>23.4</ele>
        <time>2026-06-13T20:59:16.000Z</time>
      </trkpt>
      <trkpt lat="40.794215" lon="-73.9729">
        <ele>23.2</ele>
        <time>2026-06-13T20:59:17.000Z</time>
      </trkpt>
      <trkpt lat="40.79422" lon="-73.972908">
        <ele>23.2</ele>
        <time>2026-06-13T20:59:18.000Z</time>
      </trkpt>
      <trkpt lat="40.794227" lon="-73.972921">
        <ele>23</ele>
        <time>2026-06-13T20:59:19.000Z</time>
      </trkpt>
      <trkpt lat="40.794234" lon="-73.972933">
        <ele>23</ele>
        <time>2026-06-13T20:59:20.000Z</time>
      </trkpt>
      <trkpt lat="40.79424" lon="-73.972945">
        <ele>22.8</ele>
        <time>2026-06-13T20:59:21.000Z</time>
      </trkpt>
      <trkpt lat="40.794246" lon="-73.972957">
        <ele>22.8</ele>
        <time>2026-06-13T20:59:22.000Z</time>
      </trkpt>
      <trkpt lat="40.794253" lon="-73.97297">
        <ele>22.6</ele>
        <time>2026-06-13T20:59:23.000Z</time>
      </trkpt>
      <trkpt lat="40.794259" lon="-73.972982">
        <ele>22.6</ele>
        <time>2026-06-13T20:59:24.000Z</time>
      </trkpt>
      <trkpt lat="40.794264" lon="-73.972995">
        <ele>22.4</ele>
        <time>2026-06-13T20:59:25.000Z</time>
      </trkpt>
      <trkpt lat="40.79427" lon="-73.973007">
        <ele>22.4</ele>
        <time>2026-06-13T20:59:26.000Z</time>
      </trkpt>
      <trkpt lat="40.794276" lon="-73.97302">
        <ele>22.4</ele>
        <time>2026-06-13T20:59:27.000Z</time>
      </trkpt>
      <trkpt lat="40.794282" lon="-73.973033">
        <ele>22.2</ele>
        <time>2026-06-13T20:59:28.000Z</time>
      </trkpt>
      <trkpt lat="40.794287" lon="-73.973046">
        <ele>22.2</ele>
        <time>2026-06-13T20:59:29.000Z</time>
      </trkpt>
      <trkpt lat="40.794292" lon="-73.973059">
        <ele>22</ele>
        <time>2026-06-13T20:59:30.000Z</time>
      </trkpt>
      <trkpt lat="40.794298" lon="-73.973072">
        <ele>22</ele>
        <time>2026-06-13T20:59:31.000Z</time>
      </trkpt>
      <trkpt lat="40.794303" lon="-73.973085">
        <ele>22</ele>
        <time>2026-06-13T20:59:32.000Z</time>
      </trkpt>
      <trkpt lat="40.794308" lon="-73.973099">
        <ele>21.8</ele>
        <time>2026-06-13T20:59:33.000Z</time>
      </trkpt>
      <trkpt lat="40.794316" lon="-73.973121">
        <ele>21.8</ele>
        <time>2026-06-13T20:59:34.000Z</time>
      </trkpt>
      <trkpt lat="40.79432" lon="-73.97313">
        <ele>21.6</ele>
        <time>2026-06-13T20:59:35.000Z</time>
      </trkpt>
      <trkpt lat="40.794323" lon="-73.973139">
        <ele>21.6</ele>
        <time>2026-06-13T20:59:36.000Z</time>
      </trkpt>
      <trkpt lat="40.794331" lon="-73.973162">
        <ele>21.6</ele>
        <time>2026-06-13T20:59:37.000Z</time>
      </trkpt>
      <trkpt lat="40.794334" lon="-73.973172">
        <ele>21.4</ele>
        <time>2026-06-13T20:59:38.000Z</time>
      </trkpt>
      <trkpt lat="40.794337" lon="-73.973181">
        <ele>21.4</ele>
        <time>2026-06-13T20:59:39.000Z</time>
      </trkpt>
      <trkpt lat="40.794345" lon="-73.973201">
        <ele>21.4</ele>
        <time>2026-06-13T20:59:40.000Z</time>
      </trkpt>
      <trkpt lat="40.794347" lon="-73.973208">
        <ele>21.2</ele>
        <time>2026-06-13T20:59:41.000Z</time>
      </trkpt>
      <trkpt lat="40.794352" lon="-73.973222">
        <ele>21.2</ele>
        <time>2026-06-13T20:59:42.000Z</time>
      </trkpt>
      <trkpt lat="40.794356" lon="-73.973235">
        <ele>21</ele>
        <time>2026-06-13T20:59:43.000Z</time>
      </trkpt>
      <trkpt lat="40.794361" lon="-73.973248">
        <ele>21</ele>
        <time>2026-06-13T20:59:44.000Z</time>
      </trkpt>
      <trkpt lat="40.794365" lon="-73.973262">
        <ele>21</ele>
        <time>2026-06-13T20:59:45.000Z</time>
      </trkpt>
      <trkpt lat="40.79437" lon="-73.973275">
        <ele>20.8</ele>
        <time>2026-06-13T20:59:46.000Z</time>
      </trkpt>
      <trkpt lat="40.794374" lon="-73.973288">
        <ele>20.8</ele>
        <time>2026-06-13T20:59:47.000Z</time>
      </trkpt>
      <trkpt lat="40.794378" lon="-73.973302">
        <ele>20.8</ele>
        <time>2026-06-13T20:59:48.000Z</time>
      </trkpt>
      <trkpt lat="40.794383" lon="-73.973316">
        <ele>20.6</ele>
        <time>2026-06-13T20:59:49.000Z</time>
      </trkpt>
      <trkpt lat="40.794388" lon="-73.973329">
        <ele>20.6</ele>
        <time>2026-06-13T20:59:50.000Z</time>
      </trkpt>
      <trkpt lat="40.794392" lon="-73.973343">
        <ele>20.4</ele>
        <time>2026-06-13T20:59:51.000Z</time>
      </trkpt>
      <trkpt lat="40.7944" lon="-73.973365">
        <ele>20.4</ele>
        <time>2026-06-13T20:59:52.000Z</time>
      </trkpt>
      <trkpt lat="40.794404" lon="-73.973375">
        <ele>20.2</ele>
        <time>2026-06-13T20:59:53.000Z</time>
      </trkpt>
      <trkpt lat="40.794407" lon="-73.973384">
        <ele>20.2</ele>
        <time>2026-06-13T20:59:54.000Z</time>
      </trkpt>
      <trkpt lat="40.794415" lon="-73.973408">
        <ele>20</ele>
        <time>2026-06-13T20:59:55.000Z</time>
      </trkpt>
      <trkpt lat="40.794419" lon="-73.973417">
        <ele>20</ele>
        <time>2026-06-13T20:59:56.000Z</time>
      </trkpt>
      <trkpt lat="40.794422" lon="-73.973427">
        <ele>19.8</ele>
        <time>2026-06-13T20:59:57.000Z</time>
      </trkpt>
      <trkpt lat="40.794427" lon="-73.973441">
        <ele>19.8</ele>
        <time>2026-06-13T20:59:58.000Z</time>
      </trkpt>
      <trkpt lat="40.794433" lon="-73.973456">
        <ele>19.6</ele>
        <time>2026-06-13T20:59:59.000Z</time>
      </trkpt>
      <trkpt lat="40.794438" lon="-73.97347">
        <ele>19.6</ele>
        <time>2026-06-13T21:00:00.000Z</time>
      </trkpt>
      <trkpt lat="40.794443" lon="-73.973485">
        <ele>19.4</ele>
        <time>2026-06-13T21:00:01.000Z</time>
      </trkpt>
      <trkpt lat="40.794449" lon="-73.973499">
        <ele>19.4</ele>
        <time>2026-06-13T21:00:02.000Z</time>
      </trkpt>
      <trkpt lat="40.794454" lon="-73.973514">
        <ele>19.2</ele>
        <time>2026-06-13T21:00:03.000Z</time>
      </trkpt>
      <trkpt lat="40.79446" lon="-73.973529">
        <ele>19.2</ele>
        <time>2026-06-13T21:00:04.000Z</time>
      </trkpt>
      <trkpt lat="40.794465" lon="-73.973543">
        <ele>19</ele>
        <time>2026-06-13T21:00:05.000Z</time>
      </trkpt>
      <trkpt lat="40.794471" lon="-73.973558">
        <ele>19</ele>
        <time>2026-06-13T21:00:06.000Z</time>
      </trkpt>
      <trkpt lat="40.794476" lon="-73.973573">
        <ele>19</ele>
        <time>2026-06-13T21:00:07.000Z</time>
      </trkpt>
      <trkpt lat="40.794482" lon="-73.973588">
        <ele>18.8</ele>
        <time>2026-06-13T21:00:08.000Z</time>
      </trkpt>
      <trkpt lat="40.794487" lon="-73.973602">
        <ele>18.8</ele>
        <time>2026-06-13T21:00:09.000Z</time>
      </trkpt>
      <trkpt lat="40.794493" lon="-73.973617">
        <ele>18.8</ele>
        <time>2026-06-13T21:00:10.000Z</time>
      </trkpt>
      <trkpt lat="40.794498" lon="-73.973631">
        <ele>18.6</ele>
        <time>2026-06-13T21:00:11.000Z</time>
      </trkpt>
      <trkpt lat="40.794503" lon="-73.973645">
        <ele>18.6</ele>
        <time>2026-06-13T21:00:12.000Z</time>
      </trkpt>
      <trkpt lat="40.794509" lon="-73.97366">
        <ele>18.6</ele>
        <time>2026-06-13T21:00:13.000Z</time>
      </trkpt>
      <trkpt lat="40.794514" lon="-73.973674">
        <ele>18.6</ele>
        <time>2026-06-13T21:00:14.000Z</time>
      </trkpt>
      <trkpt lat="40.794519" lon="-73.973689">
        <ele>18.4</ele>
        <time>2026-06-13T21:00:15.000Z</time>
      </trkpt>
      <trkpt lat="40.794524" lon="-73.973703">
        <ele>18.4</ele>
        <time>2026-06-13T21:00:16.000Z</time>
      </trkpt>
      <trkpt lat="40.794529" lon="-73.973717">
        <ele>18.4</ele>
        <time>2026-06-13T21:00:17.000Z</time>
      </trkpt>
      <trkpt lat="40.794534" lon="-73.973731">
        <ele>18.4</ele>
        <time>2026-06-13T21:00:18.000Z</time>
      </trkpt>
      <trkpt lat="40.794538" lon="-73.973744">
        <ele>18.4</ele>
        <time>2026-06-13T21:00:19.000Z</time>
      </trkpt>
      <trkpt lat="40.794543" lon="-73.973758">
        <ele>18.4</ele>
        <time>2026-06-13T21:00:20.000Z</time>
      </trkpt>
      <trkpt lat="40.794547" lon="-73.973771">
        <ele>18.4</ele>
        <time>2026-06-13T21:00:21.000Z</time>
      </trkpt>
      <trkpt lat="40.794551" lon="-73.973784">
        <ele>18.4</ele>
        <time>2026-06-13T21:00:22.000Z</time>
      </trkpt>
      <trkpt lat="40.794555" lon="-73.973797">
        <ele>18.4</ele>
        <time>2026-06-13T21:00:23.000Z</time>
      </trkpt>
      <trkpt lat="40.794558" lon="-73.973809">
        <ele>18.4</ele>
        <time>2026-06-13T21:00:24.000Z</time>
      </trkpt>
      <trkpt lat="40.794561" lon="-73.973821">
        <ele>18.4</ele>
        <time>2026-06-13T21:00:25.000Z</time>
      </trkpt>
      <trkpt lat="40.794563" lon="-73.973832">
        <ele>18.2</ele>
        <time>2026-06-13T21:00:26.000Z</time>
      </trkpt>
      <trkpt lat="40.794565" lon="-73.973843">
        <ele>18.2</ele>
        <time>2026-06-13T21:00:27.000Z</time>
      </trkpt>
      <trkpt lat="40.794566" lon="-73.973853">
        <ele>18.2</ele>
        <time>2026-06-13T21:00:28.000Z</time>
      </trkpt>
      <trkpt lat="40.794567" lon="-73.973863">
        <ele>18.2</ele>
        <time>2026-06-13T21:00:29.000Z</time>
      </trkpt>
      <trkpt lat="40.794566" lon="-73.973873">
        <ele>18.2</ele>
        <time>2026-06-13T21:00:30.000Z</time>
      </trkpt>
      <trkpt lat="40.794565" lon="-73.973882">
        <ele>18.2</ele>
        <time>2026-06-13T21:00:31.000Z</time>
      </trkpt>
      <trkpt lat="40.794563" lon="-73.973892">
        <ele>18.2</ele>
        <time>2026-06-13T21:00:32.000Z</time>
      </trkpt>
      <trkpt lat="40.794559" lon="-73.973901">
        <ele>18.2</ele>
        <time>2026-06-13T21:00:33.000Z</time>
      </trkpt>
      <trkpt lat="40.794554" lon="-73.973909">
        <ele>18.4</ele>
        <time>2026-06-13T21:00:34.000Z</time>
      </trkpt>
      <trkpt lat="40.794547" lon="-73.973917">
        <ele>18.4</ele>
        <time>2026-06-13T21:00:35.000Z</time>
      </trkpt>
      <trkpt lat="40.794538" lon="-73.973924">
        <ele>18.4</ele>
        <time>2026-06-13T21:00:36.000Z</time>
      </trkpt>
      <trkpt lat="40.794528" lon="-73.973931">
        <ele>18.4</ele>
        <time>2026-06-13T21:00:37.000Z</time>
      </trkpt>
      <trkpt lat="40.794518" lon="-73.973938">
        <ele>18.4</ele>
        <time>2026-06-13T21:00:38.000Z</time>
      </trkpt>
      <trkpt lat="40.794507" lon="-73.973945">
        <ele>18.6</ele>
        <time>2026-06-13T21:00:39.000Z</time>
      </trkpt>
      <trkpt lat="40.794495" lon="-73.973951">
        <ele>18.6</ele>
        <time>2026-06-13T21:00:40.000Z</time>
      </trkpt>
      <trkpt lat="40.794483" lon="-73.973957">
        <ele>18.6</ele>
        <time>2026-06-13T21:00:41.000Z</time>
      </trkpt>
      <trkpt lat="40.794471" lon="-73.973963">
        <ele>18.6</ele>
        <time>2026-06-13T21:00:42.000Z</time>
      </trkpt>
      <trkpt lat="40.794459" lon="-73.97397">
        <ele>18.8</ele>
        <time>2026-06-13T21:00:43.000Z</time>
      </trkpt>
      <trkpt lat="40.794446" lon="-73.973976">
        <ele>18.8</ele>
        <time>2026-06-13T21:00:44.000Z</time>
      </trkpt>
      <trkpt lat="40.794434" lon="-73.973982">
        <ele>18.8</ele>
        <time>2026-06-13T21:00:45.000Z</time>
      </trkpt>
      <trkpt lat="40.794422" lon="-73.973988">
        <ele>19</ele>
        <time>2026-06-13T21:00:46.000Z</time>
      </trkpt>
      <trkpt lat="40.794409" lon="-73.973995">
        <ele>19</ele>
        <time>2026-06-13T21:00:47.000Z</time>
      </trkpt>
      <trkpt lat="40.794397" lon="-73.974001">
        <ele>19</ele>
        <time>2026-06-13T21:00:48.000Z</time>
      </trkpt>
      <trkpt lat="40.794385" lon="-73.974008">
        <ele>19</ele>
        <time>2026-06-13T21:00:49.000Z</time>
      </trkpt>
      <trkpt lat="40.794373" lon="-73.974014">
        <ele>19.2</ele>
        <time>2026-06-13T21:00:50.000Z</time>
      </trkpt>
      <trkpt lat="40.794362" lon="-73.974021">
        <ele>19.2</ele>
        <time>2026-06-13T21:00:51.000Z</time>
      </trkpt>
      <trkpt lat="40.79435" lon="-73.974028">
        <ele>19.2</ele>
        <time>2026-06-13T21:00:52.000Z</time>
      </trkpt>
      <trkpt lat="40.794339" lon="-73.974035">
        <ele>19.4</ele>
        <time>2026-06-13T21:00:53.000Z</time>
      </trkpt>
      <trkpt lat="40.794328" lon="-73.974042">
        <ele>19.4</ele>
        <time>2026-06-13T21:00:54.000Z</time>
      </trkpt>
      <trkpt lat="40.794317" lon="-73.974048">
        <ele>19.4</ele>
        <time>2026-06-13T21:00:55.000Z</time>
      </trkpt>
      <trkpt lat="40.794306" lon="-73.974055">
        <ele>19.4</ele>
        <time>2026-06-13T21:00:56.000Z</time>
      </trkpt>
      <trkpt lat="40.794296" lon="-73.974063">
        <ele>19.6</ele>
        <time>2026-06-13T21:00:57.000Z</time>
      </trkpt>
      <trkpt lat="40.794285" lon="-73.97407">
        <ele>19.6</ele>
        <time>2026-06-13T21:00:58.000Z</time>
      </trkpt>
      <trkpt lat="40.794275" lon="-73.974077">
        <ele>19.6</ele>
        <time>2026-06-13T21:00:59.000Z</time>
      </trkpt>
      <trkpt lat="40.794265" lon="-73.974084">
        <ele>19.6</ele>
        <time>2026-06-13T21:01:00.000Z</time>
      </trkpt>
      <trkpt lat="40.794255" lon="-73.974092">
        <ele>19.6</ele>
        <time>2026-06-13T21:01:01.000Z</time>
      </trkpt>
      <trkpt lat="40.794245" lon="-73.974099">
        <ele>19.8</ele>
        <time>2026-06-13T21:01:02.000Z</time>
      </trkpt>
      <trkpt lat="40.794235" lon="-73.974106">
        <ele>19.8</ele>
        <time>2026-06-13T21:01:03.000Z</time>
      </trkpt>
      <trkpt lat="40.794225" lon="-73.974114">
        <ele>19.8</ele>
        <time>2026-06-13T21:01:04.000Z</time>
      </trkpt>
      <trkpt lat="40.794215" lon="-73.974121">
        <ele>19.8</ele>
        <time>2026-06-13T21:01:05.000Z</time>
      </trkpt>
      <trkpt lat="40.794206" lon="-73.974128">
        <ele>19.8</ele>
        <time>2026-06-13T21:01:06.000Z</time>
      </trkpt>
      <trkpt lat="40.794196" lon="-73.974135">
        <ele>19.8</ele>
        <time>2026-06-13T21:01:07.000Z</time>
      </trkpt>
      <trkpt lat="40.794187" lon="-73.974142">
        <ele>20</ele>
        <time>2026-06-13T21:01:08.000Z</time>
      </trkpt>
      <trkpt lat="40.794178" lon="-73.974149">
        <ele>20</ele>
        <time>2026-06-13T21:01:09.000Z</time>
      </trkpt>
      <trkpt lat="40.794169" lon="-73.974156">
        <ele>20</ele>
        <time>2026-06-13T21:01:10.000Z</time>
      </trkpt>
      <trkpt lat="40.79416" lon="-73.974163">
        <ele>20</ele>
        <time>2026-06-13T21:01:11.000Z</time>
      </trkpt>
      <trkpt lat="40.794151" lon="-73.97417">
        <ele>20</ele>
        <time>2026-06-13T21:01:12.000Z</time>
      </trkpt>
      <trkpt lat="40.794142" lon="-73.974176">
        <ele>20</ele>
        <time>2026-06-13T21:01:13.000Z</time>
      </trkpt>
      <trkpt lat="40.794134" lon="-73.974183">
        <ele>20</ele>
        <time>2026-06-13T21:01:14.000Z</time>
      </trkpt>
      <trkpt lat="40.794125" lon="-73.974189">
        <ele>20.2</ele>
        <time>2026-06-13T21:01:15.000Z</time>
      </trkpt>
      <trkpt lat="40.794118" lon="-73.974195">
        <ele>20.2</ele>
        <time>2026-06-13T21:01:16.000Z</time>
      </trkpt>
      <trkpt lat="40.794105" lon="-73.974204">
        <ele>20.2</ele>
        <time>2026-06-13T21:01:17.000Z</time>
      </trkpt>
      <trkpt lat="40.794101" lon="-73.974208">
        <ele>20.2</ele>
        <time>2026-06-13T21:01:18.000Z</time>
      </trkpt>
      <trkpt lat="40.794096" lon="-73.974211">
        <ele>20.2</ele>
        <time>2026-06-13T21:01:19.000Z</time>
      </trkpt>
      <trkpt lat="40.794091" lon="-73.974215">
        <ele>20.2</ele>
        <time>2026-06-13T21:01:20.000Z</time>
      </trkpt>
      <trkpt lat="40.794087" lon="-73.974218">
        <ele>20.2</ele>
        <time>2026-06-13T21:01:21.000Z</time>
      </trkpt>
      <trkpt lat="40.794082" lon="-73.974222">
        <ele>20.2</ele>
        <time>2026-06-13T21:01:22.000Z</time>
      </trkpt>
      <trkpt lat="40.794077" lon="-73.974225">
        <ele>20.4</ele>
        <time>2026-06-13T21:01:23.000Z</time>
      </trkpt>
      <trkpt lat="40.794072" lon="-73.974229">
        <ele>20.4</ele>
        <time>2026-06-13T21:01:24.000Z</time>
      </trkpt>
      <trkpt lat="40.794068" lon="-73.974232">
        <ele>20.4</ele>
        <time>2026-06-13T21:01:25.000Z</time>
      </trkpt>
      <trkpt lat="40.794063" lon="-73.974236">
        <ele>20.4</ele>
        <time>2026-06-13T21:01:26.000Z</time>
      </trkpt>
      <trkpt lat="40.794058" lon="-73.974239">
        <ele>20.4</ele>
        <time>2026-06-13T21:01:27.000Z</time>
      </trkpt>
      <trkpt lat="40.794054" lon="-73.974243">
        <ele>20.4</ele>
        <time>2026-06-13T21:01:28.000Z</time>
      </trkpt>
      <trkpt lat="40.794049" lon="-73.974246">
        <ele>20.4</ele>
        <time>2026-06-13T21:01:29.000Z</time>
      </trkpt>
      <trkpt lat="40.794044" lon="-73.97425">
        <ele>20.4</ele>
        <time>2026-06-13T21:01:30.000Z</time>
      </trkpt>
      <trkpt lat="40.79404" lon="-73.974253">
        <ele>20.6</ele>
        <time>2026-06-13T21:01:31.000Z</time>
      </trkpt>
      <trkpt lat="40.794035" lon="-73.974257">
        <ele>20.6</ele>
        <time>2026-06-13T21:01:32.000Z</time>
      </trkpt>
      <trkpt lat="40.79403" lon="-73.97426">
        <ele>20.6</ele>
        <time>2026-06-13T21:01:33.000Z</time>
      </trkpt>
      <trkpt lat="40.794026" lon="-73.974264">
        <ele>20.6</ele>
        <time>2026-06-13T21:01:34.000Z</time>
      </trkpt>
      <trkpt lat="40.794021" lon="-73.974267">
        <ele>20.6</ele>
        <time>2026-06-13T21:01:35.000Z</time>
      </trkpt>
      <trkpt lat="40.794016" lon="-73.974271">
        <ele>20.6</ele>
        <time>2026-06-13T21:01:36.000Z</time>
      </trkpt>
      <trkpt lat="40.794012" lon="-73.974274">
        <ele>20.6</ele>
        <time>2026-06-13T21:01:37.000Z</time>
      </trkpt>
      <trkpt lat="40.794007" lon="-73.974278">
        <ele>20.6</ele>
        <time>2026-06-13T21:01:38.000Z</time>
      </trkpt>
      <trkpt lat="40.794002" lon="-73.974281">
        <ele>20.6</ele>
        <time>2026-06-13T21:01:39.000Z</time>
      </trkpt>
      <trkpt lat="40.793997" lon="-73.974285">
        <ele>20.6</ele>
        <time>2026-06-13T21:01:40.000Z</time>
      </trkpt>
      <trkpt lat="40.793993" lon="-73.974288">
        <ele>20.6</ele>
        <time>2026-06-13T21:01:41.000Z</time>
      </trkpt>
      <trkpt lat="40.793988" lon="-73.974292">
        <ele>20.6</ele>
        <time>2026-06-13T21:01:42.000Z</time>
      </trkpt>
      <trkpt lat="40.793983" lon="-73.974295">
        <ele>20.4</ele>
        <time>2026-06-13T21:01:43.000Z</time>
      </trkpt>
      <trkpt lat="40.793979" lon="-73.974299">
        <ele>20.4</ele>
        <time>2026-06-13T21:01:44.000Z</time>
      </trkpt>
      <trkpt lat="40.793974" lon="-73.974302">
        <ele>20.4</ele>
        <time>2026-06-13T21:01:45.000Z</time>
      </trkpt>
      <trkpt lat="40.793965" lon="-73.974308">
        <ele>20.6</ele>
        <time>2026-06-13T21:01:46.000Z</time>
      </trkpt>
      <trkpt lat="40.793956" lon="-73.974315">
        <ele>20.6</ele>
        <time>2026-06-13T21:01:47.000Z</time>
      </trkpt>
      <trkpt lat="40.793948" lon="-73.974321">
        <ele>20.6</ele>
        <time>2026-06-13T21:01:48.000Z</time>
      </trkpt>
      <trkpt lat="40.793939" lon="-73.974327">
        <ele>20.6</ele>
        <time>2026-06-13T21:01:49.000Z</time>
      </trkpt>
      <trkpt lat="40.79393" lon="-73.974334">
        <ele>20.6</ele>
        <time>2026-06-13T21:01:50.000Z</time>
      </trkpt>
      <trkpt lat="40.793917" lon="-73.974343">
        <ele>20.8</ele>
        <time>2026-06-13T21:01:51.000Z</time>
      </trkpt>
      <trkpt lat="40.793913" lon="-73.974346">
        <ele>20.8</ele>
        <time>2026-06-13T21:01:52.000Z</time>
      </trkpt>
      <trkpt lat="40.793898" lon="-73.974356">
        <ele>20.8</ele>
        <time>2026-06-13T21:01:53.000Z</time>
      </trkpt>
      <trkpt lat="40.793893" lon="-73.974361">
        <ele>21</ele>
        <time>2026-06-13T21:01:54.000Z</time>
      </trkpt>
      <trkpt lat="40.793887" lon="-73.974365">
        <ele>21</ele>
        <time>2026-06-13T21:01:55.000Z</time>
      </trkpt>
      <trkpt lat="40.793878" lon="-73.974371">
        <ele>21</ele>
        <time>2026-06-13T21:01:56.000Z</time>
      </trkpt>
      <trkpt lat="40.793869" lon="-73.974378">
        <ele>21.2</ele>
        <time>2026-06-13T21:01:57.000Z</time>
      </trkpt>
      <trkpt lat="40.793861" lon="-73.974384">
        <ele>21.2</ele>
        <time>2026-06-13T21:01:58.000Z</time>
      </trkpt>
      <trkpt lat="40.793853" lon="-73.97439">
        <ele>21.2</ele>
        <time>2026-06-13T21:01:59.000Z</time>
      </trkpt>
      <trkpt lat="40.793845" lon="-73.974396">
        <ele>21.4</ele>
        <time>2026-06-13T21:02:00.000Z</time>
      </trkpt>
      <trkpt lat="40.793836" lon="-73.974402">
        <ele>21.4</ele>
        <time>2026-06-13T21:02:01.000Z</time>
      </trkpt>
      <trkpt lat="40.793828" lon="-73.974408">
        <ele>21.4</ele>
        <time>2026-06-13T21:02:02.000Z</time>
      </trkpt>
      <trkpt lat="40.79382" lon="-73.974414">
        <ele>21.4</ele>
        <time>2026-06-13T21:02:03.000Z</time>
      </trkpt>
      <trkpt lat="40.793812" lon="-73.97442">
        <ele>21.4</ele>
        <time>2026-06-13T21:02:04.000Z</time>
      </trkpt>
      <trkpt lat="40.793804" lon="-73.974426">
        <ele>21.4</ele>
        <time>2026-06-13T21:02:05.000Z</time>
      </trkpt>
      <trkpt lat="40.793796" lon="-73.974432">
        <ele>21.4</ele>
        <time>2026-06-13T21:02:06.000Z</time>
      </trkpt>
      <trkpt lat="40.793787" lon="-73.974438">
        <ele>21.4</ele>
        <time>2026-06-13T21:02:07.000Z</time>
      </trkpt>
      <trkpt lat="40.793779" lon="-73.974444">
        <ele>21.4</ele>
        <time>2026-06-13T21:02:08.000Z</time>
      </trkpt>
      <trkpt lat="40.79377" lon="-73.974451">
        <ele>21.4</ele>
        <time>2026-06-13T21:02:09.000Z</time>
      </trkpt>
      <trkpt lat="40.793761" lon="-73.974457">
        <ele>21.4</ele>
        <time>2026-06-13T21:02:10.000Z</time>
      </trkpt>
      <trkpt lat="40.793751" lon="-73.974464">
        <ele>21.4</ele>
        <time>2026-06-13T21:02:11.000Z</time>
      </trkpt>
      <trkpt lat="40.793742" lon="-73.974471">
        <ele>21.6</ele>
        <time>2026-06-13T21:02:12.000Z</time>
      </trkpt>
      <trkpt lat="40.793732" lon="-73.974479">
        <ele>21.6</ele>
        <time>2026-06-13T21:02:13.000Z</time>
      </trkpt>
      <trkpt lat="40.793721" lon="-73.974486">
        <ele>21.6</ele>
        <time>2026-06-13T21:02:14.000Z</time>
      </trkpt>
      <trkpt lat="40.793711" lon="-73.974494">
        <ele>21.6</ele>
        <time>2026-06-13T21:02:15.000Z</time>
      </trkpt>
      <trkpt lat="40.7937" lon="-73.974501">
        <ele>21.6</ele>
        <time>2026-06-13T21:02:16.000Z</time>
      </trkpt>
      <trkpt lat="40.79369" lon="-73.974509">
        <ele>21.6</ele>
        <time>2026-06-13T21:02:17.000Z</time>
      </trkpt>
      <trkpt lat="40.793679" lon="-73.974517">
        <ele>21.8</ele>
        <time>2026-06-13T21:02:18.000Z</time>
      </trkpt>
      <trkpt lat="40.793668" lon="-73.974525">
        <ele>21.8</ele>
        <time>2026-06-13T21:02:19.000Z</time>
      </trkpt>
      <trkpt lat="40.793657" lon="-73.974533">
        <ele>21.8</ele>
        <time>2026-06-13T21:02:20.000Z</time>
      </trkpt>
      <trkpt lat="40.793646" lon="-73.974541">
        <ele>21.8</ele>
        <time>2026-06-13T21:02:21.000Z</time>
      </trkpt>
      <trkpt lat="40.793635" lon="-73.97455">
        <ele>22</ele>
        <time>2026-06-13T21:02:22.000Z</time>
      </trkpt>
      <trkpt lat="40.793623" lon="-73.974558">
        <ele>22</ele>
        <time>2026-06-13T21:02:23.000Z</time>
      </trkpt>
      <trkpt lat="40.793611" lon="-73.974567">
        <ele>22</ele>
        <time>2026-06-13T21:02:24.000Z</time>
      </trkpt>
      <trkpt lat="40.7936" lon="-73.974575">
        <ele>22.2</ele>
        <time>2026-06-13T21:02:25.000Z</time>
      </trkpt>
      <trkpt lat="40.793588" lon="-73.974584">
        <ele>22.2</ele>
        <time>2026-06-13T21:02:26.000Z</time>
      </trkpt>
      <trkpt lat="40.793576" lon="-73.974593">
        <ele>22.2</ele>
        <time>2026-06-13T21:02:27.000Z</time>
      </trkpt>
      <trkpt lat="40.793564" lon="-73.974602">
        <ele>22.2</ele>
        <time>2026-06-13T21:02:28.000Z</time>
      </trkpt>
      <trkpt lat="40.793551" lon="-73.974611">
        <ele>22.2</ele>
        <time>2026-06-13T21:02:29.000Z</time>
      </trkpt>
      <trkpt lat="40.793539" lon="-73.974619">
        <ele>22.2</ele>
        <time>2026-06-13T21:02:30.000Z</time>
      </trkpt>
      <trkpt lat="40.793527" lon="-73.974628">
        <ele>22.2</ele>
        <time>2026-06-13T21:02:31.000Z</time>
      </trkpt>
      <trkpt lat="40.793507" lon="-73.974643">
        <ele>22</ele>
        <time>2026-06-13T21:02:32.000Z</time>
      </trkpt>
      <trkpt lat="40.7935" lon="-73.974648">
        <ele>21.8</ele>
        <time>2026-06-13T21:02:33.000Z</time>
      </trkpt>
      <trkpt lat="40.793492" lon="-73.974654">
        <ele>21.6</ele>
        <time>2026-06-13T21:02:34.000Z</time>
      </trkpt>
      <trkpt lat="40.79348" lon="-73.974663">
        <ele>21.4</ele>
        <time>2026-06-13T21:02:35.000Z</time>
      </trkpt>
      <trkpt lat="40.793469" lon="-73.974671">
        <ele>21.2</ele>
        <time>2026-06-13T21:02:36.000Z</time>
      </trkpt>
      <trkpt lat="40.793457" lon="-73.974679">
        <ele>20.8</ele>
        <time>2026-06-13T21:02:37.000Z</time>
      </trkpt>
      <trkpt lat="40.793446" lon="-73.974687">
        <ele>20.4</ele>
        <time>2026-06-13T21:02:38.000Z</time>
      </trkpt>
      <trkpt lat="40.793435" lon="-73.974695">
        <ele>20</ele>
        <time>2026-06-13T21:02:39.000Z</time>
      </trkpt>
      <trkpt lat="40.793425" lon="-73.974703">
        <ele>19.4</ele>
        <time>2026-06-13T21:02:40.000Z</time>
      </trkpt>
      <trkpt lat="40.793414" lon="-73.974711">
        <ele>19</ele>
        <time>2026-06-13T21:02:41.000Z</time>
      </trkpt>
      <trkpt lat="40.793403" lon="-73.974719">
        <ele>18.4</ele>
        <time>2026-06-13T21:02:42.000Z</time>
      </trkpt>
      <trkpt lat="40.793392" lon="-73.974727">
        <ele>17.8</ele>
        <time>2026-06-13T21:02:43.000Z</time>
      </trkpt>
      <trkpt lat="40.793382" lon="-73.974735">
        <ele>17.2</ele>
        <time>2026-06-13T21:02:44.000Z</time>
      </trkpt>
      <trkpt lat="40.793371" lon="-73.974743">
        <ele>16.4</ele>
        <time>2026-06-13T21:02:45.000Z</time>
      </trkpt>
      <trkpt lat="40.793361" lon="-73.97475">
        <ele>15.8</ele>
        <time>2026-06-13T21:02:46.000Z</time>
      </trkpt>
      <trkpt lat="40.79335" lon="-73.974758">
        <ele>15</ele>
        <time>2026-06-13T21:02:47.000Z</time>
      </trkpt>
      <trkpt lat="40.79334" lon="-73.974766">
        <ele>14.2</ele>
        <time>2026-06-13T21:02:48.000Z</time>
      </trkpt>
      <trkpt lat="40.793329" lon="-73.974774">
        <ele>13.4</ele>
        <time>2026-06-13T21:02:49.000Z</time>
      </trkpt>
      <trkpt lat="40.793319" lon="-73.974781">
        <ele>12.6</ele>
        <time>2026-06-13T21:02:50.000Z</time>
      </trkpt>
      <trkpt lat="40.793308" lon="-73.974789">
        <ele>11.8</ele>
        <time>2026-06-13T21:02:51.000Z</time>
      </trkpt>
      <trkpt lat="40.793308" lon="-73.974789">
        <ele>11.8</ele>
        <time>2026-06-13T21:02:52.000Z</time>
      </trkpt>
    </trkseg>
  </trk>
</gpx>
