<?xml version="1.0" encoding="UTF-8"?>
<gpx version="1.1" creator="sync-strava">
  <trk>
    <name>Afternoon Walk #MC</name>
    <trkseg>
      <trkpt lat="40.795308" lon="-73.975903">
        <ele>16.6</ele>
        <time>2026-06-16T21:39:47.000Z</time>
      </trkpt>
      <trkpt lat="40.79532" lon="-73.97589">
        <ele>16.2</ele>
        <time>2026-06-16T21:39:48.000Z</time>
      </trkpt>
      <trkpt lat="40.795326" lon="-73.975885">
        <ele>15.8</ele>
        <time>2026-06-16T21:39:49.000Z</time>
      </trkpt>
      <trkpt lat="40.795333" lon="-73.97588">
        <ele>15.6</ele>
        <time>2026-06-16T21:39:50.000Z</time>
      </trkpt>
      <trkpt lat="40.795339" lon="-73.975875">
        <ele>15.4</ele>
        <time>2026-06-16T21:39:51.000Z</time>
      </trkpt>
      <trkpt lat="40.795345" lon="-73.97587">
        <ele>15.2</ele>
        <time>2026-06-16T21:39:52.000Z</time>
      </trkpt>
      <trkpt lat="40.795351" lon="-73.975865">
        <ele>15.2</ele>
        <time>2026-06-16T21:39:53.000Z</time>
      </trkpt>
      <trkpt lat="40.795358" lon="-73.975863">
        <ele>15.2</ele>
        <time>2026-06-16T21:39:54.000Z</time>
      </trkpt>
      <trkpt lat="40.795364" lon="-73.97586">
        <ele>15</ele>
        <time>2026-06-16T21:39:55.000Z</time>
      </trkpt>
      <trkpt lat="40.795369" lon="-73.975855">
        <ele>15</ele>
        <time>2026-06-16T21:39:56.000Z</time>
      </trkpt>
      <trkpt lat="40.795372" lon="-73.975849">
        <ele>15.2</ele>
        <time>2026-06-16T21:39:57.000Z</time>
      </trkpt>
      <trkpt lat="40.795376" lon="-73.975842">
        <ele>15.2</ele>
        <time>2026-06-16T21:39:58.000Z</time>
      </trkpt>
      <trkpt lat="40.795379" lon="-73.975833">
        <ele>15.2</ele>
        <time>2026-06-16T21:39:59.000Z</time>
      </trkpt>
      <trkpt lat="40.795383" lon="-73.975822">
        <ele>15.2</ele>
        <time>2026-06-16T21:40:00.000Z</time>
      </trkpt>
      <trkpt lat="40.795386" lon="-73.975812">
        <ele>15</ele>
        <time>2026-06-16T21:40:01.000Z</time>
      </trkpt>
      <trkpt lat="40.795391" lon="-73.975803">
        <ele>15</ele>
        <time>2026-06-16T21:40:02.000Z</time>
      </trkpt>
      <trkpt lat="40.795395" lon="-73.975796">
        <ele>15</ele>
        <time>2026-06-16T21:40:03.000Z</time>
      </trkpt>
      <trkpt lat="40.7954" lon="-73.97579">
        <ele>15</ele>
        <time>2026-06-16T21:40:04.000Z</time>
      </trkpt>
      <trkpt lat="40.795401" lon="-73.97579">
        <ele>15</ele>
        <time>2026-06-16T21:40:05.000Z</time>
      </trkpt>
      <trkpt lat="40.795402" lon="-73.975789">
        <ele>15</ele>
        <time>2026-06-16T21:40:06.000Z</time>
      </trkpt>
      <trkpt lat="40.795403" lon="-73.975788">
        <ele>15</ele>
        <time>2026-06-16T21:40:07.000Z</time>
      </trkpt>
      <trkpt lat="40.795404" lon="-73.975787">
        <ele>14.8</ele>
        <time>2026-06-16T21:40:08.000Z</time>
      </trkpt>
      <trkpt lat="40.795405" lon="-73.975787">
        <ele>14.8</ele>
        <time>2026-06-16T21:40:09.000Z</time>
      </trkpt>
      <trkpt lat="40.795406" lon="-73.975786">
        <ele>14.8</ele>
        <time>2026-06-16T21:40:10.000Z</time>
      </trkpt>
      <trkpt lat="40.795407" lon="-73.975785">
        <ele>14.8</ele>
        <time>2026-06-16T21:40:11.000Z</time>
      </trkpt>
      <trkpt lat="40.795408" lon="-73.975784">
        <ele>14.8</ele>
        <time>2026-06-16T21:40:12.000Z</time>
      </trkpt>
      <trkpt lat="40.795409" lon="-73.975784">
        <ele>14.8</ele>
        <time>2026-06-16T21:40:13.000Z</time>
      </trkpt>
      <trkpt lat="40.795411" lon="-73.975783">
        <ele>14.8</ele>
        <time>2026-06-16T21:40:14.000Z</time>
      </trkpt>
      <trkpt lat="40.795412" lon="-73.975782">
        <ele>14.8</ele>
        <time>2026-06-16T21:40:15.000Z</time>
      </trkpt>
      <trkpt lat="40.795413" lon="-73.975781">
        <ele>14.8</ele>
        <time>2026-06-16T21:40:16.000Z</time>
      </trkpt>
      <trkpt lat="40.795414" lon="-73.975781">
        <ele>14.6</ele>
        <time>2026-06-16T21:40:17.000Z</time>
      </trkpt>
      <trkpt lat="40.795415" lon="-73.97578">
        <ele>14.6</ele>
        <time>2026-06-16T21:40:18.000Z</time>
      </trkpt>
      <trkpt lat="40.795416" lon="-73.975779">
        <ele>14.6</ele>
        <time>2026-06-16T21:40:19.000Z</time>
      </trkpt>
      <trkpt lat="40.795417" lon="-73.975778">
        <ele>14.6</ele>
        <time>2026-06-16T21:40:20.000Z</time>
      </trkpt>
      <trkpt lat="40.795418" lon="-73.975778">
        <ele>14.6</ele>
        <time>2026-06-16T21:40:21.000Z</time>
      </trkpt>
      <trkpt lat="40.795419" lon="-73.975777">
        <ele>14.6</ele>
        <time>2026-06-16T21:40:22.000Z</time>
      </trkpt>
      <trkpt lat="40.79542" lon="-73.975776">
        <ele>14.6</ele>
        <time>2026-06-16T21:40:23.000Z</time>
      </trkpt>
      <trkpt lat="40.795421" lon="-73.975775">
        <ele>14.8</ele>
        <time>2026-06-16T21:40:24.000Z</time>
      </trkpt>
      <trkpt lat="40.795422" lon="-73.975775">
        <ele>14.8</ele>
        <time>2026-06-16T21:40:25.000Z</time>
      </trkpt>
      <trkpt lat="40.795423" lon="-73.975774">
        <ele>14.8</ele>
        <time>2026-06-16T21:40:26.000Z</time>
      </trkpt>
      <trkpt lat="40.795424" lon="-73.975773">
        <ele>14.8</ele>
        <time>2026-06-16T21:40:27.000Z</time>
      </trkpt>
      <trkpt lat="40.795425" lon="-73.975772">
        <ele>14.8</ele>
        <time>2026-06-16T21:40:28.000Z</time>
      </trkpt>
      <trkpt lat="40.795426" lon="-73.975772">
        <ele>14.8</ele>
        <time>2026-06-16T21:40:29.000Z</time>
      </trkpt>
      <trkpt lat="40.795427" lon="-73.975771">
        <ele>14.8</ele>
        <time>2026-06-16T21:40:30.000Z</time>
      </trkpt>
      <trkpt lat="40.795428" lon="-73.97577">
        <ele>14.8</ele>
        <time>2026-06-16T21:40:31.000Z</time>
      </trkpt>
      <trkpt lat="40.795429" lon="-73.975769">
        <ele>14.8</ele>
        <time>2026-06-16T21:40:32.000Z</time>
      </trkpt>
      <trkpt lat="40.79543" lon="-73.975769">
        <ele>14.8</ele>
        <time>2026-06-16T21:40:33.000Z</time>
      </trkpt>
      <trkpt lat="40.795431" lon="-73.975768">
        <ele>14.8</ele>
        <time>2026-06-16T21:40:34.000Z</time>
      </trkpt>
      <trkpt lat="40.795432" lon="-73.975767">
        <ele>14.8</ele>
        <time>2026-06-16T21:40:35.000Z</time>
      </trkpt>
      <trkpt lat="40.795434" lon="-73.975766">
        <ele>14.8</ele>
        <time>2026-06-16T21:40:36.000Z</time>
      </trkpt>
      <trkpt lat="40.795435" lon="-73.975766">
        <ele>14.8</ele>
        <time>2026-06-16T21:40:37.000Z</time>
      </trkpt>
      <trkpt lat="40.795436" lon="-73.975765">
        <ele>14.6</ele>
        <time>2026-06-16T21:40:38.000Z</time>
      </trkpt>
      <trkpt lat="40.795437" lon="-73.975764">
        <ele>14.6</ele>
        <time>2026-06-16T21:40:39.000Z</time>
      </trkpt>
      <trkpt lat="40.795438" lon="-73.975763">
        <ele>14.6</ele>
        <time>2026-06-16T21:40:40.000Z</time>
      </trkpt>
      <trkpt lat="40.795439" lon="-73.975763">
        <ele>14.6</ele>
        <time>2026-06-16T21:40:41.000Z</time>
      </trkpt>
      <trkpt lat="40.79544" lon="-73.975762">
        <ele>14.6</ele>
        <time>2026-06-16T21:40:42.000Z</time>
      </trkpt>
      <trkpt lat="40.795441" lon="-73.975761">
        <ele>14.6</ele>
        <time>2026-06-16T21:40:43.000Z</time>
      </trkpt>
      <trkpt lat="40.795442" lon="-73.97576">
        <ele>14.6</ele>
        <time>2026-06-16T21:40:44.000Z</time>
      </trkpt>
      <trkpt lat="40.795443" lon="-73.97576">
        <ele>14.6</ele>
        <time>2026-06-16T21:40:45.000Z</time>
      </trkpt>
      <trkpt lat="40.795444" lon="-73.975759">
        <ele>14.6</ele>
        <time>2026-06-16T21:40:46.000Z</time>
      </trkpt>
      <trkpt lat="40.795445" lon="-73.975758">
        <ele>14.6</ele>
        <time>2026-06-16T21:40:47.000Z</time>
      </trkpt>
      <trkpt lat="40.795453" lon="-73.975743">
        <ele>14.6</ele>
        <time>2026-06-16T21:40:48.000Z</time>
      </trkpt>
      <trkpt lat="40.795461" lon="-73.975729">
        <ele>14.6</ele>
        <time>2026-06-16T21:40:49.000Z</time>
      </trkpt>
      <trkpt lat="40.795469" lon="-73.975715">
        <ele>14.4</ele>
        <time>2026-06-16T21:40:50.000Z</time>
      </trkpt>
      <trkpt lat="40.795477" lon="-73.975702">
        <ele>14.4</ele>
        <time>2026-06-16T21:40:51.000Z</time>
      </trkpt>
      <trkpt lat="40.795484" lon="-73.975689">
        <ele>14.4</ele>
        <time>2026-06-16T21:40:52.000Z</time>
      </trkpt>
      <trkpt lat="40.795498" lon="-73.975667">
        <ele>14.4</ele>
        <time>2026-06-16T21:40:53.000Z</time>
      </trkpt>
      <trkpt lat="40.795503" lon="-73.975659">
        <ele>14.4</ele>
        <time>2026-06-16T21:40:54.000Z</time>
      </trkpt>
      <trkpt lat="40.795509" lon="-73.97565">
        <ele>14.4</ele>
        <time>2026-06-16T21:40:55.000Z</time>
      </trkpt>
      <trkpt lat="40.795517" lon="-73.975638">
        <ele>14.2</ele>
        <time>2026-06-16T21:40:56.000Z</time>
      </trkpt>
      <trkpt lat="40.795525" lon="-73.975626">
        <ele>14.2</ele>
        <time>2026-06-16T21:40:57.000Z</time>
      </trkpt>
      <trkpt lat="40.795533" lon="-73.975614">
        <ele>14.4</ele>
        <time>2026-06-16T21:40:58.000Z</time>
      </trkpt>
      <trkpt lat="40.79554" lon="-73.975603">
        <ele>14.4</ele>
        <time>2026-06-16T21:40:59.000Z</time>
      </trkpt>
      <trkpt lat="40.795547" lon="-73.975593">
        <ele>14.4</ele>
        <time>2026-06-16T21:41:00.000Z</time>
      </trkpt>
      <trkpt lat="40.795554" lon="-73.975583">
        <ele>14.4</ele>
        <time>2026-06-16T21:41:01.000Z</time>
      </trkpt>
      <trkpt lat="40.795562" lon="-73.975573">
        <ele>14.4</ele>
        <time>2026-06-16T21:41:02.000Z</time>
      </trkpt>
      <trkpt lat="40.79557" lon="-73.975562">
        <ele>14.4</ele>
        <time>2026-06-16T21:41:03.000Z</time>
      </trkpt>
      <trkpt lat="40.795578" lon="-73.97555">
        <ele>14.4</ele>
        <time>2026-06-16T21:41:04.000Z</time>
      </trkpt>
      <trkpt lat="40.795585" lon="-73.975539">
        <ele>14.4</ele>
        <time>2026-06-16T21:41:05.000Z</time>
      </trkpt>
      <trkpt lat="40.795592" lon="-73.975528">
        <ele>14.4</ele>
        <time>2026-06-16T21:41:06.000Z</time>
      </trkpt>
      <trkpt lat="40.795598" lon="-73.975517">
        <ele>14.4</ele>
        <time>2026-06-16T21:41:07.000Z</time>
      </trkpt>
      <trkpt lat="40.795604" lon="-73.975505">
        <ele>14.4</ele>
        <time>2026-06-16T21:41:08.000Z</time>
      </trkpt>
      <trkpt lat="40.795609" lon="-73.975493">
        <ele>14.4</ele>
        <time>2026-06-16T21:41:09.000Z</time>
      </trkpt>
      <trkpt lat="40.795615" lon="-73.975482">
        <ele>14.4</ele>
        <time>2026-06-16T21:41:10.000Z</time>
      </trkpt>
      <trkpt lat="40.79562" lon="-73.975472">
        <ele>14.4</ele>
        <time>2026-06-16T21:41:11.000Z</time>
      </trkpt>
      <trkpt lat="40.795626" lon="-73.975463">
        <ele>14.6</ele>
        <time>2026-06-16T21:41:12.000Z</time>
      </trkpt>
      <trkpt lat="40.795632" lon="-73.975452">
        <ele>14.6</ele>
        <time>2026-06-16T21:41:13.000Z</time>
      </trkpt>
      <trkpt lat="40.795638" lon="-73.975443">
        <ele>14.6</ele>
        <time>2026-06-16T21:41:14.000Z</time>
      </trkpt>
      <trkpt lat="40.795646" lon="-73.975433">
        <ele>14.6</ele>
        <time>2026-06-16T21:41:15.000Z</time>
      </trkpt>
      <trkpt lat="40.795653" lon="-73.975423">
        <ele>14.6</ele>
        <time>2026-06-16T21:41:16.000Z</time>
      </trkpt>
      <trkpt lat="40.795661" lon="-73.975414">
        <ele>14.6</ele>
        <time>2026-06-16T21:41:17.000Z</time>
      </trkpt>
      <trkpt lat="40.795668" lon="-73.975404">
        <ele>14.8</ele>
        <time>2026-06-16T21:41:18.000Z</time>
      </trkpt>
      <trkpt lat="40.795675" lon="-73.975394">
        <ele>14.8</ele>
        <time>2026-06-16T21:41:19.000Z</time>
      </trkpt>
      <trkpt lat="40.795682" lon="-73.975384">
        <ele>14.8</ele>
        <time>2026-06-16T21:41:20.000Z</time>
      </trkpt>
      <trkpt lat="40.795689" lon="-73.975374">
        <ele>14.8</ele>
        <time>2026-06-16T21:41:21.000Z</time>
      </trkpt>
      <trkpt lat="40.795697" lon="-73.975364">
        <ele>15</ele>
        <time>2026-06-16T21:41:22.000Z</time>
      </trkpt>
      <trkpt lat="40.795705" lon="-73.975354">
        <ele>15</ele>
        <time>2026-06-16T21:41:23.000Z</time>
      </trkpt>
      <trkpt lat="40.795711" lon="-73.975344">
        <ele>15</ele>
        <time>2026-06-16T21:41:24.000Z</time>
      </trkpt>
      <trkpt lat="40.795718" lon="-73.975334">
        <ele>15.2</ele>
        <time>2026-06-16T21:41:25.000Z</time>
      </trkpt>
      <trkpt lat="40.795724" lon="-73.975325">
        <ele>15.2</ele>
        <time>2026-06-16T21:41:26.000Z</time>
      </trkpt>
      <trkpt lat="40.795731" lon="-73.975317">
        <ele>15.2</ele>
        <time>2026-06-16T21:41:27.000Z</time>
      </trkpt>
      <trkpt lat="40.795738" lon="-73.97531">
        <ele>15.2</ele>
        <time>2026-06-16T21:41:28.000Z</time>
      </trkpt>
      <trkpt lat="40.795746" lon="-73.975304">
        <ele>15.4</ele>
        <time>2026-06-16T21:41:29.000Z</time>
      </trkpt>
      <trkpt lat="40.795754" lon="-73.975298">
        <ele>15.4</ele>
        <time>2026-06-16T21:41:30.000Z</time>
      </trkpt>
      <trkpt lat="40.795762" lon="-73.975291">
        <ele>15.4</ele>
        <time>2026-06-16T21:41:31.000Z</time>
      </trkpt>
      <trkpt lat="40.795771" lon="-73.975282">
        <ele>15.4</ele>
        <time>2026-06-16T21:41:32.000Z</time>
      </trkpt>
      <trkpt lat="40.795778" lon="-73.975273">
        <ele>15.4</ele>
        <time>2026-06-16T21:41:33.000Z</time>
      </trkpt>
      <trkpt lat="40.795785" lon="-73.975262">
        <ele>15.6</ele>
        <time>2026-06-16T21:41:34.000Z</time>
      </trkpt>
      <trkpt lat="40.795791" lon="-73.97525">
        <ele>15.6</ele>
        <time>2026-06-16T21:41:35.000Z</time>
      </trkpt>
      <trkpt lat="40.795796" lon="-73.975237">
        <ele>15.6</ele>
        <time>2026-06-16T21:41:36.000Z</time>
      </trkpt>
      <trkpt lat="40.795802" lon="-73.975224">
        <ele>15.6</ele>
        <time>2026-06-16T21:41:37.000Z</time>
      </trkpt>
      <trkpt lat="40.795809" lon="-73.975212">
        <ele>15.6</ele>
        <time>2026-06-16T21:41:38.000Z</time>
      </trkpt>
      <trkpt lat="40.795816" lon="-73.975199">
        <ele>15.8</ele>
        <time>2026-06-16T21:41:39.000Z</time>
      </trkpt>
      <trkpt lat="40.795822" lon="-73.975187">
        <ele>15.8</ele>
        <time>2026-06-16T21:41:40.000Z</time>
      </trkpt>
      <trkpt lat="40.795829" lon="-73.975174">
        <ele>15.8</ele>
        <time>2026-06-16T21:41:41.000Z</time>
      </trkpt>
      <trkpt lat="40.795836" lon="-73.975161">
        <ele>15.8</ele>
        <time>2026-06-16T21:41:42.000Z</time>
      </trkpt>
      <trkpt lat="40.795842" lon="-73.975147">
        <ele>15.8</ele>
        <time>2026-06-16T21:41:43.000Z</time>
      </trkpt>
      <trkpt lat="40.79585" lon="-73.975134">
        <ele>16</ele>
        <time>2026-06-16T21:41:44.000Z</time>
      </trkpt>
      <trkpt lat="40.795857" lon="-73.975121">
        <ele>16</ele>
        <time>2026-06-16T21:41:45.000Z</time>
      </trkpt>
      <trkpt lat="40.795865" lon="-73.975108">
        <ele>16</ele>
        <time>2026-06-16T21:41:46.000Z</time>
      </trkpt>
      <trkpt lat="40.795872" lon="-73.975095">
        <ele>16</ele>
        <time>2026-06-16T21:41:47.000Z</time>
      </trkpt>
      <trkpt lat="40.79588" lon="-73.975083">
        <ele>16</ele>
        <time>2026-06-16T21:41:48.000Z</time>
      </trkpt>
      <trkpt lat="40.795888" lon="-73.975071">
        <ele>16.2</ele>
        <time>2026-06-16T21:41:49.000Z</time>
      </trkpt>
      <trkpt lat="40.795901" lon="-73.975052">
        <ele>16.2</ele>
        <time>2026-06-16T21:41:50.000Z</time>
      </trkpt>
      <trkpt lat="40.795905" lon="-73.975045">
        <ele>16.2</ele>
        <time>2026-06-16T21:41:51.000Z</time>
      </trkpt>
      <trkpt lat="40.795913" lon="-73.975032">
        <ele>16.4</ele>
        <time>2026-06-16T21:41:52.000Z</time>
      </trkpt>
      <trkpt lat="40.795919" lon="-73.975019">
        <ele>16.4</ele>
        <time>2026-06-16T21:41:53.000Z</time>
      </trkpt>
      <trkpt lat="40.795925" lon="-73.975007">
        <ele>16.4</ele>
        <time>2026-06-16T21:41:54.000Z</time>
      </trkpt>
      <trkpt lat="40.795931" lon="-73.974994">
        <ele>16.4</ele>
        <time>2026-06-16T21:41:55.000Z</time>
      </trkpt>
      <trkpt lat="40.795936" lon="-73.974982">
        <ele>16.4</ele>
        <time>2026-06-16T21:41:56.000Z</time>
      </trkpt>
      <trkpt lat="40.795942" lon="-73.974969">
        <ele>16.6</ele>
        <time>2026-06-16T21:41:57.000Z</time>
      </trkpt>
      <trkpt lat="40.795948" lon="-73.974957">
        <ele>16.6</ele>
        <time>2026-06-16T21:41:58.000Z</time>
      </trkpt>
      <trkpt lat="40.795954" lon="-73.974944">
        <ele>16.6</ele>
        <time>2026-06-16T21:41:59.000Z</time>
      </trkpt>
      <trkpt lat="40.79596" lon="-73.974932">
        <ele>16.6</ele>
        <time>2026-06-16T21:42:00.000Z</time>
      </trkpt>
      <trkpt lat="40.795966" lon="-73.97492">
        <ele>16.6</ele>
        <time>2026-06-16T21:42:01.000Z</time>
      </trkpt>
      <trkpt lat="40.795972" lon="-73.974908">
        <ele>16.6</ele>
        <time>2026-06-16T21:42:02.000Z</time>
      </trkpt>
      <trkpt lat="40.795978" lon="-73.974897">
        <ele>16.6</ele>
        <time>2026-06-16T21:42:03.000Z</time>
      </trkpt>
      <trkpt lat="40.795984" lon="-73.974885">
        <ele>16.6</ele>
        <time>2026-06-16T21:42:04.000Z</time>
      </trkpt>
      <trkpt lat="40.795994" lon="-73.974867">
        <ele>16.8</ele>
        <time>2026-06-16T21:42:05.000Z</time>
      </trkpt>
      <trkpt lat="40.795999" lon="-73.974859">
        <ele>16.8</ele>
        <time>2026-06-16T21:42:06.000Z</time>
      </trkpt>
      <trkpt lat="40.796003" lon="-73.974852">
        <ele>16.8</ele>
        <time>2026-06-16T21:42:07.000Z</time>
      </trkpt>
      <trkpt lat="40.796009" lon="-73.974841">
        <ele>16.8</ele>
        <time>2026-06-16T21:42:08.000Z</time>
      </trkpt>
      <trkpt lat="40.796015" lon="-73.974829">
        <ele>16.8</ele>
        <time>2026-06-16T21:42:09.000Z</time>
      </trkpt>
      <trkpt lat="40.796022" lon="-73.974818">
        <ele>16.8</ele>
        <time>2026-06-16T21:42:10.000Z</time>
      </trkpt>
      <trkpt lat="40.796028" lon="-73.974807">
        <ele>16.8</ele>
        <time>2026-06-16T21:42:11.000Z</time>
      </trkpt>
      <trkpt lat="40.796035" lon="-73.974795">
        <ele>16.6</ele>
        <time>2026-06-16T21:42:12.000Z</time>
      </trkpt>
      <trkpt lat="40.796041" lon="-73.974784">
        <ele>16.6</ele>
        <time>2026-06-16T21:42:13.000Z</time>
      </trkpt>
      <trkpt lat="40.796048" lon="-73.974772">
        <ele>16.6</ele>
        <time>2026-06-16T21:42:14.000Z</time>
      </trkpt>
      <trkpt lat="40.796055" lon="-73.974761">
        <ele>16.6</ele>
        <time>2026-06-16T21:42:15.000Z</time>
      </trkpt>
      <trkpt lat="40.796061" lon="-73.974749">
        <ele>16.6</ele>
        <time>2026-06-16T21:42:16.000Z</time>
      </trkpt>
      <trkpt lat="40.796068" lon="-73.974737">
        <ele>16.4</ele>
        <time>2026-06-16T21:42:17.000Z</time>
      </trkpt>
      <trkpt lat="40.796075" lon="-73.974725">
        <ele>16.4</ele>
        <time>2026-06-16T21:42:18.000Z</time>
      </trkpt>
      <trkpt lat="40.796082" lon="-73.974714">
        <ele>16.4</ele>
        <time>2026-06-16T21:42:19.000Z</time>
      </trkpt>
      <trkpt lat="40.796088" lon="-73.974702">
        <ele>16.4</ele>
        <time>2026-06-16T21:42:20.000Z</time>
      </trkpt>
      <trkpt lat="40.796095" lon="-73.97469">
        <ele>16.2</ele>
        <time>2026-06-16T21:42:21.000Z</time>
      </trkpt>
      <trkpt lat="40.796102" lon="-73.974679">
        <ele>16.2</ele>
        <time>2026-06-16T21:42:22.000Z</time>
      </trkpt>
      <trkpt lat="40.796109" lon="-73.974667">
        <ele>16.2</ele>
        <time>2026-06-16T21:42:23.000Z</time>
      </trkpt>
      <trkpt lat="40.796116" lon="-73.974656">
        <ele>16.2</ele>
        <time>2026-06-16T21:42:24.000Z</time>
      </trkpt>
      <trkpt lat="40.796122" lon="-73.974644">
        <ele>16</ele>
        <time>2026-06-16T21:42:25.000Z</time>
      </trkpt>
      <trkpt lat="40.796129" lon="-73.974633">
        <ele>16</ele>
        <time>2026-06-16T21:42:26.000Z</time>
      </trkpt>
      <trkpt lat="40.796135" lon="-73.974622">
        <ele>16</ele>
        <time>2026-06-16T21:42:27.000Z</time>
      </trkpt>
      <trkpt lat="40.796142" lon="-73.974612">
        <ele>16</ele>
        <time>2026-06-16T21:42:28.000Z</time>
      </trkpt>
      <trkpt lat="40.796148" lon="-73.974601">
        <ele>16</ele>
        <time>2026-06-16T21:42:29.000Z</time>
      </trkpt>
      <trkpt lat="40.796155" lon="-73.97459">
        <ele>15.8</ele>
        <time>2026-06-16T21:42:30.000Z</time>
      </trkpt>
      <trkpt lat="40.796161" lon="-73.97458">
        <ele>15.8</ele>
        <time>2026-06-16T21:42:31.000Z</time>
      </trkpt>
      <trkpt lat="40.796168" lon="-73.97457">
        <ele>15.8</ele>
        <time>2026-06-16T21:42:32.000Z</time>
      </trkpt>
      <trkpt lat="40.796175" lon="-73.974561">
        <ele>15.8</ele>
        <time>2026-06-16T21:42:33.000Z</time>
      </trkpt>
      <trkpt lat="40.796181" lon="-73.974551">
        <ele>15.8</ele>
        <time>2026-06-16T21:42:34.000Z</time>
      </trkpt>
      <trkpt lat="40.796188" lon="-73.974542">
        <ele>15.8</ele>
        <time>2026-06-16T21:42:35.000Z</time>
      </trkpt>
      <trkpt lat="40.796195" lon="-73.974532">
        <ele>15.8</ele>
        <time>2026-06-16T21:42:36.000Z</time>
      </trkpt>
      <trkpt lat="40.796201" lon="-73.974523">
        <ele>15.6</ele>
        <time>2026-06-16T21:42:37.000Z</time>
      </trkpt>
      <trkpt lat="40.796208" lon="-73.974514">
        <ele>15.6</ele>
        <time>2026-06-16T21:42:38.000Z</time>
      </trkpt>
      <trkpt lat="40.796214" lon="-73.974505">
        <ele>15.6</ele>
        <time>2026-06-16T21:42:39.000Z</time>
      </trkpt>
      <trkpt lat="40.79622" lon="-73.974496">
        <ele>15.6</ele>
        <time>2026-06-16T21:42:40.000Z</time>
      </trkpt>
      <trkpt lat="40.796227" lon="-73.974488">
        <ele>15.6</ele>
        <time>2026-06-16T21:42:41.000Z</time>
      </trkpt>
      <trkpt lat="40.796233" lon="-73.97448">
        <ele>15.6</ele>
        <time>2026-06-16T21:42:42.000Z</time>
      </trkpt>
      <trkpt lat="40.796239" lon="-73.974471">
        <ele>15.6</ele>
        <time>2026-06-16T21:42:43.000Z</time>
      </trkpt>
      <trkpt lat="40.796246" lon="-73.974462">
        <ele>15.6</ele>
        <time>2026-06-16T21:42:44.000Z</time>
      </trkpt>
      <trkpt lat="40.796253" lon="-73.974453">
        <ele>15.6</ele>
        <time>2026-06-16T21:42:45.000Z</time>
      </trkpt>
      <trkpt lat="40.796259" lon="-73.974445">
        <ele>15.6</ele>
        <time>2026-06-16T21:42:46.000Z</time>
      </trkpt>
      <trkpt lat="40.796264" lon="-73.974439">
        <ele>15.6</ele>
        <time>2026-06-16T21:42:47.000Z</time>
      </trkpt>
      <trkpt lat="40.796267" lon="-73.974435">
        <ele>15.6</ele>
        <time>2026-06-16T21:42:48.000Z</time>
      </trkpt>
      <trkpt lat="40.79627" lon="-73.974431">
        <ele>15.4</ele>
        <time>2026-06-16T21:42:49.000Z</time>
      </trkpt>
      <trkpt lat="40.796272" lon="-73.974427">
        <ele>15.4</ele>
        <time>2026-06-16T21:42:50.000Z</time>
      </trkpt>
      <trkpt lat="40.796275" lon="-73.97442">
        <ele>15.4</ele>
        <time>2026-06-16T21:42:51.000Z</time>
      </trkpt>
      <trkpt lat="40.79628" lon="-73.974413">
        <ele>15.4</ele>
        <time>2026-06-16T21:42:52.000Z</time>
      </trkpt>
      <trkpt lat="40.796286" lon="-73.974405">
        <ele>15.2</ele>
        <time>2026-06-16T21:42:53.000Z</time>
      </trkpt>
      <trkpt lat="40.796294" lon="-73.974397">
        <ele>15.2</ele>
        <time>2026-06-16T21:42:54.000Z</time>
      </trkpt>
      <trkpt lat="40.796302" lon="-73.974388">
        <ele>15.2</ele>
        <time>2026-06-16T21:42:55.000Z</time>
      </trkpt>
      <trkpt lat="40.796309" lon="-73.974379">
        <ele>15</ele>
        <time>2026-06-16T21:42:56.000Z</time>
      </trkpt>
      <trkpt lat="40.796317" lon="-73.974371">
        <ele>15</ele>
        <time>2026-06-16T21:42:57.000Z</time>
      </trkpt>
      <trkpt lat="40.796323" lon="-73.974363">
        <ele>15</ele>
        <time>2026-06-16T21:42:58.000Z</time>
      </trkpt>
      <trkpt lat="40.796329" lon="-73.974354">
        <ele>15</ele>
        <time>2026-06-16T21:42:59.000Z</time>
      </trkpt>
      <trkpt lat="40.796334" lon="-73.974346">
        <ele>15</ele>
        <time>2026-06-16T21:43:00.000Z</time>
      </trkpt>
      <trkpt lat="40.79634" lon="-73.974339">
        <ele>14.8</ele>
        <time>2026-06-16T21:43:01.000Z</time>
      </trkpt>
      <trkpt lat="40.796346" lon="-73.974331">
        <ele>14.8</ele>
        <time>2026-06-16T21:43:02.000Z</time>
      </trkpt>
      <trkpt lat="40.796353" lon="-73.974324">
        <ele>14.8</ele>
        <time>2026-06-16T21:43:03.000Z</time>
      </trkpt>
      <trkpt lat="40.796361" lon="-73.974315">
        <ele>14.8</ele>
        <time>2026-06-16T21:43:04.000Z</time>
      </trkpt>
      <trkpt lat="40.796369" lon="-73.974308">
        <ele>14.8</ele>
        <time>2026-06-16T21:43:05.000Z</time>
      </trkpt>
      <trkpt lat="40.796377" lon="-73.974301">
        <ele>14.6</ele>
        <time>2026-06-16T21:43:06.000Z</time>
      </trkpt>
      <trkpt lat="40.796386" lon="-73.974293">
        <ele>14.6</ele>
        <time>2026-06-16T21:43:07.000Z</time>
      </trkpt>
      <trkpt lat="40.796394" lon="-73.974285">
        <ele>14.6</ele>
        <time>2026-06-16T21:43:08.000Z</time>
      </trkpt>
      <trkpt lat="40.796402" lon="-73.974278">
        <ele>14.6</ele>
        <time>2026-06-16T21:43:09.000Z</time>
      </trkpt>
      <trkpt lat="40.796409" lon="-73.974271">
        <ele>14.6</ele>
        <time>2026-06-16T21:43:10.000Z</time>
      </trkpt>
      <trkpt lat="40.796416" lon="-73.974264">
        <ele>14.4</ele>
        <time>2026-06-16T21:43:11.000Z</time>
      </trkpt>
      <trkpt lat="40.796424" lon="-73.974257">
        <ele>14.4</ele>
        <time>2026-06-16T21:43:12.000Z</time>
      </trkpt>
      <trkpt lat="40.796432" lon="-73.97425">
        <ele>14.4</ele>
        <time>2026-06-16T21:43:13.000Z</time>
      </trkpt>
      <trkpt lat="40.79644" lon="-73.974242">
        <ele>14.4</ele>
        <time>2026-06-16T21:43:14.000Z</time>
      </trkpt>
      <trkpt lat="40.796448" lon="-73.974235">
        <ele>14.2</ele>
        <time>2026-06-16T21:43:15.000Z</time>
      </trkpt>
      <trkpt lat="40.796455" lon="-73.974226">
        <ele>14.2</ele>
        <time>2026-06-16T21:43:16.000Z</time>
      </trkpt>
      <trkpt lat="40.796462" lon="-73.974218">
        <ele>14.2</ele>
        <time>2026-06-16T21:43:17.000Z</time>
      </trkpt>
      <trkpt lat="40.796468" lon="-73.974211">
        <ele>14.2</ele>
        <time>2026-06-16T21:43:18.000Z</time>
      </trkpt>
      <trkpt lat="40.796473" lon="-73.974202">
        <ele>14</ele>
        <time>2026-06-16T21:43:19.000Z</time>
      </trkpt>
      <trkpt lat="40.796481" lon="-73.974186">
        <ele>14</ele>
        <time>2026-06-16T21:43:20.000Z</time>
      </trkpt>
      <trkpt lat="40.796484" lon="-73.97418">
        <ele>14</ele>
        <time>2026-06-16T21:43:21.000Z</time>
      </trkpt>
      <trkpt lat="40.796496" lon="-73.974156">
        <ele>14</ele>
        <time>2026-06-16T21:43:22.000Z</time>
      </trkpt>
      <trkpt lat="40.7965" lon="-73.974147">
        <ele>14</ele>
        <time>2026-06-16T21:43:23.000Z</time>
      </trkpt>
      <trkpt lat="40.796505" lon="-73.974137">
        <ele>14</ele>
        <time>2026-06-16T21:43:24.000Z</time>
      </trkpt>
      <trkpt lat="40.796516" lon="-73.974115">
        <ele>14</ele>
        <time>2026-06-16T21:43:25.000Z</time>
      </trkpt>
      <trkpt lat="40.796519" lon="-73.974108">
        <ele>14.2</ele>
        <time>2026-06-16T21:43:26.000Z</time>
      </trkpt>
      <trkpt lat="40.796527" lon="-73.974096">
        <ele>14.2</ele>
        <time>2026-06-16T21:43:27.000Z</time>
      </trkpt>
      <trkpt lat="40.796534" lon="-73.974083">
        <ele>14.2</ele>
        <time>2026-06-16T21:43:28.000Z</time>
      </trkpt>
      <trkpt lat="40.796542" lon="-73.97407">
        <ele>14.2</ele>
        <time>2026-06-16T21:43:29.000Z</time>
      </trkpt>
      <trkpt lat="40.79655" lon="-73.974057">
        <ele>14.2</ele>
        <time>2026-06-16T21:43:30.000Z</time>
      </trkpt>
      <trkpt lat="40.796558" lon="-73.974044">
        <ele>14.2</ele>
        <time>2026-06-16T21:43:31.000Z</time>
      </trkpt>
      <trkpt lat="40.796567" lon="-73.97403">
        <ele>14.4</ele>
        <time>2026-06-16T21:43:32.000Z</time>
      </trkpt>
      <trkpt lat="40.796575" lon="-73.974017">
        <ele>14.4</ele>
        <time>2026-06-16T21:43:33.000Z</time>
      </trkpt>
      <trkpt lat="40.796583" lon="-73.974006">
        <ele>14.4</ele>
        <time>2026-06-16T21:43:34.000Z</time>
      </trkpt>
      <trkpt lat="40.796592" lon="-73.973995">
        <ele>14.4</ele>
        <time>2026-06-16T21:43:35.000Z</time>
      </trkpt>
      <trkpt lat="40.796601" lon="-73.973984">
        <ele>14.6</ele>
        <time>2026-06-16T21:43:36.000Z</time>
      </trkpt>
      <trkpt lat="40.796609" lon="-73.973974">
        <ele>14.6</ele>
        <time>2026-06-16T21:43:37.000Z</time>
      </trkpt>
      <trkpt lat="40.796617" lon="-73.973963">
        <ele>14.6</ele>
        <time>2026-06-16T21:43:38.000Z</time>
      </trkpt>
      <trkpt lat="40.796626" lon="-73.973952">
        <ele>14.8</ele>
        <time>2026-06-16T21:43:39.000Z</time>
      </trkpt>
      <trkpt lat="40.796634" lon="-73.973942">
        <ele>14.8</ele>
        <time>2026-06-16T21:43:40.000Z</time>
      </trkpt>
      <trkpt lat="40.796642" lon="-73.973933">
        <ele>14.8</ele>
        <time>2026-06-16T21:43:41.000Z</time>
      </trkpt>
      <trkpt lat="40.796651" lon="-73.973924">
        <ele>15</ele>
        <time>2026-06-16T21:43:42.000Z</time>
      </trkpt>
      <trkpt lat="40.79666" lon="-73.973914">
        <ele>15</ele>
        <time>2026-06-16T21:43:43.000Z</time>
      </trkpt>
      <trkpt lat="40.796669" lon="-73.973905">
        <ele>15.2</ele>
        <time>2026-06-16T21:43:44.000Z</time>
      </trkpt>
      <trkpt lat="40.796678" lon="-73.973896">
        <ele>15.2</ele>
        <time>2026-06-16T21:43:45.000Z</time>
      </trkpt>
      <trkpt lat="40.796687" lon="-73.973887">
        <ele>15.2</ele>
        <time>2026-06-16T21:43:46.000Z</time>
      </trkpt>
      <trkpt lat="40.796695" lon="-73.97388">
        <ele>15.4</ele>
        <time>2026-06-16T21:43:47.000Z</time>
      </trkpt>
      <trkpt lat="40.796703" lon="-73.973872">
        <ele>15.4</ele>
        <time>2026-06-16T21:43:48.000Z</time>
      </trkpt>
      <trkpt lat="40.796712" lon="-73.973865">
        <ele>15.4</ele>
        <time>2026-06-16T21:43:49.000Z</time>
      </trkpt>
      <trkpt lat="40.79672" lon="-73.973858">
        <ele>15.6</ele>
        <time>2026-06-16T21:43:50.000Z</time>
      </trkpt>
      <trkpt lat="40.796729" lon="-73.973851">
        <ele>15.6</ele>
        <time>2026-06-16T21:43:51.000Z</time>
      </trkpt>
      <trkpt lat="40.796737" lon="-73.973844">
        <ele>15.6</ele>
        <time>2026-06-16T21:43:52.000Z</time>
      </trkpt>
      <trkpt lat="40.796747" lon="-73.973836">
        <ele>15.8</ele>
        <time>2026-06-16T21:43:53.000Z</time>
      </trkpt>
      <trkpt lat="40.796756" lon="-73.973829">
        <ele>15.8</ele>
        <time>2026-06-16T21:43:54.000Z</time>
      </trkpt>
      <trkpt lat="40.796767" lon="-73.973821">
        <ele>15.8</ele>
        <time>2026-06-16T21:43:55.000Z</time>
      </trkpt>
      <trkpt lat="40.796777" lon="-73.973814">
        <ele>16</ele>
        <time>2026-06-16T21:43:56.000Z</time>
      </trkpt>
      <trkpt lat="40.796787" lon="-73.973807">
        <ele>16</ele>
        <time>2026-06-16T21:43:57.000Z</time>
      </trkpt>
      <trkpt lat="40.796796" lon="-73.973801">
        <ele>16</ele>
        <time>2026-06-16T21:43:58.000Z</time>
      </trkpt>
      <trkpt lat="40.796806" lon="-73.973796">
        <ele>16.2</ele>
        <time>2026-06-16T21:43:59.000Z</time>
      </trkpt>
      <trkpt lat="40.796814" lon="-73.97379">
        <ele>16.2</ele>
        <time>2026-06-16T21:44:00.000Z</time>
      </trkpt>
      <trkpt lat="40.796823" lon="-73.973785">
        <ele>16.4</ele>
        <time>2026-06-16T21:44:01.000Z</time>
      </trkpt>
      <trkpt lat="40.796832" lon="-73.973781">
        <ele>16.4</ele>
        <time>2026-06-16T21:44:02.000Z</time>
      </trkpt>
      <trkpt lat="40.796842" lon="-73.973776">
        <ele>16.4</ele>
        <time>2026-06-16T21:44:03.000Z</time>
      </trkpt>
      <trkpt lat="40.796852" lon="-73.973771">
        <ele>16.6</ele>
        <time>2026-06-16T21:44:04.000Z</time>
      </trkpt>
      <trkpt lat="40.796862" lon="-73.973767">
        <ele>16.6</ele>
        <time>2026-06-16T21:44:05.000Z</time>
      </trkpt>
      <trkpt lat="40.796873" lon="-73.973764">
        <ele>16.8</ele>
        <time>2026-06-16T21:44:06.000Z</time>
      </trkpt>
      <trkpt lat="40.796884" lon="-73.973762">
        <ele>16.8</ele>
        <time>2026-06-16T21:44:07.000Z</time>
      </trkpt>
      <trkpt lat="40.796895" lon="-73.973761">
        <ele>16.8</ele>
        <time>2026-06-16T21:44:08.000Z</time>
      </trkpt>
      <trkpt lat="40.796905" lon="-73.97376">
        <ele>17</ele>
        <time>2026-06-16T21:44:09.000Z</time>
      </trkpt>
      <trkpt lat="40.796915" lon="-73.973758">
        <ele>17</ele>
        <time>2026-06-16T21:44:10.000Z</time>
      </trkpt>
      <trkpt lat="40.796924" lon="-73.973756">
        <ele>17.2</ele>
        <time>2026-06-16T21:44:11.000Z</time>
      </trkpt>
      <trkpt lat="40.796934" lon="-73.973753">
        <ele>17.2</ele>
        <time>2026-06-16T21:44:12.000Z</time>
      </trkpt>
      <trkpt lat="40.796946" lon="-73.97375">
        <ele>17.2</ele>
        <time>2026-06-16T21:44:13.000Z</time>
      </trkpt>
      <trkpt lat="40.796958" lon="-73.973747">
        <ele>17.4</ele>
        <time>2026-06-16T21:44:14.000Z</time>
      </trkpt>
      <trkpt lat="40.796968" lon="-73.973744">
        <ele>17.4</ele>
        <time>2026-06-16T21:44:15.000Z</time>
      </trkpt>
      <trkpt lat="40.796978" lon="-73.97374">
        <ele>17.6</ele>
        <time>2026-06-16T21:44:16.000Z</time>
      </trkpt>
      <trkpt lat="40.796988" lon="-73.973735">
        <ele>17.6</ele>
        <time>2026-06-16T21:44:17.000Z</time>
      </trkpt>
      <trkpt lat="40.796998" lon="-73.97373">
        <ele>17.6</ele>
        <time>2026-06-16T21:44:18.000Z</time>
      </trkpt>
      <trkpt lat="40.797015" lon="-73.973721">
        <ele>17.8</ele>
        <time>2026-06-16T21:44:19.000Z</time>
      </trkpt>
      <trkpt lat="40.797021" lon="-73.973718">
        <ele>17.8</ele>
        <time>2026-06-16T21:44:20.000Z</time>
      </trkpt>
      <trkpt lat="40.797033" lon="-73.973711">
        <ele>18</ele>
        <time>2026-06-16T21:44:21.000Z</time>
      </trkpt>
      <trkpt lat="40.797044" lon="-73.973704">
        <ele>18</ele>
        <time>2026-06-16T21:44:22.000Z</time>
      </trkpt>
      <trkpt lat="40.797054" lon="-73.973695">
        <ele>18</ele>
        <time>2026-06-16T21:44:23.000Z</time>
      </trkpt>
      <trkpt lat="40.797073" lon="-73.973678">
        <ele>18.2</ele>
        <time>2026-06-16T21:44:24.000Z</time>
      </trkpt>
      <trkpt lat="40.79708" lon="-73.973671">
        <ele>18.2</ele>
        <time>2026-06-16T21:44:25.000Z</time>
      </trkpt>
      <trkpt lat="40.797088" lon="-73.973664">
        <ele>18.4</ele>
        <time>2026-06-16T21:44:26.000Z</time>
      </trkpt>
      <trkpt lat="40.797101" lon="-73.973654">
        <ele>18.4</ele>
        <time>2026-06-16T21:44:27.000Z</time>
      </trkpt>
      <trkpt lat="40.797114" lon="-73.973645">
        <ele>18.4</ele>
        <time>2026-06-16T21:44:28.000Z</time>
      </trkpt>
      <trkpt lat="40.797127" lon="-73.973637">
        <ele>18.6</ele>
        <time>2026-06-16T21:44:29.000Z</time>
      </trkpt>
      <trkpt lat="40.797139" lon="-73.97363">
        <ele>18.6</ele>
        <time>2026-06-16T21:44:30.000Z</time>
      </trkpt>
      <trkpt lat="40.797151" lon="-73.973622">
        <ele>18.6</ele>
        <time>2026-06-16T21:44:31.000Z</time>
      </trkpt>
      <trkpt lat="40.797168" lon="-73.973609">
        <ele>18.8</ele>
        <time>2026-06-16T21:44:32.000Z</time>
      </trkpt>
      <trkpt lat="40.797173" lon="-73.973605">
        <ele>18.8</ele>
        <time>2026-06-16T21:44:33.000Z</time>
      </trkpt>
      <trkpt lat="40.797184" lon="-73.973599">
        <ele>18.8</ele>
        <time>2026-06-16T21:44:34.000Z</time>
      </trkpt>
      <trkpt lat="40.797195" lon="-73.973594">
        <ele>19</ele>
        <time>2026-06-16T21:44:35.000Z</time>
      </trkpt>
      <trkpt lat="40.797205" lon="-73.97359">
        <ele>19</ele>
        <time>2026-06-16T21:44:36.000Z</time>
      </trkpt>
      <trkpt lat="40.797223" lon="-73.973581">
        <ele>19</ele>
        <time>2026-06-16T21:44:37.000Z</time>
      </trkpt>
      <trkpt lat="40.79723" lon="-73.973578">
        <ele>19.2</ele>
        <time>2026-06-16T21:44:38.000Z</time>
      </trkpt>
      <trkpt lat="40.797238" lon="-73.973574">
        <ele>19.2</ele>
        <time>2026-06-16T21:44:39.000Z</time>
      </trkpt>
      <trkpt lat="40.79725" lon="-73.97357">
        <ele>19.4</ele>
        <time>2026-06-16T21:44:40.000Z</time>
      </trkpt>
      <trkpt lat="40.797262" lon="-73.973568">
        <ele>19.4</ele>
        <time>2026-06-16T21:44:41.000Z</time>
      </trkpt>
      <trkpt lat="40.797275" lon="-73.973567">
        <ele>19.4</ele>
        <time>2026-06-16T21:44:42.000Z</time>
      </trkpt>
      <trkpt lat="40.797287" lon="-73.973567">
        <ele>19.6</ele>
        <time>2026-06-16T21:44:43.000Z</time>
      </trkpt>
      <trkpt lat="40.797299" lon="-73.973567">
        <ele>19.6</ele>
        <time>2026-06-16T21:44:44.000Z</time>
      </trkpt>
      <trkpt lat="40.79731" lon="-73.973567">
        <ele>19.6</ele>
        <time>2026-06-16T21:44:45.000Z</time>
      </trkpt>
      <trkpt lat="40.797321" lon="-73.973568">
        <ele>19.8</ele>
        <time>2026-06-16T21:44:46.000Z</time>
      </trkpt>
      <trkpt lat="40.797333" lon="-73.973569">
        <ele>19.8</ele>
        <time>2026-06-16T21:44:47.000Z</time>
      </trkpt>
      <trkpt lat="40.797343" lon="-73.97357">
        <ele>19.8</ele>
        <time>2026-06-16T21:44:48.000Z</time>
      </trkpt>
      <trkpt lat="40.797352" lon="-73.973572">
        <ele>20</ele>
        <time>2026-06-16T21:44:49.000Z</time>
      </trkpt>
      <trkpt lat="40.797368" lon="-73.973577">
        <ele>20</ele>
        <time>2026-06-16T21:44:50.000Z</time>
      </trkpt>
      <trkpt lat="40.797374" lon="-73.973579">
        <ele>20</ele>
        <time>2026-06-16T21:44:51.000Z</time>
      </trkpt>
      <trkpt lat="40.797385" lon="-73.973584">
        <ele>20.2</ele>
        <time>2026-06-16T21:44:52.000Z</time>
      </trkpt>
      <trkpt lat="40.797395" lon="-73.973589">
        <ele>20.2</ele>
        <time>2026-06-16T21:44:53.000Z</time>
      </trkpt>
      <trkpt lat="40.797405" lon="-73.973593">
        <ele>20.2</ele>
        <time>2026-06-16T21:44:54.000Z</time>
      </trkpt>
      <trkpt lat="40.797415" lon="-73.973596">
        <ele>20.2</ele>
        <time>2026-06-16T21:44:55.000Z</time>
      </trkpt>
      <trkpt lat="40.797427" lon="-73.973598">
        <ele>20.4</ele>
        <time>2026-06-16T21:44:56.000Z</time>
      </trkpt>
      <trkpt lat="40.797439" lon="-73.973601">
        <ele>20.4</ele>
        <time>2026-06-16T21:44:57.000Z</time>
      </trkpt>
      <trkpt lat="40.797451" lon="-73.973604">
        <ele>20.4</ele>
        <time>2026-06-16T21:44:58.000Z</time>
      </trkpt>
      <trkpt lat="40.797464" lon="-73.973607">
        <ele>20.6</ele>
        <time>2026-06-16T21:44:59.000Z</time>
      </trkpt>
      <trkpt lat="40.797476" lon="-73.973609">
        <ele>20.6</ele>
        <time>2026-06-16T21:45:00.000Z</time>
      </trkpt>
      <trkpt lat="40.797488" lon="-73.973611">
        <ele>20.6</ele>
        <time>2026-06-16T21:45:01.000Z</time>
      </trkpt>
      <trkpt lat="40.797499" lon="-73.973612">
        <ele>20.8</ele>
        <time>2026-06-16T21:45:02.000Z</time>
      </trkpt>
      <trkpt lat="40.797511" lon="-73.973612">
        <ele>20.8</ele>
        <time>2026-06-16T21:45:03.000Z</time>
      </trkpt>
      <trkpt lat="40.797522" lon="-73.973612">
        <ele>20.8</ele>
        <time>2026-06-16T21:45:04.000Z</time>
      </trkpt>
      <trkpt lat="40.797532" lon="-73.97361">
        <ele>21</ele>
        <time>2026-06-16T21:45:05.000Z</time>
      </trkpt>
      <trkpt lat="40.797543" lon="-73.973608">
        <ele>21</ele>
        <time>2026-06-16T21:45:06.000Z</time>
      </trkpt>
      <trkpt lat="40.797553" lon="-73.973604">
        <ele>21</ele>
        <time>2026-06-16T21:45:07.000Z</time>
      </trkpt>
      <trkpt lat="40.797564" lon="-73.973601">
        <ele>21.2</ele>
        <time>2026-06-16T21:45:08.000Z</time>
      </trkpt>
      <trkpt lat="40.797574" lon="-73.973598">
        <ele>21.2</ele>
        <time>2026-06-16T21:45:09.000Z</time>
      </trkpt>
      <trkpt lat="40.797584" lon="-73.973595">
        <ele>21.2</ele>
        <time>2026-06-16T21:45:10.000Z</time>
      </trkpt>
      <trkpt lat="40.797594" lon="-73.973592">
        <ele>21.4</ele>
        <time>2026-06-16T21:45:11.000Z</time>
      </trkpt>
      <trkpt lat="40.797604" lon="-73.97359">
        <ele>21.4</ele>
        <time>2026-06-16T21:45:12.000Z</time>
      </trkpt>
      <trkpt lat="40.797613" lon="-73.973588">
        <ele>21.4</ele>
        <time>2026-06-16T21:45:13.000Z</time>
      </trkpt>
      <trkpt lat="40.797622" lon="-73.973586">
        <ele>21.4</ele>
        <time>2026-06-16T21:45:14.000Z</time>
      </trkpt>
      <trkpt lat="40.797633" lon="-73.973583">
        <ele>21.4</ele>
        <time>2026-06-16T21:45:15.000Z</time>
      </trkpt>
      <trkpt lat="40.79765" lon="-73.973577">
        <ele>21.6</ele>
        <time>2026-06-16T21:45:16.000Z</time>
      </trkpt>
      <trkpt lat="40.797656" lon="-73.973574">
        <ele>21.6</ele>
        <time>2026-06-16T21:45:17.000Z</time>
      </trkpt>
      <trkpt lat="40.797667" lon="-73.97357">
        <ele>21.6</ele>
        <time>2026-06-16T21:45:18.000Z</time>
      </trkpt>
      <trkpt lat="40.797679" lon="-73.973565">
        <ele>21.6</ele>
        <time>2026-06-16T21:45:19.000Z</time>
      </trkpt>
      <trkpt lat="40.797691" lon="-73.973561">
        <ele>21.8</ele>
        <time>2026-06-16T21:45:20.000Z</time>
      </trkpt>
      <trkpt lat="40.79771" lon="-73.973556">
        <ele>21.8</ele>
        <time>2026-06-16T21:45:21.000Z</time>
      </trkpt>
      <trkpt lat="40.797719" lon="-73.973553">
        <ele>21.8</ele>
        <time>2026-06-16T21:45:22.000Z</time>
      </trkpt>
      <trkpt lat="40.797727" lon="-73.973549">
        <ele>21.8</ele>
        <time>2026-06-16T21:45:23.000Z</time>
      </trkpt>
      <trkpt lat="40.797736" lon="-73.973546">
        <ele>22</ele>
        <time>2026-06-16T21:45:24.000Z</time>
      </trkpt>
      <trkpt lat="40.797744" lon="-73.973543">
        <ele>22</ele>
        <time>2026-06-16T21:45:25.000Z</time>
      </trkpt>
      <trkpt lat="40.797754" lon="-73.973538">
        <ele>22</ele>
        <time>2026-06-16T21:45:26.000Z</time>
      </trkpt>
      <trkpt lat="40.797765" lon="-73.973531">
        <ele>22.2</ele>
        <time>2026-06-16T21:45:27.000Z</time>
      </trkpt>
      <trkpt lat="40.797775" lon="-73.973525">
        <ele>22.2</ele>
        <time>2026-06-16T21:45:28.000Z</time>
      </trkpt>
      <trkpt lat="40.797786" lon="-73.973517">
        <ele>22.4</ele>
        <time>2026-06-16T21:45:29.000Z</time>
      </trkpt>
      <trkpt lat="40.797795" lon="-73.973508">
        <ele>22.4</ele>
        <time>2026-06-16T21:45:30.000Z</time>
      </trkpt>
      <trkpt lat="40.797803" lon="-73.973497">
        <ele>22.6</ele>
        <time>2026-06-16T21:45:31.000Z</time>
      </trkpt>
      <trkpt lat="40.797807" lon="-73.973483">
        <ele>22.6</ele>
        <time>2026-06-16T21:45:32.000Z</time>
      </trkpt>
      <trkpt lat="40.79781" lon="-73.973466">
        <ele>22.8</ele>
        <time>2026-06-16T21:45:33.000Z</time>
      </trkpt>
      <trkpt lat="40.79781" lon="-73.973447">
        <ele>23</ele>
        <time>2026-06-16T21:45:34.000Z</time>
      </trkpt>
      <trkpt lat="40.797808" lon="-73.973428">
        <ele>23</ele>
        <time>2026-06-16T21:45:35.000Z</time>
      </trkpt>
      <trkpt lat="40.797806" lon="-73.97341">
        <ele>23.2</ele>
        <time>2026-06-16T21:45:36.000Z</time>
      </trkpt>
      <trkpt lat="40.797805" lon="-73.973392">
        <ele>23.4</ele>
        <time>2026-06-16T21:45:37.000Z</time>
      </trkpt>
      <trkpt lat="40.797804" lon="-73.973374">
        <ele>23.6</ele>
        <time>2026-06-16T21:45:38.000Z</time>
      </trkpt>
      <trkpt lat="40.797803" lon="-73.973356">
        <ele>23.6</ele>
        <time>2026-06-16T21:45:39.000Z</time>
      </trkpt>
      <trkpt lat="40.797802" lon="-73.973339">
        <ele>23.8</ele>
        <time>2026-06-16T21:45:40.000Z</time>
      </trkpt>
      <trkpt lat="40.797803" lon="-73.97331">
        <ele>24</ele>
        <time>2026-06-16T21:45:41.000Z</time>
      </trkpt>
      <trkpt lat="40.797803" lon="-73.973298">
        <ele>24</ele>
        <time>2026-06-16T21:45:42.000Z</time>
      </trkpt>
      <trkpt lat="40.797804" lon="-73.973285">
        <ele>24.2</ele>
        <time>2026-06-16T21:45:43.000Z</time>
      </trkpt>
      <trkpt lat="40.797804" lon="-73.973267">
        <ele>24.4</ele>
        <time>2026-06-16T21:45:44.000Z</time>
      </trkpt>
      <trkpt lat="40.797805" lon="-73.973248">
        <ele>24.4</ele>
        <time>2026-06-16T21:45:45.000Z</time>
      </trkpt>
      <trkpt lat="40.797804" lon="-73.973218">
        <ele>24.6</ele>
        <time>2026-06-16T21:45:46.000Z</time>
      </trkpt>
      <trkpt lat="40.797803" lon="-73.973207">
        <ele>24.8</ele>
        <time>2026-06-16T21:45:47.000Z</time>
      </trkpt>
      <trkpt lat="40.797803" lon="-73.973195">
        <ele>24.8</ele>
        <time>2026-06-16T21:45:48.000Z</time>
      </trkpt>
      <trkpt lat="40.797802" lon="-73.973179">
        <ele>25</ele>
        <time>2026-06-16T21:45:49.000Z</time>
      </trkpt>
      <trkpt lat="40.7978" lon="-73.973163">
        <ele>25</ele>
        <time>2026-06-16T21:45:50.000Z</time>
      </trkpt>
      <trkpt lat="40.797798" lon="-73.973146">
        <ele>25.2</ele>
        <time>2026-06-16T21:45:51.000Z</time>
      </trkpt>
      <trkpt lat="40.797796" lon="-73.97313">
        <ele>25.4</ele>
        <time>2026-06-16T21:45:52.000Z</time>
      </trkpt>
      <trkpt lat="40.797793" lon="-73.973115">
        <ele>25.4</ele>
        <time>2026-06-16T21:45:53.000Z</time>
      </trkpt>
      <trkpt lat="40.797789" lon="-73.973101">
        <ele>25.6</ele>
        <time>2026-06-16T21:45:54.000Z</time>
      </trkpt>
      <trkpt lat="40.797786" lon="-73.973088">
        <ele>25.8</ele>
        <time>2026-06-16T21:45:55.000Z</time>
      </trkpt>
      <trkpt lat="40.797783" lon="-73.973077">
        <ele>25.8</ele>
        <time>2026-06-16T21:45:56.000Z</time>
      </trkpt>
      <trkpt lat="40.797781" lon="-73.973068">
        <ele>26</ele>
        <time>2026-06-16T21:45:57.000Z</time>
      </trkpt>
      <trkpt lat="40.797779" lon="-73.973061">
        <ele>26</ele>
        <time>2026-06-16T21:45:58.000Z</time>
      </trkpt>
      <trkpt lat="40.797776" lon="-73.973053">
        <ele>26.2</ele>
        <time>2026-06-16T21:45:59.000Z</time>
      </trkpt>
      <trkpt lat="40.797771" lon="-73.973044">
        <ele>26.4</ele>
        <time>2026-06-16T21:46:00.000Z</time>
      </trkpt>
      <trkpt lat="40.797765" lon="-73.973035">
        <ele>26.4</ele>
        <time>2026-06-16T21:46:01.000Z</time>
      </trkpt>
      <trkpt lat="40.797761" lon="-73.973027">
        <ele>26.6</ele>
        <time>2026-06-16T21:46:02.000Z</time>
      </trkpt>
      <trkpt lat="40.797755" lon="-73.973019">
        <ele>26.6</ele>
        <time>2026-06-16T21:46:03.000Z</time>
      </trkpt>
      <trkpt lat="40.797749" lon="-73.973013">
        <ele>26.8</ele>
        <time>2026-06-16T21:46:04.000Z</time>
      </trkpt>
      <trkpt lat="40.797742" lon="-73.973007">
        <ele>27</ele>
        <time>2026-06-16T21:46:05.000Z</time>
      </trkpt>
      <trkpt lat="40.797736" lon="-73.973003">
        <ele>27.2</ele>
        <time>2026-06-16T21:46:06.000Z</time>
      </trkpt>
      <trkpt lat="40.797729" lon="-73.972998">
        <ele>27.2</ele>
        <time>2026-06-16T21:46:07.000Z</time>
      </trkpt>
      <trkpt lat="40.797724" lon="-73.972993">
        <ele>27.4</ele>
        <time>2026-06-16T21:46:08.000Z</time>
      </trkpt>
      <trkpt lat="40.797719" lon="-73.972988">
        <ele>27.6</ele>
        <time>2026-06-16T21:46:09.000Z</time>
      </trkpt>
      <trkpt lat="40.797714" lon="-73.972983">
        <ele>27.8</ele>
        <time>2026-06-16T21:46:10.000Z</time>
      </trkpt>
      <trkpt lat="40.797709" lon="-73.972979">
        <ele>27.8</ele>
        <time>2026-06-16T21:46:11.000Z</time>
      </trkpt>
      <trkpt lat="40.797703" lon="-73.972975">
        <ele>28</ele>
        <time>2026-06-16T21:46:12.000Z</time>
      </trkpt>
      <trkpt lat="40.797696" lon="-73.972969">
        <ele>28.2</ele>
        <time>2026-06-16T21:46:13.000Z</time>
      </trkpt>
      <trkpt lat="40.79769" lon="-73.972963">
        <ele>28.2</ele>
        <time>2026-06-16T21:46:14.000Z</time>
      </trkpt>
      <trkpt lat="40.797683" lon="-73.972956">
        <ele>28.4</ele>
        <time>2026-06-16T21:46:15.000Z</time>
      </trkpt>
      <trkpt lat="40.797677" lon="-73.972947">
        <ele>28.4</ele>
        <time>2026-06-16T21:46:16.000Z</time>
      </trkpt>
      <trkpt lat="40.79767" lon="-73.972937">
        <ele>28.4</ele>
        <time>2026-06-16T21:46:17.000Z</time>
      </trkpt>
      <trkpt lat="40.797664" lon="-73.972924">
        <ele>28.6</ele>
        <time>2026-06-16T21:46:18.000Z</time>
      </trkpt>
      <trkpt lat="40.797659" lon="-73.972912">
        <ele>28.6</ele>
        <time>2026-06-16T21:46:19.000Z</time>
      </trkpt>
      <trkpt lat="40.797655" lon="-73.9729">
        <ele>28.6</ele>
        <time>2026-06-16T21:46:20.000Z</time>
      </trkpt>
      <trkpt lat="40.797651" lon="-73.972887">
        <ele>28.8</ele>
        <time>2026-06-16T21:46:21.000Z</time>
      </trkpt>
      <trkpt lat="40.797646" lon="-73.97286">
        <ele>28.8</ele>
        <time>2026-06-16T21:46:22.000Z</time>
      </trkpt>
      <trkpt lat="40.797644" lon="-73.972849">
        <ele>29</ele>
        <time>2026-06-16T21:46:23.000Z</time>
      </trkpt>
      <trkpt lat="40.797642" lon="-73.972837">
        <ele>29</ele>
        <time>2026-06-16T21:46:24.000Z</time>
      </trkpt>
      <trkpt lat="40.79764" lon="-73.972821">
        <ele>29.2</ele>
        <time>2026-06-16T21:46:25.000Z</time>
      </trkpt>
      <trkpt lat="40.797637" lon="-73.972805">
        <ele>29.2</ele>
        <time>2026-06-16T21:46:26.000Z</time>
      </trkpt>
      <trkpt lat="40.797634" lon="-73.972789">
        <ele>29.4</ele>
        <time>2026-06-16T21:46:27.000Z</time>
      </trkpt>
      <trkpt lat="40.797629" lon="-73.972763">
        <ele>29.6</ele>
        <time>2026-06-16T21:46:28.000Z</time>
      </trkpt>
      <trkpt lat="40.797626" lon="-73.972752">
        <ele>29.6</ele>
        <time>2026-06-16T21:46:29.000Z</time>
      </trkpt>
      <trkpt lat="40.797622" lon="-73.972736">
        <ele>29.8</ele>
        <time>2026-06-16T21:46:30.000Z</time>
      </trkpt>
      <trkpt lat="40.797618" lon="-73.97272">
        <ele>29.8</ele>
        <time>2026-06-16T21:46:31.000Z</time>
      </trkpt>
      <trkpt lat="40.797614" lon="-73.972704">
        <ele>30</ele>
        <time>2026-06-16T21:46:32.000Z</time>
      </trkpt>
      <trkpt lat="40.797609" lon="-73.972687">
        <ele>30</ele>
        <time>2026-06-16T21:46:33.000Z</time>
      </trkpt>
      <trkpt lat="40.797605" lon="-73.972671">
        <ele>30.2</ele>
        <time>2026-06-16T21:46:34.000Z</time>
      </trkpt>
      <trkpt lat="40.7976" lon="-73.972655">
        <ele>30.2</ele>
        <time>2026-06-16T21:46:35.000Z</time>
      </trkpt>
      <trkpt lat="40.797595" lon="-73.972638">
        <ele>30.4</ele>
        <time>2026-06-16T21:46:36.000Z</time>
      </trkpt>
      <trkpt lat="40.797589" lon="-73.972622">
        <ele>30.6</ele>
        <time>2026-06-16T21:46:37.000Z</time>
      </trkpt>
      <trkpt lat="40.797581" lon="-73.972597">
        <ele>30.6</ele>
        <time>2026-06-16T21:46:38.000Z</time>
      </trkpt>
      <trkpt lat="40.797578" lon="-73.972589">
        <ele>30.8</ele>
        <time>2026-06-16T21:46:39.000Z</time>
      </trkpt>
      <trkpt lat="40.797572" lon="-73.972573">
        <ele>30.8</ele>
        <time>2026-06-16T21:46:40.000Z</time>
      </trkpt>
      <trkpt lat="40.797566" lon="-73.972557">
        <ele>31</ele>
        <time>2026-06-16T21:46:41.000Z</time>
      </trkpt>
      <trkpt lat="40.79756" lon="-73.97254">
        <ele>31</ele>
        <time>2026-06-16T21:46:42.000Z</time>
      </trkpt>
      <trkpt lat="40.797554" lon="-73.972524">
        <ele>31.2</ele>
        <time>2026-06-16T21:46:43.000Z</time>
      </trkpt>
      <trkpt lat="40.797548" lon="-73.972508">
        <ele>31.4</ele>
        <time>2026-06-16T21:46:44.000Z</time>
      </trkpt>
      <trkpt lat="40.797542" lon="-73.972492">
        <ele>31.4</ele>
        <time>2026-06-16T21:46:45.000Z</time>
      </trkpt>
      <trkpt lat="40.797535" lon="-73.972476">
        <ele>31.6</ele>
        <time>2026-06-16T21:46:46.000Z</time>
      </trkpt>
      <trkpt lat="40.797529" lon="-73.97246">
        <ele>31.6</ele>
        <time>2026-06-16T21:46:47.000Z</time>
      </trkpt>
      <trkpt lat="40.797523" lon="-73.972444">
        <ele>31.8</ele>
        <time>2026-06-16T21:46:48.000Z</time>
      </trkpt>
      <trkpt lat="40.797517" lon="-73.972429">
        <ele>31.8</ele>
        <time>2026-06-16T21:46:49.000Z</time>
      </trkpt>
      <trkpt lat="40.79751" lon="-73.972414">
        <ele>31.8</ele>
        <time>2026-06-16T21:46:50.000Z</time>
      </trkpt>
      <trkpt lat="40.797504" lon="-73.972399">
        <ele>31.8</ele>
        <time>2026-06-16T21:46:51.000Z</time>
      </trkpt>
      <trkpt lat="40.797498" lon="-73.972383">
        <ele>32</ele>
        <time>2026-06-16T21:46:52.000Z</time>
      </trkpt>
      <trkpt lat="40.797492" lon="-73.972368">
        <ele>32</ele>
        <time>2026-06-16T21:46:53.000Z</time>
      </trkpt>
      <trkpt lat="40.797485" lon="-73.972353">
        <ele>32</ele>
        <time>2026-06-16T21:46:54.000Z</time>
      </trkpt>
      <trkpt lat="40.797479" lon="-73.972338">
        <ele>32</ele>
        <time>2026-06-16T21:46:55.000Z</time>
      </trkpt>
      <trkpt lat="40.797473" lon="-73.972323">
        <ele>31.8</ele>
        <time>2026-06-16T21:46:56.000Z</time>
      </trkpt>
      <trkpt lat="40.797467" lon="-73.972309">
        <ele>31.8</ele>
        <time>2026-06-16T21:46:57.000Z</time>
      </trkpt>
      <trkpt lat="40.797461" lon="-73.972294">
        <ele>31.8</ele>
        <time>2026-06-16T21:46:58.000Z</time>
      </trkpt>
      <trkpt lat="40.797455" lon="-73.97228">
        <ele>31.8</ele>
        <time>2026-06-16T21:46:59.000Z</time>
      </trkpt>
      <trkpt lat="40.797449" lon="-73.972266">
        <ele>31.8</ele>
        <time>2026-06-16T21:47:00.000Z</time>
      </trkpt>
      <trkpt lat="40.797443" lon="-73.972252">
        <ele>31.8</ele>
        <time>2026-06-16T21:47:01.000Z</time>
      </trkpt>
      <trkpt lat="40.797437" lon="-73.972238">
        <ele>31.6</ele>
        <time>2026-06-16T21:47:02.000Z</time>
      </trkpt>
      <trkpt lat="40.797431" lon="-73.972224">
        <ele>31.6</ele>
        <time>2026-06-16T21:47:03.000Z</time>
      </trkpt>
      <trkpt lat="40.797425" lon="-73.972211">
        <ele>31.6</ele>
        <time>2026-06-16T21:47:04.000Z</time>
      </trkpt>
      <trkpt lat="40.797419" lon="-73.972197">
        <ele>31.6</ele>
        <time>2026-06-16T21:47:05.000Z</time>
      </trkpt>
      <trkpt lat="40.797409" lon="-73.972174">
        <ele>31.4</ele>
        <time>2026-06-16T21:47:06.000Z</time>
      </trkpt>
      <trkpt lat="40.797405" lon="-73.972164">
        <ele>31.4</ele>
        <time>2026-06-16T21:47:07.000Z</time>
      </trkpt>
      <trkpt lat="40.797401" lon="-73.972155">
        <ele>31.4</ele>
        <time>2026-06-16T21:47:08.000Z</time>
      </trkpt>
      <trkpt lat="40.797395" lon="-73.972141">
        <ele>31.4</ele>
        <time>2026-06-16T21:47:09.000Z</time>
      </trkpt>
      <trkpt lat="40.797389" lon="-73.972128">
        <ele>31.2</ele>
        <time>2026-06-16T21:47:10.000Z</time>
      </trkpt>
      <trkpt lat="40.797383" lon="-73.972114">
        <ele>31.2</ele>
        <time>2026-06-16T21:47:11.000Z</time>
      </trkpt>
      <trkpt lat="40.797377" lon="-73.972101">
        <ele>31.2</ele>
        <time>2026-06-16T21:47:12.000Z</time>
      </trkpt>
      <trkpt lat="40.797371" lon="-73.972088">
        <ele>31</ele>
        <time>2026-06-16T21:47:13.000Z</time>
      </trkpt>
      <trkpt lat="40.797365" lon="-73.972075">
        <ele>31</ele>
        <time>2026-06-16T21:47:14.000Z</time>
      </trkpt>
      <trkpt lat="40.797359" lon="-73.972062">
        <ele>31</ele>
        <time>2026-06-16T21:47:15.000Z</time>
      </trkpt>
      <trkpt lat="40.797353" lon="-73.97205">
        <ele>31</ele>
        <time>2026-06-16T21:47:16.000Z</time>
      </trkpt>
      <trkpt lat="40.797348" lon="-73.972038">
        <ele>30.8</ele>
        <time>2026-06-16T21:47:17.000Z</time>
      </trkpt>
      <trkpt lat="40.797342" lon="-73.972026">
        <ele>30.8</ele>
        <time>2026-06-16T21:47:18.000Z</time>
      </trkpt>
      <trkpt lat="40.797336" lon="-73.972013">
        <ele>30.8</ele>
        <time>2026-06-16T21:47:19.000Z</time>
      </trkpt>
      <trkpt lat="40.79733" lon="-73.972001">
        <ele>30.8</ele>
        <time>2026-06-16T21:47:20.000Z</time>
      </trkpt>
      <trkpt lat="40.797324" lon="-73.971989">
        <ele>30.6</ele>
        <time>2026-06-16T21:47:21.000Z</time>
      </trkpt>
      <trkpt lat="40.797315" lon="-73.971971">
        <ele>30.6</ele>
        <time>2026-06-16T21:47:22.000Z</time>
      </trkpt>
      <trkpt lat="40.797312" lon="-73.971965">
        <ele>30.6</ele>
        <time>2026-06-16T21:47:23.000Z</time>
      </trkpt>
      <trkpt lat="40.797306" lon="-73.971953">
        <ele>30.6</ele>
        <time>2026-06-16T21:47:24.000Z</time>
      </trkpt>
      <trkpt lat="40.7973" lon="-73.971941">
        <ele>30.4</ele>
        <time>2026-06-16T21:47:25.000Z</time>
      </trkpt>
      <trkpt lat="40.797293" lon="-73.97193">
        <ele>30.4</ele>
        <time>2026-06-16T21:47:26.000Z</time>
      </trkpt>
      <trkpt lat="40.797287" lon="-73.971918">
        <ele>30.4</ele>
        <time>2026-06-16T21:47:27.000Z</time>
      </trkpt>
      <trkpt lat="40.79728" lon="-73.971906">
        <ele>30.2</ele>
        <time>2026-06-16T21:47:28.000Z</time>
      </trkpt>
      <trkpt lat="40.797269" lon="-73.971886">
        <ele>30.2</ele>
        <time>2026-06-16T21:47:29.000Z</time>
      </trkpt>
      <trkpt lat="40.797265" lon="-73.971878">
        <ele>30.2</ele>
        <time>2026-06-16T21:47:30.000Z</time>
      </trkpt>
      <trkpt lat="40.79726" lon="-73.97187">
        <ele>30.2</ele>
        <time>2026-06-16T21:47:31.000Z</time>
      </trkpt>
      <trkpt lat="40.797248" lon="-73.971851">
        <ele>30.2</ele>
        <time>2026-06-16T21:47:32.000Z</time>
      </trkpt>
      <trkpt lat="40.797244" lon="-73.971843">
        <ele>30</ele>
        <time>2026-06-16T21:47:33.000Z</time>
      </trkpt>
      <trkpt lat="40.797239" lon="-73.971836">
        <ele>30</ele>
        <time>2026-06-16T21:47:34.000Z</time>
      </trkpt>
      <trkpt lat="40.797232" lon="-73.971825">
        <ele>30</ele>
        <time>2026-06-16T21:47:35.000Z</time>
      </trkpt>
      <trkpt lat="40.797225" lon="-73.971814">
        <ele>30</ele>
        <time>2026-06-16T21:47:36.000Z</time>
      </trkpt>
      <trkpt lat="40.797218" lon="-73.971802">
        <ele>30</ele>
        <time>2026-06-16T21:47:37.000Z</time>
      </trkpt>
      <trkpt lat="40.79721" lon="-73.971791">
        <ele>30</ele>
        <time>2026-06-16T21:47:38.000Z</time>
      </trkpt>
      <trkpt lat="40.797203" lon="-73.971779">
        <ele>30</ele>
        <time>2026-06-16T21:47:39.000Z</time>
      </trkpt>
      <trkpt lat="40.797195" lon="-73.971767">
        <ele>30</ele>
        <time>2026-06-16T21:47:40.000Z</time>
      </trkpt>
      <trkpt lat="40.797187" lon="-73.971756">
        <ele>30</ele>
        <time>2026-06-16T21:47:41.000Z</time>
      </trkpt>
      <trkpt lat="40.797179" lon="-73.971744">
        <ele>30</ele>
        <time>2026-06-16T21:47:42.000Z</time>
      </trkpt>
      <trkpt lat="40.79717" lon="-73.971732">
        <ele>30</ele>
        <time>2026-06-16T21:47:43.000Z</time>
      </trkpt>
      <trkpt lat="40.797162" lon="-73.971721">
        <ele>30</ele>
        <time>2026-06-16T21:47:44.000Z</time>
      </trkpt>
      <trkpt lat="40.797154" lon="-73.971709">
        <ele>30</ele>
        <time>2026-06-16T21:47:45.000Z</time>
      </trkpt>
      <trkpt lat="40.797146" lon="-73.971697">
        <ele>30</ele>
        <time>2026-06-16T21:47:46.000Z</time>
      </trkpt>
      <trkpt lat="40.797138" lon="-73.971685">
        <ele>30</ele>
        <time>2026-06-16T21:47:47.000Z</time>
      </trkpt>
      <trkpt lat="40.797129" lon="-73.971673">
        <ele>30</ele>
        <time>2026-06-16T21:47:48.000Z</time>
      </trkpt>
      <trkpt lat="40.797121" lon="-73.971661">
        <ele>30</ele>
        <time>2026-06-16T21:47:49.000Z</time>
      </trkpt>
      <trkpt lat="40.797113" lon="-73.971648">
        <ele>30</ele>
        <time>2026-06-16T21:47:50.000Z</time>
      </trkpt>
      <trkpt lat="40.797105" lon="-73.971636">
        <ele>30</ele>
        <time>2026-06-16T21:47:51.000Z</time>
      </trkpt>
      <trkpt lat="40.797097" lon="-73.971624">
        <ele>30</ele>
        <time>2026-06-16T21:47:52.000Z</time>
      </trkpt>
      <trkpt lat="40.797089" lon="-73.971611">
        <ele>30</ele>
        <time>2026-06-16T21:47:53.000Z</time>
      </trkpt>
      <trkpt lat="40.797081" lon="-73.971599">
        <ele>29.8</ele>
        <time>2026-06-16T21:47:54.000Z</time>
      </trkpt>
      <trkpt lat="40.797074" lon="-73.971586">
        <ele>29.8</ele>
        <time>2026-06-16T21:47:55.000Z</time>
      </trkpt>
      <trkpt lat="40.797066" lon="-73.971574">
        <ele>29.8</ele>
        <time>2026-06-16T21:47:56.000Z</time>
      </trkpt>
      <trkpt lat="40.797059" lon="-73.971562">
        <ele>29.8</ele>
        <time>2026-06-16T21:47:57.000Z</time>
      </trkpt>
      <trkpt lat="40.797049" lon="-73.971543">
        <ele>29.8</ele>
        <time>2026-06-16T21:47:58.000Z</time>
      </trkpt>
      <trkpt lat="40.797045" lon="-73.971537">
        <ele>29.8</ele>
        <time>2026-06-16T21:47:59.000Z</time>
      </trkpt>
      <trkpt lat="40.797038" lon="-73.971525">
        <ele>29.6</ele>
        <time>2026-06-16T21:48:00.000Z</time>
      </trkpt>
      <trkpt lat="40.797032" lon="-73.971513">
        <ele>29.6</ele>
        <time>2026-06-16T21:48:01.000Z</time>
      </trkpt>
      <trkpt lat="40.797025" lon="-73.971501">
        <ele>29.6</ele>
        <time>2026-06-16T21:48:02.000Z</time>
      </trkpt>
      <trkpt lat="40.797019" lon="-73.97149">
        <ele>29.6</ele>
        <time>2026-06-16T21:48:03.000Z</time>
      </trkpt>
      <trkpt lat="40.797013" lon="-73.971478">
        <ele>29.6</ele>
        <time>2026-06-16T21:48:04.000Z</time>
      </trkpt>
      <trkpt lat="40.797007" lon="-73.971466">
        <ele>29.6</ele>
        <time>2026-06-16T21:48:05.000Z</time>
      </trkpt>
      <trkpt lat="40.797001" lon="-73.971455">
        <ele>29.4</ele>
        <time>2026-06-16T21:48:06.000Z</time>
      </trkpt>
      <trkpt lat="40.796995" lon="-73.971443">
        <ele>29.4</ele>
        <time>2026-06-16T21:48:07.000Z</time>
      </trkpt>
      <trkpt lat="40.796989" lon="-73.971432">
        <ele>29.4</ele>
        <time>2026-06-16T21:48:08.000Z</time>
      </trkpt>
      <trkpt lat="40.796983" lon="-73.97142">
        <ele>29.4</ele>
        <time>2026-06-16T21:48:09.000Z</time>
      </trkpt>
      <trkpt lat="40.796977" lon="-73.971409">
        <ele>29.4</ele>
        <time>2026-06-16T21:48:10.000Z</time>
      </trkpt>
      <trkpt lat="40.796971" lon="-73.971398">
        <ele>29.4</ele>
        <time>2026-06-16T21:48:11.000Z</time>
      </trkpt>
      <trkpt lat="40.796966" lon="-73.971386">
        <ele>29.4</ele>
        <time>2026-06-16T21:48:12.000Z</time>
      </trkpt>
      <trkpt lat="40.79696" lon="-73.971374">
        <ele>29.4</ele>
        <time>2026-06-16T21:48:13.000Z</time>
      </trkpt>
      <trkpt lat="40.796954" lon="-73.971363">
        <ele>29.4</ele>
        <time>2026-06-16T21:48:14.000Z</time>
      </trkpt>
      <trkpt lat="40.796948" lon="-73.971351">
        <ele>29.4</ele>
        <time>2026-06-16T21:48:15.000Z</time>
      </trkpt>
      <trkpt lat="40.79694" lon="-73.971334">
        <ele>29.2</ele>
        <time>2026-06-16T21:48:16.000Z</time>
      </trkpt>
      <trkpt lat="40.796937" lon="-73.971328">
        <ele>29.2</ele>
        <time>2026-06-16T21:48:17.000Z</time>
      </trkpt>
      <trkpt lat="40.796932" lon="-73.971317">
        <ele>29.2</ele>
        <time>2026-06-16T21:48:18.000Z</time>
      </trkpt>
      <trkpt lat="40.796926" lon="-73.971305">
        <ele>29.2</ele>
        <time>2026-06-16T21:48:19.000Z</time>
      </trkpt>
      <trkpt lat="40.79692" lon="-73.971294">
        <ele>29.2</ele>
        <time>2026-06-16T21:48:20.000Z</time>
      </trkpt>
      <trkpt lat="40.796915" lon="-73.971282">
        <ele>29.2</ele>
        <time>2026-06-16T21:48:21.000Z</time>
      </trkpt>
      <trkpt lat="40.79691" lon="-73.97127">
        <ele>29.2</ele>
        <time>2026-06-16T21:48:22.000Z</time>
      </trkpt>
      <trkpt lat="40.796904" lon="-73.971259">
        <ele>29.2</ele>
        <time>2026-06-16T21:48:23.000Z</time>
      </trkpt>
      <trkpt lat="40.796899" lon="-73.971247">
        <ele>29</ele>
        <time>2026-06-16T21:48:24.000Z</time>
      </trkpt>
      <trkpt lat="40.796894" lon="-73.971236">
        <ele>29</ele>
        <time>2026-06-16T21:48:25.000Z</time>
      </trkpt>
      <trkpt lat="40.796888" lon="-73.971224">
        <ele>29</ele>
        <time>2026-06-16T21:48:26.000Z</time>
      </trkpt>
      <trkpt lat="40.796883" lon="-73.971213">
        <ele>29</ele>
        <time>2026-06-16T21:48:27.000Z</time>
      </trkpt>
      <trkpt lat="40.796878" lon="-73.971201">
        <ele>29</ele>
        <time>2026-06-16T21:48:28.000Z</time>
      </trkpt>
      <trkpt lat="40.796869" lon="-73.971182">
        <ele>29</ele>
        <time>2026-06-16T21:48:29.000Z</time>
      </trkpt>
      <trkpt lat="40.796866" lon="-73.971176">
        <ele>29</ele>
        <time>2026-06-16T21:48:30.000Z</time>
      </trkpt>
      <trkpt lat="40.796861" lon="-73.971163">
        <ele>28.8</ele>
        <time>2026-06-16T21:48:31.000Z</time>
      </trkpt>
      <trkpt lat="40.796855" lon="-73.97115">
        <ele>28.8</ele>
        <time>2026-06-16T21:48:32.000Z</time>
      </trkpt>
      <trkpt lat="40.79685" lon="-73.971137">
        <ele>28.8</ele>
        <time>2026-06-16T21:48:33.000Z</time>
      </trkpt>
      <trkpt lat="40.796844" lon="-73.971124">
        <ele>28.8</ele>
        <time>2026-06-16T21:48:34.000Z</time>
      </trkpt>
      <trkpt lat="40.796838" lon="-73.971112">
        <ele>28.8</ele>
        <time>2026-06-16T21:48:35.000Z</time>
      </trkpt>
      <trkpt lat="40.796833" lon="-73.971099">
        <ele>28.8</ele>
        <time>2026-06-16T21:48:36.000Z</time>
      </trkpt>
      <trkpt lat="40.796827" lon="-73.971086">
        <ele>28.8</ele>
        <time>2026-06-16T21:48:37.000Z</time>
      </trkpt>
      <trkpt lat="40.796822" lon="-73.971074">
        <ele>28.8</ele>
        <time>2026-06-16T21:48:38.000Z</time>
      </trkpt>
      <trkpt lat="40.796814" lon="-73.971055">
        <ele>28.6</ele>
        <time>2026-06-16T21:48:39.000Z</time>
      </trkpt>
      <trkpt lat="40.796811" lon="-73.971049">
        <ele>28.6</ele>
        <time>2026-06-16T21:48:40.000Z</time>
      </trkpt>
      <trkpt lat="40.796806" lon="-73.971037">
        <ele>28.6</ele>
        <time>2026-06-16T21:48:41.000Z</time>
      </trkpt>
      <trkpt lat="40.796801" lon="-73.971025">
        <ele>28.6</ele>
        <time>2026-06-16T21:48:42.000Z</time>
      </trkpt>
      <trkpt lat="40.796796" lon="-73.971013">
        <ele>28.6</ele>
        <time>2026-06-16T21:48:43.000Z</time>
      </trkpt>
      <trkpt lat="40.796791" lon="-73.971">
        <ele>28.6</ele>
        <time>2026-06-16T21:48:44.000Z</time>
      </trkpt>
      <trkpt lat="40.796786" lon="-73.970988">
        <ele>28.6</ele>
        <time>2026-06-16T21:48:45.000Z</time>
      </trkpt>
      <trkpt lat="40.79678" lon="-73.970976">
        <ele>28.4</ele>
        <time>2026-06-16T21:48:46.000Z</time>
      </trkpt>
      <trkpt lat="40.796775" lon="-73.970964">
        <ele>28.4</ele>
        <time>2026-06-16T21:48:47.000Z</time>
      </trkpt>
      <trkpt lat="40.79677" lon="-73.970952">
        <ele>28.4</ele>
        <time>2026-06-16T21:48:48.000Z</time>
      </trkpt>
      <trkpt lat="40.796765" lon="-73.97094">
        <ele>28.4</ele>
        <time>2026-06-16T21:48:49.000Z</time>
      </trkpt>
      <trkpt lat="40.79676" lon="-73.970928">
        <ele>28.4</ele>
        <time>2026-06-16T21:48:50.000Z</time>
      </trkpt>
      <trkpt lat="40.796755" lon="-73.970916">
        <ele>28.4</ele>
        <time>2026-06-16T21:48:51.000Z</time>
      </trkpt>
      <trkpt lat="40.796748" lon="-73.970897">
        <ele>28.2</ele>
        <time>2026-06-16T21:48:52.000Z</time>
      </trkpt>
      <trkpt lat="40.796745" lon="-73.970891">
        <ele>28.2</ele>
        <time>2026-06-16T21:48:53.000Z</time>
      </trkpt>
      <trkpt lat="40.796739" lon="-73.970879">
        <ele>28.2</ele>
        <time>2026-06-16T21:48:54.000Z</time>
      </trkpt>
      <trkpt lat="40.796734" lon="-73.970867">
        <ele>28.2</ele>
        <time>2026-06-16T21:48:55.000Z</time>
      </trkpt>
      <trkpt lat="40.796729" lon="-73.970855">
        <ele>28</ele>
        <time>2026-06-16T21:48:56.000Z</time>
      </trkpt>
      <trkpt lat="40.796724" lon="-73.970843">
        <ele>28</ele>
        <time>2026-06-16T21:48:57.000Z</time>
      </trkpt>
      <trkpt lat="40.796719" lon="-73.970831">
        <ele>28</ele>
        <time>2026-06-16T21:48:58.000Z</time>
      </trkpt>
      <trkpt lat="40.796714" lon="-73.970819">
        <ele>27.8</ele>
        <time>2026-06-16T21:48:59.000Z</time>
      </trkpt>
      <trkpt lat="40.796709" lon="-73.970808">
        <ele>27.8</ele>
        <time>2026-06-16T21:49:00.000Z</time>
      </trkpt>
      <trkpt lat="40.796704" lon="-73.970796">
        <ele>27.8</ele>
        <time>2026-06-16T21:49:01.000Z</time>
      </trkpt>
      <trkpt lat="40.796699" lon="-73.970784">
        <ele>27.8</ele>
        <time>2026-06-16T21:49:02.000Z</time>
      </trkpt>
      <trkpt lat="40.796694" lon="-73.970772">
        <ele>27.8</ele>
        <time>2026-06-16T21:49:03.000Z</time>
      </trkpt>
      <trkpt lat="40.79669" lon="-73.97076">
        <ele>27.8</ele>
        <time>2026-06-16T21:49:04.000Z</time>
      </trkpt>
      <trkpt lat="40.796685" lon="-73.970749">
        <ele>27.8</ele>
        <time>2026-06-16T21:49:05.000Z</time>
      </trkpt>
      <trkpt lat="40.79668" lon="-73.970738">
        <ele>27.6</ele>
        <time>2026-06-16T21:49:06.000Z</time>
      </trkpt>
      <trkpt lat="40.796675" lon="-73.970727">
        <ele>27.6</ele>
        <time>2026-06-16T21:49:07.000Z</time>
      </trkpt>
      <trkpt lat="40.796671" lon="-73.970716">
        <ele>27.6</ele>
        <time>2026-06-16T21:49:08.000Z</time>
      </trkpt>
      <trkpt lat="40.796666" lon="-73.970705">
        <ele>27.6</ele>
        <time>2026-06-16T21:49:09.000Z</time>
      </trkpt>
      <trkpt lat="40.796662" lon="-73.970695">
        <ele>27.6</ele>
        <time>2026-06-16T21:49:10.000Z</time>
      </trkpt>
      <trkpt lat="40.796658" lon="-73.970685">
        <ele>27.6</ele>
        <time>2026-06-16T21:49:11.000Z</time>
      </trkpt>
      <trkpt lat="40.796653" lon="-73.970674">
        <ele>27.6</ele>
        <time>2026-06-16T21:49:12.000Z</time>
      </trkpt>
      <trkpt lat="40.796649" lon="-73.970664">
        <ele>27.6</ele>
        <time>2026-06-16T21:49:13.000Z</time>
      </trkpt>
      <trkpt lat="40.796645" lon="-73.970654">
        <ele>27.6</ele>
        <time>2026-06-16T21:49:14.000Z</time>
      </trkpt>
      <trkpt lat="40.796638" lon="-73.970637">
        <ele>27.6</ele>
        <time>2026-06-16T21:49:15.000Z</time>
      </trkpt>
      <trkpt lat="40.796635" lon="-73.970631">
        <ele>27.6</ele>
        <time>2026-06-16T21:49:16.000Z</time>
      </trkpt>
      <trkpt lat="40.796632" lon="-73.970624">
        <ele>27.6</ele>
        <time>2026-06-16T21:49:17.000Z</time>
      </trkpt>
      <trkpt lat="40.796628" lon="-73.970615">
        <ele>27.6</ele>
        <time>2026-06-16T21:49:18.000Z</time>
      </trkpt>
      <trkpt lat="40.796625" lon="-73.970606">
        <ele>27.6</ele>
        <time>2026-06-16T21:49:19.000Z</time>
      </trkpt>
      <trkpt lat="40.796621" lon="-73.970596">
        <ele>27.6</ele>
        <time>2026-06-16T21:49:20.000Z</time>
      </trkpt>
      <trkpt lat="40.796617" lon="-73.970587">
        <ele>27.4</ele>
        <time>2026-06-16T21:49:21.000Z</time>
      </trkpt>
      <trkpt lat="40.796613" lon="-73.970578">
        <ele>27.4</ele>
        <time>2026-06-16T21:49:22.000Z</time>
      </trkpt>
      <trkpt lat="40.796609" lon="-73.970568">
        <ele>27.4</ele>
        <time>2026-06-16T21:49:23.000Z</time>
      </trkpt>
      <trkpt lat="40.796605" lon="-73.970558">
        <ele>27.4</ele>
        <time>2026-06-16T21:49:24.000Z</time>
      </trkpt>
      <trkpt lat="40.7966" lon="-73.970547">
        <ele>27.4</ele>
        <time>2026-06-16T21:49:25.000Z</time>
      </trkpt>
      <trkpt lat="40.796596" lon="-73.970537">
        <ele>27.4</ele>
        <time>2026-06-16T21:49:26.000Z</time>
      </trkpt>
      <trkpt lat="40.796591" lon="-73.970526">
        <ele>27.4</ele>
        <time>2026-06-16T21:49:27.000Z</time>
      </trkpt>
      <trkpt lat="40.796587" lon="-73.970514">
        <ele>27.2</ele>
        <time>2026-06-16T21:49:28.000Z</time>
      </trkpt>
      <trkpt lat="40.796582" lon="-73.970503">
        <ele>27.2</ele>
        <time>2026-06-16T21:49:29.000Z</time>
      </trkpt>
      <trkpt lat="40.796577" lon="-73.970491">
        <ele>27.2</ele>
        <time>2026-06-16T21:49:30.000Z</time>
      </trkpt>
      <trkpt lat="40.796572" lon="-73.970479">
        <ele>27.4</ele>
        <time>2026-06-16T21:49:31.000Z</time>
      </trkpt>
      <trkpt lat="40.796567" lon="-73.970468">
        <ele>27.4</ele>
        <time>2026-06-16T21:49:32.000Z</time>
      </trkpt>
      <trkpt lat="40.796562" lon="-73.970455">
        <ele>27.4</ele>
        <time>2026-06-16T21:49:33.000Z</time>
      </trkpt>
      <trkpt lat="40.796557" lon="-73.970443">
        <ele>27.4</ele>
        <time>2026-06-16T21:49:34.000Z</time>
      </trkpt>
      <trkpt lat="40.796552" lon="-73.970431">
        <ele>27.4</ele>
        <time>2026-06-16T21:49:35.000Z</time>
      </trkpt>
      <trkpt lat="40.796546" lon="-73.970418">
        <ele>27.4</ele>
        <time>2026-06-16T21:49:36.000Z</time>
      </trkpt>
      <trkpt lat="40.796541" lon="-73.970405">
        <ele>27.4</ele>
        <time>2026-06-16T21:49:37.000Z</time>
      </trkpt>
      <trkpt lat="40.796536" lon="-73.970393">
        <ele>27.4</ele>
        <time>2026-06-16T21:49:38.000Z</time>
      </trkpt>
      <trkpt lat="40.796531" lon="-73.97038">
        <ele>27.4</ele>
        <time>2026-06-16T21:49:39.000Z</time>
      </trkpt>
      <trkpt lat="40.796525" lon="-73.970367">
        <ele>27.6</ele>
        <time>2026-06-16T21:49:40.000Z</time>
      </trkpt>
      <trkpt lat="40.79652" lon="-73.970355">
        <ele>27.6</ele>
        <time>2026-06-16T21:49:41.000Z</time>
      </trkpt>
      <trkpt lat="40.796515" lon="-73.970342">
        <ele>27.6</ele>
        <time>2026-06-16T21:49:42.000Z</time>
      </trkpt>
      <trkpt lat="40.79651" lon="-73.97033">
        <ele>27.6</ele>
        <time>2026-06-16T21:49:43.000Z</time>
      </trkpt>
      <trkpt lat="40.796505" lon="-73.970318">
        <ele>27.6</ele>
        <time>2026-06-16T21:49:44.000Z</time>
      </trkpt>
      <trkpt lat="40.7965" lon="-73.970305">
        <ele>27.6</ele>
        <time>2026-06-16T21:49:45.000Z</time>
      </trkpt>
      <trkpt lat="40.796494" lon="-73.970292">
        <ele>27.4</ele>
        <time>2026-06-16T21:49:46.000Z</time>
      </trkpt>
      <trkpt lat="40.796489" lon="-73.97028">
        <ele>27.4</ele>
        <time>2026-06-16T21:49:47.000Z</time>
      </trkpt>
      <trkpt lat="40.796484" lon="-73.970267">
        <ele>27.4</ele>
        <time>2026-06-16T21:49:48.000Z</time>
      </trkpt>
      <trkpt lat="40.796478" lon="-73.970254">
        <ele>27.4</ele>
        <time>2026-06-16T21:49:49.000Z</time>
      </trkpt>
      <trkpt lat="40.796473" lon="-73.970241">
        <ele>27.4</ele>
        <time>2026-06-16T21:49:50.000Z</time>
      </trkpt>
      <trkpt lat="40.796467" lon="-73.970228">
        <ele>27.4</ele>
        <time>2026-06-16T21:49:51.000Z</time>
      </trkpt>
      <trkpt lat="40.796462" lon="-73.970215">
        <ele>27.4</ele>
        <time>2026-06-16T21:49:52.000Z</time>
      </trkpt>
      <trkpt lat="40.796456" lon="-73.970202">
        <ele>27.4</ele>
        <time>2026-06-16T21:49:53.000Z</time>
      </trkpt>
      <trkpt lat="40.796451" lon="-73.970188">
        <ele>27.4</ele>
        <time>2026-06-16T21:49:54.000Z</time>
      </trkpt>
      <trkpt lat="40.796445" lon="-73.970175">
        <ele>27.6</ele>
        <time>2026-06-16T21:49:55.000Z</time>
      </trkpt>
      <trkpt lat="40.79644" lon="-73.970162">
        <ele>27.6</ele>
        <time>2026-06-16T21:49:56.000Z</time>
      </trkpt>
      <trkpt lat="40.796434" lon="-73.970148">
        <ele>27.6</ele>
        <time>2026-06-16T21:49:57.000Z</time>
      </trkpt>
      <trkpt lat="40.796429" lon="-73.970135">
        <ele>27.6</ele>
        <time>2026-06-16T21:49:58.000Z</time>
      </trkpt>
      <trkpt lat="40.796423" lon="-73.970122">
        <ele>27.8</ele>
        <time>2026-06-16T21:49:59.000Z</time>
      </trkpt>
      <trkpt lat="40.796417" lon="-73.970109">
        <ele>27.8</ele>
        <time>2026-06-16T21:50:00.000Z</time>
      </trkpt>
      <trkpt lat="40.796412" lon="-73.970095">
        <ele>27.8</ele>
        <time>2026-06-16T21:50:01.000Z</time>
      </trkpt>
      <trkpt lat="40.796407" lon="-73.970082">
        <ele>27.8</ele>
        <time>2026-06-16T21:50:02.000Z</time>
      </trkpt>
      <trkpt lat="40.796401" lon="-73.970069">
        <ele>28</ele>
        <time>2026-06-16T21:50:03.000Z</time>
      </trkpt>
      <trkpt lat="40.796396" lon="-73.970057">
        <ele>28</ele>
        <time>2026-06-16T21:50:04.000Z</time>
      </trkpt>
      <trkpt lat="40.796391" lon="-73.970044">
        <ele>28</ele>
        <time>2026-06-16T21:50:05.000Z</time>
      </trkpt>
      <trkpt lat="40.796385" lon="-73.970031">
        <ele>28</ele>
        <time>2026-06-16T21:50:06.000Z</time>
      </trkpt>
      <trkpt lat="40.79638" lon="-73.970018">
        <ele>28</ele>
        <time>2026-06-16T21:50:07.000Z</time>
      </trkpt>
      <trkpt lat="40.796375" lon="-73.970005">
        <ele>28.2</ele>
        <time>2026-06-16T21:50:08.000Z</time>
      </trkpt>
      <trkpt lat="40.796369" lon="-73.969992">
        <ele>28.2</ele>
        <time>2026-06-16T21:50:09.000Z</time>
      </trkpt>
      <trkpt lat="40.796364" lon="-73.96998">
        <ele>28.2</ele>
        <time>2026-06-16T21:50:10.000Z</time>
      </trkpt>
      <trkpt lat="40.796359" lon="-73.969967">
        <ele>28.2</ele>
        <time>2026-06-16T21:50:11.000Z</time>
      </trkpt>
      <trkpt lat="40.796354" lon="-73.969955">
        <ele>28.2</ele>
        <time>2026-06-16T21:50:12.000Z</time>
      </trkpt>
      <trkpt lat="40.796349" lon="-73.969942">
        <ele>28.2</ele>
        <time>2026-06-16T21:50:13.000Z</time>
      </trkpt>
      <trkpt lat="40.796343" lon="-73.96993">
        <ele>28.2</ele>
        <time>2026-06-16T21:50:14.000Z</time>
      </trkpt>
      <trkpt lat="40.796338" lon="-73.969918">
        <ele>28.4</ele>
        <time>2026-06-16T21:50:15.000Z</time>
      </trkpt>
      <trkpt lat="40.796333" lon="-73.969906">
        <ele>28.4</ele>
        <time>2026-06-16T21:50:16.000Z</time>
      </trkpt>
      <trkpt lat="40.796328" lon="-73.969894">
        <ele>28.4</ele>
        <time>2026-06-16T21:50:17.000Z</time>
      </trkpt>
      <trkpt lat="40.796323" lon="-73.969882">
        <ele>28.4</ele>
        <time>2026-06-16T21:50:18.000Z</time>
      </trkpt>
      <trkpt lat="40.796318" lon="-73.96987">
        <ele>28.4</ele>
        <time>2026-06-16T21:50:19.000Z</time>
      </trkpt>
      <trkpt lat="40.796313" lon="-73.969858">
        <ele>28.4</ele>
        <time>2026-06-16T21:50:20.000Z</time>
      </trkpt>
      <trkpt lat="40.796308" lon="-73.969846">
        <ele>28.6</ele>
        <time>2026-06-16T21:50:21.000Z</time>
      </trkpt>
      <trkpt lat="40.796302" lon="-73.969834">
        <ele>28.6</ele>
        <time>2026-06-16T21:50:22.000Z</time>
      </trkpt>
      <trkpt lat="40.796297" lon="-73.969821">
        <ele>28.6</ele>
        <time>2026-06-16T21:50:23.000Z</time>
      </trkpt>
      <trkpt lat="40.796292" lon="-73.969809">
        <ele>28.6</ele>
        <time>2026-06-16T21:50:24.000Z</time>
      </trkpt>
      <trkpt lat="40.796286" lon="-73.969797">
        <ele>28.6</ele>
        <time>2026-06-16T21:50:25.000Z</time>
      </trkpt>
      <trkpt lat="40.796281" lon="-73.969784">
        <ele>28.6</ele>
        <time>2026-06-16T21:50:26.000Z</time>
      </trkpt>
      <trkpt lat="40.796276" lon="-73.969772">
        <ele>28.8</ele>
        <time>2026-06-16T21:50:27.000Z</time>
      </trkpt>
      <trkpt lat="40.79627" lon="-73.969759">
        <ele>28.8</ele>
        <time>2026-06-16T21:50:28.000Z</time>
      </trkpt>
      <trkpt lat="40.796265" lon="-73.969746">
        <ele>28.8</ele>
        <time>2026-06-16T21:50:29.000Z</time>
      </trkpt>
      <trkpt lat="40.796259" lon="-73.969733">
        <ele>28.8</ele>
        <time>2026-06-16T21:50:30.000Z</time>
      </trkpt>
      <trkpt lat="40.796254" lon="-73.969721">
        <ele>28.8</ele>
        <time>2026-06-16T21:50:31.000Z</time>
      </trkpt>
      <trkpt lat="40.796248" lon="-73.969708">
        <ele>28.8</ele>
        <time>2026-06-16T21:50:32.000Z</time>
      </trkpt>
      <trkpt lat="40.796243" lon="-73.969695">
        <ele>29</ele>
        <time>2026-06-16T21:50:33.000Z</time>
      </trkpt>
      <trkpt lat="40.796237" lon="-73.969682">
        <ele>29</ele>
        <time>2026-06-16T21:50:34.000Z</time>
      </trkpt>
      <trkpt lat="40.796232" lon="-73.96967">
        <ele>29</ele>
        <time>2026-06-16T21:50:35.000Z</time>
      </trkpt>
      <trkpt lat="40.796226" lon="-73.969657">
        <ele>29</ele>
        <time>2026-06-16T21:50:36.000Z</time>
      </trkpt>
      <trkpt lat="40.796221" lon="-73.969645">
        <ele>29</ele>
        <time>2026-06-16T21:50:37.000Z</time>
      </trkpt>
      <trkpt lat="40.796216" lon="-73.969632">
        <ele>29.2</ele>
        <time>2026-06-16T21:50:38.000Z</time>
      </trkpt>
      <trkpt lat="40.79621" lon="-73.96962">
        <ele>29.2</ele>
        <time>2026-06-16T21:50:39.000Z</time>
      </trkpt>
      <trkpt lat="40.796205" lon="-73.969608">
        <ele>29.2</ele>
        <time>2026-06-16T21:50:40.000Z</time>
      </trkpt>
      <trkpt lat="40.7962" lon="-73.969595">
        <ele>29.2</ele>
        <time>2026-06-16T21:50:41.000Z</time>
      </trkpt>
      <trkpt lat="40.796195" lon="-73.969583">
        <ele>29.2</ele>
        <time>2026-06-16T21:50:42.000Z</time>
      </trkpt>
      <trkpt lat="40.796189" lon="-73.969571">
        <ele>29.2</ele>
        <time>2026-06-16T21:50:43.000Z</time>
      </trkpt>
      <trkpt lat="40.796184" lon="-73.969559">
        <ele>29.2</ele>
        <time>2026-06-16T21:50:44.000Z</time>
      </trkpt>
      <trkpt lat="40.796179" lon="-73.969547">
        <ele>29.4</ele>
        <time>2026-06-16T21:50:45.000Z</time>
      </trkpt>
      <trkpt lat="40.796174" lon="-73.969534">
        <ele>29.4</ele>
        <time>2026-06-16T21:50:46.000Z</time>
      </trkpt>
      <trkpt lat="40.796169" lon="-73.969522">
        <ele>29.4</ele>
        <time>2026-06-16T21:50:47.000Z</time>
      </trkpt>
      <trkpt lat="40.796164" lon="-73.969511">
        <ele>29.4</ele>
        <time>2026-06-16T21:50:48.000Z</time>
      </trkpt>
      <trkpt lat="40.796159" lon="-73.969499">
        <ele>29.4</ele>
        <time>2026-06-16T21:50:49.000Z</time>
      </trkpt>
      <trkpt lat="40.796154" lon="-73.969487">
        <ele>29.6</ele>
        <time>2026-06-16T21:50:50.000Z</time>
      </trkpt>
      <trkpt lat="40.796149" lon="-73.969476">
        <ele>29.6</ele>
        <time>2026-06-16T21:50:51.000Z</time>
      </trkpt>
      <trkpt lat="40.796144" lon="-73.969464">
        <ele>29.6</ele>
        <time>2026-06-16T21:50:52.000Z</time>
      </trkpt>
      <trkpt lat="40.796137" lon="-73.969447">
        <ele>29.6</ele>
        <time>2026-06-16T21:50:53.000Z</time>
      </trkpt>
      <trkpt lat="40.796134" lon="-73.969441">
        <ele>29.6</ele>
        <time>2026-06-16T21:50:54.000Z</time>
      </trkpt>
      <trkpt lat="40.796129" lon="-73.969429">
        <ele>29.6</ele>
        <time>2026-06-16T21:50:55.000Z</time>
      </trkpt>
      <trkpt lat="40.796124" lon="-73.969417">
        <ele>29.8</ele>
        <time>2026-06-16T21:50:56.000Z</time>
      </trkpt>
      <trkpt lat="40.796119" lon="-73.969404">
        <ele>29.8</ele>
        <time>2026-06-16T21:50:57.000Z</time>
      </trkpt>
      <trkpt lat="40.796114" lon="-73.969392">
        <ele>29.8</ele>
        <time>2026-06-16T21:50:58.000Z</time>
      </trkpt>
      <trkpt lat="40.796109" lon="-73.96938">
        <ele>29.8</ele>
        <time>2026-06-16T21:50:59.000Z</time>
      </trkpt>
      <trkpt lat="40.796104" lon="-73.969367">
        <ele>29.8</ele>
        <time>2026-06-16T21:51:00.000Z</time>
      </trkpt>
      <trkpt lat="40.796099" lon="-73.969355">
        <ele>29.8</ele>
        <time>2026-06-16T21:51:01.000Z</time>
      </trkpt>
      <trkpt lat="40.796094" lon="-73.969342">
        <ele>30</ele>
        <time>2026-06-16T21:51:02.000Z</time>
      </trkpt>
      <trkpt lat="40.796089" lon="-73.96933">
        <ele>30</ele>
        <time>2026-06-16T21:51:03.000Z</time>
      </trkpt>
      <trkpt lat="40.796084" lon="-73.969317">
        <ele>30</ele>
        <time>2026-06-16T21:51:04.000Z</time>
      </trkpt>
      <trkpt lat="40.796079" lon="-73.969305">
        <ele>30</ele>
        <time>2026-06-16T21:51:05.000Z</time>
      </trkpt>
      <trkpt lat="40.796074" lon="-73.969293">
        <ele>30.2</ele>
        <time>2026-06-16T21:51:06.000Z</time>
      </trkpt>
      <trkpt lat="40.796069" lon="-73.96928">
        <ele>30.2</ele>
        <time>2026-06-16T21:51:07.000Z</time>
      </trkpt>
      <trkpt lat="40.796064" lon="-73.969268">
        <ele>30.2</ele>
        <time>2026-06-16T21:51:08.000Z</time>
      </trkpt>
      <trkpt lat="40.796059" lon="-73.969256">
        <ele>30.2</ele>
        <time>2026-06-16T21:51:09.000Z</time>
      </trkpt>
      <trkpt lat="40.796054" lon="-73.969244">
        <ele>30.4</ele>
        <time>2026-06-16T21:51:10.000Z</time>
      </trkpt>
      <trkpt lat="40.796049" lon="-73.969232">
        <ele>30.4</ele>
        <time>2026-06-16T21:51:11.000Z</time>
      </trkpt>
      <trkpt lat="40.796044" lon="-73.96922">
        <ele>30.4</ele>
        <time>2026-06-16T21:51:12.000Z</time>
      </trkpt>
      <trkpt lat="40.79604" lon="-73.969208">
        <ele>30.4</ele>
        <time>2026-06-16T21:51:13.000Z</time>
      </trkpt>
      <trkpt lat="40.796035" lon="-73.969196">
        <ele>30.4</ele>
        <time>2026-06-16T21:51:14.000Z</time>
      </trkpt>
      <trkpt lat="40.79603" lon="-73.969184">
        <ele>30.6</ele>
        <time>2026-06-16T21:51:15.000Z</time>
      </trkpt>
      <trkpt lat="40.796025" lon="-73.969172">
        <ele>30.6</ele>
        <time>2026-06-16T21:51:16.000Z</time>
      </trkpt>
      <trkpt lat="40.796021" lon="-73.96916">
        <ele>30.6</ele>
        <time>2026-06-16T21:51:17.000Z</time>
      </trkpt>
      <trkpt lat="40.796016" lon="-73.969148">
        <ele>30.6</ele>
        <time>2026-06-16T21:51:18.000Z</time>
      </trkpt>
      <trkpt lat="40.796011" lon="-73.969136">
        <ele>30.6</ele>
        <time>2026-06-16T21:51:19.000Z</time>
      </trkpt>
      <trkpt lat="40.796006" lon="-73.969124">
        <ele>30.8</ele>
        <time>2026-06-16T21:51:20.000Z</time>
      </trkpt>
      <trkpt lat="40.796001" lon="-73.969112">
        <ele>30.8</ele>
        <time>2026-06-16T21:51:21.000Z</time>
      </trkpt>
      <trkpt lat="40.795996" lon="-73.9691">
        <ele>30.8</ele>
        <time>2026-06-16T21:51:22.000Z</time>
      </trkpt>
      <trkpt lat="40.79599" lon="-73.969087">
        <ele>30.8</ele>
        <time>2026-06-16T21:51:23.000Z</time>
      </trkpt>
      <trkpt lat="40.795985" lon="-73.969075">
        <ele>30.8</ele>
        <time>2026-06-16T21:51:24.000Z</time>
      </trkpt>
      <trkpt lat="40.79598" lon="-73.969062">
        <ele>31</ele>
        <time>2026-06-16T21:51:25.000Z</time>
      </trkpt>
      <trkpt lat="40.795975" lon="-73.969049">
        <ele>31</ele>
        <time>2026-06-16T21:51:26.000Z</time>
      </trkpt>
      <trkpt lat="40.795969" lon="-73.969037">
        <ele>31</ele>
        <time>2026-06-16T21:51:27.000Z</time>
      </trkpt>
      <trkpt lat="40.795964" lon="-73.969024">
        <ele>31</ele>
        <time>2026-06-16T21:51:28.000Z</time>
      </trkpt>
      <trkpt lat="40.795959" lon="-73.969012">
        <ele>31.2</ele>
        <time>2026-06-16T21:51:29.000Z</time>
      </trkpt>
      <trkpt lat="40.795954" lon="-73.968999">
        <ele>31.2</ele>
        <time>2026-06-16T21:51:30.000Z</time>
      </trkpt>
      <trkpt lat="40.795949" lon="-73.968987">
        <ele>31.2</ele>
        <time>2026-06-16T21:51:31.000Z</time>
      </trkpt>
      <trkpt lat="40.795944" lon="-73.968974">
        <ele>31.2</ele>
        <time>2026-06-16T21:51:32.000Z</time>
      </trkpt>
      <trkpt lat="40.795939" lon="-73.968962">
        <ele>31.2</ele>
        <time>2026-06-16T21:51:33.000Z</time>
      </trkpt>
      <trkpt lat="40.795935" lon="-73.968949">
        <ele>31.2</ele>
        <time>2026-06-16T21:51:34.000Z</time>
      </trkpt>
      <trkpt lat="40.79593" lon="-73.968937">
        <ele>31.2</ele>
        <time>2026-06-16T21:51:35.000Z</time>
      </trkpt>
      <trkpt lat="40.795925" lon="-73.968925">
        <ele>31.2</ele>
        <time>2026-06-16T21:51:36.000Z</time>
      </trkpt>
      <trkpt lat="40.795921" lon="-73.968912">
        <ele>31.2</ele>
        <time>2026-06-16T21:51:37.000Z</time>
      </trkpt>
      <trkpt lat="40.795916" lon="-73.9689">
        <ele>31.2</ele>
        <time>2026-06-16T21:51:38.000Z</time>
      </trkpt>
      <trkpt lat="40.795912" lon="-73.968888">
        <ele>31.2</ele>
        <time>2026-06-16T21:51:39.000Z</time>
      </trkpt>
      <trkpt lat="40.795908" lon="-73.968876">
        <ele>31.2</ele>
        <time>2026-06-16T21:51:40.000Z</time>
      </trkpt>
      <trkpt lat="40.795907" lon="-73.968866">
        <ele>31.2</ele>
        <time>2026-06-16T21:51:41.000Z</time>
      </trkpt>
      <trkpt lat="40.795908" lon="-73.968857">
        <ele>31.2</ele>
        <time>2026-06-16T21:51:42.000Z</time>
      </trkpt>
      <trkpt lat="40.795911" lon="-73.968846">
        <ele>31.2</ele>
        <time>2026-06-16T21:51:43.000Z</time>
      </trkpt>
      <trkpt lat="40.795917" lon="-73.968836">
        <ele>31.2</ele>
        <time>2026-06-16T21:51:44.000Z</time>
      </trkpt>
      <trkpt lat="40.795924" lon="-73.968826">
        <ele>31.2</ele>
        <time>2026-06-16T21:51:45.000Z</time>
      </trkpt>
      <trkpt lat="40.795932" lon="-73.968817">
        <ele>31.2</ele>
        <time>2026-06-16T21:51:46.000Z</time>
      </trkpt>
      <trkpt lat="40.795941" lon="-73.968808">
        <ele>31.2</ele>
        <time>2026-06-16T21:51:47.000Z</time>
      </trkpt>
      <trkpt lat="40.79595" lon="-73.968799">
        <ele>31.2</ele>
        <time>2026-06-16T21:51:48.000Z</time>
      </trkpt>
      <trkpt lat="40.79596" lon="-73.968791">
        <ele>31.2</ele>
        <time>2026-06-16T21:51:49.000Z</time>
      </trkpt>
      <trkpt lat="40.795971" lon="-73.968782">
        <ele>31.2</ele>
        <time>2026-06-16T21:51:50.000Z</time>
      </trkpt>
      <trkpt lat="40.795981" lon="-73.968775">
        <ele>31.2</ele>
        <time>2026-06-16T21:51:51.000Z</time>
      </trkpt>
      <trkpt lat="40.795991" lon="-73.968768">
        <ele>31.2</ele>
        <time>2026-06-16T21:51:52.000Z</time>
      </trkpt>
      <trkpt lat="40.796001" lon="-73.968762">
        <ele>31.2</ele>
        <time>2026-06-16T21:51:53.000Z</time>
      </trkpt>
      <trkpt lat="40.796012" lon="-73.968755">
        <ele>31.2</ele>
        <time>2026-06-16T21:51:54.000Z</time>
      </trkpt>
      <trkpt lat="40.796022" lon="-73.968747">
        <ele>31.2</ele>
        <time>2026-06-16T21:51:55.000Z</time>
      </trkpt>
      <trkpt lat="40.796031" lon="-73.96874">
        <ele>31.4</ele>
        <time>2026-06-16T21:51:56.000Z</time>
      </trkpt>
      <trkpt lat="40.796039" lon="-73.968733">
        <ele>31.4</ele>
        <time>2026-06-16T21:51:57.000Z</time>
      </trkpt>
      <trkpt lat="40.796047" lon="-73.968726">
        <ele>31.4</ele>
        <time>2026-06-16T21:51:58.000Z</time>
      </trkpt>
      <trkpt lat="40.796054" lon="-73.968719">
        <ele>31.4</ele>
        <time>2026-06-16T21:51:59.000Z</time>
      </trkpt>
      <trkpt lat="40.796068" lon="-73.968708">
        <ele>31.4</ele>
        <time>2026-06-16T21:52:00.000Z</time>
      </trkpt>
      <trkpt lat="40.796073" lon="-73.968704">
        <ele>31.4</ele>
        <time>2026-06-16T21:52:01.000Z</time>
      </trkpt>
      <trkpt lat="40.796083" lon="-73.968697">
        <ele>31.4</ele>
        <time>2026-06-16T21:52:02.000Z</time>
      </trkpt>
      <trkpt lat="40.796094" lon="-73.96869">
        <ele>31.4</ele>
        <time>2026-06-16T21:52:03.000Z</time>
      </trkpt>
      <trkpt lat="40.796104" lon="-73.968684">
        <ele>31.4</ele>
        <time>2026-06-16T21:52:04.000Z</time>
      </trkpt>
      <trkpt lat="40.796115" lon="-73.968678">
        <ele>31.4</ele>
        <time>2026-06-16T21:52:05.000Z</time>
      </trkpt>
      <trkpt lat="40.796125" lon="-73.968672">
        <ele>31.4</ele>
        <time>2026-06-16T21:52:06.000Z</time>
      </trkpt>
      <trkpt lat="40.796135" lon="-73.968666">
        <ele>31.4</ele>
        <time>2026-06-16T21:52:07.000Z</time>
      </trkpt>
      <trkpt lat="40.796145" lon="-73.968659">
        <ele>31.4</ele>
        <time>2026-06-16T21:52:08.000Z</time>
      </trkpt>
      <trkpt lat="40.796155" lon="-73.968653">
        <ele>31.4</ele>
        <time>2026-06-16T21:52:09.000Z</time>
      </trkpt>
      <trkpt lat="40.796165" lon="-73.968647">
        <ele>31.4</ele>
        <time>2026-06-16T21:52:10.000Z</time>
      </trkpt>
      <trkpt lat="40.796174" lon="-73.96864">
        <ele>31.4</ele>
        <time>2026-06-16T21:52:11.000Z</time>
      </trkpt>
      <trkpt lat="40.796184" lon="-73.968634">
        <ele>31.4</ele>
        <time>2026-06-16T21:52:12.000Z</time>
      </trkpt>
      <trkpt lat="40.796194" lon="-73.968628">
        <ele>31.4</ele>
        <time>2026-06-16T21:52:13.000Z</time>
      </trkpt>
      <trkpt lat="40.796204" lon="-73.968622">
        <ele>31.4</ele>
        <time>2026-06-16T21:52:14.000Z</time>
      </trkpt>
      <trkpt lat="40.796214" lon="-73.968615">
        <ele>31.4</ele>
        <time>2026-06-16T21:52:15.000Z</time>
      </trkpt>
      <trkpt lat="40.796224" lon="-73.968609">
        <ele>31.4</ele>
        <time>2026-06-16T21:52:16.000Z</time>
      </trkpt>
      <trkpt lat="40.796234" lon="-73.968603">
        <ele>31.4</ele>
        <time>2026-06-16T21:52:17.000Z</time>
      </trkpt>
      <trkpt lat="40.796244" lon="-73.968597">
        <ele>31.4</ele>
        <time>2026-06-16T21:52:18.000Z</time>
      </trkpt>
      <trkpt lat="40.796254" lon="-73.968591">
        <ele>31.4</ele>
        <time>2026-06-16T21:52:19.000Z</time>
      </trkpt>
      <trkpt lat="40.796264" lon="-73.968585">
        <ele>31.4</ele>
        <time>2026-06-16T21:52:20.000Z</time>
      </trkpt>
      <trkpt lat="40.796273" lon="-73.968578">
        <ele>31.4</ele>
        <time>2026-06-16T21:52:21.000Z</time>
      </trkpt>
      <trkpt lat="40.796283" lon="-73.968572">
        <ele>31.4</ele>
        <time>2026-06-16T21:52:22.000Z</time>
      </trkpt>
      <trkpt lat="40.796293" lon="-73.968566">
        <ele>31.4</ele>
        <time>2026-06-16T21:52:23.000Z</time>
      </trkpt>
      <trkpt lat="40.796303" lon="-73.968559">
        <ele>31.4</ele>
        <time>2026-06-16T21:52:24.000Z</time>
      </trkpt>
      <trkpt lat="40.796313" lon="-73.968553">
        <ele>31.4</ele>
        <time>2026-06-16T21:52:25.000Z</time>
      </trkpt>
      <trkpt lat="40.796323" lon="-73.968547">
        <ele>31.4</ele>
        <time>2026-06-16T21:52:26.000Z</time>
      </trkpt>
      <trkpt lat="40.796333" lon="-73.96854">
        <ele>31.4</ele>
        <time>2026-06-16T21:52:27.000Z</time>
      </trkpt>
      <trkpt lat="40.796342" lon="-73.968534">
        <ele>31.4</ele>
        <time>2026-06-16T21:52:28.000Z</time>
      </trkpt>
      <trkpt lat="40.796352" lon="-73.968527">
        <ele>31.4</ele>
        <time>2026-06-16T21:52:29.000Z</time>
      </trkpt>
      <trkpt lat="40.796361" lon="-73.96852">
        <ele>31.4</ele>
        <time>2026-06-16T21:52:30.000Z</time>
      </trkpt>
      <trkpt lat="40.796371" lon="-73.968513">
        <ele>31.4</ele>
        <time>2026-06-16T21:52:31.000Z</time>
      </trkpt>
      <trkpt lat="40.79638" lon="-73.968506">
        <ele>31.4</ele>
        <time>2026-06-16T21:52:32.000Z</time>
      </trkpt>
      <trkpt lat="40.796389" lon="-73.968499">
        <ele>31.4</ele>
        <time>2026-06-16T21:52:33.000Z</time>
      </trkpt>
      <trkpt lat="40.796398" lon="-73.968492">
        <ele>31.4</ele>
        <time>2026-06-16T21:52:34.000Z</time>
      </trkpt>
      <trkpt lat="40.796407" lon="-73.968485">
        <ele>31.4</ele>
        <time>2026-06-16T21:52:35.000Z</time>
      </trkpt>
      <trkpt lat="40.796416" lon="-73.968478">
        <ele>31.4</ele>
        <time>2026-06-16T21:52:36.000Z</time>
      </trkpt>
      <trkpt lat="40.796424" lon="-73.968471">
        <ele>31.4</ele>
        <time>2026-06-16T21:52:37.000Z</time>
      </trkpt>
      <trkpt lat="40.796432" lon="-73.968464">
        <ele>31.6</ele>
        <time>2026-06-16T21:52:38.000Z</time>
      </trkpt>
      <trkpt lat="40.79644" lon="-73.968457">
        <ele>31.6</ele>
        <time>2026-06-16T21:52:39.000Z</time>
      </trkpt>
      <trkpt lat="40.796447" lon="-73.96845">
        <ele>31.6</ele>
        <time>2026-06-16T21:52:40.000Z</time>
      </trkpt>
      <trkpt lat="40.796455" lon="-73.968442">
        <ele>31.6</ele>
        <time>2026-06-16T21:52:41.000Z</time>
      </trkpt>
      <trkpt lat="40.796461" lon="-73.968435">
        <ele>31.6</ele>
        <time>2026-06-16T21:52:42.000Z</time>
      </trkpt>
      <trkpt lat="40.796467" lon="-73.968427">
        <ele>31.6</ele>
        <time>2026-06-16T21:52:43.000Z</time>
      </trkpt>
      <trkpt lat="40.796473" lon="-73.968418">
        <ele>31.6</ele>
        <time>2026-06-16T21:52:44.000Z</time>
      </trkpt>
      <trkpt lat="40.796477" lon="-73.96841">
        <ele>31.6</ele>
        <time>2026-06-16T21:52:45.000Z</time>
      </trkpt>
      <trkpt lat="40.796481" lon="-73.968401">
        <ele>31.6</ele>
        <time>2026-06-16T21:52:46.000Z</time>
      </trkpt>
      <trkpt lat="40.796483" lon="-73.968391">
        <ele>31.6</ele>
        <time>2026-06-16T21:52:47.000Z</time>
      </trkpt>
      <trkpt lat="40.796483" lon="-73.968381">
        <ele>31.6</ele>
        <time>2026-06-16T21:52:48.000Z</time>
      </trkpt>
      <trkpt lat="40.796482" lon="-73.96837">
        <ele>31.6</ele>
        <time>2026-06-16T21:52:49.000Z</time>
      </trkpt>
      <trkpt lat="40.79648" lon="-73.968358">
        <ele>31.6</ele>
        <time>2026-06-16T21:52:50.000Z</time>
      </trkpt>
      <trkpt lat="40.796477" lon="-73.968347">
        <ele>31.6</ele>
        <time>2026-06-16T21:52:51.000Z</time>
      </trkpt>
      <trkpt lat="40.796473" lon="-73.968334">
        <ele>31.6</ele>
        <time>2026-06-16T21:52:52.000Z</time>
      </trkpt>
      <trkpt lat="40.796468" lon="-73.968322">
        <ele>31.8</ele>
        <time>2026-06-16T21:52:53.000Z</time>
      </trkpt>
      <trkpt lat="40.796463" lon="-73.968309">
        <ele>31.8</ele>
        <time>2026-06-16T21:52:54.000Z</time>
      </trkpt>
      <trkpt lat="40.796458" lon="-73.968297">
        <ele>31.8</ele>
        <time>2026-06-16T21:52:55.000Z</time>
      </trkpt>
      <trkpt lat="40.796453" lon="-73.968284">
        <ele>31.8</ele>
        <time>2026-06-16T21:52:56.000Z</time>
      </trkpt>
      <trkpt lat="40.796447" lon="-73.968271">
        <ele>31.8</ele>
        <time>2026-06-16T21:52:57.000Z</time>
      </trkpt>
      <trkpt lat="40.796442" lon="-73.968258">
        <ele>31.6</ele>
        <time>2026-06-16T21:52:58.000Z</time>
      </trkpt>
      <trkpt lat="40.796437" lon="-73.968244">
        <ele>31.6</ele>
        <time>2026-06-16T21:52:59.000Z</time>
      </trkpt>
      <trkpt lat="40.796432" lon="-73.968231">
        <ele>31.6</ele>
        <time>2026-06-16T21:53:00.000Z</time>
      </trkpt>
      <trkpt lat="40.796427" lon="-73.968218">
        <ele>31.6</ele>
        <time>2026-06-16T21:53:01.000Z</time>
      </trkpt>
      <trkpt lat="40.796422" lon="-73.968204">
        <ele>31.6</ele>
        <time>2026-06-16T21:53:02.000Z</time>
      </trkpt>
      <trkpt lat="40.796417" lon="-73.96819">
        <ele>31.6</ele>
        <time>2026-06-16T21:53:03.000Z</time>
      </trkpt>
      <trkpt lat="40.796413" lon="-73.968177">
        <ele>31.6</ele>
        <time>2026-06-16T21:53:04.000Z</time>
      </trkpt>
      <trkpt lat="40.796408" lon="-73.968163">
        <ele>31.6</ele>
        <time>2026-06-16T21:53:05.000Z</time>
      </trkpt>
      <trkpt lat="40.796403" lon="-73.968149">
        <ele>31.6</ele>
        <time>2026-06-16T21:53:06.000Z</time>
      </trkpt>
      <trkpt lat="40.796399" lon="-73.968135">
        <ele>31.6</ele>
        <time>2026-06-16T21:53:07.000Z</time>
      </trkpt>
      <trkpt lat="40.796394" lon="-73.968122">
        <ele>31.6</ele>
        <time>2026-06-16T21:53:08.000Z</time>
      </trkpt>
      <trkpt lat="40.796389" lon="-73.968108">
        <ele>31.4</ele>
        <time>2026-06-16T21:53:09.000Z</time>
      </trkpt>
      <trkpt lat="40.796384" lon="-73.968095">
        <ele>31.4</ele>
        <time>2026-06-16T21:53:10.000Z</time>
      </trkpt>
      <trkpt lat="40.796379" lon="-73.968082">
        <ele>31.4</ele>
        <time>2026-06-16T21:53:11.000Z</time>
      </trkpt>
      <trkpt lat="40.796374" lon="-73.968069">
        <ele>31.4</ele>
        <time>2026-06-16T21:53:12.000Z</time>
      </trkpt>
      <trkpt lat="40.79637" lon="-73.968056">
        <ele>31.4</ele>
        <time>2026-06-16T21:53:13.000Z</time>
      </trkpt>
      <trkpt lat="40.796365" lon="-73.968043">
        <ele>31.2</ele>
        <time>2026-06-16T21:53:14.000Z</time>
      </trkpt>
      <trkpt lat="40.79636" lon="-73.96803">
        <ele>31.2</ele>
        <time>2026-06-16T21:53:15.000Z</time>
      </trkpt>
      <trkpt lat="40.796355" lon="-73.968018">
        <ele>31.2</ele>
        <time>2026-06-16T21:53:16.000Z</time>
      </trkpt>
      <trkpt lat="40.79635" lon="-73.968005">
        <ele>31.2</ele>
        <time>2026-06-16T21:53:17.000Z</time>
      </trkpt>
      <trkpt lat="40.796345" lon="-73.967992">
        <ele>31.2</ele>
        <time>2026-06-16T21:53:18.000Z</time>
      </trkpt>
      <trkpt lat="40.796341" lon="-73.96798">
        <ele>31</ele>
        <time>2026-06-16T21:53:19.000Z</time>
      </trkpt>
      <trkpt lat="40.796336" lon="-73.967967">
        <ele>31</ele>
        <time>2026-06-16T21:53:20.000Z</time>
      </trkpt>
      <trkpt lat="40.796331" lon="-73.967955">
        <ele>31</ele>
        <time>2026-06-16T21:53:21.000Z</time>
      </trkpt>
      <trkpt lat="40.796327" lon="-73.967943">
        <ele>31</ele>
        <time>2026-06-16T21:53:22.000Z</time>
      </trkpt>
      <trkpt lat="40.796322" lon="-73.96793">
        <ele>31</ele>
        <time>2026-06-16T21:53:23.000Z</time>
      </trkpt>
      <trkpt lat="40.796317" lon="-73.967918">
        <ele>31</ele>
        <time>2026-06-16T21:53:24.000Z</time>
      </trkpt>
      <trkpt lat="40.796313" lon="-73.967906">
        <ele>31</ele>
        <time>2026-06-16T21:53:25.000Z</time>
      </trkpt>
      <trkpt lat="40.796308" lon="-73.967894">
        <ele>31</ele>
        <time>2026-06-16T21:53:26.000Z</time>
      </trkpt>
      <trkpt lat="40.796303" lon="-73.967882">
        <ele>31</ele>
        <time>2026-06-16T21:53:27.000Z</time>
      </trkpt>
      <trkpt lat="40.796299" lon="-73.96787">
        <ele>31</ele>
        <time>2026-06-16T21:53:28.000Z</time>
      </trkpt>
      <trkpt lat="40.796294" lon="-73.967858">
        <ele>31</ele>
        <time>2026-06-16T21:53:29.000Z</time>
      </trkpt>
      <trkpt lat="40.79629" lon="-73.967847">
        <ele>31</ele>
        <time>2026-06-16T21:53:30.000Z</time>
      </trkpt>
      <trkpt lat="40.796285" lon="-73.967835">
        <ele>31</ele>
        <time>2026-06-16T21:53:31.000Z</time>
      </trkpt>
      <trkpt lat="40.796281" lon="-73.967823">
        <ele>31</ele>
        <time>2026-06-16T21:53:32.000Z</time>
      </trkpt>
      <trkpt lat="40.796276" lon="-73.96781">
        <ele>31</ele>
        <time>2026-06-16T21:53:33.000Z</time>
      </trkpt>
      <trkpt lat="40.796272" lon="-73.967798">
        <ele>31</ele>
        <time>2026-06-16T21:53:34.000Z</time>
      </trkpt>
      <trkpt lat="40.796267" lon="-73.967786">
        <ele>31</ele>
        <time>2026-06-16T21:53:35.000Z</time>
      </trkpt>
      <trkpt lat="40.796263" lon="-73.967773">
        <ele>31</ele>
        <time>2026-06-16T21:53:36.000Z</time>
      </trkpt>
      <trkpt lat="40.796259" lon="-73.96776">
        <ele>31</ele>
        <time>2026-06-16T21:53:37.000Z</time>
      </trkpt>
      <trkpt lat="40.796255" lon="-73.967747">
        <ele>31</ele>
        <time>2026-06-16T21:53:38.000Z</time>
      </trkpt>
      <trkpt lat="40.796251" lon="-73.967733">
        <ele>31</ele>
        <time>2026-06-16T21:53:39.000Z</time>
      </trkpt>
      <trkpt lat="40.796244" lon="-73.967711">
        <ele>31</ele>
        <time>2026-06-16T21:53:40.000Z</time>
      </trkpt>
      <trkpt lat="40.796242" lon="-73.967703">
        <ele>31</ele>
        <time>2026-06-16T21:53:41.000Z</time>
      </trkpt>
      <trkpt lat="40.796239" lon="-73.967694">
        <ele>31</ele>
        <time>2026-06-16T21:53:42.000Z</time>
      </trkpt>
      <trkpt lat="40.796236" lon="-73.96768">
        <ele>31</ele>
        <time>2026-06-16T21:53:43.000Z</time>
      </trkpt>
      <trkpt lat="40.796232" lon="-73.967667">
        <ele>31</ele>
        <time>2026-06-16T21:53:44.000Z</time>
      </trkpt>
      <trkpt lat="40.796229" lon="-73.967653">
        <ele>31</ele>
        <time>2026-06-16T21:53:45.000Z</time>
      </trkpt>
      <trkpt lat="40.796226" lon="-73.96764">
        <ele>31</ele>
        <time>2026-06-16T21:53:46.000Z</time>
      </trkpt>
      <trkpt lat="40.796223" lon="-73.967626">
        <ele>31</ele>
        <time>2026-06-16T21:53:47.000Z</time>
      </trkpt>
      <trkpt lat="40.796219" lon="-73.967606">
        <ele>31</ele>
        <time>2026-06-16T21:53:48.000Z</time>
      </trkpt>
      <trkpt lat="40.796217" lon="-73.967599">
        <ele>31</ele>
        <time>2026-06-16T21:53:49.000Z</time>
      </trkpt>
      <trkpt lat="40.796213" lon="-73.967585">
        <ele>30.8</ele>
        <time>2026-06-16T21:53:50.000Z</time>
      </trkpt>
      <trkpt lat="40.79621" lon="-73.967572">
        <ele>30.8</ele>
        <time>2026-06-16T21:53:51.000Z</time>
      </trkpt>
      <trkpt lat="40.796207" lon="-73.967558">
        <ele>30.8</ele>
        <time>2026-06-16T21:53:52.000Z</time>
      </trkpt>
      <trkpt lat="40.796203" lon="-73.967544">
        <ele>30.8</ele>
        <time>2026-06-16T21:53:53.000Z</time>
      </trkpt>
      <trkpt lat="40.7962" lon="-73.967531">
        <ele>30.8</ele>
        <time>2026-06-16T21:53:54.000Z</time>
      </trkpt>
      <trkpt lat="40.796196" lon="-73.967517">
        <ele>30.8</ele>
        <time>2026-06-16T21:53:55.000Z</time>
      </trkpt>
      <trkpt lat="40.796193" lon="-73.967504">
        <ele>30.8</ele>
        <time>2026-06-16T21:53:56.000Z</time>
      </trkpt>
      <trkpt lat="40.796189" lon="-73.96749">
        <ele>30.8</ele>
        <time>2026-06-16T21:53:57.000Z</time>
      </trkpt>
      <trkpt lat="40.796185" lon="-73.967477">
        <ele>30.6</ele>
        <time>2026-06-16T21:53:58.000Z</time>
      </trkpt>
      <trkpt lat="40.796181" lon="-73.967464">
        <ele>30.6</ele>
        <time>2026-06-16T21:53:59.000Z</time>
      </trkpt>
      <trkpt lat="40.796177" lon="-73.96745">
        <ele>30.6</ele>
        <time>2026-06-16T21:54:00.000Z</time>
      </trkpt>
      <trkpt lat="40.796172" lon="-73.967437">
        <ele>30.6</ele>
        <time>2026-06-16T21:54:01.000Z</time>
      </trkpt>
      <trkpt lat="40.796168" lon="-73.967424">
        <ele>30.6</ele>
        <time>2026-06-16T21:54:02.000Z</time>
      </trkpt>
      <trkpt lat="40.796164" lon="-73.967411">
        <ele>30.6</ele>
        <time>2026-06-16T21:54:03.000Z</time>
      </trkpt>
      <trkpt lat="40.796159" lon="-73.967398">
        <ele>30.6</ele>
        <time>2026-06-16T21:54:04.000Z</time>
      </trkpt>
      <trkpt lat="40.796155" lon="-73.967385">
        <ele>30.6</ele>
        <time>2026-06-16T21:54:05.000Z</time>
      </trkpt>
      <trkpt lat="40.796148" lon="-73.967366">
        <ele>30.6</ele>
        <time>2026-06-16T21:54:06.000Z</time>
      </trkpt>
      <trkpt lat="40.796146" lon="-73.96736">
        <ele>30.6</ele>
        <time>2026-06-16T21:54:07.000Z</time>
      </trkpt>
      <trkpt lat="40.796141" lon="-73.967347">
        <ele>30.6</ele>
        <time>2026-06-16T21:54:08.000Z</time>
      </trkpt>
      <trkpt lat="40.796136" lon="-73.967334">
        <ele>30.6</ele>
        <time>2026-06-16T21:54:09.000Z</time>
      </trkpt>
      <trkpt lat="40.796131" lon="-73.967321">
        <ele>30.6</ele>
        <time>2026-06-16T21:54:10.000Z</time>
      </trkpt>
      <trkpt lat="40.796126" lon="-73.967309">
        <ele>30.4</ele>
        <time>2026-06-16T21:54:11.000Z</time>
      </trkpt>
      <trkpt lat="40.796122" lon="-73.967296">
        <ele>30.4</ele>
        <time>2026-06-16T21:54:12.000Z</time>
      </trkpt>
      <trkpt lat="40.796117" lon="-73.967283">
        <ele>30.4</ele>
        <time>2026-06-16T21:54:13.000Z</time>
      </trkpt>
      <trkpt lat="40.796112" lon="-73.967271">
        <ele>30.4</ele>
        <time>2026-06-16T21:54:14.000Z</time>
      </trkpt>
      <trkpt lat="40.796107" lon="-73.967258">
        <ele>30.4</ele>
        <time>2026-06-16T21:54:15.000Z</time>
      </trkpt>
      <trkpt lat="40.796102" lon="-73.967246">
        <ele>30.4</ele>
        <time>2026-06-16T21:54:16.000Z</time>
      </trkpt>
      <trkpt lat="40.796097" lon="-73.967233">
        <ele>30.4</ele>
        <time>2026-06-16T21:54:17.000Z</time>
      </trkpt>
      <trkpt lat="40.796092" lon="-73.967221">
        <ele>30.4</ele>
        <time>2026-06-16T21:54:18.000Z</time>
      </trkpt>
      <trkpt lat="40.796087" lon="-73.967209">
        <ele>30.4</ele>
        <time>2026-06-16T21:54:19.000Z</time>
      </trkpt>
      <trkpt lat="40.796082" lon="-73.967196">
        <ele>30.2</ele>
        <time>2026-06-16T21:54:20.000Z</time>
      </trkpt>
      <trkpt lat="40.796076" lon="-73.967184">
        <ele>30.2</ele>
        <time>2026-06-16T21:54:21.000Z</time>
      </trkpt>
      <trkpt lat="40.796071" lon="-73.967171">
        <ele>30.2</ele>
        <time>2026-06-16T21:54:22.000Z</time>
      </trkpt>
      <trkpt lat="40.796066" lon="-73.967158">
        <ele>30.2</ele>
        <time>2026-06-16T21:54:23.000Z</time>
      </trkpt>
      <trkpt lat="40.796061" lon="-73.967146">
        <ele>30.2</ele>
        <time>2026-06-16T21:54:24.000Z</time>
      </trkpt>
      <trkpt lat="40.796055" lon="-73.967133">
        <ele>30.2</ele>
        <time>2026-06-16T21:54:25.000Z</time>
      </trkpt>
      <trkpt lat="40.79605" lon="-73.967121">
        <ele>30.2</ele>
        <time>2026-06-16T21:54:26.000Z</time>
      </trkpt>
      <trkpt lat="40.796045" lon="-73.967108">
        <ele>30.2</ele>
        <time>2026-06-16T21:54:27.000Z</time>
      </trkpt>
      <trkpt lat="40.79604" lon="-73.967095">
        <ele>30</ele>
        <time>2026-06-16T21:54:28.000Z</time>
      </trkpt>
      <trkpt lat="40.796034" lon="-73.967082">
        <ele>30</ele>
        <time>2026-06-16T21:54:29.000Z</time>
      </trkpt>
      <trkpt lat="40.796029" lon="-73.96707">
        <ele>30</ele>
        <time>2026-06-16T21:54:30.000Z</time>
      </trkpt>
      <trkpt lat="40.796023" lon="-73.967057">
        <ele>30</ele>
        <time>2026-06-16T21:54:31.000Z</time>
      </trkpt>
      <trkpt lat="40.796018" lon="-73.967044">
        <ele>30</ele>
        <time>2026-06-16T21:54:32.000Z</time>
      </trkpt>
      <trkpt lat="40.796013" lon="-73.967031">
        <ele>30</ele>
        <time>2026-06-16T21:54:33.000Z</time>
      </trkpt>
      <trkpt lat="40.796004" lon="-73.96701">
        <ele>30</ele>
        <time>2026-06-16T21:54:34.000Z</time>
      </trkpt>
      <trkpt lat="40.796" lon="-73.967001">
        <ele>30</ele>
        <time>2026-06-16T21:54:35.000Z</time>
      </trkpt>
      <trkpt lat="40.795997" lon="-73.966993">
        <ele>30</ele>
        <time>2026-06-16T21:54:36.000Z</time>
      </trkpt>
      <trkpt lat="40.795991" lon="-73.966981">
        <ele>29.8</ele>
        <time>2026-06-16T21:54:37.000Z</time>
      </trkpt>
      <trkpt lat="40.795986" lon="-73.966968">
        <ele>29.8</ele>
        <time>2026-06-16T21:54:38.000Z</time>
      </trkpt>
      <trkpt lat="40.795981" lon="-73.966955">
        <ele>29.8</ele>
        <time>2026-06-16T21:54:39.000Z</time>
      </trkpt>
      <trkpt lat="40.795975" lon="-73.966942">
        <ele>29.8</ele>
        <time>2026-06-16T21:54:40.000Z</time>
      </trkpt>
      <trkpt lat="40.79597" lon="-73.96693">
        <ele>29.8</ele>
        <time>2026-06-16T21:54:41.000Z</time>
      </trkpt>
      <trkpt lat="40.795965" lon="-73.966917">
        <ele>29.8</ele>
        <time>2026-06-16T21:54:42.000Z</time>
      </trkpt>
      <trkpt lat="40.795959" lon="-73.966904">
        <ele>29.8</ele>
        <time>2026-06-16T21:54:43.000Z</time>
      </trkpt>
      <trkpt lat="40.795954" lon="-73.966891">
        <ele>29.8</ele>
        <time>2026-06-16T21:54:44.000Z</time>
      </trkpt>
      <trkpt lat="40.795949" lon="-73.966878">
        <ele>29.6</ele>
        <time>2026-06-16T21:54:45.000Z</time>
      </trkpt>
      <trkpt lat="40.795943" lon="-73.966866">
        <ele>29.6</ele>
        <time>2026-06-16T21:54:46.000Z</time>
      </trkpt>
      <trkpt lat="40.795938" lon="-73.966853">
        <ele>29.6</ele>
        <time>2026-06-16T21:54:47.000Z</time>
      </trkpt>
      <trkpt lat="40.795932" lon="-73.96684">
        <ele>29.6</ele>
        <time>2026-06-16T21:54:48.000Z</time>
      </trkpt>
      <trkpt lat="40.795927" lon="-73.966827">
        <ele>29.6</ele>
        <time>2026-06-16T21:54:49.000Z</time>
      </trkpt>
      <trkpt lat="40.795921" lon="-73.966814">
        <ele>29.6</ele>
        <time>2026-06-16T21:54:50.000Z</time>
      </trkpt>
      <trkpt lat="40.795915" lon="-73.966802">
        <ele>29.6</ele>
        <time>2026-06-16T21:54:51.000Z</time>
      </trkpt>
      <trkpt lat="40.79591" lon="-73.966789">
        <ele>29.6</ele>
        <time>2026-06-16T21:54:52.000Z</time>
      </trkpt>
      <trkpt lat="40.795904" lon="-73.966776">
        <ele>29.6</ele>
        <time>2026-06-16T21:54:53.000Z</time>
      </trkpt>
      <trkpt lat="40.795899" lon="-73.966763">
        <ele>29.6</ele>
        <time>2026-06-16T21:54:54.000Z</time>
      </trkpt>
      <trkpt lat="40.795893" lon="-73.966751">
        <ele>29.6</ele>
        <time>2026-06-16T21:54:55.000Z</time>
      </trkpt>
      <trkpt lat="40.795887" lon="-73.966738">
        <ele>29.6</ele>
        <time>2026-06-16T21:54:56.000Z</time>
      </trkpt>
      <trkpt lat="40.795878" lon="-73.966717">
        <ele>29.4</ele>
        <time>2026-06-16T21:54:57.000Z</time>
      </trkpt>
      <trkpt lat="40.795874" lon="-73.966708">
        <ele>29.4</ele>
        <time>2026-06-16T21:54:58.000Z</time>
      </trkpt>
      <trkpt lat="40.79587" lon="-73.9667">
        <ele>29.4</ele>
        <time>2026-06-16T21:54:59.000Z</time>
      </trkpt>
      <trkpt lat="40.795865" lon="-73.966687">
        <ele>29.4</ele>
        <time>2026-06-16T21:55:00.000Z</time>
      </trkpt>
      <trkpt lat="40.795859" lon="-73.966675">
        <ele>29.4</ele>
        <time>2026-06-16T21:55:01.000Z</time>
      </trkpt>
      <trkpt lat="40.795854" lon="-73.966662">
        <ele>29.4</ele>
        <time>2026-06-16T21:55:02.000Z</time>
      </trkpt>
      <trkpt lat="40.795848" lon="-73.96665">
        <ele>29.4</ele>
        <time>2026-06-16T21:55:03.000Z</time>
      </trkpt>
      <trkpt lat="40.795842" lon="-73.966637">
        <ele>29.4</ele>
        <time>2026-06-16T21:55:04.000Z</time>
      </trkpt>
      <trkpt lat="40.795836" lon="-73.966625">
        <ele>29.4</ele>
        <time>2026-06-16T21:55:05.000Z</time>
      </trkpt>
      <trkpt lat="40.79583" lon="-73.966614">
        <ele>29.4</ele>
        <time>2026-06-16T21:55:06.000Z</time>
      </trkpt>
      <trkpt lat="40.795823" lon="-73.966605">
        <ele>29.4</ele>
        <time>2026-06-16T21:55:07.000Z</time>
      </trkpt>
      <trkpt lat="40.795817" lon="-73.966598">
        <ele>29.4</ele>
        <time>2026-06-16T21:55:08.000Z</time>
      </trkpt>
      <trkpt lat="40.795812" lon="-73.966593">
        <ele>29.4</ele>
        <time>2026-06-16T21:55:09.000Z</time>
      </trkpt>
      <trkpt lat="40.795808" lon="-73.966588">
        <ele>29.4</ele>
        <time>2026-06-16T21:55:10.000Z</time>
      </trkpt>
      <trkpt lat="40.795805" lon="-73.966581">
        <ele>29.4</ele>
        <time>2026-06-16T21:55:11.000Z</time>
      </trkpt>
      <trkpt lat="40.795801" lon="-73.966572">
        <ele>29.4</ele>
        <time>2026-06-16T21:55:12.000Z</time>
      </trkpt>
      <trkpt lat="40.795797" lon="-73.966562">
        <ele>29.4</ele>
        <time>2026-06-16T21:55:13.000Z</time>
      </trkpt>
      <trkpt lat="40.795794" lon="-73.966551">
        <ele>29.4</ele>
        <time>2026-06-16T21:55:14.000Z</time>
      </trkpt>
      <trkpt lat="40.79579" lon="-73.96654">
        <ele>29.4</ele>
        <time>2026-06-16T21:55:15.000Z</time>
      </trkpt>
      <trkpt lat="40.795786" lon="-73.966531">
        <ele>29.4</ele>
        <time>2026-06-16T21:55:16.000Z</time>
      </trkpt>
      <trkpt lat="40.795784" lon="-73.966522">
        <ele>29.4</ele>
        <time>2026-06-16T21:55:17.000Z</time>
      </trkpt>
      <trkpt lat="40.79578" lon="-73.966513">
        <ele>29.4</ele>
        <time>2026-06-16T21:55:18.000Z</time>
      </trkpt>
      <trkpt lat="40.795777" lon="-73.966503">
        <ele>29.4</ele>
        <time>2026-06-16T21:55:19.000Z</time>
      </trkpt>
      <trkpt lat="40.795773" lon="-73.966493">
        <ele>29.4</ele>
        <time>2026-06-16T21:55:20.000Z</time>
      </trkpt>
      <trkpt lat="40.795769" lon="-73.966483">
        <ele>29.4</ele>
        <time>2026-06-16T21:55:21.000Z</time>
      </trkpt>
      <trkpt lat="40.795764" lon="-73.966471">
        <ele>29.4</ele>
        <time>2026-06-16T21:55:22.000Z</time>
      </trkpt>
      <trkpt lat="40.795759" lon="-73.966459">
        <ele>29.4</ele>
        <time>2026-06-16T21:55:23.000Z</time>
      </trkpt>
      <trkpt lat="40.795754" lon="-73.966446">
        <ele>29.4</ele>
        <time>2026-06-16T21:55:24.000Z</time>
      </trkpt>
      <trkpt lat="40.795748" lon="-73.966434">
        <ele>29.2</ele>
        <time>2026-06-16T21:55:25.000Z</time>
      </trkpt>
      <trkpt lat="40.795743" lon="-73.966422">
        <ele>29.2</ele>
        <time>2026-06-16T21:55:26.000Z</time>
      </trkpt>
      <trkpt lat="40.795738" lon="-73.966411">
        <ele>29.2</ele>
        <time>2026-06-16T21:55:27.000Z</time>
      </trkpt>
      <trkpt lat="40.795729" lon="-73.966391">
        <ele>29.2</ele>
        <time>2026-06-16T21:55:28.000Z</time>
      </trkpt>
      <trkpt lat="40.795725" lon="-73.966383">
        <ele>29.2</ele>
        <time>2026-06-16T21:55:29.000Z</time>
      </trkpt>
      <trkpt lat="40.795721" lon="-73.966375">
        <ele>29</ele>
        <time>2026-06-16T21:55:30.000Z</time>
      </trkpt>
      <trkpt lat="40.795715" lon="-73.966363">
        <ele>29</ele>
        <time>2026-06-16T21:55:31.000Z</time>
      </trkpt>
      <trkpt lat="40.795709" lon="-73.96635">
        <ele>29</ele>
        <time>2026-06-16T21:55:32.000Z</time>
      </trkpt>
      <trkpt lat="40.795699" lon="-73.966331">
        <ele>29</ele>
        <time>2026-06-16T21:55:33.000Z</time>
      </trkpt>
      <trkpt lat="40.795694" lon="-73.966322">
        <ele>29</ele>
        <time>2026-06-16T21:55:34.000Z</time>
      </trkpt>
      <trkpt lat="40.79569" lon="-73.966314">
        <ele>29</ele>
        <time>2026-06-16T21:55:35.000Z</time>
      </trkpt>
      <trkpt lat="40.795683" lon="-73.9663">
        <ele>29</ele>
        <time>2026-06-16T21:55:36.000Z</time>
      </trkpt>
      <trkpt lat="40.795676" lon="-73.966286">
        <ele>29</ele>
        <time>2026-06-16T21:55:37.000Z</time>
      </trkpt>
      <trkpt lat="40.795669" lon="-73.966274">
        <ele>29</ele>
        <time>2026-06-16T21:55:38.000Z</time>
      </trkpt>
      <trkpt lat="40.795663" lon="-73.966263">
        <ele>29</ele>
        <time>2026-06-16T21:55:39.000Z</time>
      </trkpt>
      <trkpt lat="40.795657" lon="-73.966253">
        <ele>29</ele>
        <time>2026-06-16T21:55:40.000Z</time>
      </trkpt>
      <trkpt lat="40.79565" lon="-73.966243">
        <ele>29</ele>
        <time>2026-06-16T21:55:41.000Z</time>
      </trkpt>
      <trkpt lat="40.795644" lon="-73.966233">
        <ele>29</ele>
        <time>2026-06-16T21:55:42.000Z</time>
      </trkpt>
      <trkpt lat="40.795636" lon="-73.966222">
        <ele>29</ele>
        <time>2026-06-16T21:55:43.000Z</time>
      </trkpt>
      <trkpt lat="40.795623" lon="-73.966201">
        <ele>29</ele>
        <time>2026-06-16T21:55:44.000Z</time>
      </trkpt>
      <trkpt lat="40.795618" lon="-73.966194">
        <ele>29</ele>
        <time>2026-06-16T21:55:45.000Z</time>
      </trkpt>
      <trkpt lat="40.79561" lon="-73.96618">
        <ele>29</ele>
        <time>2026-06-16T21:55:46.000Z</time>
      </trkpt>
      <trkpt lat="40.795601" lon="-73.966167">
        <ele>29</ele>
        <time>2026-06-16T21:55:47.000Z</time>
      </trkpt>
      <trkpt lat="40.795593" lon="-73.966153">
        <ele>29</ele>
        <time>2026-06-16T21:55:48.000Z</time>
      </trkpt>
      <trkpt lat="40.795586" lon="-73.96614">
        <ele>29</ele>
        <time>2026-06-16T21:55:49.000Z</time>
      </trkpt>
      <trkpt lat="40.795574" lon="-73.966126">
        <ele>28.8</ele>
        <time>2026-06-16T21:55:50.000Z</time>
      </trkpt>
      <trkpt lat="40.795566" lon="-73.966114">
        <ele>28.8</ele>
        <time>2026-06-16T21:55:51.000Z</time>
      </trkpt>
      <trkpt lat="40.79556" lon="-73.966101">
        <ele>28.8</ele>
        <time>2026-06-16T21:55:52.000Z</time>
      </trkpt>
      <trkpt lat="40.795553" lon="-73.966088">
        <ele>28.8</ele>
        <time>2026-06-16T21:55:53.000Z</time>
      </trkpt>
      <trkpt lat="40.795546" lon="-73.966076">
        <ele>28.8</ele>
        <time>2026-06-16T21:55:54.000Z</time>
      </trkpt>
      <trkpt lat="40.795539" lon="-73.966063">
        <ele>28.8</ele>
        <time>2026-06-16T21:55:55.000Z</time>
      </trkpt>
      <trkpt lat="40.795533" lon="-73.96605">
        <ele>28.8</ele>
        <time>2026-06-16T21:55:56.000Z</time>
      </trkpt>
      <trkpt lat="40.795527" lon="-73.966038">
        <ele>28.8</ele>
        <time>2026-06-16T21:55:57.000Z</time>
      </trkpt>
      <trkpt lat="40.79552" lon="-73.966025">
        <ele>28.6</ele>
        <time>2026-06-16T21:55:58.000Z</time>
      </trkpt>
      <trkpt lat="40.795514" lon="-73.966012">
        <ele>28.6</ele>
        <time>2026-06-16T21:55:59.000Z</time>
      </trkpt>
      <trkpt lat="40.795508" lon="-73.966">
        <ele>28.6</ele>
        <time>2026-06-16T21:56:00.000Z</time>
      </trkpt>
      <trkpt lat="40.795502" lon="-73.965988">
        <ele>28.6</ele>
        <time>2026-06-16T21:56:01.000Z</time>
      </trkpt>
      <trkpt lat="40.795496" lon="-73.965975">
        <ele>28.4</ele>
        <time>2026-06-16T21:56:02.000Z</time>
      </trkpt>
      <trkpt lat="40.79549" lon="-73.965963">
        <ele>28.4</ele>
        <time>2026-06-16T21:56:03.000Z</time>
      </trkpt>
      <trkpt lat="40.795485" lon="-73.965951">
        <ele>28.4</ele>
        <time>2026-06-16T21:56:04.000Z</time>
      </trkpt>
      <trkpt lat="40.79548" lon="-73.965939">
        <ele>28.4</ele>
        <time>2026-06-16T21:56:05.000Z</time>
      </trkpt>
      <trkpt lat="40.795475" lon="-73.965927">
        <ele>28.2</ele>
        <time>2026-06-16T21:56:06.000Z</time>
      </trkpt>
      <trkpt lat="40.795471" lon="-73.965916">
        <ele>28.2</ele>
        <time>2026-06-16T21:56:07.000Z</time>
      </trkpt>
      <trkpt lat="40.795467" lon="-73.965904">
        <ele>28.2</ele>
        <time>2026-06-16T21:56:08.000Z</time>
      </trkpt>
      <trkpt lat="40.795464" lon="-73.965892">
        <ele>28.2</ele>
        <time>2026-06-16T21:56:09.000Z</time>
      </trkpt>
      <trkpt lat="40.795461" lon="-73.965881">
        <ele>28.2</ele>
        <time>2026-06-16T21:56:10.000Z</time>
      </trkpt>
      <trkpt lat="40.795458" lon="-73.96587">
        <ele>28.2</ele>
        <time>2026-06-16T21:56:11.000Z</time>
      </trkpt>
      <trkpt lat="40.795456" lon="-73.965859">
        <ele>28</ele>
        <time>2026-06-16T21:56:12.000Z</time>
      </trkpt>
      <trkpt lat="40.795455" lon="-73.965848">
        <ele>28</ele>
        <time>2026-06-16T21:56:13.000Z</time>
      </trkpt>
      <trkpt lat="40.795454" lon="-73.965838">
        <ele>28</ele>
        <time>2026-06-16T21:56:14.000Z</time>
      </trkpt>
      <trkpt lat="40.795454" lon="-73.965828">
        <ele>28</ele>
        <time>2026-06-16T21:56:15.000Z</time>
      </trkpt>
      <trkpt lat="40.795455" lon="-73.965819">
        <ele>28</ele>
        <time>2026-06-16T21:56:16.000Z</time>
      </trkpt>
      <trkpt lat="40.795455" lon="-73.96581">
        <ele>28</ele>
        <time>2026-06-16T21:56:17.000Z</time>
      </trkpt>
      <trkpt lat="40.795456" lon="-73.965802">
        <ele>28</ele>
        <time>2026-06-16T21:56:18.000Z</time>
      </trkpt>
      <trkpt lat="40.795457" lon="-73.965795">
        <ele>28</ele>
        <time>2026-06-16T21:56:19.000Z</time>
      </trkpt>
      <trkpt lat="40.795457" lon="-73.965785">
        <ele>27.8</ele>
        <time>2026-06-16T21:56:20.000Z</time>
      </trkpt>
      <trkpt lat="40.795457" lon="-73.965781">
        <ele>27.8</ele>
        <time>2026-06-16T21:56:21.000Z</time>
      </trkpt>
      <trkpt lat="40.795456" lon="-73.965777">
        <ele>27.8</ele>
        <time>2026-06-16T21:56:22.000Z</time>
      </trkpt>
      <trkpt lat="40.795455" lon="-73.965773">
        <ele>27.8</ele>
        <time>2026-06-16T21:56:23.000Z</time>
      </trkpt>
      <trkpt lat="40.795454" lon="-73.965769">
        <ele>27.8</ele>
        <time>2026-06-16T21:56:24.000Z</time>
      </trkpt>
      <trkpt lat="40.795454" lon="-73.965765">
        <ele>27.8</ele>
        <time>2026-06-16T21:56:25.000Z</time>
      </trkpt>
      <trkpt lat="40.795453" lon="-73.965761">
        <ele>27.6</ele>
        <time>2026-06-16T21:56:26.000Z</time>
      </trkpt>
      <trkpt lat="40.795452" lon="-73.965757">
        <ele>27.6</ele>
        <time>2026-06-16T21:56:27.000Z</time>
      </trkpt>
      <trkpt lat="40.795452" lon="-73.965752">
        <ele>27.6</ele>
        <time>2026-06-16T21:56:28.000Z</time>
      </trkpt>
      <trkpt lat="40.795451" lon="-73.965748">
        <ele>27.6</ele>
        <time>2026-06-16T21:56:29.000Z</time>
      </trkpt>
      <trkpt lat="40.79545" lon="-73.965744">
        <ele>27.6</ele>
        <time>2026-06-16T21:56:30.000Z</time>
      </trkpt>
      <trkpt lat="40.795449" lon="-73.96574">
        <ele>27.6</ele>
        <time>2026-06-16T21:56:31.000Z</time>
      </trkpt>
      <trkpt lat="40.795449" lon="-73.965736">
        <ele>27.6</ele>
        <time>2026-06-16T21:56:32.000Z</time>
      </trkpt>
      <trkpt lat="40.795448" lon="-73.965732">
        <ele>27.6</ele>
        <time>2026-06-16T21:56:33.000Z</time>
      </trkpt>
      <trkpt lat="40.795447" lon="-73.965728">
        <ele>27.6</ele>
        <time>2026-06-16T21:56:34.000Z</time>
      </trkpt>
      <trkpt lat="40.795446" lon="-73.965724">
        <ele>27.6</ele>
        <time>2026-06-16T21:56:35.000Z</time>
      </trkpt>
      <trkpt lat="40.795446" lon="-73.96572">
        <ele>27.6</ele>
        <time>2026-06-16T21:56:36.000Z</time>
      </trkpt>
      <trkpt lat="40.795445" lon="-73.965716">
        <ele>27.6</ele>
        <time>2026-06-16T21:56:37.000Z</time>
      </trkpt>
      <trkpt lat="40.79544" lon="-73.965706">
        <ele>27.8</ele>
        <time>2026-06-16T21:56:38.000Z</time>
      </trkpt>
      <trkpt lat="40.795436" lon="-73.965696">
        <ele>27.8</ele>
        <time>2026-06-16T21:56:39.000Z</time>
      </trkpt>
      <trkpt lat="40.79543" lon="-73.965686">
        <ele>27.8</ele>
        <time>2026-06-16T21:56:40.000Z</time>
      </trkpt>
      <trkpt lat="40.795425" lon="-73.965675">
        <ele>27.8</ele>
        <time>2026-06-16T21:56:41.000Z</time>
      </trkpt>
      <trkpt lat="40.795419" lon="-73.965664">
        <ele>27.8</ele>
        <time>2026-06-16T21:56:42.000Z</time>
      </trkpt>
      <trkpt lat="40.795413" lon="-73.965653">
        <ele>27.8</ele>
        <time>2026-06-16T21:56:43.000Z</time>
      </trkpt>
      <trkpt lat="40.795407" lon="-73.965642">
        <ele>27.8</ele>
        <time>2026-06-16T21:56:44.000Z</time>
      </trkpt>
      <trkpt lat="40.795401" lon="-73.965631">
        <ele>28</ele>
        <time>2026-06-16T21:56:45.000Z</time>
      </trkpt>
      <trkpt lat="40.795395" lon="-73.965621">
        <ele>28</ele>
        <time>2026-06-16T21:56:46.000Z</time>
      </trkpt>
      <trkpt lat="40.795388" lon="-73.96561">
        <ele>28</ele>
        <time>2026-06-16T21:56:47.000Z</time>
      </trkpt>
      <trkpt lat="40.795382" lon="-73.965599">
        <ele>28</ele>
        <time>2026-06-16T21:56:48.000Z</time>
      </trkpt>
      <trkpt lat="40.795375" lon="-73.965588">
        <ele>28</ele>
        <time>2026-06-16T21:56:49.000Z</time>
      </trkpt>
      <trkpt lat="40.795369" lon="-73.965578">
        <ele>28</ele>
        <time>2026-06-16T21:56:50.000Z</time>
      </trkpt>
      <trkpt lat="40.795362" lon="-73.965568">
        <ele>28.2</ele>
        <time>2026-06-16T21:56:51.000Z</time>
      </trkpt>
      <trkpt lat="40.795355" lon="-73.965558">
        <ele>28.2</ele>
        <time>2026-06-16T21:56:52.000Z</time>
      </trkpt>
      <trkpt lat="40.795347" lon="-73.965549">
        <ele>28.2</ele>
        <time>2026-06-16T21:56:53.000Z</time>
      </trkpt>
      <trkpt lat="40.79534" lon="-73.965541">
        <ele>28.2</ele>
        <time>2026-06-16T21:56:54.000Z</time>
      </trkpt>
      <trkpt lat="40.795332" lon="-73.965532">
        <ele>28.2</ele>
        <time>2026-06-16T21:56:55.000Z</time>
      </trkpt>
      <trkpt lat="40.795324" lon="-73.965524">
        <ele>28</ele>
        <time>2026-06-16T21:56:56.000Z</time>
      </trkpt>
      <trkpt lat="40.795316" lon="-73.965517">
        <ele>28</ele>
        <time>2026-06-16T21:56:57.000Z</time>
      </trkpt>
      <trkpt lat="40.795307" lon="-73.965509">
        <ele>28</ele>
        <time>2026-06-16T21:56:58.000Z</time>
      </trkpt>
      <trkpt lat="40.795299" lon="-73.965502">
        <ele>28</ele>
        <time>2026-06-16T21:56:59.000Z</time>
      </trkpt>
      <trkpt lat="40.795291" lon="-73.965494">
        <ele>28</ele>
        <time>2026-06-16T21:57:00.000Z</time>
      </trkpt>
      <trkpt lat="40.795282" lon="-73.965487">
        <ele>28</ele>
        <time>2026-06-16T21:57:01.000Z</time>
      </trkpt>
      <trkpt lat="40.795274" lon="-73.965479">
        <ele>28</ele>
        <time>2026-06-16T21:57:02.000Z</time>
      </trkpt>
      <trkpt lat="40.795267" lon="-73.96547">
        <ele>28</ele>
        <time>2026-06-16T21:57:03.000Z</time>
      </trkpt>
      <trkpt lat="40.795259" lon="-73.965462">
        <ele>28</ele>
        <time>2026-06-16T21:57:04.000Z</time>
      </trkpt>
      <trkpt lat="40.795252" lon="-73.965453">
        <ele>28</ele>
        <time>2026-06-16T21:57:05.000Z</time>
      </trkpt>
      <trkpt lat="40.795244" lon="-73.965443">
        <ele>28</ele>
        <time>2026-06-16T21:57:06.000Z</time>
      </trkpt>
      <trkpt lat="40.795238" lon="-73.965434">
        <ele>28</ele>
        <time>2026-06-16T21:57:07.000Z</time>
      </trkpt>
      <trkpt lat="40.795231" lon="-73.965424">
        <ele>28</ele>
        <time>2026-06-16T21:57:08.000Z</time>
      </trkpt>
      <trkpt lat="40.795225" lon="-73.965414">
        <ele>28</ele>
        <time>2026-06-16T21:57:09.000Z</time>
      </trkpt>
      <trkpt lat="40.795219" lon="-73.965403">
        <ele>28</ele>
        <time>2026-06-16T21:57:10.000Z</time>
      </trkpt>
      <trkpt lat="40.795213" lon="-73.965393">
        <ele>28</ele>
        <time>2026-06-16T21:57:11.000Z</time>
      </trkpt>
      <trkpt lat="40.795207" lon="-73.965383">
        <ele>28</ele>
        <time>2026-06-16T21:57:12.000Z</time>
      </trkpt>
      <trkpt lat="40.795201" lon="-73.965372">
        <ele>28</ele>
        <time>2026-06-16T21:57:13.000Z</time>
      </trkpt>
      <trkpt lat="40.795196" lon="-73.965362">
        <ele>28</ele>
        <time>2026-06-16T21:57:14.000Z</time>
      </trkpt>
      <trkpt lat="40.79519" lon="-73.965352">
        <ele>28</ele>
        <time>2026-06-16T21:57:15.000Z</time>
      </trkpt>
      <trkpt lat="40.795184" lon="-73.965341">
        <ele>28</ele>
        <time>2026-06-16T21:57:16.000Z</time>
      </trkpt>
      <trkpt lat="40.795179" lon="-73.96533">
        <ele>28</ele>
        <time>2026-06-16T21:57:17.000Z</time>
      </trkpt>
      <trkpt lat="40.795173" lon="-73.96532">
        <ele>28</ele>
        <time>2026-06-16T21:57:18.000Z</time>
      </trkpt>
      <trkpt lat="40.795168" lon="-73.965309">
        <ele>28</ele>
        <time>2026-06-16T21:57:19.000Z</time>
      </trkpt>
      <trkpt lat="40.795162" lon="-73.965298">
        <ele>28</ele>
        <time>2026-06-16T21:57:20.000Z</time>
      </trkpt>
      <trkpt lat="40.795157" lon="-73.965287">
        <ele>28</ele>
        <time>2026-06-16T21:57:21.000Z</time>
      </trkpt>
      <trkpt lat="40.795151" lon="-73.965276">
        <ele>28</ele>
        <time>2026-06-16T21:57:22.000Z</time>
      </trkpt>
      <trkpt lat="40.795145" lon="-73.965265">
        <ele>28</ele>
        <time>2026-06-16T21:57:23.000Z</time>
      </trkpt>
      <trkpt lat="40.79514" lon="-73.965254">
        <ele>28</ele>
        <time>2026-06-16T21:57:24.000Z</time>
      </trkpt>
      <trkpt lat="40.795134" lon="-73.965244">
        <ele>27.8</ele>
        <time>2026-06-16T21:57:25.000Z</time>
      </trkpt>
      <trkpt lat="40.795128" lon="-73.965233">
        <ele>27.8</ele>
        <time>2026-06-16T21:57:26.000Z</time>
      </trkpt>
      <trkpt lat="40.795123" lon="-73.965222">
        <ele>27.8</ele>
        <time>2026-06-16T21:57:27.000Z</time>
      </trkpt>
      <trkpt lat="40.795117" lon="-73.965211">
        <ele>27.8</ele>
        <time>2026-06-16T21:57:28.000Z</time>
      </trkpt>
      <trkpt lat="40.795112" lon="-73.9652">
        <ele>27.8</ele>
        <time>2026-06-16T21:57:29.000Z</time>
      </trkpt>
      <trkpt lat="40.795107" lon="-73.965189">
        <ele>27.8</ele>
        <time>2026-06-16T21:57:30.000Z</time>
      </trkpt>
      <trkpt lat="40.795102" lon="-73.965177">
        <ele>27.8</ele>
        <time>2026-06-16T21:57:31.000Z</time>
      </trkpt>
      <trkpt lat="40.795098" lon="-73.965166">
        <ele>27.8</ele>
        <time>2026-06-16T21:57:32.000Z</time>
      </trkpt>
      <trkpt lat="40.795093" lon="-73.965154">
        <ele>27.8</ele>
        <time>2026-06-16T21:57:33.000Z</time>
      </trkpt>
      <trkpt lat="40.795089" lon="-73.965143">
        <ele>27.8</ele>
        <time>2026-06-16T21:57:34.000Z</time>
      </trkpt>
      <trkpt lat="40.795085" lon="-73.965131">
        <ele>27.8</ele>
        <time>2026-06-16T21:57:35.000Z</time>
      </trkpt>
      <trkpt lat="40.795081" lon="-73.96512">
        <ele>27.8</ele>
        <time>2026-06-16T21:57:36.000Z</time>
      </trkpt>
      <trkpt lat="40.795077" lon="-73.965109">
        <ele>27.8</ele>
        <time>2026-06-16T21:57:37.000Z</time>
      </trkpt>
      <trkpt lat="40.795073" lon="-73.965098">
        <ele>27.8</ele>
        <time>2026-06-16T21:57:38.000Z</time>
      </trkpt>
      <trkpt lat="40.795069" lon="-73.965087">
        <ele>27.8</ele>
        <time>2026-06-16T21:57:39.000Z</time>
      </trkpt>
      <trkpt lat="40.795064" lon="-73.965076">
        <ele>27.8</ele>
        <time>2026-06-16T21:57:40.000Z</time>
      </trkpt>
      <trkpt lat="40.795059" lon="-73.965064">
        <ele>27.8</ele>
        <time>2026-06-16T21:57:41.000Z</time>
      </trkpt>
      <trkpt lat="40.795054" lon="-73.965053">
        <ele>27.8</ele>
        <time>2026-06-16T21:57:42.000Z</time>
      </trkpt>
      <trkpt lat="40.795049" lon="-73.965041">
        <ele>27.8</ele>
        <time>2026-06-16T21:57:43.000Z</time>
      </trkpt>
      <trkpt lat="40.795044" lon="-73.965029">
        <ele>27.8</ele>
        <time>2026-06-16T21:57:44.000Z</time>
      </trkpt>
      <trkpt lat="40.795039" lon="-73.965018">
        <ele>27.8</ele>
        <time>2026-06-16T21:57:45.000Z</time>
      </trkpt>
      <trkpt lat="40.795034" lon="-73.965006">
        <ele>27.8</ele>
        <time>2026-06-16T21:57:46.000Z</time>
      </trkpt>
      <trkpt lat="40.795029" lon="-73.964994">
        <ele>27.8</ele>
        <time>2026-06-16T21:57:47.000Z</time>
      </trkpt>
      <trkpt lat="40.795023" lon="-73.964981">
        <ele>27.8</ele>
        <time>2026-06-16T21:57:48.000Z</time>
      </trkpt>
      <trkpt lat="40.795018" lon="-73.964969">
        <ele>27.8</ele>
        <time>2026-06-16T21:57:49.000Z</time>
      </trkpt>
      <trkpt lat="40.795013" lon="-73.964956">
        <ele>27.8</ele>
        <time>2026-06-16T21:57:50.000Z</time>
      </trkpt>
      <trkpt lat="40.795008" lon="-73.964944">
        <ele>27.8</ele>
        <time>2026-06-16T21:57:51.000Z</time>
      </trkpt>
      <trkpt lat="40.795003" lon="-73.964931">
        <ele>28</ele>
        <time>2026-06-16T21:57:52.000Z</time>
      </trkpt>
      <trkpt lat="40.794998" lon="-73.964919">
        <ele>28</ele>
        <time>2026-06-16T21:57:53.000Z</time>
      </trkpt>
      <trkpt lat="40.794993" lon="-73.964907">
        <ele>28</ele>
        <time>2026-06-16T21:57:54.000Z</time>
      </trkpt>
      <trkpt lat="40.794988" lon="-73.964895">
        <ele>28</ele>
        <time>2026-06-16T21:57:55.000Z</time>
      </trkpt>
      <trkpt lat="40.794983" lon="-73.964884">
        <ele>28</ele>
        <time>2026-06-16T21:57:56.000Z</time>
      </trkpt>
      <trkpt lat="40.794978" lon="-73.964872">
        <ele>28</ele>
        <time>2026-06-16T21:57:57.000Z</time>
      </trkpt>
      <trkpt lat="40.794973" lon="-73.96486">
        <ele>28</ele>
        <time>2026-06-16T21:57:58.000Z</time>
      </trkpt>
      <trkpt lat="40.794968" lon="-73.964848">
        <ele>28</ele>
        <time>2026-06-16T21:57:59.000Z</time>
      </trkpt>
      <trkpt lat="40.794963" lon="-73.964836">
        <ele>28</ele>
        <time>2026-06-16T21:58:00.000Z</time>
      </trkpt>
      <trkpt lat="40.794958" lon="-73.964824">
        <ele>28.2</ele>
        <time>2026-06-16T21:58:01.000Z</time>
      </trkpt>
      <trkpt lat="40.794952" lon="-73.964812">
        <ele>28.2</ele>
        <time>2026-06-16T21:58:02.000Z</time>
      </trkpt>
      <trkpt lat="40.794947" lon="-73.9648">
        <ele>28.2</ele>
        <time>2026-06-16T21:58:03.000Z</time>
      </trkpt>
      <trkpt lat="40.794942" lon="-73.964788">
        <ele>28.2</ele>
        <time>2026-06-16T21:58:04.000Z</time>
      </trkpt>
      <trkpt lat="40.794937" lon="-73.964776">
        <ele>28.2</ele>
        <time>2026-06-16T21:58:05.000Z</time>
      </trkpt>
      <trkpt lat="40.794931" lon="-73.964764">
        <ele>28.2</ele>
        <time>2026-06-16T21:58:06.000Z</time>
      </trkpt>
      <trkpt lat="40.794926" lon="-73.964753">
        <ele>28.2</ele>
        <time>2026-06-16T21:58:07.000Z</time>
      </trkpt>
      <trkpt lat="40.794921" lon="-73.964742">
        <ele>28.2</ele>
        <time>2026-06-16T21:58:08.000Z</time>
      </trkpt>
      <trkpt lat="40.794916" lon="-73.964731">
        <ele>28.2</ele>
        <time>2026-06-16T21:58:09.000Z</time>
      </trkpt>
      <trkpt lat="40.794911" lon="-73.964719">
        <ele>28.2</ele>
        <time>2026-06-16T21:58:10.000Z</time>
      </trkpt>
      <trkpt lat="40.794906" lon="-73.964708">
        <ele>28.2</ele>
        <time>2026-06-16T21:58:11.000Z</time>
      </trkpt>
      <trkpt lat="40.7949" lon="-73.964697">
        <ele>28.2</ele>
        <time>2026-06-16T21:58:12.000Z</time>
      </trkpt>
      <trkpt lat="40.794895" lon="-73.964686">
        <ele>28.2</ele>
        <time>2026-06-16T21:58:13.000Z</time>
      </trkpt>
      <trkpt lat="40.79489" lon="-73.964675">
        <ele>28.2</ele>
        <time>2026-06-16T21:58:14.000Z</time>
      </trkpt>
      <trkpt lat="40.794885" lon="-73.964664">
        <ele>28.2</ele>
        <time>2026-06-16T21:58:15.000Z</time>
      </trkpt>
      <trkpt lat="40.794879" lon="-73.964653">
        <ele>28.2</ele>
        <time>2026-06-16T21:58:16.000Z</time>
      </trkpt>
      <trkpt lat="40.794874" lon="-73.964641">
        <ele>28.2</ele>
        <time>2026-06-16T21:58:17.000Z</time>
      </trkpt>
      <trkpt lat="40.794864" lon="-73.964622">
        <ele>28.2</ele>
        <time>2026-06-16T21:58:18.000Z</time>
      </trkpt>
      <trkpt lat="40.79486" lon="-73.964614">
        <ele>28.2</ele>
        <time>2026-06-16T21:58:19.000Z</time>
      </trkpt>
      <trkpt lat="40.794856" lon="-73.964606">
        <ele>28.2</ele>
        <time>2026-06-16T21:58:20.000Z</time>
      </trkpt>
      <trkpt lat="40.79485" lon="-73.964594">
        <ele>28.2</ele>
        <time>2026-06-16T21:58:21.000Z</time>
      </trkpt>
      <trkpt lat="40.794844" lon="-73.964582">
        <ele>28.2</ele>
        <time>2026-06-16T21:58:22.000Z</time>
      </trkpt>
      <trkpt lat="40.794833" lon="-73.96456">
        <ele>28.2</ele>
        <time>2026-06-16T21:58:23.000Z</time>
      </trkpt>
      <trkpt lat="40.794828" lon="-73.964551">
        <ele>28.2</ele>
        <time>2026-06-16T21:58:24.000Z</time>
      </trkpt>
      <trkpt lat="40.794823" lon="-73.964541">
        <ele>28.2</ele>
        <time>2026-06-16T21:58:25.000Z</time>
      </trkpt>
      <trkpt lat="40.794818" lon="-73.964532">
        <ele>28.2</ele>
        <time>2026-06-16T21:58:26.000Z</time>
      </trkpt>
      <trkpt lat="40.794813" lon="-73.964522">
        <ele>28.2</ele>
        <time>2026-06-16T21:58:27.000Z</time>
      </trkpt>
      <trkpt lat="40.794806" lon="-73.96451">
        <ele>28.2</ele>
        <time>2026-06-16T21:58:28.000Z</time>
      </trkpt>
      <trkpt lat="40.7948" lon="-73.964499">
        <ele>28.2</ele>
        <time>2026-06-16T21:58:29.000Z</time>
      </trkpt>
      <trkpt lat="40.794793" lon="-73.964487">
        <ele>28.2</ele>
        <time>2026-06-16T21:58:30.000Z</time>
      </trkpt>
      <trkpt lat="40.794786" lon="-73.964475">
        <ele>28.2</ele>
        <time>2026-06-16T21:58:31.000Z</time>
      </trkpt>
      <trkpt lat="40.794779" lon="-73.964463">
        <ele>28.2</ele>
        <time>2026-06-16T21:58:32.000Z</time>
      </trkpt>
      <trkpt lat="40.794772" lon="-73.964452">
        <ele>28.2</ele>
        <time>2026-06-16T21:58:33.000Z</time>
      </trkpt>
      <trkpt lat="40.794765" lon="-73.964441">
        <ele>28.2</ele>
        <time>2026-06-16T21:58:34.000Z</time>
      </trkpt>
      <trkpt lat="40.794757" lon="-73.96443">
        <ele>28.2</ele>
        <time>2026-06-16T21:58:35.000Z</time>
      </trkpt>
      <trkpt lat="40.79475" lon="-73.964419">
        <ele>28.2</ele>
        <time>2026-06-16T21:58:36.000Z</time>
      </trkpt>
      <trkpt lat="40.794742" lon="-73.964408">
        <ele>28.2</ele>
        <time>2026-06-16T21:58:37.000Z</time>
      </trkpt>
      <trkpt lat="40.794735" lon="-73.964397">
        <ele>28.2</ele>
        <time>2026-06-16T21:58:38.000Z</time>
      </trkpt>
      <trkpt lat="40.794723" lon="-73.96438">
        <ele>28.2</ele>
        <time>2026-06-16T21:58:39.000Z</time>
      </trkpt>
      <trkpt lat="40.794719" lon="-73.964375">
        <ele>28.2</ele>
        <time>2026-06-16T21:58:40.000Z</time>
      </trkpt>
      <trkpt lat="40.794711" lon="-73.964364">
        <ele>28.2</ele>
        <time>2026-06-16T21:58:41.000Z</time>
      </trkpt>
      <trkpt lat="40.794704" lon="-73.964353">
        <ele>28.2</ele>
        <time>2026-06-16T21:58:42.000Z</time>
      </trkpt>
      <trkpt lat="40.794696" lon="-73.964341">
        <ele>28.2</ele>
        <time>2026-06-16T21:58:43.000Z</time>
      </trkpt>
      <trkpt lat="40.794689" lon="-73.96433">
        <ele>28.2</ele>
        <time>2026-06-16T21:58:44.000Z</time>
      </trkpt>
      <trkpt lat="40.794682" lon="-73.964319">
        <ele>28.2</ele>
        <time>2026-06-16T21:58:45.000Z</time>
      </trkpt>
      <trkpt lat="40.794675" lon="-73.964307">
        <ele>28.2</ele>
        <time>2026-06-16T21:58:46.000Z</time>
      </trkpt>
      <trkpt lat="40.794669" lon="-73.964296">
        <ele>28.2</ele>
        <time>2026-06-16T21:58:47.000Z</time>
      </trkpt>
      <trkpt lat="40.794662" lon="-73.964284">
        <ele>28.2</ele>
        <time>2026-06-16T21:58:48.000Z</time>
      </trkpt>
      <trkpt lat="40.794656" lon="-73.964272">
        <ele>28.2</ele>
        <time>2026-06-16T21:58:49.000Z</time>
      </trkpt>
      <trkpt lat="40.79465" lon="-73.96426">
        <ele>28.2</ele>
        <time>2026-06-16T21:58:50.000Z</time>
      </trkpt>
      <trkpt lat="40.794643" lon="-73.964248">
        <ele>28.2</ele>
        <time>2026-06-16T21:58:51.000Z</time>
      </trkpt>
      <trkpt lat="40.794637" lon="-73.964236">
        <ele>28.2</ele>
        <time>2026-06-16T21:58:52.000Z</time>
      </trkpt>
      <trkpt lat="40.794631" lon="-73.964224">
        <ele>28.2</ele>
        <time>2026-06-16T21:58:53.000Z</time>
      </trkpt>
      <trkpt lat="40.794625" lon="-73.964212">
        <ele>28.2</ele>
        <time>2026-06-16T21:58:54.000Z</time>
      </trkpt>
      <trkpt lat="40.794619" lon="-73.9642">
        <ele>28.2</ele>
        <time>2026-06-16T21:58:55.000Z</time>
      </trkpt>
      <trkpt lat="40.794614" lon="-73.964188">
        <ele>28.2</ele>
        <time>2026-06-16T21:58:56.000Z</time>
      </trkpt>
      <trkpt lat="40.794605" lon="-73.96417">
        <ele>28.2</ele>
        <time>2026-06-16T21:58:57.000Z</time>
      </trkpt>
      <trkpt lat="40.794602" lon="-73.964164">
        <ele>28.2</ele>
        <time>2026-06-16T21:58:58.000Z</time>
      </trkpt>
      <trkpt lat="40.794596" lon="-73.964152">
        <ele>28.2</ele>
        <time>2026-06-16T21:58:59.000Z</time>
      </trkpt>
      <trkpt lat="40.79459" lon="-73.964139">
        <ele>28.2</ele>
        <time>2026-06-16T21:59:00.000Z</time>
      </trkpt>
      <trkpt lat="40.794585" lon="-73.964127">
        <ele>28.2</ele>
        <time>2026-06-16T21:59:01.000Z</time>
      </trkpt>
      <trkpt lat="40.794579" lon="-73.964115">
        <ele>28.2</ele>
        <time>2026-06-16T21:59:02.000Z</time>
      </trkpt>
      <trkpt lat="40.794574" lon="-73.964103">
        <ele>28.2</ele>
        <time>2026-06-16T21:59:03.000Z</time>
      </trkpt>
      <trkpt lat="40.794568" lon="-73.964092">
        <ele>28.2</ele>
        <time>2026-06-16T21:59:04.000Z</time>
      </trkpt>
      <trkpt lat="40.794563" lon="-73.96408">
        <ele>28.2</ele>
        <time>2026-06-16T21:59:05.000Z</time>
      </trkpt>
      <trkpt lat="40.794557" lon="-73.964068">
        <ele>28.2</ele>
        <time>2026-06-16T21:59:06.000Z</time>
      </trkpt>
      <trkpt lat="40.794552" lon="-73.964056">
        <ele>28.2</ele>
        <time>2026-06-16T21:59:07.000Z</time>
      </trkpt>
      <trkpt lat="40.794547" lon="-73.964044">
        <ele>28.2</ele>
        <time>2026-06-16T21:59:08.000Z</time>
      </trkpt>
      <trkpt lat="40.794542" lon="-73.964033">
        <ele>28.2</ele>
        <time>2026-06-16T21:59:09.000Z</time>
      </trkpt>
      <trkpt lat="40.794536" lon="-73.964021">
        <ele>28.2</ele>
        <time>2026-06-16T21:59:10.000Z</time>
      </trkpt>
      <trkpt lat="40.794531" lon="-73.96401">
        <ele>28.2</ele>
        <time>2026-06-16T21:59:11.000Z</time>
      </trkpt>
      <trkpt lat="40.794526" lon="-73.963998">
        <ele>28.2</ele>
        <time>2026-06-16T21:59:12.000Z</time>
      </trkpt>
      <trkpt lat="40.794521" lon="-73.963987">
        <ele>28.2</ele>
        <time>2026-06-16T21:59:13.000Z</time>
      </trkpt>
      <trkpt lat="40.794516" lon="-73.963975">
        <ele>28.2</ele>
        <time>2026-06-16T21:59:14.000Z</time>
      </trkpt>
      <trkpt lat="40.794511" lon="-73.963964">
        <ele>28.2</ele>
        <time>2026-06-16T21:59:15.000Z</time>
      </trkpt>
      <trkpt lat="40.794506" lon="-73.963952">
        <ele>28.2</ele>
        <time>2026-06-16T21:59:16.000Z</time>
      </trkpt>
      <trkpt lat="40.794501" lon="-73.963941">
        <ele>28.2</ele>
        <time>2026-06-16T21:59:17.000Z</time>
      </trkpt>
      <trkpt lat="40.794496" lon="-73.963929">
        <ele>28.2</ele>
        <time>2026-06-16T21:59:18.000Z</time>
      </trkpt>
      <trkpt lat="40.794491" lon="-73.963918">
        <ele>28.2</ele>
        <time>2026-06-16T21:59:19.000Z</time>
      </trkpt>
      <trkpt lat="40.794486" lon="-73.963906">
        <ele>28.2</ele>
        <time>2026-06-16T21:59:20.000Z</time>
      </trkpt>
      <trkpt lat="40.794481" lon="-73.963895">
        <ele>28.2</ele>
        <time>2026-06-16T21:59:21.000Z</time>
      </trkpt>
      <trkpt lat="40.794476" lon="-73.963883">
        <ele>28.2</ele>
        <time>2026-06-16T21:59:22.000Z</time>
      </trkpt>
      <trkpt lat="40.794471" lon="-73.963872">
        <ele>28.2</ele>
        <time>2026-06-16T21:59:23.000Z</time>
      </trkpt>
      <trkpt lat="40.794465" lon="-73.96386">
        <ele>28.2</ele>
        <time>2026-06-16T21:59:24.000Z</time>
      </trkpt>
      <trkpt lat="40.79446" lon="-73.963848">
        <ele>28.2</ele>
        <time>2026-06-16T21:59:25.000Z</time>
      </trkpt>
      <trkpt lat="40.794455" lon="-73.963836">
        <ele>28.2</ele>
        <time>2026-06-16T21:59:26.000Z</time>
      </trkpt>
      <trkpt lat="40.79445" lon="-73.963824">
        <ele>28.2</ele>
        <time>2026-06-16T21:59:27.000Z</time>
      </trkpt>
      <trkpt lat="40.794444" lon="-73.963812">
        <ele>28.2</ele>
        <time>2026-06-16T21:59:28.000Z</time>
      </trkpt>
      <trkpt lat="40.794439" lon="-73.9638">
        <ele>28.2</ele>
        <time>2026-06-16T21:59:29.000Z</time>
      </trkpt>
      <trkpt lat="40.794434" lon="-73.963788">
        <ele>28.2</ele>
        <time>2026-06-16T21:59:30.000Z</time>
      </trkpt>
      <trkpt lat="40.794428" lon="-73.963776">
        <ele>28.2</ele>
        <time>2026-06-16T21:59:31.000Z</time>
      </trkpt>
      <trkpt lat="40.794423" lon="-73.963764">
        <ele>28</ele>
        <time>2026-06-16T21:59:32.000Z</time>
      </trkpt>
      <trkpt lat="40.794418" lon="-73.963751">
        <ele>28</ele>
        <time>2026-06-16T21:59:33.000Z</time>
      </trkpt>
      <trkpt lat="40.794412" lon="-73.963738">
        <ele>28</ele>
        <time>2026-06-16T21:59:34.000Z</time>
      </trkpt>
      <trkpt lat="40.794406" lon="-73.963725">
        <ele>28</ele>
        <time>2026-06-16T21:59:35.000Z</time>
      </trkpt>
      <trkpt lat="40.794401" lon="-73.963713">
        <ele>28</ele>
        <time>2026-06-16T21:59:36.000Z</time>
      </trkpt>
      <trkpt lat="40.794395" lon="-73.9637">
        <ele>28</ele>
        <time>2026-06-16T21:59:37.000Z</time>
      </trkpt>
      <trkpt lat="40.794389" lon="-73.963688">
        <ele>28</ele>
        <time>2026-06-16T21:59:38.000Z</time>
      </trkpt>
      <trkpt lat="40.794384" lon="-73.963676">
        <ele>28</ele>
        <time>2026-06-16T21:59:39.000Z</time>
      </trkpt>
      <trkpt lat="40.794379" lon="-73.963663">
        <ele>28</ele>
        <time>2026-06-16T21:59:40.000Z</time>
      </trkpt>
      <trkpt lat="40.794373" lon="-73.963651">
        <ele>28</ele>
        <time>2026-06-16T21:59:41.000Z</time>
      </trkpt>
      <trkpt lat="40.794368" lon="-73.96364">
        <ele>28</ele>
        <time>2026-06-16T21:59:42.000Z</time>
      </trkpt>
      <trkpt lat="40.794363" lon="-73.963629">
        <ele>28</ele>
        <time>2026-06-16T21:59:43.000Z</time>
      </trkpt>
      <trkpt lat="40.794358" lon="-73.963618">
        <ele>28</ele>
        <time>2026-06-16T21:59:44.000Z</time>
      </trkpt>
      <trkpt lat="40.794352" lon="-73.963606">
        <ele>28</ele>
        <time>2026-06-16T21:59:45.000Z</time>
      </trkpt>
      <trkpt lat="40.794347" lon="-73.963594">
        <ele>27.8</ele>
        <time>2026-06-16T21:59:46.000Z</time>
      </trkpt>
      <trkpt lat="40.794341" lon="-73.963581">
        <ele>27.8</ele>
        <time>2026-06-16T21:59:47.000Z</time>
      </trkpt>
      <trkpt lat="40.794336" lon="-73.96357">
        <ele>27.8</ele>
        <time>2026-06-16T21:59:48.000Z</time>
      </trkpt>
      <trkpt lat="40.794331" lon="-73.963559">
        <ele>27.8</ele>
        <time>2026-06-16T21:59:49.000Z</time>
      </trkpt>
      <trkpt lat="40.794326" lon="-73.963547">
        <ele>27.8</ele>
        <time>2026-06-16T21:59:50.000Z</time>
      </trkpt>
      <trkpt lat="40.794321" lon="-73.963536">
        <ele>27.8</ele>
        <time>2026-06-16T21:59:51.000Z</time>
      </trkpt>
      <trkpt lat="40.794315" lon="-73.963524">
        <ele>27.8</ele>
        <time>2026-06-16T21:59:52.000Z</time>
      </trkpt>
      <trkpt lat="40.794309" lon="-73.963513">
        <ele>27.8</ele>
        <time>2026-06-16T21:59:53.000Z</time>
      </trkpt>
      <trkpt lat="40.794304" lon="-73.963503">
        <ele>27.8</ele>
        <time>2026-06-16T21:59:54.000Z</time>
      </trkpt>
      <trkpt lat="40.794298" lon="-73.963492">
        <ele>27.8</ele>
        <time>2026-06-16T21:59:55.000Z</time>
      </trkpt>
      <trkpt lat="40.794293" lon="-73.963481">
        <ele>27.8</ele>
        <time>2026-06-16T21:59:56.000Z</time>
      </trkpt>
      <trkpt lat="40.794288" lon="-73.96347">
        <ele>27.8</ele>
        <time>2026-06-16T21:59:57.000Z</time>
      </trkpt>
      <trkpt lat="40.794283" lon="-73.963459">
        <ele>27.8</ele>
        <time>2026-06-16T21:59:58.000Z</time>
      </trkpt>
      <trkpt lat="40.794279" lon="-73.963448">
        <ele>27.8</ele>
        <time>2026-06-16T21:59:59.000Z</time>
      </trkpt>
      <trkpt lat="40.794275" lon="-73.963437">
        <ele>27.8</ele>
        <time>2026-06-16T22:00:00.000Z</time>
      </trkpt>
      <trkpt lat="40.794272" lon="-73.963427">
        <ele>27.8</ele>
        <time>2026-06-16T22:00:01.000Z</time>
      </trkpt>
      <trkpt lat="40.794268" lon="-73.963416">
        <ele>27.8</ele>
        <time>2026-06-16T22:00:02.000Z</time>
      </trkpt>
      <trkpt lat="40.794265" lon="-73.963404">
        <ele>27.8</ele>
        <time>2026-06-16T22:00:03.000Z</time>
      </trkpt>
      <trkpt lat="40.794261" lon="-73.963391">
        <ele>27.8</ele>
        <time>2026-06-16T22:00:04.000Z</time>
      </trkpt>
      <trkpt lat="40.794256" lon="-73.963379">
        <ele>27.8</ele>
        <time>2026-06-16T22:00:05.000Z</time>
      </trkpt>
      <trkpt lat="40.794251" lon="-73.963368">
        <ele>27.8</ele>
        <time>2026-06-16T22:00:06.000Z</time>
      </trkpt>
      <trkpt lat="40.794246" lon="-73.963356">
        <ele>28</ele>
        <time>2026-06-16T22:00:07.000Z</time>
      </trkpt>
      <trkpt lat="40.794241" lon="-73.963345">
        <ele>28</ele>
        <time>2026-06-16T22:00:08.000Z</time>
      </trkpt>
      <trkpt lat="40.794234" lon="-73.963328">
        <ele>28</ele>
        <time>2026-06-16T22:00:09.000Z</time>
      </trkpt>
      <trkpt lat="40.794231" lon="-73.963323">
        <ele>28</ele>
        <time>2026-06-16T22:00:10.000Z</time>
      </trkpt>
      <trkpt lat="40.794226" lon="-73.96331">
        <ele>28</ele>
        <time>2026-06-16T22:00:11.000Z</time>
      </trkpt>
      <trkpt lat="40.79422" lon="-73.963298">
        <ele>28</ele>
        <time>2026-06-16T22:00:12.000Z</time>
      </trkpt>
      <trkpt lat="40.794215" lon="-73.963287">
        <ele>28</ele>
        <time>2026-06-16T22:00:13.000Z</time>
      </trkpt>
      <trkpt lat="40.79421" lon="-73.963276">
        <ele>28</ele>
        <time>2026-06-16T22:00:14.000Z</time>
      </trkpt>
      <trkpt lat="40.794204" lon="-73.963266">
        <ele>28</ele>
        <time>2026-06-16T22:00:15.000Z</time>
      </trkpt>
      <trkpt lat="40.794199" lon="-73.963255">
        <ele>28</ele>
        <time>2026-06-16T22:00:16.000Z</time>
      </trkpt>
      <trkpt lat="40.794194" lon="-73.963243">
        <ele>28</ele>
        <time>2026-06-16T22:00:17.000Z</time>
      </trkpt>
      <trkpt lat="40.79419" lon="-73.963231">
        <ele>28</ele>
        <time>2026-06-16T22:00:18.000Z</time>
      </trkpt>
      <trkpt lat="40.794185" lon="-73.963219">
        <ele>28</ele>
        <time>2026-06-16T22:00:19.000Z</time>
      </trkpt>
      <trkpt lat="40.794182" lon="-73.963207">
        <ele>27.8</ele>
        <time>2026-06-16T22:00:20.000Z</time>
      </trkpt>
      <trkpt lat="40.794178" lon="-73.963195">
        <ele>27.8</ele>
        <time>2026-06-16T22:00:21.000Z</time>
      </trkpt>
      <trkpt lat="40.794175" lon="-73.963183">
        <ele>27.8</ele>
        <time>2026-06-16T22:00:22.000Z</time>
      </trkpt>
      <trkpt lat="40.794171" lon="-73.963171">
        <ele>28</ele>
        <time>2026-06-16T22:00:23.000Z</time>
      </trkpt>
      <trkpt lat="40.794167" lon="-73.963159">
        <ele>28</ele>
        <time>2026-06-16T22:00:24.000Z</time>
      </trkpt>
      <trkpt lat="40.794162" lon="-73.963147">
        <ele>28</ele>
        <time>2026-06-16T22:00:25.000Z</time>
      </trkpt>
      <trkpt lat="40.794158" lon="-73.963137">
        <ele>28</ele>
        <time>2026-06-16T22:00:26.000Z</time>
      </trkpt>
      <trkpt lat="40.794153" lon="-73.963126">
        <ele>28</ele>
        <time>2026-06-16T22:00:27.000Z</time>
      </trkpt>
      <trkpt lat="40.794148" lon="-73.963117">
        <ele>28</ele>
        <time>2026-06-16T22:00:28.000Z</time>
      </trkpt>
      <trkpt lat="40.794144" lon="-73.963108">
        <ele>28</ele>
        <time>2026-06-16T22:00:29.000Z</time>
      </trkpt>
      <trkpt lat="40.79414" lon="-73.963098">
        <ele>28</ele>
        <time>2026-06-16T22:00:30.000Z</time>
      </trkpt>
      <trkpt lat="40.794137" lon="-73.963089">
        <ele>28</ele>
        <time>2026-06-16T22:00:31.000Z</time>
      </trkpt>
      <trkpt lat="40.794134" lon="-73.963072">
        <ele>28</ele>
        <time>2026-06-16T22:00:32.000Z</time>
      </trkpt>
      <trkpt lat="40.794133" lon="-73.963063">
        <ele>27.8</ele>
        <time>2026-06-16T22:00:33.000Z</time>
      </trkpt>
      <trkpt lat="40.794133" lon="-73.963055">
        <ele>27.8</ele>
        <time>2026-06-16T22:00:34.000Z</time>
      </trkpt>
      <trkpt lat="40.794132" lon="-73.963046">
        <ele>27.8</ele>
        <time>2026-06-16T22:00:35.000Z</time>
      </trkpt>
      <trkpt lat="40.794132" lon="-73.963038">
        <ele>27.8</ele>
        <time>2026-06-16T22:00:36.000Z</time>
      </trkpt>
      <trkpt lat="40.794131" lon="-73.963029">
        <ele>27.8</ele>
        <time>2026-06-16T22:00:37.000Z</time>
      </trkpt>
      <trkpt lat="40.794131" lon="-73.963021">
        <ele>27.8</ele>
        <time>2026-06-16T22:00:38.000Z</time>
      </trkpt>
      <trkpt lat="40.79413" lon="-73.963012">
        <ele>27.6</ele>
        <time>2026-06-16T22:00:39.000Z</time>
      </trkpt>
      <trkpt lat="40.79413" lon="-73.963004">
        <ele>27.6</ele>
        <time>2026-06-16T22:00:40.000Z</time>
      </trkpt>
      <trkpt lat="40.794129" lon="-73.962996">
        <ele>27.6</ele>
        <time>2026-06-16T22:00:41.000Z</time>
      </trkpt>
      <trkpt lat="40.794129" lon="-73.962987">
        <ele>27.6</ele>
        <time>2026-06-16T22:00:42.000Z</time>
      </trkpt>
      <trkpt lat="40.794128" lon="-73.962979">
        <ele>27.6</ele>
        <time>2026-06-16T22:00:43.000Z</time>
      </trkpt>
      <trkpt lat="40.794128" lon="-73.96297">
        <ele>27.6</ele>
        <time>2026-06-16T22:00:44.000Z</time>
      </trkpt>
      <trkpt lat="40.794127" lon="-73.962962">
        <ele>27.6</ele>
        <time>2026-06-16T22:00:45.000Z</time>
      </trkpt>
      <trkpt lat="40.794127" lon="-73.962953">
        <ele>27.6</ele>
        <time>2026-06-16T22:00:46.000Z</time>
      </trkpt>
      <trkpt lat="40.794126" lon="-73.962945">
        <ele>27.6</ele>
        <time>2026-06-16T22:00:47.000Z</time>
      </trkpt>
      <trkpt lat="40.794126" lon="-73.962936">
        <ele>27.6</ele>
        <time>2026-06-16T22:00:48.000Z</time>
      </trkpt>
      <trkpt lat="40.794125" lon="-73.962928">
        <ele>27.6</ele>
        <time>2026-06-16T22:00:49.000Z</time>
      </trkpt>
      <trkpt lat="40.794124" lon="-73.962914">
        <ele>27.6</ele>
        <time>2026-06-16T22:00:50.000Z</time>
      </trkpt>
      <trkpt lat="40.794124" lon="-73.9629">
        <ele>27.6</ele>
        <time>2026-06-16T22:00:51.000Z</time>
      </trkpt>
      <trkpt lat="40.794124" lon="-73.962887">
        <ele>27.6</ele>
        <time>2026-06-16T22:00:52.000Z</time>
      </trkpt>
      <trkpt lat="40.794124" lon="-73.962874">
        <ele>27.6</ele>
        <time>2026-06-16T22:00:53.000Z</time>
      </trkpt>
      <trkpt lat="40.794124" lon="-73.96286">
        <ele>27.6</ele>
        <time>2026-06-16T22:00:54.000Z</time>
      </trkpt>
      <trkpt lat="40.794124" lon="-73.962847">
        <ele>27.6</ele>
        <time>2026-06-16T22:00:55.000Z</time>
      </trkpt>
      <trkpt lat="40.794124" lon="-73.962834">
        <ele>27.6</ele>
        <time>2026-06-16T22:00:56.000Z</time>
      </trkpt>
      <trkpt lat="40.794125" lon="-73.962822">
        <ele>27.6</ele>
        <time>2026-06-16T22:00:57.000Z</time>
      </trkpt>
      <trkpt lat="40.794127" lon="-73.962809">
        <ele>27.6</ele>
        <time>2026-06-16T22:00:58.000Z</time>
      </trkpt>
      <trkpt lat="40.794129" lon="-73.962796">
        <ele>27.6</ele>
        <time>2026-06-16T22:00:59.000Z</time>
      </trkpt>
      <trkpt lat="40.794131" lon="-73.962784">
        <ele>27.4</ele>
        <time>2026-06-16T22:01:00.000Z</time>
      </trkpt>
      <trkpt lat="40.794134" lon="-73.962772">
        <ele>27.4</ele>
        <time>2026-06-16T22:01:01.000Z</time>
      </trkpt>
      <trkpt lat="40.794136" lon="-73.962759">
        <ele>27.4</ele>
        <time>2026-06-16T22:01:02.000Z</time>
      </trkpt>
      <trkpt lat="40.794138" lon="-73.962746">
        <ele>27.4</ele>
        <time>2026-06-16T22:01:03.000Z</time>
      </trkpt>
      <trkpt lat="40.794139" lon="-73.962732">
        <ele>27.4</ele>
        <time>2026-06-16T22:01:04.000Z</time>
      </trkpt>
      <trkpt lat="40.794141" lon="-73.96272">
        <ele>27.2</ele>
        <time>2026-06-16T22:01:05.000Z</time>
      </trkpt>
      <trkpt lat="40.794144" lon="-73.96271">
        <ele>27.2</ele>
        <time>2026-06-16T22:01:06.000Z</time>
      </trkpt>
      <trkpt lat="40.794148" lon="-73.962701">
        <ele>27.2</ele>
        <time>2026-06-16T22:01:07.000Z</time>
      </trkpt>
      <trkpt lat="40.794154" lon="-73.962692">
        <ele>27.2</ele>
        <time>2026-06-16T22:01:08.000Z</time>
      </trkpt>
      <trkpt lat="40.794161" lon="-73.962683">
        <ele>27.2</ele>
        <time>2026-06-16T22:01:09.000Z</time>
      </trkpt>
      <trkpt lat="40.794169" lon="-73.962675">
        <ele>27.2</ele>
        <time>2026-06-16T22:01:10.000Z</time>
      </trkpt>
      <trkpt lat="40.794176" lon="-73.962669">
        <ele>27.2</ele>
        <time>2026-06-16T22:01:11.000Z</time>
      </trkpt>
      <trkpt lat="40.794183" lon="-73.962662">
        <ele>27</ele>
        <time>2026-06-16T22:01:12.000Z</time>
      </trkpt>
      <trkpt lat="40.79419" lon="-73.962654">
        <ele>27</ele>
        <time>2026-06-16T22:01:13.000Z</time>
      </trkpt>
      <trkpt lat="40.794196" lon="-73.962645">
        <ele>27</ele>
        <time>2026-06-16T22:01:14.000Z</time>
      </trkpt>
      <trkpt lat="40.794201" lon="-73.962636">
        <ele>26.8</ele>
        <time>2026-06-16T22:01:15.000Z</time>
      </trkpt>
      <trkpt lat="40.794204" lon="-73.962626">
        <ele>26.8</ele>
        <time>2026-06-16T22:01:16.000Z</time>
      </trkpt>
      <trkpt lat="40.794205" lon="-73.962617">
        <ele>26.8</ele>
        <time>2026-06-16T22:01:17.000Z</time>
      </trkpt>
      <trkpt lat="40.794204" lon="-73.962607">
        <ele>26.6</ele>
        <time>2026-06-16T22:01:18.000Z</time>
      </trkpt>
      <trkpt lat="40.794202" lon="-73.962595">
        <ele>26.6</ele>
        <time>2026-06-16T22:01:19.000Z</time>
      </trkpt>
      <trkpt lat="40.794198" lon="-73.962582">
        <ele>26.6</ele>
        <time>2026-06-16T22:01:20.000Z</time>
      </trkpt>
      <trkpt lat="40.794194" lon="-73.962568">
        <ele>26.6</ele>
        <time>2026-06-16T22:01:21.000Z</time>
      </trkpt>
      <trkpt lat="40.79419" lon="-73.962554">
        <ele>26.6</ele>
        <time>2026-06-16T22:01:22.000Z</time>
      </trkpt>
      <trkpt lat="40.794186" lon="-73.96254">
        <ele>26.6</ele>
        <time>2026-06-16T22:01:23.000Z</time>
      </trkpt>
      <trkpt lat="40.794182" lon="-73.962526">
        <ele>26.6</ele>
        <time>2026-06-16T22:01:24.000Z</time>
      </trkpt>
      <trkpt lat="40.794178" lon="-73.962512">
        <ele>26.4</ele>
        <time>2026-06-16T22:01:25.000Z</time>
      </trkpt>
      <trkpt lat="40.794174" lon="-73.962498">
        <ele>26.4</ele>
        <time>2026-06-16T22:01:26.000Z</time>
      </trkpt>
      <trkpt lat="40.794171" lon="-73.962485">
        <ele>26.4</ele>
        <time>2026-06-16T22:01:27.000Z</time>
      </trkpt>
      <trkpt lat="40.794168" lon="-73.962473">
        <ele>26.4</ele>
        <time>2026-06-16T22:01:28.000Z</time>
      </trkpt>
      <trkpt lat="40.794165" lon="-73.962461">
        <ele>26.4</ele>
        <time>2026-06-16T22:01:29.000Z</time>
      </trkpt>
      <trkpt lat="40.794162" lon="-73.962448">
        <ele>26.2</ele>
        <time>2026-06-16T22:01:30.000Z</time>
      </trkpt>
      <trkpt lat="40.794159" lon="-73.962436">
        <ele>26.2</ele>
        <time>2026-06-16T22:01:31.000Z</time>
      </trkpt>
      <trkpt lat="40.794156" lon="-73.962423">
        <ele>26.2</ele>
        <time>2026-06-16T22:01:32.000Z</time>
      </trkpt>
      <trkpt lat="40.794153" lon="-73.96241">
        <ele>26</ele>
        <time>2026-06-16T22:01:33.000Z</time>
      </trkpt>
      <trkpt lat="40.794151" lon="-73.962397">
        <ele>26</ele>
        <time>2026-06-16T22:01:34.000Z</time>
      </trkpt>
      <trkpt lat="40.794147" lon="-73.962382">
        <ele>26</ele>
        <time>2026-06-16T22:01:35.000Z</time>
      </trkpt>
      <trkpt lat="40.794144" lon="-73.962368">
        <ele>25.8</ele>
        <time>2026-06-16T22:01:36.000Z</time>
      </trkpt>
      <trkpt lat="40.794141" lon="-73.962355">
        <ele>25.8</ele>
        <time>2026-06-16T22:01:37.000Z</time>
      </trkpt>
      <trkpt lat="40.794137" lon="-73.962342">
        <ele>25.8</ele>
        <time>2026-06-16T22:01:38.000Z</time>
      </trkpt>
      <trkpt lat="40.794133" lon="-73.96233">
        <ele>25.6</ele>
        <time>2026-06-16T22:01:39.000Z</time>
      </trkpt>
      <trkpt lat="40.794129" lon="-73.962317">
        <ele>25.6</ele>
        <time>2026-06-16T22:01:40.000Z</time>
      </trkpt>
      <trkpt lat="40.794124" lon="-73.962304">
        <ele>25.4</ele>
        <time>2026-06-16T22:01:41.000Z</time>
      </trkpt>
      <trkpt lat="40.79412" lon="-73.962291">
        <ele>25.4</ele>
        <time>2026-06-16T22:01:42.000Z</time>
      </trkpt>
      <trkpt lat="40.794116" lon="-73.962279">
        <ele>25.4</ele>
        <time>2026-06-16T22:01:43.000Z</time>
      </trkpt>
      <trkpt lat="40.794111" lon="-73.962266">
        <ele>25.2</ele>
        <time>2026-06-16T22:01:44.000Z</time>
      </trkpt>
      <trkpt lat="40.794106" lon="-73.962254">
        <ele>25.2</ele>
        <time>2026-06-16T22:01:45.000Z</time>
      </trkpt>
      <trkpt lat="40.794101" lon="-73.962241">
        <ele>25</ele>
        <time>2026-06-16T22:01:46.000Z</time>
      </trkpt>
      <trkpt lat="40.794096" lon="-73.962228">
        <ele>25</ele>
        <time>2026-06-16T22:01:47.000Z</time>
      </trkpt>
      <trkpt lat="40.79409" lon="-73.962216">
        <ele>25</ele>
        <time>2026-06-16T22:01:48.000Z</time>
      </trkpt>
      <trkpt lat="40.794085" lon="-73.962204">
        <ele>24.8</ele>
        <time>2026-06-16T22:01:49.000Z</time>
      </trkpt>
      <trkpt lat="40.79408" lon="-73.962192">
        <ele>24.8</ele>
        <time>2026-06-16T22:01:50.000Z</time>
      </trkpt>
      <trkpt lat="40.794075" lon="-73.96218">
        <ele>24.6</ele>
        <time>2026-06-16T22:01:51.000Z</time>
      </trkpt>
      <trkpt lat="40.794069" lon="-73.962167">
        <ele>24.6</ele>
        <time>2026-06-16T22:01:52.000Z</time>
      </trkpt>
      <trkpt lat="40.794064" lon="-73.962155">
        <ele>24.4</ele>
        <time>2026-06-16T22:01:53.000Z</time>
      </trkpt>
      <trkpt lat="40.794059" lon="-73.962142">
        <ele>24.4</ele>
        <time>2026-06-16T22:01:54.000Z</time>
      </trkpt>
      <trkpt lat="40.794054" lon="-73.962129">
        <ele>24.2</ele>
        <time>2026-06-16T22:01:55.000Z</time>
      </trkpt>
      <trkpt lat="40.794049" lon="-73.962115">
        <ele>24.2</ele>
        <time>2026-06-16T22:01:56.000Z</time>
      </trkpt>
      <trkpt lat="40.794045" lon="-73.962102">
        <ele>24.2</ele>
        <time>2026-06-16T22:01:57.000Z</time>
      </trkpt>
      <trkpt lat="40.794041" lon="-73.962089">
        <ele>24</ele>
        <time>2026-06-16T22:01:58.000Z</time>
      </trkpt>
      <trkpt lat="40.794037" lon="-73.962078">
        <ele>24</ele>
        <time>2026-06-16T22:01:59.000Z</time>
      </trkpt>
      <trkpt lat="40.794033" lon="-73.962066">
        <ele>24</ele>
        <time>2026-06-16T22:02:00.000Z</time>
      </trkpt>
      <trkpt lat="40.794029" lon="-73.962054">
        <ele>23.8</ele>
        <time>2026-06-16T22:02:01.000Z</time>
      </trkpt>
      <trkpt lat="40.794025" lon="-73.962041">
        <ele>23.8</ele>
        <time>2026-06-16T22:02:02.000Z</time>
      </trkpt>
      <trkpt lat="40.794022" lon="-73.962028">
        <ele>23.8</ele>
        <time>2026-06-16T22:02:03.000Z</time>
      </trkpt>
      <trkpt lat="40.794018" lon="-73.962016">
        <ele>23.8</ele>
        <time>2026-06-16T22:02:04.000Z</time>
      </trkpt>
      <trkpt lat="40.794015" lon="-73.962002">
        <ele>23.8</ele>
        <time>2026-06-16T22:02:05.000Z</time>
      </trkpt>
      <trkpt lat="40.794011" lon="-73.961988">
        <ele>23.6</ele>
        <time>2026-06-16T22:02:06.000Z</time>
      </trkpt>
      <trkpt lat="40.794008" lon="-73.961974">
        <ele>23.6</ele>
        <time>2026-06-16T22:02:07.000Z</time>
      </trkpt>
      <trkpt lat="40.794005" lon="-73.961961">
        <ele>23.6</ele>
        <time>2026-06-16T22:02:08.000Z</time>
      </trkpt>
      <trkpt lat="40.794003" lon="-73.961949">
        <ele>23.6</ele>
        <time>2026-06-16T22:02:09.000Z</time>
      </trkpt>
      <trkpt lat="40.794" lon="-73.961936">
        <ele>23.6</ele>
        <time>2026-06-16T22:02:10.000Z</time>
      </trkpt>
      <trkpt lat="40.793998" lon="-73.961922">
        <ele>23.6</ele>
        <time>2026-06-16T22:02:11.000Z</time>
      </trkpt>
      <trkpt lat="40.793996" lon="-73.961907">
        <ele>23.4</ele>
        <time>2026-06-16T22:02:12.000Z</time>
      </trkpt>
      <trkpt lat="40.793995" lon="-73.961892">
        <ele>23.4</ele>
        <time>2026-06-16T22:02:13.000Z</time>
      </trkpt>
      <trkpt lat="40.793994" lon="-73.961878">
        <ele>23.4</ele>
        <time>2026-06-16T22:02:14.000Z</time>
      </trkpt>
      <trkpt lat="40.793992" lon="-73.961864">
        <ele>23.4</ele>
        <time>2026-06-16T22:02:15.000Z</time>
      </trkpt>
      <trkpt lat="40.793991" lon="-73.96185">
        <ele>23.4</ele>
        <time>2026-06-16T22:02:16.000Z</time>
      </trkpt>
      <trkpt lat="40.79399" lon="-73.961836">
        <ele>23.4</ele>
        <time>2026-06-16T22:02:17.000Z</time>
      </trkpt>
      <trkpt lat="40.793988" lon="-73.961822">
        <ele>23.4</ele>
        <time>2026-06-16T22:02:18.000Z</time>
      </trkpt>
      <trkpt lat="40.793987" lon="-73.961808">
        <ele>23.4</ele>
        <time>2026-06-16T22:02:19.000Z</time>
      </trkpt>
      <trkpt lat="40.793985" lon="-73.961794">
        <ele>23.2</ele>
        <time>2026-06-16T22:02:20.000Z</time>
      </trkpt>
      <trkpt lat="40.793984" lon="-73.96178">
        <ele>23.2</ele>
        <time>2026-06-16T22:02:21.000Z</time>
      </trkpt>
      <trkpt lat="40.793983" lon="-73.961767">
        <ele>23.2</ele>
        <time>2026-06-16T22:02:22.000Z</time>
      </trkpt>
      <trkpt lat="40.793982" lon="-73.961754">
        <ele>23.2</ele>
        <time>2026-06-16T22:02:23.000Z</time>
      </trkpt>
      <trkpt lat="40.793981" lon="-73.961741">
        <ele>23.2</ele>
        <time>2026-06-16T22:02:24.000Z</time>
      </trkpt>
      <trkpt lat="40.79398" lon="-73.961728">
        <ele>23.2</ele>
        <time>2026-06-16T22:02:25.000Z</time>
      </trkpt>
      <trkpt lat="40.793979" lon="-73.961714">
        <ele>23.2</ele>
        <time>2026-06-16T22:02:26.000Z</time>
      </trkpt>
      <trkpt lat="40.793978" lon="-73.961701">
        <ele>23.2</ele>
        <time>2026-06-16T22:02:27.000Z</time>
      </trkpt>
      <trkpt lat="40.793976" lon="-73.961686">
        <ele>23</ele>
        <time>2026-06-16T22:02:28.000Z</time>
      </trkpt>
      <trkpt lat="40.793976" lon="-73.961672">
        <ele>23</ele>
        <time>2026-06-16T22:02:29.000Z</time>
      </trkpt>
      <trkpt lat="40.793977" lon="-73.961658">
        <ele>23</ele>
        <time>2026-06-16T22:02:30.000Z</time>
      </trkpt>
      <trkpt lat="40.793981" lon="-73.961644">
        <ele>23</ele>
        <time>2026-06-16T22:02:31.000Z</time>
      </trkpt>
      <trkpt lat="40.793985" lon="-73.96163">
        <ele>22.8</ele>
        <time>2026-06-16T22:02:32.000Z</time>
      </trkpt>
      <trkpt lat="40.793989" lon="-73.961616">
        <ele>22.8</ele>
        <time>2026-06-16T22:02:33.000Z</time>
      </trkpt>
      <trkpt lat="40.793992" lon="-73.961603">
        <ele>22.6</ele>
        <time>2026-06-16T22:02:34.000Z</time>
      </trkpt>
      <trkpt lat="40.793996" lon="-73.96159">
        <ele>22.6</ele>
        <time>2026-06-16T22:02:35.000Z</time>
      </trkpt>
      <trkpt lat="40.794" lon="-73.961578">
        <ele>22.6</ele>
        <time>2026-06-16T22:02:36.000Z</time>
      </trkpt>
      <trkpt lat="40.794003" lon="-73.961565">
        <ele>22.4</ele>
        <time>2026-06-16T22:02:37.000Z</time>
      </trkpt>
      <trkpt lat="40.794006" lon="-73.961553">
        <ele>22.4</ele>
        <time>2026-06-16T22:02:38.000Z</time>
      </trkpt>
      <trkpt lat="40.794009" lon="-73.961543">
        <ele>22.4</ele>
        <time>2026-06-16T22:02:39.000Z</time>
      </trkpt>
      <trkpt lat="40.794012" lon="-73.961532">
        <ele>22.2</ele>
        <time>2026-06-16T22:02:40.000Z</time>
      </trkpt>
      <trkpt lat="40.794015" lon="-73.961519">
        <ele>22.2</ele>
        <time>2026-06-16T22:02:41.000Z</time>
      </trkpt>
      <trkpt lat="40.794019" lon="-73.961505">
        <ele>22.2</ele>
        <time>2026-06-16T22:02:42.000Z</time>
      </trkpt>
      <trkpt lat="40.794022" lon="-73.961492">
        <ele>22.2</ele>
        <time>2026-06-16T22:02:43.000Z</time>
      </trkpt>
      <trkpt lat="40.794025" lon="-73.96148">
        <ele>22</ele>
        <time>2026-06-16T22:02:44.000Z</time>
      </trkpt>
      <trkpt lat="40.794029" lon="-73.961468">
        <ele>22</ele>
        <time>2026-06-16T22:02:45.000Z</time>
      </trkpt>
      <trkpt lat="40.794032" lon="-73.961456">
        <ele>22</ele>
        <time>2026-06-16T22:02:46.000Z</time>
      </trkpt>
      <trkpt lat="40.794036" lon="-73.961443">
        <ele>22</ele>
        <time>2026-06-16T22:02:47.000Z</time>
      </trkpt>
      <trkpt lat="40.79404" lon="-73.96143">
        <ele>22</ele>
        <time>2026-06-16T22:02:48.000Z</time>
      </trkpt>
      <trkpt lat="40.794044" lon="-73.961417">
        <ele>22</ele>
        <time>2026-06-16T22:02:49.000Z</time>
      </trkpt>
      <trkpt lat="40.794047" lon="-73.961404">
        <ele>21.8</ele>
        <time>2026-06-16T22:02:50.000Z</time>
      </trkpt>
      <trkpt lat="40.794051" lon="-73.961392">
        <ele>21.8</ele>
        <time>2026-06-16T22:02:51.000Z</time>
      </trkpt>
      <trkpt lat="40.794055" lon="-73.961379">
        <ele>21.8</ele>
        <time>2026-06-16T22:02:52.000Z</time>
      </trkpt>
      <trkpt lat="40.79406" lon="-73.961367">
        <ele>21.8</ele>
        <time>2026-06-16T22:02:53.000Z</time>
      </trkpt>
      <trkpt lat="40.794064" lon="-73.961354">
        <ele>21.8</ele>
        <time>2026-06-16T22:02:54.000Z</time>
      </trkpt>
      <trkpt lat="40.794069" lon="-73.961342">
        <ele>21.6</ele>
        <time>2026-06-16T22:02:55.000Z</time>
      </trkpt>
      <trkpt lat="40.794074" lon="-73.96133">
        <ele>21.6</ele>
        <time>2026-06-16T22:02:56.000Z</time>
      </trkpt>
      <trkpt lat="40.79408" lon="-73.961318">
        <ele>21.6</ele>
        <time>2026-06-16T22:02:57.000Z</time>
      </trkpt>
      <trkpt lat="40.794085" lon="-73.961307">
        <ele>21.6</ele>
        <time>2026-06-16T22:02:58.000Z</time>
      </trkpt>
      <trkpt lat="40.79409" lon="-73.961298">
        <ele>21.4</ele>
        <time>2026-06-16T22:02:59.000Z</time>
      </trkpt>
      <trkpt lat="40.794095" lon="-73.961289">
        <ele>21.4</ele>
        <time>2026-06-16T22:03:00.000Z</time>
      </trkpt>
      <trkpt lat="40.794101" lon="-73.961279">
        <ele>21.4</ele>
        <time>2026-06-16T22:03:01.000Z</time>
      </trkpt>
      <trkpt lat="40.794107" lon="-73.961269">
        <ele>21.4</ele>
        <time>2026-06-16T22:03:02.000Z</time>
      </trkpt>
      <trkpt lat="40.794113" lon="-73.961259">
        <ele>21.2</ele>
        <time>2026-06-16T22:03:03.000Z</time>
      </trkpt>
      <trkpt lat="40.794119" lon="-73.961248">
        <ele>21.2</ele>
        <time>2026-06-16T22:03:04.000Z</time>
      </trkpt>
      <trkpt lat="40.794126" lon="-73.961239">
        <ele>21.2</ele>
        <time>2026-06-16T22:03:05.000Z</time>
      </trkpt>
      <trkpt lat="40.794132" lon="-73.96123">
        <ele>21.2</ele>
        <time>2026-06-16T22:03:06.000Z</time>
      </trkpt>
      <trkpt lat="40.794138" lon="-73.961221">
        <ele>21</ele>
        <time>2026-06-16T22:03:07.000Z</time>
      </trkpt>
      <trkpt lat="40.794145" lon="-73.961211">
        <ele>21</ele>
        <time>2026-06-16T22:03:08.000Z</time>
      </trkpt>
      <trkpt lat="40.794153" lon="-73.961201">
        <ele>21</ele>
        <time>2026-06-16T22:03:09.000Z</time>
      </trkpt>
      <trkpt lat="40.79416" lon="-73.961191">
        <ele>21</ele>
        <time>2026-06-16T22:03:10.000Z</time>
      </trkpt>
      <trkpt lat="40.794168" lon="-73.961182">
        <ele>20.8</ele>
        <time>2026-06-16T22:03:11.000Z</time>
      </trkpt>
      <trkpt lat="40.794178" lon="-73.961173">
        <ele>20.8</ele>
        <time>2026-06-16T22:03:12.000Z</time>
      </trkpt>
      <trkpt lat="40.794188" lon="-73.961164">
        <ele>20.8</ele>
        <time>2026-06-16T22:03:13.000Z</time>
      </trkpt>
      <trkpt lat="40.794198" lon="-73.961156">
        <ele>20.8</ele>
        <time>2026-06-16T22:03:14.000Z</time>
      </trkpt>
      <trkpt lat="40.794208" lon="-73.961148">
        <ele>20.6</ele>
        <time>2026-06-16T22:03:15.000Z</time>
      </trkpt>
      <trkpt lat="40.794218" lon="-73.961142">
        <ele>20.6</ele>
        <time>2026-06-16T22:03:16.000Z</time>
      </trkpt>
      <trkpt lat="40.794233" lon="-73.961132">
        <ele>20.6</ele>
        <time>2026-06-16T22:03:17.000Z</time>
      </trkpt>
      <trkpt lat="40.794238" lon="-73.961129">
        <ele>20.4</ele>
        <time>2026-06-16T22:03:18.000Z</time>
      </trkpt>
      <trkpt lat="40.794247" lon="-73.961122">
        <ele>20.4</ele>
        <time>2026-06-16T22:03:19.000Z</time>
      </trkpt>
      <trkpt lat="40.794254" lon="-73.961115">
        <ele>20.2</ele>
        <time>2026-06-16T22:03:20.000Z</time>
      </trkpt>
      <trkpt lat="40.794261" lon="-73.961106">
        <ele>20.2</ele>
        <time>2026-06-16T22:03:21.000Z</time>
      </trkpt>
      <trkpt lat="40.794267" lon="-73.961097">
        <ele>20.2</ele>
        <time>2026-06-16T22:03:22.000Z</time>
      </trkpt>
      <trkpt lat="40.794273" lon="-73.961086">
        <ele>20</ele>
        <time>2026-06-16T22:03:23.000Z</time>
      </trkpt>
      <trkpt lat="40.794278" lon="-73.961075">
        <ele>20</ele>
        <time>2026-06-16T22:03:24.000Z</time>
      </trkpt>
      <trkpt lat="40.794282" lon="-73.961064">
        <ele>20</ele>
        <time>2026-06-16T22:03:25.000Z</time>
      </trkpt>
      <trkpt lat="40.794287" lon="-73.961051">
        <ele>19.8</ele>
        <time>2026-06-16T22:03:26.000Z</time>
      </trkpt>
      <trkpt lat="40.794292" lon="-73.961028">
        <ele>19.8</ele>
        <time>2026-06-16T22:03:27.000Z</time>
      </trkpt>
      <trkpt lat="40.794293" lon="-73.961018">
        <ele>19.8</ele>
        <time>2026-06-16T22:03:28.000Z</time>
      </trkpt>
      <trkpt lat="40.794295" lon="-73.961009">
        <ele>19.6</ele>
        <time>2026-06-16T22:03:29.000Z</time>
      </trkpt>
      <trkpt lat="40.794295" lon="-73.960994">
        <ele>19.6</ele>
        <time>2026-06-16T22:03:30.000Z</time>
      </trkpt>
      <trkpt lat="40.794295" lon="-73.96098">
        <ele>19.6</ele>
        <time>2026-06-16T22:03:31.000Z</time>
      </trkpt>
      <trkpt lat="40.794294" lon="-73.960966">
        <ele>19.4</ele>
        <time>2026-06-16T22:03:32.000Z</time>
      </trkpt>
      <trkpt lat="40.794293" lon="-73.960951">
        <ele>19.4</ele>
        <time>2026-06-16T22:03:33.000Z</time>
      </trkpt>
      <trkpt lat="40.794291" lon="-73.960937">
        <ele>19.4</ele>
        <time>2026-06-16T22:03:34.000Z</time>
      </trkpt>
      <trkpt lat="40.794289" lon="-73.960921">
        <ele>19.2</ele>
        <time>2026-06-16T22:03:35.000Z</time>
      </trkpt>
      <trkpt lat="40.794286" lon="-73.960906">
        <ele>19.2</ele>
        <time>2026-06-16T22:03:36.000Z</time>
      </trkpt>
      <trkpt lat="40.794284" lon="-73.960891">
        <ele>19.2</ele>
        <time>2026-06-16T22:03:37.000Z</time>
      </trkpt>
      <trkpt lat="40.794282" lon="-73.960877">
        <ele>19.2</ele>
        <time>2026-06-16T22:03:38.000Z</time>
      </trkpt>
      <trkpt lat="40.794279" lon="-73.960863">
        <ele>19.2</ele>
        <time>2026-06-16T22:03:39.000Z</time>
      </trkpt>
      <trkpt lat="40.794277" lon="-73.96085">
        <ele>19.2</ele>
        <time>2026-06-16T22:03:40.000Z</time>
      </trkpt>
      <trkpt lat="40.794274" lon="-73.960836">
        <ele>19.2</ele>
        <time>2026-06-16T22:03:41.000Z</time>
      </trkpt>
      <trkpt lat="40.794271" lon="-73.960822">
        <ele>19.2</ele>
        <time>2026-06-16T22:03:42.000Z</time>
      </trkpt>
      <trkpt lat="40.794268" lon="-73.960808">
        <ele>19.2</ele>
        <time>2026-06-16T22:03:43.000Z</time>
      </trkpt>
      <trkpt lat="40.794265" lon="-73.960794">
        <ele>19.2</ele>
        <time>2026-06-16T22:03:44.000Z</time>
      </trkpt>
      <trkpt lat="40.794261" lon="-73.96078">
        <ele>19.2</ele>
        <time>2026-06-16T22:03:45.000Z</time>
      </trkpt>
      <trkpt lat="40.794258" lon="-73.960766">
        <ele>19.2</ele>
        <time>2026-06-16T22:03:46.000Z</time>
      </trkpt>
      <trkpt lat="40.794255" lon="-73.960752">
        <ele>19.4</ele>
        <time>2026-06-16T22:03:47.000Z</time>
      </trkpt>
      <trkpt lat="40.794252" lon="-73.960738">
        <ele>19.4</ele>
        <time>2026-06-16T22:03:48.000Z</time>
      </trkpt>
      <trkpt lat="40.79425" lon="-73.960724">
        <ele>19.4</ele>
        <time>2026-06-16T22:03:49.000Z</time>
      </trkpt>
      <trkpt lat="40.794248" lon="-73.96071">
        <ele>19.4</ele>
        <time>2026-06-16T22:03:50.000Z</time>
      </trkpt>
      <trkpt lat="40.794246" lon="-73.960695">
        <ele>19.6</ele>
        <time>2026-06-16T22:03:51.000Z</time>
      </trkpt>
      <trkpt lat="40.794246" lon="-73.96068">
        <ele>19.6</ele>
        <time>2026-06-16T22:03:52.000Z</time>
      </trkpt>
      <trkpt lat="40.794246" lon="-73.960666">
        <ele>19.6</ele>
        <time>2026-06-16T22:03:53.000Z</time>
      </trkpt>
      <trkpt lat="40.794246" lon="-73.960651">
        <ele>19.6</ele>
        <time>2026-06-16T22:03:54.000Z</time>
      </trkpt>
      <trkpt lat="40.794247" lon="-73.960637">
        <ele>19.6</ele>
        <time>2026-06-16T22:03:55.000Z</time>
      </trkpt>
      <trkpt lat="40.794248" lon="-73.960623">
        <ele>19.6</ele>
        <time>2026-06-16T22:03:56.000Z</time>
      </trkpt>
      <trkpt lat="40.794248" lon="-73.960608">
        <ele>19.6</ele>
        <time>2026-06-16T22:03:57.000Z</time>
      </trkpt>
      <trkpt lat="40.79425" lon="-73.960595">
        <ele>19.6</ele>
        <time>2026-06-16T22:03:58.000Z</time>
      </trkpt>
      <trkpt lat="40.794251" lon="-73.960582">
        <ele>19.6</ele>
        <time>2026-06-16T22:03:59.000Z</time>
      </trkpt>
      <trkpt lat="40.794252" lon="-73.96057">
        <ele>19.6</ele>
        <time>2026-06-16T22:04:00.000Z</time>
      </trkpt>
      <trkpt lat="40.794254" lon="-73.960557">
        <ele>19.6</ele>
        <time>2026-06-16T22:04:01.000Z</time>
      </trkpt>
      <trkpt lat="40.794256" lon="-73.960545">
        <ele>19.6</ele>
        <time>2026-06-16T22:04:02.000Z</time>
      </trkpt>
      <trkpt lat="40.794259" lon="-73.960533">
        <ele>19.6</ele>
        <time>2026-06-16T22:04:03.000Z</time>
      </trkpt>
      <trkpt lat="40.794261" lon="-73.960522">
        <ele>19.4</ele>
        <time>2026-06-16T22:04:04.000Z</time>
      </trkpt>
      <trkpt lat="40.794265" lon="-73.960512">
        <ele>19.4</ele>
        <time>2026-06-16T22:04:05.000Z</time>
      </trkpt>
      <trkpt lat="40.794269" lon="-73.960503">
        <ele>19.4</ele>
        <time>2026-06-16T22:04:06.000Z</time>
      </trkpt>
      <trkpt lat="40.794273" lon="-73.960495">
        <ele>19.4</ele>
        <time>2026-06-16T22:04:07.000Z</time>
      </trkpt>
      <trkpt lat="40.794278" lon="-73.960487">
        <ele>19.4</ele>
        <time>2026-06-16T22:04:08.000Z</time>
      </trkpt>
      <trkpt lat="40.794282" lon="-73.960479">
        <ele>19.4</ele>
        <time>2026-06-16T22:04:09.000Z</time>
      </trkpt>
      <trkpt lat="40.794286" lon="-73.960472">
        <ele>19.2</ele>
        <time>2026-06-16T22:04:10.000Z</time>
      </trkpt>
      <trkpt lat="40.794291" lon="-73.960465">
        <ele>19.2</ele>
        <time>2026-06-16T22:04:11.000Z</time>
      </trkpt>
      <trkpt lat="40.794297" lon="-73.960457">
        <ele>19.2</ele>
        <time>2026-06-16T22:04:12.000Z</time>
      </trkpt>
      <trkpt lat="40.794303" lon="-73.960448">
        <ele>19.2</ele>
        <time>2026-06-16T22:04:13.000Z</time>
      </trkpt>
      <trkpt lat="40.794309" lon="-73.960439">
        <ele>19.2</ele>
        <time>2026-06-16T22:04:14.000Z</time>
      </trkpt>
      <trkpt lat="40.794315" lon="-73.960431">
        <ele>19.2</ele>
        <time>2026-06-16T22:04:15.000Z</time>
      </trkpt>
      <trkpt lat="40.794321" lon="-73.960422">
        <ele>19.2</ele>
        <time>2026-06-16T22:04:16.000Z</time>
      </trkpt>
      <trkpt lat="40.794328" lon="-73.960414">
        <ele>19</ele>
        <time>2026-06-16T22:04:17.000Z</time>
      </trkpt>
      <trkpt lat="40.794335" lon="-73.960405">
        <ele>19</ele>
        <time>2026-06-16T22:04:18.000Z</time>
      </trkpt>
      <trkpt lat="40.794342" lon="-73.960396">
        <ele>19</ele>
        <time>2026-06-16T22:04:19.000Z</time>
      </trkpt>
      <trkpt lat="40.79435" lon="-73.960386">
        <ele>19</ele>
        <time>2026-06-16T22:04:20.000Z</time>
      </trkpt>
      <trkpt lat="40.794358" lon="-73.960375">
        <ele>19</ele>
        <time>2026-06-16T22:04:21.000Z</time>
      </trkpt>
      <trkpt lat="40.794366" lon="-73.960365">
        <ele>19</ele>
        <time>2026-06-16T22:04:22.000Z</time>
      </trkpt>
      <trkpt lat="40.794374" lon="-73.960355">
        <ele>18.8</ele>
        <time>2026-06-16T22:04:23.000Z</time>
      </trkpt>
      <trkpt lat="40.794382" lon="-73.960346">
        <ele>18.8</ele>
        <time>2026-06-16T22:04:24.000Z</time>
      </trkpt>
      <trkpt lat="40.79439" lon="-73.960336">
        <ele>18.8</ele>
        <time>2026-06-16T22:04:25.000Z</time>
      </trkpt>
      <trkpt lat="40.794397" lon="-73.960327">
        <ele>18.8</ele>
        <time>2026-06-16T22:04:26.000Z</time>
      </trkpt>
      <trkpt lat="40.794405" lon="-73.960317">
        <ele>18.6</ele>
        <time>2026-06-16T22:04:27.000Z</time>
      </trkpt>
      <trkpt lat="40.794413" lon="-73.960307">
        <ele>18.6</ele>
        <time>2026-06-16T22:04:28.000Z</time>
      </trkpt>
      <trkpt lat="40.794421" lon="-73.960296">
        <ele>18.6</ele>
        <time>2026-06-16T22:04:29.000Z</time>
      </trkpt>
      <trkpt lat="40.794428" lon="-73.960286">
        <ele>18.6</ele>
        <time>2026-06-16T22:04:30.000Z</time>
      </trkpt>
      <trkpt lat="40.794435" lon="-73.960275">
        <ele>18.6</ele>
        <time>2026-06-16T22:04:31.000Z</time>
      </trkpt>
      <trkpt lat="40.794442" lon="-73.960264">
        <ele>18.6</ele>
        <time>2026-06-16T22:04:32.000Z</time>
      </trkpt>
      <trkpt lat="40.794448" lon="-73.960253">
        <ele>18.6</ele>
        <time>2026-06-16T22:04:33.000Z</time>
      </trkpt>
      <trkpt lat="40.794454" lon="-73.960242">
        <ele>18.6</ele>
        <time>2026-06-16T22:04:34.000Z</time>
      </trkpt>
      <trkpt lat="40.794459" lon="-73.96023">
        <ele>18.4</ele>
        <time>2026-06-16T22:04:35.000Z</time>
      </trkpt>
      <trkpt lat="40.794464" lon="-73.960218">
        <ele>18.2</ele>
        <time>2026-06-16T22:04:36.000Z</time>
      </trkpt>
      <trkpt lat="40.794469" lon="-73.960207">
        <ele>18</ele>
        <time>2026-06-16T22:04:37.000Z</time>
      </trkpt>
      <trkpt lat="40.794472" lon="-73.960199">
        <ele>17.8</ele>
        <time>2026-06-16T22:04:38.000Z</time>
      </trkpt>
      <trkpt lat="40.794479" lon="-73.960169">
        <ele>17.4</ele>
        <time>2026-06-16T22:04:39.000Z</time>
      </trkpt>
      <trkpt lat="40.794485" lon="-73.960147">
        <ele>17.2</ele>
        <time>2026-06-16T22:04:40.000Z</time>
      </trkpt>
      <trkpt lat="40.79449" lon="-73.960124">
        <ele>16.8</ele>
        <time>2026-06-16T22:04:41.000Z</time>
      </trkpt>
      <trkpt lat="40.794495" lon="-73.960101">
        <ele>16.2</ele>
        <time>2026-06-16T22:04:42.000Z</time>
      </trkpt>
      <trkpt lat="40.794501" lon="-73.960079">
        <ele>15.8</ele>
        <time>2026-06-16T22:04:43.000Z</time>
      </trkpt>
      <trkpt lat="40.794506" lon="-73.960056">
        <ele>15.2</ele>
        <time>2026-06-16T22:04:44.000Z</time>
      </trkpt>
      <trkpt lat="40.794511" lon="-73.960033">
        <ele>15.2</ele>
        <time>2026-06-16T22:11:06.000Z</time>
      </trkpt>
      <trkpt lat="40.794517" lon="-73.96001">
        <ele>21</ele>
        <time>2026-06-16T22:11:10.000Z</time>
      </trkpt>
      <trkpt lat="40.794522" lon="-73.959988">
        <ele>20.4</ele>
        <time>2026-06-16T22:11:11.000Z</time>
      </trkpt>
      <trkpt lat="40.794528" lon="-73.959965">
        <ele>19.8</ele>
        <time>2026-06-16T22:11:12.000Z</time>
      </trkpt>
      <trkpt lat="40.794532" lon="-73.959953">
        <ele>19.2</ele>
        <time>2026-06-16T22:11:13.000Z</time>
      </trkpt>
      <trkpt lat="40.794536" lon="-73.95994">
        <ele>18.8</ele>
        <time>2026-06-16T22:11:14.000Z</time>
      </trkpt>
      <trkpt lat="40.794539" lon="-73.959926">
        <ele>18.6</ele>
        <time>2026-06-16T22:11:15.000Z</time>
      </trkpt>
      <trkpt lat="40.794541" lon="-73.959913">
        <ele>18.4</ele>
        <time>2026-06-16T22:11:16.000Z</time>
      </trkpt>
      <trkpt lat="40.794542" lon="-73.959902">
        <ele>18.2</ele>
        <time>2026-06-16T22:11:17.000Z</time>
      </trkpt>
      <trkpt lat="40.794543" lon="-73.95989">
        <ele>18.2</ele>
        <time>2026-06-16T22:11:18.000Z</time>
      </trkpt>
      <trkpt lat="40.794543" lon="-73.959877">
        <ele>18</ele>
        <time>2026-06-16T22:11:19.000Z</time>
      </trkpt>
      <trkpt lat="40.794544" lon="-73.959863">
        <ele>18</ele>
        <time>2026-06-16T22:11:20.000Z</time>
      </trkpt>
      <trkpt lat="40.794544" lon="-73.95985">
        <ele>18</ele>
        <time>2026-06-16T22:11:21.000Z</time>
      </trkpt>
      <trkpt lat="40.794544" lon="-73.959836">
        <ele>18</ele>
        <time>2026-06-16T22:11:22.000Z</time>
      </trkpt>
      <trkpt lat="40.794544" lon="-73.959823">
        <ele>18</ele>
        <time>2026-06-16T22:11:23.000Z</time>
      </trkpt>
      <trkpt lat="40.794544" lon="-73.959812">
        <ele>18</ele>
        <time>2026-06-16T22:11:24.000Z</time>
      </trkpt>
      <trkpt lat="40.794544" lon="-73.959802">
        <ele>18</ele>
        <time>2026-06-16T22:11:25.000Z</time>
      </trkpt>
      <trkpt lat="40.794543" lon="-73.959792">
        <ele>18</ele>
        <time>2026-06-16T22:11:26.000Z</time>
      </trkpt>
      <trkpt lat="40.794544" lon="-73.959782">
        <ele>18</ele>
        <time>2026-06-16T22:11:27.000Z</time>
      </trkpt>
      <trkpt lat="40.794544" lon="-73.959771">
        <ele>18.2</ele>
        <time>2026-06-16T22:11:28.000Z</time>
      </trkpt>
      <trkpt lat="40.794544" lon="-73.959761">
        <ele>18.2</ele>
        <time>2026-06-16T22:11:29.000Z</time>
      </trkpt>
      <trkpt lat="40.794544" lon="-73.95975">
        <ele>18.2</ele>
        <time>2026-06-16T22:11:30.000Z</time>
      </trkpt>
      <trkpt lat="40.794539" lon="-73.959736">
        <ele>18.2</ele>
        <time>2026-06-16T22:11:31.000Z</time>
      </trkpt>
      <trkpt lat="40.794535" lon="-73.959733">
        <ele>18.2</ele>
        <time>2026-06-16T22:11:32.000Z</time>
      </trkpt>
      <trkpt lat="40.79453" lon="-73.95973">
        <ele>18.2</ele>
        <time>2026-06-16T22:11:33.000Z</time>
      </trkpt>
      <trkpt lat="40.794525" lon="-73.959727">
        <ele>18.2</ele>
        <time>2026-06-16T22:11:34.000Z</time>
      </trkpt>
      <trkpt lat="40.79452" lon="-73.959724">
        <ele>18.2</ele>
        <time>2026-06-16T22:11:35.000Z</time>
      </trkpt>
      <trkpt lat="40.794516" lon="-73.959721">
        <ele>18.2</ele>
        <time>2026-06-16T22:11:36.000Z</time>
      </trkpt>
      <trkpt lat="40.794511" lon="-73.959718">
        <ele>18.2</ele>
        <time>2026-06-16T22:11:37.000Z</time>
      </trkpt>
      <trkpt lat="40.794506" lon="-73.959715">
        <ele>18.4</ele>
        <time>2026-06-16T22:11:38.000Z</time>
      </trkpt>
      <trkpt lat="40.794495" lon="-73.959719">
        <ele>18.4</ele>
        <time>2026-06-16T22:11:39.000Z</time>
      </trkpt>
      <trkpt lat="40.794484" lon="-73.959722">
        <ele>18.4</ele>
        <time>2026-06-16T22:11:40.000Z</time>
      </trkpt>
      <trkpt lat="40.794473" lon="-73.959724">
        <ele>18.4</ele>
        <time>2026-06-16T22:11:41.000Z</time>
      </trkpt>
      <trkpt lat="40.794459" lon="-73.959725">
        <ele>18.4</ele>
        <time>2026-06-16T22:11:42.000Z</time>
      </trkpt>
      <trkpt lat="40.794444" lon="-73.959725">
        <ele>18.4</ele>
        <time>2026-06-16T22:11:43.000Z</time>
      </trkpt>
      <trkpt lat="40.794428" lon="-73.959725">
        <ele>18.6</ele>
        <time>2026-06-16T22:11:44.000Z</time>
      </trkpt>
      <trkpt lat="40.794414" lon="-73.959726">
        <ele>18.6</ele>
        <time>2026-06-16T22:11:45.000Z</time>
      </trkpt>
      <trkpt lat="40.794402" lon="-73.959727">
        <ele>18.6</ele>
        <time>2026-06-16T22:11:46.000Z</time>
      </trkpt>
      <trkpt lat="40.79439" lon="-73.959728">
        <ele>18.8</ele>
        <time>2026-06-16T22:11:47.000Z</time>
      </trkpt>
      <trkpt lat="40.794379" lon="-73.95973">
        <ele>18.8</ele>
        <time>2026-06-16T22:11:48.000Z</time>
      </trkpt>
      <trkpt lat="40.794367" lon="-73.959731">
        <ele>19</ele>
        <time>2026-06-16T22:11:49.000Z</time>
      </trkpt>
      <trkpt lat="40.794356" lon="-73.959732">
        <ele>19.2</ele>
        <time>2026-06-16T22:11:50.000Z</time>
      </trkpt>
      <trkpt lat="40.794344" lon="-73.959735">
        <ele>19.2</ele>
        <time>2026-06-16T22:11:51.000Z</time>
      </trkpt>
      <trkpt lat="40.794333" lon="-73.959737">
        <ele>19.4</ele>
        <time>2026-06-16T22:11:52.000Z</time>
      </trkpt>
      <trkpt lat="40.794323" lon="-73.959739">
        <ele>19.6</ele>
        <time>2026-06-16T22:11:53.000Z</time>
      </trkpt>
      <trkpt lat="40.794313" lon="-73.959741">
        <ele>19.6</ele>
        <time>2026-06-16T22:11:54.000Z</time>
      </trkpt>
      <trkpt lat="40.794303" lon="-73.959743">
        <ele>19.8</ele>
        <time>2026-06-16T22:11:55.000Z</time>
      </trkpt>
      <trkpt lat="40.794292" lon="-73.959744">
        <ele>20</ele>
        <time>2026-06-16T22:11:56.000Z</time>
      </trkpt>
      <trkpt lat="40.794281" lon="-73.959746">
        <ele>20</ele>
        <time>2026-06-16T22:11:57.000Z</time>
      </trkpt>
      <trkpt lat="40.79427" lon="-73.959748">
        <ele>20.2</ele>
        <time>2026-06-16T22:11:58.000Z</time>
      </trkpt>
      <trkpt lat="40.79426" lon="-73.959749">
        <ele>20.4</ele>
        <time>2026-06-16T22:11:59.000Z</time>
      </trkpt>
      <trkpt lat="40.79425" lon="-73.95975">
        <ele>20.4</ele>
        <time>2026-06-16T22:12:00.000Z</time>
      </trkpt>
      <trkpt lat="40.79424" lon="-73.959752">
        <ele>20.6</ele>
        <time>2026-06-16T22:12:01.000Z</time>
      </trkpt>
      <trkpt lat="40.79423" lon="-73.959753">
        <ele>20.8</ele>
        <time>2026-06-16T22:12:02.000Z</time>
      </trkpt>
      <trkpt lat="40.79422" lon="-73.959754">
        <ele>20.8</ele>
        <time>2026-06-16T22:12:03.000Z</time>
      </trkpt>
      <trkpt lat="40.79421" lon="-73.959755">
        <ele>21</ele>
        <time>2026-06-16T22:12:04.000Z</time>
      </trkpt>
      <trkpt lat="40.7942" lon="-73.959756">
        <ele>21.2</ele>
        <time>2026-06-16T22:12:05.000Z</time>
      </trkpt>
      <trkpt lat="40.794191" lon="-73.959757">
        <ele>21.2</ele>
        <time>2026-06-16T22:12:06.000Z</time>
      </trkpt>
      <trkpt lat="40.794182" lon="-73.959758">
        <ele>21.4</ele>
        <time>2026-06-16T22:12:07.000Z</time>
      </trkpt>
      <trkpt lat="40.794174" lon="-73.959759">
        <ele>21.6</ele>
        <time>2026-06-16T22:12:08.000Z</time>
      </trkpt>
      <trkpt lat="40.794165" lon="-73.959759">
        <ele>21.6</ele>
        <time>2026-06-16T22:12:09.000Z</time>
      </trkpt>
      <trkpt lat="40.794157" lon="-73.959759">
        <ele>21.8</ele>
        <time>2026-06-16T22:12:10.000Z</time>
      </trkpt>
      <trkpt lat="40.794148" lon="-73.95976">
        <ele>21.8</ele>
        <time>2026-06-16T22:12:11.000Z</time>
      </trkpt>
      <trkpt lat="40.794139" lon="-73.95976">
        <ele>22</ele>
        <time>2026-06-16T22:12:12.000Z</time>
      </trkpt>
      <trkpt lat="40.794129" lon="-73.95976">
        <ele>22.2</ele>
        <time>2026-06-16T22:12:13.000Z</time>
      </trkpt>
      <trkpt lat="40.79412" lon="-73.95976">
        <ele>22.2</ele>
        <time>2026-06-16T22:12:14.000Z</time>
      </trkpt>
      <trkpt lat="40.794112" lon="-73.959759">
        <ele>22.2</ele>
        <time>2026-06-16T22:12:15.000Z</time>
      </trkpt>
      <trkpt lat="40.794103" lon="-73.959759">
        <ele>22.4</ele>
        <time>2026-06-16T22:12:16.000Z</time>
      </trkpt>
      <trkpt lat="40.794094" lon="-73.959758">
        <ele>22.4</ele>
        <time>2026-06-16T22:12:17.000Z</time>
      </trkpt>
      <trkpt lat="40.794085" lon="-73.959755">
        <ele>22.6</ele>
        <time>2026-06-16T22:12:18.000Z</time>
      </trkpt>
      <trkpt lat="40.794076" lon="-73.95975">
        <ele>22.6</ele>
        <time>2026-06-16T22:12:19.000Z</time>
      </trkpt>
      <trkpt lat="40.794066" lon="-73.959746">
        <ele>22.6</ele>
        <time>2026-06-16T22:12:20.000Z</time>
      </trkpt>
      <trkpt lat="40.794058" lon="-73.959741">
        <ele>22.6</ele>
        <time>2026-06-16T22:12:21.000Z</time>
      </trkpt>
      <trkpt lat="40.794049" lon="-73.959737">
        <ele>22.8</ele>
        <time>2026-06-16T22:12:22.000Z</time>
      </trkpt>
      <trkpt lat="40.794041" lon="-73.959733">
        <ele>22.8</ele>
        <time>2026-06-16T22:12:23.000Z</time>
      </trkpt>
      <trkpt lat="40.794032" lon="-73.959729">
        <ele>22.8</ele>
        <time>2026-06-16T22:12:24.000Z</time>
      </trkpt>
      <trkpt lat="40.794024" lon="-73.959725">
        <ele>22.8</ele>
        <time>2026-06-16T22:12:25.000Z</time>
      </trkpt>
      <trkpt lat="40.794017" lon="-73.959721">
        <ele>22.8</ele>
        <time>2026-06-16T22:12:26.000Z</time>
      </trkpt>
      <trkpt lat="40.794011" lon="-73.959718">
        <ele>22.8</ele>
        <time>2026-06-16T22:12:27.000Z</time>
      </trkpt>
      <trkpt lat="40.794004" lon="-73.959715">
        <ele>23</ele>
        <time>2026-06-16T22:12:28.000Z</time>
      </trkpt>
      <trkpt lat="40.793998" lon="-73.959712">
        <ele>23</ele>
        <time>2026-06-16T22:12:29.000Z</time>
      </trkpt>
      <trkpt lat="40.793991" lon="-73.959708">
        <ele>23</ele>
        <time>2026-06-16T22:12:30.000Z</time>
      </trkpt>
      <trkpt lat="40.793983" lon="-73.959705">
        <ele>23</ele>
        <time>2026-06-16T22:12:31.000Z</time>
      </trkpt>
      <trkpt lat="40.793974" lon="-73.9597">
        <ele>23</ele>
        <time>2026-06-16T22:12:32.000Z</time>
      </trkpt>
      <trkpt lat="40.793964" lon="-73.959696">
        <ele>23.2</ele>
        <time>2026-06-16T22:12:33.000Z</time>
      </trkpt>
      <trkpt lat="40.793954" lon="-73.959692">
        <ele>23.2</ele>
        <time>2026-06-16T22:12:34.000Z</time>
      </trkpt>
      <trkpt lat="40.793945" lon="-73.959687">
        <ele>23.2</ele>
        <time>2026-06-16T22:12:35.000Z</time>
      </trkpt>
      <trkpt lat="40.793935" lon="-73.959683">
        <ele>23.4</ele>
        <time>2026-06-16T22:12:36.000Z</time>
      </trkpt>
      <trkpt lat="40.793925" lon="-73.959678">
        <ele>23.4</ele>
        <time>2026-06-16T22:12:37.000Z</time>
      </trkpt>
      <trkpt lat="40.793915" lon="-73.959674">
        <ele>23.4</ele>
        <time>2026-06-16T22:12:38.000Z</time>
      </trkpt>
      <trkpt lat="40.793905" lon="-73.95967">
        <ele>23.6</ele>
        <time>2026-06-16T22:12:39.000Z</time>
      </trkpt>
      <trkpt lat="40.793895" lon="-73.959665">
        <ele>23.6</ele>
        <time>2026-06-16T22:12:40.000Z</time>
      </trkpt>
      <trkpt lat="40.793884" lon="-73.959661">
        <ele>23.6</ele>
        <time>2026-06-16T22:12:41.000Z</time>
      </trkpt>
      <trkpt lat="40.793872" lon="-73.959656">
        <ele>23.8</ele>
        <time>2026-06-16T22:12:42.000Z</time>
      </trkpt>
      <trkpt lat="40.793861" lon="-73.959651">
        <ele>23.8</ele>
        <time>2026-06-16T22:12:43.000Z</time>
      </trkpt>
      <trkpt lat="40.79385" lon="-73.959647">
        <ele>23.8</ele>
        <time>2026-06-16T22:12:44.000Z</time>
      </trkpt>
      <trkpt lat="40.79384" lon="-73.959643">
        <ele>24</ele>
        <time>2026-06-16T22:12:45.000Z</time>
      </trkpt>
      <trkpt lat="40.793832" lon="-73.959639">
        <ele>24</ele>
        <time>2026-06-16T22:12:46.000Z</time>
      </trkpt>
      <trkpt lat="40.793824" lon="-73.959636">
        <ele>24</ele>
        <time>2026-06-16T22:12:47.000Z</time>
      </trkpt>
      <trkpt lat="40.793815" lon="-73.959632">
        <ele>24</ele>
        <time>2026-06-16T22:12:48.000Z</time>
      </trkpt>
      <trkpt lat="40.793805" lon="-73.959628">
        <ele>24.2</ele>
        <time>2026-06-16T22:12:49.000Z</time>
      </trkpt>
      <trkpt lat="40.793795" lon="-73.959624">
        <ele>24.2</ele>
        <time>2026-06-16T22:12:50.000Z</time>
      </trkpt>
      <trkpt lat="40.793785" lon="-73.95962">
        <ele>24.2</ele>
        <time>2026-06-16T22:12:51.000Z</time>
      </trkpt>
      <trkpt lat="40.793775" lon="-73.959616">
        <ele>24.2</ele>
        <time>2026-06-16T22:12:52.000Z</time>
      </trkpt>
      <trkpt lat="40.793765" lon="-73.959611">
        <ele>24.2</ele>
        <time>2026-06-16T22:12:53.000Z</time>
      </trkpt>
      <trkpt lat="40.793755" lon="-73.959607">
        <ele>24.4</ele>
        <time>2026-06-16T22:12:54.000Z</time>
      </trkpt>
      <trkpt lat="40.793745" lon="-73.959602">
        <ele>24.4</ele>
        <time>2026-06-16T22:12:55.000Z</time>
      </trkpt>
      <trkpt lat="40.793735" lon="-73.959598">
        <ele>24.4</ele>
        <time>2026-06-16T22:12:56.000Z</time>
      </trkpt>
      <trkpt lat="40.793724" lon="-73.959593">
        <ele>24.4</ele>
        <time>2026-06-16T22:12:57.000Z</time>
      </trkpt>
      <trkpt lat="40.793714" lon="-73.959588">
        <ele>24.4</ele>
        <time>2026-06-16T22:12:58.000Z</time>
      </trkpt>
      <trkpt lat="40.793704" lon="-73.959584">
        <ele>24.4</ele>
        <time>2026-06-16T22:12:59.000Z</time>
      </trkpt>
      <trkpt lat="40.793694" lon="-73.959579">
        <ele>24.4</ele>
        <time>2026-06-16T22:13:00.000Z</time>
      </trkpt>
      <trkpt lat="40.793684" lon="-73.959575">
        <ele>24.4</ele>
        <time>2026-06-16T22:13:01.000Z</time>
      </trkpt>
      <trkpt lat="40.793675" lon="-73.959571">
        <ele>24.4</ele>
        <time>2026-06-16T22:13:02.000Z</time>
      </trkpt>
      <trkpt lat="40.793666" lon="-73.959567">
        <ele>24.4</ele>
        <time>2026-06-16T22:13:03.000Z</time>
      </trkpt>
      <trkpt lat="40.793658" lon="-73.959564">
        <ele>24.4</ele>
        <time>2026-06-16T22:13:04.000Z</time>
      </trkpt>
      <trkpt lat="40.793651" lon="-73.959561">
        <ele>24.4</ele>
        <time>2026-06-16T22:13:05.000Z</time>
      </trkpt>
      <trkpt lat="40.793642" lon="-73.959558">
        <ele>24.2</ele>
        <time>2026-06-16T22:13:06.000Z</time>
      </trkpt>
      <trkpt lat="40.793633" lon="-73.959554">
        <ele>24.2</ele>
        <time>2026-06-16T22:13:07.000Z</time>
      </trkpt>
      <trkpt lat="40.793624" lon="-73.95955">
        <ele>24.2</ele>
        <time>2026-06-16T22:13:08.000Z</time>
      </trkpt>
      <trkpt lat="40.793614" lon="-73.959546">
        <ele>24</ele>
        <time>2026-06-16T22:13:09.000Z</time>
      </trkpt>
      <trkpt lat="40.793603" lon="-73.959543">
        <ele>24</ele>
        <time>2026-06-16T22:13:10.000Z</time>
      </trkpt>
      <trkpt lat="40.793594" lon="-73.959539">
        <ele>23.8</ele>
        <time>2026-06-16T22:13:11.000Z</time>
      </trkpt>
      <trkpt lat="40.793585" lon="-73.959535">
        <ele>23.8</ele>
        <time>2026-06-16T22:13:12.000Z</time>
      </trkpt>
      <trkpt lat="40.793575" lon="-73.959532">
        <ele>23.8</ele>
        <time>2026-06-16T22:13:13.000Z</time>
      </trkpt>
      <trkpt lat="40.793565" lon="-73.959527">
        <ele>23.8</ele>
        <time>2026-06-16T22:13:14.000Z</time>
      </trkpt>
      <trkpt lat="40.793555" lon="-73.959523">
        <ele>23.8</ele>
        <time>2026-06-16T22:13:15.000Z</time>
      </trkpt>
      <trkpt lat="40.793544" lon="-73.959518">
        <ele>23.8</ele>
        <time>2026-06-16T22:13:16.000Z</time>
      </trkpt>
      <trkpt lat="40.793534" lon="-73.959514">
        <ele>23.8</ele>
        <time>2026-06-16T22:13:17.000Z</time>
      </trkpt>
      <trkpt lat="40.793524" lon="-73.959509">
        <ele>24</ele>
        <time>2026-06-16T22:13:18.000Z</time>
      </trkpt>
      <trkpt lat="40.793505" lon="-73.959502">
        <ele>24</ele>
        <time>2026-06-16T22:13:19.000Z</time>
      </trkpt>
      <trkpt lat="40.793497" lon="-73.959499">
        <ele>24</ele>
        <time>2026-06-16T22:13:20.000Z</time>
      </trkpt>
      <trkpt lat="40.79349" lon="-73.959496">
        <ele>24</ele>
        <time>2026-06-16T22:13:21.000Z</time>
      </trkpt>
      <trkpt lat="40.79348" lon="-73.959492">
        <ele>24.2</ele>
        <time>2026-06-16T22:13:22.000Z</time>
      </trkpt>
      <trkpt lat="40.79347" lon="-73.959488">
        <ele>24.2</ele>
        <time>2026-06-16T22:13:23.000Z</time>
      </trkpt>
      <trkpt lat="40.79346" lon="-73.959484">
        <ele>24.2</ele>
        <time>2026-06-16T22:13:24.000Z</time>
      </trkpt>
      <trkpt lat="40.79345" lon="-73.95948">
        <ele>24.2</ele>
        <time>2026-06-16T22:13:25.000Z</time>
      </trkpt>
      <trkpt lat="40.79344" lon="-73.959476">
        <ele>24.4</ele>
        <time>2026-06-16T22:13:26.000Z</time>
      </trkpt>
      <trkpt lat="40.793431" lon="-73.959472">
        <ele>24.4</ele>
        <time>2026-06-16T22:13:27.000Z</time>
      </trkpt>
      <trkpt lat="40.793422" lon="-73.959469">
        <ele>24.4</ele>
        <time>2026-06-16T22:13:28.000Z</time>
      </trkpt>
      <trkpt lat="40.793414" lon="-73.959466">
        <ele>24.4</ele>
        <time>2026-06-16T22:13:29.000Z</time>
      </trkpt>
      <trkpt lat="40.793406" lon="-73.959464">
        <ele>24.4</ele>
        <time>2026-06-16T22:13:30.000Z</time>
      </trkpt>
      <trkpt lat="40.793399" lon="-73.959463">
        <ele>24.4</ele>
        <time>2026-06-16T22:13:31.000Z</time>
      </trkpt>
      <trkpt lat="40.793393" lon="-73.959464">
        <ele>24.4</ele>
        <time>2026-06-16T22:13:32.000Z</time>
      </trkpt>
      <trkpt lat="40.793389" lon="-73.95947">
        <ele>24.6</ele>
        <time>2026-06-16T22:13:33.000Z</time>
      </trkpt>
      <trkpt lat="40.793387" lon="-73.959483">
        <ele>24.6</ele>
        <time>2026-06-16T22:13:34.000Z</time>
      </trkpt>
      <trkpt lat="40.793387" lon="-73.959499">
        <ele>24.6</ele>
        <time>2026-06-16T22:13:35.000Z</time>
      </trkpt>
      <trkpt lat="40.793388" lon="-73.959517">
        <ele>24.6</ele>
        <time>2026-06-16T22:13:36.000Z</time>
      </trkpt>
      <trkpt lat="40.793389" lon="-73.959536">
        <ele>24.8</ele>
        <time>2026-06-16T22:13:37.000Z</time>
      </trkpt>
      <trkpt lat="40.79339" lon="-73.959557">
        <ele>24.8</ele>
        <time>2026-06-16T22:13:38.000Z</time>
      </trkpt>
      <trkpt lat="40.793392" lon="-73.959578">
        <ele>25</ele>
        <time>2026-06-16T22:13:39.000Z</time>
      </trkpt>
      <trkpt lat="40.793395" lon="-73.959599">
        <ele>25</ele>
        <time>2026-06-16T22:13:40.000Z</time>
      </trkpt>
      <trkpt lat="40.793397" lon="-73.959621">
        <ele>25.2</ele>
        <time>2026-06-16T22:13:41.000Z</time>
      </trkpt>
      <trkpt lat="40.7934" lon="-73.959643">
        <ele>25.2</ele>
        <time>2026-06-16T22:13:42.000Z</time>
      </trkpt>
      <trkpt lat="40.793403" lon="-73.959664">
        <ele>25.4</ele>
        <time>2026-06-16T22:13:43.000Z</time>
      </trkpt>
      <trkpt lat="40.793406" lon="-73.959684">
        <ele>25.4</ele>
        <time>2026-06-16T22:13:44.000Z</time>
      </trkpt>
      <trkpt lat="40.79341" lon="-73.959703">
        <ele>25.4</ele>
        <time>2026-06-16T22:13:45.000Z</time>
      </trkpt>
      <trkpt lat="40.793413" lon="-73.959721">
        <ele>25.6</ele>
        <time>2026-06-16T22:13:46.000Z</time>
      </trkpt>
      <trkpt lat="40.793417" lon="-73.959737">
        <ele>25.6</ele>
        <time>2026-06-16T22:13:47.000Z</time>
      </trkpt>
      <trkpt lat="40.793421" lon="-73.959753">
        <ele>25.6</ele>
        <time>2026-06-16T22:13:48.000Z</time>
      </trkpt>
      <trkpt lat="40.793424" lon="-73.959768">
        <ele>25.6</ele>
        <time>2026-06-16T22:13:49.000Z</time>
      </trkpt>
      <trkpt lat="40.793428" lon="-73.959783">
        <ele>25.6</ele>
        <time>2026-06-16T22:13:50.000Z</time>
      </trkpt>
      <trkpt lat="40.793431" lon="-73.959797">
        <ele>25.8</ele>
        <time>2026-06-16T22:13:51.000Z</time>
      </trkpt>
      <trkpt lat="40.793435" lon="-73.959812">
        <ele>25.8</ele>
        <time>2026-06-16T22:13:52.000Z</time>
      </trkpt>
      <trkpt lat="40.793439" lon="-73.959827">
        <ele>25.8</ele>
        <time>2026-06-16T22:13:53.000Z</time>
      </trkpt>
      <trkpt lat="40.793443" lon="-73.959841">
        <ele>25.8</ele>
        <time>2026-06-16T22:13:54.000Z</time>
      </trkpt>
      <trkpt lat="40.793446" lon="-73.959855">
        <ele>25.8</ele>
        <time>2026-06-16T22:13:55.000Z</time>
      </trkpt>
      <trkpt lat="40.79345" lon="-73.959868">
        <ele>25.8</ele>
        <time>2026-06-16T22:13:56.000Z</time>
      </trkpt>
      <trkpt lat="40.793453" lon="-73.959881">
        <ele>25.8</ele>
        <time>2026-06-16T22:13:57.000Z</time>
      </trkpt>
      <trkpt lat="40.793455" lon="-73.959892">
        <ele>25.8</ele>
        <time>2026-06-16T22:13:58.000Z</time>
      </trkpt>
      <trkpt lat="40.793458" lon="-73.959903">
        <ele>25.8</ele>
        <time>2026-06-16T22:13:59.000Z</time>
      </trkpt>
      <trkpt lat="40.793461" lon="-73.959914">
        <ele>25.8</ele>
        <time>2026-06-16T22:14:00.000Z</time>
      </trkpt>
      <trkpt lat="40.793464" lon="-73.959926">
        <ele>25.8</ele>
        <time>2026-06-16T22:14:01.000Z</time>
      </trkpt>
      <trkpt lat="40.793467" lon="-73.959937">
        <ele>25.8</ele>
        <time>2026-06-16T22:14:02.000Z</time>
      </trkpt>
      <trkpt lat="40.79347" lon="-73.959949">
        <ele>25.8</ele>
        <time>2026-06-16T22:14:03.000Z</time>
      </trkpt>
      <trkpt lat="40.793473" lon="-73.959962">
        <ele>26</ele>
        <time>2026-06-16T22:14:04.000Z</time>
      </trkpt>
      <trkpt lat="40.793476" lon="-73.959974">
        <ele>26</ele>
        <time>2026-06-16T22:14:05.000Z</time>
      </trkpt>
      <trkpt lat="40.793479" lon="-73.959988">
        <ele>26</ele>
        <time>2026-06-16T22:14:06.000Z</time>
      </trkpt>
      <trkpt lat="40.793483" lon="-73.96">
        <ele>26</ele>
        <time>2026-06-16T22:14:07.000Z</time>
      </trkpt>
      <trkpt lat="40.793486" lon="-73.960012">
        <ele>26</ele>
        <time>2026-06-16T22:14:08.000Z</time>
      </trkpt>
      <trkpt lat="40.793489" lon="-73.960025">
        <ele>26</ele>
        <time>2026-06-16T22:14:09.000Z</time>
      </trkpt>
      <trkpt lat="40.793492" lon="-73.960037">
        <ele>26</ele>
        <time>2026-06-16T22:14:10.000Z</time>
      </trkpt>
      <trkpt lat="40.793496" lon="-73.96005">
        <ele>26</ele>
        <time>2026-06-16T22:14:11.000Z</time>
      </trkpt>
      <trkpt lat="40.793499" lon="-73.960062">
        <ele>26</ele>
        <time>2026-06-16T22:14:12.000Z</time>
      </trkpt>
      <trkpt lat="40.793502" lon="-73.960076">
        <ele>26</ele>
        <time>2026-06-16T22:14:13.000Z</time>
      </trkpt>
      <trkpt lat="40.793506" lon="-73.960091">
        <ele>26</ele>
        <time>2026-06-16T22:14:14.000Z</time>
      </trkpt>
      <trkpt lat="40.79351" lon="-73.960106">
        <ele>26</ele>
        <time>2026-06-16T22:14:15.000Z</time>
      </trkpt>
      <trkpt lat="40.793514" lon="-73.96012">
        <ele>26</ele>
        <time>2026-06-16T22:14:16.000Z</time>
      </trkpt>
      <trkpt lat="40.793518" lon="-73.960134">
        <ele>26</ele>
        <time>2026-06-16T22:14:17.000Z</time>
      </trkpt>
      <trkpt lat="40.793521" lon="-73.960147">
        <ele>26</ele>
        <time>2026-06-16T22:14:18.000Z</time>
      </trkpt>
      <trkpt lat="40.793525" lon="-73.96016">
        <ele>26</ele>
        <time>2026-06-16T22:14:19.000Z</time>
      </trkpt>
      <trkpt lat="40.793528" lon="-73.960173">
        <ele>25.8</ele>
        <time>2026-06-16T22:14:20.000Z</time>
      </trkpt>
      <trkpt lat="40.793531" lon="-73.960185">
        <ele>25.8</ele>
        <time>2026-06-16T22:14:21.000Z</time>
      </trkpt>
      <trkpt lat="40.793535" lon="-73.960196">
        <ele>25.8</ele>
        <time>2026-06-16T22:14:22.000Z</time>
      </trkpt>
      <trkpt lat="40.793538" lon="-73.960208">
        <ele>25.8</ele>
        <time>2026-06-16T22:14:23.000Z</time>
      </trkpt>
      <trkpt lat="40.79354" lon="-73.96022">
        <ele>25.8</ele>
        <time>2026-06-16T22:14:24.000Z</time>
      </trkpt>
      <trkpt lat="40.793543" lon="-73.960232">
        <ele>25.8</ele>
        <time>2026-06-16T22:14:25.000Z</time>
      </trkpt>
      <trkpt lat="40.793545" lon="-73.960244">
        <ele>25.8</ele>
        <time>2026-06-16T22:14:26.000Z</time>
      </trkpt>
      <trkpt lat="40.793547" lon="-73.960257">
        <ele>25.8</ele>
        <time>2026-06-16T22:14:27.000Z</time>
      </trkpt>
      <trkpt lat="40.793549" lon="-73.96027">
        <ele>25.6</ele>
        <time>2026-06-16T22:14:28.000Z</time>
      </trkpt>
      <trkpt lat="40.793551" lon="-73.960284">
        <ele>25.6</ele>
        <time>2026-06-16T22:14:29.000Z</time>
      </trkpt>
      <trkpt lat="40.793554" lon="-73.960298">
        <ele>25.6</ele>
        <time>2026-06-16T22:14:30.000Z</time>
      </trkpt>
      <trkpt lat="40.793555" lon="-73.960312">
        <ele>25.6</ele>
        <time>2026-06-16T22:14:31.000Z</time>
      </trkpt>
      <trkpt lat="40.793557" lon="-73.960326">
        <ele>25.4</ele>
        <time>2026-06-16T22:14:32.000Z</time>
      </trkpt>
      <trkpt lat="40.793559" lon="-73.96034">
        <ele>25.4</ele>
        <time>2026-06-16T22:14:33.000Z</time>
      </trkpt>
      <trkpt lat="40.793561" lon="-73.960353">
        <ele>25.4</ele>
        <time>2026-06-16T22:14:34.000Z</time>
      </trkpt>
      <trkpt lat="40.793562" lon="-73.960367">
        <ele>25.4</ele>
        <time>2026-06-16T22:14:35.000Z</time>
      </trkpt>
      <trkpt lat="40.793564" lon="-73.96038">
        <ele>25.2</ele>
        <time>2026-06-16T22:14:36.000Z</time>
      </trkpt>
      <trkpt lat="40.793565" lon="-73.960393">
        <ele>25.2</ele>
        <time>2026-06-16T22:14:37.000Z</time>
      </trkpt>
      <trkpt lat="40.793565" lon="-73.960404">
        <ele>25.2</ele>
        <time>2026-06-16T22:14:38.000Z</time>
      </trkpt>
      <trkpt lat="40.793566" lon="-73.960416">
        <ele>25</ele>
        <time>2026-06-16T22:14:39.000Z</time>
      </trkpt>
      <trkpt lat="40.793567" lon="-73.960428">
        <ele>25</ele>
        <time>2026-06-16T22:14:40.000Z</time>
      </trkpt>
      <trkpt lat="40.793568" lon="-73.96044">
        <ele>25</ele>
        <time>2026-06-16T22:14:41.000Z</time>
      </trkpt>
      <trkpt lat="40.793568" lon="-73.960454">
        <ele>25</ele>
        <time>2026-06-16T22:14:42.000Z</time>
      </trkpt>
      <trkpt lat="40.793568" lon="-73.960468">
        <ele>25</ele>
        <time>2026-06-16T22:14:43.000Z</time>
      </trkpt>
      <trkpt lat="40.793568" lon="-73.960482">
        <ele>25</ele>
        <time>2026-06-16T22:14:44.000Z</time>
      </trkpt>
      <trkpt lat="40.793567" lon="-73.960496">
        <ele>25</ele>
        <time>2026-06-16T22:14:45.000Z</time>
      </trkpt>
      <trkpt lat="40.793566" lon="-73.960512">
        <ele>25</ele>
        <time>2026-06-16T22:14:46.000Z</time>
      </trkpt>
      <trkpt lat="40.793565" lon="-73.960527">
        <ele>25</ele>
        <time>2026-06-16T22:14:47.000Z</time>
      </trkpt>
      <trkpt lat="40.793563" lon="-73.960541">
        <ele>25</ele>
        <time>2026-06-16T22:14:48.000Z</time>
      </trkpt>
      <trkpt lat="40.793561" lon="-73.960555">
        <ele>25</ele>
        <time>2026-06-16T22:14:49.000Z</time>
      </trkpt>
      <trkpt lat="40.793559" lon="-73.960569">
        <ele>25</ele>
        <time>2026-06-16T22:14:50.000Z</time>
      </trkpt>
      <trkpt lat="40.793557" lon="-73.960582">
        <ele>25</ele>
        <time>2026-06-16T22:14:51.000Z</time>
      </trkpt>
      <trkpt lat="40.793554" lon="-73.960596">
        <ele>25</ele>
        <time>2026-06-16T22:14:52.000Z</time>
      </trkpt>
      <trkpt lat="40.793551" lon="-73.960609">
        <ele>25</ele>
        <time>2026-06-16T22:14:53.000Z</time>
      </trkpt>
      <trkpt lat="40.793548" lon="-73.96062">
        <ele>25</ele>
        <time>2026-06-16T22:14:54.000Z</time>
      </trkpt>
      <trkpt lat="40.793545" lon="-73.960631">
        <ele>25</ele>
        <time>2026-06-16T22:14:55.000Z</time>
      </trkpt>
      <trkpt lat="40.793542" lon="-73.960643">
        <ele>25</ele>
        <time>2026-06-16T22:14:56.000Z</time>
      </trkpt>
      <trkpt lat="40.793539" lon="-73.960655">
        <ele>25</ele>
        <time>2026-06-16T22:14:57.000Z</time>
      </trkpt>
      <trkpt lat="40.793536" lon="-73.960666">
        <ele>25</ele>
        <time>2026-06-16T22:14:58.000Z</time>
      </trkpt>
      <trkpt lat="40.793533" lon="-73.960676">
        <ele>25</ele>
        <time>2026-06-16T22:14:59.000Z</time>
      </trkpt>
      <trkpt lat="40.79353" lon="-73.960686">
        <ele>25</ele>
        <time>2026-06-16T22:15:00.000Z</time>
      </trkpt>
      <trkpt lat="40.793527" lon="-73.960696">
        <ele>25</ele>
        <time>2026-06-16T22:15:01.000Z</time>
      </trkpt>
      <trkpt lat="40.793524" lon="-73.960706">
        <ele>25</ele>
        <time>2026-06-16T22:15:02.000Z</time>
      </trkpt>
      <trkpt lat="40.79352" lon="-73.960717">
        <ele>25</ele>
        <time>2026-06-16T22:15:03.000Z</time>
      </trkpt>
      <trkpt lat="40.793517" lon="-73.960728">
        <ele>25</ele>
        <time>2026-06-16T22:15:04.000Z</time>
      </trkpt>
      <trkpt lat="40.793513" lon="-73.960738">
        <ele>25</ele>
        <time>2026-06-16T22:15:05.000Z</time>
      </trkpt>
      <trkpt lat="40.79351" lon="-73.960748">
        <ele>25</ele>
        <time>2026-06-16T22:15:06.000Z</time>
      </trkpt>
      <trkpt lat="40.793507" lon="-73.960757">
        <ele>25</ele>
        <time>2026-06-16T22:15:07.000Z</time>
      </trkpt>
      <trkpt lat="40.793503" lon="-73.960767">
        <ele>25</ele>
        <time>2026-06-16T22:15:08.000Z</time>
      </trkpt>
      <trkpt lat="40.793499" lon="-73.960779">
        <ele>25</ele>
        <time>2026-06-16T22:15:09.000Z</time>
      </trkpt>
      <trkpt lat="40.793494" lon="-73.960791">
        <ele>25</ele>
        <time>2026-06-16T22:15:10.000Z</time>
      </trkpt>
      <trkpt lat="40.793489" lon="-73.960804">
        <ele>24.8</ele>
        <time>2026-06-16T22:15:11.000Z</time>
      </trkpt>
      <trkpt lat="40.793484" lon="-73.960816">
        <ele>24.8</ele>
        <time>2026-06-16T22:15:12.000Z</time>
      </trkpt>
      <trkpt lat="40.793479" lon="-73.960828">
        <ele>24.8</ele>
        <time>2026-06-16T22:15:13.000Z</time>
      </trkpt>
      <trkpt lat="40.793473" lon="-73.960841">
        <ele>24.8</ele>
        <time>2026-06-16T22:15:14.000Z</time>
      </trkpt>
      <trkpt lat="40.793467" lon="-73.960853">
        <ele>24.8</ele>
        <time>2026-06-16T22:15:15.000Z</time>
      </trkpt>
      <trkpt lat="40.793461" lon="-73.960866">
        <ele>24.8</ele>
        <time>2026-06-16T22:15:16.000Z</time>
      </trkpt>
      <trkpt lat="40.793455" lon="-73.960878">
        <ele>24.8</ele>
        <time>2026-06-16T22:15:17.000Z</time>
      </trkpt>
      <trkpt lat="40.793448" lon="-73.960892">
        <ele>24.8</ele>
        <time>2026-06-16T22:15:18.000Z</time>
      </trkpt>
      <trkpt lat="40.793441" lon="-73.960905">
        <ele>24.8</ele>
        <time>2026-06-16T22:15:19.000Z</time>
      </trkpt>
      <trkpt lat="40.793435" lon="-73.960918">
        <ele>24.8</ele>
        <time>2026-06-16T22:15:20.000Z</time>
      </trkpt>
      <trkpt lat="40.793428" lon="-73.96093">
        <ele>24.8</ele>
        <time>2026-06-16T22:15:21.000Z</time>
      </trkpt>
      <trkpt lat="40.793422" lon="-73.960943">
        <ele>24.8</ele>
        <time>2026-06-16T22:15:22.000Z</time>
      </trkpt>
      <trkpt lat="40.793415" lon="-73.960955">
        <ele>24.8</ele>
        <time>2026-06-16T22:15:23.000Z</time>
      </trkpt>
      <trkpt lat="40.793409" lon="-73.960966">
        <ele>24.8</ele>
        <time>2026-06-16T22:15:24.000Z</time>
      </trkpt>
      <trkpt lat="40.793402" lon="-73.960977">
        <ele>24.8</ele>
        <time>2026-06-16T22:15:25.000Z</time>
      </trkpt>
      <trkpt lat="40.793395" lon="-73.960988">
        <ele>24.8</ele>
        <time>2026-06-16T22:15:26.000Z</time>
      </trkpt>
      <trkpt lat="40.793388" lon="-73.960999">
        <ele>24.8</ele>
        <time>2026-06-16T22:15:27.000Z</time>
      </trkpt>
      <trkpt lat="40.793382" lon="-73.961009">
        <ele>24.8</ele>
        <time>2026-06-16T22:15:28.000Z</time>
      </trkpt>
      <trkpt lat="40.793375" lon="-73.961019">
        <ele>24.8</ele>
        <time>2026-06-16T22:15:29.000Z</time>
      </trkpt>
      <trkpt lat="40.793368" lon="-73.961029">
        <ele>24.6</ele>
        <time>2026-06-16T22:15:30.000Z</time>
      </trkpt>
      <trkpt lat="40.79336" lon="-73.961038">
        <ele>24.6</ele>
        <time>2026-06-16T22:15:31.000Z</time>
      </trkpt>
      <trkpt lat="40.793353" lon="-73.961048">
        <ele>24.6</ele>
        <time>2026-06-16T22:15:32.000Z</time>
      </trkpt>
      <trkpt lat="40.793345" lon="-73.961057">
        <ele>24.6</ele>
        <time>2026-06-16T22:15:33.000Z</time>
      </trkpt>
      <trkpt lat="40.793337" lon="-73.961065">
        <ele>24.6</ele>
        <time>2026-06-16T22:15:34.000Z</time>
      </trkpt>
      <trkpt lat="40.793329" lon="-73.961074">
        <ele>24.4</ele>
        <time>2026-06-16T22:15:35.000Z</time>
      </trkpt>
      <trkpt lat="40.793322" lon="-73.961082">
        <ele>24.4</ele>
        <time>2026-06-16T22:15:36.000Z</time>
      </trkpt>
      <trkpt lat="40.793314" lon="-73.96109">
        <ele>24.4</ele>
        <time>2026-06-16T22:15:37.000Z</time>
      </trkpt>
      <trkpt lat="40.793307" lon="-73.961099">
        <ele>24.4</ele>
        <time>2026-06-16T22:15:38.000Z</time>
      </trkpt>
      <trkpt lat="40.793299" lon="-73.961107">
        <ele>24.2</ele>
        <time>2026-06-16T22:15:39.000Z</time>
      </trkpt>
      <trkpt lat="40.79329" lon="-73.961115">
        <ele>24.2</ele>
        <time>2026-06-16T22:15:40.000Z</time>
      </trkpt>
      <trkpt lat="40.793282" lon="-73.961122">
        <ele>24.2</ele>
        <time>2026-06-16T22:15:41.000Z</time>
      </trkpt>
      <trkpt lat="40.793275" lon="-73.96113">
        <ele>24.2</ele>
        <time>2026-06-16T22:15:42.000Z</time>
      </trkpt>
      <trkpt lat="40.793267" lon="-73.961138">
        <ele>24.2</ele>
        <time>2026-06-16T22:15:43.000Z</time>
      </trkpt>
      <trkpt lat="40.793259" lon="-73.961146">
        <ele>24.2</ele>
        <time>2026-06-16T22:15:44.000Z</time>
      </trkpt>
      <trkpt lat="40.793252" lon="-73.961154">
        <ele>24.2</ele>
        <time>2026-06-16T22:15:45.000Z</time>
      </trkpt>
      <trkpt lat="40.793245" lon="-73.961164">
        <ele>24.2</ele>
        <time>2026-06-16T22:15:46.000Z</time>
      </trkpt>
      <trkpt lat="40.793238" lon="-73.961174">
        <ele>24.4</ele>
        <time>2026-06-16T22:15:47.000Z</time>
      </trkpt>
      <trkpt lat="40.79323" lon="-73.961182">
        <ele>24.4</ele>
        <time>2026-06-16T22:15:48.000Z</time>
      </trkpt>
      <trkpt lat="40.793223" lon="-73.961188">
        <ele>24.4</ele>
        <time>2026-06-16T22:15:49.000Z</time>
      </trkpt>
      <trkpt lat="40.793215" lon="-73.961195">
        <ele>24.6</ele>
        <time>2026-06-16T22:15:50.000Z</time>
      </trkpt>
      <trkpt lat="40.793207" lon="-73.961202">
        <ele>24.6</ele>
        <time>2026-06-16T22:15:51.000Z</time>
      </trkpt>
      <trkpt lat="40.793199" lon="-73.96121">
        <ele>24.6</ele>
        <time>2026-06-16T22:15:52.000Z</time>
      </trkpt>
      <trkpt lat="40.793191" lon="-73.961218">
        <ele>24.8</ele>
        <time>2026-06-16T22:15:53.000Z</time>
      </trkpt>
      <trkpt lat="40.793183" lon="-73.961225">
        <ele>24.8</ele>
        <time>2026-06-16T22:15:54.000Z</time>
      </trkpt>
      <trkpt lat="40.793174" lon="-73.961232">
        <ele>24.8</ele>
        <time>2026-06-16T22:15:55.000Z</time>
      </trkpt>
      <trkpt lat="40.793166" lon="-73.961238">
        <ele>24.8</ele>
        <time>2026-06-16T22:15:56.000Z</time>
      </trkpt>
      <trkpt lat="40.793158" lon="-73.961245">
        <ele>24.8</ele>
        <time>2026-06-16T22:15:57.000Z</time>
      </trkpt>
      <trkpt lat="40.79315" lon="-73.961252">
        <ele>24.8</ele>
        <time>2026-06-16T22:15:58.000Z</time>
      </trkpt>
      <trkpt lat="40.793141" lon="-73.961259">
        <ele>24.8</ele>
        <time>2026-06-16T22:15:59.000Z</time>
      </trkpt>
      <trkpt lat="40.793132" lon="-73.961266">
        <ele>24.8</ele>
        <time>2026-06-16T22:16:00.000Z</time>
      </trkpt>
      <trkpt lat="40.793123" lon="-73.961273">
        <ele>24.8</ele>
        <time>2026-06-16T22:16:01.000Z</time>
      </trkpt>
      <trkpt lat="40.793113" lon="-73.961281">
        <ele>24.8</ele>
        <time>2026-06-16T22:16:02.000Z</time>
      </trkpt>
      <trkpt lat="40.793104" lon="-73.961287">
        <ele>24.8</ele>
        <time>2026-06-16T22:16:03.000Z</time>
      </trkpt>
      <trkpt lat="40.793095" lon="-73.961293">
        <ele>24.8</ele>
        <time>2026-06-16T22:16:04.000Z</time>
      </trkpt>
      <trkpt lat="40.793086" lon="-73.961298">
        <ele>24.8</ele>
        <time>2026-06-16T22:16:05.000Z</time>
      </trkpt>
      <trkpt lat="40.793078" lon="-73.961303">
        <ele>24.6</ele>
        <time>2026-06-16T22:16:06.000Z</time>
      </trkpt>
      <trkpt lat="40.79307" lon="-73.961308">
        <ele>24.6</ele>
        <time>2026-06-16T22:16:07.000Z</time>
      </trkpt>
      <trkpt lat="40.793062" lon="-73.961314">
        <ele>24.8</ele>
        <time>2026-06-16T22:16:08.000Z</time>
      </trkpt>
      <trkpt lat="40.793053" lon="-73.961319">
        <ele>24.8</ele>
        <time>2026-06-16T22:16:09.000Z</time>
      </trkpt>
      <trkpt lat="40.793044" lon="-73.961323">
        <ele>24.8</ele>
        <time>2026-06-16T22:16:10.000Z</time>
      </trkpt>
      <trkpt lat="40.793034" lon="-73.961328">
        <ele>24.8</ele>
        <time>2026-06-16T22:16:11.000Z</time>
      </trkpt>
      <trkpt lat="40.793024" lon="-73.961333">
        <ele>24.8</ele>
        <time>2026-06-16T22:16:12.000Z</time>
      </trkpt>
      <trkpt lat="40.793015" lon="-73.961338">
        <ele>24.8</ele>
        <time>2026-06-16T22:16:13.000Z</time>
      </trkpt>
      <trkpt lat="40.793005" lon="-73.961343">
        <ele>24.8</ele>
        <time>2026-06-16T22:16:14.000Z</time>
      </trkpt>
      <trkpt lat="40.792996" lon="-73.961348">
        <ele>24.8</ele>
        <time>2026-06-16T22:16:15.000Z</time>
      </trkpt>
      <trkpt lat="40.792987" lon="-73.961352">
        <ele>24.8</ele>
        <time>2026-06-16T22:16:16.000Z</time>
      </trkpt>
      <trkpt lat="40.792978" lon="-73.961355">
        <ele>24.8</ele>
        <time>2026-06-16T22:16:17.000Z</time>
      </trkpt>
      <trkpt lat="40.792969" lon="-73.961356">
        <ele>24.8</ele>
        <time>2026-06-16T22:16:18.000Z</time>
      </trkpt>
      <trkpt lat="40.792959" lon="-73.961358">
        <ele>24.8</ele>
        <time>2026-06-16T22:16:19.000Z</time>
      </trkpt>
      <trkpt lat="40.792948" lon="-73.961359">
        <ele>24.8</ele>
        <time>2026-06-16T22:16:20.000Z</time>
      </trkpt>
      <trkpt lat="40.792938" lon="-73.961362">
        <ele>24.8</ele>
        <time>2026-06-16T22:16:21.000Z</time>
      </trkpt>
      <trkpt lat="40.792928" lon="-73.961365">
        <ele>25</ele>
        <time>2026-06-16T22:16:22.000Z</time>
      </trkpt>
      <trkpt lat="40.792918" lon="-73.96137">
        <ele>25</ele>
        <time>2026-06-16T22:16:23.000Z</time>
      </trkpt>
      <trkpt lat="40.792908" lon="-73.961374">
        <ele>25</ele>
        <time>2026-06-16T22:16:24.000Z</time>
      </trkpt>
      <trkpt lat="40.792899" lon="-73.961377">
        <ele>25</ele>
        <time>2026-06-16T22:16:25.000Z</time>
      </trkpt>
      <trkpt lat="40.792889" lon="-73.96138">
        <ele>25.2</ele>
        <time>2026-06-16T22:16:26.000Z</time>
      </trkpt>
      <trkpt lat="40.79288" lon="-73.961382">
        <ele>25.2</ele>
        <time>2026-06-16T22:16:27.000Z</time>
      </trkpt>
      <trkpt lat="40.79287" lon="-73.961383">
        <ele>25.2</ele>
        <time>2026-06-16T22:16:28.000Z</time>
      </trkpt>
      <trkpt lat="40.79286" lon="-73.961385">
        <ele>25.4</ele>
        <time>2026-06-16T22:16:29.000Z</time>
      </trkpt>
      <trkpt lat="40.792851" lon="-73.961386">
        <ele>25.4</ele>
        <time>2026-06-16T22:16:30.000Z</time>
      </trkpt>
      <trkpt lat="40.792842" lon="-73.961388">
        <ele>25.4</ele>
        <time>2026-06-16T22:16:31.000Z</time>
      </trkpt>
      <trkpt lat="40.792833" lon="-73.96139">
        <ele>25.6</ele>
        <time>2026-06-16T22:16:32.000Z</time>
      </trkpt>
      <trkpt lat="40.792824" lon="-73.961392">
        <ele>25.6</ele>
        <time>2026-06-16T22:16:33.000Z</time>
      </trkpt>
      <trkpt lat="40.792814" lon="-73.961394">
        <ele>25.6</ele>
        <time>2026-06-16T22:16:34.000Z</time>
      </trkpt>
      <trkpt lat="40.792805" lon="-73.961395">
        <ele>25.8</ele>
        <time>2026-06-16T22:16:35.000Z</time>
      </trkpt>
      <trkpt lat="40.792795" lon="-73.961395">
        <ele>25.8</ele>
        <time>2026-06-16T22:16:36.000Z</time>
      </trkpt>
      <trkpt lat="40.792786" lon="-73.961395">
        <ele>25.8</ele>
        <time>2026-06-16T22:16:37.000Z</time>
      </trkpt>
      <trkpt lat="40.792776" lon="-73.961394">
        <ele>25.8</ele>
        <time>2026-06-16T22:16:38.000Z</time>
      </trkpt>
      <trkpt lat="40.792766" lon="-73.961392">
        <ele>25.8</ele>
        <time>2026-06-16T22:16:39.000Z</time>
      </trkpt>
      <trkpt lat="40.792756" lon="-73.96139">
        <ele>25.8</ele>
        <time>2026-06-16T22:16:40.000Z</time>
      </trkpt>
      <trkpt lat="40.792746" lon="-73.961389">
        <ele>25.8</ele>
        <time>2026-06-16T22:16:41.000Z</time>
      </trkpt>
      <trkpt lat="40.792736" lon="-73.961387">
        <ele>25.8</ele>
        <time>2026-06-16T22:16:42.000Z</time>
      </trkpt>
      <trkpt lat="40.792726" lon="-73.961386">
        <ele>25.8</ele>
        <time>2026-06-16T22:16:43.000Z</time>
      </trkpt>
      <trkpt lat="40.792716" lon="-73.961386">
        <ele>25.8</ele>
        <time>2026-06-16T22:16:44.000Z</time>
      </trkpt>
      <trkpt lat="40.792705" lon="-73.961387">
        <ele>25.6</ele>
        <time>2026-06-16T22:16:45.000Z</time>
      </trkpt>
      <trkpt lat="40.792695" lon="-73.961387">
        <ele>25.6</ele>
        <time>2026-06-16T22:16:46.000Z</time>
      </trkpt>
      <trkpt lat="40.792685" lon="-73.961388">
        <ele>25.6</ele>
        <time>2026-06-16T22:16:47.000Z</time>
      </trkpt>
      <trkpt lat="40.792674" lon="-73.961389">
        <ele>25.6</ele>
        <time>2026-06-16T22:16:48.000Z</time>
      </trkpt>
      <trkpt lat="40.792664" lon="-73.96139">
        <ele>25.6</ele>
        <time>2026-06-16T22:16:49.000Z</time>
      </trkpt>
      <trkpt lat="40.792654" lon="-73.961391">
        <ele>25.6</ele>
        <time>2026-06-16T22:16:50.000Z</time>
      </trkpt>
      <trkpt lat="40.792643" lon="-73.961392">
        <ele>25.4</ele>
        <time>2026-06-16T22:16:51.000Z</time>
      </trkpt>
      <trkpt lat="40.792632" lon="-73.961392">
        <ele>25.4</ele>
        <time>2026-06-16T22:16:52.000Z</time>
      </trkpt>
      <trkpt lat="40.792622" lon="-73.961392">
        <ele>25.4</ele>
        <time>2026-06-16T22:16:53.000Z</time>
      </trkpt>
      <trkpt lat="40.792611" lon="-73.961392">
        <ele>25.4</ele>
        <time>2026-06-16T22:16:54.000Z</time>
      </trkpt>
      <trkpt lat="40.792599" lon="-73.961391">
        <ele>25.4</ele>
        <time>2026-06-16T22:16:55.000Z</time>
      </trkpt>
      <trkpt lat="40.792588" lon="-73.961391">
        <ele>25.4</ele>
        <time>2026-06-16T22:16:56.000Z</time>
      </trkpt>
      <trkpt lat="40.792577" lon="-73.961392">
        <ele>25.4</ele>
        <time>2026-06-16T22:16:57.000Z</time>
      </trkpt>
      <trkpt lat="40.792566" lon="-73.961394">
        <ele>25.4</ele>
        <time>2026-06-16T22:16:58.000Z</time>
      </trkpt>
      <trkpt lat="40.792555" lon="-73.961395">
        <ele>25.4</ele>
        <time>2026-06-16T22:16:59.000Z</time>
      </trkpt>
      <trkpt lat="40.792544" lon="-73.961396">
        <ele>25.4</ele>
        <time>2026-06-16T22:17:00.000Z</time>
      </trkpt>
      <trkpt lat="40.792532" lon="-73.961397">
        <ele>25.4</ele>
        <time>2026-06-16T22:17:01.000Z</time>
      </trkpt>
      <trkpt lat="40.792521" lon="-73.961398">
        <ele>25.4</ele>
        <time>2026-06-16T22:17:02.000Z</time>
      </trkpt>
      <trkpt lat="40.792509" lon="-73.961399">
        <ele>25.4</ele>
        <time>2026-06-16T22:17:03.000Z</time>
      </trkpt>
      <trkpt lat="40.792498" lon="-73.961402">
        <ele>25.4</ele>
        <time>2026-06-16T22:17:04.000Z</time>
      </trkpt>
      <trkpt lat="40.792488" lon="-73.961405">
        <ele>25.4</ele>
        <time>2026-06-16T22:17:05.000Z</time>
      </trkpt>
      <trkpt lat="40.792478" lon="-73.961408">
        <ele>25.4</ele>
        <time>2026-06-16T22:17:06.000Z</time>
      </trkpt>
      <trkpt lat="40.792467" lon="-73.961412">
        <ele>25.4</ele>
        <time>2026-06-16T22:17:07.000Z</time>
      </trkpt>
      <trkpt lat="40.792457" lon="-73.961416">
        <ele>25.4</ele>
        <time>2026-06-16T22:17:08.000Z</time>
      </trkpt>
      <trkpt lat="40.792447" lon="-73.961419">
        <ele>25.4</ele>
        <time>2026-06-16T22:17:09.000Z</time>
      </trkpt>
      <trkpt lat="40.792436" lon="-73.961421">
        <ele>25.4</ele>
        <time>2026-06-16T22:17:10.000Z</time>
      </trkpt>
      <trkpt lat="40.792427" lon="-73.961423">
        <ele>25.4</ele>
        <time>2026-06-16T22:17:11.000Z</time>
      </trkpt>
      <trkpt lat="40.792417" lon="-73.961425">
        <ele>25.4</ele>
        <time>2026-06-16T22:17:12.000Z</time>
      </trkpt>
      <trkpt lat="40.792407" lon="-73.961427">
        <ele>25.4</ele>
        <time>2026-06-16T22:17:13.000Z</time>
      </trkpt>
      <trkpt lat="40.792397" lon="-73.961429">
        <ele>25.6</ele>
        <time>2026-06-16T22:17:14.000Z</time>
      </trkpt>
      <trkpt lat="40.792387" lon="-73.961429">
        <ele>25.6</ele>
        <time>2026-06-16T22:17:15.000Z</time>
      </trkpt>
      <trkpt lat="40.792377" lon="-73.96143">
        <ele>25.6</ele>
        <time>2026-06-16T22:17:16.000Z</time>
      </trkpt>
      <trkpt lat="40.792367" lon="-73.96143">
        <ele>25.6</ele>
        <time>2026-06-16T22:17:17.000Z</time>
      </trkpt>
      <trkpt lat="40.792357" lon="-73.961429">
        <ele>25.6</ele>
        <time>2026-06-16T22:17:18.000Z</time>
      </trkpt>
      <trkpt lat="40.792346" lon="-73.961428">
        <ele>25.6</ele>
        <time>2026-06-16T22:17:19.000Z</time>
      </trkpt>
      <trkpt lat="40.792336" lon="-73.961427">
        <ele>25.8</ele>
        <time>2026-06-16T22:17:20.000Z</time>
      </trkpt>
      <trkpt lat="40.792327" lon="-73.961424">
        <ele>25.8</ele>
        <time>2026-06-16T22:17:21.000Z</time>
      </trkpt>
      <trkpt lat="40.792318" lon="-73.961422">
        <ele>25.8</ele>
        <time>2026-06-16T22:17:22.000Z</time>
      </trkpt>
      <trkpt lat="40.792309" lon="-73.961419">
        <ele>26</ele>
        <time>2026-06-16T22:17:23.000Z</time>
      </trkpt>
      <trkpt lat="40.7923" lon="-73.961416">
        <ele>26</ele>
        <time>2026-06-16T22:17:24.000Z</time>
      </trkpt>
      <trkpt lat="40.792291" lon="-73.961412">
        <ele>26</ele>
        <time>2026-06-16T22:17:25.000Z</time>
      </trkpt>
      <trkpt lat="40.792281" lon="-73.961409">
        <ele>26</ele>
        <time>2026-06-16T22:17:26.000Z</time>
      </trkpt>
      <trkpt lat="40.792271" lon="-73.961406">
        <ele>26.2</ele>
        <time>2026-06-16T22:17:27.000Z</time>
      </trkpt>
      <trkpt lat="40.792262" lon="-73.961403">
        <ele>26.2</ele>
        <time>2026-06-16T22:17:28.000Z</time>
      </trkpt>
      <trkpt lat="40.792253" lon="-73.961399">
        <ele>26.2</ele>
        <time>2026-06-16T22:17:29.000Z</time>
      </trkpt>
      <trkpt lat="40.792243" lon="-73.961396">
        <ele>26.2</ele>
        <time>2026-06-16T22:17:30.000Z</time>
      </trkpt>
      <trkpt lat="40.792233" lon="-73.961393">
        <ele>26.2</ele>
        <time>2026-06-16T22:17:31.000Z</time>
      </trkpt>
      <trkpt lat="40.792224" lon="-73.961392">
        <ele>26.2</ele>
        <time>2026-06-16T22:17:32.000Z</time>
      </trkpt>
      <trkpt lat="40.792213" lon="-73.96139">
        <ele>26.2</ele>
        <time>2026-06-16T22:17:33.000Z</time>
      </trkpt>
      <trkpt lat="40.792203" lon="-73.961389">
        <ele>26.2</ele>
        <time>2026-06-16T22:17:34.000Z</time>
      </trkpt>
      <trkpt lat="40.792193" lon="-73.961388">
        <ele>26.2</ele>
        <time>2026-06-16T22:17:35.000Z</time>
      </trkpt>
      <trkpt lat="40.792184" lon="-73.961387">
        <ele>26.2</ele>
        <time>2026-06-16T22:17:36.000Z</time>
      </trkpt>
      <trkpt lat="40.792174" lon="-73.961387">
        <ele>26.2</ele>
        <time>2026-06-16T22:17:37.000Z</time>
      </trkpt>
      <trkpt lat="40.792164" lon="-73.961385">
        <ele>26.2</ele>
        <time>2026-06-16T22:17:38.000Z</time>
      </trkpt>
      <trkpt lat="40.792154" lon="-73.961382">
        <ele>26.2</ele>
        <time>2026-06-16T22:17:39.000Z</time>
      </trkpt>
      <trkpt lat="40.792144" lon="-73.96138">
        <ele>26.2</ele>
        <time>2026-06-16T22:17:40.000Z</time>
      </trkpt>
      <trkpt lat="40.792135" lon="-73.961377">
        <ele>26.2</ele>
        <time>2026-06-16T22:17:41.000Z</time>
      </trkpt>
      <trkpt lat="40.792127" lon="-73.961374">
        <ele>26.2</ele>
        <time>2026-06-16T22:17:42.000Z</time>
      </trkpt>
      <trkpt lat="40.792119" lon="-73.96137">
        <ele>26.2</ele>
        <time>2026-06-16T22:17:43.000Z</time>
      </trkpt>
      <trkpt lat="40.79211" lon="-73.961365">
        <ele>26.2</ele>
        <time>2026-06-16T22:17:44.000Z</time>
      </trkpt>
      <trkpt lat="40.792102" lon="-73.961358">
        <ele>26.2</ele>
        <time>2026-06-16T22:17:45.000Z</time>
      </trkpt>
      <trkpt lat="40.792093" lon="-73.96135">
        <ele>26.2</ele>
        <time>2026-06-16T22:17:46.000Z</time>
      </trkpt>
      <trkpt lat="40.792084" lon="-73.961343">
        <ele>26.2</ele>
        <time>2026-06-16T22:17:47.000Z</time>
      </trkpt>
      <trkpt lat="40.792075" lon="-73.961337">
        <ele>26</ele>
        <time>2026-06-16T22:17:48.000Z</time>
      </trkpt>
      <trkpt lat="40.792066" lon="-73.961332">
        <ele>26</ele>
        <time>2026-06-16T22:17:49.000Z</time>
      </trkpt>
      <trkpt lat="40.792058" lon="-73.961326">
        <ele>26</ele>
        <time>2026-06-16T22:17:50.000Z</time>
      </trkpt>
      <trkpt lat="40.792049" lon="-73.96132">
        <ele>26</ele>
        <time>2026-06-16T22:17:51.000Z</time>
      </trkpt>
      <trkpt lat="40.792041" lon="-73.961315">
        <ele>26</ele>
        <time>2026-06-16T22:17:52.000Z</time>
      </trkpt>
      <trkpt lat="40.792032" lon="-73.961308">
        <ele>26</ele>
        <time>2026-06-16T22:17:53.000Z</time>
      </trkpt>
      <trkpt lat="40.792023" lon="-73.961302">
        <ele>26</ele>
        <time>2026-06-16T22:17:54.000Z</time>
      </trkpt>
      <trkpt lat="40.792014" lon="-73.961295">
        <ele>26</ele>
        <time>2026-06-16T22:17:55.000Z</time>
      </trkpt>
      <trkpt lat="40.792004" lon="-73.961288">
        <ele>26</ele>
        <time>2026-06-16T22:17:56.000Z</time>
      </trkpt>
      <trkpt lat="40.791987" lon="-73.961278">
        <ele>26.2</ele>
        <time>2026-06-16T22:17:57.000Z</time>
      </trkpt>
      <trkpt lat="40.791981" lon="-73.961274">
        <ele>26.2</ele>
        <time>2026-06-16T22:17:58.000Z</time>
      </trkpt>
      <trkpt lat="40.791974" lon="-73.96127">
        <ele>26.2</ele>
        <time>2026-06-16T22:17:59.000Z</time>
      </trkpt>
      <trkpt lat="40.791965" lon="-73.961264">
        <ele>26.2</ele>
        <time>2026-06-16T22:18:00.000Z</time>
      </trkpt>
      <trkpt lat="40.791955" lon="-73.961259">
        <ele>26.2</ele>
        <time>2026-06-16T22:18:01.000Z</time>
      </trkpt>
      <trkpt lat="40.791946" lon="-73.961254">
        <ele>26.2</ele>
        <time>2026-06-16T22:18:02.000Z</time>
      </trkpt>
      <trkpt lat="40.791937" lon="-73.961247">
        <ele>26.2</ele>
        <time>2026-06-16T22:18:03.000Z</time>
      </trkpt>
      <trkpt lat="40.791928" lon="-73.961239">
        <ele>26.2</ele>
        <time>2026-06-16T22:18:04.000Z</time>
      </trkpt>
      <trkpt lat="40.79192" lon="-73.961231">
        <ele>26.2</ele>
        <time>2026-06-16T22:18:05.000Z</time>
      </trkpt>
      <trkpt lat="40.791912" lon="-73.961222">
        <ele>26.2</ele>
        <time>2026-06-16T22:18:06.000Z</time>
      </trkpt>
      <trkpt lat="40.791903" lon="-73.961213">
        <ele>26.2</ele>
        <time>2026-06-16T22:18:07.000Z</time>
      </trkpt>
      <trkpt lat="40.791895" lon="-73.961204">
        <ele>26.2</ele>
        <time>2026-06-16T22:18:08.000Z</time>
      </trkpt>
      <trkpt lat="40.791886" lon="-73.961196">
        <ele>26.2</ele>
        <time>2026-06-16T22:18:09.000Z</time>
      </trkpt>
      <trkpt lat="40.791877" lon="-73.961188">
        <ele>26.2</ele>
        <time>2026-06-16T22:18:10.000Z</time>
      </trkpt>
      <trkpt lat="40.791869" lon="-73.96118">
        <ele>26.2</ele>
        <time>2026-06-16T22:18:11.000Z</time>
      </trkpt>
      <trkpt lat="40.79186" lon="-73.961173">
        <ele>26.2</ele>
        <time>2026-06-16T22:18:12.000Z</time>
      </trkpt>
      <trkpt lat="40.791852" lon="-73.961166">
        <ele>26.2</ele>
        <time>2026-06-16T22:18:13.000Z</time>
      </trkpt>
      <trkpt lat="40.791844" lon="-73.961159">
        <ele>26.2</ele>
        <time>2026-06-16T22:18:14.000Z</time>
      </trkpt>
      <trkpt lat="40.791835" lon="-73.961153">
        <ele>26.2</ele>
        <time>2026-06-16T22:18:15.000Z</time>
      </trkpt>
      <trkpt lat="40.791826" lon="-73.961146">
        <ele>26.2</ele>
        <time>2026-06-16T22:18:16.000Z</time>
      </trkpt>
      <trkpt lat="40.791817" lon="-73.96114">
        <ele>26.2</ele>
        <time>2026-06-16T22:18:17.000Z</time>
      </trkpt>
      <trkpt lat="40.791808" lon="-73.961133">
        <ele>26.2</ele>
        <time>2026-06-16T22:18:18.000Z</time>
      </trkpt>
      <trkpt lat="40.791799" lon="-73.961127">
        <ele>26.2</ele>
        <time>2026-06-16T22:18:19.000Z</time>
      </trkpt>
      <trkpt lat="40.791789" lon="-73.96112">
        <ele>26.2</ele>
        <time>2026-06-16T22:18:20.000Z</time>
      </trkpt>
      <trkpt lat="40.79178" lon="-73.961114">
        <ele>26.2</ele>
        <time>2026-06-16T22:18:21.000Z</time>
      </trkpt>
      <trkpt lat="40.791771" lon="-73.961108">
        <ele>26.2</ele>
        <time>2026-06-16T22:18:22.000Z</time>
      </trkpt>
      <trkpt lat="40.791762" lon="-73.961102">
        <ele>26.2</ele>
        <time>2026-06-16T22:18:23.000Z</time>
      </trkpt>
      <trkpt lat="40.791752" lon="-73.961096">
        <ele>26.2</ele>
        <time>2026-06-16T22:18:24.000Z</time>
      </trkpt>
      <trkpt lat="40.791743" lon="-73.961089">
        <ele>26.2</ele>
        <time>2026-06-16T22:18:25.000Z</time>
      </trkpt>
      <trkpt lat="40.791734" lon="-73.961083">
        <ele>26.2</ele>
        <time>2026-06-16T22:18:26.000Z</time>
      </trkpt>
      <trkpt lat="40.791725" lon="-73.961079">
        <ele>26.4</ele>
        <time>2026-06-16T22:18:27.000Z</time>
      </trkpt>
      <trkpt lat="40.791715" lon="-73.961073">
        <ele>26.4</ele>
        <time>2026-06-16T22:18:28.000Z</time>
      </trkpt>
      <trkpt lat="40.791705" lon="-73.961067">
        <ele>26.4</ele>
        <time>2026-06-16T22:18:29.000Z</time>
      </trkpt>
      <trkpt lat="40.791695" lon="-73.961061">
        <ele>26.4</ele>
        <time>2026-06-16T22:18:30.000Z</time>
      </trkpt>
      <trkpt lat="40.791684" lon="-73.961055">
        <ele>26.4</ele>
        <time>2026-06-16T22:18:31.000Z</time>
      </trkpt>
      <trkpt lat="40.791675" lon="-73.96105">
        <ele>26.4</ele>
        <time>2026-06-16T22:18:32.000Z</time>
      </trkpt>
      <trkpt lat="40.791666" lon="-73.961045">
        <ele>26.6</ele>
        <time>2026-06-16T22:18:33.000Z</time>
      </trkpt>
      <trkpt lat="40.791657" lon="-73.961041">
        <ele>26.6</ele>
        <time>2026-06-16T22:18:34.000Z</time>
      </trkpt>
      <trkpt lat="40.791648" lon="-73.961036">
        <ele>26.6</ele>
        <time>2026-06-16T22:18:35.000Z</time>
      </trkpt>
      <trkpt lat="40.791639" lon="-73.961032">
        <ele>26.6</ele>
        <time>2026-06-16T22:18:36.000Z</time>
      </trkpt>
      <trkpt lat="40.791631" lon="-73.961027">
        <ele>26.6</ele>
        <time>2026-06-16T22:18:37.000Z</time>
      </trkpt>
      <trkpt lat="40.791622" lon="-73.961023">
        <ele>26.6</ele>
        <time>2026-06-16T22:18:38.000Z</time>
      </trkpt>
      <trkpt lat="40.791613" lon="-73.961018">
        <ele>26.6</ele>
        <time>2026-06-16T22:18:39.000Z</time>
      </trkpt>
      <trkpt lat="40.791604" lon="-73.961014">
        <ele>26.6</ele>
        <time>2026-06-16T22:18:40.000Z</time>
      </trkpt>
      <trkpt lat="40.791594" lon="-73.961009">
        <ele>26.8</ele>
        <time>2026-06-16T22:18:41.000Z</time>
      </trkpt>
      <trkpt lat="40.791584" lon="-73.961003">
        <ele>26.8</ele>
        <time>2026-06-16T22:18:42.000Z</time>
      </trkpt>
      <trkpt lat="40.791574" lon="-73.960998">
        <ele>26.8</ele>
        <time>2026-06-16T22:18:43.000Z</time>
      </trkpt>
      <trkpt lat="40.791564" lon="-73.960993">
        <ele>26.8</ele>
        <time>2026-06-16T22:18:44.000Z</time>
      </trkpt>
      <trkpt lat="40.791554" lon="-73.960988">
        <ele>26.8</ele>
        <time>2026-06-16T22:18:45.000Z</time>
      </trkpt>
      <trkpt lat="40.791544" lon="-73.960984">
        <ele>26.8</ele>
        <time>2026-06-16T22:18:46.000Z</time>
      </trkpt>
      <trkpt lat="40.791533" lon="-73.960978">
        <ele>26.8</ele>
        <time>2026-06-16T22:18:47.000Z</time>
      </trkpt>
      <trkpt lat="40.791523" lon="-73.960973">
        <ele>26.8</ele>
        <time>2026-06-16T22:18:48.000Z</time>
      </trkpt>
      <trkpt lat="40.791513" lon="-73.960969">
        <ele>26.8</ele>
        <time>2026-06-16T22:18:49.000Z</time>
      </trkpt>
      <trkpt lat="40.791502" lon="-73.960964">
        <ele>26.8</ele>
        <time>2026-06-16T22:18:50.000Z</time>
      </trkpt>
      <trkpt lat="40.791492" lon="-73.960959">
        <ele>26.8</ele>
        <time>2026-06-16T22:18:51.000Z</time>
      </trkpt>
      <trkpt lat="40.791482" lon="-73.960954">
        <ele>26.8</ele>
        <time>2026-06-16T22:18:52.000Z</time>
      </trkpt>
      <trkpt lat="40.791472" lon="-73.96095">
        <ele>27</ele>
        <time>2026-06-16T22:18:53.000Z</time>
      </trkpt>
      <trkpt lat="40.791462" lon="-73.960946">
        <ele>27</ele>
        <time>2026-06-16T22:18:54.000Z</time>
      </trkpt>
      <trkpt lat="40.791452" lon="-73.960942">
        <ele>27</ele>
        <time>2026-06-16T22:18:55.000Z</time>
      </trkpt>
      <trkpt lat="40.791443" lon="-73.960938">
        <ele>27</ele>
        <time>2026-06-16T22:18:56.000Z</time>
      </trkpt>
      <trkpt lat="40.791433" lon="-73.960934">
        <ele>27</ele>
        <time>2026-06-16T22:18:57.000Z</time>
      </trkpt>
      <trkpt lat="40.791424" lon="-73.96093">
        <ele>27</ele>
        <time>2026-06-16T22:18:58.000Z</time>
      </trkpt>
      <trkpt lat="40.791415" lon="-73.960926">
        <ele>27.2</ele>
        <time>2026-06-16T22:18:59.000Z</time>
      </trkpt>
      <trkpt lat="40.791405" lon="-73.960922">
        <ele>27.2</ele>
        <time>2026-06-16T22:19:00.000Z</time>
      </trkpt>
      <trkpt lat="40.791395" lon="-73.960919">
        <ele>27.2</ele>
        <time>2026-06-16T22:19:01.000Z</time>
      </trkpt>
      <trkpt lat="40.791385" lon="-73.960915">
        <ele>27.2</ele>
        <time>2026-06-16T22:19:02.000Z</time>
      </trkpt>
      <trkpt lat="40.791375" lon="-73.960912">
        <ele>27.2</ele>
        <time>2026-06-16T22:19:03.000Z</time>
      </trkpt>
      <trkpt lat="40.791365" lon="-73.960909">
        <ele>27.2</ele>
        <time>2026-06-16T22:19:04.000Z</time>
      </trkpt>
      <trkpt lat="40.791354" lon="-73.960905">
        <ele>27.2</ele>
        <time>2026-06-16T22:19:05.000Z</time>
      </trkpt>
      <trkpt lat="40.791344" lon="-73.960902">
        <ele>27.2</ele>
        <time>2026-06-16T22:19:06.000Z</time>
      </trkpt>
      <trkpt lat="40.791334" lon="-73.9609">
        <ele>27.4</ele>
        <time>2026-06-16T22:19:07.000Z</time>
      </trkpt>
      <trkpt lat="40.791324" lon="-73.960898">
        <ele>27.4</ele>
        <time>2026-06-16T22:19:08.000Z</time>
      </trkpt>
      <trkpt lat="40.791314" lon="-73.960895">
        <ele>27.4</ele>
        <time>2026-06-16T22:19:09.000Z</time>
      </trkpt>
      <trkpt lat="40.791304" lon="-73.960893">
        <ele>27.4</ele>
        <time>2026-06-16T22:19:10.000Z</time>
      </trkpt>
      <trkpt lat="40.791294" lon="-73.960891">
        <ele>27.4</ele>
        <time>2026-06-16T22:19:11.000Z</time>
      </trkpt>
      <trkpt lat="40.791285" lon="-73.960889">
        <ele>27.4</ele>
        <time>2026-06-16T22:19:12.000Z</time>
      </trkpt>
      <trkpt lat="40.791276" lon="-73.960887">
        <ele>27.6</ele>
        <time>2026-06-16T22:19:13.000Z</time>
      </trkpt>
      <trkpt lat="40.791267" lon="-73.960885">
        <ele>27.6</ele>
        <time>2026-06-16T22:19:14.000Z</time>
      </trkpt>
      <trkpt lat="40.791259" lon="-73.960884">
        <ele>27.6</ele>
        <time>2026-06-16T22:19:15.000Z</time>
      </trkpt>
      <trkpt lat="40.791252" lon="-73.960882">
        <ele>27.6</ele>
        <time>2026-06-16T22:19:16.000Z</time>
      </trkpt>
      <trkpt lat="40.791246" lon="-73.960881">
        <ele>27.6</ele>
        <time>2026-06-16T22:19:17.000Z</time>
      </trkpt>
      <trkpt lat="40.79124" lon="-73.960881">
        <ele>27.8</ele>
        <time>2026-06-16T22:19:18.000Z</time>
      </trkpt>
      <trkpt lat="40.791234" lon="-73.96088">
        <ele>27.8</ele>
        <time>2026-06-16T22:19:19.000Z</time>
      </trkpt>
      <trkpt lat="40.791228" lon="-73.96088">
        <ele>27.8</ele>
        <time>2026-06-16T22:19:20.000Z</time>
      </trkpt>
      <trkpt lat="40.791222" lon="-73.960879">
        <ele>27.8</ele>
        <time>2026-06-16T22:19:21.000Z</time>
      </trkpt>
      <trkpt lat="40.791216" lon="-73.960878">
        <ele>27.8</ele>
        <time>2026-06-16T22:19:22.000Z</time>
      </trkpt>
      <trkpt lat="40.79121" lon="-73.960876">
        <ele>27.8</ele>
        <time>2026-06-16T22:19:23.000Z</time>
      </trkpt>
      <trkpt lat="40.791206" lon="-73.960871">
        <ele>28</ele>
        <time>2026-06-16T22:19:24.000Z</time>
      </trkpt>
      <trkpt lat="40.791203" lon="-73.960866">
        <ele>28</ele>
        <time>2026-06-16T22:19:25.000Z</time>
      </trkpt>
      <trkpt lat="40.791202" lon="-73.960861">
        <ele>28</ele>
        <time>2026-06-16T22:19:26.000Z</time>
      </trkpt>
      <trkpt lat="40.791202" lon="-73.960854">
        <ele>28</ele>
        <time>2026-06-16T22:19:27.000Z</time>
      </trkpt>
      <trkpt lat="40.791203" lon="-73.960845">
        <ele>28</ele>
        <time>2026-06-16T22:19:28.000Z</time>
      </trkpt>
      <trkpt lat="40.791208" lon="-73.960831">
        <ele>28</ele>
        <time>2026-06-16T22:19:29.000Z</time>
      </trkpt>
      <trkpt lat="40.791213" lon="-73.960816">
        <ele>28</ele>
        <time>2026-06-16T22:19:30.000Z</time>
      </trkpt>
      <trkpt lat="40.791218" lon="-73.960798">
        <ele>28</ele>
        <time>2026-06-16T22:19:31.000Z</time>
      </trkpt>
      <trkpt lat="40.791222" lon="-73.960778">
        <ele>28</ele>
        <time>2026-06-16T22:19:32.000Z</time>
      </trkpt>
      <trkpt lat="40.791226" lon="-73.960757">
        <ele>28</ele>
        <time>2026-06-16T22:19:33.000Z</time>
      </trkpt>
      <trkpt lat="40.791228" lon="-73.960735">
        <ele>28</ele>
        <time>2026-06-16T22:19:34.000Z</time>
      </trkpt>
      <trkpt lat="40.791231" lon="-73.960713">
        <ele>28</ele>
        <time>2026-06-16T22:19:35.000Z</time>
      </trkpt>
      <trkpt lat="40.791232" lon="-73.960691">
        <ele>28</ele>
        <time>2026-06-16T22:19:36.000Z</time>
      </trkpt>
      <trkpt lat="40.791234" lon="-73.960671">
        <ele>28</ele>
        <time>2026-06-16T22:19:37.000Z</time>
      </trkpt>
      <trkpt lat="40.791235" lon="-73.960651">
        <ele>28</ele>
        <time>2026-06-16T22:19:38.000Z</time>
      </trkpt>
      <trkpt lat="40.791236" lon="-73.960633">
        <ele>28</ele>
        <time>2026-06-16T22:19:39.000Z</time>
      </trkpt>
      <trkpt lat="40.791237" lon="-73.960615">
        <ele>28</ele>
        <time>2026-06-16T22:19:40.000Z</time>
      </trkpt>
      <trkpt lat="40.791237" lon="-73.960599">
        <ele>28</ele>
        <time>2026-06-16T22:19:41.000Z</time>
      </trkpt>
      <trkpt lat="40.791238" lon="-73.960583">
        <ele>28</ele>
        <time>2026-06-16T22:19:42.000Z</time>
      </trkpt>
      <trkpt lat="40.791239" lon="-73.960567">
        <ele>28</ele>
        <time>2026-06-16T22:19:43.000Z</time>
      </trkpt>
      <trkpt lat="40.79124" lon="-73.960552">
        <ele>28</ele>
        <time>2026-06-16T22:19:44.000Z</time>
      </trkpt>
      <trkpt lat="40.791241" lon="-73.960538">
        <ele>28</ele>
        <time>2026-06-16T22:19:45.000Z</time>
      </trkpt>
      <trkpt lat="40.791242" lon="-73.960524">
        <ele>28</ele>
        <time>2026-06-16T22:19:46.000Z</time>
      </trkpt>
      <trkpt lat="40.791244" lon="-73.96051">
        <ele>28</ele>
        <time>2026-06-16T22:19:47.000Z</time>
      </trkpt>
      <trkpt lat="40.791247" lon="-73.960496">
        <ele>28</ele>
        <time>2026-06-16T22:19:48.000Z</time>
      </trkpt>
      <trkpt lat="40.79125" lon="-73.960483">
        <ele>28</ele>
        <time>2026-06-16T22:19:49.000Z</time>
      </trkpt>
      <trkpt lat="40.791254" lon="-73.960469">
        <ele>28</ele>
        <time>2026-06-16T22:19:50.000Z</time>
      </trkpt>
      <trkpt lat="40.791258" lon="-73.960457">
        <ele>28</ele>
        <time>2026-06-16T22:19:51.000Z</time>
      </trkpt>
      <trkpt lat="40.791262" lon="-73.960444">
        <ele>28</ele>
        <time>2026-06-16T22:19:52.000Z</time>
      </trkpt>
      <trkpt lat="40.791267" lon="-73.960432">
        <ele>28</ele>
        <time>2026-06-16T22:19:53.000Z</time>
      </trkpt>
      <trkpt lat="40.791272" lon="-73.96042">
        <ele>28</ele>
        <time>2026-06-16T22:19:54.000Z</time>
      </trkpt>
      <trkpt lat="40.791277" lon="-73.960408">
        <ele>28</ele>
        <time>2026-06-16T22:19:55.000Z</time>
      </trkpt>
      <trkpt lat="40.791283" lon="-73.960396">
        <ele>28</ele>
        <time>2026-06-16T22:19:56.000Z</time>
      </trkpt>
      <trkpt lat="40.791289" lon="-73.960383">
        <ele>28</ele>
        <time>2026-06-16T22:19:57.000Z</time>
      </trkpt>
      <trkpt lat="40.791296" lon="-73.960371">
        <ele>28</ele>
        <time>2026-06-16T22:19:58.000Z</time>
      </trkpt>
      <trkpt lat="40.791303" lon="-73.960359">
        <ele>28</ele>
        <time>2026-06-16T22:19:59.000Z</time>
      </trkpt>
      <trkpt lat="40.79131" lon="-73.960347">
        <ele>28</ele>
        <time>2026-06-16T22:20:00.000Z</time>
      </trkpt>
      <trkpt lat="40.791317" lon="-73.960337">
        <ele>28</ele>
        <time>2026-06-16T22:20:01.000Z</time>
      </trkpt>
      <trkpt lat="40.791324" lon="-73.960326">
        <ele>28</ele>
        <time>2026-06-16T22:20:02.000Z</time>
      </trkpt>
      <trkpt lat="40.791332" lon="-73.960317">
        <ele>28</ele>
        <time>2026-06-16T22:20:03.000Z</time>
      </trkpt>
      <trkpt lat="40.791339" lon="-73.960307">
        <ele>28</ele>
        <time>2026-06-16T22:20:04.000Z</time>
      </trkpt>
      <trkpt lat="40.791346" lon="-73.960297">
        <ele>28</ele>
        <time>2026-06-16T22:20:05.000Z</time>
      </trkpt>
      <trkpt lat="40.791354" lon="-73.960287">
        <ele>28.2</ele>
        <time>2026-06-16T22:20:06.000Z</time>
      </trkpt>
      <trkpt lat="40.791363" lon="-73.960277">
        <ele>28.2</ele>
        <time>2026-06-16T22:20:07.000Z</time>
      </trkpt>
      <trkpt lat="40.791371" lon="-73.960267">
        <ele>28.2</ele>
        <time>2026-06-16T22:20:08.000Z</time>
      </trkpt>
      <trkpt lat="40.79138" lon="-73.960258">
        <ele>28.2</ele>
        <time>2026-06-16T22:20:09.000Z</time>
      </trkpt>
      <trkpt lat="40.791388" lon="-73.960249">
        <ele>28.4</ele>
        <time>2026-06-16T22:20:10.000Z</time>
      </trkpt>
      <trkpt lat="40.791396" lon="-73.96024">
        <ele>28.4</ele>
        <time>2026-06-16T22:20:11.000Z</time>
      </trkpt>
      <trkpt lat="40.791404" lon="-73.960232">
        <ele>28.4</ele>
        <time>2026-06-16T22:20:12.000Z</time>
      </trkpt>
      <trkpt lat="40.791412" lon="-73.960223">
        <ele>28.4</ele>
        <time>2026-06-16T22:20:13.000Z</time>
      </trkpt>
      <trkpt lat="40.79142" lon="-73.960215">
        <ele>28.4</ele>
        <time>2026-06-16T22:20:14.000Z</time>
      </trkpt>
      <trkpt lat="40.791428" lon="-73.960207">
        <ele>28.6</ele>
        <time>2026-06-16T22:20:15.000Z</time>
      </trkpt>
      <trkpt lat="40.791435" lon="-73.960199">
        <ele>28.6</ele>
        <time>2026-06-16T22:20:16.000Z</time>
      </trkpt>
      <trkpt lat="40.791443" lon="-73.960191">
        <ele>28.6</ele>
        <time>2026-06-16T22:20:17.000Z</time>
      </trkpt>
      <trkpt lat="40.79145" lon="-73.960184">
        <ele>28.6</ele>
        <time>2026-06-16T22:20:18.000Z</time>
      </trkpt>
      <trkpt lat="40.791458" lon="-73.960176">
        <ele>28.6</ele>
        <time>2026-06-16T22:20:19.000Z</time>
      </trkpt>
      <trkpt lat="40.791465" lon="-73.960169">
        <ele>28.6</ele>
        <time>2026-06-16T22:20:20.000Z</time>
      </trkpt>
      <trkpt lat="40.791473" lon="-73.960161">
        <ele>28.6</ele>
        <time>2026-06-16T22:20:21.000Z</time>
      </trkpt>
      <trkpt lat="40.791481" lon="-73.960153">
        <ele>28.6</ele>
        <time>2026-06-16T22:20:22.000Z</time>
      </trkpt>
      <trkpt lat="40.79149" lon="-73.960145">
        <ele>28.6</ele>
        <time>2026-06-16T22:20:23.000Z</time>
      </trkpt>
      <trkpt lat="40.791498" lon="-73.960136">
        <ele>28.6</ele>
        <time>2026-06-16T22:20:24.000Z</time>
      </trkpt>
      <trkpt lat="40.791506" lon="-73.960128">
        <ele>28.6</ele>
        <time>2026-06-16T22:20:25.000Z</time>
      </trkpt>
      <trkpt lat="40.791514" lon="-73.96012">
        <ele>28.6</ele>
        <time>2026-06-16T22:20:26.000Z</time>
      </trkpt>
      <trkpt lat="40.791521" lon="-73.960112">
        <ele>28.6</ele>
        <time>2026-06-16T22:20:27.000Z</time>
      </trkpt>
      <trkpt lat="40.791527" lon="-73.960104">
        <ele>28.6</ele>
        <time>2026-06-16T22:20:28.000Z</time>
      </trkpt>
      <trkpt lat="40.791534" lon="-73.960096">
        <ele>28.6</ele>
        <time>2026-06-16T22:20:29.000Z</time>
      </trkpt>
      <trkpt lat="40.79154" lon="-73.960087">
        <ele>28.6</ele>
        <time>2026-06-16T22:20:30.000Z</time>
      </trkpt>
      <trkpt lat="40.791547" lon="-73.960079">
        <ele>28.6</ele>
        <time>2026-06-16T22:20:31.000Z</time>
      </trkpt>
      <trkpt lat="40.791554" lon="-73.960069">
        <ele>28.6</ele>
        <time>2026-06-16T22:20:32.000Z</time>
      </trkpt>
      <trkpt lat="40.791561" lon="-73.96006">
        <ele>28.6</ele>
        <time>2026-06-16T22:20:33.000Z</time>
      </trkpt>
      <trkpt lat="40.791576" lon="-73.960044">
        <ele>28.6</ele>
        <time>2026-06-16T22:20:34.000Z</time>
      </trkpt>
      <trkpt lat="40.791582" lon="-73.960038">
        <ele>28.6</ele>
        <time>2026-06-16T22:20:35.000Z</time>
      </trkpt>
      <trkpt lat="40.791588" lon="-73.960032">
        <ele>28.6</ele>
        <time>2026-06-16T22:20:36.000Z</time>
      </trkpt>
      <trkpt lat="40.791597" lon="-73.960022">
        <ele>28.6</ele>
        <time>2026-06-16T22:20:37.000Z</time>
      </trkpt>
      <trkpt lat="40.791605" lon="-73.960011">
        <ele>28.6</ele>
        <time>2026-06-16T22:20:38.000Z</time>
      </trkpt>
      <trkpt lat="40.791611" lon="-73.959999">
        <ele>28.6</ele>
        <time>2026-06-16T22:20:39.000Z</time>
      </trkpt>
      <trkpt lat="40.791616" lon="-73.959986">
        <ele>28.6</ele>
        <time>2026-06-16T22:20:40.000Z</time>
      </trkpt>
      <trkpt lat="40.791622" lon="-73.959973">
        <ele>28.6</ele>
        <time>2026-06-16T22:20:41.000Z</time>
      </trkpt>
      <trkpt lat="40.791631" lon="-73.959952">
        <ele>28.6</ele>
        <time>2026-06-16T22:20:42.000Z</time>
      </trkpt>
      <trkpt lat="40.791634" lon="-73.959945">
        <ele>28.6</ele>
        <time>2026-06-16T22:20:43.000Z</time>
      </trkpt>
      <trkpt lat="40.79164" lon="-73.959931">
        <ele>28.8</ele>
        <time>2026-06-16T22:20:44.000Z</time>
      </trkpt>
      <trkpt lat="40.791646" lon="-73.959917">
        <ele>28.8</ele>
        <time>2026-06-16T22:20:45.000Z</time>
      </trkpt>
      <trkpt lat="40.791652" lon="-73.959904">
        <ele>28.8</ele>
        <time>2026-06-16T22:20:46.000Z</time>
      </trkpt>
      <trkpt lat="40.791657" lon="-73.95989">
        <ele>28.8</ele>
        <time>2026-06-16T22:20:47.000Z</time>
      </trkpt>
      <trkpt lat="40.791661" lon="-73.959878">
        <ele>29</ele>
        <time>2026-06-16T22:20:48.000Z</time>
      </trkpt>
      <trkpt lat="40.791665" lon="-73.959865">
        <ele>29</ele>
        <time>2026-06-16T22:20:49.000Z</time>
      </trkpt>
      <trkpt lat="40.791668" lon="-73.959851">
        <ele>29</ele>
        <time>2026-06-16T22:20:50.000Z</time>
      </trkpt>
      <trkpt lat="40.79167" lon="-73.959837">
        <ele>29</ele>
        <time>2026-06-16T22:20:51.000Z</time>
      </trkpt>
      <trkpt lat="40.791673" lon="-73.959823">
        <ele>29.2</ele>
        <time>2026-06-16T22:20:52.000Z</time>
      </trkpt>
      <trkpt lat="40.791676" lon="-73.95981">
        <ele>29.2</ele>
        <time>2026-06-16T22:20:53.000Z</time>
      </trkpt>
      <trkpt lat="40.791678" lon="-73.959796">
        <ele>29.2</ele>
        <time>2026-06-16T22:20:54.000Z</time>
      </trkpt>
      <trkpt lat="40.79168" lon="-73.959782">
        <ele>29.2</ele>
        <time>2026-06-16T22:20:55.000Z</time>
      </trkpt>
      <trkpt lat="40.791682" lon="-73.959769">
        <ele>29.4</ele>
        <time>2026-06-16T22:20:56.000Z</time>
      </trkpt>
      <trkpt lat="40.791684" lon="-73.959755">
        <ele>29.4</ele>
        <time>2026-06-16T22:20:57.000Z</time>
      </trkpt>
      <trkpt lat="40.791685" lon="-73.959741">
        <ele>29.4</ele>
        <time>2026-06-16T22:20:58.000Z</time>
      </trkpt>
      <trkpt lat="40.791686" lon="-73.959727">
        <ele>29.4</ele>
        <time>2026-06-16T22:20:59.000Z</time>
      </trkpt>
      <trkpt lat="40.791687" lon="-73.959713">
        <ele>29.4</ele>
        <time>2026-06-16T22:21:00.000Z</time>
      </trkpt>
      <trkpt lat="40.791688" lon="-73.959699">
        <ele>29.4</ele>
        <time>2026-06-16T22:21:01.000Z</time>
      </trkpt>
      <trkpt lat="40.79169" lon="-73.959685">
        <ele>29.4</ele>
        <time>2026-06-16T22:21:02.000Z</time>
      </trkpt>
      <trkpt lat="40.791691" lon="-73.959672">
        <ele>29.4</ele>
        <time>2026-06-16T22:21:03.000Z</time>
      </trkpt>
      <trkpt lat="40.791692" lon="-73.959658">
        <ele>29.4</ele>
        <time>2026-06-16T22:21:04.000Z</time>
      </trkpt>
      <trkpt lat="40.791693" lon="-73.959644">
        <ele>29.4</ele>
        <time>2026-06-16T22:21:05.000Z</time>
      </trkpt>
      <trkpt lat="40.791694" lon="-73.95963">
        <ele>29.4</ele>
        <time>2026-06-16T22:21:06.000Z</time>
      </trkpt>
      <trkpt lat="40.791694" lon="-73.959615">
        <ele>29.4</ele>
        <time>2026-06-16T22:21:07.000Z</time>
      </trkpt>
      <trkpt lat="40.791694" lon="-73.959601">
        <ele>29.4</ele>
        <time>2026-06-16T22:21:08.000Z</time>
      </trkpt>
      <trkpt lat="40.791693" lon="-73.959588">
        <ele>29.4</ele>
        <time>2026-06-16T22:21:09.000Z</time>
      </trkpt>
      <trkpt lat="40.791692" lon="-73.959574">
        <ele>29.4</ele>
        <time>2026-06-16T22:21:10.000Z</time>
      </trkpt>
      <trkpt lat="40.79169" lon="-73.95956">
        <ele>29.4</ele>
        <time>2026-06-16T22:21:11.000Z</time>
      </trkpt>
      <trkpt lat="40.791687" lon="-73.959547">
        <ele>29.4</ele>
        <time>2026-06-16T22:21:12.000Z</time>
      </trkpt>
      <trkpt lat="40.791682" lon="-73.959535">
        <ele>29.2</ele>
        <time>2026-06-16T22:21:13.000Z</time>
      </trkpt>
      <trkpt lat="40.791674" lon="-73.959526">
        <ele>29.2</ele>
        <time>2026-06-16T22:21:14.000Z</time>
      </trkpt>
      <trkpt lat="40.791663" lon="-73.959522">
        <ele>29.2</ele>
        <time>2026-06-16T22:21:15.000Z</time>
      </trkpt>
      <trkpt lat="40.791651" lon="-73.959522">
        <ele>29.2</ele>
        <time>2026-06-16T22:21:16.000Z</time>
      </trkpt>
      <trkpt lat="40.791638" lon="-73.959524">
        <ele>29.2</ele>
        <time>2026-06-16T22:21:17.000Z</time>
      </trkpt>
      <trkpt lat="40.791624" lon="-73.959528">
        <ele>29.2</ele>
        <time>2026-06-16T22:21:18.000Z</time>
      </trkpt>
      <trkpt lat="40.79161" lon="-73.959532">
        <ele>29.2</ele>
        <time>2026-06-16T22:21:19.000Z</time>
      </trkpt>
      <trkpt lat="40.791597" lon="-73.959535">
        <ele>29.2</ele>
        <time>2026-06-16T22:21:20.000Z</time>
      </trkpt>
      <trkpt lat="40.791585" lon="-73.959538">
        <ele>29.2</ele>
        <time>2026-06-16T22:21:21.000Z</time>
      </trkpt>
      <trkpt lat="40.791573" lon="-73.95954">
        <ele>29.2</ele>
        <time>2026-06-16T22:21:22.000Z</time>
      </trkpt>
      <trkpt lat="40.791562" lon="-73.959542">
        <ele>29.4</ele>
        <time>2026-06-16T22:21:23.000Z</time>
      </trkpt>
      <trkpt lat="40.791551" lon="-73.959544">
        <ele>29.4</ele>
        <time>2026-06-16T22:21:24.000Z</time>
      </trkpt>
      <trkpt lat="40.79154" lon="-73.959545">
        <ele>29.4</ele>
        <time>2026-06-16T22:21:25.000Z</time>
      </trkpt>
      <trkpt lat="40.791528" lon="-73.959546">
        <ele>29.4</ele>
        <time>2026-06-16T22:21:26.000Z</time>
      </trkpt>
      <trkpt lat="40.791516" lon="-73.959547">
        <ele>29.4</ele>
        <time>2026-06-16T22:21:27.000Z</time>
      </trkpt>
      <trkpt lat="40.791506" lon="-73.959547">
        <ele>29.6</ele>
        <time>2026-06-16T22:21:28.000Z</time>
      </trkpt>
      <trkpt lat="40.791495" lon="-73.959548">
        <ele>29.6</ele>
        <time>2026-06-16T22:21:29.000Z</time>
      </trkpt>
      <trkpt lat="40.791485" lon="-73.959549">
        <ele>29.6</ele>
        <time>2026-06-16T22:21:30.000Z</time>
      </trkpt>
      <trkpt lat="40.791475" lon="-73.959551">
        <ele>29.6</ele>
        <time>2026-06-16T22:21:31.000Z</time>
      </trkpt>
      <trkpt lat="40.791464" lon="-73.959552">
        <ele>29.8</ele>
        <time>2026-06-16T22:21:32.000Z</time>
      </trkpt>
      <trkpt lat="40.791453" lon="-73.959554">
        <ele>29.8</ele>
        <time>2026-06-16T22:21:33.000Z</time>
      </trkpt>
      <trkpt lat="40.791443" lon="-73.959556">
        <ele>29.8</ele>
        <time>2026-06-16T22:21:34.000Z</time>
      </trkpt>
      <trkpt lat="40.791433" lon="-73.959558">
        <ele>29.8</ele>
        <time>2026-06-16T22:21:35.000Z</time>
      </trkpt>
      <trkpt lat="40.791423" lon="-73.959561">
        <ele>29.8</ele>
        <time>2026-06-16T22:21:36.000Z</time>
      </trkpt>
      <trkpt lat="40.791412" lon="-73.959563">
        <ele>29.8</ele>
        <time>2026-06-16T22:21:37.000Z</time>
      </trkpt>
      <trkpt lat="40.791401" lon="-73.959566">
        <ele>29.8</ele>
        <time>2026-06-16T22:21:38.000Z</time>
      </trkpt>
      <trkpt lat="40.79139" lon="-73.959569">
        <ele>29.8</ele>
        <time>2026-06-16T22:21:39.000Z</time>
      </trkpt>
      <trkpt lat="40.791379" lon="-73.959572">
        <ele>30</ele>
        <time>2026-06-16T22:21:40.000Z</time>
      </trkpt>
      <trkpt lat="40.791368" lon="-73.959575">
        <ele>30</ele>
        <time>2026-06-16T22:21:41.000Z</time>
      </trkpt>
      <trkpt lat="40.791357" lon="-73.959578">
        <ele>30</ele>
        <time>2026-06-16T22:21:42.000Z</time>
      </trkpt>
      <trkpt lat="40.791346" lon="-73.959581">
        <ele>30</ele>
        <time>2026-06-16T22:21:43.000Z</time>
      </trkpt>
      <trkpt lat="40.791335" lon="-73.959584">
        <ele>30</ele>
        <time>2026-06-16T22:21:44.000Z</time>
      </trkpt>
      <trkpt lat="40.791324" lon="-73.959587">
        <ele>30</ele>
        <time>2026-06-16T22:21:45.000Z</time>
      </trkpt>
      <trkpt lat="40.791315" lon="-73.959589">
        <ele>30</ele>
        <time>2026-06-16T22:21:46.000Z</time>
      </trkpt>
      <trkpt lat="40.791304" lon="-73.959591">
        <ele>30</ele>
        <time>2026-06-16T22:21:47.000Z</time>
      </trkpt>
      <trkpt lat="40.791293" lon="-73.959592">
        <ele>29.8</ele>
        <time>2026-06-16T22:21:48.000Z</time>
      </trkpt>
      <trkpt lat="40.791282" lon="-73.959593">
        <ele>29.8</ele>
        <time>2026-06-16T22:21:49.000Z</time>
      </trkpt>
      <trkpt lat="40.791271" lon="-73.959592">
        <ele>29.8</ele>
        <time>2026-06-16T22:21:50.000Z</time>
      </trkpt>
      <trkpt lat="40.791261" lon="-73.959591">
        <ele>29.8</ele>
        <time>2026-06-16T22:21:51.000Z</time>
      </trkpt>
      <trkpt lat="40.791252" lon="-73.95959">
        <ele>29.8</ele>
        <time>2026-06-16T22:21:52.000Z</time>
      </trkpt>
      <trkpt lat="40.791245" lon="-73.959588">
        <ele>29.8</ele>
        <time>2026-06-16T22:21:53.000Z</time>
      </trkpt>
      <trkpt lat="40.79124" lon="-73.959587">
        <ele>29.8</ele>
        <time>2026-06-16T22:21:54.000Z</time>
      </trkpt>
      <trkpt lat="40.791235" lon="-73.959585">
        <ele>29.8</ele>
        <time>2026-06-16T22:21:55.000Z</time>
      </trkpt>
      <trkpt lat="40.79123" lon="-73.959582">
        <ele>29.8</ele>
        <time>2026-06-16T22:21:56.000Z</time>
      </trkpt>
      <trkpt lat="40.791225" lon="-73.959579">
        <ele>29.8</ele>
        <time>2026-06-16T22:21:57.000Z</time>
      </trkpt>
      <trkpt lat="40.791219" lon="-73.959578">
        <ele>29.8</ele>
        <time>2026-06-16T22:21:58.000Z</time>
      </trkpt>
      <trkpt lat="40.791213" lon="-73.959578">
        <ele>29.8</ele>
        <time>2026-06-16T22:21:59.000Z</time>
      </trkpt>
      <trkpt lat="40.79121" lon="-73.959581">
        <ele>29.8</ele>
        <time>2026-06-16T22:22:00.000Z</time>
      </trkpt>
      <trkpt lat="40.791207" lon="-73.959585">
        <ele>29.8</ele>
        <time>2026-06-16T22:22:01.000Z</time>
      </trkpt>
      <trkpt lat="40.791205" lon="-73.95959">
        <ele>29.6</ele>
        <time>2026-06-16T22:22:02.000Z</time>
      </trkpt>
      <trkpt lat="40.791202" lon="-73.959594">
        <ele>29.6</ele>
        <time>2026-06-16T22:22:03.000Z</time>
      </trkpt>
      <trkpt lat="40.7912" lon="-73.959597">
        <ele>29.6</ele>
        <time>2026-06-16T22:22:04.000Z</time>
      </trkpt>
      <trkpt lat="40.7912" lon="-73.959598">
        <ele>29.6</ele>
        <time>2026-06-16T22:22:05.000Z</time>
      </trkpt>
      <trkpt lat="40.791201" lon="-73.959594">
        <ele>29.6</ele>
        <time>2026-06-16T22:22:06.000Z</time>
      </trkpt>
      <trkpt lat="40.791204" lon="-73.959588">
        <ele>29.6</ele>
        <time>2026-06-16T22:22:07.000Z</time>
      </trkpt>
      <trkpt lat="40.791207" lon="-73.959581">
        <ele>29.4</ele>
        <time>2026-06-16T22:22:08.000Z</time>
      </trkpt>
      <trkpt lat="40.791211" lon="-73.959575">
        <ele>29.4</ele>
        <time>2026-06-16T22:22:09.000Z</time>
      </trkpt>
      <trkpt lat="40.791214" lon="-73.95957">
        <ele>29.4</ele>
        <time>2026-06-16T22:22:10.000Z</time>
      </trkpt>
      <trkpt lat="40.791215" lon="-73.959565">
        <ele>29.4</ele>
        <time>2026-06-16T22:22:11.000Z</time>
      </trkpt>
      <trkpt lat="40.791216" lon="-73.95956">
        <ele>29.4</ele>
        <time>2026-06-16T22:22:12.000Z</time>
      </trkpt>
      <trkpt lat="40.791216" lon="-73.959559">
        <ele>29.2</ele>
        <time>2026-06-16T22:22:13.000Z</time>
      </trkpt>
      <trkpt lat="40.791217" lon="-73.959558">
        <ele>29.2</ele>
        <time>2026-06-16T22:22:14.000Z</time>
      </trkpt>
      <trkpt lat="40.791217" lon="-73.959557">
        <ele>29.2</ele>
        <time>2026-06-16T22:22:15.000Z</time>
      </trkpt>
      <trkpt lat="40.791217" lon="-73.959556">
        <ele>29.2</ele>
        <time>2026-06-16T22:22:16.000Z</time>
      </trkpt>
      <trkpt lat="40.791217" lon="-73.959555">
        <ele>29.2</ele>
        <time>2026-06-16T22:22:17.000Z</time>
      </trkpt>
      <trkpt lat="40.791217" lon="-73.959554">
        <ele>29.2</ele>
        <time>2026-06-16T22:22:18.000Z</time>
      </trkpt>
      <trkpt lat="40.791217" lon="-73.959553">
        <ele>29.2</ele>
        <time>2026-06-16T22:22:19.000Z</time>
      </trkpt>
      <trkpt lat="40.791218" lon="-73.959553">
        <ele>29.2</ele>
        <time>2026-06-16T22:22:20.000Z</time>
      </trkpt>
      <trkpt lat="40.791218" lon="-73.959552">
        <ele>29.2</ele>
        <time>2026-06-16T22:22:21.000Z</time>
      </trkpt>
      <trkpt lat="40.791218" lon="-73.959551">
        <ele>29.2</ele>
        <time>2026-06-16T22:22:22.000Z</time>
      </trkpt>
      <trkpt lat="40.791218" lon="-73.95955">
        <ele>29.4</ele>
        <time>2026-06-16T22:22:23.000Z</time>
      </trkpt>
      <trkpt lat="40.791218" lon="-73.959549">
        <ele>29.4</ele>
        <time>2026-06-16T22:22:24.000Z</time>
      </trkpt>
      <trkpt lat="40.791219" lon="-73.959548">
        <ele>29.4</ele>
        <time>2026-06-16T22:22:25.000Z</time>
      </trkpt>
      <trkpt lat="40.791219" lon="-73.959547">
        <ele>29.4</ele>
        <time>2026-06-16T22:22:26.000Z</time>
      </trkpt>
      <trkpt lat="40.791219" lon="-73.959546">
        <ele>29.4</ele>
        <time>2026-06-16T22:22:27.000Z</time>
      </trkpt>
      <trkpt lat="40.791219" lon="-73.959545">
        <ele>29.4</ele>
        <time>2026-06-16T22:22:28.000Z</time>
      </trkpt>
      <trkpt lat="40.791219" lon="-73.959544">
        <ele>29.4</ele>
        <time>2026-06-16T22:22:29.000Z</time>
      </trkpt>
      <trkpt lat="40.791219" lon="-73.959543">
        <ele>29.4</ele>
        <time>2026-06-16T22:22:30.000Z</time>
      </trkpt>
      <trkpt lat="40.79122" lon="-73.959542">
        <ele>29.4</ele>
        <time>2026-06-16T22:22:31.000Z</time>
      </trkpt>
      <trkpt lat="40.79122" lon="-73.959541">
        <ele>29.4</ele>
        <time>2026-06-16T22:22:32.000Z</time>
      </trkpt>
      <trkpt lat="40.79122" lon="-73.95954">
        <ele>29.4</ele>
        <time>2026-06-16T22:22:33.000Z</time>
      </trkpt>
      <trkpt lat="40.79122" lon="-73.959539">
        <ele>29.4</ele>
        <time>2026-06-16T22:22:34.000Z</time>
      </trkpt>
      <trkpt lat="40.79122" lon="-73.959538">
        <ele>29.2</ele>
        <time>2026-06-16T22:22:35.000Z</time>
      </trkpt>
      <trkpt lat="40.791221" lon="-73.959538">
        <ele>29.2</ele>
        <time>2026-06-16T22:22:36.000Z</time>
      </trkpt>
      <trkpt lat="40.791221" lon="-73.959537">
        <ele>29.2</ele>
        <time>2026-06-16T22:22:37.000Z</time>
      </trkpt>
      <trkpt lat="40.791221" lon="-73.959536">
        <ele>29.2</ele>
        <time>2026-06-16T22:22:38.000Z</time>
      </trkpt>
      <trkpt lat="40.791221" lon="-73.959535">
        <ele>29.4</ele>
        <time>2026-06-16T22:22:39.000Z</time>
      </trkpt>
      <trkpt lat="40.791221" lon="-73.959534">
        <ele>29.4</ele>
        <time>2026-06-16T22:22:40.000Z</time>
      </trkpt>
      <trkpt lat="40.791222" lon="-73.959533">
        <ele>29.4</ele>
        <time>2026-06-16T22:22:41.000Z</time>
      </trkpt>
      <trkpt lat="40.791222" lon="-73.959532">
        <ele>29.4</ele>
        <time>2026-06-16T22:22:42.000Z</time>
      </trkpt>
      <trkpt lat="40.791222" lon="-73.959531">
        <ele>29.4</ele>
        <time>2026-06-16T22:22:43.000Z</time>
      </trkpt>
      <trkpt lat="40.791222" lon="-73.95953">
        <ele>29.4</ele>
        <time>2026-06-16T22:22:44.000Z</time>
      </trkpt>
      <trkpt lat="40.791222" lon="-73.959529">
        <ele>29.4</ele>
        <time>2026-06-16T22:22:45.000Z</time>
      </trkpt>
      <trkpt lat="40.791222" lon="-73.959528">
        <ele>29.4</ele>
        <time>2026-06-16T22:22:46.000Z</time>
      </trkpt>
      <trkpt lat="40.791223" lon="-73.959527">
        <ele>29.4</ele>
        <time>2026-06-16T22:22:47.000Z</time>
      </trkpt>
      <trkpt lat="40.791223" lon="-73.959526">
        <ele>29.4</ele>
        <time>2026-06-16T22:22:48.000Z</time>
      </trkpt>
      <trkpt lat="40.791223" lon="-73.959525">
        <ele>29.4</ele>
        <time>2026-06-16T22:22:49.000Z</time>
      </trkpt>
      <trkpt lat="40.791223" lon="-73.959524">
        <ele>29.4</ele>
        <time>2026-06-16T22:22:50.000Z</time>
      </trkpt>
      <trkpt lat="40.791223" lon="-73.959523">
        <ele>29.4</ele>
        <time>2026-06-16T22:22:51.000Z</time>
      </trkpt>
      <trkpt lat="40.791224" lon="-73.959523">
        <ele>29.4</ele>
        <time>2026-06-16T22:22:52.000Z</time>
      </trkpt>
      <trkpt lat="40.791224" lon="-73.959522">
        <ele>29.4</ele>
        <time>2026-06-16T22:22:53.000Z</time>
      </trkpt>
      <trkpt lat="40.791224" lon="-73.959521">
        <ele>29.4</ele>
        <time>2026-06-16T22:22:54.000Z</time>
      </trkpt>
      <trkpt lat="40.791224" lon="-73.95952">
        <ele>29.4</ele>
        <time>2026-06-16T22:22:55.000Z</time>
      </trkpt>
      <trkpt lat="40.791224" lon="-73.959519">
        <ele>29.4</ele>
        <time>2026-06-16T22:22:56.000Z</time>
      </trkpt>
      <trkpt lat="40.791224" lon="-73.959518">
        <ele>29.4</ele>
        <time>2026-06-16T22:22:57.000Z</time>
      </trkpt>
      <trkpt lat="40.791225" lon="-73.959517">
        <ele>29.4</ele>
        <time>2026-06-16T22:22:58.000Z</time>
      </trkpt>
      <trkpt lat="40.791225" lon="-73.959516">
        <ele>29.4</ele>
        <time>2026-06-16T22:22:59.000Z</time>
      </trkpt>
      <trkpt lat="40.791225" lon="-73.959515">
        <ele>29.4</ele>
        <time>2026-06-16T22:23:00.000Z</time>
      </trkpt>
      <trkpt lat="40.791225" lon="-73.959516">
        <ele>29.4</ele>
        <time>2026-06-16T22:23:01.000Z</time>
      </trkpt>
      <trkpt lat="40.791225" lon="-73.959516">
        <ele>29.2</ele>
        <time>2026-06-16T22:23:02.000Z</time>
      </trkpt>
      <trkpt lat="40.791226" lon="-73.959517">
        <ele>29.2</ele>
        <time>2026-06-16T22:23:03.000Z</time>
      </trkpt>
      <trkpt lat="40.791227" lon="-73.959519">
        <ele>29.2</ele>
        <time>2026-06-16T22:23:04.000Z</time>
      </trkpt>
      <trkpt lat="40.791228" lon="-73.959522">
        <ele>29.2</ele>
        <time>2026-06-16T22:23:05.000Z</time>
      </trkpt>
      <trkpt lat="40.791228" lon="-73.959526">
        <ele>29.2</ele>
        <time>2026-06-16T22:23:06.000Z</time>
      </trkpt>
      <trkpt lat="40.791228" lon="-73.959528">
        <ele>29.2</ele>
        <time>2026-06-16T22:23:07.000Z</time>
      </trkpt>
      <trkpt lat="40.791228" lon="-73.95953">
        <ele>29.2</ele>
        <time>2026-06-16T22:23:08.000Z</time>
      </trkpt>
      <trkpt lat="40.791227" lon="-73.959532">
        <ele>29.2</ele>
        <time>2026-06-16T22:23:09.000Z</time>
      </trkpt>
      <trkpt lat="40.791227" lon="-73.959533">
        <ele>29.2</ele>
        <time>2026-06-16T22:23:10.000Z</time>
      </trkpt>
      <trkpt lat="40.791226" lon="-73.959533">
        <ele>29.2</ele>
        <time>2026-06-16T22:23:11.000Z</time>
      </trkpt>
      <trkpt lat="40.791225" lon="-73.959533">
        <ele>29.2</ele>
        <time>2026-06-16T22:23:12.000Z</time>
      </trkpt>
      <trkpt lat="40.791225" lon="-73.959533">
        <ele>29.2</ele>
        <time>2026-06-16T22:23:13.000Z</time>
      </trkpt>
      <trkpt lat="40.791224" lon="-73.959532">
        <ele>29.2</ele>
        <time>2026-06-16T22:23:14.000Z</time>
      </trkpt>
      <trkpt lat="40.791224" lon="-73.959532">
        <ele>29.2</ele>
        <time>2026-06-16T22:23:15.000Z</time>
      </trkpt>
      <trkpt lat="40.791223" lon="-73.959532">
        <ele>29.2</ele>
        <time>2026-06-16T22:23:16.000Z</time>
      </trkpt>
      <trkpt lat="40.791222" lon="-73.959532">
        <ele>29</ele>
        <time>2026-06-16T22:23:17.000Z</time>
      </trkpt>
      <trkpt lat="40.79122" lon="-73.959532">
        <ele>29</ele>
        <time>2026-06-16T22:23:18.000Z</time>
      </trkpt>
      <trkpt lat="40.791219" lon="-73.959532">
        <ele>29</ele>
        <time>2026-06-16T22:23:19.000Z</time>
      </trkpt>
      <trkpt lat="40.791219" lon="-73.959533">
        <ele>29</ele>
        <time>2026-06-16T22:23:20.000Z</time>
      </trkpt>
      <trkpt lat="40.791217" lon="-73.959535">
        <ele>29</ele>
        <time>2026-06-16T22:23:21.000Z</time>
      </trkpt>
      <trkpt lat="40.791216" lon="-73.959536">
        <ele>29</ele>
        <time>2026-06-16T22:23:22.000Z</time>
      </trkpt>
      <trkpt lat="40.791216" lon="-73.959536">
        <ele>29</ele>
        <time>2026-06-16T22:23:23.000Z</time>
      </trkpt>
      <trkpt lat="40.791216" lon="-73.959536">
        <ele>29</ele>
        <time>2026-06-16T22:23:24.000Z</time>
      </trkpt>
      <trkpt lat="40.791215" lon="-73.959535">
        <ele>29.2</ele>
        <time>2026-06-16T22:23:25.000Z</time>
      </trkpt>
      <trkpt lat="40.791215" lon="-73.959534">
        <ele>29.2</ele>
        <time>2026-06-16T22:23:26.000Z</time>
      </trkpt>
      <trkpt lat="40.791214" lon="-73.959532">
        <ele>29.2</ele>
        <time>2026-06-16T22:23:27.000Z</time>
      </trkpt>
      <trkpt lat="40.791213" lon="-73.959531">
        <ele>29.2</ele>
        <time>2026-06-16T22:23:28.000Z</time>
      </trkpt>
      <trkpt lat="40.791212" lon="-73.959528">
        <ele>29.2</ele>
        <time>2026-06-16T22:23:29.000Z</time>
      </trkpt>
      <trkpt lat="40.791211" lon="-73.959528">
        <ele>29.2</ele>
        <time>2026-06-16T22:23:30.000Z</time>
      </trkpt>
      <trkpt lat="40.79121" lon="-73.959527">
        <ele>29.2</ele>
        <time>2026-06-16T22:23:31.000Z</time>
      </trkpt>
      <trkpt lat="40.791207" lon="-73.959526">
        <ele>29.2</ele>
        <time>2026-06-16T22:23:32.000Z</time>
      </trkpt>
      <trkpt lat="40.791205" lon="-73.959527">
        <ele>29.2</ele>
        <time>2026-06-16T22:23:33.000Z</time>
      </trkpt>
      <trkpt lat="40.791203" lon="-73.959527">
        <ele>29.2</ele>
        <time>2026-06-16T22:23:34.000Z</time>
      </trkpt>
      <trkpt lat="40.791201" lon="-73.959529">
        <ele>29.2</ele>
        <time>2026-06-16T22:23:35.000Z</time>
      </trkpt>
      <trkpt lat="40.791199" lon="-73.959531">
        <ele>29.4</ele>
        <time>2026-06-16T22:23:36.000Z</time>
      </trkpt>
      <trkpt lat="40.791198" lon="-73.959533">
        <ele>29.4</ele>
        <time>2026-06-16T22:23:37.000Z</time>
      </trkpt>
      <trkpt lat="40.791197" lon="-73.959535">
        <ele>29.4</ele>
        <time>2026-06-16T22:23:38.000Z</time>
      </trkpt>
      <trkpt lat="40.791196" lon="-73.959539">
        <ele>29.4</ele>
        <time>2026-06-16T22:23:39.000Z</time>
      </trkpt>
      <trkpt lat="40.791197" lon="-73.959543">
        <ele>29.4</ele>
        <time>2026-06-16T22:23:40.000Z</time>
      </trkpt>
      <trkpt lat="40.791199" lon="-73.959549">
        <ele>29.4</ele>
        <time>2026-06-16T22:23:41.000Z</time>
      </trkpt>
      <trkpt lat="40.791203" lon="-73.959555">
        <ele>29.6</ele>
        <time>2026-06-16T22:23:42.000Z</time>
      </trkpt>
      <trkpt lat="40.791209" lon="-73.959562">
        <ele>29.6</ele>
        <time>2026-06-16T22:23:43.000Z</time>
      </trkpt>
      <trkpt lat="40.791217" lon="-73.959568">
        <ele>29.6</ele>
        <time>2026-06-16T22:23:44.000Z</time>
      </trkpt>
      <trkpt lat="40.791227" lon="-73.959574">
        <ele>29.6</ele>
        <time>2026-06-16T22:23:45.000Z</time>
      </trkpt>
      <trkpt lat="40.791238" lon="-73.959579">
        <ele>29.6</ele>
        <time>2026-06-16T22:23:46.000Z</time>
      </trkpt>
      <trkpt lat="40.791251" lon="-73.959581">
        <ele>29.6</ele>
        <time>2026-06-16T22:23:47.000Z</time>
      </trkpt>
      <trkpt lat="40.791265" lon="-73.959582">
        <ele>29.6</ele>
        <time>2026-06-16T22:23:48.000Z</time>
      </trkpt>
      <trkpt lat="40.791277" lon="-73.959583">
        <ele>29.6</ele>
        <time>2026-06-16T22:23:49.000Z</time>
      </trkpt>
      <trkpt lat="40.79129" lon="-73.959584">
        <ele>29.6</ele>
        <time>2026-06-16T22:23:50.000Z</time>
      </trkpt>
      <trkpt lat="40.791301" lon="-73.959584">
        <ele>29.6</ele>
        <time>2026-06-16T22:23:51.000Z</time>
      </trkpt>
      <trkpt lat="40.791312" lon="-73.959583">
        <ele>29.6</ele>
        <time>2026-06-16T22:23:52.000Z</time>
      </trkpt>
      <trkpt lat="40.791323" lon="-73.959581">
        <ele>29.6</ele>
        <time>2026-06-16T22:23:53.000Z</time>
      </trkpt>
      <trkpt lat="40.791335" lon="-73.959579">
        <ele>29.6</ele>
        <time>2026-06-16T22:23:54.000Z</time>
      </trkpt>
      <trkpt lat="40.791347" lon="-73.959577">
        <ele>29.6</ele>
        <time>2026-06-16T22:23:55.000Z</time>
      </trkpt>
      <trkpt lat="40.791358" lon="-73.959575">
        <ele>29.6</ele>
        <time>2026-06-16T22:23:56.000Z</time>
      </trkpt>
      <trkpt lat="40.791368" lon="-73.959572">
        <ele>29.6</ele>
        <time>2026-06-16T22:23:57.000Z</time>
      </trkpt>
      <trkpt lat="40.791379" lon="-73.95957">
        <ele>29.6</ele>
        <time>2026-06-16T22:23:58.000Z</time>
      </trkpt>
      <trkpt lat="40.791389" lon="-73.959568">
        <ele>29.6</ele>
        <time>2026-06-16T22:23:59.000Z</time>
      </trkpt>
      <trkpt lat="40.791399" lon="-73.959566">
        <ele>29.6</ele>
        <time>2026-06-16T22:24:00.000Z</time>
      </trkpt>
      <trkpt lat="40.79141" lon="-73.959564">
        <ele>29.6</ele>
        <time>2026-06-16T22:24:01.000Z</time>
      </trkpt>
      <trkpt lat="40.791421" lon="-73.959562">
        <ele>29.6</ele>
        <time>2026-06-16T22:24:02.000Z</time>
      </trkpt>
      <trkpt lat="40.791432" lon="-73.95956">
        <ele>29.4</ele>
        <time>2026-06-16T22:24:03.000Z</time>
      </trkpt>
      <trkpt lat="40.791443" lon="-73.959558">
        <ele>29.4</ele>
        <time>2026-06-16T22:24:04.000Z</time>
      </trkpt>
      <trkpt lat="40.791454" lon="-73.959555">
        <ele>29.4</ele>
        <time>2026-06-16T22:24:05.000Z</time>
      </trkpt>
      <trkpt lat="40.791464" lon="-73.959552">
        <ele>29.4</ele>
        <time>2026-06-16T22:24:06.000Z</time>
      </trkpt>
      <trkpt lat="40.791474" lon="-73.959548">
        <ele>29.4</ele>
        <time>2026-06-16T22:24:07.000Z</time>
      </trkpt>
      <trkpt lat="40.791485" lon="-73.959545">
        <ele>29.4</ele>
        <time>2026-06-16T22:24:08.000Z</time>
      </trkpt>
      <trkpt lat="40.791496" lon="-73.959542">
        <ele>29.4</ele>
        <time>2026-06-16T22:24:09.000Z</time>
      </trkpt>
      <trkpt lat="40.791506" lon="-73.95954">
        <ele>29.4</ele>
        <time>2026-06-16T22:24:10.000Z</time>
      </trkpt>
      <trkpt lat="40.791515" lon="-73.959538">
        <ele>29.2</ele>
        <time>2026-06-16T22:24:11.000Z</time>
      </trkpt>
      <trkpt lat="40.791523" lon="-73.959536">
        <ele>29.2</ele>
        <time>2026-06-16T22:24:12.000Z</time>
      </trkpt>
      <trkpt lat="40.791531" lon="-73.959533">
        <ele>29.2</ele>
        <time>2026-06-16T22:24:13.000Z</time>
      </trkpt>
      <trkpt lat="40.79154" lon="-73.959531">
        <ele>29.4</ele>
        <time>2026-06-16T22:24:14.000Z</time>
      </trkpt>
      <trkpt lat="40.791549" lon="-73.959529">
        <ele>29.4</ele>
        <time>2026-06-16T22:24:15.000Z</time>
      </trkpt>
      <trkpt lat="40.791559" lon="-73.959528">
        <ele>29.4</ele>
        <time>2026-06-16T22:24:16.000Z</time>
      </trkpt>
      <trkpt lat="40.791569" lon="-73.959527">
        <ele>29.4</ele>
        <time>2026-06-16T22:24:17.000Z</time>
      </trkpt>
      <trkpt lat="40.791579" lon="-73.959528">
        <ele>29.4</ele>
        <time>2026-06-16T22:24:18.000Z</time>
      </trkpt>
      <trkpt lat="40.791588" lon="-73.959529">
        <ele>29.4</ele>
        <time>2026-06-16T22:24:19.000Z</time>
      </trkpt>
      <trkpt lat="40.791597" lon="-73.959529">
        <ele>29.2</ele>
        <time>2026-06-16T22:24:20.000Z</time>
      </trkpt>
      <trkpt lat="40.791606" lon="-73.959529">
        <ele>29.2</ele>
        <time>2026-06-16T22:24:21.000Z</time>
      </trkpt>
      <trkpt lat="40.791615" lon="-73.959528">
        <ele>29.2</ele>
        <time>2026-06-16T22:24:22.000Z</time>
      </trkpt>
      <trkpt lat="40.791626" lon="-73.959526">
        <ele>29.2</ele>
        <time>2026-06-16T22:24:23.000Z</time>
      </trkpt>
      <trkpt lat="40.791636" lon="-73.959522">
        <ele>29.2</ele>
        <time>2026-06-16T22:24:24.000Z</time>
      </trkpt>
      <trkpt lat="40.791647" lon="-73.959515">
        <ele>29.2</ele>
        <time>2026-06-16T22:24:25.000Z</time>
      </trkpt>
      <trkpt lat="40.791655" lon="-73.959505">
        <ele>29.2</ele>
        <time>2026-06-16T22:24:26.000Z</time>
      </trkpt>
      <trkpt lat="40.791661" lon="-73.959492">
        <ele>29.2</ele>
        <time>2026-06-16T22:24:27.000Z</time>
      </trkpt>
      <trkpt lat="40.791663" lon="-73.959476">
        <ele>29.2</ele>
        <time>2026-06-16T22:24:28.000Z</time>
      </trkpt>
      <trkpt lat="40.791662" lon="-73.959459">
        <ele>29</ele>
        <time>2026-06-16T22:24:29.000Z</time>
      </trkpt>
      <trkpt lat="40.79166" lon="-73.959443">
        <ele>29</ele>
        <time>2026-06-16T22:24:30.000Z</time>
      </trkpt>
      <trkpt lat="40.791658" lon="-73.959427">
        <ele>29</ele>
        <time>2026-06-16T22:24:31.000Z</time>
      </trkpt>
      <trkpt lat="40.791655" lon="-73.959413">
        <ele>29</ele>
        <time>2026-06-16T22:24:32.000Z</time>
      </trkpt>
      <trkpt lat="40.791653" lon="-73.959398">
        <ele>29</ele>
        <time>2026-06-16T22:24:33.000Z</time>
      </trkpt>
      <trkpt lat="40.79165" lon="-73.959382">
        <ele>29</ele>
        <time>2026-06-16T22:24:34.000Z</time>
      </trkpt>
      <trkpt lat="40.791648" lon="-73.959367">
        <ele>29</ele>
        <time>2026-06-16T22:24:35.000Z</time>
      </trkpt>
      <trkpt lat="40.791645" lon="-73.959351">
        <ele>29</ele>
        <time>2026-06-16T22:24:36.000Z</time>
      </trkpt>
      <trkpt lat="40.791643" lon="-73.959335">
        <ele>29</ele>
        <time>2026-06-16T22:24:37.000Z</time>
      </trkpt>
      <trkpt lat="40.791641" lon="-73.959321">
        <ele>29</ele>
        <time>2026-06-16T22:24:38.000Z</time>
      </trkpt>
      <trkpt lat="40.791639" lon="-73.959308">
        <ele>29</ele>
        <time>2026-06-16T22:24:39.000Z</time>
      </trkpt>
      <trkpt lat="40.791638" lon="-73.959295">
        <ele>28.8</ele>
        <time>2026-06-16T22:24:40.000Z</time>
      </trkpt>
      <trkpt lat="40.791637" lon="-73.95928">
        <ele>28.8</ele>
        <time>2026-06-16T22:24:41.000Z</time>
      </trkpt>
      <trkpt lat="40.791636" lon="-73.959264">
        <ele>28.8</ele>
        <time>2026-06-16T22:24:42.000Z</time>
      </trkpt>
      <trkpt lat="40.791635" lon="-73.959249">
        <ele>28.8</ele>
        <time>2026-06-16T22:24:43.000Z</time>
      </trkpt>
      <trkpt lat="40.791635" lon="-73.959234">
        <ele>28.8</ele>
        <time>2026-06-16T22:24:44.000Z</time>
      </trkpt>
      <trkpt lat="40.791634" lon="-73.959219">
        <ele>28.8</ele>
        <time>2026-06-16T22:24:45.000Z</time>
      </trkpt>
      <trkpt lat="40.791632" lon="-73.959194">
        <ele>28.8</ele>
        <time>2026-06-16T22:24:46.000Z</time>
      </trkpt>
      <trkpt lat="40.791632" lon="-73.959185">
        <ele>28.8</ele>
        <time>2026-06-16T22:24:47.000Z</time>
      </trkpt>
      <trkpt lat="40.791631" lon="-73.959175">
        <ele>28.8</ele>
        <time>2026-06-16T22:24:48.000Z</time>
      </trkpt>
      <trkpt lat="40.791629" lon="-73.959162">
        <ele>28.8</ele>
        <time>2026-06-16T22:24:49.000Z</time>
      </trkpt>
      <trkpt lat="40.791627" lon="-73.959149">
        <ele>28.8</ele>
        <time>2026-06-16T22:24:50.000Z</time>
      </trkpt>
      <trkpt lat="40.791625" lon="-73.959137">
        <ele>28.8</ele>
        <time>2026-06-16T22:24:51.000Z</time>
      </trkpt>
      <trkpt lat="40.791623" lon="-73.959126">
        <ele>28.8</ele>
        <time>2026-06-16T22:24:52.000Z</time>
      </trkpt>
      <trkpt lat="40.791622" lon="-73.959114">
        <ele>28.8</ele>
        <time>2026-06-16T22:24:53.000Z</time>
      </trkpt>
      <trkpt lat="40.791621" lon="-73.959102">
        <ele>28.8</ele>
        <time>2026-06-16T22:24:54.000Z</time>
      </trkpt>
      <trkpt lat="40.79162" lon="-73.959088">
        <ele>28.8</ele>
        <time>2026-06-16T22:24:55.000Z</time>
      </trkpt>
      <trkpt lat="40.79162" lon="-73.959073">
        <ele>28.8</ele>
        <time>2026-06-16T22:24:56.000Z</time>
      </trkpt>
      <trkpt lat="40.79162" lon="-73.959059">
        <ele>28.8</ele>
        <time>2026-06-16T22:24:57.000Z</time>
      </trkpt>
      <trkpt lat="40.791621" lon="-73.959045">
        <ele>28.8</ele>
        <time>2026-06-16T22:24:58.000Z</time>
      </trkpt>
      <trkpt lat="40.791622" lon="-73.959031">
        <ele>28.8</ele>
        <time>2026-06-16T22:24:59.000Z</time>
      </trkpt>
      <trkpt lat="40.791623" lon="-73.959017">
        <ele>28.8</ele>
        <time>2026-06-16T22:25:00.000Z</time>
      </trkpt>
      <trkpt lat="40.791623" lon="-73.959002">
        <ele>28.8</ele>
        <time>2026-06-16T22:25:01.000Z</time>
      </trkpt>
      <trkpt lat="40.791621" lon="-73.958989">
        <ele>28.8</ele>
        <time>2026-06-16T22:25:02.000Z</time>
      </trkpt>
      <trkpt lat="40.791619" lon="-73.958975">
        <ele>28.6</ele>
        <time>2026-06-16T22:25:03.000Z</time>
      </trkpt>
      <trkpt lat="40.791616" lon="-73.958962">
        <ele>28.6</ele>
        <time>2026-06-16T22:25:04.000Z</time>
      </trkpt>
      <trkpt lat="40.791613" lon="-73.958949">
        <ele>28.6</ele>
        <time>2026-06-16T22:25:05.000Z</time>
      </trkpt>
      <trkpt lat="40.791611" lon="-73.958938">
        <ele>28.6</ele>
        <time>2026-06-16T22:25:06.000Z</time>
      </trkpt>
      <trkpt lat="40.791609" lon="-73.958926">
        <ele>28.4</ele>
        <time>2026-06-16T22:25:07.000Z</time>
      </trkpt>
      <trkpt lat="40.791608" lon="-73.958915">
        <ele>28.4</ele>
        <time>2026-06-16T22:25:08.000Z</time>
      </trkpt>
      <trkpt lat="40.791607" lon="-73.958903">
        <ele>28.4</ele>
        <time>2026-06-16T22:25:09.000Z</time>
      </trkpt>
      <trkpt lat="40.791606" lon="-73.95889">
        <ele>28.4</ele>
        <time>2026-06-16T22:25:10.000Z</time>
      </trkpt>
      <trkpt lat="40.791605" lon="-73.958878">
        <ele>28.2</ele>
        <time>2026-06-16T22:25:11.000Z</time>
      </trkpt>
      <trkpt lat="40.791604" lon="-73.958865">
        <ele>28.2</ele>
        <time>2026-06-16T22:25:12.000Z</time>
      </trkpt>
      <trkpt lat="40.791601" lon="-73.958852">
        <ele>28.2</ele>
        <time>2026-06-16T22:25:13.000Z</time>
      </trkpt>
      <trkpt lat="40.791597" lon="-73.958839">
        <ele>28.2</ele>
        <time>2026-06-16T22:25:14.000Z</time>
      </trkpt>
      <trkpt lat="40.791592" lon="-73.958827">
        <ele>28.2</ele>
        <time>2026-06-16T22:25:15.000Z</time>
      </trkpt>
      <trkpt lat="40.791586" lon="-73.958816">
        <ele>28</ele>
        <time>2026-06-16T22:25:16.000Z</time>
      </trkpt>
      <trkpt lat="40.79158" lon="-73.958805">
        <ele>28</ele>
        <time>2026-06-16T22:25:17.000Z</time>
      </trkpt>
      <trkpt lat="40.791573" lon="-73.958795">
        <ele>28</ele>
        <time>2026-06-16T22:25:18.000Z</time>
      </trkpt>
      <trkpt lat="40.791566" lon="-73.958784">
        <ele>28</ele>
        <time>2026-06-16T22:25:19.000Z</time>
      </trkpt>
      <trkpt lat="40.791559" lon="-73.958773">
        <ele>27.8</ele>
        <time>2026-06-16T22:25:20.000Z</time>
      </trkpt>
      <trkpt lat="40.791552" lon="-73.958762">
        <ele>27.8</ele>
        <time>2026-06-16T22:25:21.000Z</time>
      </trkpt>
      <trkpt lat="40.791545" lon="-73.958751">
        <ele>27.8</ele>
        <time>2026-06-16T22:25:22.000Z</time>
      </trkpt>
      <trkpt lat="40.791538" lon="-73.958738">
        <ele>27.8</ele>
        <time>2026-06-16T22:25:23.000Z</time>
      </trkpt>
      <trkpt lat="40.791532" lon="-73.958725">
        <ele>27.6</ele>
        <time>2026-06-16T22:25:24.000Z</time>
      </trkpt>
      <trkpt lat="40.791526" lon="-73.958711">
        <ele>27.6</ele>
        <time>2026-06-16T22:25:25.000Z</time>
      </trkpt>
      <trkpt lat="40.791521" lon="-73.958697">
        <ele>27.6</ele>
        <time>2026-06-16T22:25:26.000Z</time>
      </trkpt>
      <trkpt lat="40.791517" lon="-73.958682">
        <ele>27.4</ele>
        <time>2026-06-16T22:25:27.000Z</time>
      </trkpt>
      <trkpt lat="40.791513" lon="-73.958666">
        <ele>27.4</ele>
        <time>2026-06-16T22:25:28.000Z</time>
      </trkpt>
      <trkpt lat="40.79151" lon="-73.95865">
        <ele>27.2</ele>
        <time>2026-06-16T22:25:29.000Z</time>
      </trkpt>
      <trkpt lat="40.791508" lon="-73.958634">
        <ele>27.2</ele>
        <time>2026-06-16T22:25:30.000Z</time>
      </trkpt>
      <trkpt lat="40.791506" lon="-73.958618">
        <ele>27</ele>
        <time>2026-06-16T22:25:31.000Z</time>
      </trkpt>
      <trkpt lat="40.791504" lon="-73.958604">
        <ele>27</ele>
        <time>2026-06-16T22:25:32.000Z</time>
      </trkpt>
      <trkpt lat="40.791503" lon="-73.95859">
        <ele>26.8</ele>
        <time>2026-06-16T22:25:33.000Z</time>
      </trkpt>
      <trkpt lat="40.791503" lon="-73.958576">
        <ele>26.8</ele>
        <time>2026-06-16T22:25:34.000Z</time>
      </trkpt>
      <trkpt lat="40.791502" lon="-73.958562">
        <ele>26.6</ele>
        <time>2026-06-16T22:25:35.000Z</time>
      </trkpt>
      <trkpt lat="40.791502" lon="-73.95855">
        <ele>26.6</ele>
        <time>2026-06-16T22:25:36.000Z</time>
      </trkpt>
      <trkpt lat="40.791501" lon="-73.958537">
        <ele>26.4</ele>
        <time>2026-06-16T22:25:37.000Z</time>
      </trkpt>
      <trkpt lat="40.791501" lon="-73.958525">
        <ele>26.2</ele>
        <time>2026-06-16T22:25:38.000Z</time>
      </trkpt>
      <trkpt lat="40.7915" lon="-73.958513">
        <ele>26.2</ele>
        <time>2026-06-16T22:25:39.000Z</time>
      </trkpt>
      <trkpt lat="40.791499" lon="-73.958502">
        <ele>26</ele>
        <time>2026-06-16T22:25:40.000Z</time>
      </trkpt>
      <trkpt lat="40.791498" lon="-73.95849">
        <ele>26</ele>
        <time>2026-06-16T22:25:41.000Z</time>
      </trkpt>
      <trkpt lat="40.791497" lon="-73.958479">
        <ele>25.8</ele>
        <time>2026-06-16T22:25:42.000Z</time>
      </trkpt>
      <trkpt lat="40.791496" lon="-73.958467">
        <ele>25.8</ele>
        <time>2026-06-16T22:25:43.000Z</time>
      </trkpt>
      <trkpt lat="40.791495" lon="-73.958455">
        <ele>25.6</ele>
        <time>2026-06-16T22:25:44.000Z</time>
      </trkpt>
      <trkpt lat="40.791494" lon="-73.958444">
        <ele>25.6</ele>
        <time>2026-06-16T22:25:45.000Z</time>
      </trkpt>
      <trkpt lat="40.791494" lon="-73.958433">
        <ele>25.4</ele>
        <time>2026-06-16T22:25:46.000Z</time>
      </trkpt>
      <trkpt lat="40.791494" lon="-73.958423">
        <ele>25.4</ele>
        <time>2026-06-16T22:25:47.000Z</time>
      </trkpt>
      <trkpt lat="40.791493" lon="-73.958412">
        <ele>25.2</ele>
        <time>2026-06-16T22:25:48.000Z</time>
      </trkpt>
      <trkpt lat="40.791493" lon="-73.9584">
        <ele>25.2</ele>
        <time>2026-06-16T22:25:49.000Z</time>
      </trkpt>
      <trkpt lat="40.791492" lon="-73.958388">
        <ele>25</ele>
        <time>2026-06-16T22:25:50.000Z</time>
      </trkpt>
      <trkpt lat="40.791492" lon="-73.958376">
        <ele>25</ele>
        <time>2026-06-16T22:25:51.000Z</time>
      </trkpt>
      <trkpt lat="40.79149" lon="-73.958364">
        <ele>24.8</ele>
        <time>2026-06-16T22:25:52.000Z</time>
      </trkpt>
      <trkpt lat="40.791487" lon="-73.958352">
        <ele>24.8</ele>
        <time>2026-06-16T22:25:53.000Z</time>
      </trkpt>
      <trkpt lat="40.791485" lon="-73.95834">
        <ele>24.6</ele>
        <time>2026-06-16T22:25:54.000Z</time>
      </trkpt>
      <trkpt lat="40.791481" lon="-73.95833">
        <ele>24.6</ele>
        <time>2026-06-16T22:25:55.000Z</time>
      </trkpt>
      <trkpt lat="40.791467" lon="-73.958318">
        <ele>24.4</ele>
        <time>2026-06-16T22:25:56.000Z</time>
      </trkpt>
      <trkpt lat="40.791461" lon="-73.958315">
        <ele>24.4</ele>
        <time>2026-06-16T22:25:57.000Z</time>
      </trkpt>
      <trkpt lat="40.791447" lon="-73.958312">
        <ele>24.4</ele>
        <time>2026-06-16T22:25:58.000Z</time>
      </trkpt>
      <trkpt lat="40.791431" lon="-73.95831">
        <ele>24.2</ele>
        <time>2026-06-16T22:25:59.000Z</time>
      </trkpt>
      <trkpt lat="40.791414" lon="-73.958311">
        <ele>24.2</ele>
        <time>2026-06-16T22:26:00.000Z</time>
      </trkpt>
      <trkpt lat="40.791381" lon="-73.958314">
        <ele>24.2</ele>
        <time>2026-06-16T22:26:01.000Z</time>
      </trkpt>
      <trkpt lat="40.791367" lon="-73.958315">
        <ele>24</ele>
        <time>2026-06-16T22:26:02.000Z</time>
      </trkpt>
      <trkpt lat="40.791354" lon="-73.958317">
        <ele>24</ele>
        <time>2026-06-16T22:26:03.000Z</time>
      </trkpt>
      <trkpt lat="40.791337" lon="-73.95832">
        <ele>24</ele>
        <time>2026-06-16T22:26:04.000Z</time>
      </trkpt>
      <trkpt lat="40.791322" lon="-73.958322">
        <ele>24</ele>
        <time>2026-06-16T22:26:05.000Z</time>
      </trkpt>
      <trkpt lat="40.791306" lon="-73.958324">
        <ele>24</ele>
        <time>2026-06-16T22:26:06.000Z</time>
      </trkpt>
      <trkpt lat="40.791291" lon="-73.958327">
        <ele>23.8</ele>
        <time>2026-06-16T22:26:07.000Z</time>
      </trkpt>
      <trkpt lat="40.791277" lon="-73.95833">
        <ele>23.8</ele>
        <time>2026-06-16T22:26:08.000Z</time>
      </trkpt>
      <trkpt lat="40.791264" lon="-73.958333">
        <ele>23.8</ele>
        <time>2026-06-16T22:26:09.000Z</time>
      </trkpt>
      <trkpt lat="40.791251" lon="-73.958337">
        <ele>23.8</ele>
        <time>2026-06-16T22:26:10.000Z</time>
      </trkpt>
      <trkpt lat="40.791239" lon="-73.95834">
        <ele>23.8</ele>
        <time>2026-06-16T22:26:11.000Z</time>
      </trkpt>
      <trkpt lat="40.791228" lon="-73.958344">
        <ele>24</ele>
        <time>2026-06-16T22:26:12.000Z</time>
      </trkpt>
      <trkpt lat="40.791217" lon="-73.958348">
        <ele>24</ele>
        <time>2026-06-16T22:26:13.000Z</time>
      </trkpt>
      <trkpt lat="40.791206" lon="-73.958353">
        <ele>24</ele>
        <time>2026-06-16T22:26:14.000Z</time>
      </trkpt>
      <trkpt lat="40.791196" lon="-73.958358">
        <ele>24</ele>
        <time>2026-06-16T22:26:15.000Z</time>
      </trkpt>
      <trkpt lat="40.791186" lon="-73.958364">
        <ele>24</ele>
        <time>2026-06-16T22:26:16.000Z</time>
      </trkpt>
      <trkpt lat="40.791172" lon="-73.958372">
        <ele>24</ele>
        <time>2026-06-16T22:26:17.000Z</time>
      </trkpt>
      <trkpt lat="40.791167" lon="-73.958375">
        <ele>24</ele>
        <time>2026-06-16T22:26:18.000Z</time>
      </trkpt>
      <trkpt lat="40.791156" lon="-73.958382">
        <ele>24.2</ele>
        <time>2026-06-16T22:26:19.000Z</time>
      </trkpt>
      <trkpt lat="40.791146" lon="-73.958388">
        <ele>24.2</ele>
        <time>2026-06-16T22:26:20.000Z</time>
      </trkpt>
      <trkpt lat="40.791136" lon="-73.958395">
        <ele>24.2</ele>
        <time>2026-06-16T22:26:21.000Z</time>
      </trkpt>
      <trkpt lat="40.791125" lon="-73.958401">
        <ele>24.2</ele>
        <time>2026-06-16T22:26:22.000Z</time>
      </trkpt>
      <trkpt lat="40.791115" lon="-73.958407">
        <ele>24.4</ele>
        <time>2026-06-16T22:26:23.000Z</time>
      </trkpt>
      <trkpt lat="40.791105" lon="-73.958413">
        <ele>24.4</ele>
        <time>2026-06-16T22:26:24.000Z</time>
      </trkpt>
      <trkpt lat="40.791095" lon="-73.958418">
        <ele>24.4</ele>
        <time>2026-06-16T22:26:25.000Z</time>
      </trkpt>
      <trkpt lat="40.791085" lon="-73.958424">
        <ele>24.4</ele>
        <time>2026-06-16T22:26:26.000Z</time>
      </trkpt>
      <trkpt lat="40.791075" lon="-73.958429">
        <ele>24.4</ele>
        <time>2026-06-16T22:26:27.000Z</time>
      </trkpt>
      <trkpt lat="40.791067" lon="-73.958435">
        <ele>24.6</ele>
        <time>2026-06-16T22:26:28.000Z</time>
      </trkpt>
      <trkpt lat="40.791051" lon="-73.958443">
        <ele>24.6</ele>
        <time>2026-06-16T22:26:29.000Z</time>
      </trkpt>
      <trkpt lat="40.791045" lon="-73.958446">
        <ele>24.6</ele>
        <time>2026-06-16T22:26:30.000Z</time>
      </trkpt>
      <trkpt lat="40.791038" lon="-73.95845">
        <ele>24.6</ele>
        <time>2026-06-16T22:26:31.000Z</time>
      </trkpt>
      <trkpt lat="40.791029" lon="-73.958454">
        <ele>24.6</ele>
        <time>2026-06-16T22:26:32.000Z</time>
      </trkpt>
      <trkpt lat="40.79102" lon="-73.958459">
        <ele>24.6</ele>
        <time>2026-06-16T22:26:33.000Z</time>
      </trkpt>
      <trkpt lat="40.791011" lon="-73.958464">
        <ele>24.6</ele>
        <time>2026-06-16T22:26:34.000Z</time>
      </trkpt>
      <trkpt lat="40.791001" lon="-73.958469">
        <ele>24.6</ele>
        <time>2026-06-16T22:26:35.000Z</time>
      </trkpt>
      <trkpt lat="40.790991" lon="-73.958474">
        <ele>24.6</ele>
        <time>2026-06-16T22:26:36.000Z</time>
      </trkpt>
      <trkpt lat="40.790981" lon="-73.958479">
        <ele>24.4</ele>
        <time>2026-06-16T22:26:37.000Z</time>
      </trkpt>
      <trkpt lat="40.790972" lon="-73.958484">
        <ele>24.4</ele>
        <time>2026-06-16T22:26:38.000Z</time>
      </trkpt>
      <trkpt lat="40.790961" lon="-73.958489">
        <ele>24.4</ele>
        <time>2026-06-16T22:26:39.000Z</time>
      </trkpt>
      <trkpt lat="40.790951" lon="-73.958493">
        <ele>24.4</ele>
        <time>2026-06-16T22:26:40.000Z</time>
      </trkpt>
      <trkpt lat="40.790941" lon="-73.958497">
        <ele>24.4</ele>
        <time>2026-06-16T22:26:41.000Z</time>
      </trkpt>
      <trkpt lat="40.790932" lon="-73.958501">
        <ele>24.2</ele>
        <time>2026-06-16T22:26:42.000Z</time>
      </trkpt>
      <trkpt lat="40.790922" lon="-73.958505">
        <ele>24.2</ele>
        <time>2026-06-16T22:26:43.000Z</time>
      </trkpt>
      <trkpt lat="40.790912" lon="-73.958508">
        <ele>24.2</ele>
        <time>2026-06-16T22:26:44.000Z</time>
      </trkpt>
      <trkpt lat="40.790903" lon="-73.958512">
        <ele>24.2</ele>
        <time>2026-06-16T22:26:45.000Z</time>
      </trkpt>
      <trkpt lat="40.790893" lon="-73.958515">
        <ele>24.2</ele>
        <time>2026-06-16T22:26:46.000Z</time>
      </trkpt>
      <trkpt lat="40.790884" lon="-73.958518">
        <ele>24.2</ele>
        <time>2026-06-16T22:26:47.000Z</time>
      </trkpt>
      <trkpt lat="40.790874" lon="-73.958521">
        <ele>24.2</ele>
        <time>2026-06-16T22:26:48.000Z</time>
      </trkpt>
      <trkpt lat="40.790865" lon="-73.958524">
        <ele>24.4</ele>
        <time>2026-06-16T22:26:49.000Z</time>
      </trkpt>
      <trkpt lat="40.790856" lon="-73.958527">
        <ele>24.4</ele>
        <time>2026-06-16T22:26:50.000Z</time>
      </trkpt>
      <trkpt lat="40.790846" lon="-73.95853">
        <ele>24.4</ele>
        <time>2026-06-16T22:26:51.000Z</time>
      </trkpt>
      <trkpt lat="40.790837" lon="-73.958533">
        <ele>24.4</ele>
        <time>2026-06-16T22:26:52.000Z</time>
      </trkpt>
      <trkpt lat="40.790827" lon="-73.958536">
        <ele>24.6</ele>
        <time>2026-06-16T22:26:53.000Z</time>
      </trkpt>
      <trkpt lat="40.790817" lon="-73.958539">
        <ele>24.6</ele>
        <time>2026-06-16T22:26:54.000Z</time>
      </trkpt>
      <trkpt lat="40.790807" lon="-73.958541">
        <ele>24.8</ele>
        <time>2026-06-16T22:26:55.000Z</time>
      </trkpt>
      <trkpt lat="40.790797" lon="-73.958544">
        <ele>24.8</ele>
        <time>2026-06-16T22:26:56.000Z</time>
      </trkpt>
      <trkpt lat="40.790788" lon="-73.958546">
        <ele>24.8</ele>
        <time>2026-06-16T22:26:57.000Z</time>
      </trkpt>
      <trkpt lat="40.790778" lon="-73.958549">
        <ele>25</ele>
        <time>2026-06-16T22:26:58.000Z</time>
      </trkpt>
      <trkpt lat="40.790768" lon="-73.958552">
        <ele>25</ele>
        <time>2026-06-16T22:26:59.000Z</time>
      </trkpt>
      <trkpt lat="40.790759" lon="-73.958554">
        <ele>25</ele>
        <time>2026-06-16T22:27:00.000Z</time>
      </trkpt>
      <trkpt lat="40.790749" lon="-73.958557">
        <ele>25.2</ele>
        <time>2026-06-16T22:27:01.000Z</time>
      </trkpt>
      <trkpt lat="40.79074" lon="-73.958559">
        <ele>25.2</ele>
        <time>2026-06-16T22:27:02.000Z</time>
      </trkpt>
      <trkpt lat="40.79073" lon="-73.958561">
        <ele>25.2</ele>
        <time>2026-06-16T22:27:03.000Z</time>
      </trkpt>
      <trkpt lat="40.79072" lon="-73.958563">
        <ele>25.2</ele>
        <time>2026-06-16T22:27:04.000Z</time>
      </trkpt>
      <trkpt lat="40.790709" lon="-73.958564">
        <ele>25.2</ele>
        <time>2026-06-16T22:27:05.000Z</time>
      </trkpt>
      <trkpt lat="40.790698" lon="-73.958565">
        <ele>25.2</ele>
        <time>2026-06-16T22:27:06.000Z</time>
      </trkpt>
      <trkpt lat="40.790687" lon="-73.958565">
        <ele>25.4</ele>
        <time>2026-06-16T22:27:07.000Z</time>
      </trkpt>
      <trkpt lat="40.790677" lon="-73.958565">
        <ele>25.4</ele>
        <time>2026-06-16T22:27:08.000Z</time>
      </trkpt>
      <trkpt lat="40.790666" lon="-73.958564">
        <ele>25.4</ele>
        <time>2026-06-16T22:27:09.000Z</time>
      </trkpt>
      <trkpt lat="40.790656" lon="-73.958563">
        <ele>25.4</ele>
        <time>2026-06-16T22:27:10.000Z</time>
      </trkpt>
      <trkpt lat="40.790646" lon="-73.958561">
        <ele>25.4</ele>
        <time>2026-06-16T22:27:11.000Z</time>
      </trkpt>
      <trkpt lat="40.790637" lon="-73.958558">
        <ele>25.4</ele>
        <time>2026-06-16T22:27:12.000Z</time>
      </trkpt>
      <trkpt lat="40.790627" lon="-73.958555">
        <ele>25.4</ele>
        <time>2026-06-16T22:27:13.000Z</time>
      </trkpt>
      <trkpt lat="40.790618" lon="-73.958552">
        <ele>25.4</ele>
        <time>2026-06-16T22:27:14.000Z</time>
      </trkpt>
      <trkpt lat="40.790609" lon="-73.958549">
        <ele>25.4</ele>
        <time>2026-06-16T22:27:15.000Z</time>
      </trkpt>
      <trkpt lat="40.7906" lon="-73.958545">
        <ele>25.4</ele>
        <time>2026-06-16T22:27:16.000Z</time>
      </trkpt>
      <trkpt lat="40.790591" lon="-73.958541">
        <ele>25.6</ele>
        <time>2026-06-16T22:27:17.000Z</time>
      </trkpt>
      <trkpt lat="40.790582" lon="-73.958536">
        <ele>25.6</ele>
        <time>2026-06-16T22:27:18.000Z</time>
      </trkpt>
      <trkpt lat="40.790574" lon="-73.958531">
        <ele>25.6</ele>
        <time>2026-06-16T22:27:19.000Z</time>
      </trkpt>
      <trkpt lat="40.790565" lon="-73.958525">
        <ele>25.6</ele>
        <time>2026-06-16T22:27:20.000Z</time>
      </trkpt>
      <trkpt lat="40.790556" lon="-73.958518">
        <ele>25.6</ele>
        <time>2026-06-16T22:27:21.000Z</time>
      </trkpt>
      <trkpt lat="40.790548" lon="-73.958511">
        <ele>25.6</ele>
        <time>2026-06-16T22:27:22.000Z</time>
      </trkpt>
      <trkpt lat="40.79054" lon="-73.958504">
        <ele>25.6</ele>
        <time>2026-06-16T22:27:23.000Z</time>
      </trkpt>
      <trkpt lat="40.790531" lon="-73.958496">
        <ele>25.6</ele>
        <time>2026-06-16T22:27:24.000Z</time>
      </trkpt>
      <trkpt lat="40.790523" lon="-73.958489">
        <ele>25.6</ele>
        <time>2026-06-16T22:27:25.000Z</time>
      </trkpt>
      <trkpt lat="40.790514" lon="-73.958483">
        <ele>25.6</ele>
        <time>2026-06-16T22:27:26.000Z</time>
      </trkpt>
      <trkpt lat="40.790506" lon="-73.958476">
        <ele>25.6</ele>
        <time>2026-06-16T22:27:27.000Z</time>
      </trkpt>
      <trkpt lat="40.790498" lon="-73.958469">
        <ele>25.6</ele>
        <time>2026-06-16T22:27:28.000Z</time>
      </trkpt>
      <trkpt lat="40.79049" lon="-73.958462">
        <ele>25.6</ele>
        <time>2026-06-16T22:27:29.000Z</time>
      </trkpt>
      <trkpt lat="40.790482" lon="-73.958454">
        <ele>25.6</ele>
        <time>2026-06-16T22:27:30.000Z</time>
      </trkpt>
      <trkpt lat="40.790474" lon="-73.958446">
        <ele>25.6</ele>
        <time>2026-06-16T22:27:31.000Z</time>
      </trkpt>
      <trkpt lat="40.790467" lon="-73.958439">
        <ele>25.6</ele>
        <time>2026-06-16T22:27:32.000Z</time>
      </trkpt>
      <trkpt lat="40.790459" lon="-73.958432">
        <ele>25.6</ele>
        <time>2026-06-16T22:27:33.000Z</time>
      </trkpt>
      <trkpt lat="40.790453" lon="-73.958427">
        <ele>25.6</ele>
        <time>2026-06-16T22:27:34.000Z</time>
      </trkpt>
      <trkpt lat="40.790446" lon="-73.95842">
        <ele>25.6</ele>
        <time>2026-06-16T22:27:35.000Z</time>
      </trkpt>
      <trkpt lat="40.79044" lon="-73.958411">
        <ele>25.6</ele>
        <time>2026-06-16T22:27:36.000Z</time>
      </trkpt>
      <trkpt lat="40.790434" lon="-73.958401">
        <ele>25.6</ele>
        <time>2026-06-16T22:27:37.000Z</time>
      </trkpt>
      <trkpt lat="40.790429" lon="-73.958389">
        <ele>25.6</ele>
        <time>2026-06-16T22:27:38.000Z</time>
      </trkpt>
      <trkpt lat="40.790425" lon="-73.958378">
        <ele>25.6</ele>
        <time>2026-06-16T22:27:39.000Z</time>
      </trkpt>
      <trkpt lat="40.790421" lon="-73.958367">
        <ele>25.6</ele>
        <time>2026-06-16T22:27:40.000Z</time>
      </trkpt>
      <trkpt lat="40.790417" lon="-73.958357">
        <ele>25.6</ele>
        <time>2026-06-16T22:27:41.000Z</time>
      </trkpt>
      <trkpt lat="40.790414" lon="-73.958346">
        <ele>25.6</ele>
        <time>2026-06-16T22:27:42.000Z</time>
      </trkpt>
      <trkpt lat="40.790411" lon="-73.958334">
        <ele>25.6</ele>
        <time>2026-06-16T22:27:43.000Z</time>
      </trkpt>
      <trkpt lat="40.790408" lon="-73.958322">
        <ele>25.6</ele>
        <time>2026-06-16T22:27:44.000Z</time>
      </trkpt>
      <trkpt lat="40.790405" lon="-73.95831">
        <ele>25.6</ele>
        <time>2026-06-16T22:27:45.000Z</time>
      </trkpt>
      <trkpt lat="40.790403" lon="-73.958298">
        <ele>25.6</ele>
        <time>2026-06-16T22:27:46.000Z</time>
      </trkpt>
      <trkpt lat="40.7904" lon="-73.958285">
        <ele>25.6</ele>
        <time>2026-06-16T22:27:47.000Z</time>
      </trkpt>
      <trkpt lat="40.790396" lon="-73.958272">
        <ele>25.6</ele>
        <time>2026-06-16T22:27:48.000Z</time>
      </trkpt>
      <trkpt lat="40.790392" lon="-73.958259">
        <ele>25.6</ele>
        <time>2026-06-16T22:27:49.000Z</time>
      </trkpt>
      <trkpt lat="40.790388" lon="-73.958245">
        <ele>25.6</ele>
        <time>2026-06-16T22:27:50.000Z</time>
      </trkpt>
      <trkpt lat="40.790384" lon="-73.958231">
        <ele>25.8</ele>
        <time>2026-06-16T22:27:51.000Z</time>
      </trkpt>
      <trkpt lat="40.790379" lon="-73.958218">
        <ele>25.8</ele>
        <time>2026-06-16T22:27:52.000Z</time>
      </trkpt>
      <trkpt lat="40.790374" lon="-73.958204">
        <ele>25.8</ele>
        <time>2026-06-16T22:27:53.000Z</time>
      </trkpt>
      <trkpt lat="40.790369" lon="-73.95819">
        <ele>25.8</ele>
        <time>2026-06-16T22:27:54.000Z</time>
      </trkpt>
      <trkpt lat="40.790364" lon="-73.958176">
        <ele>25.8</ele>
        <time>2026-06-16T22:27:55.000Z</time>
      </trkpt>
      <trkpt lat="40.79036" lon="-73.958165">
        <ele>25.8</ele>
        <time>2026-06-16T22:27:56.000Z</time>
      </trkpt>
      <trkpt lat="40.790356" lon="-73.958156">
        <ele>26</ele>
        <time>2026-06-16T22:27:57.000Z</time>
      </trkpt>
      <trkpt lat="40.790353" lon="-73.958149">
        <ele>26</ele>
        <time>2026-06-16T22:27:58.000Z</time>
      </trkpt>
      <trkpt lat="40.790348" lon="-73.958139">
        <ele>26</ele>
        <time>2026-06-16T22:27:59.000Z</time>
      </trkpt>
      <trkpt lat="40.790344" lon="-73.958127">
        <ele>26</ele>
        <time>2026-06-16T22:28:00.000Z</time>
      </trkpt>
      <trkpt lat="40.79034" lon="-73.958115">
        <ele>26</ele>
        <time>2026-06-16T22:28:01.000Z</time>
      </trkpt>
      <trkpt lat="40.790337" lon="-73.958104">
        <ele>26</ele>
        <time>2026-06-16T22:28:02.000Z</time>
      </trkpt>
      <trkpt lat="40.790333" lon="-73.958091">
        <ele>26.2</ele>
        <time>2026-06-16T22:28:03.000Z</time>
      </trkpt>
      <trkpt lat="40.790329" lon="-73.958078">
        <ele>26.2</ele>
        <time>2026-06-16T22:28:04.000Z</time>
      </trkpt>
      <trkpt lat="40.790324" lon="-73.958066">
        <ele>26.2</ele>
        <time>2026-06-16T22:28:05.000Z</time>
      </trkpt>
      <trkpt lat="40.790319" lon="-73.958055">
        <ele>26.2</ele>
        <time>2026-06-16T22:28:06.000Z</time>
      </trkpt>
      <trkpt lat="40.790313" lon="-73.958042">
        <ele>26.2</ele>
        <time>2026-06-16T22:28:07.000Z</time>
      </trkpt>
      <trkpt lat="40.790307" lon="-73.95803">
        <ele>26.4</ele>
        <time>2026-06-16T22:28:08.000Z</time>
      </trkpt>
      <trkpt lat="40.790301" lon="-73.958017">
        <ele>26.4</ele>
        <time>2026-06-16T22:28:09.000Z</time>
      </trkpt>
      <trkpt lat="40.790292" lon="-73.957998">
        <ele>26.4</ele>
        <time>2026-06-16T22:28:10.000Z</time>
      </trkpt>
      <trkpt lat="40.790289" lon="-73.957992">
        <ele>26.4</ele>
        <time>2026-06-16T22:28:11.000Z</time>
      </trkpt>
      <trkpt lat="40.790284" lon="-73.95798">
        <ele>26.4</ele>
        <time>2026-06-16T22:28:12.000Z</time>
      </trkpt>
      <trkpt lat="40.790278" lon="-73.95797">
        <ele>26.6</ele>
        <time>2026-06-16T22:28:13.000Z</time>
      </trkpt>
      <trkpt lat="40.790272" lon="-73.95796">
        <ele>26.6</ele>
        <time>2026-06-16T22:28:14.000Z</time>
      </trkpt>
      <trkpt lat="40.790265" lon="-73.957949">
        <ele>26.6</ele>
        <time>2026-06-16T22:28:15.000Z</time>
      </trkpt>
      <trkpt lat="40.790259" lon="-73.957938">
        <ele>26.6</ele>
        <time>2026-06-16T22:28:16.000Z</time>
      </trkpt>
      <trkpt lat="40.790253" lon="-73.957927">
        <ele>26.8</ele>
        <time>2026-06-16T22:28:17.000Z</time>
      </trkpt>
      <trkpt lat="40.790247" lon="-73.957916">
        <ele>26.8</ele>
        <time>2026-06-16T22:28:18.000Z</time>
      </trkpt>
      <trkpt lat="40.790241" lon="-73.957905">
        <ele>26.8</ele>
        <time>2026-06-16T22:28:19.000Z</time>
      </trkpt>
      <trkpt lat="40.790235" lon="-73.957894">
        <ele>26.8</ele>
        <time>2026-06-16T22:28:20.000Z</time>
      </trkpt>
      <trkpt lat="40.790228" lon="-73.957883">
        <ele>26.8</ele>
        <time>2026-06-16T22:28:21.000Z</time>
      </trkpt>
      <trkpt lat="40.790223" lon="-73.957872">
        <ele>26.8</ele>
        <time>2026-06-16T22:28:22.000Z</time>
      </trkpt>
      <trkpt lat="40.790218" lon="-73.957862">
        <ele>26.8</ele>
        <time>2026-06-16T22:28:23.000Z</time>
      </trkpt>
      <trkpt lat="40.790212" lon="-73.957853">
        <ele>26.8</ele>
        <time>2026-06-16T22:28:24.000Z</time>
      </trkpt>
      <trkpt lat="40.790207" lon="-73.957843">
        <ele>26.8</ele>
        <time>2026-06-16T22:28:25.000Z</time>
      </trkpt>
      <trkpt lat="40.790201" lon="-73.957834">
        <ele>26.8</ele>
        <time>2026-06-16T22:28:26.000Z</time>
      </trkpt>
      <trkpt lat="40.790195" lon="-73.957824">
        <ele>26.8</ele>
        <time>2026-06-16T22:28:27.000Z</time>
      </trkpt>
      <trkpt lat="40.790189" lon="-73.957814">
        <ele>26.6</ele>
        <time>2026-06-16T22:28:28.000Z</time>
      </trkpt>
      <trkpt lat="40.790183" lon="-73.957804">
        <ele>26.6</ele>
        <time>2026-06-16T22:28:29.000Z</time>
      </trkpt>
      <trkpt lat="40.790178" lon="-73.957794">
        <ele>26.6</ele>
        <time>2026-06-16T22:28:30.000Z</time>
      </trkpt>
      <trkpt lat="40.790172" lon="-73.957784">
        <ele>26.6</ele>
        <time>2026-06-16T22:28:31.000Z</time>
      </trkpt>
      <trkpt lat="40.790166" lon="-73.957774">
        <ele>26.6</ele>
        <time>2026-06-16T22:28:32.000Z</time>
      </trkpt>
      <trkpt lat="40.79016" lon="-73.957764">
        <ele>26.6</ele>
        <time>2026-06-16T22:28:33.000Z</time>
      </trkpt>
      <trkpt lat="40.790154" lon="-73.957754">
        <ele>26.4</ele>
        <time>2026-06-16T22:28:34.000Z</time>
      </trkpt>
      <trkpt lat="40.790147" lon="-73.957744">
        <ele>26.4</ele>
        <time>2026-06-16T22:28:35.000Z</time>
      </trkpt>
      <trkpt lat="40.790141" lon="-73.957734">
        <ele>26.4</ele>
        <time>2026-06-16T22:28:36.000Z</time>
      </trkpt>
      <trkpt lat="40.790134" lon="-73.957724">
        <ele>26.4</ele>
        <time>2026-06-16T22:28:37.000Z</time>
      </trkpt>
      <trkpt lat="40.790127" lon="-73.957716">
        <ele>26.2</ele>
        <time>2026-06-16T22:28:38.000Z</time>
      </trkpt>
      <trkpt lat="40.790121" lon="-73.957707">
        <ele>26.2</ele>
        <time>2026-06-16T22:28:39.000Z</time>
      </trkpt>
      <trkpt lat="40.790116" lon="-73.957698">
        <ele>26.2</ele>
        <time>2026-06-16T22:28:40.000Z</time>
      </trkpt>
      <trkpt lat="40.790111" lon="-73.957689">
        <ele>26.2</ele>
        <time>2026-06-16T22:28:41.000Z</time>
      </trkpt>
      <trkpt lat="40.790105" lon="-73.95768">
        <ele>26.2</ele>
        <time>2026-06-16T22:28:42.000Z</time>
      </trkpt>
      <trkpt lat="40.790099" lon="-73.957669">
        <ele>26.2</ele>
        <time>2026-06-16T22:28:43.000Z</time>
      </trkpt>
      <trkpt lat="40.790091" lon="-73.957658">
        <ele>26.2</ele>
        <time>2026-06-16T22:28:44.000Z</time>
      </trkpt>
      <trkpt lat="40.790084" lon="-73.957648">
        <ele>26.2</ele>
        <time>2026-06-16T22:28:45.000Z</time>
      </trkpt>
      <trkpt lat="40.790076" lon="-73.95764">
        <ele>26.2</ele>
        <time>2026-06-16T22:28:46.000Z</time>
      </trkpt>
      <trkpt lat="40.790068" lon="-73.957633">
        <ele>26.4</ele>
        <time>2026-06-16T22:28:47.000Z</time>
      </trkpt>
      <trkpt lat="40.790059" lon="-73.957626">
        <ele>26.4</ele>
        <time>2026-06-16T22:28:48.000Z</time>
      </trkpt>
      <trkpt lat="40.79005" lon="-73.957617">
        <ele>26.4</ele>
        <time>2026-06-16T22:28:49.000Z</time>
      </trkpt>
      <trkpt lat="40.79004" lon="-73.957608">
        <ele>26.4</ele>
        <time>2026-06-16T22:28:50.000Z</time>
      </trkpt>
      <trkpt lat="40.790029" lon="-73.957599">
        <ele>26.6</ele>
        <time>2026-06-16T22:28:51.000Z</time>
      </trkpt>
      <trkpt lat="40.790019" lon="-73.95759">
        <ele>26.6</ele>
        <time>2026-06-16T22:28:52.000Z</time>
      </trkpt>
      <trkpt lat="40.790009" lon="-73.957581">
        <ele>26.6</ele>
        <time>2026-06-16T22:28:53.000Z</time>
      </trkpt>
      <trkpt lat="40.79" lon="-73.957574">
        <ele>26.8</ele>
        <time>2026-06-16T22:28:54.000Z</time>
      </trkpt>
      <trkpt lat="40.789991" lon="-73.957567">
        <ele>26.8</ele>
        <time>2026-06-16T22:28:55.000Z</time>
      </trkpt>
      <trkpt lat="40.789981" lon="-73.95756">
        <ele>26.8</ele>
        <time>2026-06-16T22:28:56.000Z</time>
      </trkpt>
      <trkpt lat="40.78997" lon="-73.957554">
        <ele>27</ele>
        <time>2026-06-16T22:28:57.000Z</time>
      </trkpt>
      <trkpt lat="40.789959" lon="-73.957548">
        <ele>27</ele>
        <time>2026-06-16T22:28:58.000Z</time>
      </trkpt>
      <trkpt lat="40.789949" lon="-73.957542">
        <ele>27</ele>
        <time>2026-06-16T22:28:59.000Z</time>
      </trkpt>
      <trkpt lat="40.789939" lon="-73.957538">
        <ele>27</ele>
        <time>2026-06-16T22:29:00.000Z</time>
      </trkpt>
      <trkpt lat="40.789929" lon="-73.957533">
        <ele>27.2</ele>
        <time>2026-06-16T22:29:01.000Z</time>
      </trkpt>
      <trkpt lat="40.789918" lon="-73.957528">
        <ele>27.2</ele>
        <time>2026-06-16T22:29:02.000Z</time>
      </trkpt>
      <trkpt lat="40.789908" lon="-73.957524">
        <ele>27.2</ele>
        <time>2026-06-16T22:29:03.000Z</time>
      </trkpt>
      <trkpt lat="40.789898" lon="-73.95752">
        <ele>27.2</ele>
        <time>2026-06-16T22:29:04.000Z</time>
      </trkpt>
      <trkpt lat="40.789888" lon="-73.957517">
        <ele>27.4</ele>
        <time>2026-06-16T22:29:05.000Z</time>
      </trkpt>
      <trkpt lat="40.789877" lon="-73.957515">
        <ele>27.4</ele>
        <time>2026-06-16T22:29:06.000Z</time>
      </trkpt>
      <trkpt lat="40.789866" lon="-73.957513">
        <ele>27.4</ele>
        <time>2026-06-16T22:29:07.000Z</time>
      </trkpt>
      <trkpt lat="40.789855" lon="-73.957512">
        <ele>27.4</ele>
        <time>2026-06-16T22:29:08.000Z</time>
      </trkpt>
      <trkpt lat="40.789845" lon="-73.95751">
        <ele>27.4</ele>
        <time>2026-06-16T22:29:09.000Z</time>
      </trkpt>
      <trkpt lat="40.789835" lon="-73.957509">
        <ele>27.4</ele>
        <time>2026-06-16T22:29:10.000Z</time>
      </trkpt>
      <trkpt lat="40.789825" lon="-73.957506">
        <ele>27.6</ele>
        <time>2026-06-16T22:29:11.000Z</time>
      </trkpt>
      <trkpt lat="40.789815" lon="-73.957502">
        <ele>27.6</ele>
        <time>2026-06-16T22:29:12.000Z</time>
      </trkpt>
      <trkpt lat="40.789806" lon="-73.957498">
        <ele>27.6</ele>
        <time>2026-06-16T22:29:13.000Z</time>
      </trkpt>
      <trkpt lat="40.789797" lon="-73.957492">
        <ele>27.6</ele>
        <time>2026-06-16T22:29:14.000Z</time>
      </trkpt>
      <trkpt lat="40.789788" lon="-73.957485">
        <ele>27.8</ele>
        <time>2026-06-16T22:29:15.000Z</time>
      </trkpt>
      <trkpt lat="40.78978" lon="-73.957478">
        <ele>27.8</ele>
        <time>2026-06-16T22:29:16.000Z</time>
      </trkpt>
      <trkpt lat="40.789773" lon="-73.957471">
        <ele>27.8</ele>
        <time>2026-06-16T22:29:17.000Z</time>
      </trkpt>
      <trkpt lat="40.789766" lon="-73.957464">
        <ele>27.8</ele>
        <time>2026-06-16T22:29:18.000Z</time>
      </trkpt>
      <trkpt lat="40.789759" lon="-73.957455">
        <ele>28</ele>
        <time>2026-06-16T22:29:19.000Z</time>
      </trkpt>
      <trkpt lat="40.789753" lon="-73.957445">
        <ele>28</ele>
        <time>2026-06-16T22:29:20.000Z</time>
      </trkpt>
      <trkpt lat="40.789748" lon="-73.957434">
        <ele>28</ele>
        <time>2026-06-16T22:29:21.000Z</time>
      </trkpt>
      <trkpt lat="40.789743" lon="-73.957422">
        <ele>28</ele>
        <time>2026-06-16T22:29:22.000Z</time>
      </trkpt>
      <trkpt lat="40.789739" lon="-73.957407">
        <ele>28.2</ele>
        <time>2026-06-16T22:29:23.000Z</time>
      </trkpt>
      <trkpt lat="40.789736" lon="-73.957392">
        <ele>28.2</ele>
        <time>2026-06-16T22:29:24.000Z</time>
      </trkpt>
      <trkpt lat="40.789733" lon="-73.957377">
        <ele>28.2</ele>
        <time>2026-06-16T22:29:25.000Z</time>
      </trkpt>
      <trkpt lat="40.78973" lon="-73.957363">
        <ele>28.4</ele>
        <time>2026-06-16T22:29:26.000Z</time>
      </trkpt>
      <trkpt lat="40.789726" lon="-73.957349">
        <ele>28.4</ele>
        <time>2026-06-16T22:29:27.000Z</time>
      </trkpt>
      <trkpt lat="40.789723" lon="-73.957336">
        <ele>28.4</ele>
        <time>2026-06-16T22:29:28.000Z</time>
      </trkpt>
      <trkpt lat="40.78972" lon="-73.957322">
        <ele>28.4</ele>
        <time>2026-06-16T22:29:29.000Z</time>
      </trkpt>
      <trkpt lat="40.789717" lon="-73.957309">
        <ele>28.4</ele>
        <time>2026-06-16T22:29:30.000Z</time>
      </trkpt>
      <trkpt lat="40.789714" lon="-73.957296">
        <ele>28.4</ele>
        <time>2026-06-16T22:29:31.000Z</time>
      </trkpt>
      <trkpt lat="40.78971" lon="-73.957284">
        <ele>28.4</ele>
        <time>2026-06-16T22:29:32.000Z</time>
      </trkpt>
      <trkpt lat="40.789706" lon="-73.957274">
        <ele>28.4</ele>
        <time>2026-06-16T22:29:33.000Z</time>
      </trkpt>
      <trkpt lat="40.7897" lon="-73.957264">
        <ele>28.4</ele>
        <time>2026-06-16T22:29:34.000Z</time>
      </trkpt>
      <trkpt lat="40.789694" lon="-73.957255">
        <ele>28.4</ele>
        <time>2026-06-16T22:29:35.000Z</time>
      </trkpt>
      <trkpt lat="40.789687" lon="-73.957248">
        <ele>28.4</ele>
        <time>2026-06-16T22:29:36.000Z</time>
      </trkpt>
      <trkpt lat="40.789678" lon="-73.957246">
        <ele>28.2</ele>
        <time>2026-06-16T22:29:37.000Z</time>
      </trkpt>
      <trkpt lat="40.789669" lon="-73.957247">
        <ele>28.2</ele>
        <time>2026-06-16T22:29:38.000Z</time>
      </trkpt>
      <trkpt lat="40.789659" lon="-73.95725">
        <ele>28.2</ele>
        <time>2026-06-16T22:29:39.000Z</time>
      </trkpt>
      <trkpt lat="40.789649" lon="-73.957254">
        <ele>28.2</ele>
        <time>2026-06-16T22:29:40.000Z</time>
      </trkpt>
      <trkpt lat="40.789639" lon="-73.957257">
        <ele>28.4</ele>
        <time>2026-06-16T22:29:41.000Z</time>
      </trkpt>
      <trkpt lat="40.789628" lon="-73.957258">
        <ele>28.4</ele>
        <time>2026-06-16T22:29:42.000Z</time>
      </trkpt>
      <trkpt lat="40.789619" lon="-73.957257">
        <ele>28.4</ele>
        <time>2026-06-16T22:29:43.000Z</time>
      </trkpt>
      <trkpt lat="40.78961" lon="-73.957253">
        <ele>28.4</ele>
        <time>2026-06-16T22:29:44.000Z</time>
      </trkpt>
      <trkpt lat="40.789601" lon="-73.957247">
        <ele>28.4</ele>
        <time>2026-06-16T22:29:45.000Z</time>
      </trkpt>
      <trkpt lat="40.789593" lon="-73.957239">
        <ele>28.4</ele>
        <time>2026-06-16T22:29:46.000Z</time>
      </trkpt>
      <trkpt lat="40.789586" lon="-73.95723">
        <ele>28.6</ele>
        <time>2026-06-16T22:29:47.000Z</time>
      </trkpt>
      <trkpt lat="40.78958" lon="-73.95722">
        <ele>28.6</ele>
        <time>2026-06-16T22:29:48.000Z</time>
      </trkpt>
      <trkpt lat="40.789574" lon="-73.957209">
        <ele>28.6</ele>
        <time>2026-06-16T22:29:49.000Z</time>
      </trkpt>
      <trkpt lat="40.78957" lon="-73.957198">
        <ele>28.6</ele>
        <time>2026-06-16T22:29:50.000Z</time>
      </trkpt>
      <trkpt lat="40.789566" lon="-73.957187">
        <ele>28.4</ele>
        <time>2026-06-16T22:29:51.000Z</time>
      </trkpt>
      <trkpt lat="40.789563" lon="-73.957175">
        <ele>28.4</ele>
        <time>2026-06-16T22:29:52.000Z</time>
      </trkpt>
      <trkpt lat="40.78956" lon="-73.957163">
        <ele>28.4</ele>
        <time>2026-06-16T22:29:53.000Z</time>
      </trkpt>
      <trkpt lat="40.789557" lon="-73.957151">
        <ele>28.4</ele>
        <time>2026-06-16T22:29:54.000Z</time>
      </trkpt>
      <trkpt lat="40.789554" lon="-73.957138">
        <ele>28.2</ele>
        <time>2026-06-16T22:29:55.000Z</time>
      </trkpt>
      <trkpt lat="40.789551" lon="-73.957124">
        <ele>28.2</ele>
        <time>2026-06-16T22:29:56.000Z</time>
      </trkpt>
      <trkpt lat="40.789548" lon="-73.957112">
        <ele>28</ele>
        <time>2026-06-16T22:29:57.000Z</time>
      </trkpt>
      <trkpt lat="40.789545" lon="-73.9571">
        <ele>28</ele>
        <time>2026-06-16T22:29:58.000Z</time>
      </trkpt>
      <trkpt lat="40.789543" lon="-73.957089">
        <ele>27.8</ele>
        <time>2026-06-16T22:29:59.000Z</time>
      </trkpt>
      <trkpt lat="40.789542" lon="-73.957078">
        <ele>27.8</ele>
        <time>2026-06-16T22:30:00.000Z</time>
      </trkpt>
      <trkpt lat="40.789543" lon="-73.957067">
        <ele>27.6</ele>
        <time>2026-06-16T22:30:01.000Z</time>
      </trkpt>
      <trkpt lat="40.789545" lon="-73.957057">
        <ele>27.6</ele>
        <time>2026-06-16T22:30:02.000Z</time>
      </trkpt>
      <trkpt lat="40.789547" lon="-73.957047">
        <ele>27.4</ele>
        <time>2026-06-16T22:30:03.000Z</time>
      </trkpt>
      <trkpt lat="40.78955" lon="-73.957037">
        <ele>27.4</ele>
        <time>2026-06-16T22:30:04.000Z</time>
      </trkpt>
      <trkpt lat="40.789553" lon="-73.957029">
        <ele>27.4</ele>
        <time>2026-06-16T22:30:05.000Z</time>
      </trkpt>
      <trkpt lat="40.789556" lon="-73.957022">
        <ele>27.2</ele>
        <time>2026-06-16T22:30:06.000Z</time>
      </trkpt>
      <trkpt lat="40.78956" lon="-73.957014">
        <ele>27.2</ele>
        <time>2026-06-16T22:30:07.000Z</time>
      </trkpt>
      <trkpt lat="40.789564" lon="-73.957005">
        <ele>27</ele>
        <time>2026-06-16T22:30:08.000Z</time>
      </trkpt>
      <trkpt lat="40.789568" lon="-73.956995">
        <ele>27</ele>
        <time>2026-06-16T22:30:09.000Z</time>
      </trkpt>
      <trkpt lat="40.78957" lon="-73.956983">
        <ele>27</ele>
        <time>2026-06-16T22:30:10.000Z</time>
      </trkpt>
      <trkpt lat="40.789569" lon="-73.956969">
        <ele>27</ele>
        <time>2026-06-16T22:30:11.000Z</time>
      </trkpt>
      <trkpt lat="40.789565" lon="-73.956955">
        <ele>26.8</ele>
        <time>2026-06-16T22:30:12.000Z</time>
      </trkpt>
      <trkpt lat="40.789559" lon="-73.95694">
        <ele>26.8</ele>
        <time>2026-06-16T22:30:13.000Z</time>
      </trkpt>
      <trkpt lat="40.789553" lon="-73.956925">
        <ele>26.8</ele>
        <time>2026-06-16T22:30:14.000Z</time>
      </trkpt>
      <trkpt lat="40.789547" lon="-73.956911">
        <ele>26.8</ele>
        <time>2026-06-16T22:30:15.000Z</time>
      </trkpt>
      <trkpt lat="40.789542" lon="-73.956897">
        <ele>26.8</ele>
        <time>2026-06-16T22:30:16.000Z</time>
      </trkpt>
      <trkpt lat="40.789538" lon="-73.956883">
        <ele>26.8</ele>
        <time>2026-06-16T22:30:17.000Z</time>
      </trkpt>
      <trkpt lat="40.789535" lon="-73.95687">
        <ele>26.6</ele>
        <time>2026-06-16T22:30:18.000Z</time>
      </trkpt>
      <trkpt lat="40.789533" lon="-73.956857">
        <ele>26.6</ele>
        <time>2026-06-16T22:30:19.000Z</time>
      </trkpt>
      <trkpt lat="40.789531" lon="-73.956843">
        <ele>26.6</ele>
        <time>2026-06-16T22:30:20.000Z</time>
      </trkpt>
      <trkpt lat="40.789528" lon="-73.95683">
        <ele>26.6</ele>
        <time>2026-06-16T22:30:21.000Z</time>
      </trkpt>
      <trkpt lat="40.789525" lon="-73.956817">
        <ele>26.6</ele>
        <time>2026-06-16T22:30:22.000Z</time>
      </trkpt>
      <trkpt lat="40.78952" lon="-73.956805">
        <ele>26.4</ele>
        <time>2026-06-16T22:30:23.000Z</time>
      </trkpt>
      <trkpt lat="40.789516" lon="-73.956793">
        <ele>26.4</ele>
        <time>2026-06-16T22:30:24.000Z</time>
      </trkpt>
      <trkpt lat="40.789512" lon="-73.956781">
        <ele>26.4</ele>
        <time>2026-06-16T22:30:25.000Z</time>
      </trkpt>
      <trkpt lat="40.789508" lon="-73.956768">
        <ele>26.4</ele>
        <time>2026-06-16T22:30:26.000Z</time>
      </trkpt>
      <trkpt lat="40.789504" lon="-73.956755">
        <ele>26.4</ele>
        <time>2026-06-16T22:30:27.000Z</time>
      </trkpt>
      <trkpt lat="40.7895" lon="-73.956742">
        <ele>26.2</ele>
        <time>2026-06-16T22:30:28.000Z</time>
      </trkpt>
      <trkpt lat="40.789496" lon="-73.956729">
        <ele>26.2</ele>
        <time>2026-06-16T22:30:29.000Z</time>
      </trkpt>
      <trkpt lat="40.789492" lon="-73.956716">
        <ele>26.2</ele>
        <time>2026-06-16T22:30:30.000Z</time>
      </trkpt>
      <trkpt lat="40.789488" lon="-73.956704">
        <ele>26.2</ele>
        <time>2026-06-16T22:30:31.000Z</time>
      </trkpt>
      <trkpt lat="40.789485" lon="-73.956692">
        <ele>26.2</ele>
        <time>2026-06-16T22:30:32.000Z</time>
      </trkpt>
      <trkpt lat="40.789482" lon="-73.956678">
        <ele>26.2</ele>
        <time>2026-06-16T22:30:33.000Z</time>
      </trkpt>
      <trkpt lat="40.789479" lon="-73.956664">
        <ele>26</ele>
        <time>2026-06-16T22:30:34.000Z</time>
      </trkpt>
      <trkpt lat="40.789477" lon="-73.956651">
        <ele>26</ele>
        <time>2026-06-16T22:30:35.000Z</time>
      </trkpt>
      <trkpt lat="40.789474" lon="-73.956638">
        <ele>26</ele>
        <time>2026-06-16T22:30:36.000Z</time>
      </trkpt>
      <trkpt lat="40.789471" lon="-73.956625">
        <ele>26</ele>
        <time>2026-06-16T22:30:37.000Z</time>
      </trkpt>
      <trkpt lat="40.789467" lon="-73.956612">
        <ele>26</ele>
        <time>2026-06-16T22:30:38.000Z</time>
      </trkpt>
      <trkpt lat="40.789459" lon="-73.95659">
        <ele>26</ele>
        <time>2026-06-16T22:30:39.000Z</time>
      </trkpt>
      <trkpt lat="40.789455" lon="-73.956582">
        <ele>26</ele>
        <time>2026-06-16T22:30:40.000Z</time>
      </trkpt>
      <trkpt lat="40.789452" lon="-73.956573">
        <ele>26</ele>
        <time>2026-06-16T22:30:41.000Z</time>
      </trkpt>
      <trkpt lat="40.789446" lon="-73.956559">
        <ele>26</ele>
        <time>2026-06-16T22:30:42.000Z</time>
      </trkpt>
      <trkpt lat="40.789441" lon="-73.956546">
        <ele>26</ele>
        <time>2026-06-16T22:30:43.000Z</time>
      </trkpt>
      <trkpt lat="40.789435" lon="-73.956534">
        <ele>26</ele>
        <time>2026-06-16T22:30:44.000Z</time>
      </trkpt>
      <trkpt lat="40.789429" lon="-73.956523">
        <ele>26</ele>
        <time>2026-06-16T22:30:45.000Z</time>
      </trkpt>
      <trkpt lat="40.789424" lon="-73.956512">
        <ele>26</ele>
        <time>2026-06-16T22:30:46.000Z</time>
      </trkpt>
      <trkpt lat="40.789417" lon="-73.956501">
        <ele>25.8</ele>
        <time>2026-06-16T22:30:47.000Z</time>
      </trkpt>
      <trkpt lat="40.78941" lon="-73.956489">
        <ele>25.8</ele>
        <time>2026-06-16T22:30:48.000Z</time>
      </trkpt>
      <trkpt lat="40.789403" lon="-73.956479">
        <ele>25.8</ele>
        <time>2026-06-16T22:30:49.000Z</time>
      </trkpt>
      <trkpt lat="40.789396" lon="-73.956469">
        <ele>25.8</ele>
        <time>2026-06-16T22:30:50.000Z</time>
      </trkpt>
      <trkpt lat="40.789389" lon="-73.956459">
        <ele>25.8</ele>
        <time>2026-06-16T22:30:51.000Z</time>
      </trkpt>
      <trkpt lat="40.789382" lon="-73.95645">
        <ele>25.8</ele>
        <time>2026-06-16T22:30:52.000Z</time>
      </trkpt>
      <trkpt lat="40.789375" lon="-73.956441">
        <ele>25.8</ele>
        <time>2026-06-16T22:30:53.000Z</time>
      </trkpt>
      <trkpt lat="40.789368" lon="-73.956431">
        <ele>25.8</ele>
        <time>2026-06-16T22:30:54.000Z</time>
      </trkpt>
      <trkpt lat="40.789361" lon="-73.956422">
        <ele>25.8</ele>
        <time>2026-06-16T22:30:55.000Z</time>
      </trkpt>
      <trkpt lat="40.789355" lon="-73.956411">
        <ele>25.8</ele>
        <time>2026-06-16T22:30:56.000Z</time>
      </trkpt>
      <trkpt lat="40.789349" lon="-73.956399">
        <ele>25.6</ele>
        <time>2026-06-16T22:30:57.000Z</time>
      </trkpt>
      <trkpt lat="40.789343" lon="-73.956388">
        <ele>25.6</ele>
        <time>2026-06-16T22:30:58.000Z</time>
      </trkpt>
      <trkpt lat="40.789339" lon="-73.956377">
        <ele>25.6</ele>
        <time>2026-06-16T22:30:59.000Z</time>
      </trkpt>
      <trkpt lat="40.789335" lon="-73.956366">
        <ele>25.6</ele>
        <time>2026-06-16T22:31:00.000Z</time>
      </trkpt>
      <trkpt lat="40.789331" lon="-73.956355">
        <ele>25.6</ele>
        <time>2026-06-16T22:31:01.000Z</time>
      </trkpt>
      <trkpt lat="40.789327" lon="-73.956344">
        <ele>25.6</ele>
        <time>2026-06-16T22:31:02.000Z</time>
      </trkpt>
      <trkpt lat="40.789322" lon="-73.956332">
        <ele>25.6</ele>
        <time>2026-06-16T22:31:03.000Z</time>
      </trkpt>
      <trkpt lat="40.789316" lon="-73.956321">
        <ele>25.4</ele>
        <time>2026-06-16T22:31:04.000Z</time>
      </trkpt>
      <trkpt lat="40.789311" lon="-73.956309">
        <ele>25.4</ele>
        <time>2026-06-16T22:31:05.000Z</time>
      </trkpt>
      <trkpt lat="40.789307" lon="-73.956297">
        <ele>25.4</ele>
        <time>2026-06-16T22:31:06.000Z</time>
      </trkpt>
      <trkpt lat="40.789302" lon="-73.956286">
        <ele>25.4</ele>
        <time>2026-06-16T22:31:07.000Z</time>
      </trkpt>
      <trkpt lat="40.789298" lon="-73.956274">
        <ele>25.4</ele>
        <time>2026-06-16T22:31:08.000Z</time>
      </trkpt>
      <trkpt lat="40.789293" lon="-73.956263">
        <ele>25.4</ele>
        <time>2026-06-16T22:31:09.000Z</time>
      </trkpt>
      <trkpt lat="40.789288" lon="-73.956252">
        <ele>25.4</ele>
        <time>2026-06-16T22:31:10.000Z</time>
      </trkpt>
      <trkpt lat="40.789284" lon="-73.956241">
        <ele>25.2</ele>
        <time>2026-06-16T22:31:11.000Z</time>
      </trkpt>
      <trkpt lat="40.78928" lon="-73.956231">
        <ele>25.2</ele>
        <time>2026-06-16T22:31:12.000Z</time>
      </trkpt>
      <trkpt lat="40.789277" lon="-73.956219">
        <ele>25.2</ele>
        <time>2026-06-16T22:31:13.000Z</time>
      </trkpt>
      <trkpt lat="40.789273" lon="-73.956207">
        <ele>25.2</ele>
        <time>2026-06-16T22:31:14.000Z</time>
      </trkpt>
      <trkpt lat="40.789269" lon="-73.956194">
        <ele>25.2</ele>
        <time>2026-06-16T22:31:15.000Z</time>
      </trkpt>
      <trkpt lat="40.789264" lon="-73.956183">
        <ele>25.2</ele>
        <time>2026-06-16T22:31:16.000Z</time>
      </trkpt>
      <trkpt lat="40.789259" lon="-73.956172">
        <ele>25</ele>
        <time>2026-06-16T22:31:17.000Z</time>
      </trkpt>
      <trkpt lat="40.789253" lon="-73.95616">
        <ele>25</ele>
        <time>2026-06-16T22:31:18.000Z</time>
      </trkpt>
      <trkpt lat="40.789248" lon="-73.956149">
        <ele>25</ele>
        <time>2026-06-16T22:31:19.000Z</time>
      </trkpt>
      <trkpt lat="40.789243" lon="-73.956139">
        <ele>25</ele>
        <time>2026-06-16T22:31:20.000Z</time>
      </trkpt>
      <trkpt lat="40.789238" lon="-73.956127">
        <ele>24.8</ele>
        <time>2026-06-16T22:31:21.000Z</time>
      </trkpt>
      <trkpt lat="40.789234" lon="-73.956115">
        <ele>24.8</ele>
        <time>2026-06-16T22:31:22.000Z</time>
      </trkpt>
      <trkpt lat="40.78923" lon="-73.956103">
        <ele>24.8</ele>
        <time>2026-06-16T22:31:23.000Z</time>
      </trkpt>
      <trkpt lat="40.789227" lon="-73.956091">
        <ele>24.8</ele>
        <time>2026-06-16T22:31:24.000Z</time>
      </trkpt>
      <trkpt lat="40.789224" lon="-73.95608">
        <ele>24.8</ele>
        <time>2026-06-16T22:31:25.000Z</time>
      </trkpt>
      <trkpt lat="40.78922" lon="-73.956068">
        <ele>24.6</ele>
        <time>2026-06-16T22:31:26.000Z</time>
      </trkpt>
      <trkpt lat="40.789216" lon="-73.956056">
        <ele>24.6</ele>
        <time>2026-06-16T22:31:27.000Z</time>
      </trkpt>
      <trkpt lat="40.789212" lon="-73.956045">
        <ele>24.6</ele>
        <time>2026-06-16T22:31:28.000Z</time>
      </trkpt>
      <trkpt lat="40.789207" lon="-73.956034">
        <ele>24.6</ele>
        <time>2026-06-16T22:31:29.000Z</time>
      </trkpt>
      <trkpt lat="40.789203" lon="-73.956023">
        <ele>24.6</ele>
        <time>2026-06-16T22:31:30.000Z</time>
      </trkpt>
      <trkpt lat="40.789199" lon="-73.956013">
        <ele>24.6</ele>
        <time>2026-06-16T22:31:31.000Z</time>
      </trkpt>
      <trkpt lat="40.789195" lon="-73.956003">
        <ele>24.4</ele>
        <time>2026-06-16T22:31:32.000Z</time>
      </trkpt>
      <trkpt lat="40.789192" lon="-73.955993">
        <ele>24.4</ele>
        <time>2026-06-16T22:31:33.000Z</time>
      </trkpt>
      <trkpt lat="40.789188" lon="-73.955981">
        <ele>24.4</ele>
        <time>2026-06-16T22:31:34.000Z</time>
      </trkpt>
      <trkpt lat="40.789184" lon="-73.955969">
        <ele>24.4</ele>
        <time>2026-06-16T22:31:35.000Z</time>
      </trkpt>
      <trkpt lat="40.78918" lon="-73.955957">
        <ele>24.4</ele>
        <time>2026-06-16T22:31:36.000Z</time>
      </trkpt>
      <trkpt lat="40.789177" lon="-73.955945">
        <ele>24.2</ele>
        <time>2026-06-16T22:31:37.000Z</time>
      </trkpt>
      <trkpt lat="40.789174" lon="-73.955933">
        <ele>24.2</ele>
        <time>2026-06-16T22:31:38.000Z</time>
      </trkpt>
      <trkpt lat="40.789171" lon="-73.955921">
        <ele>24.2</ele>
        <time>2026-06-16T22:31:39.000Z</time>
      </trkpt>
      <trkpt lat="40.789168" lon="-73.955908">
        <ele>24.2</ele>
        <time>2026-06-16T22:31:40.000Z</time>
      </trkpt>
      <trkpt lat="40.789166" lon="-73.955895">
        <ele>24.2</ele>
        <time>2026-06-16T22:31:41.000Z</time>
      </trkpt>
      <trkpt lat="40.789163" lon="-73.955882">
        <ele>24</ele>
        <time>2026-06-16T22:31:42.000Z</time>
      </trkpt>
      <trkpt lat="40.78916" lon="-73.955868">
        <ele>24</ele>
        <time>2026-06-16T22:31:43.000Z</time>
      </trkpt>
      <trkpt lat="40.789158" lon="-73.955855">
        <ele>24</ele>
        <time>2026-06-16T22:31:44.000Z</time>
      </trkpt>
      <trkpt lat="40.789156" lon="-73.955841">
        <ele>24</ele>
        <time>2026-06-16T22:31:45.000Z</time>
      </trkpt>
      <trkpt lat="40.789154" lon="-73.955829">
        <ele>24</ele>
        <time>2026-06-16T22:31:46.000Z</time>
      </trkpt>
      <trkpt lat="40.789152" lon="-73.955816">
        <ele>23.8</ele>
        <time>2026-06-16T22:31:47.000Z</time>
      </trkpt>
      <trkpt lat="40.789151" lon="-73.955803">
        <ele>23.8</ele>
        <time>2026-06-16T22:31:48.000Z</time>
      </trkpt>
      <trkpt lat="40.78915" lon="-73.955791">
        <ele>23.8</ele>
        <time>2026-06-16T22:31:49.000Z</time>
      </trkpt>
      <trkpt lat="40.789149" lon="-73.95578">
        <ele>23.8</ele>
        <time>2026-06-16T22:31:50.000Z</time>
      </trkpt>
      <trkpt lat="40.789147" lon="-73.955768">
        <ele>23.8</ele>
        <time>2026-06-16T22:31:51.000Z</time>
      </trkpt>
      <trkpt lat="40.789144" lon="-73.955755">
        <ele>23.6</ele>
        <time>2026-06-16T22:31:52.000Z</time>
      </trkpt>
      <trkpt lat="40.789139" lon="-73.955743">
        <ele>23.6</ele>
        <time>2026-06-16T22:31:53.000Z</time>
      </trkpt>
      <trkpt lat="40.789131" lon="-73.955733">
        <ele>23.6</ele>
        <time>2026-06-16T22:31:54.000Z</time>
      </trkpt>
      <trkpt lat="40.789121" lon="-73.955723">
        <ele>23.6</ele>
        <time>2026-06-16T22:31:55.000Z</time>
      </trkpt>
      <trkpt lat="40.789105" lon="-73.955708">
        <ele>23.6</ele>
        <time>2026-06-16T22:31:56.000Z</time>
      </trkpt>
      <trkpt lat="40.789099" lon="-73.955701">
        <ele>23.6</ele>
        <time>2026-06-16T22:31:57.000Z</time>
      </trkpt>
      <trkpt lat="40.789092" lon="-73.955695">
        <ele>23.6</ele>
        <time>2026-06-16T22:31:58.000Z</time>
      </trkpt>
      <trkpt lat="40.789075" lon="-73.95568">
        <ele>23.6</ele>
        <time>2026-06-16T22:31:59.000Z</time>
      </trkpt>
      <trkpt lat="40.789069" lon="-73.955674">
        <ele>23.6</ele>
        <time>2026-06-16T22:32:00.000Z</time>
      </trkpt>
      <trkpt lat="40.789062" lon="-73.955667">
        <ele>23.6</ele>
        <time>2026-06-16T22:32:01.000Z</time>
      </trkpt>
      <trkpt lat="40.789056" lon="-73.955661">
        <ele>23.6</ele>
        <time>2026-06-16T22:32:02.000Z</time>
      </trkpt>
      <trkpt lat="40.789049" lon="-73.955655">
        <ele>23.6</ele>
        <time>2026-06-16T22:32:03.000Z</time>
      </trkpt>
      <trkpt lat="40.789041" lon="-73.955647">
        <ele>23.6</ele>
        <time>2026-06-16T22:32:04.000Z</time>
      </trkpt>
      <trkpt lat="40.789034" lon="-73.955639">
        <ele>23.6</ele>
        <time>2026-06-16T22:32:05.000Z</time>
      </trkpt>
      <trkpt lat="40.789027" lon="-73.955631">
        <ele>23.6</ele>
        <time>2026-06-16T22:32:06.000Z</time>
      </trkpt>
      <trkpt lat="40.789019" lon="-73.955622">
        <ele>23.6</ele>
        <time>2026-06-16T22:32:07.000Z</time>
      </trkpt>
      <trkpt lat="40.789011" lon="-73.955613">
        <ele>23.6</ele>
        <time>2026-06-16T22:32:08.000Z</time>
      </trkpt>
      <trkpt lat="40.789004" lon="-73.955605">
        <ele>23.6</ele>
        <time>2026-06-16T22:32:09.000Z</time>
      </trkpt>
      <trkpt lat="40.788997" lon="-73.955597">
        <ele>23.6</ele>
        <time>2026-06-16T22:32:10.000Z</time>
      </trkpt>
      <trkpt lat="40.788991" lon="-73.955589">
        <ele>23.6</ele>
        <time>2026-06-16T22:32:11.000Z</time>
      </trkpt>
      <trkpt lat="40.788985" lon="-73.95558">
        <ele>23.6</ele>
        <time>2026-06-16T22:32:12.000Z</time>
      </trkpt>
      <trkpt lat="40.788979" lon="-73.95557">
        <ele>23.6</ele>
        <time>2026-06-16T22:32:13.000Z</time>
      </trkpt>
      <trkpt lat="40.788973" lon="-73.95556">
        <ele>23.6</ele>
        <time>2026-06-16T22:32:14.000Z</time>
      </trkpt>
      <trkpt lat="40.788968" lon="-73.955549">
        <ele>23.6</ele>
        <time>2026-06-16T22:32:15.000Z</time>
      </trkpt>
      <trkpt lat="40.788963" lon="-73.955539">
        <ele>23.6</ele>
        <time>2026-06-16T22:32:16.000Z</time>
      </trkpt>
      <trkpt lat="40.788959" lon="-73.955529">
        <ele>23.6</ele>
        <time>2026-06-16T22:32:17.000Z</time>
      </trkpt>
      <trkpt lat="40.788954" lon="-73.955519">
        <ele>23.6</ele>
        <time>2026-06-16T22:32:18.000Z</time>
      </trkpt>
      <trkpt lat="40.788949" lon="-73.955509">
        <ele>23.6</ele>
        <time>2026-06-16T22:32:19.000Z</time>
      </trkpt>
      <trkpt lat="40.788945" lon="-73.955498">
        <ele>23.6</ele>
        <time>2026-06-16T22:32:20.000Z</time>
      </trkpt>
      <trkpt lat="40.78894" lon="-73.955488">
        <ele>23.6</ele>
        <time>2026-06-16T22:32:21.000Z</time>
      </trkpt>
      <trkpt lat="40.788935" lon="-73.955476">
        <ele>23.6</ele>
        <time>2026-06-16T22:32:22.000Z</time>
      </trkpt>
      <trkpt lat="40.788929" lon="-73.955464">
        <ele>23.6</ele>
        <time>2026-06-16T22:32:23.000Z</time>
      </trkpt>
      <trkpt lat="40.788924" lon="-73.955453">
        <ele>23.6</ele>
        <time>2026-06-16T22:32:24.000Z</time>
      </trkpt>
      <trkpt lat="40.788919" lon="-73.955441">
        <ele>23.6</ele>
        <time>2026-06-16T22:32:25.000Z</time>
      </trkpt>
      <trkpt lat="40.788915" lon="-73.95543">
        <ele>23.6</ele>
        <time>2026-06-16T22:32:26.000Z</time>
      </trkpt>
      <trkpt lat="40.788911" lon="-73.955419">
        <ele>23.6</ele>
        <time>2026-06-16T22:32:27.000Z</time>
      </trkpt>
      <trkpt lat="40.788907" lon="-73.955408">
        <ele>23.6</ele>
        <time>2026-06-16T22:32:28.000Z</time>
      </trkpt>
      <trkpt lat="40.788903" lon="-73.955398">
        <ele>23.6</ele>
        <time>2026-06-16T22:32:29.000Z</time>
      </trkpt>
      <trkpt lat="40.788899" lon="-73.955387">
        <ele>23.6</ele>
        <time>2026-06-16T22:32:30.000Z</time>
      </trkpt>
      <trkpt lat="40.788896" lon="-73.955378">
        <ele>23.6</ele>
        <time>2026-06-16T22:32:31.000Z</time>
      </trkpt>
      <trkpt lat="40.788893" lon="-73.955369">
        <ele>23.6</ele>
        <time>2026-06-16T22:32:32.000Z</time>
      </trkpt>
      <trkpt lat="40.78889" lon="-73.955361">
        <ele>23.6</ele>
        <time>2026-06-16T22:32:33.000Z</time>
      </trkpt>
      <trkpt lat="40.788887" lon="-73.955352">
        <ele>23.6</ele>
        <time>2026-06-16T22:32:34.000Z</time>
      </trkpt>
      <trkpt lat="40.788884" lon="-73.955344">
        <ele>23.6</ele>
        <time>2026-06-16T22:32:35.000Z</time>
      </trkpt>
      <trkpt lat="40.788883" lon="-73.955339">
        <ele>23.6</ele>
        <time>2026-06-16T22:32:36.000Z</time>
      </trkpt>
      <trkpt lat="40.788883" lon="-73.955339">
        <ele>23.6</ele>
        <time>2026-06-16T22:32:37.000Z</time>
      </trkpt>
      <trkpt lat="40.788884" lon="-73.955342">
        <ele>23.6</ele>
        <time>2026-06-16T22:32:38.000Z</time>
      </trkpt>
      <trkpt lat="40.788887" lon="-73.955348">
        <ele>23.6</ele>
        <time>2026-06-16T22:32:39.000Z</time>
      </trkpt>
      <trkpt lat="40.78889" lon="-73.955356">
        <ele>23.6</ele>
        <time>2026-06-16T22:32:40.000Z</time>
      </trkpt>
      <trkpt lat="40.788894" lon="-73.955366">
        <ele>23.6</ele>
        <time>2026-06-16T22:32:41.000Z</time>
      </trkpt>
      <trkpt lat="40.788897" lon="-73.955378">
        <ele>23.6</ele>
        <time>2026-06-16T22:32:42.000Z</time>
      </trkpt>
      <trkpt lat="40.7889" lon="-73.95539">
        <ele>23.6</ele>
        <time>2026-06-16T22:32:43.000Z</time>
      </trkpt>
      <trkpt lat="40.788904" lon="-73.955402">
        <ele>23.6</ele>
        <time>2026-06-16T22:32:44.000Z</time>
      </trkpt>
      <trkpt lat="40.788907" lon="-73.955414">
        <ele>23.6</ele>
        <time>2026-06-16T22:32:45.000Z</time>
      </trkpt>
      <trkpt lat="40.788911" lon="-73.955427">
        <ele>23.6</ele>
        <time>2026-06-16T22:32:46.000Z</time>
      </trkpt>
      <trkpt lat="40.788914" lon="-73.955439">
        <ele>23.6</ele>
        <time>2026-06-16T22:32:47.000Z</time>
      </trkpt>
      <trkpt lat="40.788919" lon="-73.955451">
        <ele>23.6</ele>
        <time>2026-06-16T22:32:48.000Z</time>
      </trkpt>
      <trkpt lat="40.788923" lon="-73.955462">
        <ele>23.6</ele>
        <time>2026-06-16T22:32:49.000Z</time>
      </trkpt>
      <trkpt lat="40.788927" lon="-73.955473">
        <ele>23.6</ele>
        <time>2026-06-16T22:32:50.000Z</time>
      </trkpt>
      <trkpt lat="40.788931" lon="-73.955483">
        <ele>23.6</ele>
        <time>2026-06-16T22:32:51.000Z</time>
      </trkpt>
      <trkpt lat="40.788936" lon="-73.955494">
        <ele>23.6</ele>
        <time>2026-06-16T22:32:52.000Z</time>
      </trkpt>
      <trkpt lat="40.78894" lon="-73.955505">
        <ele>23.6</ele>
        <time>2026-06-16T22:32:53.000Z</time>
      </trkpt>
      <trkpt lat="40.788944" lon="-73.955515">
        <ele>23.8</ele>
        <time>2026-06-16T22:32:54.000Z</time>
      </trkpt>
      <trkpt lat="40.788948" lon="-73.955524">
        <ele>23.8</ele>
        <time>2026-06-16T22:32:55.000Z</time>
      </trkpt>
      <trkpt lat="40.788952" lon="-73.955532">
        <ele>23.8</ele>
        <time>2026-06-16T22:32:56.000Z</time>
      </trkpt>
      <trkpt lat="40.788955" lon="-73.955539">
        <ele>23.8</ele>
        <time>2026-06-16T22:32:57.000Z</time>
      </trkpt>
      <trkpt lat="40.78896" lon="-73.955548">
        <ele>23.8</ele>
        <time>2026-06-16T22:32:58.000Z</time>
      </trkpt>
      <trkpt lat="40.788965" lon="-73.955558">
        <ele>23.8</ele>
        <time>2026-06-16T22:32:59.000Z</time>
      </trkpt>
      <trkpt lat="40.788969" lon="-73.955566">
        <ele>23.8</ele>
        <time>2026-06-16T22:33:00.000Z</time>
      </trkpt>
      <trkpt lat="40.788974" lon="-73.955575">
        <ele>23.8</ele>
        <time>2026-06-16T22:33:01.000Z</time>
      </trkpt>
      <trkpt lat="40.78898" lon="-73.955584">
        <ele>23.8</ele>
        <time>2026-06-16T22:33:02.000Z</time>
      </trkpt>
      <trkpt lat="40.788987" lon="-73.955594">
        <ele>23.8</ele>
        <time>2026-06-16T22:33:03.000Z</time>
      </trkpt>
      <trkpt lat="40.788994" lon="-73.955603">
        <ele>23.8</ele>
        <time>2026-06-16T22:33:04.000Z</time>
      </trkpt>
      <trkpt lat="40.789" lon="-73.95561">
        <ele>23.6</ele>
        <time>2026-06-16T22:33:05.000Z</time>
      </trkpt>
      <trkpt lat="40.789008" lon="-73.955617">
        <ele>23.6</ele>
        <time>2026-06-16T22:33:06.000Z</time>
      </trkpt>
      <trkpt lat="40.789015" lon="-73.955625">
        <ele>23.6</ele>
        <time>2026-06-16T22:33:07.000Z</time>
      </trkpt>
      <trkpt lat="40.789023" lon="-73.955632">
        <ele>23.6</ele>
        <time>2026-06-16T22:33:08.000Z</time>
      </trkpt>
      <trkpt lat="40.789031" lon="-73.95564">
        <ele>23.6</ele>
        <time>2026-06-16T22:33:09.000Z</time>
      </trkpt>
      <trkpt lat="40.789039" lon="-73.955649">
        <ele>23.4</ele>
        <time>2026-06-16T22:33:10.000Z</time>
      </trkpt>
      <trkpt lat="40.789047" lon="-73.955658">
        <ele>23.4</ele>
        <time>2026-06-16T22:33:11.000Z</time>
      </trkpt>
      <trkpt lat="40.789056" lon="-73.955666">
        <ele>23.4</ele>
        <time>2026-06-16T22:33:12.000Z</time>
      </trkpt>
      <trkpt lat="40.789064" lon="-73.955674">
        <ele>23.4</ele>
        <time>2026-06-16T22:33:13.000Z</time>
      </trkpt>
      <trkpt lat="40.789073" lon="-73.955681">
        <ele>23.4</ele>
        <time>2026-06-16T22:33:14.000Z</time>
      </trkpt>
      <trkpt lat="40.789082" lon="-73.955689">
        <ele>23.4</ele>
        <time>2026-06-16T22:33:15.000Z</time>
      </trkpt>
      <trkpt lat="40.78909" lon="-73.955697">
        <ele>23.4</ele>
        <time>2026-06-16T22:33:16.000Z</time>
      </trkpt>
      <trkpt lat="40.789098" lon="-73.955704">
        <ele>23.4</ele>
        <time>2026-06-16T22:33:17.000Z</time>
      </trkpt>
      <trkpt lat="40.789107" lon="-73.955712">
        <ele>23.4</ele>
        <time>2026-06-16T22:33:18.000Z</time>
      </trkpt>
      <trkpt lat="40.789115" lon="-73.95572">
        <ele>23.4</ele>
        <time>2026-06-16T22:33:19.000Z</time>
      </trkpt>
      <trkpt lat="40.789123" lon="-73.955728">
        <ele>23.4</ele>
        <time>2026-06-16T22:33:20.000Z</time>
      </trkpt>
      <trkpt lat="40.789132" lon="-73.955737">
        <ele>23.4</ele>
        <time>2026-06-16T22:33:21.000Z</time>
      </trkpt>
      <trkpt lat="40.78914" lon="-73.955746">
        <ele>23.4</ele>
        <time>2026-06-16T22:33:22.000Z</time>
      </trkpt>
      <trkpt lat="40.789147" lon="-73.955756">
        <ele>23.4</ele>
        <time>2026-06-16T22:33:23.000Z</time>
      </trkpt>
      <trkpt lat="40.789155" lon="-73.955765">
        <ele>23.4</ele>
        <time>2026-06-16T22:33:24.000Z</time>
      </trkpt>
      <trkpt lat="40.789161" lon="-73.955775">
        <ele>23.6</ele>
        <time>2026-06-16T22:33:25.000Z</time>
      </trkpt>
      <trkpt lat="40.789167" lon="-73.955785">
        <ele>23.6</ele>
        <time>2026-06-16T22:33:26.000Z</time>
      </trkpt>
      <trkpt lat="40.78917" lon="-73.955798">
        <ele>23.6</ele>
        <time>2026-06-16T22:33:27.000Z</time>
      </trkpt>
      <trkpt lat="40.789172" lon="-73.955814">
        <ele>23.6</ele>
        <time>2026-06-16T22:33:28.000Z</time>
      </trkpt>
      <trkpt lat="40.789173" lon="-73.955831">
        <ele>23.6</ele>
        <time>2026-06-16T22:33:29.000Z</time>
      </trkpt>
      <trkpt lat="40.789173" lon="-73.95585">
        <ele>23.6</ele>
        <time>2026-06-16T22:33:30.000Z</time>
      </trkpt>
      <trkpt lat="40.789172" lon="-73.955868">
        <ele>23.8</ele>
        <time>2026-06-16T22:33:31.000Z</time>
      </trkpt>
      <trkpt lat="40.789172" lon="-73.955886">
        <ele>23.8</ele>
        <time>2026-06-16T22:33:32.000Z</time>
      </trkpt>
      <trkpt lat="40.789172" lon="-73.955904">
        <ele>23.8</ele>
        <time>2026-06-16T22:33:33.000Z</time>
      </trkpt>
      <trkpt lat="40.789172" lon="-73.955921">
        <ele>23.8</ele>
        <time>2026-06-16T22:33:34.000Z</time>
      </trkpt>
      <trkpt lat="40.789173" lon="-73.955936">
        <ele>24</ele>
        <time>2026-06-16T22:33:35.000Z</time>
      </trkpt>
      <trkpt lat="40.789175" lon="-73.955951">
        <ele>24</ele>
        <time>2026-06-16T22:33:36.000Z</time>
      </trkpt>
      <trkpt lat="40.789177" lon="-73.955966">
        <ele>24</ele>
        <time>2026-06-16T22:33:37.000Z</time>
      </trkpt>
      <trkpt lat="40.78918" lon="-73.955981">
        <ele>24</ele>
        <time>2026-06-16T22:33:38.000Z</time>
      </trkpt>
      <trkpt lat="40.789184" lon="-73.956003">
        <ele>24.2</ele>
        <time>2026-06-16T22:33:39.000Z</time>
      </trkpt>
      <trkpt lat="40.789187" lon="-73.956013">
        <ele>24.2</ele>
        <time>2026-06-16T22:33:40.000Z</time>
      </trkpt>
      <trkpt lat="40.789189" lon="-73.956022">
        <ele>24.2</ele>
        <time>2026-06-16T22:33:41.000Z</time>
      </trkpt>
      <trkpt lat="40.789192" lon="-73.956035">
        <ele>24.2</ele>
        <time>2026-06-16T22:33:42.000Z</time>
      </trkpt>
      <trkpt lat="40.789195" lon="-73.956047">
        <ele>24.2</ele>
        <time>2026-06-16T22:33:43.000Z</time>
      </trkpt>
      <trkpt lat="40.789198" lon="-73.956061">
        <ele>24.4</ele>
        <time>2026-06-16T22:33:44.000Z</time>
      </trkpt>
      <trkpt lat="40.789201" lon="-73.956075">
        <ele>24.4</ele>
        <time>2026-06-16T22:33:45.000Z</time>
      </trkpt>
      <trkpt lat="40.789205" lon="-73.95609">
        <ele>24.4</ele>
        <time>2026-06-16T22:33:46.000Z</time>
      </trkpt>
      <trkpt lat="40.789209" lon="-73.956104">
        <ele>24.4</ele>
        <time>2026-06-16T22:33:47.000Z</time>
      </trkpt>
      <trkpt lat="40.789212" lon="-73.956118">
        <ele>24.4</ele>
        <time>2026-06-16T22:33:48.000Z</time>
      </trkpt>
      <trkpt lat="40.789215" lon="-73.956132">
        <ele>24.6</ele>
        <time>2026-06-16T22:33:49.000Z</time>
      </trkpt>
      <trkpt lat="40.789218" lon="-73.956146">
        <ele>24.6</ele>
        <time>2026-06-16T22:33:50.000Z</time>
      </trkpt>
      <trkpt lat="40.789222" lon="-73.956159">
        <ele>24.6</ele>
        <time>2026-06-16T22:33:51.000Z</time>
      </trkpt>
      <trkpt lat="40.789225" lon="-73.956171">
        <ele>24.6</ele>
        <time>2026-06-16T22:33:52.000Z</time>
      </trkpt>
      <trkpt lat="40.789229" lon="-73.956183">
        <ele>24.6</ele>
        <time>2026-06-16T22:33:53.000Z</time>
      </trkpt>
      <trkpt lat="40.789234" lon="-73.956194">
        <ele>24.8</ele>
        <time>2026-06-16T22:33:54.000Z</time>
      </trkpt>
      <trkpt lat="40.78924" lon="-73.956207">
        <ele>24.8</ele>
        <time>2026-06-16T22:33:55.000Z</time>
      </trkpt>
      <trkpt lat="40.789247" lon="-73.95622">
        <ele>24.8</ele>
        <time>2026-06-16T22:33:56.000Z</time>
      </trkpt>
      <trkpt lat="40.789253" lon="-73.95623">
        <ele>24.8</ele>
        <time>2026-06-16T22:33:57.000Z</time>
      </trkpt>
      <trkpt lat="40.789257" lon="-73.956241">
        <ele>24.8</ele>
        <time>2026-06-16T22:33:58.000Z</time>
      </trkpt>
      <trkpt lat="40.789262" lon="-73.956253">
        <ele>24.8</ele>
        <time>2026-06-16T22:33:59.000Z</time>
      </trkpt>
      <trkpt lat="40.789266" lon="-73.956265">
        <ele>25</ele>
        <time>2026-06-16T22:34:00.000Z</time>
      </trkpt>
      <trkpt lat="40.78927" lon="-73.956276">
        <ele>25</ele>
        <time>2026-06-16T22:34:01.000Z</time>
      </trkpt>
      <trkpt lat="40.789274" lon="-73.956287">
        <ele>25</ele>
        <time>2026-06-16T22:34:02.000Z</time>
      </trkpt>
      <trkpt lat="40.789278" lon="-73.956299">
        <ele>25</ele>
        <time>2026-06-16T22:34:03.000Z</time>
      </trkpt>
      <trkpt lat="40.789282" lon="-73.956311">
        <ele>25</ele>
        <time>2026-06-16T22:34:04.000Z</time>
      </trkpt>
      <trkpt lat="40.789287" lon="-73.956323">
        <ele>25.2</ele>
        <time>2026-06-16T22:34:05.000Z</time>
      </trkpt>
      <trkpt lat="40.789292" lon="-73.956334">
        <ele>25.2</ele>
        <time>2026-06-16T22:34:06.000Z</time>
      </trkpt>
      <trkpt lat="40.789298" lon="-73.956345">
        <ele>25.2</ele>
        <time>2026-06-16T22:34:07.000Z</time>
      </trkpt>
      <trkpt lat="40.789304" lon="-73.956355">
        <ele>25.2</ele>
        <time>2026-06-16T22:34:08.000Z</time>
      </trkpt>
      <trkpt lat="40.78931" lon="-73.956366">
        <ele>25.2</ele>
        <time>2026-06-16T22:34:09.000Z</time>
      </trkpt>
      <trkpt lat="40.789316" lon="-73.956377">
        <ele>25.2</ele>
        <time>2026-06-16T22:34:10.000Z</time>
      </trkpt>
      <trkpt lat="40.789321" lon="-73.956389">
        <ele>25.2</ele>
        <time>2026-06-16T22:34:11.000Z</time>
      </trkpt>
      <trkpt lat="40.789326" lon="-73.9564">
        <ele>25.4</ele>
        <time>2026-06-16T22:34:12.000Z</time>
      </trkpt>
      <trkpt lat="40.78933" lon="-73.956412">
        <ele>25.4</ele>
        <time>2026-06-16T22:34:13.000Z</time>
      </trkpt>
      <trkpt lat="40.789335" lon="-73.956425">
        <ele>25.4</ele>
        <time>2026-06-16T22:34:14.000Z</time>
      </trkpt>
      <trkpt lat="40.78934" lon="-73.956439">
        <ele>25.4</ele>
        <time>2026-06-16T22:34:15.000Z</time>
      </trkpt>
      <trkpt lat="40.789345" lon="-73.956453">
        <ele>25.4</ele>
        <time>2026-06-16T22:34:16.000Z</time>
      </trkpt>
      <trkpt lat="40.78935" lon="-73.956467">
        <ele>25.4</ele>
        <time>2026-06-16T22:34:17.000Z</time>
      </trkpt>
      <trkpt lat="40.789361" lon="-73.956489">
        <ele>25.4</ele>
        <time>2026-06-16T22:34:18.000Z</time>
      </trkpt>
      <trkpt lat="40.789366" lon="-73.956498">
        <ele>25.4</ele>
        <time>2026-06-16T22:34:19.000Z</time>
      </trkpt>
      <trkpt lat="40.78937" lon="-73.956507">
        <ele>25.4</ele>
        <time>2026-06-16T22:34:20.000Z</time>
      </trkpt>
      <trkpt lat="40.789375" lon="-73.956516">
        <ele>25.4</ele>
        <time>2026-06-16T22:34:21.000Z</time>
      </trkpt>
      <trkpt lat="40.78938" lon="-73.956525">
        <ele>25.6</ele>
        <time>2026-06-16T22:34:22.000Z</time>
      </trkpt>
      <trkpt lat="40.789387" lon="-73.956535">
        <ele>25.6</ele>
        <time>2026-06-16T22:34:23.000Z</time>
      </trkpt>
      <trkpt lat="40.789394" lon="-73.956546">
        <ele>25.6</ele>
        <time>2026-06-16T22:34:24.000Z</time>
      </trkpt>
      <trkpt lat="40.7894" lon="-73.956557">
        <ele>25.6</ele>
        <time>2026-06-16T22:34:25.000Z</time>
      </trkpt>
      <trkpt lat="40.789406" lon="-73.956567">
        <ele>25.6</ele>
        <time>2026-06-16T22:34:26.000Z</time>
      </trkpt>
      <trkpt lat="40.789412" lon="-73.956578">
        <ele>25.6</ele>
        <time>2026-06-16T22:34:27.000Z</time>
      </trkpt>
      <trkpt lat="40.789417" lon="-73.956589">
        <ele>25.6</ele>
        <time>2026-06-16T22:34:28.000Z</time>
      </trkpt>
      <trkpt lat="40.789423" lon="-73.956601">
        <ele>25.6</ele>
        <time>2026-06-16T22:34:29.000Z</time>
      </trkpt>
      <trkpt lat="40.789427" lon="-73.956612">
        <ele>25.6</ele>
        <time>2026-06-16T22:34:30.000Z</time>
      </trkpt>
      <trkpt lat="40.789432" lon="-73.956623">
        <ele>25.6</ele>
        <time>2026-06-16T22:34:31.000Z</time>
      </trkpt>
      <trkpt lat="40.789436" lon="-73.956635">
        <ele>25.6</ele>
        <time>2026-06-16T22:34:32.000Z</time>
      </trkpt>
      <trkpt lat="40.78944" lon="-73.956646">
        <ele>25.6</ele>
        <time>2026-06-16T22:34:33.000Z</time>
      </trkpt>
      <trkpt lat="40.789444" lon="-73.956657">
        <ele>25.8</ele>
        <time>2026-06-16T22:34:34.000Z</time>
      </trkpt>
      <trkpt lat="40.789448" lon="-73.956668">
        <ele>25.8</ele>
        <time>2026-06-16T22:34:35.000Z</time>
      </trkpt>
      <trkpt lat="40.789453" lon="-73.956678">
        <ele>25.8</ele>
        <time>2026-06-16T22:34:36.000Z</time>
      </trkpt>
      <trkpt lat="40.789458" lon="-73.956689">
        <ele>25.8</ele>
        <time>2026-06-16T22:34:37.000Z</time>
      </trkpt>
      <trkpt lat="40.789463" lon="-73.9567">
        <ele>25.8</ele>
        <time>2026-06-16T22:34:38.000Z</time>
      </trkpt>
      <trkpt lat="40.789468" lon="-73.956711">
        <ele>25.8</ele>
        <time>2026-06-16T22:34:39.000Z</time>
      </trkpt>
      <trkpt lat="40.789472" lon="-73.956723">
        <ele>25.8</ele>
        <time>2026-06-16T22:34:40.000Z</time>
      </trkpt>
      <trkpt lat="40.789477" lon="-73.956736">
        <ele>25.8</ele>
        <time>2026-06-16T22:34:41.000Z</time>
      </trkpt>
      <trkpt lat="40.789481" lon="-73.956748">
        <ele>26</ele>
        <time>2026-06-16T22:34:42.000Z</time>
      </trkpt>
      <trkpt lat="40.789484" lon="-73.956761">
        <ele>26</ele>
        <time>2026-06-16T22:34:43.000Z</time>
      </trkpt>
      <trkpt lat="40.789487" lon="-73.956774">
        <ele>26</ele>
        <time>2026-06-16T22:34:44.000Z</time>
      </trkpt>
      <trkpt lat="40.78949" lon="-73.956788">
        <ele>26</ele>
        <time>2026-06-16T22:34:45.000Z</time>
      </trkpt>
      <trkpt lat="40.789493" lon="-73.956802">
        <ele>26</ele>
        <time>2026-06-16T22:34:46.000Z</time>
      </trkpt>
      <trkpt lat="40.789496" lon="-73.956815">
        <ele>26</ele>
        <time>2026-06-16T22:34:47.000Z</time>
      </trkpt>
      <trkpt lat="40.7895" lon="-73.956829">
        <ele>26</ele>
        <time>2026-06-16T22:34:48.000Z</time>
      </trkpt>
      <trkpt lat="40.789503" lon="-73.956841">
        <ele>26</ele>
        <time>2026-06-16T22:34:49.000Z</time>
      </trkpt>
      <trkpt lat="40.789508" lon="-73.956854">
        <ele>26</ele>
        <time>2026-06-16T22:34:50.000Z</time>
      </trkpt>
      <trkpt lat="40.789513" lon="-73.956865">
        <ele>26</ele>
        <time>2026-06-16T22:34:51.000Z</time>
      </trkpt>
      <trkpt lat="40.789518" lon="-73.956877">
        <ele>26.2</ele>
        <time>2026-06-16T22:34:52.000Z</time>
      </trkpt>
      <trkpt lat="40.789523" lon="-73.956889">
        <ele>26.2</ele>
        <time>2026-06-16T22:34:53.000Z</time>
      </trkpt>
      <trkpt lat="40.789527" lon="-73.956901">
        <ele>26.2</ele>
        <time>2026-06-16T22:34:54.000Z</time>
      </trkpt>
      <trkpt lat="40.789532" lon="-73.956913">
        <ele>26.2</ele>
        <time>2026-06-16T22:34:55.000Z</time>
      </trkpt>
      <trkpt lat="40.789537" lon="-73.956924">
        <ele>26.2</ele>
        <time>2026-06-16T22:34:56.000Z</time>
      </trkpt>
      <trkpt lat="40.789542" lon="-73.956937">
        <ele>26.4</ele>
        <time>2026-06-16T22:34:57.000Z</time>
      </trkpt>
      <trkpt lat="40.789546" lon="-73.956952">
        <ele>26.4</ele>
        <time>2026-06-16T22:34:58.000Z</time>
      </trkpt>
      <trkpt lat="40.789551" lon="-73.956968">
        <ele>26.4</ele>
        <time>2026-06-16T22:34:59.000Z</time>
      </trkpt>
      <trkpt lat="40.789555" lon="-73.956983">
        <ele>26.4</ele>
        <time>2026-06-16T22:35:00.000Z</time>
      </trkpt>
      <trkpt lat="40.78956" lon="-73.956996">
        <ele>26.6</ele>
        <time>2026-06-16T22:35:01.000Z</time>
      </trkpt>
      <trkpt lat="40.789565" lon="-73.957009">
        <ele>26.6</ele>
        <time>2026-06-16T22:35:02.000Z</time>
      </trkpt>
      <trkpt lat="40.78957" lon="-73.957021">
        <ele>26.6</ele>
        <time>2026-06-16T22:35:03.000Z</time>
      </trkpt>
      <trkpt lat="40.789575" lon="-73.957034">
        <ele>26.6</ele>
        <time>2026-06-16T22:35:04.000Z</time>
      </trkpt>
      <trkpt lat="40.789581" lon="-73.957047">
        <ele>26.6</ele>
        <time>2026-06-16T22:35:05.000Z</time>
      </trkpt>
      <trkpt lat="40.789587" lon="-73.957059">
        <ele>26.8</ele>
        <time>2026-06-16T22:35:06.000Z</time>
      </trkpt>
      <trkpt lat="40.789593" lon="-73.957072">
        <ele>26.8</ele>
        <time>2026-06-16T22:35:07.000Z</time>
      </trkpt>
      <trkpt lat="40.7896" lon="-73.957084">
        <ele>26.8</ele>
        <time>2026-06-16T22:35:08.000Z</time>
      </trkpt>
      <trkpt lat="40.78961" lon="-73.957105">
        <ele>26.8</ele>
        <time>2026-06-16T22:35:09.000Z</time>
      </trkpt>
      <trkpt lat="40.789614" lon="-73.957113">
        <ele>26.8</ele>
        <time>2026-06-16T22:35:10.000Z</time>
      </trkpt>
      <trkpt lat="40.789618" lon="-73.957121">
        <ele>26.8</ele>
        <time>2026-06-16T22:35:11.000Z</time>
      </trkpt>
      <trkpt lat="40.789624" lon="-73.957133">
        <ele>27</ele>
        <time>2026-06-16T22:35:12.000Z</time>
      </trkpt>
      <trkpt lat="40.789629" lon="-73.957144">
        <ele>27</ele>
        <time>2026-06-16T22:35:13.000Z</time>
      </trkpt>
      <trkpt lat="40.789634" lon="-73.957153">
        <ele>27</ele>
        <time>2026-06-16T22:35:14.000Z</time>
      </trkpt>
      <trkpt lat="40.789638" lon="-73.957162">
        <ele>27</ele>
        <time>2026-06-16T22:35:15.000Z</time>
      </trkpt>
      <trkpt lat="40.789642" lon="-73.957171">
        <ele>27.2</ele>
        <time>2026-06-16T22:35:16.000Z</time>
      </trkpt>
      <trkpt lat="40.789646" lon="-73.957179">
        <ele>27.2</ele>
        <time>2026-06-16T22:35:17.000Z</time>
      </trkpt>
      <trkpt lat="40.78965" lon="-73.957187">
        <ele>27.4</ele>
        <time>2026-06-16T22:35:18.000Z</time>
      </trkpt>
      <trkpt lat="40.789655" lon="-73.957197">
        <ele>27.4</ele>
        <time>2026-06-16T22:35:19.000Z</time>
      </trkpt>
      <trkpt lat="40.789661" lon="-73.957209">
        <ele>27.6</ele>
        <time>2026-06-16T22:35:20.000Z</time>
      </trkpt>
      <trkpt lat="40.789667" lon="-73.957223">
        <ele>27.6</ele>
        <time>2026-06-16T22:35:21.000Z</time>
      </trkpt>
      <trkpt lat="40.789673" lon="-73.957237">
        <ele>27.8</ele>
        <time>2026-06-16T22:35:22.000Z</time>
      </trkpt>
      <trkpt lat="40.789678" lon="-73.957249">
        <ele>27.8</ele>
        <time>2026-06-16T22:35:23.000Z</time>
      </trkpt>
      <trkpt lat="40.789683" lon="-73.957261">
        <ele>28</ele>
        <time>2026-06-16T22:35:24.000Z</time>
      </trkpt>
      <trkpt lat="40.789688" lon="-73.957274">
        <ele>28</ele>
        <time>2026-06-16T22:35:25.000Z</time>
      </trkpt>
      <trkpt lat="40.789693" lon="-73.957287">
        <ele>28</ele>
        <time>2026-06-16T22:35:26.000Z</time>
      </trkpt>
      <trkpt lat="40.789698" lon="-73.957299">
        <ele>28.2</ele>
        <time>2026-06-16T22:35:27.000Z</time>
      </trkpt>
      <trkpt lat="40.789703" lon="-73.957309">
        <ele>28.2</ele>
        <time>2026-06-16T22:35:28.000Z</time>
      </trkpt>
      <trkpt lat="40.789708" lon="-73.95732">
        <ele>28.2</ele>
        <time>2026-06-16T22:35:29.000Z</time>
      </trkpt>
      <trkpt lat="40.789713" lon="-73.957331">
        <ele>28.2</ele>
        <time>2026-06-16T22:35:30.000Z</time>
      </trkpt>
      <trkpt lat="40.789716" lon="-73.957345">
        <ele>28.2</ele>
        <time>2026-06-16T22:35:31.000Z</time>
      </trkpt>
      <trkpt lat="40.789719" lon="-73.95736">
        <ele>28.2</ele>
        <time>2026-06-16T22:35:32.000Z</time>
      </trkpt>
      <trkpt lat="40.789721" lon="-73.957376">
        <ele>28.2</ele>
        <time>2026-06-16T22:35:33.000Z</time>
      </trkpt>
      <trkpt lat="40.789723" lon="-73.95739">
        <ele>28.2</ele>
        <time>2026-06-16T22:35:34.000Z</time>
      </trkpt>
      <trkpt lat="40.789725" lon="-73.957405">
        <ele>28.2</ele>
        <time>2026-06-16T22:35:35.000Z</time>
      </trkpt>
      <trkpt lat="40.789727" lon="-73.95742">
        <ele>28.2</ele>
        <time>2026-06-16T22:35:36.000Z</time>
      </trkpt>
      <trkpt lat="40.789729" lon="-73.957434">
        <ele>28.2</ele>
        <time>2026-06-16T22:35:37.000Z</time>
      </trkpt>
      <trkpt lat="40.789731" lon="-73.957448">
        <ele>28.2</ele>
        <time>2026-06-16T22:35:38.000Z</time>
      </trkpt>
      <trkpt lat="40.789732" lon="-73.95746">
        <ele>28.2</ele>
        <time>2026-06-16T22:35:39.000Z</time>
      </trkpt>
      <trkpt lat="40.789731" lon="-73.957472">
        <ele>28.2</ele>
        <time>2026-06-16T22:35:40.000Z</time>
      </trkpt>
      <trkpt lat="40.789729" lon="-73.957482">
        <ele>28.2</ele>
        <time>2026-06-16T22:35:41.000Z</time>
      </trkpt>
      <trkpt lat="40.789724" lon="-73.957492">
        <ele>28.2</ele>
        <time>2026-06-16T22:35:42.000Z</time>
      </trkpt>
      <trkpt lat="40.789716" lon="-73.957499">
        <ele>28.2</ele>
        <time>2026-06-16T22:35:43.000Z</time>
      </trkpt>
      <trkpt lat="40.789707" lon="-73.957505">
        <ele>28.2</ele>
        <time>2026-06-16T22:35:44.000Z</time>
      </trkpt>
      <trkpt lat="40.789696" lon="-73.957508">
        <ele>28.2</ele>
        <time>2026-06-16T22:35:45.000Z</time>
      </trkpt>
      <trkpt lat="40.789684" lon="-73.957509">
        <ele>28.2</ele>
        <time>2026-06-16T22:35:46.000Z</time>
      </trkpt>
      <trkpt lat="40.789673" lon="-73.957509">
        <ele>28.2</ele>
        <time>2026-06-16T22:35:47.000Z</time>
      </trkpt>
      <trkpt lat="40.789661" lon="-73.957508">
        <ele>28.2</ele>
        <time>2026-06-16T22:35:48.000Z</time>
      </trkpt>
      <trkpt lat="40.78965" lon="-73.957507">
        <ele>28.2</ele>
        <time>2026-06-16T22:35:49.000Z</time>
      </trkpt>
      <trkpt lat="40.789639" lon="-73.957506">
        <ele>28.4</ele>
        <time>2026-06-16T22:35:50.000Z</time>
      </trkpt>
      <trkpt lat="40.789628" lon="-73.957506">
        <ele>28.4</ele>
        <time>2026-06-16T22:35:51.000Z</time>
      </trkpt>
      <trkpt lat="40.789617" lon="-73.957507">
        <ele>28.4</ele>
        <time>2026-06-16T22:35:52.000Z</time>
      </trkpt>
      <trkpt lat="40.789607" lon="-73.957509">
        <ele>28.4</ele>
        <time>2026-06-16T22:35:53.000Z</time>
      </trkpt>
      <trkpt lat="40.789596" lon="-73.957511">
        <ele>28.4</ele>
        <time>2026-06-16T22:35:54.000Z</time>
      </trkpt>
      <trkpt lat="40.789585" lon="-73.957514">
        <ele>28.4</ele>
        <time>2026-06-16T22:35:55.000Z</time>
      </trkpt>
      <trkpt lat="40.789575" lon="-73.957518">
        <ele>28.6</ele>
        <time>2026-06-16T22:35:56.000Z</time>
      </trkpt>
      <trkpt lat="40.789565" lon="-73.957523">
        <ele>28.6</ele>
        <time>2026-06-16T22:35:57.000Z</time>
      </trkpt>
      <trkpt lat="40.789554" lon="-73.957529">
        <ele>28.6</ele>
        <time>2026-06-16T22:35:58.000Z</time>
      </trkpt>
      <trkpt lat="40.789544" lon="-73.957534">
        <ele>28.6</ele>
        <time>2026-06-16T22:35:59.000Z</time>
      </trkpt>
      <trkpt lat="40.789534" lon="-73.957539">
        <ele>28.6</ele>
        <time>2026-06-16T22:36:00.000Z</time>
      </trkpt>
      <trkpt lat="40.789524" lon="-73.957544">
        <ele>28.8</ele>
        <time>2026-06-16T22:36:01.000Z</time>
      </trkpt>
      <trkpt lat="40.789513" lon="-73.957551">
        <ele>28.8</ele>
        <time>2026-06-16T22:36:02.000Z</time>
      </trkpt>
      <trkpt lat="40.789503" lon="-73.957558">
        <ele>28.8</ele>
        <time>2026-06-16T22:36:03.000Z</time>
      </trkpt>
      <trkpt lat="40.789494" lon="-73.957566">
        <ele>28.8</ele>
        <time>2026-06-16T22:36:04.000Z</time>
      </trkpt>
      <trkpt lat="40.789486" lon="-73.957574">
        <ele>29</ele>
        <time>2026-06-16T22:36:05.000Z</time>
      </trkpt>
      <trkpt lat="40.789478" lon="-73.957583">
        <ele>29</ele>
        <time>2026-06-16T22:36:06.000Z</time>
      </trkpt>
      <trkpt lat="40.789471" lon="-73.957594">
        <ele>29</ele>
        <time>2026-06-16T22:36:07.000Z</time>
      </trkpt>
      <trkpt lat="40.789464" lon="-73.957606">
        <ele>29</ele>
        <time>2026-06-16T22:36:08.000Z</time>
      </trkpt>
      <trkpt lat="40.789457" lon="-73.957618">
        <ele>29.2</ele>
        <time>2026-06-16T22:36:09.000Z</time>
      </trkpt>
      <trkpt lat="40.789451" lon="-73.95763">
        <ele>29.2</ele>
        <time>2026-06-16T22:36:10.000Z</time>
      </trkpt>
      <trkpt lat="40.789445" lon="-73.957642">
        <ele>29.2</ele>
        <time>2026-06-16T22:36:11.000Z</time>
      </trkpt>
      <trkpt lat="40.78944" lon="-73.957655">
        <ele>29.2</ele>
        <time>2026-06-16T22:36:12.000Z</time>
      </trkpt>
      <trkpt lat="40.789435" lon="-73.957669">
        <ele>29.4</ele>
        <time>2026-06-16T22:36:13.000Z</time>
      </trkpt>
      <trkpt lat="40.789431" lon="-73.957682">
        <ele>29.4</ele>
        <time>2026-06-16T22:36:14.000Z</time>
      </trkpt>
      <trkpt lat="40.789427" lon="-73.957695">
        <ele>29.4</ele>
        <time>2026-06-16T22:36:15.000Z</time>
      </trkpt>
      <trkpt lat="40.789423" lon="-73.957708">
        <ele>29.4</ele>
        <time>2026-06-16T22:36:16.000Z</time>
      </trkpt>
      <trkpt lat="40.789421" lon="-73.957721">
        <ele>29.6</ele>
        <time>2026-06-16T22:36:17.000Z</time>
      </trkpt>
      <trkpt lat="40.789418" lon="-73.957734">
        <ele>29.6</ele>
        <time>2026-06-16T22:36:18.000Z</time>
      </trkpt>
      <trkpt lat="40.789415" lon="-73.957749">
        <ele>29.6</ele>
        <time>2026-06-16T22:36:19.000Z</time>
      </trkpt>
      <trkpt lat="40.789413" lon="-73.957764">
        <ele>29.8</ele>
        <time>2026-06-16T22:36:20.000Z</time>
      </trkpt>
      <trkpt lat="40.789411" lon="-73.95778">
        <ele>29.8</ele>
        <time>2026-06-16T22:36:21.000Z</time>
      </trkpt>
      <trkpt lat="40.78941" lon="-73.957795">
        <ele>30</ele>
        <time>2026-06-16T22:36:22.000Z</time>
      </trkpt>
      <trkpt lat="40.789409" lon="-73.957808">
        <ele>30</ele>
        <time>2026-06-16T22:36:23.000Z</time>
      </trkpt>
      <trkpt lat="40.789408" lon="-73.95782">
        <ele>30</ele>
        <time>2026-06-16T22:36:24.000Z</time>
      </trkpt>
      <trkpt lat="40.789406" lon="-73.957831">
        <ele>30.2</ele>
        <time>2026-06-16T22:36:25.000Z</time>
      </trkpt>
      <trkpt lat="40.789403" lon="-73.957843">
        <ele>30.2</ele>
        <time>2026-06-16T22:36:26.000Z</time>
      </trkpt>
      <trkpt lat="40.789401" lon="-73.957854">
        <ele>30.4</ele>
        <time>2026-06-16T22:36:27.000Z</time>
      </trkpt>
      <trkpt lat="40.789399" lon="-73.957865">
        <ele>30.4</ele>
        <time>2026-06-16T22:36:28.000Z</time>
      </trkpt>
      <trkpt lat="40.789397" lon="-73.957875">
        <ele>30.4</ele>
        <time>2026-06-16T22:36:29.000Z</time>
      </trkpt>
      <trkpt lat="40.789396" lon="-73.957885">
        <ele>30.4</ele>
        <time>2026-06-16T22:36:30.000Z</time>
      </trkpt>
      <trkpt lat="40.789394" lon="-73.957895">
        <ele>30.6</ele>
        <time>2026-06-16T22:36:31.000Z</time>
      </trkpt>
      <trkpt lat="40.789392" lon="-73.957906">
        <ele>30.6</ele>
        <time>2026-06-16T22:36:32.000Z</time>
      </trkpt>
      <trkpt lat="40.789389" lon="-73.957918">
        <ele>30.6</ele>
        <time>2026-06-16T22:36:33.000Z</time>
      </trkpt>
      <trkpt lat="40.789387" lon="-73.957931">
        <ele>30.6</ele>
        <time>2026-06-16T22:36:34.000Z</time>
      </trkpt>
      <trkpt lat="40.789385" lon="-73.957944">
        <ele>30.6</ele>
        <time>2026-06-16T22:36:35.000Z</time>
      </trkpt>
      <trkpt lat="40.789383" lon="-73.957956">
        <ele>30.8</ele>
        <time>2026-06-16T22:36:36.000Z</time>
      </trkpt>
      <trkpt lat="40.789381" lon="-73.957968">
        <ele>30.8</ele>
        <time>2026-06-16T22:36:37.000Z</time>
      </trkpt>
      <trkpt lat="40.789379" lon="-73.957981">
        <ele>30.8</ele>
        <time>2026-06-16T22:36:38.000Z</time>
      </trkpt>
      <trkpt lat="40.789377" lon="-73.957995">
        <ele>30.8</ele>
        <time>2026-06-16T22:36:39.000Z</time>
      </trkpt>
      <trkpt lat="40.789375" lon="-73.958009">
        <ele>31</ele>
        <time>2026-06-16T22:36:40.000Z</time>
      </trkpt>
      <trkpt lat="40.789373" lon="-73.958022">
        <ele>31</ele>
        <time>2026-06-16T22:36:41.000Z</time>
      </trkpt>
      <trkpt lat="40.789372" lon="-73.958037">
        <ele>31</ele>
        <time>2026-06-16T22:36:42.000Z</time>
      </trkpt>
      <trkpt lat="40.78937" lon="-73.958051">
        <ele>31</ele>
        <time>2026-06-16T22:36:43.000Z</time>
      </trkpt>
      <trkpt lat="40.789368" lon="-73.958066">
        <ele>31.2</ele>
        <time>2026-06-16T22:36:44.000Z</time>
      </trkpt>
      <trkpt lat="40.789367" lon="-73.958082">
        <ele>31.2</ele>
        <time>2026-06-16T22:36:45.000Z</time>
      </trkpt>
      <trkpt lat="40.789365" lon="-73.958096">
        <ele>31.2</ele>
        <time>2026-06-16T22:36:46.000Z</time>
      </trkpt>
      <trkpt lat="40.789364" lon="-73.958111">
        <ele>31.2</ele>
        <time>2026-06-16T22:36:47.000Z</time>
      </trkpt>
      <trkpt lat="40.789362" lon="-73.958125">
        <ele>31.4</ele>
        <time>2026-06-16T22:36:48.000Z</time>
      </trkpt>
      <trkpt lat="40.789361" lon="-73.95814">
        <ele>31.4</ele>
        <time>2026-06-16T22:36:49.000Z</time>
      </trkpt>
      <trkpt lat="40.789359" lon="-73.958155">
        <ele>31.4</ele>
        <time>2026-06-16T22:36:50.000Z</time>
      </trkpt>
      <trkpt lat="40.789358" lon="-73.958169">
        <ele>31.4</ele>
        <time>2026-06-16T22:36:51.000Z</time>
      </trkpt>
      <trkpt lat="40.789356" lon="-73.958182">
        <ele>31.6</ele>
        <time>2026-06-16T22:36:52.000Z</time>
      </trkpt>
      <trkpt lat="40.789355" lon="-73.958195">
        <ele>31.6</ele>
        <time>2026-06-16T22:36:53.000Z</time>
      </trkpt>
      <trkpt lat="40.789354" lon="-73.95821">
        <ele>31.6</ele>
        <time>2026-06-16T22:36:54.000Z</time>
      </trkpt>
      <trkpt lat="40.789353" lon="-73.958226">
        <ele>31.6</ele>
        <time>2026-06-16T22:36:55.000Z</time>
      </trkpt>
      <trkpt lat="40.789352" lon="-73.958241">
        <ele>31.8</ele>
        <time>2026-06-16T22:36:56.000Z</time>
      </trkpt>
      <trkpt lat="40.789351" lon="-73.958257">
        <ele>31.8</ele>
        <time>2026-06-16T22:36:57.000Z</time>
      </trkpt>
      <trkpt lat="40.789349" lon="-73.958271">
        <ele>31.8</ele>
        <time>2026-06-16T22:36:58.000Z</time>
      </trkpt>
      <trkpt lat="40.789348" lon="-73.958286">
        <ele>31.8</ele>
        <time>2026-06-16T22:36:59.000Z</time>
      </trkpt>
      <trkpt lat="40.789347" lon="-73.9583">
        <ele>32</ele>
        <time>2026-06-16T22:37:00.000Z</time>
      </trkpt>
      <trkpt lat="40.789346" lon="-73.958315">
        <ele>32</ele>
        <time>2026-06-16T22:37:01.000Z</time>
      </trkpt>
      <trkpt lat="40.789345" lon="-73.958329">
        <ele>32.2</ele>
        <time>2026-06-16T22:37:02.000Z</time>
      </trkpt>
      <trkpt lat="40.789344" lon="-73.958343">
        <ele>32.2</ele>
        <time>2026-06-16T22:37:03.000Z</time>
      </trkpt>
      <trkpt lat="40.789343" lon="-73.958357">
        <ele>32.2</ele>
        <time>2026-06-16T22:37:04.000Z</time>
      </trkpt>
      <trkpt lat="40.789342" lon="-73.958371">
        <ele>32.4</ele>
        <time>2026-06-16T22:37:05.000Z</time>
      </trkpt>
      <trkpt lat="40.789341" lon="-73.958385">
        <ele>32.4</ele>
        <time>2026-06-16T22:37:06.000Z</time>
      </trkpt>
      <trkpt lat="40.789341" lon="-73.958399">
        <ele>32.4</ele>
        <time>2026-06-16T22:37:07.000Z</time>
      </trkpt>
      <trkpt lat="40.789341" lon="-73.958412">
        <ele>32.6</ele>
        <time>2026-06-16T22:37:08.000Z</time>
      </trkpt>
      <trkpt lat="40.78934" lon="-73.958424">
        <ele>32.6</ele>
        <time>2026-06-16T22:37:09.000Z</time>
      </trkpt>
      <trkpt lat="40.78934" lon="-73.958437">
        <ele>32.8</ele>
        <time>2026-06-16T22:37:10.000Z</time>
      </trkpt>
      <trkpt lat="40.78934" lon="-73.95845">
        <ele>32.8</ele>
        <time>2026-06-16T22:37:11.000Z</time>
      </trkpt>
      <trkpt lat="40.789339" lon="-73.958465">
        <ele>33</ele>
        <time>2026-06-16T22:37:12.000Z</time>
      </trkpt>
      <trkpt lat="40.789339" lon="-73.958479">
        <ele>33</ele>
        <time>2026-06-16T22:37:13.000Z</time>
      </trkpt>
      <trkpt lat="40.789339" lon="-73.958493">
        <ele>33</ele>
        <time>2026-06-16T22:37:14.000Z</time>
      </trkpt>
      <trkpt lat="40.78934" lon="-73.958507">
        <ele>33.2</ele>
        <time>2026-06-16T22:37:15.000Z</time>
      </trkpt>
      <trkpt lat="40.789341" lon="-73.958521">
        <ele>33.2</ele>
        <time>2026-06-16T22:37:16.000Z</time>
      </trkpt>
      <trkpt lat="40.789342" lon="-73.958535">
        <ele>33.2</ele>
        <time>2026-06-16T22:37:17.000Z</time>
      </trkpt>
      <trkpt lat="40.789343" lon="-73.95855">
        <ele>33.2</ele>
        <time>2026-06-16T22:37:18.000Z</time>
      </trkpt>
      <trkpt lat="40.789345" lon="-73.958564">
        <ele>33.2</ele>
        <time>2026-06-16T22:37:19.000Z</time>
      </trkpt>
      <trkpt lat="40.789347" lon="-73.958578">
        <ele>33.2</ele>
        <time>2026-06-16T22:37:20.000Z</time>
      </trkpt>
      <trkpt lat="40.789348" lon="-73.958593">
        <ele>33.2</ele>
        <time>2026-06-16T22:37:21.000Z</time>
      </trkpt>
      <trkpt lat="40.789351" lon="-73.958608">
        <ele>33.2</ele>
        <time>2026-06-16T22:37:22.000Z</time>
      </trkpt>
      <trkpt lat="40.789354" lon="-73.958622">
        <ele>33.2</ele>
        <time>2026-06-16T22:37:23.000Z</time>
      </trkpt>
      <trkpt lat="40.789358" lon="-73.958636">
        <ele>33.2</ele>
        <time>2026-06-16T22:37:24.000Z</time>
      </trkpt>
      <trkpt lat="40.789362" lon="-73.95865">
        <ele>33.2</ele>
        <time>2026-06-16T22:37:25.000Z</time>
      </trkpt>
      <trkpt lat="40.789365" lon="-73.958663">
        <ele>33.2</ele>
        <time>2026-06-16T22:37:26.000Z</time>
      </trkpt>
      <trkpt lat="40.789368" lon="-73.958677">
        <ele>33</ele>
        <time>2026-06-16T22:37:27.000Z</time>
      </trkpt>
      <trkpt lat="40.789371" lon="-73.958691">
        <ele>33</ele>
        <time>2026-06-16T22:37:28.000Z</time>
      </trkpt>
      <trkpt lat="40.789373" lon="-73.958705">
        <ele>33</ele>
        <time>2026-06-16T22:37:29.000Z</time>
      </trkpt>
      <trkpt lat="40.789374" lon="-73.958718">
        <ele>32.8</ele>
        <time>2026-06-16T22:37:30.000Z</time>
      </trkpt>
      <trkpt lat="40.789376" lon="-73.958732">
        <ele>32.8</ele>
        <time>2026-06-16T22:37:31.000Z</time>
      </trkpt>
      <trkpt lat="40.789378" lon="-73.958745">
        <ele>32.8</ele>
        <time>2026-06-16T22:37:32.000Z</time>
      </trkpt>
      <trkpt lat="40.78938" lon="-73.958759">
        <ele>32.6</ele>
        <time>2026-06-16T22:37:33.000Z</time>
      </trkpt>
      <trkpt lat="40.789382" lon="-73.958772">
        <ele>32.6</ele>
        <time>2026-06-16T22:37:34.000Z</time>
      </trkpt>
      <trkpt lat="40.789384" lon="-73.958786">
        <ele>32.6</ele>
        <time>2026-06-16T22:37:35.000Z</time>
      </trkpt>
      <trkpt lat="40.789386" lon="-73.958799">
        <ele>32.6</ele>
        <time>2026-06-16T22:37:36.000Z</time>
      </trkpt>
      <trkpt lat="40.789389" lon="-73.958812">
        <ele>32.4</ele>
        <time>2026-06-16T22:37:37.000Z</time>
      </trkpt>
      <trkpt lat="40.789391" lon="-73.958825">
        <ele>32.4</ele>
        <time>2026-06-16T22:37:38.000Z</time>
      </trkpt>
      <trkpt lat="40.789394" lon="-73.958838">
        <ele>32.4</ele>
        <time>2026-06-16T22:37:39.000Z</time>
      </trkpt>
      <trkpt lat="40.789397" lon="-73.958851">
        <ele>32.4</ele>
        <time>2026-06-16T22:37:40.000Z</time>
      </trkpt>
      <trkpt lat="40.789401" lon="-73.958865">
        <ele>32.4</ele>
        <time>2026-06-16T22:37:41.000Z</time>
      </trkpt>
      <trkpt lat="40.789406" lon="-73.958878">
        <ele>32.4</ele>
        <time>2026-06-16T22:37:42.000Z</time>
      </trkpt>
      <trkpt lat="40.789411" lon="-73.958893">
        <ele>32.4</ele>
        <time>2026-06-16T22:37:43.000Z</time>
      </trkpt>
      <trkpt lat="40.789417" lon="-73.958907">
        <ele>32.4</ele>
        <time>2026-06-16T22:37:44.000Z</time>
      </trkpt>
      <trkpt lat="40.789423" lon="-73.95892">
        <ele>32.4</ele>
        <time>2026-06-16T22:37:45.000Z</time>
      </trkpt>
      <trkpt lat="40.78943" lon="-73.958934">
        <ele>32.4</ele>
        <time>2026-06-16T22:37:46.000Z</time>
      </trkpt>
      <trkpt lat="40.789437" lon="-73.958948">
        <ele>32.2</ele>
        <time>2026-06-16T22:37:47.000Z</time>
      </trkpt>
      <trkpt lat="40.789444" lon="-73.95896">
        <ele>32.2</ele>
        <time>2026-06-16T22:37:48.000Z</time>
      </trkpt>
      <trkpt lat="40.789451" lon="-73.958973">
        <ele>32.2</ele>
        <time>2026-06-16T22:37:49.000Z</time>
      </trkpt>
      <trkpt lat="40.789459" lon="-73.958985">
        <ele>32.2</ele>
        <time>2026-06-16T22:37:50.000Z</time>
      </trkpt>
      <trkpt lat="40.789467" lon="-73.958996">
        <ele>32.2</ele>
        <time>2026-06-16T22:37:51.000Z</time>
      </trkpt>
      <trkpt lat="40.789475" lon="-73.959007">
        <ele>32.2</ele>
        <time>2026-06-16T22:37:52.000Z</time>
      </trkpt>
      <trkpt lat="40.789483" lon="-73.959018">
        <ele>32.4</ele>
        <time>2026-06-16T22:37:53.000Z</time>
      </trkpt>
      <trkpt lat="40.789491" lon="-73.959028">
        <ele>32.4</ele>
        <time>2026-06-16T22:37:54.000Z</time>
      </trkpt>
      <trkpt lat="40.789499" lon="-73.959038">
        <ele>32.4</ele>
        <time>2026-06-16T22:37:55.000Z</time>
      </trkpt>
      <trkpt lat="40.789507" lon="-73.959048">
        <ele>32.4</ele>
        <time>2026-06-16T22:37:56.000Z</time>
      </trkpt>
      <trkpt lat="40.789516" lon="-73.959058">
        <ele>32.6</ele>
        <time>2026-06-16T22:37:57.000Z</time>
      </trkpt>
      <trkpt lat="40.789524" lon="-73.959067">
        <ele>32.6</ele>
        <time>2026-06-16T22:37:58.000Z</time>
      </trkpt>
      <trkpt lat="40.789533" lon="-73.959076">
        <ele>32.8</ele>
        <time>2026-06-16T22:37:59.000Z</time>
      </trkpt>
      <trkpt lat="40.789542" lon="-73.959085">
        <ele>32.8</ele>
        <time>2026-06-16T22:38:00.000Z</time>
      </trkpt>
      <trkpt lat="40.789551" lon="-73.959093">
        <ele>32.8</ele>
        <time>2026-06-16T22:38:01.000Z</time>
      </trkpt>
      <trkpt lat="40.789559" lon="-73.959101">
        <ele>33</ele>
        <time>2026-06-16T22:38:02.000Z</time>
      </trkpt>
      <trkpt lat="40.789568" lon="-73.959109">
        <ele>33</ele>
        <time>2026-06-16T22:38:03.000Z</time>
      </trkpt>
      <trkpt lat="40.789577" lon="-73.959117">
        <ele>33.2</ele>
        <time>2026-06-16T22:38:04.000Z</time>
      </trkpt>
      <trkpt lat="40.789586" lon="-73.959125">
        <ele>33.2</ele>
        <time>2026-06-16T22:38:05.000Z</time>
      </trkpt>
      <trkpt lat="40.789594" lon="-73.959132">
        <ele>33.2</ele>
        <time>2026-06-16T22:38:06.000Z</time>
      </trkpt>
      <trkpt lat="40.789602" lon="-73.95914">
        <ele>33.2</ele>
        <time>2026-06-16T22:38:07.000Z</time>
      </trkpt>
      <trkpt lat="40.789611" lon="-73.959147">
        <ele>33.4</ele>
        <time>2026-06-16T22:38:08.000Z</time>
      </trkpt>
      <trkpt lat="40.78962" lon="-73.959155">
        <ele>33.4</ele>
        <time>2026-06-16T22:38:09.000Z</time>
      </trkpt>
      <trkpt lat="40.789629" lon="-73.959163">
        <ele>33.4</ele>
        <time>2026-06-16T22:38:10.000Z</time>
      </trkpt>
      <trkpt lat="40.789638" lon="-73.959171">
        <ele>33.4</ele>
        <time>2026-06-16T22:38:11.000Z</time>
      </trkpt>
      <trkpt lat="40.789646" lon="-73.959179">
        <ele>33.2</ele>
        <time>2026-06-16T22:38:12.000Z</time>
      </trkpt>
      <trkpt lat="40.789654" lon="-73.959187">
        <ele>33.2</ele>
        <time>2026-06-16T22:38:13.000Z</time>
      </trkpt>
      <trkpt lat="40.789662" lon="-73.959195">
        <ele>33.2</ele>
        <time>2026-06-16T22:38:14.000Z</time>
      </trkpt>
      <trkpt lat="40.78967" lon="-73.959203">
        <ele>33</ele>
        <time>2026-06-16T22:38:15.000Z</time>
      </trkpt>
      <trkpt lat="40.789678" lon="-73.959211">
        <ele>33</ele>
        <time>2026-06-16T22:38:16.000Z</time>
      </trkpt>
      <trkpt lat="40.789685" lon="-73.959219">
        <ele>32.8</ele>
        <time>2026-06-16T22:38:17.000Z</time>
      </trkpt>
      <trkpt lat="40.789693" lon="-73.959227">
        <ele>32.8</ele>
        <time>2026-06-16T22:38:18.000Z</time>
      </trkpt>
      <trkpt lat="40.7897" lon="-73.959236">
        <ele>32.6</ele>
        <time>2026-06-16T22:38:19.000Z</time>
      </trkpt>
      <trkpt lat="40.789708" lon="-73.959245">
        <ele>32.6</ele>
        <time>2026-06-16T22:38:20.000Z</time>
      </trkpt>
      <trkpt lat="40.789715" lon="-73.959254">
        <ele>32.4</ele>
        <time>2026-06-16T22:38:21.000Z</time>
      </trkpt>
      <trkpt lat="40.789722" lon="-73.959264">
        <ele>32.2</ele>
        <time>2026-06-16T22:38:22.000Z</time>
      </trkpt>
      <trkpt lat="40.789729" lon="-73.959273">
        <ele>32</ele>
        <time>2026-06-16T22:38:23.000Z</time>
      </trkpt>
      <trkpt lat="40.789736" lon="-73.959283">
        <ele>32</ele>
        <time>2026-06-16T22:38:24.000Z</time>
      </trkpt>
      <trkpt lat="40.789742" lon="-73.959292">
        <ele>31.8</ele>
        <time>2026-06-16T22:38:25.000Z</time>
      </trkpt>
      <trkpt lat="40.789749" lon="-73.959301">
        <ele>31.6</ele>
        <time>2026-06-16T22:38:26.000Z</time>
      </trkpt>
      <trkpt lat="40.789755" lon="-73.959311">
        <ele>31.6</ele>
        <time>2026-06-16T22:38:27.000Z</time>
      </trkpt>
      <trkpt lat="40.789762" lon="-73.959321">
        <ele>31.4</ele>
        <time>2026-06-16T22:38:28.000Z</time>
      </trkpt>
      <trkpt lat="40.789767" lon="-73.959332">
        <ele>31.2</ele>
        <time>2026-06-16T22:38:29.000Z</time>
      </trkpt>
      <trkpt lat="40.789773" lon="-73.959342">
        <ele>31.2</ele>
        <time>2026-06-16T22:38:30.000Z</time>
      </trkpt>
      <trkpt lat="40.789778" lon="-73.959353">
        <ele>31</ele>
        <time>2026-06-16T22:38:31.000Z</time>
      </trkpt>
      <trkpt lat="40.789783" lon="-73.959364">
        <ele>31</ele>
        <time>2026-06-16T22:38:32.000Z</time>
      </trkpt>
      <trkpt lat="40.789788" lon="-73.959375">
        <ele>31</ele>
        <time>2026-06-16T22:38:33.000Z</time>
      </trkpt>
      <trkpt lat="40.789792" lon="-73.959387">
        <ele>30.8</ele>
        <time>2026-06-16T22:38:34.000Z</time>
      </trkpt>
      <trkpt lat="40.789797" lon="-73.9594">
        <ele>30.8</ele>
        <time>2026-06-16T22:38:35.000Z</time>
      </trkpt>
      <trkpt lat="40.789801" lon="-73.959412">
        <ele>30.8</ele>
        <time>2026-06-16T22:38:36.000Z</time>
      </trkpt>
      <trkpt lat="40.789805" lon="-73.959425">
        <ele>30.8</ele>
        <time>2026-06-16T22:38:37.000Z</time>
      </trkpt>
      <trkpt lat="40.789809" lon="-73.959438">
        <ele>30.8</ele>
        <time>2026-06-16T22:38:38.000Z</time>
      </trkpt>
      <trkpt lat="40.789813" lon="-73.959451">
        <ele>30.6</ele>
        <time>2026-06-16T22:38:39.000Z</time>
      </trkpt>
      <trkpt lat="40.789817" lon="-73.959464">
        <ele>30.6</ele>
        <time>2026-06-16T22:38:40.000Z</time>
      </trkpt>
      <trkpt lat="40.78982" lon="-73.959477">
        <ele>30.6</ele>
        <time>2026-06-16T22:38:41.000Z</time>
      </trkpt>
      <trkpt lat="40.789823" lon="-73.95949">
        <ele>30.6</ele>
        <time>2026-06-16T22:38:42.000Z</time>
      </trkpt>
      <trkpt lat="40.789826" lon="-73.959503">
        <ele>30.6</ele>
        <time>2026-06-16T22:38:43.000Z</time>
      </trkpt>
      <trkpt lat="40.789829" lon="-73.959516">
        <ele>30.4</ele>
        <time>2026-06-16T22:38:44.000Z</time>
      </trkpt>
      <trkpt lat="40.789832" lon="-73.959529">
        <ele>30.4</ele>
        <time>2026-06-16T22:38:45.000Z</time>
      </trkpt>
      <trkpt lat="40.789835" lon="-73.959541">
        <ele>30.4</ele>
        <time>2026-06-16T22:38:46.000Z</time>
      </trkpt>
      <trkpt lat="40.789838" lon="-73.959554">
        <ele>30.2</ele>
        <time>2026-06-16T22:38:47.000Z</time>
      </trkpt>
      <trkpt lat="40.78984" lon="-73.959568">
        <ele>30.2</ele>
        <time>2026-06-16T22:38:48.000Z</time>
      </trkpt>
      <trkpt lat="40.789842" lon="-73.959583">
        <ele>30.2</ele>
        <time>2026-06-16T22:38:49.000Z</time>
      </trkpt>
      <trkpt lat="40.789844" lon="-73.959598">
        <ele>30</ele>
        <time>2026-06-16T22:38:50.000Z</time>
      </trkpt>
      <trkpt lat="40.789846" lon="-73.959611">
        <ele>30</ele>
        <time>2026-06-16T22:38:51.000Z</time>
      </trkpt>
      <trkpt lat="40.789847" lon="-73.959624">
        <ele>30</ele>
        <time>2026-06-16T22:38:52.000Z</time>
      </trkpt>
      <trkpt lat="40.789849" lon="-73.959637">
        <ele>29.8</ele>
        <time>2026-06-16T22:38:53.000Z</time>
      </trkpt>
      <trkpt lat="40.789849" lon="-73.959649">
        <ele>29.8</ele>
        <time>2026-06-16T22:38:54.000Z</time>
      </trkpt>
      <trkpt lat="40.78985" lon="-73.959663">
        <ele>29.8</ele>
        <time>2026-06-16T22:38:55.000Z</time>
      </trkpt>
      <trkpt lat="40.789851" lon="-73.959678">
        <ele>29.8</ele>
        <time>2026-06-16T22:38:56.000Z</time>
      </trkpt>
      <trkpt lat="40.789851" lon="-73.959693">
        <ele>29.6</ele>
        <time>2026-06-16T22:38:57.000Z</time>
      </trkpt>
      <trkpt lat="40.789851" lon="-73.959717">
        <ele>29.6</ele>
        <time>2026-06-16T22:38:58.000Z</time>
      </trkpt>
      <trkpt lat="40.789852" lon="-73.959727">
        <ele>29.6</ele>
        <time>2026-06-16T22:38:59.000Z</time>
      </trkpt>
      <trkpt lat="40.789852" lon="-73.959737">
        <ele>29.6</ele>
        <time>2026-06-16T22:39:00.000Z</time>
      </trkpt>
      <trkpt lat="40.789853" lon="-73.959753">
        <ele>29.6</ele>
        <time>2026-06-16T22:39:01.000Z</time>
      </trkpt>
      <trkpt lat="40.789853" lon="-73.959768">
        <ele>29.6</ele>
        <time>2026-06-16T22:39:02.000Z</time>
      </trkpt>
      <trkpt lat="40.789853" lon="-73.959782">
        <ele>29.4</ele>
        <time>2026-06-16T22:39:03.000Z</time>
      </trkpt>
      <trkpt lat="40.789854" lon="-73.959795">
        <ele>29.4</ele>
        <time>2026-06-16T22:39:04.000Z</time>
      </trkpt>
      <trkpt lat="40.789855" lon="-73.959809">
        <ele>29.4</ele>
        <time>2026-06-16T22:39:05.000Z</time>
      </trkpt>
      <trkpt lat="40.789855" lon="-73.959822">
        <ele>29.6</ele>
        <time>2026-06-16T22:39:06.000Z</time>
      </trkpt>
      <trkpt lat="40.789856" lon="-73.959835">
        <ele>29.6</ele>
        <time>2026-06-16T22:39:07.000Z</time>
      </trkpt>
      <trkpt lat="40.789856" lon="-73.959849">
        <ele>29.6</ele>
        <time>2026-06-16T22:39:08.000Z</time>
      </trkpt>
      <trkpt lat="40.789856" lon="-73.959862">
        <ele>29.6</ele>
        <time>2026-06-16T22:39:09.000Z</time>
      </trkpt>
      <trkpt lat="40.789857" lon="-73.959875">
        <ele>29.6</ele>
        <time>2026-06-16T22:39:10.000Z</time>
      </trkpt>
      <trkpt lat="40.789857" lon="-73.959888">
        <ele>29.6</ele>
        <time>2026-06-16T22:39:11.000Z</time>
      </trkpt>
      <trkpt lat="40.789857" lon="-73.959901">
        <ele>29.6</ele>
        <time>2026-06-16T22:39:12.000Z</time>
      </trkpt>
      <trkpt lat="40.789857" lon="-73.959916">
        <ele>29.6</ele>
        <time>2026-06-16T22:39:13.000Z</time>
      </trkpt>
      <trkpt lat="40.789857" lon="-73.95993">
        <ele>29.6</ele>
        <time>2026-06-16T22:39:14.000Z</time>
      </trkpt>
      <trkpt lat="40.789857" lon="-73.959943">
        <ele>29.6</ele>
        <time>2026-06-16T22:39:15.000Z</time>
      </trkpt>
      <trkpt lat="40.789856" lon="-73.959956">
        <ele>29.6</ele>
        <time>2026-06-16T22:39:16.000Z</time>
      </trkpt>
      <trkpt lat="40.789856" lon="-73.95997">
        <ele>29.6</ele>
        <time>2026-06-16T22:39:17.000Z</time>
      </trkpt>
      <trkpt lat="40.789855" lon="-73.959983">
        <ele>29.6</ele>
        <time>2026-06-16T22:39:18.000Z</time>
      </trkpt>
      <trkpt lat="40.789854" lon="-73.959997">
        <ele>29.6</ele>
        <time>2026-06-16T22:39:19.000Z</time>
      </trkpt>
      <trkpt lat="40.789852" lon="-73.960011">
        <ele>29.6</ele>
        <time>2026-06-16T22:39:20.000Z</time>
      </trkpt>
      <trkpt lat="40.78985" lon="-73.960025">
        <ele>29.6</ele>
        <time>2026-06-16T22:39:21.000Z</time>
      </trkpt>
      <trkpt lat="40.789847" lon="-73.960038">
        <ele>29.6</ele>
        <time>2026-06-16T22:39:22.000Z</time>
      </trkpt>
      <trkpt lat="40.789844" lon="-73.96005">
        <ele>29.6</ele>
        <time>2026-06-16T22:39:23.000Z</time>
      </trkpt>
      <trkpt lat="40.789842" lon="-73.960063">
        <ele>29.6</ele>
        <time>2026-06-16T22:39:24.000Z</time>
      </trkpt>
      <trkpt lat="40.789839" lon="-73.960075">
        <ele>29.8</ele>
        <time>2026-06-16T22:39:25.000Z</time>
      </trkpt>
      <trkpt lat="40.789835" lon="-73.960087">
        <ele>29.8</ele>
        <time>2026-06-16T22:39:26.000Z</time>
      </trkpt>
      <trkpt lat="40.789832" lon="-73.9601">
        <ele>29.8</ele>
        <time>2026-06-16T22:39:27.000Z</time>
      </trkpt>
      <trkpt lat="40.789828" lon="-73.960113">
        <ele>29.8</ele>
        <time>2026-06-16T22:39:28.000Z</time>
      </trkpt>
      <trkpt lat="40.789825" lon="-73.960125">
        <ele>30</ele>
        <time>2026-06-16T22:39:29.000Z</time>
      </trkpt>
      <trkpt lat="40.789821" lon="-73.960138">
        <ele>30</ele>
        <time>2026-06-16T22:39:30.000Z</time>
      </trkpt>
      <trkpt lat="40.789817" lon="-73.960151">
        <ele>30</ele>
        <time>2026-06-16T22:39:31.000Z</time>
      </trkpt>
      <trkpt lat="40.789813" lon="-73.960164">
        <ele>30.2</ele>
        <time>2026-06-16T22:39:32.000Z</time>
      </trkpt>
      <trkpt lat="40.789808" lon="-73.960178">
        <ele>30.2</ele>
        <time>2026-06-16T22:39:33.000Z</time>
      </trkpt>
      <trkpt lat="40.789804" lon="-73.960191">
        <ele>30.2</ele>
        <time>2026-06-16T22:39:34.000Z</time>
      </trkpt>
      <trkpt lat="40.789799" lon="-73.960204">
        <ele>30.2</ele>
        <time>2026-06-16T22:39:35.000Z</time>
      </trkpt>
      <trkpt lat="40.789795" lon="-73.960217">
        <ele>30.4</ele>
        <time>2026-06-16T22:39:36.000Z</time>
      </trkpt>
      <trkpt lat="40.78979" lon="-73.960229">
        <ele>30.4</ele>
        <time>2026-06-16T22:39:37.000Z</time>
      </trkpt>
      <trkpt lat="40.789785" lon="-73.960242">
        <ele>30.4</ele>
        <time>2026-06-16T22:39:38.000Z</time>
      </trkpt>
      <trkpt lat="40.78978" lon="-73.960255">
        <ele>30.4</ele>
        <time>2026-06-16T22:39:39.000Z</time>
      </trkpt>
      <trkpt lat="40.789775" lon="-73.960267">
        <ele>30.6</ele>
        <time>2026-06-16T22:39:40.000Z</time>
      </trkpt>
      <trkpt lat="40.789771" lon="-73.960278">
        <ele>30.6</ele>
        <time>2026-06-16T22:39:41.000Z</time>
      </trkpt>
      <trkpt lat="40.789766" lon="-73.96029">
        <ele>30.6</ele>
        <time>2026-06-16T22:39:42.000Z</time>
      </trkpt>
      <trkpt lat="40.789761" lon="-73.960301">
        <ele>30.8</ele>
        <time>2026-06-16T22:39:43.000Z</time>
      </trkpt>
      <trkpt lat="40.789756" lon="-73.960311">
        <ele>30.8</ele>
        <time>2026-06-16T22:39:44.000Z</time>
      </trkpt>
      <trkpt lat="40.789751" lon="-73.960321">
        <ele>31</ele>
        <time>2026-06-16T22:39:45.000Z</time>
      </trkpt>
      <trkpt lat="40.789746" lon="-73.960332">
        <ele>31</ele>
        <time>2026-06-16T22:39:46.000Z</time>
      </trkpt>
      <trkpt lat="40.789741" lon="-73.960342">
        <ele>31</ele>
        <time>2026-06-16T22:39:47.000Z</time>
      </trkpt>
      <trkpt lat="40.789736" lon="-73.960353">
        <ele>31.2</ele>
        <time>2026-06-16T22:39:48.000Z</time>
      </trkpt>
      <trkpt lat="40.78973" lon="-73.960363">
        <ele>31.2</ele>
        <time>2026-06-16T22:39:49.000Z</time>
      </trkpt>
      <trkpt lat="40.789725" lon="-73.960374">
        <ele>31.4</ele>
        <time>2026-06-16T22:39:50.000Z</time>
      </trkpt>
      <trkpt lat="40.78972" lon="-73.960385">
        <ele>31.4</ele>
        <time>2026-06-16T22:39:51.000Z</time>
      </trkpt>
      <trkpt lat="40.789715" lon="-73.960395">
        <ele>31.4</ele>
        <time>2026-06-16T22:39:52.000Z</time>
      </trkpt>
      <trkpt lat="40.78971" lon="-73.960406">
        <ele>31.6</ele>
        <time>2026-06-16T22:39:53.000Z</time>
      </trkpt>
      <trkpt lat="40.789705" lon="-73.960416">
        <ele>31.6</ele>
        <time>2026-06-16T22:39:54.000Z</time>
      </trkpt>
      <trkpt lat="40.7897" lon="-73.960426">
        <ele>31.6</ele>
        <time>2026-06-16T22:39:55.000Z</time>
      </trkpt>
      <trkpt lat="40.789695" lon="-73.960437">
        <ele>31.6</ele>
        <time>2026-06-16T22:39:56.000Z</time>
      </trkpt>
      <trkpt lat="40.78969" lon="-73.960448">
        <ele>31.6</ele>
        <time>2026-06-16T22:39:57.000Z</time>
      </trkpt>
      <trkpt lat="40.789685" lon="-73.960459">
        <ele>31.8</ele>
        <time>2026-06-16T22:39:58.000Z</time>
      </trkpt>
      <trkpt lat="40.78968" lon="-73.960471">
        <ele>31.8</ele>
        <time>2026-06-16T22:39:59.000Z</time>
      </trkpt>
      <trkpt lat="40.789675" lon="-73.960484">
        <ele>31.8</ele>
        <time>2026-06-16T22:40:00.000Z</time>
      </trkpt>
      <trkpt lat="40.789671" lon="-73.960496">
        <ele>31.8</ele>
        <time>2026-06-16T22:40:01.000Z</time>
      </trkpt>
      <trkpt lat="40.789666" lon="-73.960508">
        <ele>31.8</ele>
        <time>2026-06-16T22:40:02.000Z</time>
      </trkpt>
      <trkpt lat="40.789662" lon="-73.96052">
        <ele>31.8</ele>
        <time>2026-06-16T22:40:03.000Z</time>
      </trkpt>
      <trkpt lat="40.789658" lon="-73.960531">
        <ele>31.8</ele>
        <time>2026-06-16T22:40:04.000Z</time>
      </trkpt>
      <trkpt lat="40.789654" lon="-73.960543">
        <ele>31.8</ele>
        <time>2026-06-16T22:40:05.000Z</time>
      </trkpt>
      <trkpt lat="40.789649" lon="-73.960555">
        <ele>31.8</ele>
        <time>2026-06-16T22:40:06.000Z</time>
      </trkpt>
      <trkpt lat="40.789645" lon="-73.960568">
        <ele>31.8</ele>
        <time>2026-06-16T22:40:07.000Z</time>
      </trkpt>
      <trkpt lat="40.78964" lon="-73.960581">
        <ele>31.8</ele>
        <time>2026-06-16T22:40:08.000Z</time>
      </trkpt>
      <trkpt lat="40.789636" lon="-73.960594">
        <ele>31.8</ele>
        <time>2026-06-16T22:40:09.000Z</time>
      </trkpt>
      <trkpt lat="40.789632" lon="-73.960606">
        <ele>31.8</ele>
        <time>2026-06-16T22:40:10.000Z</time>
      </trkpt>
      <trkpt lat="40.789628" lon="-73.960618">
        <ele>31.8</ele>
        <time>2026-06-16T22:40:11.000Z</time>
      </trkpt>
      <trkpt lat="40.789623" lon="-73.960631">
        <ele>31.8</ele>
        <time>2026-06-16T22:40:12.000Z</time>
      </trkpt>
      <trkpt lat="40.789619" lon="-73.960643">
        <ele>31.8</ele>
        <time>2026-06-16T22:40:13.000Z</time>
      </trkpt>
      <trkpt lat="40.789615" lon="-73.960656">
        <ele>31.8</ele>
        <time>2026-06-16T22:40:14.000Z</time>
      </trkpt>
      <trkpt lat="40.789612" lon="-73.960668">
        <ele>31.8</ele>
        <time>2026-06-16T22:40:15.000Z</time>
      </trkpt>
      <trkpt lat="40.789608" lon="-73.96068">
        <ele>31.8</ele>
        <time>2026-06-16T22:40:16.000Z</time>
      </trkpt>
      <trkpt lat="40.789604" lon="-73.960692">
        <ele>31.8</ele>
        <time>2026-06-16T22:40:17.000Z</time>
      </trkpt>
      <trkpt lat="40.789601" lon="-73.960705">
        <ele>31.8</ele>
        <time>2026-06-16T22:40:18.000Z</time>
      </trkpt>
      <trkpt lat="40.789598" lon="-73.960718">
        <ele>31.8</ele>
        <time>2026-06-16T22:40:19.000Z</time>
      </trkpt>
      <trkpt lat="40.789594" lon="-73.960731">
        <ele>31.8</ele>
        <time>2026-06-16T22:40:20.000Z</time>
      </trkpt>
      <trkpt lat="40.789591" lon="-73.960745">
        <ele>31.8</ele>
        <time>2026-06-16T22:40:21.000Z</time>
      </trkpt>
      <trkpt lat="40.789588" lon="-73.960759">
        <ele>31.8</ele>
        <time>2026-06-16T22:40:22.000Z</time>
      </trkpt>
      <trkpt lat="40.789585" lon="-73.960773">
        <ele>31.8</ele>
        <time>2026-06-16T22:40:23.000Z</time>
      </trkpt>
      <trkpt lat="40.789582" lon="-73.960787">
        <ele>31.8</ele>
        <time>2026-06-16T22:40:24.000Z</time>
      </trkpt>
      <trkpt lat="40.789579" lon="-73.960801">
        <ele>31.8</ele>
        <time>2026-06-16T22:40:25.000Z</time>
      </trkpt>
      <trkpt lat="40.789576" lon="-73.960815">
        <ele>31.8</ele>
        <time>2026-06-16T22:40:26.000Z</time>
      </trkpt>
      <trkpt lat="40.789574" lon="-73.960828">
        <ele>31.8</ele>
        <time>2026-06-16T22:40:27.000Z</time>
      </trkpt>
      <trkpt lat="40.789571" lon="-73.960842">
        <ele>31.8</ele>
        <time>2026-06-16T22:40:28.000Z</time>
      </trkpt>
      <trkpt lat="40.789569" lon="-73.960856">
        <ele>31.8</ele>
        <time>2026-06-16T22:40:29.000Z</time>
      </trkpt>
      <trkpt lat="40.789567" lon="-73.96087">
        <ele>31.8</ele>
        <time>2026-06-16T22:40:30.000Z</time>
      </trkpt>
      <trkpt lat="40.789565" lon="-73.960884">
        <ele>31.8</ele>
        <time>2026-06-16T22:40:31.000Z</time>
      </trkpt>
      <trkpt lat="40.789563" lon="-73.960897">
        <ele>31.6</ele>
        <time>2026-06-16T22:40:32.000Z</time>
      </trkpt>
      <trkpt lat="40.789561" lon="-73.96091">
        <ele>31.6</ele>
        <time>2026-06-16T22:40:33.000Z</time>
      </trkpt>
      <trkpt lat="40.78956" lon="-73.960924">
        <ele>31.6</ele>
        <time>2026-06-16T22:40:34.000Z</time>
      </trkpt>
      <trkpt lat="40.789558" lon="-73.960937">
        <ele>31.6</ele>
        <time>2026-06-16T22:40:35.000Z</time>
      </trkpt>
      <trkpt lat="40.789556" lon="-73.960951">
        <ele>31.6</ele>
        <time>2026-06-16T22:40:36.000Z</time>
      </trkpt>
      <trkpt lat="40.789555" lon="-73.960965">
        <ele>31.6</ele>
        <time>2026-06-16T22:40:37.000Z</time>
      </trkpt>
      <trkpt lat="40.789553" lon="-73.960979">
        <ele>31.6</ele>
        <time>2026-06-16T22:40:38.000Z</time>
      </trkpt>
      <trkpt lat="40.789552" lon="-73.960993">
        <ele>31.6</ele>
        <time>2026-06-16T22:40:39.000Z</time>
      </trkpt>
      <trkpt lat="40.789551" lon="-73.961007">
        <ele>31.6</ele>
        <time>2026-06-16T22:40:40.000Z</time>
      </trkpt>
      <trkpt lat="40.789549" lon="-73.96102">
        <ele>31.6</ele>
        <time>2026-06-16T22:40:41.000Z</time>
      </trkpt>
      <trkpt lat="40.789548" lon="-73.961033">
        <ele>31.6</ele>
        <time>2026-06-16T22:40:42.000Z</time>
      </trkpt>
      <trkpt lat="40.789547" lon="-73.961046">
        <ele>31.6</ele>
        <time>2026-06-16T22:40:43.000Z</time>
      </trkpt>
      <trkpt lat="40.789546" lon="-73.961059">
        <ele>31.6</ele>
        <time>2026-06-16T22:40:44.000Z</time>
      </trkpt>
      <trkpt lat="40.789545" lon="-73.961072">
        <ele>31.4</ele>
        <time>2026-06-16T22:40:45.000Z</time>
      </trkpt>
      <trkpt lat="40.789544" lon="-73.961086">
        <ele>31.4</ele>
        <time>2026-06-16T22:40:46.000Z</time>
      </trkpt>
      <trkpt lat="40.789543" lon="-73.9611">
        <ele>31.4</ele>
        <time>2026-06-16T22:40:47.000Z</time>
      </trkpt>
      <trkpt lat="40.789541" lon="-73.961113">
        <ele>31.4</ele>
        <time>2026-06-16T22:40:48.000Z</time>
      </trkpt>
      <trkpt lat="40.78954" lon="-73.961126">
        <ele>31.2</ele>
        <time>2026-06-16T22:40:49.000Z</time>
      </trkpt>
      <trkpt lat="40.789537" lon="-73.96114">
        <ele>31.2</ele>
        <time>2026-06-16T22:40:50.000Z</time>
      </trkpt>
      <trkpt lat="40.789534" lon="-73.961153">
        <ele>31.2</ele>
        <time>2026-06-16T22:40:51.000Z</time>
      </trkpt>
      <trkpt lat="40.789531" lon="-73.961166">
        <ele>31</ele>
        <time>2026-06-16T22:40:52.000Z</time>
      </trkpt>
      <trkpt lat="40.789527" lon="-73.961179">
        <ele>31</ele>
        <time>2026-06-16T22:40:53.000Z</time>
      </trkpt>
      <trkpt lat="40.789524" lon="-73.961192">
        <ele>31</ele>
        <time>2026-06-16T22:40:54.000Z</time>
      </trkpt>
      <trkpt lat="40.789521" lon="-73.961202">
        <ele>31</ele>
        <time>2026-06-16T22:40:55.000Z</time>
      </trkpt>
      <trkpt lat="40.789517" lon="-73.961213">
        <ele>30.8</ele>
        <time>2026-06-16T22:40:56.000Z</time>
      </trkpt>
      <trkpt lat="40.789512" lon="-73.961225">
        <ele>30.8</ele>
        <time>2026-06-16T22:40:57.000Z</time>
      </trkpt>
      <trkpt lat="40.789506" lon="-73.961239">
        <ele>30.8</ele>
        <time>2026-06-16T22:40:58.000Z</time>
      </trkpt>
      <trkpt lat="40.789501" lon="-73.961252">
        <ele>30.8</ele>
        <time>2026-06-16T22:40:59.000Z</time>
      </trkpt>
      <trkpt lat="40.789495" lon="-73.961265">
        <ele>30.8</ele>
        <time>2026-06-16T22:41:00.000Z</time>
      </trkpt>
      <trkpt lat="40.78949" lon="-73.961278">
        <ele>30.8</ele>
        <time>2026-06-16T22:41:01.000Z</time>
      </trkpt>
      <trkpt lat="40.789485" lon="-73.961292">
        <ele>30.8</ele>
        <time>2026-06-16T22:41:02.000Z</time>
      </trkpt>
      <trkpt lat="40.78948" lon="-73.961306">
        <ele>30.8</ele>
        <time>2026-06-16T22:41:03.000Z</time>
      </trkpt>
      <trkpt lat="40.789475" lon="-73.961321">
        <ele>30.8</ele>
        <time>2026-06-16T22:41:04.000Z</time>
      </trkpt>
      <trkpt lat="40.789471" lon="-73.961335">
        <ele>30.8</ele>
        <time>2026-06-16T22:41:05.000Z</time>
      </trkpt>
      <trkpt lat="40.789467" lon="-73.961349">
        <ele>31</ele>
        <time>2026-06-16T22:41:06.000Z</time>
      </trkpt>
      <trkpt lat="40.789462" lon="-73.961362">
        <ele>31</ele>
        <time>2026-06-16T22:41:07.000Z</time>
      </trkpt>
      <trkpt lat="40.789457" lon="-73.961374">
        <ele>31</ele>
        <time>2026-06-16T22:41:08.000Z</time>
      </trkpt>
      <trkpt lat="40.789452" lon="-73.961387">
        <ele>31</ele>
        <time>2026-06-16T22:41:09.000Z</time>
      </trkpt>
      <trkpt lat="40.789447" lon="-73.961399">
        <ele>31</ele>
        <time>2026-06-16T22:41:10.000Z</time>
      </trkpt>
      <trkpt lat="40.789441" lon="-73.961411">
        <ele>31.2</ele>
        <time>2026-06-16T22:41:11.000Z</time>
      </trkpt>
      <trkpt lat="40.789435" lon="-73.961424">
        <ele>31.2</ele>
        <time>2026-06-16T22:41:12.000Z</time>
      </trkpt>
      <trkpt lat="40.789429" lon="-73.961437">
        <ele>31.2</ele>
        <time>2026-06-16T22:41:13.000Z</time>
      </trkpt>
      <trkpt lat="40.789423" lon="-73.96145">
        <ele>31.2</ele>
        <time>2026-06-16T22:41:14.000Z</time>
      </trkpt>
      <trkpt lat="40.789417" lon="-73.961463">
        <ele>31.2</ele>
        <time>2026-06-16T22:41:15.000Z</time>
      </trkpt>
      <trkpt lat="40.789412" lon="-73.961476">
        <ele>31.2</ele>
        <time>2026-06-16T22:41:16.000Z</time>
      </trkpt>
      <trkpt lat="40.789409" lon="-73.96149">
        <ele>31.2</ele>
        <time>2026-06-16T22:41:17.000Z</time>
      </trkpt>
      <trkpt lat="40.789406" lon="-73.961504">
        <ele>31.2</ele>
        <time>2026-06-16T22:41:18.000Z</time>
      </trkpt>
      <trkpt lat="40.789403" lon="-73.961517">
        <ele>31.2</ele>
        <time>2026-06-16T22:41:19.000Z</time>
      </trkpt>
      <trkpt lat="40.789399" lon="-73.961531">
        <ele>31.2</ele>
        <time>2026-06-16T22:41:20.000Z</time>
      </trkpt>
      <trkpt lat="40.789395" lon="-73.961545">
        <ele>31.2</ele>
        <time>2026-06-16T22:41:21.000Z</time>
      </trkpt>
      <trkpt lat="40.789392" lon="-73.961559">
        <ele>31.2</ele>
        <time>2026-06-16T22:41:22.000Z</time>
      </trkpt>
      <trkpt lat="40.789389" lon="-73.961572">
        <ele>31.2</ele>
        <time>2026-06-16T22:41:23.000Z</time>
      </trkpt>
      <trkpt lat="40.789386" lon="-73.961586">
        <ele>31.2</ele>
        <time>2026-06-16T22:41:24.000Z</time>
      </trkpt>
      <trkpt lat="40.789383" lon="-73.9616">
        <ele>31.2</ele>
        <time>2026-06-16T22:41:25.000Z</time>
      </trkpt>
      <trkpt lat="40.789379" lon="-73.961614">
        <ele>31.2</ele>
        <time>2026-06-16T22:41:26.000Z</time>
      </trkpt>
      <trkpt lat="40.789376" lon="-73.961628">
        <ele>31.2</ele>
        <time>2026-06-16T22:41:27.000Z</time>
      </trkpt>
      <trkpt lat="40.789373" lon="-73.961642">
        <ele>31.2</ele>
        <time>2026-06-16T22:41:28.000Z</time>
      </trkpt>
      <trkpt lat="40.78937" lon="-73.961654">
        <ele>31.2</ele>
        <time>2026-06-16T22:41:29.000Z</time>
      </trkpt>
      <trkpt lat="40.789368" lon="-73.961667">
        <ele>31.2</ele>
        <time>2026-06-16T22:41:30.000Z</time>
      </trkpt>
      <trkpt lat="40.789366" lon="-73.961681">
        <ele>31.2</ele>
        <time>2026-06-16T22:41:31.000Z</time>
      </trkpt>
      <trkpt lat="40.789364" lon="-73.961696">
        <ele>31.2</ele>
        <time>2026-06-16T22:41:32.000Z</time>
      </trkpt>
      <trkpt lat="40.789361" lon="-73.961712">
        <ele>31.4</ele>
        <time>2026-06-16T22:41:33.000Z</time>
      </trkpt>
      <trkpt lat="40.789357" lon="-73.961727">
        <ele>31.4</ele>
        <time>2026-06-16T22:41:34.000Z</time>
      </trkpt>
      <trkpt lat="40.789354" lon="-73.961742">
        <ele>31.4</ele>
        <time>2026-06-16T22:41:35.000Z</time>
      </trkpt>
      <trkpt lat="40.789351" lon="-73.961757">
        <ele>31.4</ele>
        <time>2026-06-16T22:41:36.000Z</time>
      </trkpt>
      <trkpt lat="40.789348" lon="-73.961772">
        <ele>31.4</ele>
        <time>2026-06-16T22:41:37.000Z</time>
      </trkpt>
      <trkpt lat="40.789345" lon="-73.961787">
        <ele>31.4</ele>
        <time>2026-06-16T22:41:38.000Z</time>
      </trkpt>
      <trkpt lat="40.789343" lon="-73.961801">
        <ele>31.4</ele>
        <time>2026-06-16T22:41:39.000Z</time>
      </trkpt>
      <trkpt lat="40.789341" lon="-73.961816">
        <ele>31.4</ele>
        <time>2026-06-16T22:41:40.000Z</time>
      </trkpt>
      <trkpt lat="40.78934" lon="-73.96183">
        <ele>31.4</ele>
        <time>2026-06-16T22:41:41.000Z</time>
      </trkpt>
      <trkpt lat="40.789339" lon="-73.961844">
        <ele>31.4</ele>
        <time>2026-06-16T22:41:42.000Z</time>
      </trkpt>
      <trkpt lat="40.789337" lon="-73.961858">
        <ele>31.4</ele>
        <time>2026-06-16T22:41:43.000Z</time>
      </trkpt>
      <trkpt lat="40.789334" lon="-73.961871">
        <ele>31.2</ele>
        <time>2026-06-16T22:41:44.000Z</time>
      </trkpt>
      <trkpt lat="40.789332" lon="-73.961884">
        <ele>31.2</ele>
        <time>2026-06-16T22:41:45.000Z</time>
      </trkpt>
      <trkpt lat="40.789329" lon="-73.961898">
        <ele>31.2</ele>
        <time>2026-06-16T22:41:46.000Z</time>
      </trkpt>
      <trkpt lat="40.789326" lon="-73.961911">
        <ele>31.2</ele>
        <time>2026-06-16T22:41:47.000Z</time>
      </trkpt>
      <trkpt lat="40.789323" lon="-73.961924">
        <ele>31.2</ele>
        <time>2026-06-16T22:41:48.000Z</time>
      </trkpt>
      <trkpt lat="40.78932" lon="-73.961937">
        <ele>31.2</ele>
        <time>2026-06-16T22:41:49.000Z</time>
      </trkpt>
      <trkpt lat="40.789317" lon="-73.961949">
        <ele>31.2</ele>
        <time>2026-06-16T22:41:50.000Z</time>
      </trkpt>
      <trkpt lat="40.789313" lon="-73.961962">
        <ele>31.2</ele>
        <time>2026-06-16T22:41:51.000Z</time>
      </trkpt>
      <trkpt lat="40.78931" lon="-73.961975">
        <ele>31.2</ele>
        <time>2026-06-16T22:41:52.000Z</time>
      </trkpt>
      <trkpt lat="40.789308" lon="-73.961989">
        <ele>31.2</ele>
        <time>2026-06-16T22:41:53.000Z</time>
      </trkpt>
      <trkpt lat="40.789307" lon="-73.962002">
        <ele>31.2</ele>
        <time>2026-06-16T22:41:54.000Z</time>
      </trkpt>
      <trkpt lat="40.789307" lon="-73.962016">
        <ele>31.2</ele>
        <time>2026-06-16T22:41:55.000Z</time>
      </trkpt>
      <trkpt lat="40.789307" lon="-73.96203">
        <ele>31.2</ele>
        <time>2026-06-16T22:41:56.000Z</time>
      </trkpt>
      <trkpt lat="40.789306" lon="-73.962044">
        <ele>31.2</ele>
        <time>2026-06-16T22:41:57.000Z</time>
      </trkpt>
      <trkpt lat="40.789306" lon="-73.962058">
        <ele>31.2</ele>
        <time>2026-06-16T22:41:58.000Z</time>
      </trkpt>
      <trkpt lat="40.789306" lon="-73.962072">
        <ele>31.2</ele>
        <time>2026-06-16T22:41:59.000Z</time>
      </trkpt>
      <trkpt lat="40.789307" lon="-73.962086">
        <ele>31.2</ele>
        <time>2026-06-16T22:42:00.000Z</time>
      </trkpt>
      <trkpt lat="40.789308" lon="-73.9621">
        <ele>31.2</ele>
        <time>2026-06-16T22:42:01.000Z</time>
      </trkpt>
      <trkpt lat="40.789308" lon="-73.962115">
        <ele>31.4</ele>
        <time>2026-06-16T22:42:02.000Z</time>
      </trkpt>
      <trkpt lat="40.789307" lon="-73.962132">
        <ele>31.4</ele>
        <time>2026-06-16T22:42:03.000Z</time>
      </trkpt>
      <trkpt lat="40.789305" lon="-73.962148">
        <ele>31.4</ele>
        <time>2026-06-16T22:42:04.000Z</time>
      </trkpt>
      <trkpt lat="40.789302" lon="-73.962163">
        <ele>31.6</ele>
        <time>2026-06-16T22:42:05.000Z</time>
      </trkpt>
      <trkpt lat="40.7893" lon="-73.962176">
        <ele>31.6</ele>
        <time>2026-06-16T22:42:06.000Z</time>
      </trkpt>
      <trkpt lat="40.789297" lon="-73.962188">
        <ele>31.8</ele>
        <time>2026-06-16T22:42:07.000Z</time>
      </trkpt>
      <trkpt lat="40.789295" lon="-73.962201">
        <ele>31.8</ele>
        <time>2026-06-16T22:42:08.000Z</time>
      </trkpt>
      <trkpt lat="40.789292" lon="-73.962214">
        <ele>32</ele>
        <time>2026-06-16T22:42:09.000Z</time>
      </trkpt>
      <trkpt lat="40.789291" lon="-73.962227">
        <ele>32.2</ele>
        <time>2026-06-16T22:42:10.000Z</time>
      </trkpt>
      <trkpt lat="40.789289" lon="-73.962241">
        <ele>32.2</ele>
        <time>2026-06-16T22:42:11.000Z</time>
      </trkpt>
      <trkpt lat="40.789288" lon="-73.962254">
        <ele>32.4</ele>
        <time>2026-06-16T22:42:12.000Z</time>
      </trkpt>
      <trkpt lat="40.789287" lon="-73.962267">
        <ele>32.4</ele>
        <time>2026-06-16T22:42:13.000Z</time>
      </trkpt>
      <trkpt lat="40.789286" lon="-73.962279">
        <ele>32.6</ele>
        <time>2026-06-16T22:42:14.000Z</time>
      </trkpt>
      <trkpt lat="40.789284" lon="-73.962292">
        <ele>32.8</ele>
        <time>2026-06-16T22:42:15.000Z</time>
      </trkpt>
      <trkpt lat="40.789283" lon="-73.962306">
        <ele>32.8</ele>
        <time>2026-06-16T22:42:16.000Z</time>
      </trkpt>
      <trkpt lat="40.78928" lon="-73.962319">
        <ele>33</ele>
        <time>2026-06-16T22:42:17.000Z</time>
      </trkpt>
      <trkpt lat="40.789278" lon="-73.962332">
        <ele>33</ele>
        <time>2026-06-16T22:42:18.000Z</time>
      </trkpt>
      <trkpt lat="40.789275" lon="-73.962345">
        <ele>33.2</ele>
        <time>2026-06-16T22:42:19.000Z</time>
      </trkpt>
      <trkpt lat="40.789272" lon="-73.962357">
        <ele>33.4</ele>
        <time>2026-06-16T22:42:20.000Z</time>
      </trkpt>
      <trkpt lat="40.789269" lon="-73.962371">
        <ele>33.6</ele>
        <time>2026-06-16T22:42:21.000Z</time>
      </trkpt>
      <trkpt lat="40.789266" lon="-73.962385">
        <ele>33.6</ele>
        <time>2026-06-16T22:42:22.000Z</time>
      </trkpt>
      <trkpt lat="40.789262" lon="-73.962398">
        <ele>33.8</ele>
        <time>2026-06-16T22:42:23.000Z</time>
      </trkpt>
      <trkpt lat="40.789259" lon="-73.962411">
        <ele>33.8</ele>
        <time>2026-06-16T22:42:24.000Z</time>
      </trkpt>
      <trkpt lat="40.789254" lon="-73.962423">
        <ele>34</ele>
        <time>2026-06-16T22:42:25.000Z</time>
      </trkpt>
      <trkpt lat="40.78925" lon="-73.962435">
        <ele>34</ele>
        <time>2026-06-16T22:42:26.000Z</time>
      </trkpt>
      <trkpt lat="40.789246" lon="-73.962448">
        <ele>34.2</ele>
        <time>2026-06-16T22:42:27.000Z</time>
      </trkpt>
      <trkpt lat="40.789243" lon="-73.962461">
        <ele>34.2</ele>
        <time>2026-06-16T22:42:28.000Z</time>
      </trkpt>
      <trkpt lat="40.78924" lon="-73.962474">
        <ele>34.2</ele>
        <time>2026-06-16T22:42:29.000Z</time>
      </trkpt>
      <trkpt lat="40.789237" lon="-73.962487">
        <ele>34.4</ele>
        <time>2026-06-16T22:42:30.000Z</time>
      </trkpt>
      <trkpt lat="40.789235" lon="-73.9625">
        <ele>34.4</ele>
        <time>2026-06-16T22:42:31.000Z</time>
      </trkpt>
      <trkpt lat="40.789234" lon="-73.962514">
        <ele>34.4</ele>
        <time>2026-06-16T22:42:32.000Z</time>
      </trkpt>
      <trkpt lat="40.789232" lon="-73.962528">
        <ele>34.4</ele>
        <time>2026-06-16T22:42:33.000Z</time>
      </trkpt>
      <trkpt lat="40.78923" lon="-73.962542">
        <ele>34.4</ele>
        <time>2026-06-16T22:42:34.000Z</time>
      </trkpt>
      <trkpt lat="40.789228" lon="-73.962556">
        <ele>34.4</ele>
        <time>2026-06-16T22:42:35.000Z</time>
      </trkpt>
      <trkpt lat="40.789225" lon="-73.962569">
        <ele>34.4</ele>
        <time>2026-06-16T22:42:36.000Z</time>
      </trkpt>
      <trkpt lat="40.789222" lon="-73.962582">
        <ele>34.4</ele>
        <time>2026-06-16T22:42:37.000Z</time>
      </trkpt>
      <trkpt lat="40.789219" lon="-73.962594">
        <ele>34.4</ele>
        <time>2026-06-16T22:42:38.000Z</time>
      </trkpt>
      <trkpt lat="40.789217" lon="-73.962605">
        <ele>34.4</ele>
        <time>2026-06-16T22:42:39.000Z</time>
      </trkpt>
      <trkpt lat="40.789214" lon="-73.962617">
        <ele>34.4</ele>
        <time>2026-06-16T22:42:40.000Z</time>
      </trkpt>
      <trkpt lat="40.789212" lon="-73.962629">
        <ele>34.6</ele>
        <time>2026-06-16T22:42:41.000Z</time>
      </trkpt>
      <trkpt lat="40.789209" lon="-73.962641">
        <ele>34.6</ele>
        <time>2026-06-16T22:42:42.000Z</time>
      </trkpt>
      <trkpt lat="40.789207" lon="-73.962654">
        <ele>34.6</ele>
        <time>2026-06-16T22:42:43.000Z</time>
      </trkpt>
      <trkpt lat="40.789205" lon="-73.962667">
        <ele>34.6</ele>
        <time>2026-06-16T22:42:44.000Z</time>
      </trkpt>
      <trkpt lat="40.789204" lon="-73.962681">
        <ele>34.6</ele>
        <time>2026-06-16T22:42:45.000Z</time>
      </trkpt>
      <trkpt lat="40.789204" lon="-73.962694">
        <ele>34.6</ele>
        <time>2026-06-16T22:42:46.000Z</time>
      </trkpt>
      <trkpt lat="40.789203" lon="-73.962708">
        <ele>34.6</ele>
        <time>2026-06-16T22:42:47.000Z</time>
      </trkpt>
      <trkpt lat="40.789202" lon="-73.962721">
        <ele>34.6</ele>
        <time>2026-06-16T22:42:48.000Z</time>
      </trkpt>
      <trkpt lat="40.789201" lon="-73.962735">
        <ele>34.6</ele>
        <time>2026-06-16T22:42:49.000Z</time>
      </trkpt>
      <trkpt lat="40.7892" lon="-73.96275">
        <ele>34.6</ele>
        <time>2026-06-16T22:42:50.000Z</time>
      </trkpt>
      <trkpt lat="40.789199" lon="-73.962763">
        <ele>34.6</ele>
        <time>2026-06-16T22:42:51.000Z</time>
      </trkpt>
      <trkpt lat="40.789198" lon="-73.962777">
        <ele>34.6</ele>
        <time>2026-06-16T22:42:52.000Z</time>
      </trkpt>
      <trkpt lat="40.789196" lon="-73.96279">
        <ele>34.6</ele>
        <time>2026-06-16T22:42:53.000Z</time>
      </trkpt>
      <trkpt lat="40.789195" lon="-73.962805">
        <ele>34.4</ele>
        <time>2026-06-16T22:42:54.000Z</time>
      </trkpt>
      <trkpt lat="40.789193" lon="-73.96282">
        <ele>34.4</ele>
        <time>2026-06-16T22:42:55.000Z</time>
      </trkpt>
      <trkpt lat="40.789192" lon="-73.962835">
        <ele>34.4</ele>
        <time>2026-06-16T22:42:56.000Z</time>
      </trkpt>
      <trkpt lat="40.789192" lon="-73.962849">
        <ele>34.4</ele>
        <time>2026-06-16T22:42:57.000Z</time>
      </trkpt>
      <trkpt lat="40.789192" lon="-73.962863">
        <ele>34.4</ele>
        <time>2026-06-16T22:42:58.000Z</time>
      </trkpt>
      <trkpt lat="40.789193" lon="-73.962878">
        <ele>34.4</ele>
        <time>2026-06-16T22:42:59.000Z</time>
      </trkpt>
      <trkpt lat="40.789195" lon="-73.962895">
        <ele>34.4</ele>
        <time>2026-06-16T22:43:00.000Z</time>
      </trkpt>
      <trkpt lat="40.789196" lon="-73.962911">
        <ele>34.2</ele>
        <time>2026-06-16T22:43:01.000Z</time>
      </trkpt>
      <trkpt lat="40.789197" lon="-73.962927">
        <ele>34.2</ele>
        <time>2026-06-16T22:43:02.000Z</time>
      </trkpt>
      <trkpt lat="40.789198" lon="-73.962943">
        <ele>34.2</ele>
        <time>2026-06-16T22:43:03.000Z</time>
      </trkpt>
      <trkpt lat="40.7892" lon="-73.962958">
        <ele>34.2</ele>
        <time>2026-06-16T22:43:04.000Z</time>
      </trkpt>
      <trkpt lat="40.789201" lon="-73.962972">
        <ele>34.2</ele>
        <time>2026-06-16T22:43:05.000Z</time>
      </trkpt>
      <trkpt lat="40.789203" lon="-73.962988">
        <ele>34.2</ele>
        <time>2026-06-16T22:43:06.000Z</time>
      </trkpt>
      <trkpt lat="40.789205" lon="-73.963003">
        <ele>34.2</ele>
        <time>2026-06-16T22:43:07.000Z</time>
      </trkpt>
      <trkpt lat="40.789206" lon="-73.963018">
        <ele>34.2</ele>
        <time>2026-06-16T22:43:08.000Z</time>
      </trkpt>
      <trkpt lat="40.789208" lon="-73.963033">
        <ele>34.2</ele>
        <time>2026-06-16T22:43:09.000Z</time>
      </trkpt>
      <trkpt lat="40.78921" lon="-73.963048">
        <ele>34</ele>
        <time>2026-06-16T22:43:10.000Z</time>
      </trkpt>
      <trkpt lat="40.789214" lon="-73.963064">
        <ele>34</ele>
        <time>2026-06-16T22:43:11.000Z</time>
      </trkpt>
      <trkpt lat="40.789217" lon="-73.963078">
        <ele>34</ele>
        <time>2026-06-16T22:43:12.000Z</time>
      </trkpt>
      <trkpt lat="40.789222" lon="-73.963093">
        <ele>34</ele>
        <time>2026-06-16T22:43:13.000Z</time>
      </trkpt>
      <trkpt lat="40.789226" lon="-73.963106">
        <ele>34</ele>
        <time>2026-06-16T22:43:14.000Z</time>
      </trkpt>
      <trkpt lat="40.789231" lon="-73.96312">
        <ele>34</ele>
        <time>2026-06-16T22:43:15.000Z</time>
      </trkpt>
      <trkpt lat="40.789236" lon="-73.963134">
        <ele>34</ele>
        <time>2026-06-16T22:43:16.000Z</time>
      </trkpt>
      <trkpt lat="40.78924" lon="-73.963148">
        <ele>34</ele>
        <time>2026-06-16T22:43:17.000Z</time>
      </trkpt>
      <trkpt lat="40.789244" lon="-73.963161">
        <ele>33.8</ele>
        <time>2026-06-16T22:43:18.000Z</time>
      </trkpt>
      <trkpt lat="40.789248" lon="-73.963175">
        <ele>33.8</ele>
        <time>2026-06-16T22:43:19.000Z</time>
      </trkpt>
      <trkpt lat="40.789252" lon="-73.963189">
        <ele>33.8</ele>
        <time>2026-06-16T22:43:20.000Z</time>
      </trkpt>
      <trkpt lat="40.789255" lon="-73.963203">
        <ele>33.8</ele>
        <time>2026-06-16T22:43:21.000Z</time>
      </trkpt>
      <trkpt lat="40.789258" lon="-73.963217">
        <ele>33.6</ele>
        <time>2026-06-16T22:43:22.000Z</time>
      </trkpt>
      <trkpt lat="40.789261" lon="-73.963231">
        <ele>33.6</ele>
        <time>2026-06-16T22:43:23.000Z</time>
      </trkpt>
      <trkpt lat="40.789265" lon="-73.963245">
        <ele>33.6</ele>
        <time>2026-06-16T22:43:24.000Z</time>
      </trkpt>
      <trkpt lat="40.789269" lon="-73.963259">
        <ele>33.6</ele>
        <time>2026-06-16T22:43:25.000Z</time>
      </trkpt>
      <trkpt lat="40.789273" lon="-73.963273">
        <ele>33.6</ele>
        <time>2026-06-16T22:43:26.000Z</time>
      </trkpt>
      <trkpt lat="40.789277" lon="-73.963286">
        <ele>33.4</ele>
        <time>2026-06-16T22:43:27.000Z</time>
      </trkpt>
      <trkpt lat="40.78928" lon="-73.963299">
        <ele>33.4</ele>
        <time>2026-06-16T22:43:28.000Z</time>
      </trkpt>
      <trkpt lat="40.789284" lon="-73.963313">
        <ele>33.4</ele>
        <time>2026-06-16T22:43:29.000Z</time>
      </trkpt>
      <trkpt lat="40.789288" lon="-73.963326">
        <ele>33.4</ele>
        <time>2026-06-16T22:43:30.000Z</time>
      </trkpt>
      <trkpt lat="40.789291" lon="-73.963339">
        <ele>33.4</ele>
        <time>2026-06-16T22:43:31.000Z</time>
      </trkpt>
      <trkpt lat="40.789295" lon="-73.963352">
        <ele>33.4</ele>
        <time>2026-06-16T22:43:32.000Z</time>
      </trkpt>
      <trkpt lat="40.789299" lon="-73.963365">
        <ele>33.4</ele>
        <time>2026-06-16T22:43:33.000Z</time>
      </trkpt>
      <trkpt lat="40.789302" lon="-73.963378">
        <ele>33.4</ele>
        <time>2026-06-16T22:43:34.000Z</time>
      </trkpt>
      <trkpt lat="40.789306" lon="-73.963391">
        <ele>33.4</ele>
        <time>2026-06-16T22:43:35.000Z</time>
      </trkpt>
      <trkpt lat="40.789309" lon="-73.963405">
        <ele>33.4</ele>
        <time>2026-06-16T22:43:36.000Z</time>
      </trkpt>
      <trkpt lat="40.789312" lon="-73.963418">
        <ele>33.4</ele>
        <time>2026-06-16T22:43:37.000Z</time>
      </trkpt>
      <trkpt lat="40.789314" lon="-73.963432">
        <ele>33.4</ele>
        <time>2026-06-16T22:43:38.000Z</time>
      </trkpt>
      <trkpt lat="40.789317" lon="-73.963446">
        <ele>33.4</ele>
        <time>2026-06-16T22:43:39.000Z</time>
      </trkpt>
      <trkpt lat="40.78932" lon="-73.96346">
        <ele>33.4</ele>
        <time>2026-06-16T22:43:40.000Z</time>
      </trkpt>
      <trkpt lat="40.789323" lon="-73.963473">
        <ele>33.4</ele>
        <time>2026-06-16T22:43:41.000Z</time>
      </trkpt>
      <trkpt lat="40.789326" lon="-73.963486">
        <ele>33.4</ele>
        <time>2026-06-16T22:43:42.000Z</time>
      </trkpt>
      <trkpt lat="40.789328" lon="-73.963499">
        <ele>33.4</ele>
        <time>2026-06-16T22:43:43.000Z</time>
      </trkpt>
      <trkpt lat="40.789331" lon="-73.963512">
        <ele>33.4</ele>
        <time>2026-06-16T22:43:44.000Z</time>
      </trkpt>
      <trkpt lat="40.789334" lon="-73.963525">
        <ele>33.4</ele>
        <time>2026-06-16T22:43:45.000Z</time>
      </trkpt>
      <trkpt lat="40.789336" lon="-73.963537">
        <ele>33.4</ele>
        <time>2026-06-16T22:43:46.000Z</time>
      </trkpt>
      <trkpt lat="40.789339" lon="-73.963549">
        <ele>33.4</ele>
        <time>2026-06-16T22:43:47.000Z</time>
      </trkpt>
      <trkpt lat="40.789341" lon="-73.963562">
        <ele>33.4</ele>
        <time>2026-06-16T22:43:48.000Z</time>
      </trkpt>
      <trkpt lat="40.789343" lon="-73.963575">
        <ele>33.4</ele>
        <time>2026-06-16T22:43:49.000Z</time>
      </trkpt>
      <trkpt lat="40.789346" lon="-73.963588">
        <ele>33.2</ele>
        <time>2026-06-16T22:43:50.000Z</time>
      </trkpt>
      <trkpt lat="40.789348" lon="-73.963602">
        <ele>33.2</ele>
        <time>2026-06-16T22:43:51.000Z</time>
      </trkpt>
      <trkpt lat="40.789351" lon="-73.963616">
        <ele>33.2</ele>
        <time>2026-06-16T22:43:52.000Z</time>
      </trkpt>
      <trkpt lat="40.789353" lon="-73.96363">
        <ele>33.2</ele>
        <time>2026-06-16T22:43:53.000Z</time>
      </trkpt>
      <trkpt lat="40.789356" lon="-73.963644">
        <ele>33.2</ele>
        <time>2026-06-16T22:43:54.000Z</time>
      </trkpt>
      <trkpt lat="40.789358" lon="-73.963658">
        <ele>33</ele>
        <time>2026-06-16T22:43:55.000Z</time>
      </trkpt>
      <trkpt lat="40.789361" lon="-73.963673">
        <ele>33</ele>
        <time>2026-06-16T22:43:56.000Z</time>
      </trkpt>
      <trkpt lat="40.789364" lon="-73.963688">
        <ele>33</ele>
        <time>2026-06-16T22:43:57.000Z</time>
      </trkpt>
      <trkpt lat="40.789367" lon="-73.963703">
        <ele>33</ele>
        <time>2026-06-16T22:43:58.000Z</time>
      </trkpt>
      <trkpt lat="40.789369" lon="-73.963718">
        <ele>33</ele>
        <time>2026-06-16T22:43:59.000Z</time>
      </trkpt>
      <trkpt lat="40.789371" lon="-73.963732">
        <ele>33</ele>
        <time>2026-06-16T22:44:00.000Z</time>
      </trkpt>
      <trkpt lat="40.789374" lon="-73.963747">
        <ele>32.8</ele>
        <time>2026-06-16T22:44:01.000Z</time>
      </trkpt>
      <trkpt lat="40.789376" lon="-73.96376">
        <ele>32.8</ele>
        <time>2026-06-16T22:44:02.000Z</time>
      </trkpt>
      <trkpt lat="40.789378" lon="-73.963773">
        <ele>32.8</ele>
        <time>2026-06-16T22:44:03.000Z</time>
      </trkpt>
      <trkpt lat="40.78938" lon="-73.963786">
        <ele>32.8</ele>
        <time>2026-06-16T22:44:04.000Z</time>
      </trkpt>
      <trkpt lat="40.789382" lon="-73.9638">
        <ele>32.8</ele>
        <time>2026-06-16T22:44:05.000Z</time>
      </trkpt>
      <trkpt lat="40.789383" lon="-73.963814">
        <ele>32.8</ele>
        <time>2026-06-16T22:44:06.000Z</time>
      </trkpt>
      <trkpt lat="40.789384" lon="-73.963827">
        <ele>32.8</ele>
        <time>2026-06-16T22:44:07.000Z</time>
      </trkpt>
      <trkpt lat="40.789385" lon="-73.963841">
        <ele>32.8</ele>
        <time>2026-06-16T22:44:08.000Z</time>
      </trkpt>
      <trkpt lat="40.789386" lon="-73.963854">
        <ele>32.8</ele>
        <time>2026-06-16T22:44:09.000Z</time>
      </trkpt>
      <trkpt lat="40.789387" lon="-73.963867">
        <ele>32.8</ele>
        <time>2026-06-16T22:44:10.000Z</time>
      </trkpt>
      <trkpt lat="40.789388" lon="-73.96388">
        <ele>32.8</ele>
        <time>2026-06-16T22:44:11.000Z</time>
      </trkpt>
      <trkpt lat="40.789388" lon="-73.963893">
        <ele>32.8</ele>
        <time>2026-06-16T22:44:12.000Z</time>
      </trkpt>
      <trkpt lat="40.789389" lon="-73.963906">
        <ele>32.8</ele>
        <time>2026-06-16T22:44:13.000Z</time>
      </trkpt>
      <trkpt lat="40.78939" lon="-73.963919">
        <ele>32.8</ele>
        <time>2026-06-16T22:44:14.000Z</time>
      </trkpt>
      <trkpt lat="40.789391" lon="-73.963932">
        <ele>32.8</ele>
        <time>2026-06-16T22:44:15.000Z</time>
      </trkpt>
      <trkpt lat="40.789391" lon="-73.963946">
        <ele>32.8</ele>
        <time>2026-06-16T22:44:16.000Z</time>
      </trkpt>
      <trkpt lat="40.789392" lon="-73.963959">
        <ele>32.8</ele>
        <time>2026-06-16T22:44:17.000Z</time>
      </trkpt>
      <trkpt lat="40.789393" lon="-73.963973">
        <ele>32.8</ele>
        <time>2026-06-16T22:44:18.000Z</time>
      </trkpt>
      <trkpt lat="40.789393" lon="-73.963987">
        <ele>32.8</ele>
        <time>2026-06-16T22:44:19.000Z</time>
      </trkpt>
      <trkpt lat="40.789393" lon="-73.964001">
        <ele>32.8</ele>
        <time>2026-06-16T22:44:20.000Z</time>
      </trkpt>
      <trkpt lat="40.789394" lon="-73.964016">
        <ele>32.8</ele>
        <time>2026-06-16T22:44:21.000Z</time>
      </trkpt>
      <trkpt lat="40.789394" lon="-73.964031">
        <ele>32.8</ele>
        <time>2026-06-16T22:44:22.000Z</time>
      </trkpt>
      <trkpt lat="40.789395" lon="-73.964046">
        <ele>32.8</ele>
        <time>2026-06-16T22:44:23.000Z</time>
      </trkpt>
      <trkpt lat="40.789395" lon="-73.964061">
        <ele>32.8</ele>
        <time>2026-06-16T22:44:24.000Z</time>
      </trkpt>
      <trkpt lat="40.789395" lon="-73.964076">
        <ele>33</ele>
        <time>2026-06-16T22:44:25.000Z</time>
      </trkpt>
      <trkpt lat="40.789395" lon="-73.964091">
        <ele>33</ele>
        <time>2026-06-16T22:44:26.000Z</time>
      </trkpt>
      <trkpt lat="40.789395" lon="-73.964106">
        <ele>33</ele>
        <time>2026-06-16T22:44:27.000Z</time>
      </trkpt>
      <trkpt lat="40.789394" lon="-73.964122">
        <ele>33</ele>
        <time>2026-06-16T22:44:28.000Z</time>
      </trkpt>
      <trkpt lat="40.789394" lon="-73.964138">
        <ele>33</ele>
        <time>2026-06-16T22:44:29.000Z</time>
      </trkpt>
      <trkpt lat="40.789394" lon="-73.964156">
        <ele>33.2</ele>
        <time>2026-06-16T22:44:30.000Z</time>
      </trkpt>
      <trkpt lat="40.789393" lon="-73.964172">
        <ele>33.2</ele>
        <time>2026-06-16T22:44:31.000Z</time>
      </trkpt>
      <trkpt lat="40.789392" lon="-73.964188">
        <ele>33.2</ele>
        <time>2026-06-16T22:44:32.000Z</time>
      </trkpt>
      <trkpt lat="40.789392" lon="-73.964203">
        <ele>33.2</ele>
        <time>2026-06-16T22:44:33.000Z</time>
      </trkpt>
      <trkpt lat="40.78939" lon="-73.964218">
        <ele>33.2</ele>
        <time>2026-06-16T22:44:34.000Z</time>
      </trkpt>
      <trkpt lat="40.789389" lon="-73.964232">
        <ele>33.2</ele>
        <time>2026-06-16T22:44:35.000Z</time>
      </trkpt>
      <trkpt lat="40.789387" lon="-73.964244">
        <ele>33.2</ele>
        <time>2026-06-16T22:44:36.000Z</time>
      </trkpt>
      <trkpt lat="40.789386" lon="-73.964256">
        <ele>33.2</ele>
        <time>2026-06-16T22:44:37.000Z</time>
      </trkpt>
      <trkpt lat="40.789385" lon="-73.964269">
        <ele>33.2</ele>
        <time>2026-06-16T22:44:38.000Z</time>
      </trkpt>
      <trkpt lat="40.789384" lon="-73.964283">
        <ele>33.2</ele>
        <time>2026-06-16T22:44:39.000Z</time>
      </trkpt>
      <trkpt lat="40.789384" lon="-73.964297">
        <ele>33.2</ele>
        <time>2026-06-16T22:44:40.000Z</time>
      </trkpt>
      <trkpt lat="40.789384" lon="-73.964312">
        <ele>33.2</ele>
        <time>2026-06-16T22:44:41.000Z</time>
      </trkpt>
      <trkpt lat="40.789384" lon="-73.964327">
        <ele>33.2</ele>
        <time>2026-06-16T22:44:42.000Z</time>
      </trkpt>
      <trkpt lat="40.789384" lon="-73.964343">
        <ele>33.2</ele>
        <time>2026-06-16T22:44:43.000Z</time>
      </trkpt>
      <trkpt lat="40.789384" lon="-73.964359">
        <ele>33.4</ele>
        <time>2026-06-16T22:44:44.000Z</time>
      </trkpt>
      <trkpt lat="40.789383" lon="-73.964375">
        <ele>33.4</ele>
        <time>2026-06-16T22:44:45.000Z</time>
      </trkpt>
      <trkpt lat="40.789382" lon="-73.96439">
        <ele>33.4</ele>
        <time>2026-06-16T22:44:46.000Z</time>
      </trkpt>
      <trkpt lat="40.789381" lon="-73.964405">
        <ele>33.4</ele>
        <time>2026-06-16T22:44:47.000Z</time>
      </trkpt>
      <trkpt lat="40.78938" lon="-73.96442">
        <ele>33.6</ele>
        <time>2026-06-16T22:44:48.000Z</time>
      </trkpt>
      <trkpt lat="40.789379" lon="-73.964435">
        <ele>33.6</ele>
        <time>2026-06-16T22:44:49.000Z</time>
      </trkpt>
      <trkpt lat="40.789378" lon="-73.96445">
        <ele>33.6</ele>
        <time>2026-06-16T22:44:50.000Z</time>
      </trkpt>
      <trkpt lat="40.789377" lon="-73.964465">
        <ele>33.8</ele>
        <time>2026-06-16T22:44:51.000Z</time>
      </trkpt>
      <trkpt lat="40.789376" lon="-73.964479">
        <ele>33.8</ele>
        <time>2026-06-16T22:44:52.000Z</time>
      </trkpt>
      <trkpt lat="40.789375" lon="-73.964493">
        <ele>33.8</ele>
        <time>2026-06-16T22:44:53.000Z</time>
      </trkpt>
      <trkpt lat="40.789373" lon="-73.964507">
        <ele>34</ele>
        <time>2026-06-16T22:44:54.000Z</time>
      </trkpt>
      <trkpt lat="40.789372" lon="-73.964522">
        <ele>34</ele>
        <time>2026-06-16T22:44:55.000Z</time>
      </trkpt>
      <trkpt lat="40.789371" lon="-73.964536">
        <ele>34.2</ele>
        <time>2026-06-16T22:44:56.000Z</time>
      </trkpt>
      <trkpt lat="40.789369" lon="-73.964551">
        <ele>34.2</ele>
        <time>2026-06-16T22:44:57.000Z</time>
      </trkpt>
      <trkpt lat="40.789368" lon="-73.964566">
        <ele>34.2</ele>
        <time>2026-06-16T22:44:58.000Z</time>
      </trkpt>
      <trkpt lat="40.789366" lon="-73.964581">
        <ele>34.4</ele>
        <time>2026-06-16T22:44:59.000Z</time>
      </trkpt>
      <trkpt lat="40.789365" lon="-73.964596">
        <ele>34.4</ele>
        <time>2026-06-16T22:45:00.000Z</time>
      </trkpt>
      <trkpt lat="40.789363" lon="-73.964611">
        <ele>34.4</ele>
        <time>2026-06-16T22:45:01.000Z</time>
      </trkpt>
      <trkpt lat="40.789362" lon="-73.964626">
        <ele>34.6</ele>
        <time>2026-06-16T22:45:02.000Z</time>
      </trkpt>
      <trkpt lat="40.78936" lon="-73.96464">
        <ele>34.6</ele>
        <time>2026-06-16T22:45:03.000Z</time>
      </trkpt>
      <trkpt lat="40.789358" lon="-73.964654">
        <ele>34.6</ele>
        <time>2026-06-16T22:45:04.000Z</time>
      </trkpt>
      <trkpt lat="40.789357" lon="-73.964668">
        <ele>34.6</ele>
        <time>2026-06-16T22:45:05.000Z</time>
      </trkpt>
      <trkpt lat="40.789355" lon="-73.964682">
        <ele>34.6</ele>
        <time>2026-06-16T22:45:06.000Z</time>
      </trkpt>
      <trkpt lat="40.789354" lon="-73.964695">
        <ele>34.6</ele>
        <time>2026-06-16T22:45:07.000Z</time>
      </trkpt>
      <trkpt lat="40.789352" lon="-73.964709">
        <ele>34.6</ele>
        <time>2026-06-16T22:45:08.000Z</time>
      </trkpt>
      <trkpt lat="40.789351" lon="-73.964723">
        <ele>34.8</ele>
        <time>2026-06-16T22:45:09.000Z</time>
      </trkpt>
      <trkpt lat="40.789349" lon="-73.964736">
        <ele>34.8</ele>
        <time>2026-06-16T22:45:10.000Z</time>
      </trkpt>
      <trkpt lat="40.789348" lon="-73.96475">
        <ele>34.8</ele>
        <time>2026-06-16T22:45:11.000Z</time>
      </trkpt>
      <trkpt lat="40.789347" lon="-73.964765">
        <ele>34.8</ele>
        <time>2026-06-16T22:45:12.000Z</time>
      </trkpt>
      <trkpt lat="40.789346" lon="-73.964779">
        <ele>34.8</ele>
        <time>2026-06-16T22:45:13.000Z</time>
      </trkpt>
      <trkpt lat="40.789345" lon="-73.964793">
        <ele>34.8</ele>
        <time>2026-06-16T22:45:14.000Z</time>
      </trkpt>
      <trkpt lat="40.789344" lon="-73.964808">
        <ele>34.8</ele>
        <time>2026-06-16T22:45:15.000Z</time>
      </trkpt>
      <trkpt lat="40.789343" lon="-73.964822">
        <ele>34.8</ele>
        <time>2026-06-16T22:45:16.000Z</time>
      </trkpt>
      <trkpt lat="40.789342" lon="-73.964836">
        <ele>34.8</ele>
        <time>2026-06-16T22:45:17.000Z</time>
      </trkpt>
      <trkpt lat="40.789341" lon="-73.964849">
        <ele>35</ele>
        <time>2026-06-16T22:45:18.000Z</time>
      </trkpt>
      <trkpt lat="40.78934" lon="-73.964862">
        <ele>35</ele>
        <time>2026-06-16T22:45:19.000Z</time>
      </trkpt>
      <trkpt lat="40.789339" lon="-73.964876">
        <ele>35</ele>
        <time>2026-06-16T22:45:20.000Z</time>
      </trkpt>
      <trkpt lat="40.789339" lon="-73.964889">
        <ele>35</ele>
        <time>2026-06-16T22:45:21.000Z</time>
      </trkpt>
      <trkpt lat="40.789338" lon="-73.964904">
        <ele>35</ele>
        <time>2026-06-16T22:45:22.000Z</time>
      </trkpt>
      <trkpt lat="40.789338" lon="-73.964918">
        <ele>35</ele>
        <time>2026-06-16T22:45:23.000Z</time>
      </trkpt>
      <trkpt lat="40.789338" lon="-73.964933">
        <ele>34.8</ele>
        <time>2026-06-16T22:45:24.000Z</time>
      </trkpt>
      <trkpt lat="40.789337" lon="-73.964947">
        <ele>34.8</ele>
        <time>2026-06-16T22:45:25.000Z</time>
      </trkpt>
      <trkpt lat="40.789337" lon="-73.964961">
        <ele>34.8</ele>
        <time>2026-06-16T22:45:26.000Z</time>
      </trkpt>
      <trkpt lat="40.789337" lon="-73.964975">
        <ele>34.8</ele>
        <time>2026-06-16T22:45:27.000Z</time>
      </trkpt>
      <trkpt lat="40.789338" lon="-73.964989">
        <ele>34.8</ele>
        <time>2026-06-16T22:45:28.000Z</time>
      </trkpt>
      <trkpt lat="40.789338" lon="-73.965004">
        <ele>34.8</ele>
        <time>2026-06-16T22:45:29.000Z</time>
      </trkpt>
      <trkpt lat="40.789339" lon="-73.965019">
        <ele>34.8</ele>
        <time>2026-06-16T22:45:30.000Z</time>
      </trkpt>
      <trkpt lat="40.789341" lon="-73.965033">
        <ele>34.8</ele>
        <time>2026-06-16T22:45:31.000Z</time>
      </trkpt>
      <trkpt lat="40.789344" lon="-73.965047">
        <ele>34.8</ele>
        <time>2026-06-16T22:45:32.000Z</time>
      </trkpt>
      <trkpt lat="40.789347" lon="-73.965061">
        <ele>34.8</ele>
        <time>2026-06-16T22:45:33.000Z</time>
      </trkpt>
      <trkpt lat="40.78935" lon="-73.965075">
        <ele>34.8</ele>
        <time>2026-06-16T22:45:34.000Z</time>
      </trkpt>
      <trkpt lat="40.789353" lon="-73.965088">
        <ele>34.6</ele>
        <time>2026-06-16T22:45:35.000Z</time>
      </trkpt>
      <trkpt lat="40.789356" lon="-73.965102">
        <ele>34.6</ele>
        <time>2026-06-16T22:45:36.000Z</time>
      </trkpt>
      <trkpt lat="40.789358" lon="-73.965116">
        <ele>34.6</ele>
        <time>2026-06-16T22:45:37.000Z</time>
      </trkpt>
      <trkpt lat="40.789361" lon="-73.965131">
        <ele>34.6</ele>
        <time>2026-06-16T22:45:38.000Z</time>
      </trkpt>
      <trkpt lat="40.789365" lon="-73.965145">
        <ele>34.6</ele>
        <time>2026-06-16T22:45:39.000Z</time>
      </trkpt>
      <trkpt lat="40.789369" lon="-73.965159">
        <ele>34.6</ele>
        <time>2026-06-16T22:45:40.000Z</time>
      </trkpt>
      <trkpt lat="40.789374" lon="-73.965172">
        <ele>34.6</ele>
        <time>2026-06-16T22:45:41.000Z</time>
      </trkpt>
      <trkpt lat="40.789379" lon="-73.965185">
        <ele>34.6</ele>
        <time>2026-06-16T22:45:42.000Z</time>
      </trkpt>
      <trkpt lat="40.789384" lon="-73.965199">
        <ele>34.6</ele>
        <time>2026-06-16T22:45:43.000Z</time>
      </trkpt>
      <trkpt lat="40.789389" lon="-73.965212">
        <ele>34.6</ele>
        <time>2026-06-16T22:45:44.000Z</time>
      </trkpt>
      <trkpt lat="40.789395" lon="-73.965237">
        <ele>34.6</ele>
        <time>2026-06-16T22:45:45.000Z</time>
      </trkpt>
      <trkpt lat="40.789398" lon="-73.965246">
        <ele>34.6</ele>
        <time>2026-06-16T22:45:46.000Z</time>
      </trkpt>
      <trkpt lat="40.7894" lon="-73.965256">
        <ele>34.6</ele>
        <time>2026-06-16T22:45:47.000Z</time>
      </trkpt>
      <trkpt lat="40.789402" lon="-73.96527">
        <ele>34.6</ele>
        <time>2026-06-16T22:45:48.000Z</time>
      </trkpt>
      <trkpt lat="40.789403" lon="-73.965284">
        <ele>34.8</ele>
        <time>2026-06-16T22:45:49.000Z</time>
      </trkpt>
      <trkpt lat="40.789404" lon="-73.965298">
        <ele>34.8</ele>
        <time>2026-06-16T22:45:50.000Z</time>
      </trkpt>
      <trkpt lat="40.789405" lon="-73.965311">
        <ele>34.8</ele>
        <time>2026-06-16T22:45:51.000Z</time>
      </trkpt>
      <trkpt lat="40.789405" lon="-73.965325">
        <ele>34.8</ele>
        <time>2026-06-16T22:45:52.000Z</time>
      </trkpt>
      <trkpt lat="40.789405" lon="-73.96534">
        <ele>34.8</ele>
        <time>2026-06-16T22:45:53.000Z</time>
      </trkpt>
      <trkpt lat="40.789405" lon="-73.965355">
        <ele>34.8</ele>
        <time>2026-06-16T22:45:54.000Z</time>
      </trkpt>
      <trkpt lat="40.789405" lon="-73.96537">
        <ele>34.8</ele>
        <time>2026-06-16T22:45:55.000Z</time>
      </trkpt>
      <trkpt lat="40.789405" lon="-73.965386">
        <ele>35</ele>
        <time>2026-06-16T22:45:56.000Z</time>
      </trkpt>
      <trkpt lat="40.789405" lon="-73.965401">
        <ele>35</ele>
        <time>2026-06-16T22:45:57.000Z</time>
      </trkpt>
      <trkpt lat="40.789405" lon="-73.965417">
        <ele>35</ele>
        <time>2026-06-16T22:45:58.000Z</time>
      </trkpt>
      <trkpt lat="40.789405" lon="-73.965432">
        <ele>35</ele>
        <time>2026-06-16T22:45:59.000Z</time>
      </trkpt>
      <trkpt lat="40.789405" lon="-73.965447">
        <ele>35</ele>
        <time>2026-06-16T22:46:00.000Z</time>
      </trkpt>
      <trkpt lat="40.789405" lon="-73.965462">
        <ele>35</ele>
        <time>2026-06-16T22:46:01.000Z</time>
      </trkpt>
      <trkpt lat="40.789405" lon="-73.965477">
        <ele>35</ele>
        <time>2026-06-16T22:46:02.000Z</time>
      </trkpt>
      <trkpt lat="40.789406" lon="-73.965492">
        <ele>35</ele>
        <time>2026-06-16T22:46:03.000Z</time>
      </trkpt>
      <trkpt lat="40.789408" lon="-73.965506">
        <ele>35</ele>
        <time>2026-06-16T22:46:04.000Z</time>
      </trkpt>
      <trkpt lat="40.78941" lon="-73.965519">
        <ele>35</ele>
        <time>2026-06-16T22:46:05.000Z</time>
      </trkpt>
      <trkpt lat="40.789412" lon="-73.965532">
        <ele>35</ele>
        <time>2026-06-16T22:46:06.000Z</time>
      </trkpt>
      <trkpt lat="40.789414" lon="-73.965546">
        <ele>35</ele>
        <time>2026-06-16T22:46:07.000Z</time>
      </trkpt>
      <trkpt lat="40.789416" lon="-73.965561">
        <ele>35</ele>
        <time>2026-06-16T22:46:08.000Z</time>
      </trkpt>
      <trkpt lat="40.789419" lon="-73.965575">
        <ele>35.2</ele>
        <time>2026-06-16T22:46:09.000Z</time>
      </trkpt>
      <trkpt lat="40.789422" lon="-73.96559">
        <ele>35.2</ele>
        <time>2026-06-16T22:46:10.000Z</time>
      </trkpt>
      <trkpt lat="40.789425" lon="-73.965604">
        <ele>35.2</ele>
        <time>2026-06-16T22:46:11.000Z</time>
      </trkpt>
      <trkpt lat="40.78943" lon="-73.965618">
        <ele>35.2</ele>
        <time>2026-06-16T22:46:12.000Z</time>
      </trkpt>
      <trkpt lat="40.789435" lon="-73.965632">
        <ele>35.2</ele>
        <time>2026-06-16T22:46:13.000Z</time>
      </trkpt>
      <trkpt lat="40.78944" lon="-73.965645">
        <ele>35.4</ele>
        <time>2026-06-16T22:46:14.000Z</time>
      </trkpt>
      <trkpt lat="40.789443" lon="-73.965658">
        <ele>35.4</ele>
        <time>2026-06-16T22:46:15.000Z</time>
      </trkpt>
      <trkpt lat="40.789446" lon="-73.965672">
        <ele>35.4</ele>
        <time>2026-06-16T22:46:16.000Z</time>
      </trkpt>
      <trkpt lat="40.789448" lon="-73.965688">
        <ele>35.4</ele>
        <time>2026-06-16T22:46:17.000Z</time>
      </trkpt>
      <trkpt lat="40.789451" lon="-73.965704">
        <ele>35.6</ele>
        <time>2026-06-16T22:46:18.000Z</time>
      </trkpt>
      <trkpt lat="40.789453" lon="-73.965719">
        <ele>35.6</ele>
        <time>2026-06-16T22:46:19.000Z</time>
      </trkpt>
      <trkpt lat="40.789456" lon="-73.965734">
        <ele>35.6</ele>
        <time>2026-06-16T22:46:20.000Z</time>
      </trkpt>
      <trkpt lat="40.789458" lon="-73.965747">
        <ele>35.8</ele>
        <time>2026-06-16T22:46:21.000Z</time>
      </trkpt>
      <trkpt lat="40.789461" lon="-73.965761">
        <ele>35.8</ele>
        <time>2026-06-16T22:46:22.000Z</time>
      </trkpt>
      <trkpt lat="40.789465" lon="-73.965775">
        <ele>35.8</ele>
        <time>2026-06-16T22:46:23.000Z</time>
      </trkpt>
      <trkpt lat="40.789468" lon="-73.965789">
        <ele>35.8</ele>
        <time>2026-06-16T22:46:24.000Z</time>
      </trkpt>
      <trkpt lat="40.789471" lon="-73.965803">
        <ele>36</ele>
        <time>2026-06-16T22:46:25.000Z</time>
      </trkpt>
      <trkpt lat="40.789474" lon="-73.965817">
        <ele>36</ele>
        <time>2026-06-16T22:46:26.000Z</time>
      </trkpt>
      <trkpt lat="40.789477" lon="-73.965831">
        <ele>36</ele>
        <time>2026-06-16T22:46:27.000Z</time>
      </trkpt>
      <trkpt lat="40.789481" lon="-73.965845">
        <ele>36</ele>
        <time>2026-06-16T22:46:28.000Z</time>
      </trkpt>
      <trkpt lat="40.789484" lon="-73.965858">
        <ele>36</ele>
        <time>2026-06-16T22:46:29.000Z</time>
      </trkpt>
      <trkpt lat="40.789488" lon="-73.965871">
        <ele>36.2</ele>
        <time>2026-06-16T22:46:30.000Z</time>
      </trkpt>
      <trkpt lat="40.789492" lon="-73.965884">
        <ele>36.2</ele>
        <time>2026-06-16T22:46:31.000Z</time>
      </trkpt>
      <trkpt lat="40.789496" lon="-73.965897">
        <ele>36.2</ele>
        <time>2026-06-16T22:46:32.000Z</time>
      </trkpt>
      <trkpt lat="40.7895" lon="-73.965909">
        <ele>36.2</ele>
        <time>2026-06-16T22:46:33.000Z</time>
      </trkpt>
      <trkpt lat="40.789505" lon="-73.96592">
        <ele>36.4</ele>
        <time>2026-06-16T22:46:34.000Z</time>
      </trkpt>
      <trkpt lat="40.78951" lon="-73.96593">
        <ele>36.4</ele>
        <time>2026-06-16T22:46:35.000Z</time>
      </trkpt>
      <trkpt lat="40.789514" lon="-73.965941">
        <ele>36.4</ele>
        <time>2026-06-16T22:46:36.000Z</time>
      </trkpt>
      <trkpt lat="40.789518" lon="-73.965952">
        <ele>36.4</ele>
        <time>2026-06-16T22:46:37.000Z</time>
      </trkpt>
      <trkpt lat="40.789523" lon="-73.965965">
        <ele>36.6</ele>
        <time>2026-06-16T22:46:38.000Z</time>
      </trkpt>
      <trkpt lat="40.789528" lon="-73.965976">
        <ele>36.6</ele>
        <time>2026-06-16T22:46:39.000Z</time>
      </trkpt>
      <trkpt lat="40.789533" lon="-73.965986">
        <ele>36.6</ele>
        <time>2026-06-16T22:46:40.000Z</time>
      </trkpt>
      <trkpt lat="40.789538" lon="-73.965995">
        <ele>36.6</ele>
        <time>2026-06-16T22:46:41.000Z</time>
      </trkpt>
      <trkpt lat="40.789543" lon="-73.966005">
        <ele>36.6</ele>
        <time>2026-06-16T22:46:42.000Z</time>
      </trkpt>
      <trkpt lat="40.789548" lon="-73.966014">
        <ele>36.6</ele>
        <time>2026-06-16T22:46:43.000Z</time>
      </trkpt>
      <trkpt lat="40.789552" lon="-73.966025">
        <ele>36.6</ele>
        <time>2026-06-16T22:46:44.000Z</time>
      </trkpt>
      <trkpt lat="40.789556" lon="-73.966035">
        <ele>36.4</ele>
        <time>2026-06-16T22:46:45.000Z</time>
      </trkpt>
      <trkpt lat="40.789561" lon="-73.966047">
        <ele>36.4</ele>
        <time>2026-06-16T22:46:46.000Z</time>
      </trkpt>
      <trkpt lat="40.789568" lon="-73.966056">
        <ele>36.4</ele>
        <time>2026-06-16T22:46:47.000Z</time>
      </trkpt>
      <trkpt lat="40.789575" lon="-73.966063">
        <ele>36.4</ele>
        <time>2026-06-16T22:46:48.000Z</time>
      </trkpt>
      <trkpt lat="40.789582" lon="-73.966068">
        <ele>36.4</ele>
        <time>2026-06-16T22:46:49.000Z</time>
      </trkpt>
      <trkpt lat="40.789591" lon="-73.96607">
        <ele>36.2</ele>
        <time>2026-06-16T22:46:50.000Z</time>
      </trkpt>
      <trkpt lat="40.789599" lon="-73.966069">
        <ele>36.2</ele>
        <time>2026-06-16T22:46:51.000Z</time>
      </trkpt>
      <trkpt lat="40.789608" lon="-73.966067">
        <ele>36.2</ele>
        <time>2026-06-16T22:46:52.000Z</time>
      </trkpt>
      <trkpt lat="40.789616" lon="-73.966064">
        <ele>36.2</ele>
        <time>2026-06-16T22:46:53.000Z</time>
      </trkpt>
      <trkpt lat="40.789623" lon="-73.966061">
        <ele>36.2</ele>
        <time>2026-06-16T22:46:54.000Z</time>
      </trkpt>
      <trkpt lat="40.789629" lon="-73.96606">
        <ele>36</ele>
        <time>2026-06-16T22:46:55.000Z</time>
      </trkpt>
      <trkpt lat="40.789629" lon="-73.966061">
        <ele>36</ele>
        <time>2026-06-16T22:46:56.000Z</time>
      </trkpt>
      <trkpt lat="40.78963" lon="-73.966062">
        <ele>36</ele>
        <time>2026-06-16T22:46:57.000Z</time>
      </trkpt>
      <trkpt lat="40.78963" lon="-73.966063">
        <ele>36</ele>
        <time>2026-06-16T22:46:58.000Z</time>
      </trkpt>
      <trkpt lat="40.789631" lon="-73.966064">
        <ele>36</ele>
        <time>2026-06-16T22:46:59.000Z</time>
      </trkpt>
      <trkpt lat="40.789632" lon="-73.966065">
        <ele>36</ele>
        <time>2026-06-16T22:47:00.000Z</time>
      </trkpt>
      <trkpt lat="40.789632" lon="-73.966066">
        <ele>36</ele>
        <time>2026-06-16T22:47:01.000Z</time>
      </trkpt>
      <trkpt lat="40.789633" lon="-73.966067">
        <ele>36</ele>
        <time>2026-06-16T22:47:02.000Z</time>
      </trkpt>
      <trkpt lat="40.789634" lon="-73.966068">
        <ele>36.2</ele>
        <time>2026-06-16T22:47:03.000Z</time>
      </trkpt>
      <trkpt lat="40.789634" lon="-73.966069">
        <ele>36.2</ele>
        <time>2026-06-16T22:47:04.000Z</time>
      </trkpt>
      <trkpt lat="40.789635" lon="-73.96607">
        <ele>36.2</ele>
        <time>2026-06-16T22:47:05.000Z</time>
      </trkpt>
      <trkpt lat="40.789635" lon="-73.966071">
        <ele>36.2</ele>
        <time>2026-06-16T22:47:06.000Z</time>
      </trkpt>
      <trkpt lat="40.789636" lon="-73.966072">
        <ele>36.4</ele>
        <time>2026-06-16T22:47:07.000Z</time>
      </trkpt>
      <trkpt lat="40.789637" lon="-73.966073">
        <ele>36.4</ele>
        <time>2026-06-16T22:47:08.000Z</time>
      </trkpt>
      <trkpt lat="40.789637" lon="-73.966074">
        <ele>36.4</ele>
        <time>2026-06-16T22:47:09.000Z</time>
      </trkpt>
      <trkpt lat="40.789638" lon="-73.966074">
        <ele>36.6</ele>
        <time>2026-06-16T22:47:10.000Z</time>
      </trkpt>
      <trkpt lat="40.789639" lon="-73.966075">
        <ele>36.6</ele>
        <time>2026-06-16T22:47:11.000Z</time>
      </trkpt>
      <trkpt lat="40.789639" lon="-73.966076">
        <ele>36.6</ele>
        <time>2026-06-16T22:47:12.000Z</time>
      </trkpt>
      <trkpt lat="40.78964" lon="-73.966077">
        <ele>36.6</ele>
        <time>2026-06-16T22:47:13.000Z</time>
      </trkpt>
      <trkpt lat="40.78964" lon="-73.966078">
        <ele>36.6</ele>
        <time>2026-06-16T22:47:14.000Z</time>
      </trkpt>
      <trkpt lat="40.789641" lon="-73.966079">
        <ele>36.6</ele>
        <time>2026-06-16T22:47:15.000Z</time>
      </trkpt>
      <trkpt lat="40.789642" lon="-73.96608">
        <ele>36.6</ele>
        <time>2026-06-16T22:47:16.000Z</time>
      </trkpt>
      <trkpt lat="40.789642" lon="-73.966081">
        <ele>36.6</ele>
        <time>2026-06-16T22:47:17.000Z</time>
      </trkpt>
      <trkpt lat="40.789643" lon="-73.966082">
        <ele>36.6</ele>
        <time>2026-06-16T22:47:18.000Z</time>
      </trkpt>
      <trkpt lat="40.789644" lon="-73.966083">
        <ele>36.6</ele>
        <time>2026-06-16T22:47:19.000Z</time>
      </trkpt>
      <trkpt lat="40.789644" lon="-73.966084">
        <ele>36.4</ele>
        <time>2026-06-16T22:47:20.000Z</time>
      </trkpt>
      <trkpt lat="40.789645" lon="-73.966085">
        <ele>36.4</ele>
        <time>2026-06-16T22:47:21.000Z</time>
      </trkpt>
      <trkpt lat="40.789645" lon="-73.966086">
        <ele>36.4</ele>
        <time>2026-06-16T22:47:22.000Z</time>
      </trkpt>
      <trkpt lat="40.789646" lon="-73.966087">
        <ele>36.2</ele>
        <time>2026-06-16T22:47:23.000Z</time>
      </trkpt>
      <trkpt lat="40.789647" lon="-73.966088">
        <ele>36.2</ele>
        <time>2026-06-16T22:47:24.000Z</time>
      </trkpt>
      <trkpt lat="40.789647" lon="-73.966089">
        <ele>36</ele>
        <time>2026-06-16T22:47:25.000Z</time>
      </trkpt>
      <trkpt lat="40.789648" lon="-73.96609">
        <ele>36</ele>
        <time>2026-06-16T22:47:26.000Z</time>
      </trkpt>
      <trkpt lat="40.789649" lon="-73.966091">
        <ele>36</ele>
        <time>2026-06-16T22:47:27.000Z</time>
      </trkpt>
      <trkpt lat="40.789649" lon="-73.966092">
        <ele>35.8</ele>
        <time>2026-06-16T22:47:28.000Z</time>
      </trkpt>
      <trkpt lat="40.78965" lon="-73.966093">
        <ele>35.8</ele>
        <time>2026-06-16T22:47:29.000Z</time>
      </trkpt>
      <trkpt lat="40.78965" lon="-73.966094">
        <ele>35.8</ele>
        <time>2026-06-16T22:47:30.000Z</time>
      </trkpt>
      <trkpt lat="40.789651" lon="-73.966095">
        <ele>35.8</ele>
        <time>2026-06-16T22:47:31.000Z</time>
      </trkpt>
      <trkpt lat="40.789652" lon="-73.966096">
        <ele>35.8</ele>
        <time>2026-06-16T22:47:32.000Z</time>
      </trkpt>
      <trkpt lat="40.789652" lon="-73.966097">
        <ele>35.8</ele>
        <time>2026-06-16T22:47:33.000Z</time>
      </trkpt>
      <trkpt lat="40.789653" lon="-73.966098">
        <ele>35.8</ele>
        <time>2026-06-16T22:47:34.000Z</time>
      </trkpt>
      <trkpt lat="40.789654" lon="-73.966099">
        <ele>35.8</ele>
        <time>2026-06-16T22:47:35.000Z</time>
      </trkpt>
      <trkpt lat="40.789654" lon="-73.9661">
        <ele>35.8</ele>
        <time>2026-06-16T22:47:36.000Z</time>
      </trkpt>
      <trkpt lat="40.789655" lon="-73.966101">
        <ele>35.8</ele>
        <time>2026-06-16T22:47:37.000Z</time>
      </trkpt>
      <trkpt lat="40.789655" lon="-73.966102">
        <ele>35.8</ele>
        <time>2026-06-16T22:47:38.000Z</time>
      </trkpt>
      <trkpt lat="40.789656" lon="-73.966103">
        <ele>35.8</ele>
        <time>2026-06-16T22:47:39.000Z</time>
      </trkpt>
      <trkpt lat="40.789657" lon="-73.966103">
        <ele>35.8</ele>
        <time>2026-06-16T22:47:40.000Z</time>
      </trkpt>
      <trkpt lat="40.789657" lon="-73.966104">
        <ele>35.8</ele>
        <time>2026-06-16T22:47:41.000Z</time>
      </trkpt>
      <trkpt lat="40.789658" lon="-73.966105">
        <ele>35.8</ele>
        <time>2026-06-16T22:47:42.000Z</time>
      </trkpt>
      <trkpt lat="40.789659" lon="-73.966106">
        <ele>36</ele>
        <time>2026-06-16T22:47:43.000Z</time>
      </trkpt>
      <trkpt lat="40.789659" lon="-73.966107">
        <ele>36</ele>
        <time>2026-06-16T22:47:44.000Z</time>
      </trkpt>
      <trkpt lat="40.78966" lon="-73.966108">
        <ele>36</ele>
        <time>2026-06-16T22:47:45.000Z</time>
      </trkpt>
      <trkpt lat="40.78966" lon="-73.966109">
        <ele>36</ele>
        <time>2026-06-16T22:47:46.000Z</time>
      </trkpt>
      <trkpt lat="40.789661" lon="-73.96611">
        <ele>36</ele>
        <time>2026-06-16T22:47:47.000Z</time>
      </trkpt>
      <trkpt lat="40.789662" lon="-73.966111">
        <ele>36</ele>
        <time>2026-06-16T22:47:48.000Z</time>
      </trkpt>
      <trkpt lat="40.789662" lon="-73.966112">
        <ele>36</ele>
        <time>2026-06-16T22:47:49.000Z</time>
      </trkpt>
      <trkpt lat="40.789663" lon="-73.966113">
        <ele>36</ele>
        <time>2026-06-16T22:47:50.000Z</time>
      </trkpt>
      <trkpt lat="40.789664" lon="-73.966114">
        <ele>36.2</ele>
        <time>2026-06-16T22:47:51.000Z</time>
      </trkpt>
      <trkpt lat="40.789664" lon="-73.966115">
        <ele>36.2</ele>
        <time>2026-06-16T22:47:52.000Z</time>
      </trkpt>
      <trkpt lat="40.789665" lon="-73.966116">
        <ele>36.2</ele>
        <time>2026-06-16T22:47:53.000Z</time>
      </trkpt>
      <trkpt lat="40.789665" lon="-73.966117">
        <ele>36.2</ele>
        <time>2026-06-16T22:47:54.000Z</time>
      </trkpt>
      <trkpt lat="40.789666" lon="-73.966118">
        <ele>36.2</ele>
        <time>2026-06-16T22:47:55.000Z</time>
      </trkpt>
      <trkpt lat="40.789673" lon="-73.966129">
        <ele>36.2</ele>
        <time>2026-06-16T22:47:56.000Z</time>
      </trkpt>
      <trkpt lat="40.789681" lon="-73.96614">
        <ele>36.2</ele>
        <time>2026-06-16T22:47:57.000Z</time>
      </trkpt>
      <trkpt lat="40.789688" lon="-73.96615">
        <ele>36.2</ele>
        <time>2026-06-16T22:47:58.000Z</time>
      </trkpt>
      <trkpt lat="40.789695" lon="-73.966161">
        <ele>36.2</ele>
        <time>2026-06-16T22:47:59.000Z</time>
      </trkpt>
      <trkpt lat="40.789702" lon="-73.966173">
        <ele>36</ele>
        <time>2026-06-16T22:48:00.000Z</time>
      </trkpt>
      <trkpt lat="40.789708" lon="-73.966184">
        <ele>36</ele>
        <time>2026-06-16T22:48:01.000Z</time>
      </trkpt>
      <trkpt lat="40.789715" lon="-73.966195">
        <ele>36</ele>
        <time>2026-06-16T22:48:02.000Z</time>
      </trkpt>
      <trkpt lat="40.789721" lon="-73.966207">
        <ele>36</ele>
        <time>2026-06-16T22:48:03.000Z</time>
      </trkpt>
      <trkpt lat="40.789727" lon="-73.966219">
        <ele>36</ele>
        <time>2026-06-16T22:48:04.000Z</time>
      </trkpt>
      <trkpt lat="40.789733" lon="-73.966232">
        <ele>36</ele>
        <time>2026-06-16T22:48:05.000Z</time>
      </trkpt>
      <trkpt lat="40.789739" lon="-73.966244">
        <ele>36</ele>
        <time>2026-06-16T22:48:06.000Z</time>
      </trkpt>
      <trkpt lat="40.789744" lon="-73.966256">
        <ele>36</ele>
        <time>2026-06-16T22:48:07.000Z</time>
      </trkpt>
      <trkpt lat="40.78975" lon="-73.966269">
        <ele>36</ele>
        <time>2026-06-16T22:48:08.000Z</time>
      </trkpt>
      <trkpt lat="40.789755" lon="-73.966282">
        <ele>36</ele>
        <time>2026-06-16T22:48:09.000Z</time>
      </trkpt>
      <trkpt lat="40.78976" lon="-73.966294">
        <ele>36</ele>
        <time>2026-06-16T22:48:10.000Z</time>
      </trkpt>
      <trkpt lat="40.789765" lon="-73.966307">
        <ele>36.2</ele>
        <time>2026-06-16T22:48:11.000Z</time>
      </trkpt>
      <trkpt lat="40.789769" lon="-73.96632">
        <ele>36.2</ele>
        <time>2026-06-16T22:48:12.000Z</time>
      </trkpt>
      <trkpt lat="40.789774" lon="-73.966333">
        <ele>36.2</ele>
        <time>2026-06-16T22:48:13.000Z</time>
      </trkpt>
      <trkpt lat="40.789779" lon="-73.966346">
        <ele>36.2</ele>
        <time>2026-06-16T22:48:14.000Z</time>
      </trkpt>
      <trkpt lat="40.789784" lon="-73.966359">
        <ele>36.4</ele>
        <time>2026-06-16T22:48:15.000Z</time>
      </trkpt>
      <trkpt lat="40.789788" lon="-73.966372">
        <ele>36.4</ele>
        <time>2026-06-16T22:48:16.000Z</time>
      </trkpt>
      <trkpt lat="40.789793" lon="-73.966385">
        <ele>36.4</ele>
        <time>2026-06-16T22:48:17.000Z</time>
      </trkpt>
      <trkpt lat="40.789797" lon="-73.966398">
        <ele>36.4</ele>
        <time>2026-06-16T22:48:18.000Z</time>
      </trkpt>
      <trkpt lat="40.789802" lon="-73.966411">
        <ele>36.4</ele>
        <time>2026-06-16T22:48:19.000Z</time>
      </trkpt>
      <trkpt lat="40.789807" lon="-73.966423">
        <ele>36.6</ele>
        <time>2026-06-16T22:48:20.000Z</time>
      </trkpt>
      <trkpt lat="40.789812" lon="-73.966436">
        <ele>36.6</ele>
        <time>2026-06-16T22:48:21.000Z</time>
      </trkpt>
      <trkpt lat="40.789817" lon="-73.966449">
        <ele>36.6</ele>
        <time>2026-06-16T22:48:22.000Z</time>
      </trkpt>
      <trkpt lat="40.789822" lon="-73.966462">
        <ele>36.6</ele>
        <time>2026-06-16T22:48:23.000Z</time>
      </trkpt>
      <trkpt lat="40.789827" lon="-73.966475">
        <ele>36.6</ele>
        <time>2026-06-16T22:48:24.000Z</time>
      </trkpt>
      <trkpt lat="40.789832" lon="-73.966488">
        <ele>36.6</ele>
        <time>2026-06-16T22:48:25.000Z</time>
      </trkpt>
      <trkpt lat="40.789837" lon="-73.9665">
        <ele>36.6</ele>
        <time>2026-06-16T22:48:26.000Z</time>
      </trkpt>
      <trkpt lat="40.789842" lon="-73.966513">
        <ele>36.6</ele>
        <time>2026-06-16T22:48:27.000Z</time>
      </trkpt>
      <trkpt lat="40.789847" lon="-73.966525">
        <ele>36.6</ele>
        <time>2026-06-16T22:48:28.000Z</time>
      </trkpt>
      <trkpt lat="40.789852" lon="-73.966537">
        <ele>36.6</ele>
        <time>2026-06-16T22:48:29.000Z</time>
      </trkpt>
      <trkpt lat="40.789857" lon="-73.96655">
        <ele>36.6</ele>
        <time>2026-06-16T22:48:30.000Z</time>
      </trkpt>
      <trkpt lat="40.789862" lon="-73.966562">
        <ele>36.6</ele>
        <time>2026-06-16T22:48:31.000Z</time>
      </trkpt>
      <trkpt lat="40.789868" lon="-73.966575">
        <ele>36.6</ele>
        <time>2026-06-16T22:48:32.000Z</time>
      </trkpt>
      <trkpt lat="40.789873" lon="-73.966588">
        <ele>36.6</ele>
        <time>2026-06-16T22:48:33.000Z</time>
      </trkpt>
      <trkpt lat="40.789879" lon="-73.9666">
        <ele>36.6</ele>
        <time>2026-06-16T22:48:34.000Z</time>
      </trkpt>
      <trkpt lat="40.789884" lon="-73.966613">
        <ele>36.6</ele>
        <time>2026-06-16T22:48:35.000Z</time>
      </trkpt>
      <trkpt lat="40.78989" lon="-73.966626">
        <ele>36.6</ele>
        <time>2026-06-16T22:48:36.000Z</time>
      </trkpt>
      <trkpt lat="40.789895" lon="-73.966638">
        <ele>36.8</ele>
        <time>2026-06-16T22:48:37.000Z</time>
      </trkpt>
      <trkpt lat="40.7899" lon="-73.966651">
        <ele>36.8</ele>
        <time>2026-06-16T22:48:38.000Z</time>
      </trkpt>
      <trkpt lat="40.789906" lon="-73.966663">
        <ele>36.8</ele>
        <time>2026-06-16T22:48:39.000Z</time>
      </trkpt>
      <trkpt lat="40.789911" lon="-73.966675">
        <ele>36.8</ele>
        <time>2026-06-16T22:48:40.000Z</time>
      </trkpt>
      <trkpt lat="40.789917" lon="-73.966688">
        <ele>36.8</ele>
        <time>2026-06-16T22:48:41.000Z</time>
      </trkpt>
      <trkpt lat="40.789922" lon="-73.9667">
        <ele>36.8</ele>
        <time>2026-06-16T22:48:42.000Z</time>
      </trkpt>
      <trkpt lat="40.789928" lon="-73.966713">
        <ele>36.8</ele>
        <time>2026-06-16T22:48:43.000Z</time>
      </trkpt>
      <trkpt lat="40.789933" lon="-73.966725">
        <ele>36.8</ele>
        <time>2026-06-16T22:48:44.000Z</time>
      </trkpt>
      <trkpt lat="40.789938" lon="-73.966738">
        <ele>36.8</ele>
        <time>2026-06-16T22:48:45.000Z</time>
      </trkpt>
      <trkpt lat="40.789944" lon="-73.96675">
        <ele>36.8</ele>
        <time>2026-06-16T22:48:46.000Z</time>
      </trkpt>
      <trkpt lat="40.789949" lon="-73.966762">
        <ele>36.8</ele>
        <time>2026-06-16T22:48:47.000Z</time>
      </trkpt>
      <trkpt lat="40.789955" lon="-73.966775">
        <ele>36.8</ele>
        <time>2026-06-16T22:48:48.000Z</time>
      </trkpt>
      <trkpt lat="40.78996" lon="-73.966787">
        <ele>36.8</ele>
        <time>2026-06-16T22:48:49.000Z</time>
      </trkpt>
      <trkpt lat="40.789966" lon="-73.9668">
        <ele>36.8</ele>
        <time>2026-06-16T22:48:50.000Z</time>
      </trkpt>
      <trkpt lat="40.789971" lon="-73.966812">
        <ele>36.8</ele>
        <time>2026-06-16T22:48:51.000Z</time>
      </trkpt>
      <trkpt lat="40.789976" lon="-73.966825">
        <ele>37</ele>
        <time>2026-06-16T22:48:52.000Z</time>
      </trkpt>
      <trkpt lat="40.789982" lon="-73.966837">
        <ele>37</ele>
        <time>2026-06-16T22:48:53.000Z</time>
      </trkpt>
      <trkpt lat="40.789987" lon="-73.966849">
        <ele>37</ele>
        <time>2026-06-16T22:48:54.000Z</time>
      </trkpt>
      <trkpt lat="40.789992" lon="-73.966861">
        <ele>37</ele>
        <time>2026-06-16T22:48:55.000Z</time>
      </trkpt>
      <trkpt lat="40.789998" lon="-73.966873">
        <ele>37</ele>
        <time>2026-06-16T22:48:56.000Z</time>
      </trkpt>
      <trkpt lat="40.790003" lon="-73.966885">
        <ele>37</ele>
        <time>2026-06-16T22:48:57.000Z</time>
      </trkpt>
      <trkpt lat="40.790008" lon="-73.966897">
        <ele>37</ele>
        <time>2026-06-16T22:48:58.000Z</time>
      </trkpt>
      <trkpt lat="40.790012" lon="-73.966908">
        <ele>37</ele>
        <time>2026-06-16T22:48:59.000Z</time>
      </trkpt>
      <trkpt lat="40.790017" lon="-73.966919">
        <ele>37</ele>
        <time>2026-06-16T22:49:00.000Z</time>
      </trkpt>
      <trkpt lat="40.790022" lon="-73.96693">
        <ele>37</ele>
        <time>2026-06-16T22:49:01.000Z</time>
      </trkpt>
      <trkpt lat="40.790027" lon="-73.966942">
        <ele>37</ele>
        <time>2026-06-16T22:49:02.000Z</time>
      </trkpt>
      <trkpt lat="40.790032" lon="-73.966953">
        <ele>37</ele>
        <time>2026-06-16T22:49:03.000Z</time>
      </trkpt>
      <trkpt lat="40.790036" lon="-73.966964">
        <ele>37</ele>
        <time>2026-06-16T22:49:04.000Z</time>
      </trkpt>
      <trkpt lat="40.790041" lon="-73.966976">
        <ele>37</ele>
        <time>2026-06-16T22:49:05.000Z</time>
      </trkpt>
      <trkpt lat="40.790046" lon="-73.966987">
        <ele>37</ele>
        <time>2026-06-16T22:49:06.000Z</time>
      </trkpt>
      <trkpt lat="40.790051" lon="-73.966999">
        <ele>37.2</ele>
        <time>2026-06-16T22:49:07.000Z</time>
      </trkpt>
      <trkpt lat="40.790056" lon="-73.96701">
        <ele>37.2</ele>
        <time>2026-06-16T22:49:08.000Z</time>
      </trkpt>
      <trkpt lat="40.790061" lon="-73.967022">
        <ele>37.2</ele>
        <time>2026-06-16T22:49:09.000Z</time>
      </trkpt>
      <trkpt lat="40.790066" lon="-73.967033">
        <ele>37.2</ele>
        <time>2026-06-16T22:49:10.000Z</time>
      </trkpt>
      <trkpt lat="40.790071" lon="-73.967045">
        <ele>37.2</ele>
        <time>2026-06-16T22:49:11.000Z</time>
      </trkpt>
      <trkpt lat="40.790075" lon="-73.967057">
        <ele>37.2</ele>
        <time>2026-06-16T22:49:12.000Z</time>
      </trkpt>
      <trkpt lat="40.79008" lon="-73.967068">
        <ele>37.2</ele>
        <time>2026-06-16T22:49:13.000Z</time>
      </trkpt>
      <trkpt lat="40.790085" lon="-73.96708">
        <ele>37.2</ele>
        <time>2026-06-16T22:49:14.000Z</time>
      </trkpt>
      <trkpt lat="40.79009" lon="-73.967091">
        <ele>37.2</ele>
        <time>2026-06-16T22:49:15.000Z</time>
      </trkpt>
      <trkpt lat="40.790095" lon="-73.967102">
        <ele>37.4</ele>
        <time>2026-06-16T22:49:16.000Z</time>
      </trkpt>
      <trkpt lat="40.7901" lon="-73.967113">
        <ele>37.4</ele>
        <time>2026-06-16T22:49:17.000Z</time>
      </trkpt>
      <trkpt lat="40.790104" lon="-73.967125">
        <ele>37.4</ele>
        <time>2026-06-16T22:49:18.000Z</time>
      </trkpt>
      <trkpt lat="40.790109" lon="-73.967136">
        <ele>37.4</ele>
        <time>2026-06-16T22:49:19.000Z</time>
      </trkpt>
      <trkpt lat="40.790114" lon="-73.967147">
        <ele>37.4</ele>
        <time>2026-06-16T22:49:20.000Z</time>
      </trkpt>
      <trkpt lat="40.790119" lon="-73.967159">
        <ele>37.4</ele>
        <time>2026-06-16T22:49:21.000Z</time>
      </trkpt>
      <trkpt lat="40.790124" lon="-73.967171">
        <ele>37.4</ele>
        <time>2026-06-16T22:49:22.000Z</time>
      </trkpt>
      <trkpt lat="40.79013" lon="-73.967184">
        <ele>37.4</ele>
        <time>2026-06-16T22:49:23.000Z</time>
      </trkpt>
      <trkpt lat="40.790135" lon="-73.967196">
        <ele>37.4</ele>
        <time>2026-06-16T22:49:24.000Z</time>
      </trkpt>
      <trkpt lat="40.79014" lon="-73.967208">
        <ele>37.4</ele>
        <time>2026-06-16T22:49:25.000Z</time>
      </trkpt>
      <trkpt lat="40.790145" lon="-73.96722">
        <ele>37.4</ele>
        <time>2026-06-16T22:49:26.000Z</time>
      </trkpt>
      <trkpt lat="40.790151" lon="-73.967232">
        <ele>37.4</ele>
        <time>2026-06-16T22:49:27.000Z</time>
      </trkpt>
      <trkpt lat="40.790156" lon="-73.967244">
        <ele>37.4</ele>
        <time>2026-06-16T22:49:28.000Z</time>
      </trkpt>
      <trkpt lat="40.790161" lon="-73.967255">
        <ele>37.4</ele>
        <time>2026-06-16T22:49:29.000Z</time>
      </trkpt>
      <trkpt lat="40.790165" lon="-73.967266">
        <ele>37.6</ele>
        <time>2026-06-16T22:49:30.000Z</time>
      </trkpt>
      <trkpt lat="40.79017" lon="-73.967277">
        <ele>37.6</ele>
        <time>2026-06-16T22:49:31.000Z</time>
      </trkpt>
      <trkpt lat="40.790175" lon="-73.967288">
        <ele>37.6</ele>
        <time>2026-06-16T22:49:32.000Z</time>
      </trkpt>
      <trkpt lat="40.79018" lon="-73.967298">
        <ele>37.6</ele>
        <time>2026-06-16T22:49:33.000Z</time>
      </trkpt>
      <trkpt lat="40.790184" lon="-73.967309">
        <ele>37.6</ele>
        <time>2026-06-16T22:49:34.000Z</time>
      </trkpt>
      <trkpt lat="40.790189" lon="-73.96732">
        <ele>37.6</ele>
        <time>2026-06-16T22:49:35.000Z</time>
      </trkpt>
      <trkpt lat="40.790194" lon="-73.967331">
        <ele>37.6</ele>
        <time>2026-06-16T22:49:36.000Z</time>
      </trkpt>
      <trkpt lat="40.790199" lon="-73.967341">
        <ele>37.6</ele>
        <time>2026-06-16T22:49:37.000Z</time>
      </trkpt>
      <trkpt lat="40.790203" lon="-73.967353">
        <ele>37.6</ele>
        <time>2026-06-16T22:49:38.000Z</time>
      </trkpt>
      <trkpt lat="40.790208" lon="-73.967364">
        <ele>37.6</ele>
        <time>2026-06-16T22:49:39.000Z</time>
      </trkpt>
      <trkpt lat="40.790214" lon="-73.967376">
        <ele>37.6</ele>
        <time>2026-06-16T22:49:40.000Z</time>
      </trkpt>
      <trkpt lat="40.790219" lon="-73.967388">
        <ele>37.6</ele>
        <time>2026-06-16T22:49:41.000Z</time>
      </trkpt>
      <trkpt lat="40.790224" lon="-73.9674">
        <ele>37.6</ele>
        <time>2026-06-16T22:49:42.000Z</time>
      </trkpt>
      <trkpt lat="40.790229" lon="-73.967412">
        <ele>37.6</ele>
        <time>2026-06-16T22:49:43.000Z</time>
      </trkpt>
      <trkpt lat="40.790234" lon="-73.967425">
        <ele>37.6</ele>
        <time>2026-06-16T22:49:44.000Z</time>
      </trkpt>
      <trkpt lat="40.79024" lon="-73.967437">
        <ele>37.6</ele>
        <time>2026-06-16T22:49:45.000Z</time>
      </trkpt>
      <trkpt lat="40.790245" lon="-73.96745">
        <ele>37.6</ele>
        <time>2026-06-16T22:49:46.000Z</time>
      </trkpt>
      <trkpt lat="40.79025" lon="-73.967463">
        <ele>37.6</ele>
        <time>2026-06-16T22:49:47.000Z</time>
      </trkpt>
      <trkpt lat="40.790256" lon="-73.967477">
        <ele>37.6</ele>
        <time>2026-06-16T22:49:48.000Z</time>
      </trkpt>
      <trkpt lat="40.790261" lon="-73.96749">
        <ele>37.6</ele>
        <time>2026-06-16T22:49:49.000Z</time>
      </trkpt>
      <trkpt lat="40.790267" lon="-73.967504">
        <ele>37.8</ele>
        <time>2026-06-16T22:49:50.000Z</time>
      </trkpt>
      <trkpt lat="40.790273" lon="-73.967517">
        <ele>37.8</ele>
        <time>2026-06-16T22:49:51.000Z</time>
      </trkpt>
      <trkpt lat="40.790278" lon="-73.967531">
        <ele>37.8</ele>
        <time>2026-06-16T22:49:52.000Z</time>
      </trkpt>
      <trkpt lat="40.790284" lon="-73.967545">
        <ele>37.8</ele>
        <time>2026-06-16T22:49:53.000Z</time>
      </trkpt>
      <trkpt lat="40.790289" lon="-73.967558">
        <ele>37.8</ele>
        <time>2026-06-16T22:49:54.000Z</time>
      </trkpt>
      <trkpt lat="40.790295" lon="-73.967572">
        <ele>37.8</ele>
        <time>2026-06-16T22:49:55.000Z</time>
      </trkpt>
      <trkpt lat="40.7903" lon="-73.967585">
        <ele>37.8</ele>
        <time>2026-06-16T22:49:56.000Z</time>
      </trkpt>
      <trkpt lat="40.790305" lon="-73.967599">
        <ele>37.8</ele>
        <time>2026-06-16T22:49:57.000Z</time>
      </trkpt>
      <trkpt lat="40.790311" lon="-73.967612">
        <ele>37.8</ele>
        <time>2026-06-16T22:49:58.000Z</time>
      </trkpt>
      <trkpt lat="40.790316" lon="-73.967625">
        <ele>37.8</ele>
        <time>2026-06-16T22:49:59.000Z</time>
      </trkpt>
      <trkpt lat="40.790321" lon="-73.967639">
        <ele>37.8</ele>
        <time>2026-06-16T22:50:00.000Z</time>
      </trkpt>
      <trkpt lat="40.790326" lon="-73.967652">
        <ele>37.8</ele>
        <time>2026-06-16T22:50:01.000Z</time>
      </trkpt>
      <trkpt lat="40.790331" lon="-73.967664">
        <ele>37.8</ele>
        <time>2026-06-16T22:50:02.000Z</time>
      </trkpt>
      <trkpt lat="40.790336" lon="-73.967677">
        <ele>37.8</ele>
        <time>2026-06-16T22:50:03.000Z</time>
      </trkpt>
      <trkpt lat="40.790341" lon="-73.96769">
        <ele>37.8</ele>
        <time>2026-06-16T22:50:04.000Z</time>
      </trkpt>
      <trkpt lat="40.790346" lon="-73.967703">
        <ele>37.8</ele>
        <time>2026-06-16T22:50:05.000Z</time>
      </trkpt>
      <trkpt lat="40.790351" lon="-73.967716">
        <ele>37.8</ele>
        <time>2026-06-16T22:50:06.000Z</time>
      </trkpt>
      <trkpt lat="40.790356" lon="-73.967729">
        <ele>37.8</ele>
        <time>2026-06-16T22:50:07.000Z</time>
      </trkpt>
      <trkpt lat="40.790361" lon="-73.967743">
        <ele>37.8</ele>
        <time>2026-06-16T22:50:08.000Z</time>
      </trkpt>
      <trkpt lat="40.790366" lon="-73.967756">
        <ele>38</ele>
        <time>2026-06-16T22:50:09.000Z</time>
      </trkpt>
      <trkpt lat="40.790371" lon="-73.967769">
        <ele>38</ele>
        <time>2026-06-16T22:50:10.000Z</time>
      </trkpt>
      <trkpt lat="40.790376" lon="-73.967782">
        <ele>38</ele>
        <time>2026-06-16T22:50:11.000Z</time>
      </trkpt>
      <trkpt lat="40.790381" lon="-73.967795">
        <ele>38</ele>
        <time>2026-06-16T22:50:12.000Z</time>
      </trkpt>
      <trkpt lat="40.790386" lon="-73.967808">
        <ele>38</ele>
        <time>2026-06-16T22:50:13.000Z</time>
      </trkpt>
      <trkpt lat="40.790391" lon="-73.967822">
        <ele>38</ele>
        <time>2026-06-16T22:50:14.000Z</time>
      </trkpt>
      <trkpt lat="40.790396" lon="-73.967835">
        <ele>38</ele>
        <time>2026-06-16T22:50:15.000Z</time>
      </trkpt>
      <trkpt lat="40.790401" lon="-73.967848">
        <ele>38</ele>
        <time>2026-06-16T22:50:16.000Z</time>
      </trkpt>
      <trkpt lat="40.790407" lon="-73.967861">
        <ele>38</ele>
        <time>2026-06-16T22:50:17.000Z</time>
      </trkpt>
      <trkpt lat="40.790412" lon="-73.967874">
        <ele>38</ele>
        <time>2026-06-16T22:50:18.000Z</time>
      </trkpt>
      <trkpt lat="40.790417" lon="-73.967887">
        <ele>38</ele>
        <time>2026-06-16T22:50:19.000Z</time>
      </trkpt>
      <trkpt lat="40.790422" lon="-73.967901">
        <ele>38</ele>
        <time>2026-06-16T22:50:20.000Z</time>
      </trkpt>
      <trkpt lat="40.790427" lon="-73.967914">
        <ele>38</ele>
        <time>2026-06-16T22:50:21.000Z</time>
      </trkpt>
      <trkpt lat="40.790432" lon="-73.967927">
        <ele>38</ele>
        <time>2026-06-16T22:50:22.000Z</time>
      </trkpt>
      <trkpt lat="40.790437" lon="-73.967939">
        <ele>38</ele>
        <time>2026-06-16T22:50:23.000Z</time>
      </trkpt>
      <trkpt lat="40.790442" lon="-73.967952">
        <ele>38</ele>
        <time>2026-06-16T22:50:24.000Z</time>
      </trkpt>
      <trkpt lat="40.790447" lon="-73.967965">
        <ele>38.2</ele>
        <time>2026-06-16T22:50:25.000Z</time>
      </trkpt>
      <trkpt lat="40.790452" lon="-73.967977">
        <ele>38.2</ele>
        <time>2026-06-16T22:50:26.000Z</time>
      </trkpt>
      <trkpt lat="40.790457" lon="-73.96799">
        <ele>38.2</ele>
        <time>2026-06-16T22:50:27.000Z</time>
      </trkpt>
      <trkpt lat="40.790462" lon="-73.968002">
        <ele>38.2</ele>
        <time>2026-06-16T22:50:28.000Z</time>
      </trkpt>
      <trkpt lat="40.790468" lon="-73.968015">
        <ele>38.2</ele>
        <time>2026-06-16T22:50:29.000Z</time>
      </trkpt>
      <trkpt lat="40.790473" lon="-73.968027">
        <ele>38.2</ele>
        <time>2026-06-16T22:50:30.000Z</time>
      </trkpt>
      <trkpt lat="40.790478" lon="-73.968039">
        <ele>38.2</ele>
        <time>2026-06-16T22:50:31.000Z</time>
      </trkpt>
      <trkpt lat="40.790483" lon="-73.968051">
        <ele>38.2</ele>
        <time>2026-06-16T22:50:32.000Z</time>
      </trkpt>
      <trkpt lat="40.790488" lon="-73.968063">
        <ele>38.2</ele>
        <time>2026-06-16T22:50:33.000Z</time>
      </trkpt>
      <trkpt lat="40.790493" lon="-73.968076">
        <ele>38.2</ele>
        <time>2026-06-16T22:50:34.000Z</time>
      </trkpt>
      <trkpt lat="40.790498" lon="-73.968088">
        <ele>38.2</ele>
        <time>2026-06-16T22:50:35.000Z</time>
      </trkpt>
      <trkpt lat="40.790503" lon="-73.9681">
        <ele>38.2</ele>
        <time>2026-06-16T22:50:36.000Z</time>
      </trkpt>
      <trkpt lat="40.790508" lon="-73.968112">
        <ele>38.4</ele>
        <time>2026-06-16T22:50:37.000Z</time>
      </trkpt>
      <trkpt lat="40.790514" lon="-73.968124">
        <ele>38.4</ele>
        <time>2026-06-16T22:50:38.000Z</time>
      </trkpt>
      <trkpt lat="40.790519" lon="-73.968136">
        <ele>38.4</ele>
        <time>2026-06-16T22:50:39.000Z</time>
      </trkpt>
      <trkpt lat="40.790524" lon="-73.968148">
        <ele>38.4</ele>
        <time>2026-06-16T22:50:40.000Z</time>
      </trkpt>
      <trkpt lat="40.790529" lon="-73.96816">
        <ele>38.4</ele>
        <time>2026-06-16T22:50:41.000Z</time>
      </trkpt>
      <trkpt lat="40.790534" lon="-73.968172">
        <ele>38.4</ele>
        <time>2026-06-16T22:50:42.000Z</time>
      </trkpt>
      <trkpt lat="40.790539" lon="-73.968184">
        <ele>38.4</ele>
        <time>2026-06-16T22:50:43.000Z</time>
      </trkpt>
      <trkpt lat="40.790544" lon="-73.968196">
        <ele>38.4</ele>
        <time>2026-06-16T22:50:44.000Z</time>
      </trkpt>
      <trkpt lat="40.790549" lon="-73.968207">
        <ele>38.4</ele>
        <time>2026-06-16T22:50:45.000Z</time>
      </trkpt>
      <trkpt lat="40.790553" lon="-73.968219">
        <ele>38.4</ele>
        <time>2026-06-16T22:50:46.000Z</time>
      </trkpt>
      <trkpt lat="40.790558" lon="-73.968231">
        <ele>38.6</ele>
        <time>2026-06-16T22:50:47.000Z</time>
      </trkpt>
      <trkpt lat="40.790563" lon="-73.968242">
        <ele>38.6</ele>
        <time>2026-06-16T22:50:48.000Z</time>
      </trkpt>
      <trkpt lat="40.790568" lon="-73.968254">
        <ele>38.6</ele>
        <time>2026-06-16T22:50:49.000Z</time>
      </trkpt>
      <trkpt lat="40.790574" lon="-73.968266">
        <ele>38.6</ele>
        <time>2026-06-16T22:50:50.000Z</time>
      </trkpt>
      <trkpt lat="40.790579" lon="-73.968278">
        <ele>38.6</ele>
        <time>2026-06-16T22:50:51.000Z</time>
      </trkpt>
      <trkpt lat="40.790584" lon="-73.96829">
        <ele>38.6</ele>
        <time>2026-06-16T22:50:52.000Z</time>
      </trkpt>
      <trkpt lat="40.790589" lon="-73.968302">
        <ele>38.6</ele>
        <time>2026-06-16T22:50:53.000Z</time>
      </trkpt>
      <trkpt lat="40.790597" lon="-73.968322">
        <ele>38.6</ele>
        <time>2026-06-16T22:50:54.000Z</time>
      </trkpt>
      <trkpt lat="40.790601" lon="-73.96833">
        <ele>38.6</ele>
        <time>2026-06-16T22:50:55.000Z</time>
      </trkpt>
      <trkpt lat="40.790604" lon="-73.968338">
        <ele>38.6</ele>
        <time>2026-06-16T22:50:56.000Z</time>
      </trkpt>
      <trkpt lat="40.790609" lon="-73.96835">
        <ele>38.6</ele>
        <time>2026-06-16T22:50:57.000Z</time>
      </trkpt>
      <trkpt lat="40.790614" lon="-73.968361">
        <ele>38.6</ele>
        <time>2026-06-16T22:50:58.000Z</time>
      </trkpt>
      <trkpt lat="40.790619" lon="-73.968373">
        <ele>38.6</ele>
        <time>2026-06-16T22:50:59.000Z</time>
      </trkpt>
      <trkpt lat="40.790624" lon="-73.968385">
        <ele>38.6</ele>
        <time>2026-06-16T22:51:00.000Z</time>
      </trkpt>
      <trkpt lat="40.790629" lon="-73.968397">
        <ele>38.8</ele>
        <time>2026-06-16T22:51:01.000Z</time>
      </trkpt>
      <trkpt lat="40.790634" lon="-73.968408">
        <ele>38.8</ele>
        <time>2026-06-16T22:51:02.000Z</time>
      </trkpt>
      <trkpt lat="40.790639" lon="-73.96842">
        <ele>38.8</ele>
        <time>2026-06-16T22:51:03.000Z</time>
      </trkpt>
      <trkpt lat="40.790644" lon="-73.968432">
        <ele>38.8</ele>
        <time>2026-06-16T22:51:04.000Z</time>
      </trkpt>
      <trkpt lat="40.790649" lon="-73.968444">
        <ele>38.8</ele>
        <time>2026-06-16T22:51:05.000Z</time>
      </trkpt>
      <trkpt lat="40.790654" lon="-73.968456">
        <ele>38.8</ele>
        <time>2026-06-16T22:51:06.000Z</time>
      </trkpt>
      <trkpt lat="40.790659" lon="-73.968468">
        <ele>38.8</ele>
        <time>2026-06-16T22:51:07.000Z</time>
      </trkpt>
      <trkpt lat="40.790664" lon="-73.96848">
        <ele>38.8</ele>
        <time>2026-06-16T22:51:08.000Z</time>
      </trkpt>
      <trkpt lat="40.790669" lon="-73.968492">
        <ele>38.8</ele>
        <time>2026-06-16T22:51:09.000Z</time>
      </trkpt>
      <trkpt lat="40.790674" lon="-73.968504">
        <ele>38.8</ele>
        <time>2026-06-16T22:51:10.000Z</time>
      </trkpt>
      <trkpt lat="40.790679" lon="-73.968516">
        <ele>38.8</ele>
        <time>2026-06-16T22:51:11.000Z</time>
      </trkpt>
      <trkpt lat="40.790684" lon="-73.968528">
        <ele>38.8</ele>
        <time>2026-06-16T22:51:12.000Z</time>
      </trkpt>
      <trkpt lat="40.790689" lon="-73.96854">
        <ele>39</ele>
        <time>2026-06-16T22:51:13.000Z</time>
      </trkpt>
      <trkpt lat="40.790694" lon="-73.968551">
        <ele>39</ele>
        <time>2026-06-16T22:51:14.000Z</time>
      </trkpt>
      <trkpt lat="40.790699" lon="-73.968563">
        <ele>39</ele>
        <time>2026-06-16T22:51:15.000Z</time>
      </trkpt>
      <trkpt lat="40.790704" lon="-73.968575">
        <ele>39</ele>
        <time>2026-06-16T22:51:16.000Z</time>
      </trkpt>
      <trkpt lat="40.790709" lon="-73.968586">
        <ele>39</ele>
        <time>2026-06-16T22:51:17.000Z</time>
      </trkpt>
      <trkpt lat="40.790714" lon="-73.968597">
        <ele>39</ele>
        <time>2026-06-16T22:51:18.000Z</time>
      </trkpt>
      <trkpt lat="40.790718" lon="-73.968608">
        <ele>39</ele>
        <time>2026-06-16T22:51:19.000Z</time>
      </trkpt>
      <trkpt lat="40.790723" lon="-73.968619">
        <ele>39</ele>
        <time>2026-06-16T22:51:20.000Z</time>
      </trkpt>
      <trkpt lat="40.790727" lon="-73.96863">
        <ele>39</ele>
        <time>2026-06-16T22:51:21.000Z</time>
      </trkpt>
      <trkpt lat="40.790732" lon="-73.968641">
        <ele>39</ele>
        <time>2026-06-16T22:51:22.000Z</time>
      </trkpt>
      <trkpt lat="40.790737" lon="-73.968653">
        <ele>39</ele>
        <time>2026-06-16T22:51:23.000Z</time>
      </trkpt>
      <trkpt lat="40.790742" lon="-73.968664">
        <ele>39</ele>
        <time>2026-06-16T22:51:24.000Z</time>
      </trkpt>
      <trkpt lat="40.790746" lon="-73.968676">
        <ele>39.2</ele>
        <time>2026-06-16T22:51:25.000Z</time>
      </trkpt>
      <trkpt lat="40.790751" lon="-73.968687">
        <ele>39.2</ele>
        <time>2026-06-16T22:51:26.000Z</time>
      </trkpt>
      <trkpt lat="40.790756" lon="-73.968699">
        <ele>39.2</ele>
        <time>2026-06-16T22:51:27.000Z</time>
      </trkpt>
      <trkpt lat="40.790761" lon="-73.96871">
        <ele>39.2</ele>
        <time>2026-06-16T22:51:28.000Z</time>
      </trkpt>
      <trkpt lat="40.790766" lon="-73.968722">
        <ele>39.2</ele>
        <time>2026-06-16T22:51:29.000Z</time>
      </trkpt>
      <trkpt lat="40.790771" lon="-73.968733">
        <ele>39.2</ele>
        <time>2026-06-16T22:51:30.000Z</time>
      </trkpt>
      <trkpt lat="40.790776" lon="-73.968744">
        <ele>39.2</ele>
        <time>2026-06-16T22:51:31.000Z</time>
      </trkpt>
      <trkpt lat="40.79078" lon="-73.968755">
        <ele>39.2</ele>
        <time>2026-06-16T22:51:32.000Z</time>
      </trkpt>
      <trkpt lat="40.790785" lon="-73.968766">
        <ele>39.2</ele>
        <time>2026-06-16T22:51:33.000Z</time>
      </trkpt>
      <trkpt lat="40.790789" lon="-73.968777">
        <ele>39.2</ele>
        <time>2026-06-16T22:51:34.000Z</time>
      </trkpt>
      <trkpt lat="40.790794" lon="-73.968787">
        <ele>39.2</ele>
        <time>2026-06-16T22:51:35.000Z</time>
      </trkpt>
      <trkpt lat="40.790798" lon="-73.968797">
        <ele>39.2</ele>
        <time>2026-06-16T22:51:36.000Z</time>
      </trkpt>
      <trkpt lat="40.790802" lon="-73.968807">
        <ele>39.2</ele>
        <time>2026-06-16T22:51:37.000Z</time>
      </trkpt>
      <trkpt lat="40.790806" lon="-73.968817">
        <ele>39.4</ele>
        <time>2026-06-16T22:51:38.000Z</time>
      </trkpt>
      <trkpt lat="40.79081" lon="-73.968825">
        <ele>39.4</ele>
        <time>2026-06-16T22:51:39.000Z</time>
      </trkpt>
      <trkpt lat="40.790814" lon="-73.968836">
        <ele>39.4</ele>
        <time>2026-06-16T22:51:40.000Z</time>
      </trkpt>
      <trkpt lat="40.790815" lon="-73.968838">
        <ele>39.2</ele>
        <time>2026-06-16T22:51:41.000Z</time>
      </trkpt>
      <trkpt lat="40.790816" lon="-73.96884">
        <ele>39.2</ele>
        <time>2026-06-16T22:51:42.000Z</time>
      </trkpt>
      <trkpt lat="40.790817" lon="-73.968842">
        <ele>39.2</ele>
        <time>2026-06-16T22:51:43.000Z</time>
      </trkpt>
      <trkpt lat="40.790818" lon="-73.968844">
        <ele>39.2</ele>
        <time>2026-06-16T22:51:44.000Z</time>
      </trkpt>
      <trkpt lat="40.790818" lon="-73.968846">
        <ele>39.2</ele>
        <time>2026-06-16T22:51:45.000Z</time>
      </trkpt>
      <trkpt lat="40.790819" lon="-73.968848">
        <ele>39.2</ele>
        <time>2026-06-16T22:51:46.000Z</time>
      </trkpt>
      <trkpt lat="40.79082" lon="-73.96885">
        <ele>39.2</ele>
        <time>2026-06-16T22:51:47.000Z</time>
      </trkpt>
      <trkpt lat="40.790821" lon="-73.968851">
        <ele>39.2</ele>
        <time>2026-06-16T22:51:48.000Z</time>
      </trkpt>
      <trkpt lat="40.790822" lon="-73.968853">
        <ele>39.2</ele>
        <time>2026-06-16T22:51:49.000Z</time>
      </trkpt>
      <trkpt lat="40.790823" lon="-73.968855">
        <ele>39.2</ele>
        <time>2026-06-16T22:51:50.000Z</time>
      </trkpt>
      <trkpt lat="40.790824" lon="-73.968857">
        <ele>39.2</ele>
        <time>2026-06-16T22:51:51.000Z</time>
      </trkpt>
      <trkpt lat="40.790825" lon="-73.968859">
        <ele>39.2</ele>
        <time>2026-06-16T22:51:52.000Z</time>
      </trkpt>
      <trkpt lat="40.790826" lon="-73.968861">
        <ele>39.2</ele>
        <time>2026-06-16T22:51:53.000Z</time>
      </trkpt>
      <trkpt lat="40.790827" lon="-73.968863">
        <ele>39.2</ele>
        <time>2026-06-16T22:51:54.000Z</time>
      </trkpt>
      <trkpt lat="40.790827" lon="-73.968865">
        <ele>39.2</ele>
        <time>2026-06-16T22:51:55.000Z</time>
      </trkpt>
      <trkpt lat="40.790828" lon="-73.968867">
        <ele>39.2</ele>
        <time>2026-06-16T22:51:56.000Z</time>
      </trkpt>
      <trkpt lat="40.790829" lon="-73.968869">
        <ele>39.2</ele>
        <time>2026-06-16T22:51:57.000Z</time>
      </trkpt>
      <trkpt lat="40.79083" lon="-73.968871">
        <ele>39.2</ele>
        <time>2026-06-16T22:51:58.000Z</time>
      </trkpt>
      <trkpt lat="40.790831" lon="-73.968873">
        <ele>39.2</ele>
        <time>2026-06-16T22:51:59.000Z</time>
      </trkpt>
      <trkpt lat="40.790832" lon="-73.968875">
        <ele>39.2</ele>
        <time>2026-06-16T22:52:00.000Z</time>
      </trkpt>
      <trkpt lat="40.790833" lon="-73.968877">
        <ele>39.2</ele>
        <time>2026-06-16T22:52:01.000Z</time>
      </trkpt>
      <trkpt lat="40.790834" lon="-73.968879">
        <ele>39.2</ele>
        <time>2026-06-16T22:52:02.000Z</time>
      </trkpt>
      <trkpt lat="40.790835" lon="-73.968881">
        <ele>39.2</ele>
        <time>2026-06-16T22:52:03.000Z</time>
      </trkpt>
      <trkpt lat="40.790836" lon="-73.968883">
        <ele>39.2</ele>
        <time>2026-06-16T22:52:04.000Z</time>
      </trkpt>
      <trkpt lat="40.790837" lon="-73.968884">
        <ele>39.2</ele>
        <time>2026-06-16T22:52:05.000Z</time>
      </trkpt>
      <trkpt lat="40.790837" lon="-73.968886">
        <ele>39.2</ele>
        <time>2026-06-16T22:52:06.000Z</time>
      </trkpt>
      <trkpt lat="40.790838" lon="-73.968888">
        <ele>39.2</ele>
        <time>2026-06-16T22:52:07.000Z</time>
      </trkpt>
      <trkpt lat="40.790839" lon="-73.96889">
        <ele>39.2</ele>
        <time>2026-06-16T22:52:08.000Z</time>
      </trkpt>
      <trkpt lat="40.79084" lon="-73.968892">
        <ele>39.2</ele>
        <time>2026-06-16T22:52:09.000Z</time>
      </trkpt>
      <trkpt lat="40.790841" lon="-73.968894">
        <ele>39.2</ele>
        <time>2026-06-16T22:52:10.000Z</time>
      </trkpt>
      <trkpt lat="40.790842" lon="-73.968896">
        <ele>39.2</ele>
        <time>2026-06-16T22:52:11.000Z</time>
      </trkpt>
      <trkpt lat="40.790843" lon="-73.968898">
        <ele>39.2</ele>
        <time>2026-06-16T22:52:12.000Z</time>
      </trkpt>
      <trkpt lat="40.790844" lon="-73.9689">
        <ele>39.2</ele>
        <time>2026-06-16T22:52:13.000Z</time>
      </trkpt>
      <trkpt lat="40.790845" lon="-73.968902">
        <ele>39.2</ele>
        <time>2026-06-16T22:52:14.000Z</time>
      </trkpt>
      <trkpt lat="40.790846" lon="-73.968904">
        <ele>39.2</ele>
        <time>2026-06-16T22:52:15.000Z</time>
      </trkpt>
      <trkpt lat="40.790846" lon="-73.968906">
        <ele>39.2</ele>
        <time>2026-06-16T22:52:16.000Z</time>
      </trkpt>
      <trkpt lat="40.790847" lon="-73.968908">
        <ele>39.2</ele>
        <time>2026-06-16T22:52:17.000Z</time>
      </trkpt>
      <trkpt lat="40.790848" lon="-73.96891">
        <ele>39.2</ele>
        <time>2026-06-16T22:52:18.000Z</time>
      </trkpt>
      <trkpt lat="40.790849" lon="-73.968912">
        <ele>39.2</ele>
        <time>2026-06-16T22:52:19.000Z</time>
      </trkpt>
      <trkpt lat="40.79085" lon="-73.968914">
        <ele>39.2</ele>
        <time>2026-06-16T22:52:20.000Z</time>
      </trkpt>
      <trkpt lat="40.790851" lon="-73.968916">
        <ele>39.2</ele>
        <time>2026-06-16T22:52:21.000Z</time>
      </trkpt>
      <trkpt lat="40.790852" lon="-73.968918">
        <ele>39.2</ele>
        <time>2026-06-16T22:52:22.000Z</time>
      </trkpt>
      <trkpt lat="40.790853" lon="-73.968919">
        <ele>39.2</ele>
        <time>2026-06-16T22:52:23.000Z</time>
      </trkpt>
      <trkpt lat="40.790854" lon="-73.968921">
        <ele>39.2</ele>
        <time>2026-06-16T22:52:24.000Z</time>
      </trkpt>
      <trkpt lat="40.790855" lon="-73.968923">
        <ele>39.2</ele>
        <time>2026-06-16T22:52:25.000Z</time>
      </trkpt>
      <trkpt lat="40.790855" lon="-73.968925">
        <ele>39.2</ele>
        <time>2026-06-16T22:52:26.000Z</time>
      </trkpt>
      <trkpt lat="40.790856" lon="-73.968927">
        <ele>39.2</ele>
        <time>2026-06-16T22:52:27.000Z</time>
      </trkpt>
      <trkpt lat="40.790857" lon="-73.968929">
        <ele>39.2</ele>
        <time>2026-06-16T22:52:28.000Z</time>
      </trkpt>
      <trkpt lat="40.790858" lon="-73.968931">
        <ele>39.2</ele>
        <time>2026-06-16T22:52:29.000Z</time>
      </trkpt>
      <trkpt lat="40.790859" lon="-73.968933">
        <ele>39.2</ele>
        <time>2026-06-16T22:52:30.000Z</time>
      </trkpt>
      <trkpt lat="40.79086" lon="-73.968935">
        <ele>39.2</ele>
        <time>2026-06-16T22:52:31.000Z</time>
      </trkpt>
      <trkpt lat="40.790864" lon="-73.968946">
        <ele>39.2</ele>
        <time>2026-06-16T22:52:32.000Z</time>
      </trkpt>
      <trkpt lat="40.790869" lon="-73.968956">
        <ele>39.2</ele>
        <time>2026-06-16T22:52:33.000Z</time>
      </trkpt>
      <trkpt lat="40.790875" lon="-73.968968">
        <ele>39.2</ele>
        <time>2026-06-16T22:52:34.000Z</time>
      </trkpt>
      <trkpt lat="40.79088" lon="-73.968979">
        <ele>39.2</ele>
        <time>2026-06-16T22:52:35.000Z</time>
      </trkpt>
      <trkpt lat="40.790885" lon="-73.96899">
        <ele>39.2</ele>
        <time>2026-06-16T22:52:36.000Z</time>
      </trkpt>
      <trkpt lat="40.79089" lon="-73.969002">
        <ele>39.2</ele>
        <time>2026-06-16T22:52:37.000Z</time>
      </trkpt>
      <trkpt lat="40.790895" lon="-73.969013">
        <ele>39.2</ele>
        <time>2026-06-16T22:52:38.000Z</time>
      </trkpt>
      <trkpt lat="40.790901" lon="-73.969025">
        <ele>39.2</ele>
        <time>2026-06-16T22:52:39.000Z</time>
      </trkpt>
      <trkpt lat="40.790906" lon="-73.969037">
        <ele>39.2</ele>
        <time>2026-06-16T22:52:40.000Z</time>
      </trkpt>
      <trkpt lat="40.79091" lon="-73.969048">
        <ele>39.2</ele>
        <time>2026-06-16T22:52:41.000Z</time>
      </trkpt>
      <trkpt lat="40.790915" lon="-73.96906">
        <ele>39.2</ele>
        <time>2026-06-16T22:52:42.000Z</time>
      </trkpt>
      <trkpt lat="40.79092" lon="-73.969072">
        <ele>39.2</ele>
        <time>2026-06-16T22:52:43.000Z</time>
      </trkpt>
      <trkpt lat="40.790925" lon="-73.969084">
        <ele>39.2</ele>
        <time>2026-06-16T22:52:44.000Z</time>
      </trkpt>
      <trkpt lat="40.79093" lon="-73.969096">
        <ele>39.2</ele>
        <time>2026-06-16T22:52:45.000Z</time>
      </trkpt>
      <trkpt lat="40.790935" lon="-73.969108">
        <ele>39.2</ele>
        <time>2026-06-16T22:52:46.000Z</time>
      </trkpt>
      <trkpt lat="40.79094" lon="-73.969121">
        <ele>39.2</ele>
        <time>2026-06-16T22:52:47.000Z</time>
      </trkpt>
      <trkpt lat="40.790945" lon="-73.969133">
        <ele>39.2</ele>
        <time>2026-06-16T22:52:48.000Z</time>
      </trkpt>
      <trkpt lat="40.79095" lon="-73.969146">
        <ele>39.2</ele>
        <time>2026-06-16T22:52:49.000Z</time>
      </trkpt>
      <trkpt lat="40.790955" lon="-73.969159">
        <ele>39.2</ele>
        <time>2026-06-16T22:52:50.000Z</time>
      </trkpt>
      <trkpt lat="40.79096" lon="-73.969172">
        <ele>39.2</ele>
        <time>2026-06-16T22:52:51.000Z</time>
      </trkpt>
      <trkpt lat="40.790965" lon="-73.969185">
        <ele>39.2</ele>
        <time>2026-06-16T22:52:52.000Z</time>
      </trkpt>
      <trkpt lat="40.790971" lon="-73.969198">
        <ele>39.2</ele>
        <time>2026-06-16T22:52:53.000Z</time>
      </trkpt>
      <trkpt lat="40.790976" lon="-73.969211">
        <ele>39.2</ele>
        <time>2026-06-16T22:52:54.000Z</time>
      </trkpt>
      <trkpt lat="40.790981" lon="-73.969224">
        <ele>39.2</ele>
        <time>2026-06-16T22:52:55.000Z</time>
      </trkpt>
      <trkpt lat="40.790987" lon="-73.969237">
        <ele>39.4</ele>
        <time>2026-06-16T22:52:56.000Z</time>
      </trkpt>
      <trkpt lat="40.790992" lon="-73.96925">
        <ele>39.4</ele>
        <time>2026-06-16T22:52:57.000Z</time>
      </trkpt>
      <trkpt lat="40.790997" lon="-73.969262">
        <ele>39.4</ele>
        <time>2026-06-16T22:52:58.000Z</time>
      </trkpt>
      <trkpt lat="40.791002" lon="-73.969274">
        <ele>39.4</ele>
        <time>2026-06-16T22:52:59.000Z</time>
      </trkpt>
      <trkpt lat="40.791008" lon="-73.969287">
        <ele>39.4</ele>
        <time>2026-06-16T22:53:00.000Z</time>
      </trkpt>
      <trkpt lat="40.791013" lon="-73.969299">
        <ele>39.4</ele>
        <time>2026-06-16T22:53:01.000Z</time>
      </trkpt>
      <trkpt lat="40.791019" lon="-73.969312">
        <ele>39.4</ele>
        <time>2026-06-16T22:53:02.000Z</time>
      </trkpt>
      <trkpt lat="40.791024" lon="-73.969325">
        <ele>39.6</ele>
        <time>2026-06-16T22:53:03.000Z</time>
      </trkpt>
      <trkpt lat="40.79103" lon="-73.969338">
        <ele>39.6</ele>
        <time>2026-06-16T22:53:04.000Z</time>
      </trkpt>
      <trkpt lat="40.791035" lon="-73.969351">
        <ele>39.6</ele>
        <time>2026-06-16T22:53:05.000Z</time>
      </trkpt>
      <trkpt lat="40.791041" lon="-73.969364">
        <ele>39.6</ele>
        <time>2026-06-16T22:53:06.000Z</time>
      </trkpt>
      <trkpt lat="40.791046" lon="-73.969377">
        <ele>39.6</ele>
        <time>2026-06-16T22:53:07.000Z</time>
      </trkpt>
      <trkpt lat="40.791052" lon="-73.969389">
        <ele>39.6</ele>
        <time>2026-06-16T22:53:08.000Z</time>
      </trkpt>
      <trkpt lat="40.791057" lon="-73.969402">
        <ele>39.8</ele>
        <time>2026-06-16T22:53:09.000Z</time>
      </trkpt>
      <trkpt lat="40.791063" lon="-73.969415">
        <ele>39.8</ele>
        <time>2026-06-16T22:53:10.000Z</time>
      </trkpt>
      <trkpt lat="40.791068" lon="-73.969427">
        <ele>39.8</ele>
        <time>2026-06-16T22:53:11.000Z</time>
      </trkpt>
      <trkpt lat="40.791073" lon="-73.96944">
        <ele>39.8</ele>
        <time>2026-06-16T22:53:12.000Z</time>
      </trkpt>
      <trkpt lat="40.791079" lon="-73.969452">
        <ele>39.8</ele>
        <time>2026-06-16T22:53:13.000Z</time>
      </trkpt>
      <trkpt lat="40.791084" lon="-73.969464">
        <ele>39.8</ele>
        <time>2026-06-16T22:53:14.000Z</time>
      </trkpt>
      <trkpt lat="40.791089" lon="-73.969476">
        <ele>39.8</ele>
        <time>2026-06-16T22:53:15.000Z</time>
      </trkpt>
      <trkpt lat="40.791094" lon="-73.969489">
        <ele>39.8</ele>
        <time>2026-06-16T22:53:16.000Z</time>
      </trkpt>
      <trkpt lat="40.791099" lon="-73.969501">
        <ele>40</ele>
        <time>2026-06-16T22:53:17.000Z</time>
      </trkpt>
      <trkpt lat="40.791105" lon="-73.969513">
        <ele>40</ele>
        <time>2026-06-16T22:53:18.000Z</time>
      </trkpt>
      <trkpt lat="40.79111" lon="-73.969525">
        <ele>40</ele>
        <time>2026-06-16T22:53:19.000Z</time>
      </trkpt>
      <trkpt lat="40.791115" lon="-73.969537">
        <ele>40</ele>
        <time>2026-06-16T22:53:20.000Z</time>
      </trkpt>
      <trkpt lat="40.79112" lon="-73.969549">
        <ele>40</ele>
        <time>2026-06-16T22:53:21.000Z</time>
      </trkpt>
      <trkpt lat="40.791125" lon="-73.969561">
        <ele>40</ele>
        <time>2026-06-16T22:53:22.000Z</time>
      </trkpt>
      <trkpt lat="40.79113" lon="-73.969573">
        <ele>40.2</ele>
        <time>2026-06-16T22:53:23.000Z</time>
      </trkpt>
      <trkpt lat="40.791135" lon="-73.969585">
        <ele>40.2</ele>
        <time>2026-06-16T22:53:24.000Z</time>
      </trkpt>
      <trkpt lat="40.791141" lon="-73.969597">
        <ele>40.2</ele>
        <time>2026-06-16T22:53:25.000Z</time>
      </trkpt>
      <trkpt lat="40.791146" lon="-73.969609">
        <ele>40.2</ele>
        <time>2026-06-16T22:53:26.000Z</time>
      </trkpt>
      <trkpt lat="40.791151" lon="-73.969621">
        <ele>40.2</ele>
        <time>2026-06-16T22:53:27.000Z</time>
      </trkpt>
      <trkpt lat="40.791156" lon="-73.969633">
        <ele>40.2</ele>
        <time>2026-06-16T22:53:28.000Z</time>
      </trkpt>
      <trkpt lat="40.791161" lon="-73.969645">
        <ele>40.2</ele>
        <time>2026-06-16T22:53:29.000Z</time>
      </trkpt>
      <trkpt lat="40.791166" lon="-73.969657">
        <ele>40.2</ele>
        <time>2026-06-16T22:53:30.000Z</time>
      </trkpt>
      <trkpt lat="40.791171" lon="-73.969669">
        <ele>40.2</ele>
        <time>2026-06-16T22:53:31.000Z</time>
      </trkpt>
      <trkpt lat="40.791177" lon="-73.969681">
        <ele>40.2</ele>
        <time>2026-06-16T22:53:32.000Z</time>
      </trkpt>
      <trkpt lat="40.791182" lon="-73.969694">
        <ele>40.2</ele>
        <time>2026-06-16T22:53:33.000Z</time>
      </trkpt>
      <trkpt lat="40.791187" lon="-73.969706">
        <ele>40</ele>
        <time>2026-06-16T22:53:34.000Z</time>
      </trkpt>
      <trkpt lat="40.791192" lon="-73.969717">
        <ele>40</ele>
        <time>2026-06-16T22:53:35.000Z</time>
      </trkpt>
      <trkpt lat="40.791197" lon="-73.969729">
        <ele>40</ele>
        <time>2026-06-16T22:53:36.000Z</time>
      </trkpt>
      <trkpt lat="40.791202" lon="-73.969741">
        <ele>40</ele>
        <time>2026-06-16T22:53:37.000Z</time>
      </trkpt>
      <trkpt lat="40.791207" lon="-73.969753">
        <ele>39.8</ele>
        <time>2026-06-16T22:53:38.000Z</time>
      </trkpt>
      <trkpt lat="40.791212" lon="-73.969765">
        <ele>39.8</ele>
        <time>2026-06-16T22:53:39.000Z</time>
      </trkpt>
      <trkpt lat="40.791217" lon="-73.969777">
        <ele>39.8</ele>
        <time>2026-06-16T22:53:40.000Z</time>
      </trkpt>
      <trkpt lat="40.791222" lon="-73.969789">
        <ele>39.8</ele>
        <time>2026-06-16T22:53:41.000Z</time>
      </trkpt>
      <trkpt lat="40.791227" lon="-73.969801">
        <ele>39.8</ele>
        <time>2026-06-16T22:53:42.000Z</time>
      </trkpt>
      <trkpt lat="40.791232" lon="-73.969813">
        <ele>39.6</ele>
        <time>2026-06-16T22:53:43.000Z</time>
      </trkpt>
      <trkpt lat="40.791237" lon="-73.969826">
        <ele>39.6</ele>
        <time>2026-06-16T22:53:44.000Z</time>
      </trkpt>
      <trkpt lat="40.791243" lon="-73.969838">
        <ele>39.6</ele>
        <time>2026-06-16T22:53:45.000Z</time>
      </trkpt>
      <trkpt lat="40.791248" lon="-73.96985">
        <ele>39.6</ele>
        <time>2026-06-16T22:53:46.000Z</time>
      </trkpt>
      <trkpt lat="40.791253" lon="-73.969862">
        <ele>39.6</ele>
        <time>2026-06-16T22:53:47.000Z</time>
      </trkpt>
      <trkpt lat="40.791258" lon="-73.969874">
        <ele>39.6</ele>
        <time>2026-06-16T22:53:48.000Z</time>
      </trkpt>
      <trkpt lat="40.791263" lon="-73.969887">
        <ele>39.4</ele>
        <time>2026-06-16T22:53:49.000Z</time>
      </trkpt>
      <trkpt lat="40.791268" lon="-73.969899">
        <ele>39.4</ele>
        <time>2026-06-16T22:53:50.000Z</time>
      </trkpt>
      <trkpt lat="40.791273" lon="-73.969911">
        <ele>39.4</ele>
        <time>2026-06-16T22:53:51.000Z</time>
      </trkpt>
      <trkpt lat="40.791279" lon="-73.969923">
        <ele>39.4</ele>
        <time>2026-06-16T22:53:52.000Z</time>
      </trkpt>
      <trkpt lat="40.791284" lon="-73.969936">
        <ele>39.4</ele>
        <time>2026-06-16T22:53:53.000Z</time>
      </trkpt>
      <trkpt lat="40.791289" lon="-73.969948">
        <ele>39.4</ele>
        <time>2026-06-16T22:53:54.000Z</time>
      </trkpt>
      <trkpt lat="40.791294" lon="-73.96996">
        <ele>39.2</ele>
        <time>2026-06-16T22:53:55.000Z</time>
      </trkpt>
      <trkpt lat="40.791299" lon="-73.969973">
        <ele>39.2</ele>
        <time>2026-06-16T22:53:56.000Z</time>
      </trkpt>
      <trkpt lat="40.791305" lon="-73.969985">
        <ele>39.2</ele>
        <time>2026-06-16T22:53:57.000Z</time>
      </trkpt>
      <trkpt lat="40.79131" lon="-73.969998">
        <ele>39.2</ele>
        <time>2026-06-16T22:53:58.000Z</time>
      </trkpt>
      <trkpt lat="40.791315" lon="-73.97001">
        <ele>39.2</ele>
        <time>2026-06-16T22:53:59.000Z</time>
      </trkpt>
      <trkpt lat="40.791321" lon="-73.970023">
        <ele>39</ele>
        <time>2026-06-16T22:54:00.000Z</time>
      </trkpt>
      <trkpt lat="40.791326" lon="-73.970036">
        <ele>39</ele>
        <time>2026-06-16T22:54:01.000Z</time>
      </trkpt>
      <trkpt lat="40.791332" lon="-73.970048">
        <ele>39</ele>
        <time>2026-06-16T22:54:02.000Z</time>
      </trkpt>
      <trkpt lat="40.791337" lon="-73.970061">
        <ele>39</ele>
        <time>2026-06-16T22:54:03.000Z</time>
      </trkpt>
      <trkpt lat="40.791342" lon="-73.970074">
        <ele>39</ele>
        <time>2026-06-16T22:54:04.000Z</time>
      </trkpt>
      <trkpt lat="40.791348" lon="-73.970086">
        <ele>38.8</ele>
        <time>2026-06-16T22:54:05.000Z</time>
      </trkpt>
      <trkpt lat="40.791353" lon="-73.970099">
        <ele>38.8</ele>
        <time>2026-06-16T22:54:06.000Z</time>
      </trkpt>
      <trkpt lat="40.791358" lon="-73.970111">
        <ele>38.8</ele>
        <time>2026-06-16T22:54:07.000Z</time>
      </trkpt>
      <trkpt lat="40.791364" lon="-73.970124">
        <ele>38.8</ele>
        <time>2026-06-16T22:54:08.000Z</time>
      </trkpt>
      <trkpt lat="40.791369" lon="-73.970136">
        <ele>38.8</ele>
        <time>2026-06-16T22:54:09.000Z</time>
      </trkpt>
      <trkpt lat="40.791374" lon="-73.970148">
        <ele>38.6</ele>
        <time>2026-06-16T22:54:10.000Z</time>
      </trkpt>
      <trkpt lat="40.791379" lon="-73.97016">
        <ele>38.6</ele>
        <time>2026-06-16T22:54:11.000Z</time>
      </trkpt>
      <trkpt lat="40.791385" lon="-73.970172">
        <ele>38.6</ele>
        <time>2026-06-16T22:54:12.000Z</time>
      </trkpt>
      <trkpt lat="40.79139" lon="-73.970184">
        <ele>38.6</ele>
        <time>2026-06-16T22:54:13.000Z</time>
      </trkpt>
      <trkpt lat="40.791395" lon="-73.970196">
        <ele>38.6</ele>
        <time>2026-06-16T22:54:14.000Z</time>
      </trkpt>
      <trkpt lat="40.7914" lon="-73.970208">
        <ele>38.6</ele>
        <time>2026-06-16T22:54:15.000Z</time>
      </trkpt>
      <trkpt lat="40.791405" lon="-73.970219">
        <ele>38.4</ele>
        <time>2026-06-16T22:54:16.000Z</time>
      </trkpt>
      <trkpt lat="40.79141" lon="-73.970231">
        <ele>38.4</ele>
        <time>2026-06-16T22:54:17.000Z</time>
      </trkpt>
      <trkpt lat="40.791415" lon="-73.970242">
        <ele>38.4</ele>
        <time>2026-06-16T22:54:18.000Z</time>
      </trkpt>
      <trkpt lat="40.79142" lon="-73.970253">
        <ele>38.4</ele>
        <time>2026-06-16T22:54:19.000Z</time>
      </trkpt>
      <trkpt lat="40.791425" lon="-73.970265">
        <ele>38.4</ele>
        <time>2026-06-16T22:54:20.000Z</time>
      </trkpt>
      <trkpt lat="40.79143" lon="-73.970276">
        <ele>38.4</ele>
        <time>2026-06-16T22:54:21.000Z</time>
      </trkpt>
      <trkpt lat="40.791436" lon="-73.970287">
        <ele>38.4</ele>
        <time>2026-06-16T22:54:22.000Z</time>
      </trkpt>
      <trkpt lat="40.791441" lon="-73.970299">
        <ele>38.2</ele>
        <time>2026-06-16T22:54:23.000Z</time>
      </trkpt>
      <trkpt lat="40.791446" lon="-73.970311">
        <ele>38.2</ele>
        <time>2026-06-16T22:54:24.000Z</time>
      </trkpt>
      <trkpt lat="40.791452" lon="-73.970323">
        <ele>38.2</ele>
        <time>2026-06-16T22:54:25.000Z</time>
      </trkpt>
      <trkpt lat="40.791457" lon="-73.970335">
        <ele>38.2</ele>
        <time>2026-06-16T22:54:26.000Z</time>
      </trkpt>
      <trkpt lat="40.791463" lon="-73.970347">
        <ele>38.2</ele>
        <time>2026-06-16T22:54:27.000Z</time>
      </trkpt>
      <trkpt lat="40.791468" lon="-73.970359">
        <ele>38.2</ele>
        <time>2026-06-16T22:54:28.000Z</time>
      </trkpt>
      <trkpt lat="40.791474" lon="-73.970371">
        <ele>38</ele>
        <time>2026-06-16T22:54:29.000Z</time>
      </trkpt>
      <trkpt lat="40.791479" lon="-73.970383">
        <ele>38</ele>
        <time>2026-06-16T22:54:30.000Z</time>
      </trkpt>
      <trkpt lat="40.791485" lon="-73.970395">
        <ele>38</ele>
        <time>2026-06-16T22:54:31.000Z</time>
      </trkpt>
      <trkpt lat="40.79149" lon="-73.970407">
        <ele>38</ele>
        <time>2026-06-16T22:54:32.000Z</time>
      </trkpt>
      <trkpt lat="40.791495" lon="-73.970418">
        <ele>37.8</ele>
        <time>2026-06-16T22:54:33.000Z</time>
      </trkpt>
      <trkpt lat="40.791501" lon="-73.97043">
        <ele>37.8</ele>
        <time>2026-06-16T22:54:34.000Z</time>
      </trkpt>
      <trkpt lat="40.791506" lon="-73.970442">
        <ele>37.8</ele>
        <time>2026-06-16T22:54:35.000Z</time>
      </trkpt>
      <trkpt lat="40.791511" lon="-73.970453">
        <ele>37.8</ele>
        <time>2026-06-16T22:54:36.000Z</time>
      </trkpt>
      <trkpt lat="40.791515" lon="-73.970464">
        <ele>37.8</ele>
        <time>2026-06-16T22:54:37.000Z</time>
      </trkpt>
      <trkpt lat="40.79152" lon="-73.970475">
        <ele>37.8</ele>
        <time>2026-06-16T22:54:38.000Z</time>
      </trkpt>
      <trkpt lat="40.791525" lon="-73.970486">
        <ele>37.6</ele>
        <time>2026-06-16T22:54:39.000Z</time>
      </trkpt>
      <trkpt lat="40.791529" lon="-73.970497">
        <ele>37.6</ele>
        <time>2026-06-16T22:54:40.000Z</time>
      </trkpt>
      <trkpt lat="40.791534" lon="-73.970508">
        <ele>37.6</ele>
        <time>2026-06-16T22:54:41.000Z</time>
      </trkpt>
      <trkpt lat="40.791538" lon="-73.970519">
        <ele>37.6</ele>
        <time>2026-06-16T22:54:42.000Z</time>
      </trkpt>
      <trkpt lat="40.791542" lon="-73.97053">
        <ele>37.6</ele>
        <time>2026-06-16T22:54:43.000Z</time>
      </trkpt>
      <trkpt lat="40.791547" lon="-73.970541">
        <ele>37.4</ele>
        <time>2026-06-16T22:54:44.000Z</time>
      </trkpt>
      <trkpt lat="40.791551" lon="-73.970552">
        <ele>37.4</ele>
        <time>2026-06-16T22:54:45.000Z</time>
      </trkpt>
      <trkpt lat="40.791556" lon="-73.970563">
        <ele>37.4</ele>
        <time>2026-06-16T22:54:46.000Z</time>
      </trkpt>
      <trkpt lat="40.79156" lon="-73.970574">
        <ele>37.4</ele>
        <time>2026-06-16T22:54:47.000Z</time>
      </trkpt>
      <trkpt lat="40.791565" lon="-73.970586">
        <ele>37.4</ele>
        <time>2026-06-16T22:54:48.000Z</time>
      </trkpt>
      <trkpt lat="40.791569" lon="-73.970597">
        <ele>37.4</ele>
        <time>2026-06-16T22:54:49.000Z</time>
      </trkpt>
      <trkpt lat="40.791574" lon="-73.970609">
        <ele>37.2</ele>
        <time>2026-06-16T22:54:50.000Z</time>
      </trkpt>
      <trkpt lat="40.791578" lon="-73.970621">
        <ele>37.2</ele>
        <time>2026-06-16T22:54:51.000Z</time>
      </trkpt>
      <trkpt lat="40.791583" lon="-73.970633">
        <ele>37.2</ele>
        <time>2026-06-16T22:54:52.000Z</time>
      </trkpt>
      <trkpt lat="40.791588" lon="-73.970645">
        <ele>37.2</ele>
        <time>2026-06-16T22:54:53.000Z</time>
      </trkpt>
      <trkpt lat="40.791593" lon="-73.970658">
        <ele>37.2</ele>
        <time>2026-06-16T22:54:54.000Z</time>
      </trkpt>
      <trkpt lat="40.791598" lon="-73.970671">
        <ele>37.2</ele>
        <time>2026-06-16T22:54:55.000Z</time>
      </trkpt>
      <trkpt lat="40.791603" lon="-73.970684">
        <ele>37</ele>
        <time>2026-06-16T22:54:56.000Z</time>
      </trkpt>
      <trkpt lat="40.791608" lon="-73.970696">
        <ele>37</ele>
        <time>2026-06-16T22:54:57.000Z</time>
      </trkpt>
      <trkpt lat="40.791613" lon="-73.970709">
        <ele>37</ele>
        <time>2026-06-16T22:54:58.000Z</time>
      </trkpt>
      <trkpt lat="40.791618" lon="-73.970722">
        <ele>37</ele>
        <time>2026-06-16T22:54:59.000Z</time>
      </trkpt>
      <trkpt lat="40.791624" lon="-73.970735">
        <ele>37</ele>
        <time>2026-06-16T22:55:00.000Z</time>
      </trkpt>
      <trkpt lat="40.791629" lon="-73.970748">
        <ele>37</ele>
        <time>2026-06-16T22:55:01.000Z</time>
      </trkpt>
      <trkpt lat="40.791634" lon="-73.970761">
        <ele>37</ele>
        <time>2026-06-16T22:55:02.000Z</time>
      </trkpt>
      <trkpt lat="40.791639" lon="-73.970774">
        <ele>36.8</ele>
        <time>2026-06-16T22:55:03.000Z</time>
      </trkpt>
      <trkpt lat="40.791644" lon="-73.970787">
        <ele>36.8</ele>
        <time>2026-06-16T22:55:04.000Z</time>
      </trkpt>
      <trkpt lat="40.791649" lon="-73.970799">
        <ele>36.8</ele>
        <time>2026-06-16T22:55:05.000Z</time>
      </trkpt>
      <trkpt lat="40.791655" lon="-73.970812">
        <ele>36.8</ele>
        <time>2026-06-16T22:55:06.000Z</time>
      </trkpt>
      <trkpt lat="40.79166" lon="-73.970824">
        <ele>36.8</ele>
        <time>2026-06-16T22:55:07.000Z</time>
      </trkpt>
      <trkpt lat="40.791665" lon="-73.970837">
        <ele>36.8</ele>
        <time>2026-06-16T22:55:08.000Z</time>
      </trkpt>
      <trkpt lat="40.79167" lon="-73.970849">
        <ele>36.8</ele>
        <time>2026-06-16T22:55:09.000Z</time>
      </trkpt>
      <trkpt lat="40.791675" lon="-73.970862">
        <ele>36.8</ele>
        <time>2026-06-16T22:55:10.000Z</time>
      </trkpt>
      <trkpt lat="40.79168" lon="-73.970874">
        <ele>36.8</ele>
        <time>2026-06-16T22:55:11.000Z</time>
      </trkpt>
      <trkpt lat="40.791685" lon="-73.970886">
        <ele>36.8</ele>
        <time>2026-06-16T22:55:12.000Z</time>
      </trkpt>
      <trkpt lat="40.79169" lon="-73.970898">
        <ele>36.8</ele>
        <time>2026-06-16T22:55:13.000Z</time>
      </trkpt>
      <trkpt lat="40.791695" lon="-73.97091">
        <ele>36.6</ele>
        <time>2026-06-16T22:55:14.000Z</time>
      </trkpt>
      <trkpt lat="40.7917" lon="-73.970923">
        <ele>36.6</ele>
        <time>2026-06-16T22:55:15.000Z</time>
      </trkpt>
      <trkpt lat="40.791705" lon="-73.970935">
        <ele>36.6</ele>
        <time>2026-06-16T22:55:16.000Z</time>
      </trkpt>
      <trkpt lat="40.79171" lon="-73.970946">
        <ele>36.6</ele>
        <time>2026-06-16T22:55:17.000Z</time>
      </trkpt>
      <trkpt lat="40.791715" lon="-73.970958">
        <ele>36.6</ele>
        <time>2026-06-16T22:55:18.000Z</time>
      </trkpt>
      <trkpt lat="40.79172" lon="-73.97097">
        <ele>36.6</ele>
        <time>2026-06-16T22:55:19.000Z</time>
      </trkpt>
      <trkpt lat="40.791725" lon="-73.970982">
        <ele>36.4</ele>
        <time>2026-06-16T22:55:20.000Z</time>
      </trkpt>
      <trkpt lat="40.79173" lon="-73.970993">
        <ele>36.4</ele>
        <time>2026-06-16T22:55:21.000Z</time>
      </trkpt>
      <trkpt lat="40.791735" lon="-73.971005">
        <ele>36.4</ele>
        <time>2026-06-16T22:55:22.000Z</time>
      </trkpt>
      <trkpt lat="40.79174" lon="-73.971017">
        <ele>36.4</ele>
        <time>2026-06-16T22:55:23.000Z</time>
      </trkpt>
      <trkpt lat="40.791744" lon="-73.971028">
        <ele>36.2</ele>
        <time>2026-06-16T22:55:24.000Z</time>
      </trkpt>
      <trkpt lat="40.791749" lon="-73.97104">
        <ele>36.2</ele>
        <time>2026-06-16T22:55:25.000Z</time>
      </trkpt>
      <trkpt lat="40.791754" lon="-73.971051">
        <ele>36.2</ele>
        <time>2026-06-16T22:55:26.000Z</time>
      </trkpt>
      <trkpt lat="40.791759" lon="-73.971063">
        <ele>36</ele>
        <time>2026-06-16T22:55:27.000Z</time>
      </trkpt>
      <trkpt lat="40.791764" lon="-73.971075">
        <ele>36</ele>
        <time>2026-06-16T22:55:28.000Z</time>
      </trkpt>
      <trkpt lat="40.791769" lon="-73.971087">
        <ele>36</ele>
        <time>2026-06-16T22:55:29.000Z</time>
      </trkpt>
      <trkpt lat="40.791774" lon="-73.971098">
        <ele>35.8</ele>
        <time>2026-06-16T22:55:30.000Z</time>
      </trkpt>
      <trkpt lat="40.791779" lon="-73.97111">
        <ele>35.8</ele>
        <time>2026-06-16T22:55:31.000Z</time>
      </trkpt>
      <trkpt lat="40.791784" lon="-73.971121">
        <ele>35.8</ele>
        <time>2026-06-16T22:55:32.000Z</time>
      </trkpt>
      <trkpt lat="40.791788" lon="-73.971132">
        <ele>35.6</ele>
        <time>2026-06-16T22:55:33.000Z</time>
      </trkpt>
      <trkpt lat="40.791793" lon="-73.971143">
        <ele>35.6</ele>
        <time>2026-06-16T22:55:34.000Z</time>
      </trkpt>
      <trkpt lat="40.791798" lon="-73.971155">
        <ele>35.6</ele>
        <time>2026-06-16T22:55:35.000Z</time>
      </trkpt>
      <trkpt lat="40.791803" lon="-73.971166">
        <ele>35.6</ele>
        <time>2026-06-16T22:55:36.000Z</time>
      </trkpt>
      <trkpt lat="40.791808" lon="-73.971177">
        <ele>35.6</ele>
        <time>2026-06-16T22:55:37.000Z</time>
      </trkpt>
      <trkpt lat="40.791812" lon="-73.971188">
        <ele>35.4</ele>
        <time>2026-06-16T22:55:38.000Z</time>
      </trkpt>
      <trkpt lat="40.791817" lon="-73.971199">
        <ele>35.4</ele>
        <time>2026-06-16T22:55:39.000Z</time>
      </trkpt>
      <trkpt lat="40.791822" lon="-73.971211">
        <ele>35.4</ele>
        <time>2026-06-16T22:55:40.000Z</time>
      </trkpt>
      <trkpt lat="40.791827" lon="-73.971222">
        <ele>35.4</ele>
        <time>2026-06-16T22:55:41.000Z</time>
      </trkpt>
      <trkpt lat="40.791831" lon="-73.971233">
        <ele>35.4</ele>
        <time>2026-06-16T22:55:42.000Z</time>
      </trkpt>
      <trkpt lat="40.791836" lon="-73.971245">
        <ele>35.2</ele>
        <time>2026-06-16T22:55:43.000Z</time>
      </trkpt>
      <trkpt lat="40.791841" lon="-73.971256">
        <ele>35.2</ele>
        <time>2026-06-16T22:55:44.000Z</time>
      </trkpt>
      <trkpt lat="40.791846" lon="-73.971268">
        <ele>35.2</ele>
        <time>2026-06-16T22:55:45.000Z</time>
      </trkpt>
      <trkpt lat="40.791851" lon="-73.97128">
        <ele>35.2</ele>
        <time>2026-06-16T22:55:46.000Z</time>
      </trkpt>
      <trkpt lat="40.791856" lon="-73.971292">
        <ele>35.2</ele>
        <time>2026-06-16T22:55:47.000Z</time>
      </trkpt>
      <trkpt lat="40.791861" lon="-73.971303">
        <ele>35.2</ele>
        <time>2026-06-16T22:55:48.000Z</time>
      </trkpt>
      <trkpt lat="40.791866" lon="-73.971316">
        <ele>35</ele>
        <time>2026-06-16T22:55:49.000Z</time>
      </trkpt>
      <trkpt lat="40.791872" lon="-73.971328">
        <ele>35</ele>
        <time>2026-06-16T22:55:50.000Z</time>
      </trkpt>
      <trkpt lat="40.791877" lon="-73.97134">
        <ele>35</ele>
        <time>2026-06-16T22:55:51.000Z</time>
      </trkpt>
      <trkpt lat="40.791882" lon="-73.971353">
        <ele>35</ele>
        <time>2026-06-16T22:55:52.000Z</time>
      </trkpt>
      <trkpt lat="40.791887" lon="-73.971365">
        <ele>35</ele>
        <time>2026-06-16T22:55:53.000Z</time>
      </trkpt>
      <trkpt lat="40.791893" lon="-73.971378">
        <ele>34.8</ele>
        <time>2026-06-16T22:55:54.000Z</time>
      </trkpt>
      <trkpt lat="40.791898" lon="-73.971391">
        <ele>34.8</ele>
        <time>2026-06-16T22:55:55.000Z</time>
      </trkpt>
      <trkpt lat="40.791903" lon="-73.971403">
        <ele>34.8</ele>
        <time>2026-06-16T22:55:56.000Z</time>
      </trkpt>
      <trkpt lat="40.791909" lon="-73.971415">
        <ele>34.8</ele>
        <time>2026-06-16T22:55:57.000Z</time>
      </trkpt>
      <trkpt lat="40.791914" lon="-73.971428">
        <ele>34.8</ele>
        <time>2026-06-16T22:55:58.000Z</time>
      </trkpt>
      <trkpt lat="40.791919" lon="-73.97144">
        <ele>34.6</ele>
        <time>2026-06-16T22:55:59.000Z</time>
      </trkpt>
      <trkpt lat="40.791924" lon="-73.971452">
        <ele>34.6</ele>
        <time>2026-06-16T22:56:00.000Z</time>
      </trkpt>
      <trkpt lat="40.791929" lon="-73.971464">
        <ele>34.6</ele>
        <time>2026-06-16T22:56:01.000Z</time>
      </trkpt>
      <trkpt lat="40.791934" lon="-73.971476">
        <ele>34.6</ele>
        <time>2026-06-16T22:56:02.000Z</time>
      </trkpt>
      <trkpt lat="40.79194" lon="-73.971487">
        <ele>34.4</ele>
        <time>2026-06-16T22:56:03.000Z</time>
      </trkpt>
      <trkpt lat="40.791944" lon="-73.971499">
        <ele>34.4</ele>
        <time>2026-06-16T22:56:04.000Z</time>
      </trkpt>
      <trkpt lat="40.791949" lon="-73.97151">
        <ele>34.4</ele>
        <time>2026-06-16T22:56:05.000Z</time>
      </trkpt>
      <trkpt lat="40.791954" lon="-73.971522">
        <ele>34.4</ele>
        <time>2026-06-16T22:56:06.000Z</time>
      </trkpt>
      <trkpt lat="40.791959" lon="-73.971533">
        <ele>34.4</ele>
        <time>2026-06-16T22:56:07.000Z</time>
      </trkpt>
      <trkpt lat="40.791964" lon="-73.971545">
        <ele>34.4</ele>
        <time>2026-06-16T22:56:08.000Z</time>
      </trkpt>
      <trkpt lat="40.791969" lon="-73.971556">
        <ele>34.2</ele>
        <time>2026-06-16T22:56:09.000Z</time>
      </trkpt>
      <trkpt lat="40.791974" lon="-73.971568">
        <ele>34.2</ele>
        <time>2026-06-16T22:56:10.000Z</time>
      </trkpt>
      <trkpt lat="40.791979" lon="-73.971579">
        <ele>34.2</ele>
        <time>2026-06-16T22:56:11.000Z</time>
      </trkpt>
      <trkpt lat="40.791984" lon="-73.971591">
        <ele>34.2</ele>
        <time>2026-06-16T22:56:12.000Z</time>
      </trkpt>
      <trkpt lat="40.791989" lon="-73.971603">
        <ele>34.2</ele>
        <time>2026-06-16T22:56:13.000Z</time>
      </trkpt>
      <trkpt lat="40.791994" lon="-73.971615">
        <ele>34.2</ele>
        <time>2026-06-16T22:56:14.000Z</time>
      </trkpt>
      <trkpt lat="40.792" lon="-73.971627">
        <ele>34.2</ele>
        <time>2026-06-16T22:56:15.000Z</time>
      </trkpt>
      <trkpt lat="40.792005" lon="-73.971639">
        <ele>34</ele>
        <time>2026-06-16T22:56:16.000Z</time>
      </trkpt>
      <trkpt lat="40.79201" lon="-73.971651">
        <ele>34</ele>
        <time>2026-06-16T22:56:17.000Z</time>
      </trkpt>
      <trkpt lat="40.792015" lon="-73.971663">
        <ele>34</ele>
        <time>2026-06-16T22:56:18.000Z</time>
      </trkpt>
      <trkpt lat="40.79202" lon="-73.971675">
        <ele>34</ele>
        <time>2026-06-16T22:56:19.000Z</time>
      </trkpt>
      <trkpt lat="40.792026" lon="-73.971687">
        <ele>34</ele>
        <time>2026-06-16T22:56:20.000Z</time>
      </trkpt>
      <trkpt lat="40.792031" lon="-73.9717">
        <ele>34</ele>
        <time>2026-06-16T22:56:21.000Z</time>
      </trkpt>
      <trkpt lat="40.792037" lon="-73.971712">
        <ele>34</ele>
        <time>2026-06-16T22:56:22.000Z</time>
      </trkpt>
      <trkpt lat="40.792042" lon="-73.971725">
        <ele>33.8</ele>
        <time>2026-06-16T22:56:23.000Z</time>
      </trkpt>
      <trkpt lat="40.792047" lon="-73.971737">
        <ele>33.8</ele>
        <time>2026-06-16T22:56:24.000Z</time>
      </trkpt>
      <trkpt lat="40.792053" lon="-73.971749">
        <ele>33.8</ele>
        <time>2026-06-16T22:56:25.000Z</time>
      </trkpt>
      <trkpt lat="40.792058" lon="-73.97176">
        <ele>33.8</ele>
        <time>2026-06-16T22:56:26.000Z</time>
      </trkpt>
      <trkpt lat="40.792063" lon="-73.971772">
        <ele>33.8</ele>
        <time>2026-06-16T22:56:27.000Z</time>
      </trkpt>
      <trkpt lat="40.792068" lon="-73.971784">
        <ele>33.8</ele>
        <time>2026-06-16T22:56:28.000Z</time>
      </trkpt>
      <trkpt lat="40.792073" lon="-73.971796">
        <ele>33.8</ele>
        <time>2026-06-16T22:56:29.000Z</time>
      </trkpt>
      <trkpt lat="40.792078" lon="-73.971807">
        <ele>33.8</ele>
        <time>2026-06-16T22:56:30.000Z</time>
      </trkpt>
      <trkpt lat="40.792083" lon="-73.971819">
        <ele>33.8</ele>
        <time>2026-06-16T22:56:31.000Z</time>
      </trkpt>
      <trkpt lat="40.792088" lon="-73.971831">
        <ele>33.8</ele>
        <time>2026-06-16T22:56:32.000Z</time>
      </trkpt>
      <trkpt lat="40.792094" lon="-73.971842">
        <ele>33.8</ele>
        <time>2026-06-16T22:56:33.000Z</time>
      </trkpt>
      <trkpt lat="40.792098" lon="-73.971854">
        <ele>33.8</ele>
        <time>2026-06-16T22:56:34.000Z</time>
      </trkpt>
      <trkpt lat="40.792103" lon="-73.971865">
        <ele>34</ele>
        <time>2026-06-16T22:56:35.000Z</time>
      </trkpt>
      <trkpt lat="40.792108" lon="-73.971877">
        <ele>34</ele>
        <time>2026-06-16T22:56:36.000Z</time>
      </trkpt>
      <trkpt lat="40.792113" lon="-73.971888">
        <ele>34</ele>
        <time>2026-06-16T22:56:37.000Z</time>
      </trkpt>
      <trkpt lat="40.792118" lon="-73.971899">
        <ele>34</ele>
        <time>2026-06-16T22:56:38.000Z</time>
      </trkpt>
      <trkpt lat="40.792123" lon="-73.97191">
        <ele>34</ele>
        <time>2026-06-16T22:56:39.000Z</time>
      </trkpt>
      <trkpt lat="40.792128" lon="-73.971921">
        <ele>34</ele>
        <time>2026-06-16T22:56:40.000Z</time>
      </trkpt>
      <trkpt lat="40.792132" lon="-73.971932">
        <ele>34</ele>
        <time>2026-06-16T22:56:41.000Z</time>
      </trkpt>
      <trkpt lat="40.792137" lon="-73.971943">
        <ele>34</ele>
        <time>2026-06-16T22:56:42.000Z</time>
      </trkpt>
      <trkpt lat="40.792142" lon="-73.971953">
        <ele>33.8</ele>
        <time>2026-06-16T22:56:43.000Z</time>
      </trkpt>
      <trkpt lat="40.792146" lon="-73.971963">
        <ele>33.8</ele>
        <time>2026-06-16T22:56:44.000Z</time>
      </trkpt>
      <trkpt lat="40.792151" lon="-73.971973">
        <ele>33.8</ele>
        <time>2026-06-16T22:56:45.000Z</time>
      </trkpt>
      <trkpt lat="40.792155" lon="-73.971982">
        <ele>33.8</ele>
        <time>2026-06-16T22:56:46.000Z</time>
      </trkpt>
      <trkpt lat="40.792159" lon="-73.971992">
        <ele>33.8</ele>
        <time>2026-06-16T22:56:47.000Z</time>
      </trkpt>
      <trkpt lat="40.792164" lon="-73.972002">
        <ele>33.8</ele>
        <time>2026-06-16T22:56:48.000Z</time>
      </trkpt>
      <trkpt lat="40.792168" lon="-73.972012">
        <ele>33.8</ele>
        <time>2026-06-16T22:56:49.000Z</time>
      </trkpt>
      <trkpt lat="40.792173" lon="-73.972021">
        <ele>33.8</ele>
        <time>2026-06-16T22:56:50.000Z</time>
      </trkpt>
      <trkpt lat="40.792177" lon="-73.972031">
        <ele>33.8</ele>
        <time>2026-06-16T22:56:51.000Z</time>
      </trkpt>
      <trkpt lat="40.792181" lon="-73.97204">
        <ele>33.8</ele>
        <time>2026-06-16T22:56:52.000Z</time>
      </trkpt>
      <trkpt lat="40.792186" lon="-73.97205">
        <ele>33.8</ele>
        <time>2026-06-16T22:56:53.000Z</time>
      </trkpt>
      <trkpt lat="40.79219" lon="-73.97206">
        <ele>33.8</ele>
        <time>2026-06-16T22:56:54.000Z</time>
      </trkpt>
      <trkpt lat="40.792194" lon="-73.97207">
        <ele>33.8</ele>
        <time>2026-06-16T22:56:55.000Z</time>
      </trkpt>
      <trkpt lat="40.792199" lon="-73.97208">
        <ele>33.6</ele>
        <time>2026-06-16T22:56:56.000Z</time>
      </trkpt>
      <trkpt lat="40.792203" lon="-73.97209">
        <ele>33.6</ele>
        <time>2026-06-16T22:56:57.000Z</time>
      </trkpt>
      <trkpt lat="40.792208" lon="-73.972101">
        <ele>33.6</ele>
        <time>2026-06-16T22:56:58.000Z</time>
      </trkpt>
      <trkpt lat="40.792212" lon="-73.972111">
        <ele>33.6</ele>
        <time>2026-06-16T22:56:59.000Z</time>
      </trkpt>
      <trkpt lat="40.792217" lon="-73.972122">
        <ele>33.4</ele>
        <time>2026-06-16T22:57:00.000Z</time>
      </trkpt>
      <trkpt lat="40.792222" lon="-73.972133">
        <ele>33.4</ele>
        <time>2026-06-16T22:57:01.000Z</time>
      </trkpt>
      <trkpt lat="40.792226" lon="-73.972143">
        <ele>33.4</ele>
        <time>2026-06-16T22:57:02.000Z</time>
      </trkpt>
      <trkpt lat="40.792231" lon="-73.972154">
        <ele>33.2</ele>
        <time>2026-06-16T22:57:03.000Z</time>
      </trkpt>
      <trkpt lat="40.792236" lon="-73.972165">
        <ele>33.2</ele>
        <time>2026-06-16T22:57:04.000Z</time>
      </trkpt>
      <trkpt lat="40.792243" lon="-73.972181">
        <ele>33.2</ele>
        <time>2026-06-16T22:57:05.000Z</time>
      </trkpt>
      <trkpt lat="40.792245" lon="-73.972187">
        <ele>33</ele>
        <time>2026-06-16T22:57:06.000Z</time>
      </trkpt>
      <trkpt lat="40.79225" lon="-73.972198">
        <ele>33</ele>
        <time>2026-06-16T22:57:07.000Z</time>
      </trkpt>
      <trkpt lat="40.792255" lon="-73.972208">
        <ele>32.8</ele>
        <time>2026-06-16T22:57:08.000Z</time>
      </trkpt>
      <trkpt lat="40.792261" lon="-73.972219">
        <ele>32.8</ele>
        <time>2026-06-16T22:57:09.000Z</time>
      </trkpt>
      <trkpt lat="40.792266" lon="-73.97223">
        <ele>32.8</ele>
        <time>2026-06-16T22:57:10.000Z</time>
      </trkpt>
      <trkpt lat="40.792271" lon="-73.972241">
        <ele>32.6</ele>
        <time>2026-06-16T22:57:11.000Z</time>
      </trkpt>
      <trkpt lat="40.792277" lon="-73.972253">
        <ele>32.6</ele>
        <time>2026-06-16T22:57:12.000Z</time>
      </trkpt>
      <trkpt lat="40.792283" lon="-73.972265">
        <ele>32.6</ele>
        <time>2026-06-16T22:57:13.000Z</time>
      </trkpt>
      <trkpt lat="40.792289" lon="-73.972277">
        <ele>32.6</ele>
        <time>2026-06-16T22:57:14.000Z</time>
      </trkpt>
      <trkpt lat="40.792295" lon="-73.97229">
        <ele>32.4</ele>
        <time>2026-06-16T22:57:15.000Z</time>
      </trkpt>
      <trkpt lat="40.792302" lon="-73.972303">
        <ele>32.4</ele>
        <time>2026-06-16T22:57:16.000Z</time>
      </trkpt>
      <trkpt lat="40.792308" lon="-73.972316">
        <ele>32.4</ele>
        <time>2026-06-16T22:57:17.000Z</time>
      </trkpt>
      <trkpt lat="40.792315" lon="-73.97233">
        <ele>32.2</ele>
        <time>2026-06-16T22:57:18.000Z</time>
      </trkpt>
      <trkpt lat="40.792321" lon="-73.972343">
        <ele>32.2</ele>
        <time>2026-06-16T22:57:19.000Z</time>
      </trkpt>
      <trkpt lat="40.792328" lon="-73.972357">
        <ele>32.2</ele>
        <time>2026-06-16T22:57:20.000Z</time>
      </trkpt>
      <trkpt lat="40.792335" lon="-73.972371">
        <ele>32</ele>
        <time>2026-06-16T22:57:21.000Z</time>
      </trkpt>
      <trkpt lat="40.792341" lon="-73.972385">
        <ele>32</ele>
        <time>2026-06-16T22:57:22.000Z</time>
      </trkpt>
      <trkpt lat="40.792348" lon="-73.972399">
        <ele>32</ele>
        <time>2026-06-16T22:57:23.000Z</time>
      </trkpt>
      <trkpt lat="40.792354" lon="-73.972414">
        <ele>31.8</ele>
        <time>2026-06-16T22:57:24.000Z</time>
      </trkpt>
      <trkpt lat="40.792365" lon="-73.972439">
        <ele>31.8</ele>
        <time>2026-06-16T22:57:25.000Z</time>
      </trkpt>
      <trkpt lat="40.792369" lon="-73.97245">
        <ele>31.8</ele>
        <time>2026-06-16T22:57:26.000Z</time>
      </trkpt>
      <trkpt lat="40.792373" lon="-73.97246">
        <ele>31.6</ele>
        <time>2026-06-16T22:57:27.000Z</time>
      </trkpt>
      <trkpt lat="40.79238" lon="-73.972475">
        <ele>31.6</ele>
        <time>2026-06-16T22:57:28.000Z</time>
      </trkpt>
      <trkpt lat="40.792386" lon="-73.972491">
        <ele>31.6</ele>
        <time>2026-06-16T22:57:29.000Z</time>
      </trkpt>
      <trkpt lat="40.792392" lon="-73.972507">
        <ele>31.6</ele>
        <time>2026-06-16T22:57:30.000Z</time>
      </trkpt>
      <trkpt lat="40.792398" lon="-73.972522">
        <ele>31.6</ele>
        <time>2026-06-16T22:57:31.000Z</time>
      </trkpt>
      <trkpt lat="40.792404" lon="-73.972537">
        <ele>31.4</ele>
        <time>2026-06-16T22:57:32.000Z</time>
      </trkpt>
      <trkpt lat="40.79241" lon="-73.972552">
        <ele>31.4</ele>
        <time>2026-06-16T22:57:33.000Z</time>
      </trkpt>
      <trkpt lat="40.792416" lon="-73.972566">
        <ele>31.4</ele>
        <time>2026-06-16T22:57:34.000Z</time>
      </trkpt>
      <trkpt lat="40.792422" lon="-73.972581">
        <ele>31.4</ele>
        <time>2026-06-16T22:57:35.000Z</time>
      </trkpt>
      <trkpt lat="40.792428" lon="-73.972595">
        <ele>31.4</ele>
        <time>2026-06-16T22:57:36.000Z</time>
      </trkpt>
      <trkpt lat="40.792434" lon="-73.972609">
        <ele>31.4</ele>
        <time>2026-06-16T22:57:37.000Z</time>
      </trkpt>
      <trkpt lat="40.79244" lon="-73.972623">
        <ele>31.4</ele>
        <time>2026-06-16T22:57:38.000Z</time>
      </trkpt>
      <trkpt lat="40.792446" lon="-73.972637">
        <ele>31.2</ele>
        <time>2026-06-16T22:57:39.000Z</time>
      </trkpt>
      <trkpt lat="40.792452" lon="-73.97265">
        <ele>31.2</ele>
        <time>2026-06-16T22:57:40.000Z</time>
      </trkpt>
      <trkpt lat="40.792458" lon="-73.972664">
        <ele>31.2</ele>
        <time>2026-06-16T22:57:41.000Z</time>
      </trkpt>
      <trkpt lat="40.792464" lon="-73.972677">
        <ele>31.2</ele>
        <time>2026-06-16T22:57:42.000Z</time>
      </trkpt>
      <trkpt lat="40.792469" lon="-73.972691">
        <ele>31.2</ele>
        <time>2026-06-16T22:57:43.000Z</time>
      </trkpt>
      <trkpt lat="40.792475" lon="-73.972704">
        <ele>31.2</ele>
        <time>2026-06-16T22:57:44.000Z</time>
      </trkpt>
      <trkpt lat="40.792481" lon="-73.972717">
        <ele>31.2</ele>
        <time>2026-06-16T22:57:45.000Z</time>
      </trkpt>
      <trkpt lat="40.79249" lon="-73.972739">
        <ele>31.2</ele>
        <time>2026-06-16T22:57:46.000Z</time>
      </trkpt>
      <trkpt lat="40.792494" lon="-73.972749">
        <ele>31.2</ele>
        <time>2026-06-16T22:57:47.000Z</time>
      </trkpt>
      <trkpt lat="40.792498" lon="-73.972758">
        <ele>31.2</ele>
        <time>2026-06-16T22:57:48.000Z</time>
      </trkpt>
      <trkpt lat="40.792503" lon="-73.972771">
        <ele>31.2</ele>
        <time>2026-06-16T22:57:49.000Z</time>
      </trkpt>
      <trkpt lat="40.792508" lon="-73.972785">
        <ele>31</ele>
        <time>2026-06-16T22:57:50.000Z</time>
      </trkpt>
      <trkpt lat="40.792514" lon="-73.972799">
        <ele>31</ele>
        <time>2026-06-16T22:57:51.000Z</time>
      </trkpt>
      <trkpt lat="40.792519" lon="-73.972812">
        <ele>31</ele>
        <time>2026-06-16T22:57:52.000Z</time>
      </trkpt>
      <trkpt lat="40.792524" lon="-73.972826">
        <ele>31</ele>
        <time>2026-06-16T22:57:53.000Z</time>
      </trkpt>
      <trkpt lat="40.792529" lon="-73.972839">
        <ele>31</ele>
        <time>2026-06-16T22:57:54.000Z</time>
      </trkpt>
      <trkpt lat="40.792533" lon="-73.972853">
        <ele>30.8</ele>
        <time>2026-06-16T22:57:55.000Z</time>
      </trkpt>
      <trkpt lat="40.792538" lon="-73.972866">
        <ele>30.8</ele>
        <time>2026-06-16T22:57:56.000Z</time>
      </trkpt>
      <trkpt lat="40.792543" lon="-73.972879">
        <ele>30.8</ele>
        <time>2026-06-16T22:57:57.000Z</time>
      </trkpt>
      <trkpt lat="40.792547" lon="-73.972892">
        <ele>30.8</ele>
        <time>2026-06-16T22:57:58.000Z</time>
      </trkpt>
      <trkpt lat="40.792552" lon="-73.972906">
        <ele>30.8</ele>
        <time>2026-06-16T22:57:59.000Z</time>
      </trkpt>
      <trkpt lat="40.792557" lon="-73.972919">
        <ele>30.6</ele>
        <time>2026-06-16T22:58:00.000Z</time>
      </trkpt>
      <trkpt lat="40.792562" lon="-73.972932">
        <ele>30.6</ele>
        <time>2026-06-16T22:58:01.000Z</time>
      </trkpt>
      <trkpt lat="40.792567" lon="-73.972945">
        <ele>30.6</ele>
        <time>2026-06-16T22:58:02.000Z</time>
      </trkpt>
      <trkpt lat="40.792571" lon="-73.972958">
        <ele>30.6</ele>
        <time>2026-06-16T22:58:03.000Z</time>
      </trkpt>
      <trkpt lat="40.792576" lon="-73.97297">
        <ele>30.4</ele>
        <time>2026-06-16T22:58:04.000Z</time>
      </trkpt>
      <trkpt lat="40.792581" lon="-73.972982">
        <ele>30.4</ele>
        <time>2026-06-16T22:58:05.000Z</time>
      </trkpt>
      <trkpt lat="40.792585" lon="-73.972994">
        <ele>30.4</ele>
        <time>2026-06-16T22:58:06.000Z</time>
      </trkpt>
      <trkpt lat="40.79259" lon="-73.973006">
        <ele>30.4</ele>
        <time>2026-06-16T22:58:07.000Z</time>
      </trkpt>
      <trkpt lat="40.792594" lon="-73.973017">
        <ele>30.4</ele>
        <time>2026-06-16T22:58:08.000Z</time>
      </trkpt>
      <trkpt lat="40.792598" lon="-73.973028">
        <ele>30.4</ele>
        <time>2026-06-16T22:58:09.000Z</time>
      </trkpt>
      <trkpt lat="40.792603" lon="-73.973038">
        <ele>30.2</ele>
        <time>2026-06-16T22:58:10.000Z</time>
      </trkpt>
      <trkpt lat="40.792607" lon="-73.973049">
        <ele>30.2</ele>
        <time>2026-06-16T22:58:11.000Z</time>
      </trkpt>
      <trkpt lat="40.792611" lon="-73.973059">
        <ele>30.2</ele>
        <time>2026-06-16T22:58:12.000Z</time>
      </trkpt>
      <trkpt lat="40.792615" lon="-73.973069">
        <ele>30.2</ele>
        <time>2026-06-16T22:58:13.000Z</time>
      </trkpt>
      <trkpt lat="40.792619" lon="-73.97308">
        <ele>30.2</ele>
        <time>2026-06-16T22:58:14.000Z</time>
      </trkpt>
      <trkpt lat="40.792624" lon="-73.973091">
        <ele>30</ele>
        <time>2026-06-16T22:58:15.000Z</time>
      </trkpt>
      <trkpt lat="40.792628" lon="-73.973102">
        <ele>30</ele>
        <time>2026-06-16T22:58:16.000Z</time>
      </trkpt>
      <trkpt lat="40.792633" lon="-73.973114">
        <ele>30</ele>
        <time>2026-06-16T22:58:17.000Z</time>
      </trkpt>
      <trkpt lat="40.792638" lon="-73.973126">
        <ele>30</ele>
        <time>2026-06-16T22:58:18.000Z</time>
      </trkpt>
      <trkpt lat="40.792643" lon="-73.973138">
        <ele>30</ele>
        <time>2026-06-16T22:58:19.000Z</time>
      </trkpt>
      <trkpt lat="40.792648" lon="-73.973151">
        <ele>30</ele>
        <time>2026-06-16T22:58:20.000Z</time>
      </trkpt>
      <trkpt lat="40.792654" lon="-73.973164">
        <ele>30</ele>
        <time>2026-06-16T22:58:21.000Z</time>
      </trkpt>
      <trkpt lat="40.792663" lon="-73.973186">
        <ele>30</ele>
        <time>2026-06-16T22:58:22.000Z</time>
      </trkpt>
      <trkpt lat="40.792666" lon="-73.973195">
        <ele>30</ele>
        <time>2026-06-16T22:58:23.000Z</time>
      </trkpt>
      <trkpt lat="40.79267" lon="-73.973204">
        <ele>30</ele>
        <time>2026-06-16T22:58:24.000Z</time>
      </trkpt>
      <trkpt lat="40.792676" lon="-73.973217">
        <ele>30</ele>
        <time>2026-06-16T22:58:25.000Z</time>
      </trkpt>
      <trkpt lat="40.792681" lon="-73.973231">
        <ele>30.2</ele>
        <time>2026-06-16T22:58:26.000Z</time>
      </trkpt>
      <trkpt lat="40.792687" lon="-73.973244">
        <ele>30.2</ele>
        <time>2026-06-16T22:58:27.000Z</time>
      </trkpt>
      <trkpt lat="40.792692" lon="-73.973257">
        <ele>30.2</ele>
        <time>2026-06-16T22:58:28.000Z</time>
      </trkpt>
      <trkpt lat="40.792698" lon="-73.973271">
        <ele>30.2</ele>
        <time>2026-06-16T22:58:29.000Z</time>
      </trkpt>
      <trkpt lat="40.792704" lon="-73.973284">
        <ele>30.2</ele>
        <time>2026-06-16T22:58:30.000Z</time>
      </trkpt>
      <trkpt lat="40.792709" lon="-73.973297">
        <ele>30.2</ele>
        <time>2026-06-16T22:58:31.000Z</time>
      </trkpt>
      <trkpt lat="40.792715" lon="-73.97331">
        <ele>30.2</ele>
        <time>2026-06-16T22:58:32.000Z</time>
      </trkpt>
      <trkpt lat="40.79272" lon="-73.973323">
        <ele>30.2</ele>
        <time>2026-06-16T22:58:33.000Z</time>
      </trkpt>
      <trkpt lat="40.792725" lon="-73.973336">
        <ele>30.2</ele>
        <time>2026-06-16T22:58:34.000Z</time>
      </trkpt>
      <trkpt lat="40.792731" lon="-73.973349">
        <ele>30.2</ele>
        <time>2026-06-16T22:58:35.000Z</time>
      </trkpt>
      <trkpt lat="40.792736" lon="-73.973361">
        <ele>30.2</ele>
        <time>2026-06-16T22:58:36.000Z</time>
      </trkpt>
      <trkpt lat="40.792741" lon="-73.973373">
        <ele>30.2</ele>
        <time>2026-06-16T22:58:37.000Z</time>
      </trkpt>
      <trkpt lat="40.792746" lon="-73.973385">
        <ele>30.2</ele>
        <time>2026-06-16T22:58:38.000Z</time>
      </trkpt>
      <trkpt lat="40.792751" lon="-73.973397">
        <ele>30</ele>
        <time>2026-06-16T22:58:39.000Z</time>
      </trkpt>
      <trkpt lat="40.792755" lon="-73.973408">
        <ele>30</ele>
        <time>2026-06-16T22:58:40.000Z</time>
      </trkpt>
      <trkpt lat="40.79276" lon="-73.973419">
        <ele>30</ele>
        <time>2026-06-16T22:58:41.000Z</time>
      </trkpt>
      <trkpt lat="40.792765" lon="-73.97343">
        <ele>30</ele>
        <time>2026-06-16T22:58:42.000Z</time>
      </trkpt>
      <trkpt lat="40.792769" lon="-73.973441">
        <ele>30</ele>
        <time>2026-06-16T22:58:43.000Z</time>
      </trkpt>
      <trkpt lat="40.792774" lon="-73.973453">
        <ele>30</ele>
        <time>2026-06-16T22:58:44.000Z</time>
      </trkpt>
      <trkpt lat="40.792779" lon="-73.973465">
        <ele>30</ele>
        <time>2026-06-16T22:58:45.000Z</time>
      </trkpt>
      <trkpt lat="40.792784" lon="-73.973476">
        <ele>29.8</ele>
        <time>2026-06-16T22:58:46.000Z</time>
      </trkpt>
      <trkpt lat="40.792789" lon="-73.973488">
        <ele>29.8</ele>
        <time>2026-06-16T22:58:47.000Z</time>
      </trkpt>
      <trkpt lat="40.792794" lon="-73.9735">
        <ele>29.8</ele>
        <time>2026-06-16T22:58:48.000Z</time>
      </trkpt>
      <trkpt lat="40.792799" lon="-73.973512">
        <ele>29.8</ele>
        <time>2026-06-16T22:58:49.000Z</time>
      </trkpt>
      <trkpt lat="40.792804" lon="-73.973525">
        <ele>29.8</ele>
        <time>2026-06-16T22:58:50.000Z</time>
      </trkpt>
      <trkpt lat="40.792809" lon="-73.973537">
        <ele>29.8</ele>
        <time>2026-06-16T22:58:51.000Z</time>
      </trkpt>
      <trkpt lat="40.792814" lon="-73.97355">
        <ele>29.8</ele>
        <time>2026-06-16T22:58:52.000Z</time>
      </trkpt>
      <trkpt lat="40.79282" lon="-73.973563">
        <ele>29.8</ele>
        <time>2026-06-16T22:58:53.000Z</time>
      </trkpt>
      <trkpt lat="40.792825" lon="-73.973576">
        <ele>29.8</ele>
        <time>2026-06-16T22:58:54.000Z</time>
      </trkpt>
      <trkpt lat="40.792831" lon="-73.973589">
        <ele>29.8</ele>
        <time>2026-06-16T22:58:55.000Z</time>
      </trkpt>
      <trkpt lat="40.792836" lon="-73.973601">
        <ele>29.6</ele>
        <time>2026-06-16T22:58:56.000Z</time>
      </trkpt>
      <trkpt lat="40.792841" lon="-73.973614">
        <ele>29.6</ele>
        <time>2026-06-16T22:58:57.000Z</time>
      </trkpt>
      <trkpt lat="40.792847" lon="-73.973627">
        <ele>29.6</ele>
        <time>2026-06-16T22:58:58.000Z</time>
      </trkpt>
      <trkpt lat="40.792852" lon="-73.97364">
        <ele>29.6</ele>
        <time>2026-06-16T22:58:59.000Z</time>
      </trkpt>
      <trkpt lat="40.792857" lon="-73.973652">
        <ele>29.6</ele>
        <time>2026-06-16T22:59:00.000Z</time>
      </trkpt>
      <trkpt lat="40.792862" lon="-73.973665">
        <ele>29.4</ele>
        <time>2026-06-16T22:59:01.000Z</time>
      </trkpt>
      <trkpt lat="40.792868" lon="-73.973677">
        <ele>29.4</ele>
        <time>2026-06-16T22:59:02.000Z</time>
      </trkpt>
      <trkpt lat="40.792873" lon="-73.973689">
        <ele>29.4</ele>
        <time>2026-06-16T22:59:03.000Z</time>
      </trkpt>
      <trkpt lat="40.792878" lon="-73.973702">
        <ele>29.4</ele>
        <time>2026-06-16T22:59:04.000Z</time>
      </trkpt>
      <trkpt lat="40.792883" lon="-73.973714">
        <ele>29.2</ele>
        <time>2026-06-16T22:59:05.000Z</time>
      </trkpt>
      <trkpt lat="40.792888" lon="-73.973726">
        <ele>29.2</ele>
        <time>2026-06-16T22:59:06.000Z</time>
      </trkpt>
      <trkpt lat="40.792893" lon="-73.973738">
        <ele>29.2</ele>
        <time>2026-06-16T22:59:07.000Z</time>
      </trkpt>
      <trkpt lat="40.792901" lon="-73.973758">
        <ele>29.2</ele>
        <time>2026-06-16T22:59:08.000Z</time>
      </trkpt>
      <trkpt lat="40.792905" lon="-73.973765">
        <ele>29</ele>
        <time>2026-06-16T22:59:09.000Z</time>
      </trkpt>
      <trkpt lat="40.792908" lon="-73.973773">
        <ele>29</ele>
        <time>2026-06-16T22:59:10.000Z</time>
      </trkpt>
      <trkpt lat="40.792913" lon="-73.973784">
        <ele>29</ele>
        <time>2026-06-16T22:59:11.000Z</time>
      </trkpt>
      <trkpt lat="40.792917" lon="-73.973796">
        <ele>29</ele>
        <time>2026-06-16T22:59:12.000Z</time>
      </trkpt>
      <trkpt lat="40.792922" lon="-73.973807">
        <ele>28.8</ele>
        <time>2026-06-16T22:59:13.000Z</time>
      </trkpt>
      <trkpt lat="40.792927" lon="-73.973819">
        <ele>28.8</ele>
        <time>2026-06-16T22:59:14.000Z</time>
      </trkpt>
      <trkpt lat="40.792932" lon="-73.97383">
        <ele>28.8</ele>
        <time>2026-06-16T22:59:15.000Z</time>
      </trkpt>
      <trkpt lat="40.79294" lon="-73.97385">
        <ele>28.8</ele>
        <time>2026-06-16T22:59:16.000Z</time>
      </trkpt>
      <trkpt lat="40.792944" lon="-73.973858">
        <ele>28.6</ele>
        <time>2026-06-16T22:59:17.000Z</time>
      </trkpt>
      <trkpt lat="40.792947" lon="-73.973866">
        <ele>28.6</ele>
        <time>2026-06-16T22:59:18.000Z</time>
      </trkpt>
      <trkpt lat="40.792952" lon="-73.973878">
        <ele>28.6</ele>
        <time>2026-06-16T22:59:19.000Z</time>
      </trkpt>
      <trkpt lat="40.792957" lon="-73.97389">
        <ele>28.4</ele>
        <time>2026-06-16T22:59:20.000Z</time>
      </trkpt>
      <trkpt lat="40.792962" lon="-73.973903">
        <ele>28.4</ele>
        <time>2026-06-16T22:59:21.000Z</time>
      </trkpt>
      <trkpt lat="40.792968" lon="-73.973915">
        <ele>28.4</ele>
        <time>2026-06-16T22:59:22.000Z</time>
      </trkpt>
      <trkpt lat="40.792973" lon="-73.973927">
        <ele>28.2</ele>
        <time>2026-06-16T22:59:23.000Z</time>
      </trkpt>
      <trkpt lat="40.792978" lon="-73.97394">
        <ele>28.2</ele>
        <time>2026-06-16T22:59:24.000Z</time>
      </trkpt>
      <trkpt lat="40.792983" lon="-73.973952">
        <ele>28.2</ele>
        <time>2026-06-16T22:59:25.000Z</time>
      </trkpt>
      <trkpt lat="40.792989" lon="-73.973965">
        <ele>28</ele>
        <time>2026-06-16T22:59:26.000Z</time>
      </trkpt>
      <trkpt lat="40.792994" lon="-73.973977">
        <ele>28</ele>
        <time>2026-06-16T22:59:27.000Z</time>
      </trkpt>
      <trkpt lat="40.792999" lon="-73.973989">
        <ele>28</ele>
        <time>2026-06-16T22:59:28.000Z</time>
      </trkpt>
      <trkpt lat="40.793004" lon="-73.974002">
        <ele>27.8</ele>
        <time>2026-06-16T22:59:29.000Z</time>
      </trkpt>
      <trkpt lat="40.793009" lon="-73.974014">
        <ele>27.8</ele>
        <time>2026-06-16T22:59:30.000Z</time>
      </trkpt>
      <trkpt lat="40.793015" lon="-73.974026">
        <ele>27.8</ele>
        <time>2026-06-16T22:59:31.000Z</time>
      </trkpt>
      <trkpt lat="40.79302" lon="-73.974038">
        <ele>27.6</ele>
        <time>2026-06-16T22:59:32.000Z</time>
      </trkpt>
      <trkpt lat="40.793025" lon="-73.974051">
        <ele>27.6</ele>
        <time>2026-06-16T22:59:33.000Z</time>
      </trkpt>
      <trkpt lat="40.79303" lon="-73.974063">
        <ele>27.6</ele>
        <time>2026-06-16T22:59:34.000Z</time>
      </trkpt>
      <trkpt lat="40.793035" lon="-73.974075">
        <ele>27.4</ele>
        <time>2026-06-16T22:59:35.000Z</time>
      </trkpt>
      <trkpt lat="40.79304" lon="-73.974088">
        <ele>27.4</ele>
        <time>2026-06-16T22:59:36.000Z</time>
      </trkpt>
      <trkpt lat="40.793046" lon="-73.9741">
        <ele>27.4</ele>
        <time>2026-06-16T22:59:37.000Z</time>
      </trkpt>
      <trkpt lat="40.793051" lon="-73.974113">
        <ele>27.4</ele>
        <time>2026-06-16T22:59:38.000Z</time>
      </trkpt>
      <trkpt lat="40.793056" lon="-73.974125">
        <ele>27.2</ele>
        <time>2026-06-16T22:59:39.000Z</time>
      </trkpt>
      <trkpt lat="40.793062" lon="-73.974138">
        <ele>27.2</ele>
        <time>2026-06-16T22:59:40.000Z</time>
      </trkpt>
      <trkpt lat="40.793067" lon="-73.974151">
        <ele>27.2</ele>
        <time>2026-06-16T22:59:41.000Z</time>
      </trkpt>
      <trkpt lat="40.793072" lon="-73.974164">
        <ele>27</ele>
        <time>2026-06-16T22:59:42.000Z</time>
      </trkpt>
      <trkpt lat="40.793078" lon="-73.974176">
        <ele>27</ele>
        <time>2026-06-16T22:59:43.000Z</time>
      </trkpt>
      <trkpt lat="40.793083" lon="-73.974189">
        <ele>27</ele>
        <time>2026-06-16T22:59:44.000Z</time>
      </trkpt>
      <trkpt lat="40.793088" lon="-73.974202">
        <ele>26.8</ele>
        <time>2026-06-16T22:59:45.000Z</time>
      </trkpt>
      <trkpt lat="40.793094" lon="-73.974214">
        <ele>26.8</ele>
        <time>2026-06-16T22:59:46.000Z</time>
      </trkpt>
      <trkpt lat="40.793099" lon="-73.974227">
        <ele>26.8</ele>
        <time>2026-06-16T22:59:47.000Z</time>
      </trkpt>
      <trkpt lat="40.793104" lon="-73.97424">
        <ele>26.6</ele>
        <time>2026-06-16T22:59:48.000Z</time>
      </trkpt>
      <trkpt lat="40.79311" lon="-73.974252">
        <ele>26.6</ele>
        <time>2026-06-16T22:59:49.000Z</time>
      </trkpt>
      <trkpt lat="40.793115" lon="-73.974265">
        <ele>26.6</ele>
        <time>2026-06-16T22:59:50.000Z</time>
      </trkpt>
      <trkpt lat="40.79312" lon="-73.974278">
        <ele>26.4</ele>
        <time>2026-06-16T22:59:51.000Z</time>
      </trkpt>
      <trkpt lat="40.793126" lon="-73.97429">
        <ele>26.4</ele>
        <time>2026-06-16T22:59:52.000Z</time>
      </trkpt>
      <trkpt lat="40.793131" lon="-73.974303">
        <ele>26.4</ele>
        <time>2026-06-16T22:59:53.000Z</time>
      </trkpt>
      <trkpt lat="40.793136" lon="-73.974315">
        <ele>26.4</ele>
        <time>2026-06-16T22:59:54.000Z</time>
      </trkpt>
      <trkpt lat="40.793141" lon="-73.974328">
        <ele>26.2</ele>
        <time>2026-06-16T22:59:55.000Z</time>
      </trkpt>
      <trkpt lat="40.793147" lon="-73.97434">
        <ele>26.2</ele>
        <time>2026-06-16T22:59:56.000Z</time>
      </trkpt>
      <trkpt lat="40.793152" lon="-73.974353">
        <ele>26.2</ele>
        <time>2026-06-16T22:59:57.000Z</time>
      </trkpt>
      <trkpt lat="40.793157" lon="-73.974365">
        <ele>26.2</ele>
        <time>2026-06-16T22:59:58.000Z</time>
      </trkpt>
      <trkpt lat="40.793163" lon="-73.974378">
        <ele>26</ele>
        <time>2026-06-16T22:59:59.000Z</time>
      </trkpt>
      <trkpt lat="40.793168" lon="-73.974391">
        <ele>26</ele>
        <time>2026-06-16T23:00:00.000Z</time>
      </trkpt>
      <trkpt lat="40.793174" lon="-73.974404">
        <ele>26</ele>
        <time>2026-06-16T23:00:01.000Z</time>
      </trkpt>
      <trkpt lat="40.793179" lon="-73.974417">
        <ele>26</ele>
        <time>2026-06-16T23:00:02.000Z</time>
      </trkpt>
      <trkpt lat="40.793184" lon="-73.97443">
        <ele>25.8</ele>
        <time>2026-06-16T23:00:03.000Z</time>
      </trkpt>
      <trkpt lat="40.79319" lon="-73.974443">
        <ele>25.8</ele>
        <time>2026-06-16T23:00:04.000Z</time>
      </trkpt>
      <trkpt lat="40.793195" lon="-73.974456">
        <ele>25.8</ele>
        <time>2026-06-16T23:00:05.000Z</time>
      </trkpt>
      <trkpt lat="40.793201" lon="-73.974469">
        <ele>25.6</ele>
        <time>2026-06-16T23:00:06.000Z</time>
      </trkpt>
      <trkpt lat="40.793206" lon="-73.974481">
        <ele>25.6</ele>
        <time>2026-06-16T23:00:07.000Z</time>
      </trkpt>
      <trkpt lat="40.793212" lon="-73.974494">
        <ele>25.6</ele>
        <time>2026-06-16T23:00:08.000Z</time>
      </trkpt>
      <trkpt lat="40.793217" lon="-73.974507">
        <ele>25.6</ele>
        <time>2026-06-16T23:00:09.000Z</time>
      </trkpt>
      <trkpt lat="40.793222" lon="-73.974519">
        <ele>25.4</ele>
        <time>2026-06-16T23:00:10.000Z</time>
      </trkpt>
      <trkpt lat="40.793228" lon="-73.974531">
        <ele>25.4</ele>
        <time>2026-06-16T23:00:11.000Z</time>
      </trkpt>
      <trkpt lat="40.793233" lon="-73.974544">
        <ele>25.4</ele>
        <time>2026-06-16T23:00:12.000Z</time>
      </trkpt>
      <trkpt lat="40.793238" lon="-73.974555">
        <ele>25.4</ele>
        <time>2026-06-16T23:00:13.000Z</time>
      </trkpt>
      <trkpt lat="40.793243" lon="-73.974567">
        <ele>25.4</ele>
        <time>2026-06-16T23:00:14.000Z</time>
      </trkpt>
      <trkpt lat="40.793247" lon="-73.974578">
        <ele>25.4</ele>
        <time>2026-06-16T23:00:15.000Z</time>
      </trkpt>
      <trkpt lat="40.793252" lon="-73.97459">
        <ele>25.4</ele>
        <time>2026-06-16T23:00:16.000Z</time>
      </trkpt>
      <trkpt lat="40.793257" lon="-73.974601">
        <ele>25.4</ele>
        <time>2026-06-16T23:00:17.000Z</time>
      </trkpt>
      <trkpt lat="40.793262" lon="-73.974613">
        <ele>25.4</ele>
        <time>2026-06-16T23:00:18.000Z</time>
      </trkpt>
      <trkpt lat="40.793267" lon="-73.974624">
        <ele>25.4</ele>
        <time>2026-06-16T23:00:19.000Z</time>
      </trkpt>
      <trkpt lat="40.793272" lon="-73.974636">
        <ele>25.4</ele>
        <time>2026-06-16T23:00:20.000Z</time>
      </trkpt>
      <trkpt lat="40.793277" lon="-73.974648">
        <ele>25.4</ele>
        <time>2026-06-16T23:00:21.000Z</time>
      </trkpt>
      <trkpt lat="40.793282" lon="-73.974659">
        <ele>25.4</ele>
        <time>2026-06-16T23:00:22.000Z</time>
      </trkpt>
      <trkpt lat="40.793287" lon="-73.97467">
        <ele>25.4</ele>
        <time>2026-06-16T23:00:23.000Z</time>
      </trkpt>
      <trkpt lat="40.793291" lon="-73.974681">
        <ele>25.4</ele>
        <time>2026-06-16T23:00:24.000Z</time>
      </trkpt>
      <trkpt lat="40.793296" lon="-73.974692">
        <ele>25.4</ele>
        <time>2026-06-16T23:00:25.000Z</time>
      </trkpt>
      <trkpt lat="40.793301" lon="-73.974703">
        <ele>25.4</ele>
        <time>2026-06-16T23:00:26.000Z</time>
      </trkpt>
      <trkpt lat="40.793305" lon="-73.974713">
        <ele>25.4</ele>
        <time>2026-06-16T23:00:27.000Z</time>
      </trkpt>
      <trkpt lat="40.793309" lon="-73.974723">
        <ele>25.4</ele>
        <time>2026-06-16T23:00:28.000Z</time>
      </trkpt>
      <trkpt lat="40.793313" lon="-73.974733">
        <ele>25.4</ele>
        <time>2026-06-16T23:00:29.000Z</time>
      </trkpt>
      <trkpt lat="40.793317" lon="-73.974741">
        <ele>25.4</ele>
        <time>2026-06-16T23:00:30.000Z</time>
      </trkpt>
      <trkpt lat="40.79332" lon="-73.974749">
        <ele>25.4</ele>
        <time>2026-06-16T23:00:31.000Z</time>
      </trkpt>
      <trkpt lat="40.793323" lon="-73.974757">
        <ele>25.4</ele>
        <time>2026-06-16T23:00:32.000Z</time>
      </trkpt>
      <trkpt lat="40.793325" lon="-73.974763">
        <ele>25.4</ele>
        <time>2026-06-16T23:00:33.000Z</time>
      </trkpt>
      <trkpt lat="40.793328" lon="-73.974769">
        <ele>25.4</ele>
        <time>2026-06-16T23:00:34.000Z</time>
      </trkpt>
      <trkpt lat="40.793329" lon="-73.974774">
        <ele>25.6</ele>
        <time>2026-06-16T23:00:35.000Z</time>
      </trkpt>
      <trkpt lat="40.793331" lon="-73.974779">
        <ele>25.6</ele>
        <time>2026-06-16T23:00:36.000Z</time>
      </trkpt>
      <trkpt lat="40.793332" lon="-73.974784">
        <ele>25.6</ele>
        <time>2026-06-16T23:00:37.000Z</time>
      </trkpt>
      <trkpt lat="40.793333" lon="-73.974788">
        <ele>25.6</ele>
        <time>2026-06-16T23:00:38.000Z</time>
      </trkpt>
      <trkpt lat="40.793333" lon="-73.974791">
        <ele>25.6</ele>
        <time>2026-06-16T23:00:39.000Z</time>
      </trkpt>
      <trkpt lat="40.793333" lon="-73.974795">
        <ele>25.6</ele>
        <time>2026-06-16T23:00:40.000Z</time>
      </trkpt>
      <trkpt lat="40.793333" lon="-73.974797">
        <ele>25.8</ele>
        <time>2026-06-16T23:00:41.000Z</time>
      </trkpt>
      <trkpt lat="40.793332" lon="-73.9748">
        <ele>25.8</ele>
        <time>2026-06-16T23:00:42.000Z</time>
      </trkpt>
      <trkpt lat="40.793331" lon="-73.974803">
        <ele>25.8</ele>
        <time>2026-06-16T23:00:43.000Z</time>
      </trkpt>
      <trkpt lat="40.79333" lon="-73.974806">
        <ele>25.8</ele>
        <time>2026-06-16T23:00:44.000Z</time>
      </trkpt>
      <trkpt lat="40.793328" lon="-73.974808">
        <ele>26</ele>
        <time>2026-06-16T23:00:45.000Z</time>
      </trkpt>
      <trkpt lat="40.793326" lon="-73.974811">
        <ele>26</ele>
        <time>2026-06-16T23:00:46.000Z</time>
      </trkpt>
      <trkpt lat="40.793324" lon="-73.974813">
        <ele>26</ele>
        <time>2026-06-16T23:00:47.000Z</time>
      </trkpt>
      <trkpt lat="40.793321" lon="-73.974816">
        <ele>26</ele>
        <time>2026-06-16T23:00:48.000Z</time>
      </trkpt>
      <trkpt lat="40.793318" lon="-73.974818">
        <ele>26.2</ele>
        <time>2026-06-16T23:00:49.000Z</time>
      </trkpt>
      <trkpt lat="40.793315" lon="-73.974821">
        <ele>26.2</ele>
        <time>2026-06-16T23:00:50.000Z</time>
      </trkpt>
      <trkpt lat="40.793311" lon="-73.974823">
        <ele>26.2</ele>
        <time>2026-06-16T23:00:51.000Z</time>
      </trkpt>
      <trkpt lat="40.793308" lon="-73.974826">
        <ele>26.2</ele>
        <time>2026-06-16T23:00:52.000Z</time>
      </trkpt>
      <trkpt lat="40.793304" lon="-73.974828">
        <ele>26.2</ele>
        <time>2026-06-16T23:00:53.000Z</time>
      </trkpt>
      <trkpt lat="40.7933" lon="-73.974831">
        <ele>26</ele>
        <time>2026-06-16T23:00:54.000Z</time>
      </trkpt>
      <trkpt lat="40.793296" lon="-73.974833">
        <ele>25.8</ele>
        <time>2026-06-16T23:00:55.000Z</time>
      </trkpt>
      <trkpt lat="40.793292" lon="-73.974836">
        <ele>25.6</ele>
        <time>2026-06-16T23:00:56.000Z</time>
      </trkpt>
      <trkpt lat="40.793288" lon="-73.974838">
        <ele>25.2</ele>
        <time>2026-06-16T23:00:57.000Z</time>
      </trkpt>
      <trkpt lat="40.793285" lon="-73.97484">
        <ele>24.8</ele>
        <time>2026-06-16T23:00:58.000Z</time>
      </trkpt>
      <trkpt lat="40.793281" lon="-73.974843">
        <ele>24.2</ele>
        <time>2026-06-16T23:00:59.000Z</time>
      </trkpt>
      <trkpt lat="40.793281" lon="-73.974843">
        <ele>24.2</ele>
        <time>2026-06-16T23:01:01.000Z</time>
      </trkpt>
      <trkpt lat="40.793281" lon="-73.974843">
        <ele>24.2</ele>
        <time>2026-06-16T23:01:02.000Z</time>
      </trkpt>
      <trkpt lat="40.793281" lon="-73.974843">
        <ele>24.2</ele>
        <time>2026-06-16T23:01:03.000Z</time>
      </trkpt>
      <trkpt lat="40.793281" lon="-73.974843">
        <ele>24.2</ele>
        <time>2026-06-16T23:01:05.000Z</time>
      </trkpt>
      <trkpt lat="40.793281" lon="-73.974843">
        <ele>24.2</ele>
        <time>2026-06-16T23:01:06.000Z</time>
      </trkpt>
      <trkpt lat="40.793281" lon="-73.974843">
        <ele>24.2</ele>
        <time>2026-06-16T23:01:10.000Z</time>
      </trkpt>
      <trkpt lat="40.793281" lon="-73.974843">
        <ele>24.2</ele>
        <time>2026-06-16T23:01:17.000Z</time>
      </trkpt>
      <trkpt lat="40.793281" lon="-73.974843">
        <ele>24.2</ele>
        <time>2026-06-16T23:01:20.000Z</time>
      </trkpt>
      <trkpt lat="40.793281" lon="-73.974843">
        <ele>24.2</ele>
        <time>2026-06-16T23:01:25.000Z</time>
      </trkpt>
      <trkpt lat="40.793281" lon="-73.974843">
        <ele>24.2</ele>
        <time>2026-06-16T23:01:32.000Z</time>
      </trkpt>
      <trkpt lat="40.793281" lon="-73.974843">
        <ele>24.2</ele>
        <time>2026-06-16T23:01:34.000Z</time>
      </trkpt>
      <trkpt lat="40.793281" lon="-73.974843">
        <ele>24.2</ele>
        <time>2026-06-16T23:01:35.000Z</time>
      </trkpt>
      <trkpt lat="40.793281" lon="-73.974843">
        <ele>24.2</ele>
        <time>2026-06-16T23:01:39.000Z</time>
      </trkpt>
      <trkpt lat="40.793281" lon="-73.974843">
        <ele>24.2</ele>
        <time>2026-06-16T23:01:41.000Z</time>
      </trkpt>
    </trkseg>
  </trk>
</gpx>
